signal_date,exec_entry_date,exec_exit_date,ticker,side,entry_price,exit_price,position_return,holding_age,score,weight,contribution_return,contribution_pnl
2026-06-01,2026-06-02,2026-06-03,CRML,1,12.075603559255601,11.719414267015457,-0.02949660366807383,0,1.0,0.2,-0.005899320733614766,-5.899320733614766
2026-06-01,2026-06-02,2026-06-03,ONDS,1,13.62068088555336,12.959352038145065,-0.04855328841230888,0,0.9868995633187774,0.2,-0.009710657682461777,-9.710657682461777
2026-06-01,2026-06-02,2026-06-03,ACHR,1,6.800340190744401,6.599669904637337,-0.02950885992147656,0,0.982532751091703,0.2,-0.005901771984295312,-5.901771984295312
2026-06-01,2026-06-02,2026-06-03,QS,1,9.150457118511198,9.049547690725326,-0.011027801833171202,0,0.9790393013100436,0.2,-0.0022055603666342404,-2.2055603666342405
2026-06-01,2026-06-02,2026-06-03,RUN,1,15.390769843339921,15.229238042259217,-0.010495368504948699,0,0.977292576419214,0.2,-0.0020990737009897397,-2.0990737009897398
2026-06-02,2026-06-03,2026-06-04,CRML,1,11.720586267042162,10.739462771129608,-0.08370942148785132,1,1.0,0.16666666666666666,-0.01395157024797522,-13.587903253959245
2026-06-02,2026-06-03,2026-06-04,ONDS,1,12.960648038148882,11.479425542259216,-0.11428614460710429,1,0.9816593886462882,0.16666666666666666,-0.019047690767850713,-18.551186337068422
2026-06-02,2026-06-03,2026-06-04,ACHR,1,6.600329904627801,6.549672690725327,-0.007674951803084196,1,0.9868995633187772,0.16666666666666666,-0.001279158633847366,-1.2458155931019441
2026-06-02,2026-06-03,2026-06-04,QS,1,9.0504526907444,8.494575135564805,-0.06141986198635929,1,0.9746724890829694,0.16666666666666666,-0.010236643664393214,-9.969811374975267
2026-06-02,2026-06-03,2026-06-04,RUN,1,15.230761042213441,14.619268885564804,-0.04014849651661079,1,0.977292576419214,0.16666666666666666,-0.006691416086101798,-6.516995061766137
2026-06-02,2026-06-03,2026-06-04,FLNC,1,27.141356389617926,24.318783694839478,-0.10399527032695144,0,0.977292576419214,0.16666666666666666,-0.017332545054491905,-16.88074827129266
2026-06-03,2026-06-04,2026-06-05,CRML,1,10.74053677110672,10.599470381450654,-0.013134016731412457,2,1.0,0.14285714285714285,-0.0018762881044874938,-1.7020418419393812
2026-06-03,2026-06-04,2026-06-05,ONDS,1,11.480573542213442,11.419429076290129,-0.0053259069068708476,2,0.9816593886462882,0.14285714285714285,-0.0007608438438386925,-0.6901861469452591
2026-06-03,2026-06-04,2026-06-05,ACHR,1,6.550327690744401,6.2496875,-0.04589696957744638,2,0.9737991266375545,0.14285714285714285,-0.006556709939635197,-5.947804410222612
2026-06-03,2026-06-04,2026-06-05,QS,1,8.495424635553361,8.839558152580262,0.040508100747159936,2,0.9746724890829694,0.14285714285714285,0.005786871535308562,5.2494590055046695
2026-06-03,2026-06-04,2026-06-05,RUN,1,14.620730885553362,14.409279347419739,-0.014462446493872405,2,0.977292576419214,0.14285714285714285,-0.0020660637848389147,-1.874193521507195
2026-06-03,2026-06-04,2026-06-05,FLNC,1,24.321215694808963,26.31868369483948,0.08212862486379935,1,0.9720524017467249,0.14285714285714285,0.011732660694828478,10.643077346232117
2026-06-03,2026-06-04,2026-06-05,COMP,1,7.790389461851121,7.759612228870392,-0.0039506667967554865,0,0.9851528384279475,0.14285714285714285,-0.0005643809709650695,-0.5119682979812475
2026-06-04,2026-06-05,2026-06-08,CRML,1,10.600530381488802,10.009499728870392,-0.05575481899004786,3,1.0,0.1111111111111111,-0.006194979887783095,-5.651391741047899
2026-06-04,2026-06-05,2026-06-08,ONDS,1,11.42057107629776,10.829458423709871,-0.05175858970964098,3,0.9816593886462882,0.1111111111111111,-0.005750954412182331,-5.246327971499002
2026-06-04,2026-06-05,2026-06-08,ACHR,1,6.250312500000001,5.664716711854934,-0.09369064157113205,3,0.976419213973799,0.1111111111111111,-0.010410071285681338,-9.496623387533306
2026-06-04,2026-06-05,2026-06-08,QS,1,8.840442152595521,7.869606385564804,-0.10981755779553215,3,0.9746724890829694,0.1111111111111111,-0.012201950866170238,-11.131271706908432
2026-06-04,2026-06-05,2026-06-08,RUN,1,14.410720347404482,13.754312364435195,-0.045549977179837,3,0.977292576419214,0.1111111111111111,-0.005061108575537444,-4.617013730866928
2026-06-04,2026-06-05,2026-06-08,FLNC,1,26.321315694808963,23.878805160808565,-0.09279591348399441,2,0.9720524017467249,0.1111111111111111,-0.010310657053777155,-9.40593241204945
2026-06-04,2026-06-05,2026-06-08,COMP,1,7.760388228893281,7.689615557217598,-0.009119733393257778,1,0.9851528384279475,0.1111111111111111,-0.0010133037103619753,-0.9243898000711902
2026-06-04,2026-06-05,2026-06-08,QUBT,1,10.9005446185112,10.299485190725326,-0.05514031168361633,0,0.976419213973799,0.1111111111111111,-0.006126701298179591,-5.5891043624986
2026-06-04,2026-06-05,2026-06-08,EOSE,1,7.820391171669961,7.324633559274673,-0.0633929430782455,0,0.9694323144104804,0.1111111111111111,-0.007043660342027277,-6.425603408685888
2026-06-05,2026-06-08,2026-06-09,CRML,1,10.01050072889328,10.109494156694412,0.009888958652728208,4,1.0,0.1111111111111111,0.0010987731836364675,0.9379947147439343
2026-06-05,2026-06-08,2026-06-09,ONDS,1,10.830541423702243,10.334483288145066,-0.045801785538770234,4,0.9868995633187774,0.1111111111111111,-0.005089087282085581,-4.344424349408029
2026-06-05,2026-06-08,2026-06-09,ACHR,1,5.66528321185112,5.769711480927468,0.01843301829251809,4,0.976419213973799,0.1111111111111111,0.002048113143613121,1.7484220879404897
2026-06-05,2026-06-08,2026-06-09,QS,1,7.870393385553361,7.709614538145066,-0.020428311461967774,4,0.9746724890829694,0.1111111111111111,-0.002269812384663086,-1.9376810901299815
2026-06-05,2026-06-08,2026-06-09,RUN,1,13.755687864446642,13.479325542259216,-0.020090767172881274,4,0.977292576419214,0.1111111111111111,-0.0022323074636534748,-1.9056640931666269
2026-06-05,2026-06-08,2026-06-09,FLNC,1,23.881193160724642,24.298784237098694,0.017486189804822194,3,0.9720524017467249,0.1111111111111111,0.0019429099783135771,1.6586128220292886
2026-06-05,2026-06-08,2026-06-09,COMP,1,7.690384557223321,7.509624728870392,-0.023504654027105443,2,0.9851528384279475,0.1111111111111111,-0.002611628225233938,-2.22948057763667
2026-06-05,2026-06-08,2026-06-09,QUBT,1,10.3005151907444,10.369481385564804,0.006695412175341753,1,0.977292576419214,0.1111111111111111,0.0007439346861490836,0.6350781163161328
2026-06-05,2026-06-08,2026-06-09,EOSE,1,7.325366059255601,6.764661616492272,-0.07654285645628311,1,0.9860262008733625,0.1111111111111111,-0.008504761828475902,-7.260298816962854
2026-06-08,2026-06-09,2026-06-10,CRML,1,10.11050515666008,9.259537228870393,-0.08416670726181574,5,1.0,0.1,-0.008416670726181574,-7.078227502388726
2026-06-08,2026-06-09,2026-06-10,ONDS,1,10.335516788148881,9.689515080404282,-0.06250308726558607,5,0.988646288209607,0.1,-0.006250308726558607,-5.256366628330539
2026-06-08,2026-06-09,2026-06-10,ACHR,1,5.770288480925561,5.269736480927468,-0.0867464428603063,5,0.9755458515283842,0.1,-0.00867464428603063,-7.295177363636431
2026-06-08,2026-06-09,2026-06-10,QS,1,7.710385538148881,7.174641440725327,-0.06948343824998615,5,0.9746724890829694,0.1,-0.0069483438249986155,-5.843398174668841
2026-06-08,2026-06-09,2026-06-10,RUN,1,13.480673542213442,12.309384919595718,-0.08688650600060488,5,0.977292576419214,0.1,-0.008688650600060488,-7.306956353262916
2026-06-08,2026-06-09,2026-06-10,FLNC,1,24.301214237022403,23.9988,-0.012444408500447812,4,0.9720524017467249,0.1,-0.0012444408500447814,-1.0465462813559698
2026-06-08,2026-06-09,2026-06-10,COMP,1,7.510375728893281,8.149592118549347,0.08511110665168542,3,0.9851528384279475,0.1,0.008511110665168542,7.157649330235939
2026-06-08,2026-06-09,2026-06-10,QUBT,1,10.37051838555336,9.389530843305588,-0.09459387715992451,2,0.977292576419214,0.1,-0.009459387715992452,-7.955128632847435
2026-06-08,2026-06-09,2026-06-10,EOSE,1,6.765338116478921,6.154692459797859,-0.09026092209547643,2,0.9860262008733625,0.1,-0.009026092209547643,-7.590737025980986
2026-06-08,2026-06-09,2026-06-10,UUUU,1,15.440771580362322,14.149292118549345,-0.08364086309362206,0,0.9799126637554585,0.1,-0.008364086309362207,-7.0340052110057325
2026-06-09,2026-06-10,2026-06-11,CRML,1,9.26046322889328,9.119543885564804,-0.015217310392076189,6,1.0,0.09090909090909091,-0.0013833918538251081,-1.0952122076578508
2026-06-09,2026-06-10,2026-06-11,ONDS,1,9.690484080362321,9.324533559274673,-0.037763905090071104,6,0.9877729257641921,0.09090909090909091,-0.0034330822809155548,-2.717923785336904
2026-06-09,2026-06-10,2026-06-11,ACHR,1,5.270263480925561,5.029748709797859,-0.04563619485025483,6,0.9755458515283842,0.09090909090909091,-0.004148744986386803,-3.284504056451213
2026-06-09,2026-06-10,2026-06-11,QS,1,7.175358940744401,7.009649728870392,-0.02309420521572081,6,0.9746724890829694,0.09090909090909091,-0.0020994732014291643,-1.6621239119616955
2026-06-09,2026-06-10,2026-06-11,RUN,1,12.310615919637682,12.019399457740784,-0.02365571826770707,6,0.977292576419214,0.09090909090909091,-0.0021505198425188247,-1.7025368320802732
2026-06-09,2026-06-10,2026-06-11,FLNC,1,24.001200000000004,21.758912228870397,-0.09342398593110379,5,0.9720524017467249,0.09090909090909091,-0.008493089630100346,-6.723861657778815
2026-06-09,2026-06-10,2026-06-11,COMP,1,8.1504071185112,7.909604347419739,-0.029544876420289468,4,0.9851528384279475,0.09090909090909091,-0.0026858978563899516,-2.1263882049808687
2026-06-09,2026-06-10,2026-06-11,QUBT,1,9.390469843339922,9.479525542259216,0.009483625463368561,3,0.9790393013100437,0.09090909090909091,0.000862147769397142,0.6825504713201153
2026-06-09,2026-06-10,2026-06-11,EOSE,1,6.155307959818841,6.0796959237098696,-0.012284037874718545,3,0.9807860262008734,0.09090909090909091,-0.0011167307158835042,-0.884100270881548
2026-06-09,2026-06-10,2026-06-11,UUUU,1,14.1507071185112,14.119293885564804,-0.0022199055272158486,1,0.9799126637554585,0.09090909090909091,-0.00020180959338325896,-0.15976986541063926
2026-06-09,2026-06-10,2026-06-11,OSCR,1,28.801439237022404,27.478625542259216,-0.04592873584813062,0,0.9868995633187772,0.09090909090909091,-0.004175339622557329,-3.305558662282267
2026-06-10,2026-06-11,2026-06-12,CRML,1,9.12045588555336,9.799510190725327,0.0744539871353993,7,1.0,0.09090909090909091,0.006768544285036301,5.202757736100929
2026-06-10,2026-06-11,2026-06-12,ONDS,1,9.325466059255602,9.794510326290128,0.050297139473152175,7,0.9912663755458515,0.09090909090909091,0.004572467224832016,3.514705411569178
2026-06-10,2026-06-11,2026-06-12,ACHR,1,5.030251709818841,5.299735190725326,0.053572563850128097,7,0.9755458515283842,0.09090909090909091,0.004870233077284372,3.7435882447388034
2026-06-10,2026-06-11,2026-06-12,QS,1,7.010350728893281,7.219638790202141,0.029854149871029412,7,0.9746724890829694,0.09090909090909091,0.0027140136246390375,2.0861731543503295
2026-06-10,2026-06-11,2026-06-12,RUN,1,12.020601457786562,12.639368343305588,0.05147553453893172,7,0.977292576419214,0.09090909090909091,0.004679594048993793,3.5970502836244282
2026-06-10,2026-06-11,2026-06-12,FLNC,1,21.761088228893286,24.298784237098694,0.1166162271625728,6,0.9720524017467249,0.09090909090909091,0.010601475196597527,8.149005867497857
2026-06-10,2026-06-11,2026-06-12,COMP,1,7.910395347404481,8.549572690725327,0.08080219954247547,5,0.9851528384279475,0.09090909090909091,0.007345654503861407,5.64636341098928
2026-06-10,2026-06-11,2026-06-12,QUBT,1,9.48047354221344,10.009499728870392,0.055801662680811326,4,0.9790393013100437,0.09090909090909091,0.005072878425528302,3.899355069754903
2026-06-10,2026-06-11,2026-06-12,EOSE,1,6.080303923702241,6.299685190725326,0.03608064165475233,4,0.9877729257641921,0.09090909090909091,0.003280058332250212,2.521273134122011
2026-06-10,2026-06-11,2026-06-12,UUUU,1,14.120705885553361,14.979250542259216,0.06080040641482487,2,0.9799126637554585,0.09090909090909091,0.005527309674074989,4.248661448547341
2026-06-10,2026-06-11,2026-06-12,OSCR,1,27.481373542213444,28.628567660808564,0.041744424340105946,1,0.9799126637554585,0.09090909090909091,0.0037949476672823586,2.9170516587593807
2026-06-11,2026-06-12,2026-06-15,CRML,1,9.800490190744402,10.32948342370987,0.0539762014623566,8,1.0,0.09090909090909091,0.004906927405668782,3.995186675579606
2026-06-11,2026-06-12,2026-06-15,ONDS,1,9.795489826297759,9.849507881450656,0.005514584376155929,8,0.9930131004366812,0.09090909090909091,0.0005013258523778117,0.40817607434533487
2026-06-11,2026-06-12,2026-06-15,ACHR,1,5.3002651907444,5.329733423709869,0.005559765767367164,8,0.9755458515283842,0.09090909090909091,0.0005054332515788331,0.4115202906343815
2026-06-11,2026-06-12,2026-06-15,QS,1,7.220360790181161,7.489625271129608,0.03729238590329387,8,0.9746724890829694,0.09090909090909091,0.003390216900299443,2.760291373325319
2026-06-11,2026-06-12,2026-06-15,RUN,1,12.640632343339922,13.239337771129609,0.047363566278006086,8,0.977292576419214,0.09090909090909091,0.004305778752546008,3.5057355607691156
2026-06-11,2026-06-12,2026-06-15,FLNC,1,24.301214237022403,24.71876331338882,0.017182230990346437,7,0.9816593886462881,0.09090909090909091,0.0015620209991224034,1.2717867958388558
2026-06-11,2026-06-12,2026-06-15,COMP,1,8.550427690744401,8.939552580404282,0.04550940651554747,6,0.9851528384279475,0.09090909090909091,0.004137218774140679,3.3684951811818875
2026-06-11,2026-06-12,2026-06-15,QUBT,1,10.01050072889328,10.739462771129608,0.07281973819075072,5,0.9790393013100437,0.09090909090909091,0.006619976199159156,5.389939266878168
2026-06-11,2026-06-12,2026-06-15,EOSE,1,6.300315190744401,6.419679076290131,0.018945700640673246,5,0.9790393013100436,0.09090909090909091,0.0017223364218793861,1.4023145147019218
2026-06-11,2026-06-12,2026-06-15,UUUU,1,14.980748542213442,16.009199728870392,0.06865152190218882,3,0.9799126637554585,0.09090909090909091,0.006241047445653529,5.081418071873178
2026-06-11,2026-06-12,2026-06-15,OSCR,1,28.631430660724643,28.06859619483948,-0.01965792322970561,2,0.9903930131004367,0.09090909090909091,-0.0017870839299732374,-1.4550314921967786
2026-06-12,2026-06-15,2026-06-16,CRML,1,10.330516423702242,10.259487228870391,-0.006875667383760442,9,1.0,0.09090909090909091,-0.0006250606712509493,-0.5252590972774371
2026-06-12,2026-06-15,2026-06-16,ONDS,1,9.850492881488803,9.409529347419738,-0.04476563146375445,9,0.9930131004366812,0.09090909090909091,-0.004069602860341314,-3.4198215037630373
2026-06-12,2026-06-15,2026-06-16,ACHR,1,5.33026642370224,5.499725,0.03179176476887213,9,0.9755458515283842,0.09090909090909091,0.0028901604335338305,2.428697133138723
2026-06-12,2026-06-15,2026-06-16,QS,1,7.490374271106721,7.099644904637337,-0.05216419798628469,9,0.9746724890829694,0.09090909090909091,-0.004742199816934972,-3.9850269094157285
2026-06-12,2026-06-15,2026-06-16,RUN,1,13.240661771106721,12.434378669595718,-0.06089447154903116,9,0.977292576419214,0.09090909090909091,-0.005535861049911924,-4.651966619353427
2026-06-12,2026-06-15,2026-06-16,FLNC,1,24.721235313320157,24.198790762901307,-0.021133432200993174,8,0.9720524017467249,0.09090909090909091,-0.0019212211091811978,-1.6144654621434718
2026-06-12,2026-06-15,2026-06-16,COMP,1,8.940446580362321,9.139543343305588,0.0222692190097733,7,0.9851528384279475,0.09090909090909091,0.0020244744554339363,1.7012326544146583
2026-06-12,2026-06-15,2026-06-16,QUBT,1,10.74053677110672,10.834458288145065,0.008744583165620101,6,0.9746724890829694,0.09090909090909091,0.0007949621059654638,0.668032876414244
2026-06-12,2026-06-15,2026-06-16,EOSE,1,6.4203210762977605,7.1146440211296085,0.10814458289245321,6,0.9895196506550219,0.09090909090909091,0.009831325717495747,8.261587248926478
2026-06-12,2026-06-15,2026-06-16,UUUU,1,16.010800728893283,15.829208423709872,-0.01134186279988525,4,0.9799126637554585,0.09090909090909091,-0.0010310784363532046,-0.8664492162292529
2026-06-12,2026-06-15,2026-06-16,OSCR,1,28.071403194808962,29.188541034030916,0.03979629487949987,3,0.993886462882096,0.09090909090909091,0.003617844989045443,3.04019446501502
2026-06-15,2026-06-16,2026-06-17,CRML,1,10.26051322889328,9.699514809274673,-0.05467547354637725,10,1.0,0.1,-0.005467547354637725,-4.600228878322351
2026-06-15,2026-06-16,2026-06-17,ONDS,1,9.41047034740448,9.244537635564804,-0.017632775590801675,10,0.9834061135371178,0.1,-0.0017632775590801675,-1.483568375662618
2026-06-15,2026-06-16,2026-06-17,ACHR,1,5.500275,5.379731114435196,-0.021915974303976515,10,0.9903930131004367,0.1,-0.0021915974303976515,-1.8439437530286102
2026-06-15,2026-06-16,2026-06-17,QS,1,7.1003549046278005,6.964651902580261,-0.019112143529486425,10,0.9746724890829694,0.1,-0.0019112143529486426,-1.6080379169722006
2026-06-15,2026-06-16,2026-06-17,FLNC,1,24.201210762977603,23.91880407629013,-0.011669113973400536,9,0.9720524017467249,0.1,-0.0011669113973400535,-0.98180393516553
2026-06-15,2026-06-16,2026-06-17,QUBT,1,10.83554178814888,10.309484919595718,-0.048549198446959485,7,0.9746724890829694,0.1,-0.004854919844695949,-4.08478263156998
2026-06-15,2026-06-16,2026-06-17,EOSE,1,7.1153555211067205,7.049647690725327,-0.009234651759350676,7,0.9842794759825326,0.1,-0.0009234651759350677,-0.77697565195446
2026-06-15,2026-06-16,2026-06-17,UUUU,1,15.830791423702243,15.599220381450655,-0.014627887896045078,5,0.9799126637554585,0.1,-0.0014627887896045079,-1.2307462187990001
2026-06-15,2026-06-16,2026-06-17,OSCR,1,29.191460034084322,28.313584784030915,-0.03007301618447278,4,0.993886462882096,0.1,-0.003007301618447278,-2.5302525709762897
2026-06-15,2026-06-16,2026-06-17,LUMN,1,8.580428923702241,8.409579347419738,-0.019911542628195944,0,0.982532751091703,0.1,-0.0019911542628195944,-1.6752969378944262
2026-06-16,2026-06-17,2026-06-18,CRML,1,9.7004848092556,10.299485190725326,0.06174953038411002,11,0.9982532751091703,0.1,0.006174953038411002,5.066103719308108
2026-06-16,2026-06-17,2026-06-18,ONDS,1,9.24546213555336,9.409529347419738,0.0177457015626572,11,0.9807860262008734,0.1,0.0017745701562657203,1.4559068567660507
2026-06-16,2026-06-17,2026-06-18,ACHR,1,5.380269114446641,5.449727309274674,0.012909799370728336,11,0.9903930131004367,0.1,0.0012909799370728336,1.0591559514823172
2026-06-16,2026-06-17,2026-06-18,QS,1,6.965348402595521,7.7496125000000005,0.11259509963812242,11,0.9746724890829694,0.1,0.011259509963812243,9.2376160515602
2026-06-16,2026-06-17,2026-06-18,FLNC,1,23.92119607629776,24.228788042259218,0.012858552932736966,10,0.9816593886462881,0.1,0.0012858552932736968,1.054951550760653
2026-06-16,2026-06-17,2026-06-18,QUBT,1,10.31051591963768,10.229488042259216,-0.007858760707030732,8,0.976419213973799,0.1,-0.0007858760707030732,-0.6447546499444463
2026-06-16,2026-06-17,2026-06-18,EOSE,1,7.0503526907444005,8.039597961854934,0.14031145880250784,8,0.9842794759825326,0.1,0.014031145880250784,11.511543470520863
2026-06-16,2026-06-17,2026-06-18,UUUU,1,15.600780381488804,17.919104076290132,0.1486030594695218,6,0.9799126637554585,0.1,0.01486030594695218,12.191809518163332
2026-06-16,2026-06-17,2026-06-18,OSCR,1,28.316416284084323,28.56857119483948,0.008904901956003686,5,0.9973799126637555,0.1,0.0008904901956003687,0.7305829961581906
2026-06-16,2026-06-17,2026-06-18,LUMN,1,8.41042034740448,8.269586957740783,-0.016745107122637437,1,0.982532751091703,0.1,-0.0016745107122637438,-1.3738152978089064
2026-06-17,2026-06-18,2026-06-22,CRML,1,10.3005151907444,10.354481792259216,0.005239213817509691,12,0.9982532751091703,0.1,0.0005239213817509692,0.450948037088852
2026-06-17,2026-06-18,2026-06-22,ONDS,1,9.41047034740448,9.354531792259216,-0.005944288976022616,12,0.976419213973799,0.1,-0.0005944288976022617,-0.5116350542265958
2026-06-17,2026-06-18,2026-06-22,ACHR,1,5.450272309255601,5.4897252711296085,0.007238713890865389,12,0.9903930131004367,0.1,0.000723871389086539,0.6230484064659031
2026-06-17,2026-06-18,2026-06-22,QS,1,7.7503875,7.859607133507729,0.014092151328914726,12,0.9746724890829694,0.1,0.0014092151328914727,1.21293541387737
2026-06-17,2026-06-18,2026-06-22,FLNC,1,24.23121104221344,25.048746737098693,0.033738953181539966,11,0.9834061135371178,0.1,0.0033738953181539967,2.9039690382172463
2026-06-17,2026-06-18,2026-06-22,QUBT,1,10.230511042213442,10.549472690725327,0.03117748929606523,9,0.977292576419214,0.1,0.0031177489296065233,2.6834994884980765
2026-06-17,2026-06-18,2026-06-22,EOSE,1,8.04040196185112,7.669616576290131,-0.04611527972360541,9,0.9842794759825326,0.1,-0.004611527972360541,-3.969220496720972
2026-06-17,2026-06-18,2026-06-22,UUUU,1,17.920896076297762,16.849157881450655,-0.05980382846282961,7,0.9799126637554585,0.1,-0.0059803828462829615,-5.147417149798648
2026-06-17,2026-06-18,2026-06-22,OSCR,1,28.571428194808963,28.31858369483948,-0.008849557615584036,6,0.9973799126637555,0.1,-0.0008849557615584037,-0.7616964634112189
2026-06-17,2026-06-18,2026-06-22,LUMN,1,8.27041395778656,8.269586957740783,-9.999500025015262e-05,2,0.982532751091703,0.1,-9.999500025015263e-06,-0.008606739608680263
2026-06-18,2026-06-22,2026-06-23,CRML,1,10.355517292213442,9.729513042259216,-0.060451277545056414,13,1.0,0.1,-0.006045127754505642,-5.187885229126548
2026-06-18,2026-06-22,2026-06-23,ONDS,1,9.35546729221344,8.684566169595719,-0.07171219797605544,13,0.9895196506550219,0.1,-0.007171219797605544,-6.154289334098629
2026-06-18,2026-06-22,2026-06-23,ACHR,1,5.4902742711067205,5.229738519072533,-0.047454050411523285,13,0.9903930131004367,0.1,-0.004745405041152329,-4.072472529777013
2026-06-18,2026-06-22,2026-06-23,QS,1,7.860393133521081,7.234638383507729,-0.07960858183349451,13,0.9746724890829694,0.1,-0.007960858183349451,-6.83195132638636
2026-06-18,2026-06-22,2026-06-23,FLNC,1,25.0512517370224,23.308833965969086,-0.06955412006332018,12,0.982532751091703,0.1,-0.0069554120063320185,-5.969084637333721
2026-06-18,2026-06-22,2026-06-23,QUBT,1,10.550527690744401,10.389480843305588,-0.015264340529629994,10,0.977292576419214,0.1,-0.0015264340529629996,-1.3099747429986468
2026-06-18,2026-06-22,2026-06-23,EOSE,1,7.670383576297761,6.879656114435196,-0.10308838586716706,10,0.9851528384279477,0.1,-0.010308838586716707,-8.846971247814592
2026-06-18,2026-06-22,2026-06-23,UUUU,1,16.850842881488802,15.559222419595718,-0.07665019910143311,8,0.9799126637554585,0.1,-0.007665019910143312,-6.57806504472217
2026-06-18,2026-06-22,2026-06-23,OSCR,1,28.321415694808962,28.198590762901308,-0.00433682176170902,7,0.9903930131004366,0.1,-0.000433682176170902,-0.3721829293376896
2026-06-18,2026-06-22,2026-06-23,LUMN,1,8.27041395778656,7.8396081525802614,-0.05208999300460615,3,0.982532751091703,0.1,-0.005208999300460615,-4.470325794065883
2026-06-22,2026-06-23,2026-06-24,CRML,1,9.73048604221344,9.549522690725327,-0.018597565497041613,14,0.9965065502183406,0.09090909090909091,-0.0016906877724583284,-1.3667513464189984
2026-06-22,2026-06-23,2026-06-24,ONDS,1,8.685434669637681,8.479575542259216,-0.023701649394485935,14,0.9851528384279475,0.09090909090909091,-0.0021546953994987213,-1.7418549340459522
2026-06-22,2026-06-23,2026-06-24,ACHR,1,5.230261519074441,5.209739538145065,-0.003923700727876289,14,0.9842794759825328,0.09090909090909091,-0.00035670006617057173,-0.28835619660128053
2026-06-22,2026-06-23,2026-06-24,QS,1,7.2353618835210805,7.389630366492272,0.021321460550929094,14,0.9746724890829694,0.09090909090909091,0.0019383145955390087,1.5669327751655182
2026-06-22,2026-06-23,2026-06-24,FLNC,1,23.311164965915683,21.438928534030914,-0.08031500933660973,13,0.982532751091703,0.09090909090909091,-0.007301364485146339,-5.902420247743041
2026-06-22,2026-06-23,2026-06-24,QUBT,1,10.390519843339922,10.269486957740783,-0.011648395597523176,11,0.977292576419214,0.09090909090909091,-0.0010589450543202887,-0.8560507755205091
2026-06-22,2026-06-23,2026-06-24,EOSE,1,6.880344114446641,6.514674116492271,-0.05314705076837267,11,0.9973799126637555,0.09090909090909091,-0.004831550069852061,-3.9058232222613847
2026-06-22,2026-06-23,2026-06-24,UUUU,1,15.560778419637682,15.049247690725327,-0.032873080967903534,9,0.9799126637554585,0.09090909090909091,-0.0029884619061730485,-2.415871458066379
2026-06-22,2026-06-23,2026-06-24,OSCR,1,28.201410762977602,29.9985,0.06372338079560147,8,0.9903930131004366,0.09090909090909091,0.005793034617781952,4.683086961818376
2026-06-22,2026-06-23,2026-06-24,LUMN,1,7.840392152595521,7.769611480927467,-0.009027695335956154,4,0.982532751091703,0.09090909090909091,-0.000820699575996014,-0.6634532222747832
2026-06-22,2026-06-23,2026-06-24,RCAT,1,10.350517881488804,10.099495381450655,-0.024252168143884423,0,0.9799126637554585,0.09090909090909091,-0.0022047425585349474,-1.7823130382042074
2026-06-23,2026-06-24,2026-06-25,CRML,1,9.550477690744401,9.449527309274673,-0.010570191852032895,15,0.9982532751091703,0.08333333333333333,-0.0008808493210027413,-0.7008797560635575
2026-06-23,2026-06-24,2026-06-25,ONDS,1,8.48042354221344,7.934603192782402,-0.06436239259915266,15,0.993886462882096,0.08333333333333333,-0.005363532716596055,-4.2676896177513814
2026-06-23,2026-06-24,2026-06-25,ACHR,1,5.210260538148881,5.099744904637337,-0.021211153012860362,15,0.9799126637554585,0.08333333333333333,-0.00176759608440503,-1.4064520263765308
2026-06-23,2026-06-24,2026-06-25,QS,1,7.390369366478921,7.214639402580262,-0.02377823829695591,15,0.9746724890829694,0.08333333333333333,-0.001981519858079659,-1.576668246942594
2026-06-23,2026-06-24,2026-06-25,FLNC,1,21.441072534084324,20.118994839191437,-0.06166098700478784,14,0.982532751091703,0.08333333333333333,-0.00513841558373232,-4.0885669943864125
2026-06-23,2026-06-24,2026-06-25,QUBT,1,10.27051395778656,10.049497690725326,-0.021519494347570722,12,0.977292576419214,0.08333333333333333,-0.0017932911956308935,-1.4268972749095123
2026-06-23,2026-06-24,2026-06-25,EOSE,1,6.515325616478921,6.149692595362663,-0.05611891755516851,12,0.9973799126637555,0.08333333333333333,-0.004676576462930709,-3.7210879232104777
2026-06-23,2026-06-24,2026-06-25,UUUU,1,15.050752690744401,15.269236957740784,0.014516501033914553,10,0.9799126637554585,0.08333333333333333,0.0012097084194928793,0.9625484424475843
2026-06-23,2026-06-24,2026-06-25,OSCR,1,30.001500000000004,29.058546465969087,-0.0314302129570494,9,0.994759825327511,0.08333333333333333,-0.0026191844130874498,-2.0840492110959925
2026-06-23,2026-06-24,2026-06-25,LUMN,1,7.770388480925561,8.099595381450653,0.04236685222794412,5,0.982532751091703,0.08333333333333333,0.003530571018995343,2.809227067055684
2026-06-23,2026-06-24,2026-06-25,RCAT,1,10.100505381488803,9.669516576290128,-0.042670023817674374,1,0.9799126637554585,0.08333333333333333,-0.003555835318139531,-2.82932952430812
2026-06-23,2026-06-24,2026-06-25,LUNR,1,20.99305017986298,19.2490375,-0.08307571624517318,0,0.9720524017467249,0.08333333333333333,-0.006922976353764432,-5.508517589065714
2026-06-24,2026-06-25,2026-06-26,CRML,1,9.4504723092556,9.139543343305588,-0.03290089169887256,16,1.0,0.08333333333333333,-0.0027417409749060464,-2.116098096996207
2026-06-24,2026-06-25,2026-06-26,ONDS,1,7.935396692776681,7.514624116492271,-0.05302476896554209,16,0.9895196506550219,0.08333333333333333,-0.0044187307471285076,-3.4104125118740236
2026-06-24,2026-06-25,2026-06-26,ACHR,1,5.100254904627801,4.709764538145065,-0.07656291181219543,16,0.9799126637554585,0.08333333333333333,-0.0063802426510162855,-4.924323433818272
2026-06-24,2026-06-25,2026-06-26,QS,1,7.2153609025955205,6.949652309274674,-0.03682540581237814,16,0.9746724890829694,0.08333333333333333,-0.0030687838176981785,-2.368512436499003
2026-06-24,2026-06-25,2026-06-26,FLNC,1,20.121006839275363,18.91905407629013,-0.059736213629184354,15,0.982532751091703,0.08333333333333333,-0.004978017802432029,-3.842074833090546
2026-06-24,2026-06-25,2026-06-26,QUBT,1,10.050502690744402,8.949552309274674,-0.10954182246860178,13,0.9790393013100436,0.08333333333333333,-0.009128485205716814,-7.045439503247503
2026-06-24,2026-06-25,2026-06-26,EOSE,1,6.150307595372201,5.909704347419739,-0.03912052270905997,13,0.9956331877729258,0.08333333333333333,-0.0032600435590883305,-2.5161282683707777
2026-06-24,2026-06-25,2026-06-26,UUUU,1,15.270763957786562,14.17929130516052,-0.07147465939773756,11,0.9799126637554585,0.08333333333333333,-0.00595622161647813,-4.597060533170517
2026-06-24,2026-06-25,2026-06-26,OSCR,1,29.061452465915682,28.508574728870396,-0.019024435812137086,10,0.988646288209607,0.08333333333333333,-0.0015853696510114237,-1.2236012563717025
2026-06-24,2026-06-25,2026-06-26,LUMN,1,8.100405381488802,8.179591305160523,0.00977555072153291,6,0.982532751091703,0.08333333333333333,0.0008146292267944092,0.6287374964865939
2026-06-24,2026-06-25,2026-06-26,RCAT,1,9.670483576297759,8.929553805160522,-0.0766176546696431,2,0.9799126637554585,0.08333333333333333,-0.0063848045558035915,-4.927844349224742
2026-06-24,2026-06-25,2026-06-26,LUNR,1,19.250962500000004,18.569071194839477,-0.035421153885709655,1,0.9720524017467249,0.08333333333333333,-0.002951762823809138,-2.2781946768187
2026-06-25,2026-06-26,2026-06-29,CRML,1,9.140457343339921,9.854506792259217,0.07811966317413854,17,1.0,0.09090909090909091,0.007101787561285322,5.206939894505391
2026-06-25,2026-06-26,2026-06-29,ONDS,1,7.515375616478921,8.139593343305588,0.08305875297276533,17,0.9929824561403509,0.09090909090909091,0.007550795724796848,5.536146942642385
2026-06-25,2026-06-26,2026-06-29,QS,1,6.9503473092556005,7.269636480927467,0.04593859234151898,17,0.9746724890829694,0.09090909090909091,0.004176235667410816,3.0619626281192387
2026-06-25,2026-06-26,2026-06-29,FLNC,1,18.920946076297763,19.13904238967896,0.011526712908632275,16,0.9842105263157894,0.09090909090909091,0.0010478829916938431,0.7682944198399574
2026-06-25,2026-06-26,2026-06-29,QUBT,1,8.950447309255601,9.344533017015458,0.044029722106998515,14,0.9790393013100436,0.09090909090909091,0.004002702009727138,2.9347299676890173
2026-06-25,2026-06-26,2026-06-29,EOSE,1,5.910295347404481,6.019698980927467,0.018510688060797476,14,0.993859649122807,0.09090909090909091,0.0016827898237088614,1.2337999963422637
2026-06-25,2026-06-26,2026-06-29,UUUU,1,14.180709305191039,14.349282881450655,0.011887527812019183,12,0.9799126637554585,0.09090909090909091,0.0010806843465471984,0.7923439540883253
2026-06-25,2026-06-26,2026-06-29,OSCR,1,28.511425728893286,29.598520381450655,0.038128386243965195,11,0.988646288209607,0.09090909090909091,0.0034662169312695635,2.541385963278665
2026-06-25,2026-06-26,2026-06-29,LUMN,1,8.180409305191041,8.069596194839477,-0.013546157193044861,7,0.982532751091703,0.09090909090909091,-0.001231468835731351,-0.9028972148596857
2026-06-25,2026-06-26,2026-06-29,RCAT,1,8.93044680519104,9.809509919595719,0.09843439343860161,3,0.974561403508772,0.09090909090909091,0.008948581221691055,6.560985408300774
2026-06-25,2026-06-26,2026-06-29,LUNR,1,18.57092819480896,20.938953534030915,0.1275124923418678,2,0.974561403508772,0.09090909090909091,0.011592044758351617,8.499139095654531
2026-06-26,2026-06-29,2026-06-30,CRML,1,9.855492292213441,10.359481656694411,0.051137918790638004,18,0.9964912280701754,0.09090909090909091,0.004648901708239819,3.5767877740313563
2026-06-26,2026-06-29,2026-06-30,ONDS,1,8.140407343339922,8.469576767015457,0.04043648060742888,18,0.986842105263158,0.09090909090909091,0.0036760436915844437,2.82828697142806
2026-06-26,2026-06-29,2026-06-30,QS,1,7.27036348092556,7.459627038145065,0.026032200139106454,18,0.9746724890829694,0.09090909090909091,0.0023665636490096775,1.8207947720731177
2026-06-26,2026-06-29,2026-06-30,FLNC,1,19.140956389617926,19.789011415481568,0.03385698251813296,17,0.9956140350877193,0.09090909090909091,0.003077907501648451,2.368090919621496
2026-06-26,2026-06-29,2026-06-30,QUBT,1,9.345467517042161,9.689515080404282,0.036814376887483125,15,0.9842105263157894,0.09090909090909091,0.0033467615352257385,2.5749427484295424
2026-06-26,2026-06-29,2026-06-30,EOSE,1,6.020300980925561,5.989700271129609,-0.005082920254802281,15,0.9868421052631579,0.09090909090909091,-0.0004620836595274801,-0.35551949421691204
2026-06-26,2026-06-29,2026-06-30,UUUU,1,14.350717881488803,14.369281385564804,0.001293559265069577,13,0.9799126637554585,0.09090909090909091,0.00011759629682450701,0.09047663795682064
2026-06-26,2026-06-29,2026-06-30,OSCR,1,29.601480381488802,29.258537228870395,-0.011585337901980908,12,0.988646288209607,0.09090909090909091,-0.001053212536543719,-0.8103242358274003
2026-06-26,2026-06-29,2026-06-30,LUMN,1,8.07040319480896,7.849607404637337,-0.027358706230891205,8,0.982532751091703,0.09090909090909091,-0.0024871551118992004,-1.91357584106223
2026-06-26,2026-06-29,2026-06-30,RCAT,1,9.810490919637681,10.769461957740784,0.09774954647616352,4,0.974561403508772,0.09090909090909091,0.008886322406923957,6.836988892419677
2026-06-26,2026-06-29,2026-06-30,LUNR,1,20.941047534084323,20.858957610321042,-0.00392004858542383,3,0.974561403508772,0.09090909090909091,-0.0003563680532203482,-0.27418366225181173
2026-06-29,2026-06-30,2026-07-01,CRML,1,10.36051765666008,10.179491305160521,-0.017472712995493023,19,0.9947368421052631,0.09090909090909091,-0.0015884284541357295,-1.2487051600485137
2026-06-29,2026-06-30,2026-07-01,ONDS,1,8.470423767042162,8.069596194839477,-0.04732084051830765,19,0.9894736842105263,0.09090909090909091,-0.004301894592573423,-3.381831873978894
2026-06-29,2026-06-30,2026-07-01,QS,1,7.460373038148881,7.459627038145065,-9.999500025015262e-05,19,0.9746724890829694,0.09090909090909091,-9.090454568195693e-06,-0.007146244136421513
2026-06-29,2026-06-30,2026-07-01,FLNC,1,19.790990415573123,19.529024186611174,-0.013236640686552614,18,0.9929824561403509,0.09090909090909091,-0.0012033309715047832,-0.9459699550533346
2026-06-29,2026-06-30,2026-07-01,QUBT,1,9.690484080362321,9.689515080404282,-9.99950002500416e-05,16,0.9842105263157894,0.09090909090909091,-9.090454568185601e-06,-0.00714624413641358
2026-06-29,2026-06-30,2026-07-01,EOSE,1,5.9902992711067204,5.7597122288703915,-0.03849340939417334,16,0.993859649122807,0.09090909090909091,-0.003499400854015758,-2.7509705533858844
2026-06-29,2026-06-30,2026-07-01,UUUU,1,14.370718385553362,14.539272961854934,0.011729029250967526,14,0.9799126637554585,0.09090909090909091,0.0010662753864515934,0.8382269743583022
2026-06-29,2026-06-30,2026-07-01,OSCR,1,29.261463228893287,28.698565762901307,-0.019236818801192657,13,0.988646288209607,0.09090909090909091,-0.0017488017091993324,-1.374778771113772
2026-06-29,2026-06-30,2026-07-01,LUMN,1,7.850392404627801,7.549622690725327,-0.03831269806655402,9,0.982532751091703,0.09090909090909091,-0.0034829725515049107,-2.738055835028428
2026-06-29,2026-06-30,2026-07-01,RCAT,1,10.770538957786561,10.559472419595718,-0.019596655192287593,5,0.9798245614035088,0.09090909090909091,-0.0017815141083897812,-1.4004948438524123
2026-06-29,2026-06-30,2026-07-01,LUNR,1,20.86104361038208,21.863906521129607,0.0480734775056233,4,0.974561403508772,0.09090909090909091,0.004370316136874846,3.435619839817218
2026-06-30,2026-07-01,2026-07-02,CRML,1,10.18050930519104,9.869506385564804,-0.03054885667337437,20,0.9859649122807017,0.09090909090909091,-0.002777168788488579,-2.156596277694972
2026-06-30,2026-07-01,2026-07-02,ONDS,1,8.07040319480896,7.939603057217598,-0.016207385732040724,20,0.9824561403508772,0.09090909090909091,-0.0014733987029127932,-1.1441602582577046
2026-06-30,2026-07-01,2026-07-02,QS,1,7.460373038148881,7.7046146737098695,0.03273852853095294,20,0.9746724890829694,0.09090909090909091,0.002976229866450267,2.3111761439046017
2026-06-30,2026-07-01,2026-07-02,FLNC,1,19.53097718667984,18.474076631450654,-0.05411406429525689,19,0.9947368421052631,0.09090909090909091,-0.0049194603904779,-3.820181909845816
2026-06-30,2026-07-01,2026-07-02,QUBT,1,9.690484080362321,9.544522826290128,-0.015062328451473483,17,0.9885964912280701,0.09090909090909091,-0.0013693025864975894,-1.0633249492501786
2026-06-30,2026-07-01,2026-07-02,EOSE,1,5.76028822889328,5.529723709797859,-0.040026559424391706,17,0.9921052631578947,0.09090909090909091,-0.003638778129490155,-2.8256746229987426
2026-06-30,2026-07-01,2026-07-02,UUUU,1,14.54072696185112,14.339283152580261,-0.013853764656977963,15,0.9799126637554585,0.09090909090909091,-0.0012594331506343604,-0.9780063984306447
2026-06-30,2026-07-01,2026-07-02,OSCR,1,28.701435762977603,32.23838967838287,0.12323264747499629,14,0.988646288209607,0.09090909090909091,0.01120296795227239,8.69960770305051
2026-06-30,2026-07-01,2026-07-02,LUMN,1,7.5503776907444005,7.199639809274673,-0.04645302471420443,10,0.982532751091703,0.09090909090909091,-0.004223002246745857,-3.2793508856140132
2026-06-30,2026-07-01,2026-07-02,RCAT,1,10.56052841963768,10.824458559274673,0.02499213383548171,6,0.9798245614035088,0.09090909090909091,0.002272012166861974,1.764319476094519
2026-06-30,2026-07-01,2026-07-02,LUNR,1,21.86609302110672,20.21398940258026,-0.07555550124714694,5,0.974561403508772,0.09090909090909091,-0.0068686819315588125,-5.333839969565595
2026-07-01,2026-07-02,2026-07-06,CRML,1,9.870493385553361,9.699514809274673,-0.017322191465011905,21,0.974561403508772,0.09090909090909091,-0.0015747446786374458,-1.2105359573534091
2026-07-01,2026-07-02,2026-07-06,ONDS,1,7.940397057223321,7.449627309274674,-0.061806701152582466,21,0.9824561403508772,0.09090909090909091,-0.005618791013871133,-4.319270705540954
2026-07-01,2026-07-02,2026-07-06,QS,1,7.705385173702241,7.109644633507728,-0.07731482940369017,21,0.9746724890829694,0.09090909090909091,-0.007028620854880924,-5.4030335144865145
2026-07-01,2026-07-02,2026-07-06,FLNC,1,18.475924131488803,17.32913342370987,-0.062069464001773045,20,0.9947368421052631,0.09090909090909091,-0.005642678545615731,-4.337633502063802
2026-07-01,2026-07-02,2026-07-06,QUBT,1,9.545477326297759,9.089545652580261,-0.04776415658768651,18,0.9885964912280701,0.09090909090909091,-0.004342196053426047,-3.337928064058233
2026-07-01,2026-07-02,2026-07-06,EOSE,1,5.530276709818841,5.2497375,-0.05072787937007772,18,0.9947368421052631,0.09090909090909091,-0.004611625397279793,-3.5450434860854414
2026-07-01,2026-07-02,2026-07-06,UUUU,1,14.340717152595522,13.81930869483948,-0.03635860412055281,16,0.9799126637554585,0.09090909090909091,-0.0033053276473229824,-2.540867749672847
2026-07-01,2026-07-02,2026-07-06,OSCR,1,32.24161367855072,31.798409237098696,-0.013746347992094288,15,0.988646288209607,0.09090909090909091,-0.0012496679992812989,-0.9606433781969247
2026-07-01,2026-07-02,2026-07-06,LUMN,1,7.200359809255601,6.539672961854935,-0.0917574766960112,11,0.982532751091703,0.09090909090909091,-0.008341588790546473,-6.412336748551388
2026-07-01,2026-07-02,2026-07-06,RCAT,1,10.8255410592556,10.349482881450655,-0.04397546276894182,7,0.9798245614035088,0.09090909090909091,-0.0039977693426310745,-3.0731607505080536
2026-07-01,2026-07-02,2026-07-06,LUNR,1,20.21601090259552,19.519024457740784,-0.034476952362805235,6,0.974561403508772,0.09090909090909091,-0.003134268396618658,-2.4093712749588083
2026-07-02,2026-07-06,2026-07-07,CRML,1,9.7004848092556,9.069546194839479,-0.06504196716169475,22,0.9929824561403509,0.08333333333333333,-0.005420163930141228,-3.9630561094839347
2026-07-02,2026-07-06,2026-07-07,ONDS,1,7.4503723092556005,7.649617595362663,0.026742997240492228,22,0.9824561403508772,0.08333333333333333,0.002228583103374352,1.6294709896514636
2026-07-02,2026-07-06,2026-07-07,QS,1,7.110355633521081,7.139642866492271,0.004118954730353952,22,0.9746724890829694,0.08333333333333333,0.00034324622752949596,0.25097101796193044
2026-07-02,2026-07-06,2026-07-07,FLNC,1,17.330866423702243,17.354131792259217,0.0013424238574220038,21,0.9973684210526316,0.08333333333333333,0.00011186865478516697,0.08179489799943254
2026-07-02,2026-07-06,2026-07-07,QUBT,1,9.09045465259552,9.149542118549345,0.006499946175624327,19,0.9912280701754386,0.08333333333333333,0.0005416621813020273,0.3960466223075029
2026-07-02,2026-07-06,2026-07-07,EOSE,1,5.250262500000001,5.199739809274673,-0.009622888517541228,19,0.9868421052631579,0.08333333333333333,-0.000801907376461769,-0.5863298543157238
2026-07-02,2026-07-06,2026-07-07,UUUU,1,13.820690694808963,13.649317118549344,-0.012399783776652074,17,0.9799126637554585,0.08333333333333333,-0.0010333153147210061,-0.7555281766028977
2026-07-02,2026-07-06,2026-07-07,OSCR,1,31.8015892370224,31.698415762901305,-0.003244286735236024,16,0.988646288209607,0.08333333333333333,-0.0002703572279363353,-0.1976768374030187
2026-07-02,2026-07-06,2026-07-07,LUMN,1,6.540326961851121,6.439678057217598,-0.015388971410847718,12,0.982532751091703,0.08333333333333333,-0.0012824142842373099,-0.9376616334007658
2026-07-02,2026-07-06,2026-07-07,RCAT,1,10.350517881488804,9.9995,-0.03391307425462986,8,0.9798245614035088,0.08333333333333333,-0.002826089521219155,-2.066349189317651
2026-07-02,2026-07-06,2026-07-07,LUNR,1,19.520976457786563,18.259087228870396,-0.064642730943555,7,0.974561403508772,0.08333333333333333,-0.005386894245296249,-3.938730345635301
2026-07-02,2026-07-06,2026-07-07,NVTS,1,14.780738732957841,14.25728747382164,-0.03541441795253575,0,0.9754385964912282,0.08333333333333333,-0.0029512014960446455,-2.157827193044531
2026-07-06,2026-07-07,2026-07-08,CRML,1,9.070453194808962,8.439577580404281,-0.06955282176702404,23,0.9964912280701754,0.07692307692307693,-0.005350217059001849,-3.8462047830833814
2026-07-06,2026-07-07,2026-07-08,ONDS,1,7.650382595372201,7.309634442782402,-0.04454001461259227,23,0.9824561403508772,0.07692307692307693,-0.003426154970199406,-2.463020376303073
2026-07-06,2026-07-07,2026-07-08,QS,1,7.14035686647892,6.649667595362663,-0.0687205528087601,23,0.9746724890829694,0.07692307692307693,-0.005286196369904623,-3.800181102566019
2026-07-06,2026-07-07,2026-07-08,FLNC,1,17.355867292213443,14.659266847419739,-0.15537111452814056,22,0.9903508771929824,0.07692307692307693,-0.011951624194472352,-8.591874616573147
2026-07-06,2026-07-07,2026-07-08,QUBT,1,9.150457118511198,8.524573368549348,-0.068399178517071,20,0.9771929824561404,0.07692307692307693,-0.005261475270543924,-3.7824094103980865
2026-07-06,2026-07-07,2026-07-08,EOSE,1,5.2002598092556,4.659766847419739,-0.10393576122367454,20,0.9921052631578947,0.07692307692307693,-0.007995058555667272,-5.747548579566619
2026-07-06,2026-07-07,2026-07-08,UUUU,1,13.650682118511199,12.689365080404281,-0.07042263747416033,18,0.9799126637554585,0.07692307692307693,-0.005417125959550795,-3.894304763043861
2026-07-06,2026-07-07,2026-07-08,OSCR,1,31.701585762977604,30.888454889678957,-0.025649533098380695,17,0.988646288209607,0.07692307692307693,-0.001973041007567746,-1.4183947448933016
2026-07-06,2026-07-07,2026-07-08,LUMN,1,6.44032205722332,6.349682404637337,-0.014073776401340776,13,0.982532751091703,0.07692307692307693,-0.0010825981847185212,-0.7782664273809089
2026-07-06,2026-07-07,2026-07-08,RCAT,1,10.0005,9.33953315258026,-0.06609338007297039,9,0.9798245614035088,0.07692307692307693,-0.005084106159459261,-3.6549009530959164
2026-07-06,2026-07-07,2026-07-08,LUNR,1,18.260913228893287,17.929103805160523,-0.018170472614028932,8,0.974561403508772,0.07692307692307693,-0.0013977286626176103,-1.004809825157924
2026-07-06,2026-07-07,2026-07-08,NVTS,1,14.258713273859026,13.399329618549345,-0.06027077189953867,1,0.9754385964912282,0.07692307692307693,-0.004636213223041436,-3.3329162681080353
2026-07-06,2026-07-07,2026-07-08,ACHR,1,5.3002651907444,4.849757404637336,-0.08499721615698852,0,0.9789473684210526,0.07692307692307693,-0.006538247396691425,-4.7002650794935406
2026-07-07,2026-07-08,2026-07-09,CRML,1,8.44042158036232,8.449577309274673,0.0010847478203759309,24,0.9982300884955753,0.08333333333333333,9.039565169799424e-05,0.06073110494371674
2026-07-07,2026-07-08,2026-07-09,ONDS,1,7.310365442776681,7.5296237097978596,0.029992791569377175,24,0.9824561403508772,0.08333333333333333,0.0024993992974480976,1.6791878611229742
2026-07-07,2026-07-08,2026-07-09,QS,1,6.650332595372201,6.679665828347206,0.004410791874592368,24,0.9746724890829694,0.08333333333333333,0.000367565989549364,0.24694427514768197
2026-07-07,2026-07-08,2026-07-09,FLNC,1,14.660732847404482,16.42917880516052,0.12062466291165808,23,0.9973451327433628,0.08333333333333333,0.010052055242638172,6.7533383561439875
2026-07-07,2026-07-08,2026-07-09,QUBT,1,8.525425868511201,8.799560190725327,0.0321549124280871,21,0.9884955752212389,0.08333333333333333,0.002679576035673925,1.8002371836519704
2026-07-07,2026-07-08,2026-07-09,UUUU,1,12.69063408036232,13.199339809274674,0.04008513094704491,19,0.9799126637554585,0.08333333333333333,0.003340427578920409,2.244221420407132
2026-07-07,2026-07-08,2026-07-09,OSCR,1,30.891543889617928,30.298484237098695,-0.01919812278202615,18,0.988646288209607,0.08333333333333333,-0.0015998435651688458,-1.0748334198021492
2026-07-07,2026-07-08,2026-07-09,LUMN,1,6.350317404627801,6.679665828347206,0.05186330111301074,14,0.982532751091703,0.08333333333333333,0.004321941759417561,2.9036385447912387
2026-07-07,2026-07-08,2026-07-09,RCAT,1,9.34046715259552,9.16954157629013,-0.018299467629720678,10,0.9798245614035088,0.08333333333333333,-0.0015249556358100564,-1.0245209699057656
2026-07-07,2026-07-08,2026-07-09,LUNR,1,17.930896805191043,16.99915,-0.05196320157959411,9,0.974561403508772,0.08333333333333333,-0.004330266798299509,-2.909231610392328
2026-07-07,2026-07-08,2026-07-09,NVTS,1,13.4006696185112,14.059297419595719,0.04914887239475818,2,0.9840707964601769,0.08333333333333333,0.004095739366229848,2.7516675039153013
2026-07-07,2026-07-08,2026-07-09,SMR,1,8.755437864446641,8.879556114435196,0.014176132811422715,0,0.9743362831858406,0.08333333333333333,0.0011813444009518928,0.7936703750814763
2026-07-08,2026-07-09,2026-07-10,CRML,1,8.4504223092556,8.509574728870392,0.006999936506132176,25,0.9982300884955753,0.08333333333333333,0.0005833280421776813,0.40014019915453236
2026-07-08,2026-07-09,2026-07-10,ONDS,1,7.5303767098188406,7.669616576290131,0.01849042509251042,25,0.9824561403508772,0.08333333333333333,0.0015408687577092017,1.0569756414915368
2026-07-08,2026-07-09,2026-07-10,QS,1,6.680333828330041,6.989650271129608,0.04630254276931689,25,0.9746724890829694,0.08333333333333333,0.003858545230776407,2.6468109630487366
2026-07-08,2026-07-09,2026-07-10,FLNC,1,16.43082180519104,16.82915842370987,0.024243255951627463,24,0.9946902654867257,0.08333333333333333,0.0020202713293022883,1.385827036593886
2026-07-08,2026-07-09,2026-07-10,QUBT,1,8.800440190744402,9.179541305160521,0.0430775172831499,22,0.9867256637168141,0.08333333333333333,0.003589793106929158,2.4624575279593164
2026-07-08,2026-07-09,2026-07-10,UUUU,1,13.200659809255601,14.099295381450656,0.06807504967024292,20,0.9799126637554585,0.08333333333333333,0.005672920805853576,3.8914015732346896
2026-07-08,2026-07-09,2026-07-10,OSCR,1,30.301514237022403,31.718413313388822,0.0467600089316742,19,0.988646288209607,0.08333333333333333,0.00389666741097285,2.672961286148347
2026-07-08,2026-07-09,2026-07-10,LUMN,1,6.680333828330041,6.719663790202141,0.005887424623199022,15,0.982532751091703,0.08333333333333333,0.0004906187185999185,0.33654523282752635
2026-07-08,2026-07-09,2026-07-10,RCAT,1,9.17045857629776,9.199539809274674,0.0031711863408967478,11,0.9798245614035088,0.08333333333333333,0.0002642655284080623,0.1812758062720915
2026-07-08,2026-07-09,2026-07-10,LUNR,1,17.000850000000003,16.849157881450655,-0.008922619666037246,10,0.974561403508772,0.08333333333333333,-0.0007435516388364372,-0.5100473135750004
2026-07-08,2026-07-09,2026-07-10,NVTS,1,14.060703419637681,13.559322419595718,-0.0356583155961967,3,0.986725663716814,0.08333333333333333,-0.0029715262996830583,-2.0383507038496407
2026-07-08,2026-07-09,2026-07-10,SMR,1,8.880444114446641,9.16954157629013,0.032554392338687954,1,0.9769911504424779,0.08333333333333333,0.002712866028223996,1.8609198843940788
2026-07-09,2026-07-10,2026-07-13,CRML,1,8.510425728893281,7.779611209797859,-0.0858728508274591,26,0.9982300884955753,0.08333333333333333,-0.0071560709022882585,-5.011452029063645
2026-07-09,2026-07-10,2026-07-13,ONDS,1,7.670383576297761,7.109644633507728,-0.07310442003484297,26,0.9824561403508772,0.08333333333333333,-0.00609203500290358,-4.266299425102887
2026-07-09,2026-07-10,2026-07-13,QS,1,6.99034927110672,6.474676154637336,-0.07376929198671389,26,0.9746724890829694,0.08333333333333333,-0.006147440998892824,-4.305100674393724
2026-07-09,2026-07-10,2026-07-13,FLNC,1,16.830841423702243,15.699214809274673,-0.06723529655706584,25,0.9946902654867257,0.08333333333333333,-0.005602941379755486,-3.9237833623646265
2026-07-09,2026-07-10,2026-07-13,QUBT,1,9.18045930519104,8.499575,-0.07416669281525345,23,0.9867256637168141,0.08333333333333333,-0.006180557734604454,-4.328292581607073
2026-07-09,2026-07-10,2026-07-13,UUUU,1,14.100705381488803,13.499325,-0.04264895728395868,21,0.9799126637554585,0.08333333333333333,-0.003554079773663223,-2.4889496675449734
2026-07-09,2026-07-10,2026-07-13,OSCR,1,31.72158531332016,30.918454076290132,-0.025318130512625547,20,0.9769911504424778,0.08333333333333333,-0.002109844209385462,-1.477540285515053
2026-07-09,2026-07-10,2026-07-13,LUMN,1,6.720335790181161,6.639667866492271,-0.01200355550785881,16,0.982532751091703,0.08333333333333333,-0.0010002962923215675,-0.7005152621135714
2026-07-09,2026-07-10,2026-07-13,RCAT,1,9.200459809255602,8.744562635564805,-0.049551564067718434,12,0.9798245614035088,0.08333333333333333,-0.004129297005643203,-2.8917787624099596
2026-07-09,2026-07-10,2026-07-13,LUNR,1,16.850842881488802,16.001200708675384,-0.05042134561392042,11,0.974561403508772,0.08333333333333333,-0.004201778801160035,-2.942538326725743
2026-07-09,2026-07-10,2026-07-13,NVTS,1,13.560678419637682,13.009349728870392,-0.04065642394180602,4,0.986725663716814,0.08333333333333333,-0.003388035328483835,-2.3726674530349263
2026-07-09,2026-07-10,2026-07-13,SMR,1,9.17045857629776,8.869556385564804,-0.03281212037865544,2,0.9769911504424779,0.08333333333333333,-0.0027343433648879534,-1.914881894161041
2026-07-10,2026-07-13,2026-07-14,CRML,1,7.780389209818841,7.889605366492272,0.01403736416368484,27,0.9982378854625551,0.07692307692307693,0.0010797972433603724,0.7166441175708596
2026-07-10,2026-07-13,2026-07-14,ONDS,1,7.110355633521081,6.99965,-0.015569633816791106,27,0.9824561403508772,0.07692307692307693,-0.0011976641397531621,-0.7948704868967869
2026-07-10,2026-07-13,2026-07-14,QS,1,6.4753236546278,6.40467995979786,-0.01090967781656027,27,0.9746724890829694,0.07692307692307693,-0.0008392059858892516,-0.5569675574890037
2026-07-10,2026-07-13,2026-07-14,FLNC,1,15.700784809255602,15.534223097419739,-0.010608495935672924,26,0.9920704845814978,0.07692307692307693,-0.0008160381488979173,-0.5415914355376169
2026-07-10,2026-07-13,2026-07-14,QUBT,1,8.500425000000002,8.179591305160523,-0.037743253406680055,24,0.9911894273127753,0.07692307692307693,-0.002903327185129235,-1.9268917024934742
2026-07-10,2026-07-13,2026-07-14,UUUU,1,13.500675000000001,13.489325271129609,-0.0008406786231349717,22,0.9799126637554585,0.07692307692307693,-6.466758639499782e-05,-0.042918840247505405
2026-07-10,2026-07-13,2026-07-14,OSCR,1,30.921546076297762,31.9984,0.03482535837778422,21,0.9769911504424778,0.07692307692307693,0.002678873721368017,1.777925537352786
2026-07-10,2026-07-13,2026-07-14,LUMN,1,6.64033186647892,6.589670652580261,-0.007629319575788496,17,0.982532751091703,0.07692307692307693,-0.0005868707365991151,-0.38949669833327155
2026-07-10,2026-07-13,2026-07-14,RCAT,1,8.745437135553361,8.569571194839478,-0.020109451132971357,13,0.9798245614035088,0.07692307692307693,-0.001546880856382412,-1.0266400225838106
2026-07-10,2026-07-13,2026-07-14,LUNR,1,16.002800908756257,15.639218343305588,-0.02271993306195086,12,0.974561403508772,0.07692307692307693,-0.0017476871586116047,-1.159911945760669
2026-07-10,2026-07-13,2026-07-14,NVTS,1,13.010650728893282,13.674316440725327,0.051009417258294,5,0.9903083700440528,0.07692307692307693,0.003923801327561077,2.6041640291305197
2026-07-10,2026-07-13,2026-07-14,SMR,1,8.870443385553362,8.599570381450652,-0.030536580002738067,3,0.9769911504424779,0.07692307692307693,-0.002348967692518313,-1.5589721955285953
2026-07-10,2026-07-13,2026-07-14,RDW,1,10.03050123295784,9.899504618549345,-0.01305982735718847,0,0.973568281938326,0.07692307692307693,-0.001004602104399113,-0.6667383094778442
2026-07-13,2026-07-14,2026-07-15,CRML,1,7.890394366478921,7.954602173709869,0.008137464903367198,28,0.9982300884955753,0.07692307692307693,0.0006259588387205536,0.413185737635499
2026-07-13,2026-07-14,2026-07-15,ONDS,1,7.000350000000001,7.334633288145065,0.04775236783090331,28,0.9824561403508772,0.07692307692307693,0.003673259063915639,2.4246614345321653
2026-07-13,2026-07-14,2026-07-15,QS,1,6.4053204598188405,6.544672826290131,0.021755721254769433,28,0.9746724890829694,0.07692307692307693,0.0016735170195976488,1.1046626733498532
2026-07-13,2026-07-14,2026-07-15,FLNC,1,15.535776597404482,15.479225542259217,-0.0036400533176251804,27,0.9973451327433628,0.07692307692307693,-0.0002800041013557831,-0.18482637196421686
2026-07-13,2026-07-14,2026-07-15,QUBT,1,8.180409305191041,8.299585190725326,0.014568450194620386,25,0.9849557522123893,0.07692307692307693,0.001120650014970799,0.7397237237090213
2026-07-13,2026-07-14,2026-07-15,UUUU,1,13.490674271106721,13.149342118549345,-0.025301341185622883,23,0.9799126637554585,0.07692307692307693,-0.0019462570142786833,-1.284694120969198
2026-07-13,2026-07-14,2026-07-15,OSCR,1,32.0016,30.688466034030913,-0.04103338476729568,22,0.9769911504424778,0.07692307692307693,-0.0031564142128688985,-2.0835001507337694
2026-07-13,2026-07-14,2026-07-15,LUMN,1,6.59032965259552,6.419679076290131,-0.02589408805038773,18,0.982532751091703,0.07692307692307693,-0.0019918529269529026,-1.3147912769578711
2026-07-13,2026-07-14,2026-07-15,RCAT,1,8.570428194808962,8.809559919595719,0.027901957679500544,14,0.9858407079646018,0.07692307692307693,0.0021463044368846573,1.4167423272705555
2026-07-13,2026-07-14,2026-07-15,LUNR,1,15.640782343339922,14.99925,-0.04101664029696672,13,0.974561403508772,0.07692307692307693,-0.003155126176689748,-2.0826499379947476
2026-07-13,2026-07-14,2026-07-15,NVTS,1,13.6756839407444,13.16934157629013,-0.037025012178419026,6,0.9903083700440528,0.07692307692307693,-0.002848077859878387,-1.879972098137488
2026-07-13,2026-07-14,2026-07-15,SMR,1,8.6004303814888,8.589570652580262,-0.0012626959846001595,4,0.975221238938053,0.07692307692307693,-9.713046035385843e-05,-0.0641143129957481
2026-07-13,2026-07-14,2026-07-15,RDW,1,9.9004946185112,9.90950434741974,0.0009100281607843375,1,0.973568281938326,0.07692307692307693,7.000216621417981e-05,0.046207346065131875
2026-07-14,2026-07-15,2026-07-16,CRML,1,7.955397673702241,7.2996351907253265,-0.08242988092784298,29,0.9955752212389379,0.07142857142857142,-0.005887848637703069,-3.8702898782744923
2026-07-14,2026-07-15,2026-07-16,ONDS,1,7.335366788148881,6.87465625,-0.06280674865409741,29,0.9824561403508772,0.07142857142857142,-0.004486196332435529,-2.9489345473648036
2026-07-14,2026-07-15,2026-07-16,QS,1,6.545327326297761,6.289685461854935,-0.039057155081566375,29,0.9746724890829694,0.07142857142857142,-0.0027897967915404553,-1.83383149756952
2026-07-14,2026-07-15,2026-07-16,FLNC,1,15.480773542213441,14.814258830404281,-0.043054354486336766,28,0.9946902654867257,0.07142857142857142,-0.00307531103473834,-2.021510045974436
2026-07-14,2026-07-15,2026-07-16,QUBT,1,8.3004151907444,7.954602173709869,-0.041662134855632305,26,0.9849557522123893,0.07142857142857142,-0.0029758667754023072,-1.9561418386641853
2026-07-14,2026-07-15,2026-07-16,UUUU,1,13.1506571185112,12.299385190725326,-0.06473227308068141,24,0.9799126637554585,0.07142857142857142,-0.004623733791477244,-3.0393427538876536
2026-07-14,2026-07-15,2026-07-16,OSCR,1,30.691535034084325,31.288436415481566,0.01944840428262573,23,0.9769911504424778,0.07142857142857142,0.0013891717344732665,0.9131514130115868
2026-07-14,2026-07-15,2026-07-16,LUMN,1,6.4203210762977605,6.369681385564804,-0.007887407830724502,19,0.982532751091703,0.07142857142857142,-0.0005633862736231787,-0.37033360171656904
2026-07-14,2026-07-15,2026-07-16,RCAT,1,8.810440919637681,7.989600271129608,-0.09316680697313273,15,0.9858407079646018,0.07142857142857142,-0.006654771926652338,-4.374415514865462
2026-07-14,2026-07-15,2026-07-16,LUNR,1,15.000750000000002,14.17929130516052,-0.054761174930552214,14,0.974561403508772,0.07142857142857142,-0.003911512495039443,-2.5711746598501506
2026-07-14,2026-07-15,2026-07-16,NVTS,1,13.17065857629776,12.651367827224732,-0.03942784987286485,7,0.9876106194690265,0.07142857142857142,-0.002816274990918918,-1.8512365487784068
2026-07-14,2026-07-15,2026-07-16,SMR,1,8.590429652595521,8.119593885564804,-0.05480933853971537,5,0.975221238938053,0.07142857142857142,-0.003914952752836812,-2.5734360622317523
2026-07-14,2026-07-15,2026-07-16,RDW,1,9.910495347404481,9.109544156694412,-0.08081848208725873,2,0.973568281938326,0.07142857142857142,-0.00577274872051848,-3.794630656735208
2026-07-14,2026-07-15,2026-07-16,SNOW,1,277.91388889617923,272.44636845550536,-0.01967343360344387,0,0.9734513274336283,0.07142857142857142,-0.0014052452573888477,-0.9237171046379014
2026-07-15,2026-07-16,2026-07-17,CRML,1,7.300365190744401,6.599669904637337,-0.0959808540804814,30,0.9946902654867257,0.07142857142857142,-0.006855775291462957,-4.292307957907511
2026-07-15,2026-07-16,2026-07-17,ONDS,1,6.875343750000001,6.509674728870392,-0.05318556197711699,30,0.9824561403508772,0.07142857142857142,-0.0037989687126512134,-2.378482803755203
2026-07-15,2026-07-16,2026-07-17,QS,1,6.29031446185112,5.729713519072533,-0.08912129054572149,30,0.9746724890829694,0.07142857142857142,-0.006365806467551535,-3.9855451203593746
2026-07-15,2026-07-16,2026-07-17,FLNC,1,14.815740330362322,13.769311957740785,-0.07062950276450664,29,0.9973451327433628,0.07142857142857142,-0.005044964483179045,-3.158583862203759
2026-07-15,2026-07-16,2026-07-17,QUBT,1,7.955397673702241,7.464626902580261,-0.06169028768282647,27,0.9876106194690266,0.07142857142857142,-0.004406449120201891,-2.7588180505725264
2026-07-15,2026-07-16,2026-07-17,UUUU,1,12.300615190744402,11.479425542259216,-0.06676004701806215,25,0.9799126637554585,0.07142857142857142,-0.004768574787004439,-2.9855400207798457
2026-07-15,2026-07-16,2026-07-17,OSCR,1,31.291565415573125,28.048596737098695,-0.10363715063166756,24,0.9769911504424778,0.07142857142857142,-0.007402653616547683,-4.634701062548984
2026-07-15,2026-07-16,2026-07-17,LUMN,1,6.370318385553361,6.209689538145065,-0.025215199254808085,20,0.982532751091703,0.07142857142857142,-0.0018010856610577203,-1.1276353128810734
2026-07-15,2026-07-16,2026-07-17,RCAT,1,7.990399271106721,7.509624728870392,-0.06016902609295249,16,0.9823008849557522,0.07142857142857142,-0.004297787578068035,-2.6907865322991023
2026-07-15,2026-07-16,2026-07-17,LUNR,1,14.180709305191039,13.214339402580261,-0.06814679589102257,15,0.974561403508772,0.07142857142857142,-0.004867628277930184,-3.0475560684598983
2026-07-15,2026-07-16,2026-07-17,NVTS,1,12.652633027267457,11.199439809274674,-0.11485302820851861,8,0.9778761061946902,0.07142857142857142,-0.008203787729179901,-5.136280268519233
2026-07-15,2026-07-16,2026-07-17,SMR,1,8.12040588555336,7.409629347419739,-0.0875296811700178,6,0.975221238938053,0.07142857142857142,-0.0062521200835727,-3.9143676167346966
2026-07-15,2026-07-16,2026-07-17,RDW,1,9.11045515666008,8.289585461854935,-0.09010194119720338,3,0.973568281938326,0.07142857142857142,-0.006435852942657384,-4.029400268717956
2026-07-15,2026-07-16,2026-07-17,SNOW,1,272.4736144546509,262.59685485229494,-0.03624849922486639,1,0.9734513274336283,0.07142857142857142,-0.002589178516061885,-1.621049564266577
2026-07-16,2026-07-17,2026-07-20,CRML,1,6.600329904627801,6.509674728870392,-0.013734946141683912,31,0.9982300884955753,0.07142857142857142,-0.000981067581548851,-0.5693384242049851
2026-07-16,2026-07-17,2026-07-20,ONDS,1,6.510325728893281,6.589670652580261,0.01218755051453746,31,0.9824561403508772,0.07142857142857142,0.0008705393224669614,0.5051960694484897
2026-07-16,2026-07-17,2026-07-20,QS,1,5.730286519074441,5.929703328347206,0.034800495334563974,31,0.9746724890829694,0.07142857142857142,0.0024857496667545693,1.442543638027289
2026-07-16,2026-07-17,2026-07-20,FLNC,1,13.770688957786561,14.431278560209273,0.047970700990177084,30,0.9867256637168141,0.07142857142857142,0.003426478642155506,1.9884725449973644
2026-07-16,2026-07-17,2026-07-20,QUBT,1,7.465373402595521,7.859607133507729,0.052808307053354264,28,0.9938053097345132,0.07142857142857142,0.0037720219323824473,2.1890000887184864
2026-07-16,2026-07-17,2026-07-20,UUUU,1,11.480573542213442,11.469426767015458,-0.0009709249417720889,26,0.9799126637554585,0.07142857142857142,-6.93517815551492e-05,-0.040246599489181994
2026-07-16,2026-07-17,2026-07-20,OSCR,1,28.051401737022402,28.908554347419738,0.030556498332347415,25,0.9769911504424778,0.07142857142857142,0.002182607023739101,1.2666222663198627
2026-07-16,2026-07-17,2026-07-20,LUMN,1,6.210310538148881,6.279686209797859,0.011171047119594935,21,0.982532751091703,0.07142857142857142,0.0007979319371139239,0.4630601604244853
2026-07-16,2026-07-17,2026-07-20,RCAT,1,7.510375728893281,7.7946103262901305,0.03784558957594708,17,0.9823008849557522,0.07142857142857142,0.002703256398281934,1.56876831623576
2026-07-16,2026-07-17,2026-07-20,LUNR,1,13.215660902595522,13.769311957740785,0.04189355789512783,16,0.974561403508772,0.07142857142857142,0.0029923969925091305,1.736563943557493
2026-07-16,2026-07-17,2026-07-20,NVTS,1,11.200559809255601,11.649417118549346,0.04007454242803399,9,0.9778761061946902,0.07142857142857142,0.002862467316288142,1.6611624538860723
2026-07-16,2026-07-17,2026-07-20,SMR,1,7.410370347404481,7.769611480927467,0.04847816191114007,7,0.9787610619469027,0.07142857142857142,0.0034627258507957193,2.0095077203891227
2026-07-16,2026-07-17,2026-07-20,RDW,1,8.290414461851121,8.499575,0.025229201641407073,4,0.9858407079646018,0.07142857142857142,0.0018020858315290766,1.0457961580843518
2026-07-16,2026-07-17,2026-07-20,SNOW,1,262.6231158508301,267.10663911743165,0.017072081610471024,2,0.9734513274336283,0.07142857142857142,0.0012194344007479302,0.707668740870128
2026-07-17,2026-07-20,2026-07-21,CRML,1,6.510325728893281,6.439678057217598,-0.010851633945463623,32,0.9982378854625551,0.07142857142857142,-0.0007751167103902587,-0.4622022217976615
2026-07-17,2026-07-20,2026-07-21,ONDS,1,6.59032965259552,6.969651290202141,0.05755730860249608,32,0.9824561403508772,0.07142857142857142,0.00411123632874972,2.4515308985232047
2026-07-17,2026-07-20,2026-07-21,QS,1,5.930296328330041,5.979701019072532,0.008330897480869126,32,0.9746724890829694,0.07142857142857142,0.0005950641057763661,0.354836824074399
2026-07-17,2026-07-20,2026-07-21,FLNC,1,14.432721760225295,15.009249728870392,0.0399458936590833,31,0.9947136563876652,0.07142857142857142,0.0028532781185059497,1.7014102110069478
2026-07-17,2026-07-20,2026-07-21,QUBT,1,7.860393133521081,8.069596194839477,0.026614834368301254,29,0.9841409691629955,0.07142857142857142,0.0019010595977358039,1.13360215057273
2026-07-17,2026-07-20,2026-07-21,UUUU,1,11.470573767042161,11.949402309274674,0.04174407941199143,27,0.9799126637554585,0.07142857142857142,0.0029817199579993876,1.7780001010065527
2026-07-17,2026-07-20,2026-07-21,OSCR,1,28.911445347404484,29.90850434741974,0.03448665357385061,26,0.9769911504424778,0.07142857142857142,0.0024633323981321864,1.4688855138597294
2026-07-17,2026-07-20,2026-07-21,LUMN,1,6.28031420981884,6.569671671652794,0.046073723728912164,22,0.982532751091703,0.07142857142857142,0.0032909802663508687,1.9624120737040787
2026-07-17,2026-07-20,2026-07-21,RCAT,1,7.795389826297761,8.019599457740783,0.028761824160050464,18,0.9823008849557522,0.07142857142857142,0.002054416011432176,1.2250486052643037
2026-07-17,2026-07-20,2026-07-21,LUNR,1,13.770688957786561,14.009299728870392,0.01732743886782151,17,0.974561403508772,0.07142857142857142,0.0012376742048443934,0.7380253317628926
2026-07-17,2026-07-20,2026-07-21,NVTS,1,11.650582118511199,12.049397690725327,0.03423138587903374,10,0.9778761061946902,0.07142857142857142,0.0024450989913595528,1.4580129304045117
2026-07-17,2026-07-20,2026-07-21,SMR,1,7.770388480925561,8.099595381450653,0.04236685222794412,8,0.9797356828193833,0.07142857142857142,0.0030262037305674367,1.8045257818998757
2026-07-17,2026-07-20,2026-07-21,RDW,1,8.500425000000002,8.739562771129608,0.02813244880457222,5,0.9938325991189427,0.07142857142857142,0.0020094606288980155,1.1982417032706787
2026-07-17,2026-07-20,2026-07-21,SNOW,1,267.1333511169434,271.656429927063,0.016931913560053857,3,0.9734513274336283,0.07142857142857142,0.0012094223971467041,0.7211787741895206
2026-07-20,2026-07-21,2026-07-22,CRML,1,6.44032205722332,6.339683152580261,-0.015626377648332745,33,0.9982142857142857,0.08333333333333333,-0.001302198137361062,-0.7993330656687762
2026-07-20,2026-07-21,2026-07-22,ONDS,1,6.97034829018116,7.799610190725327,0.118969937515506,33,0.9824561403508772,0.08333333333333333,0.009914161459625499,6.085646143771424
2026-07-20,2026-07-21,2026-07-22,QS,1,5.98029901907444,6.049697690725327,0.011604548774156065,33,0.9746724890829694,0.08333333333333333,0.0009670457311796721,0.5936052331577112
2026-07-20,2026-07-21,2026-07-22,FLNC,1,15.010750728893282,15.869206385564803,0.05718938860393785,32,0.9919642857142857,0.08333333333333333,0.004765782383661488,2.9253977054231757
2026-07-20,2026-07-21,2026-07-22,QUBT,1,8.07040319480896,8.194589944839478,0.015387923878499299,30,0.9841409691629955,0.08333333333333333,0.0012823269898749414,0.7871354862200558
2026-07-20,2026-07-21,2026-07-22,UUUU,1,11.9505973092556,12.339383152580261,0.032532754076112225,28,0.9799126637554585,0.08333333333333333,0.0027110628396760186,1.6641416606926624
2026-07-20,2026-07-21,2026-07-22,OSCR,1,29.911495347404482,30.998450000000002,0.03633902752006146,27,0.9769911504424778,0.08333333333333333,0.003028252293338455,1.85884322808056
2026-07-20,2026-07-21,2026-07-22,RCAT,1,8.02040145778656,8.16959157629013,0.018601328036856657,19,0.9910714285714286,0.08333333333333333,0.0015501106697380547,0.9515101260078402
2026-07-20,2026-07-21,2026-07-22,LUNR,1,14.010700728893282,14.389280843305588,0.02702078373793171,18,0.974561403508772,0.08333333333333333,0.0022517319781609757,1.3821889108329868
2026-07-20,2026-07-21,2026-07-22,NVTS,1,12.050602690744402,12.369381385564804,0.02645334038481284,11,0.982142857142857,0.08333333333333333,0.0022044450320677367,1.3531625910262164
2026-07-20,2026-07-21,2026-07-22,SMR,1,8.100405381488802,8.66956657629013,0.07026329769890105,9,0.9797356828193833,0.08333333333333333,0.005855274808241754,3.594164842141315
2026-07-20,2026-07-21,2026-07-22,RDW,1,8.74043677110672,9.2495375,0.05824660051042474,6,0.9883928571428571,0.08333333333333333,0.004853883375868728,2.9794770610673074
2026-07-21,2026-07-22,2026-07-23,CRML,1,6.340317152595521,6.309684442782402,-0.004831416012143652,34,0.9919642857142857,0.07692307692307693,-0.0003716473855495117,-0.2367944737328213
2026-07-21,2026-07-22,2026-07-23,ONDS,1,7.800390190744401,7.819609171652794,0.0024638486586474606,34,0.9824561403508772,0.07692307692307693,0.00018952681989595853,0.12075667775561369
2026-07-21,2026-07-22,2026-07-23,QS,1,6.050302690744401,5.519723980927467,-0.08769457280684478,34,0.9746724890829694,0.07692307692307693,-0.006745736369757291,-4.2980339852390195
2026-07-21,2026-07-22,2026-07-23,FLNC,1,15.870793385553362,14.539272961854934,-0.08389753374966535,33,1.0,0.07692307692307693,-0.006453656442281951,-4.111935776550747
2026-07-21,2026-07-22,2026-07-23,QUBT,1,8.195409444808961,7.759612228870392,-0.05317577100612181,31,0.9848214285714285,0.07692307692307693,-0.004090443923547832,-2.606219104105839
2026-07-21,2026-07-22,2026-07-23,UUUU,1,12.340617152595522,11.9994,-0.02764992612413686,29,0.9799126637554585,0.07692307692307693,-0.0021269173941643738,-1.3551616521656928
2026-07-21,2026-07-22,2026-07-23,OSCR,1,31.00155,28.828558423709865,-0.07009299781108158,28,0.9769911504424778,0.07692307692307693,-0.005391769062390891,-3.4353561124343446
2026-07-21,2026-07-22,2026-07-23,RCAT,1,8.170408576297762,7.754612364435196,-0.05089050418712049,20,0.9910714285714286,0.07692307692307693,-0.003914654168240037,-2.4942149727322707
2026-07-21,2026-07-22,2026-07-23,LUNR,1,14.390719843339921,13.711314293193817,-0.04721136659890823,19,0.974561403508772,0.07692307692307693,-0.003631643584531403,-2.313895280368454
2026-07-21,2026-07-22,2026-07-23,NVTS,1,12.370618385553362,11.964401902580262,-0.032837201044653264,12,0.982142857142857,0.07692307692307693,-0.002525938541896405,-1.6093972700101915
2026-07-21,2026-07-22,2026-07-23,SMR,1,8.67043357629776,8.489575271129608,-0.020859199667080386,10,0.9797356828193833,0.07692307692307693,-0.0016045538205446451,-1.0223386260341103
2026-07-21,2026-07-22,2026-07-23,RDW,1,9.250462500000001,8.869556385564804,-0.04117698054937213,7,0.9928571428571429,0.07692307692307693,-0.003167460042259395,-2.0181415582072804
2026-07-21,2026-07-22,2026-07-23,ACHR,1,5.3102654427766804,5.099744904637337,-0.03964407060398556,0,0.9776785714285714,0.07692307692307693,-0.0030495438926142738,-1.9430114922213935
2026-07-22,2026-07-23,2026-07-24,CRML,1,6.31031544277668,6.12469375,-0.029415596487994744,35,0.9919642857142857,0.08333333333333333,-0.002451299707332895,-1.4947844918925497
2026-07-22,2026-07-23,2026-07-24,ONDS,1,7.820391171669961,7.949602309274674,0.016522336897007328,35,0.9824561403508772,0.08333333333333333,0.0013768614080839439,0.8395999371812921
2026-07-22,2026-07-23,2026-07-24,QS,1,5.52027598092556,5.029748709797859,-0.08885919342124204,35,0.9746724890829694,0.08333333333333333,-0.007404932785103503,-4.51547342724675
2026-07-22,2026-07-23,2026-07-24,FLNC,1,14.54072696185112,14.259287228870392,-0.019355272519669176,34,1.0,0.08333333333333333,-0.0016129393766390978,-0.983558542168723
2026-07-22,2026-07-23,2026-07-24,QUBT,1,7.760388228893281,7.849607404637337,0.011496741285684342,32,0.9776785714285714,0.08333333333333333,0.0009580617738070285,0.5842190073607879
2026-07-22,2026-07-23,2026-07-24,UUUU,1,12.000600000000002,12.099395381450655,0.008232536827379677,30,0.9799126637554585,0.08333333333333333,0.000686044735614973,0.41834502263191475
2026-07-22,2026-07-23,2026-07-24,OSCR,1,28.83144142370224,29.2485375,0.01446670910996728,29,0.9769911504424778,0.08333333333333333,0.0012055590924972732,0.7351410478834015
2026-07-22,2026-07-23,2026-07-24,RCAT,1,7.755387864446641,8.019599457740783,0.03406813403948217,21,0.9714285714285713,0.08333333333333333,0.002839011169956847,1.7312080838040536
2026-07-22,2026-07-23,2026-07-24,LUNR,1,13.712685493183137,13.519324457740783,-0.014100887498548542,20,0.974561403508772,0.08333333333333333,-0.0011750739582123784,-0.7165514377161881
2026-07-22,2026-07-23,2026-07-24,NVTS,1,11.965598402595521,12.079395923709871,0.009510391146811736,13,0.982142857142857,0.08333333333333333,0.0007925325955676447,0.48328053466086573
2026-07-22,2026-07-23,2026-07-24,RDW,1,8.870443385553362,9.189540080404281,0.03597302648598255,8,0.9928571428571429,0.08333333333333333,0.0029977522071652123,1.828007198141719
2026-07-22,2026-07-23,2026-07-24,ACHR,1,5.100254904627801,5.159741847419739,0.011663523471731274,1,0.9776785714285714,0.08333333333333333,0.0009719602893109395,0.5926942196628278
2026-07-23,2026-07-24,2026-07-27,CRML,1,6.12530625,5.979701019072532,-0.023771094045700658,36,0.9874439461883409,0.08333333333333333,-0.001980924503808388,-1.2069065139499255
2026-07-23,2026-07-24,2026-07-27,ONDS,1,7.9503973092556,7.91960407629013,-0.00387316907164148,36,0.9824561403508772,0.08333333333333333,-0.0003227640893034567,-0.19664862598273838
2026-07-23,2026-07-24,2026-07-27,QS,1,5.030251709818841,4.9897502711296084,-0.008051572968043597,36,0.9746724890829694,0.08333333333333333,-0.000670964414003633,-0.4087946412560048
2026-07-23,2026-07-24,2026-07-27,FLNC,1,14.260713228893282,13.339333152580261,-0.06460967705642062,35,0.9973094170403587,0.08333333333333333,-0.005384139754701718,-3.280363956058577
2026-07-23,2026-07-24,2026-07-27,QUBT,1,7.850392404627801,7.729613519072533,-0.015385076226771655,33,0.9811659192825112,0.08333333333333333,-0.0012820896855643045,-0.7811314313093302
2026-07-23,2026-07-24,2026-07-27,UUUU,1,12.100605381488803,11.559422419595718,-0.044723627027865365,31,0.9799126637554585,0.08333333333333333,-0.0037269689189887802,-2.2707089830878107
2026-07-23,2026-07-24,2026-07-27,OSCR,1,29.251462500000002,28.608570110321043,-0.021978128091166726,30,0.9769911504424778,0.08333333333333333,-0.0018315106742638938,-1.1158740067520152
2026-07-23,2026-07-24,2026-07-27,RCAT,1,8.02040145778656,7.809609442782402,-0.026281978042322574,22,0.9739910313901345,0.08333333333333333,-0.0021901648368602145,-1.3343891718986751
2026-07-23,2026-07-24,2026-07-27,LUNR,1,13.520676457786562,13.029348232984542,-0.03633902684795509,21,0.974561403508772,0.08333333333333333,-0.003028252237329591,-1.8450058768469069
2026-07-23,2026-07-24,2026-07-27,NVTS,1,12.080603923702244,11.274435868549345,-0.06673242995502815,14,0.982142857142857,0.08333333333333333,-0.0055610358295856786,-3.3881404132931516
2026-07-23,2026-07-24,2026-07-27,RDW,1,9.19045908036232,8.799560190725327,-0.04253311898991474,9,0.9946188340807175,0.08333333333333333,-0.003544426582492895,-2.159492460416216
2026-07-23,2026-07-24,2026-07-27,ACHR,1,5.1602578474044805,4.799760190725326,-0.06986039599949023,2,0.9776785714285714,0.08333333333333333,-0.005821699666624186,-3.546953574657017
2026-07-24,2026-07-27,2026-07-28,CRML,1,5.98029901907444,5.8447075402021404,-0.02267302662288706,37,0.9900900900900901,0.1,-0.002267302662288706,-1.3325614681517353
2026-07-24,2026-07-27,2026-07-28,ONDS,1,7.920396076297761,7.739612771129608,-0.022825033423411356,37,0.9824561403508772,0.1,-0.002282503342341136,-1.3414953616563297
2026-07-24,2026-07-27,2026-07-28,FLNC,1,13.340667152595522,12.949352309274673,-0.02933247931642724,36,0.9972972972972973,0.1,-0.0029332479316427243,-1.7239573856880837
2026-07-24,2026-07-27,2026-07-28,QUBT,1,7.7303865190744405,7.7496125000000005,0.0024870659284785823,34,0.9801801801801802,0.1,0.0002487065928478582,0.14617229010343613
2026-07-24,2026-07-27,2026-07-28,UUUU,1,11.56057841963768,11.599420381450654,0.0033598631835751736,32,0.9799126637554585,0.1,0.00033598631835751736,0.19746919064499344
2026-07-24,2026-07-27,2026-07-28,OSCR,1,28.611431110382078,28.098595381450654,-0.017924155102655215,31,0.9769911504424778,0.1,-0.0017924155102655216,-1.0534561104807745
2026-07-24,2026-07-27,2026-07-28,RCAT,1,7.810390442776681,7.564621807217598,-0.03146688214369331,23,0.9739910313901345,0.1,-0.0031466882143693312,-1.8494026124077407
2026-07-24,2026-07-27,2026-07-28,LUNR,1,13.030651232957842,12.699364809274673,-0.025423627550191896,22,0.974561403508772,0.1,-0.00254236275501919,-1.4942224969571667
2026-07-24,2026-07-27,2026-07-28,NVTS,1,11.2755633685112,10.20448967370987,-0.09499070332862236,15,0.9837837837837837,0.1,-0.009499070332862236,-5.582887242790032
2026-07-24,2026-07-27,2026-07-28,RDW,1,8.800440190744402,8.499575,-0.034187516104117965,10,0.9945945945945946,0.1,-0.003418751610411797,-2.0093023930990097
2026-07-27,2026-07-28,2026-07-29,CRML,1,5.84529204018116,5.649717595362663,-0.03345845570659223,38,0.9964125560538116,0.09090909090909091,-0.0030416777915083845,-1.7387064887685966
2026-07-27,2026-07-28,2026-07-29,ONDS,1,7.740386771106721,7.779611209797859,0.00506750371151421,38,0.9824561403508772,0.09090909090909091,0.00046068215559220087,0.26333856117969945
2026-07-27,2026-07-28,2026-07-29,FLNC,1,12.9506473092556,13.2493375,0.023063726747537094,37,0.9973094170403587,0.09090909090909091,0.0020967024315942813,1.198532643071975
2026-07-27,2026-07-28,2026-07-29,QUBT,1,7.7503875,7.599619904637337,-0.01945291062707033,35,0.9801801801801802,0.09090909090909091,-0.0017684464206427573,-1.0108924999206923
2026-07-27,2026-07-28,2026-07-29,UUUU,1,11.600580381488802,11.409429347419739,-0.016477712992195248,33,0.9799126637554585,0.09090909090909091,-0.0014979739083813863,-0.8562829901904789
2026-07-27,2026-07-28,2026-07-29,OSCR,1,28.101405381488803,31.39842961854935,0.11732595549233249,32,0.9769911504424778,0.09090909090909091,0.01066599595384841,6.096975960408759
2026-07-27,2026-07-28,2026-07-29,RCAT,1,7.5653783072233205,7.369631385564804,-0.02587404273909477,24,0.9865470852017937,0.09090909090909091,-0.00235218570355407,-1.3445738917434953
2026-07-27,2026-07-28,2026-07-29,LUNR,1,12.700634809255602,12.349382881450655,-0.02765624971351599,23,0.974561403508772,0.09090909090909091,-0.0025142045194105444,-1.4371882926569326
2026-07-27,2026-07-28,2026-07-29,NVTS,1,10.205510173702242,9.859506656694412,-0.03390359826394751,16,0.9837837837837837,0.09090909090909091,-0.003082145296722501,-1.761838825170727
2026-07-27,2026-07-28,2026-07-29,RDW,1,8.500425000000002,8.57957092370987,0.009310819601357379,11,0.9748878923766816,0.09090909090909091,0.0008464381455779435,0.48384727013698603
2026-07-27,2026-07-28,2026-07-29,QS,1,5.00025,5.119743885564804,0.02389758223384919,0,0.9793721973094172,0.09090909090909091,0.002172507475804472,1.2418648864205668
2026-07-28,2026-07-29,2026-07-30,CRML,1,5.6502825953722,5.429728328347206,-0.039034201086798115,39,0.9865470852017937,0.09090909090909091,-0.003548563735163465,-2.0323828709203933
2026-07-28,2026-07-29,2026-07-30,ONDS,1,7.780389209818841,7.004649864435196,-0.09970443951629859,39,0.9824561403508772,0.09090909090909091,-0.009064039956027146,-5.191283269178484
2026-07-28,2026-07-29,2026-07-30,FLNC,1,13.2506625,12.719364267015457,-0.040095975049137644,38,1.0,0.09090909090909091,-0.0036450886408306953,-2.0876659599491574
2026-07-28,2026-07-29,2026-07-30,QUBT,1,7.6003799046278,7.604619769072532,0.000557849015172307,36,0.9801801801801802,0.09090909090909091,5.0713546833846095e-05,0.029045369225693233
2026-07-28,2026-07-29,2026-07-30,UUUU,1,11.410570347404482,11.059447419595719,-0.030771724560519575,34,0.9799126637554585,0.09090909090909091,-0.0027974295055017795,-1.6021828080050595
2026-07-28,2026-07-29,2026-07-30,OSCR,1,31.401569618511207,30.2484875,-0.03672052488202582,33,0.9769911504424778,0.09090909090909091,-0.00333822953472962,-1.9119173366834008
2026-07-28,2026-07-29,2026-07-30,RCAT,1,7.370368385553361,7.049647690725327,-0.04351487986091407,25,0.9820627802690582,0.09090909090909091,-0.003955898169174007,-2.2656771240898217
2026-07-28,2026-07-29,2026-07-30,LUNR,1,12.350617881488803,11.689415080404281,-0.053536009892714564,24,0.974561403508772,0.09090909090909091,-0.004866909990246779,-2.7874445090199966
2026-07-28,2026-07-29,2026-07-30,NVTS,1,9.860492656660082,10.459477038145065,0.060745887892367234,17,0.9910313901345291,0.09090909090909091,0.005522353444760658,3.162839217761091
2026-07-28,2026-07-29,2026-07-30,RDW,1,8.580428923702241,8.099595381450653,-0.056038403968751815,12,0.9865470852017937,0.09090909090909091,-0.00509440036079562,-2.9177359640730085
2026-07-28,2026-07-29,2026-07-30,QS,1,5.120255885553361,5.099744904637337,-0.004005850757165197,1,0.9793721973094172,0.09090909090909091,-0.00036416825065138154,-0.20857151512394015
2026-07-29,2026-07-30,2026-07-31,FLNC,1,12.720636267042162,15.12424375,0.18895340079688738,39,1.0,0.1,0.01889534007968874,10.485420219277932
2026-07-29,2026-07-30,2026-07-31,QUBT,1,7.605380269074441,8.16959157629013,0.07418581152476067,37,0.9801801801801802,0.1,0.007418581152476067,4.116726160337418
2026-07-29,2026-07-30,2026-07-31,UUUU,1,11.060553419637682,12.189390080404282,0.10205969068079224,35,0.9799126637554585,0.1,0.010205969068079225,5.66350613285844
2026-07-29,2026-07-30,2026-07-31,OSCR,1,30.251512500000004,31.088445652580262,0.027665828364127565,34,0.9769911504424778,0.1,0.002766582836412757,1.5352347980448453
2026-07-29,2026-07-30,2026-07-31,RCAT,1,7.0503526907444005,7.639617866492271,0.08357953163413367,26,0.9820627802690582,0.1,0.008357953163413367,4.638003376591045
2026-07-29,2026-07-30,2026-07-31,LUNR,1,11.69058408036232,12.709364538145065,0.08714538561799312,25,0.974561403508772,0.1,0.008714538561799313,4.835880087482022
2026-07-29,2026-07-30,2026-07-31,NVTS,1,10.460523038148882,11.619418885564803,0.11078756226524233,18,0.9864864864864864,0.1,0.011078756226524234,6.147834018976919
2026-07-29,2026-07-30,2026-07-31,RDW,1,8.100405381488802,8.819558694839477,0.08877991649579631,13,0.9954954954954955,0.1,0.008877991649579631,4.926583631545644
2026-07-29,2026-07-30,2026-07-31,CRML,1,5.430271328330041,5.709714538145065,0.05146026651691482,0,0.9855855855855855,0.1,0.005146026651691483,2.8556380395921317
2026-07-29,2026-07-30,2026-07-31,OKLO,1,38.151909025955206,42.03789891548157,0.10185571282639305,0,0.9738738738738739,0.1,0.010185571282639305,5.652186974220479
2026-07-30,2026-07-31,2026-08-03,QUBT,1,8.170408576297762,8.104594292259216,-0.00805520108620661,38,0.9801801801801802,0.09090909090909091,-0.0007322910078369645,-0.4435041703437392
2026-07-30,2026-07-31,2026-08-03,UUUU,1,12.190609080362321,11.449427309274673,-0.06079940437771947,36,0.9799126637554585,0.09090909090909091,-0.005527218579792679,-3.3475004667614514
2026-07-30,2026-07-31,2026-08-03,OSCR,1,31.091554652595523,30.908454347419738,-0.005889068823404786,35,0.9769911504424778,0.09090909090909091,-0.0005353698930367988,-0.3242410157945905
2026-07-30,2026-07-31,2026-08-03,RCAT,1,7.640381866478921,7.404629959797859,-0.03085603714591678,27,0.9847533632286996,0.09090909090909091,-0.0028050942859924348,-1.6988751749386701
2026-07-30,2026-07-31,2026-08-03,LUNR,1,12.710635538148882,12.209389538145066,-0.03943516423702087,26,0.974561403508772,0.09090909090909091,-0.003585014930638261,-2.1712257223792464
2026-07-30,2026-07-31,2026-08-03,NVTS,1,11.62058088555336,10.47147652206421,-0.09888527732014762,19,0.9864864864864864,0.09090909090909091,-0.008989570665467966,-5.4444367567905765
2026-07-30,2026-07-31,2026-08-03,RDW,1,8.82044069480896,8.389580843305588,-0.04884788259581452,14,0.9811659192825112,0.09090909090909091,-0.0044407165996195016,-2.689472231897728
2026-07-30,2026-07-31,2026-08-03,CRML,1,5.710285538148881,5.469726290202141,-0.0421273588403992,1,0.9964125560538116,0.09090909090909091,-0.0038297598945817453,-2.319452876636109
2026-07-30,2026-07-31,2026-08-03,OKLO,1,42.042102915573125,38.79805923709869,-0.07716178434244747,1,0.9738738738738739,0.09090909090909091,-0.007014707667495225,-4.2483822291710736
2026-07-30,2026-07-31,2026-08-03,FLNC,1,15.125756250000002,13.479325542259216,-0.1088494803518194,0,0.9919282511210762,0.09090909090909091,-0.009895407304710856,-5.993046971657262
2026-07-30,2026-07-31,2026-08-03,QS,1,5.32026617166996,5.199739809274673,-0.02265419783639422,0,0.9838565022421525,0.09090909090909091,-0.0020594725305812926,-1.2472973807491172
2026-07-31,2026-08-03,2026-08-04,QUBT,1,8.105404792213442,8.979550542259217,0.10784726641728426,39,0.9801801801801802,0.09090909090909091,0.009804296947025842,5.64355882414185
2026-07-31,2026-08-03,2026-08-04,UUUU,1,11.450572309255602,12.599370381450655,0.10032669469861077,37,0.9799126637554585,0.09090909090909091,0.009120608608964615,5.250013486411257
2026-07-31,2026-08-03,2026-08-04,OSCR,1,30.911545347404484,30.96845081338882,0.0018409130098413495,36,0.9769911504424778,0.09090909090909091,0.0001673557281673954,0.09633346496673585
2026-07-31,2026-08-03,2026-08-04,RCAT,1,7.405370459818841,8.549572690725327,0.15450978949869798,28,0.9802690582959641,0.09090909090909091,0.014046344499881635,8.085370310340357
2026-07-31,2026-08-03,2026-08-04,LUNR,1,12.210610538148881,13.71431440258026,0.12314731190004369,27,0.974561403508772,0.09090909090909091,0.011195210172731245,6.444197630877152
2026-07-31,2026-08-03,2026-08-04,NVTS,1,10.472523722076417,12.349382881450655,0.1792174655491836,20,0.9793721973094169,0.09090909090909091,0.0162924968681076,9.37830269361687
2026-07-31,2026-08-03,2026-08-04,RDW,1,8.39041984333992,9.899504618549345,0.17985807663811904,15,0.990134529147982,0.09090909090909091,0.016350734239829003,9.411825345455037
2026-07-31,2026-08-03,2026-08-04,CRML,1,5.470273290181161,6.7496625,0.2338803094381543,2,0.9946188340807175,0.09090909090909091,0.021261846312559483,12.23876439311571
2026-07-31,2026-08-03,2026-08-04,OKLO,1,38.8019392370224,42.107895110321046,0.08520078991681701,2,0.9738738738738739,0.09090909090909091,0.007745526356074274,4.458487319450937
2026-07-31,2026-08-03,2026-08-04,FLNC,1,13.480673542213442,15.699214809274673,0.16457198967945352,1,0.9946188340807175,0.09090909090909091,0.014961089970859412,8.611916976814639
2026-07-31,2026-08-03,2026-08-04,QS,1,5.2002598092556,5.459727038145066,0.04989505109488124,1,0.9838565022421525,0.09090909090909091,0.0045359137358982945,2.61096702069397
2026-08-03,2026-08-04,2026-08-05,UUUU,1,12.600630381488804,13.199339809274674,0.04751424410205818,38,0.9799126637554585,0.09090909090909091,0.004319476736550744,2.798376017946679
2026-08-03,2026-08-04,2026-08-05,OSCR,1,30.97154781332016,30.548471737098694,-0.013660152820632043,37,0.9769911504424778,0.09090909090909091,-0.001241832074602913,-0.8045217760938249
2026-08-03,2026-08-04,2026-08-05,RCAT,1,8.550427690744401,8.899554618549347,0.04083151632085791,29,0.9802690582959641,0.09090909090909091,0.003711956029168901,2.4047933037355778
2026-08-03,2026-08-04,2026-08-05,LUNR,1,13.71568590259552,13.824308559274673,0.007919593482276888,28,0.974561403508772,0.09090909090909091,0.0007199630438433534,0.46642856035103114
2026-08-03,2026-08-04,2026-08-05,NVTS,1,12.350617881488803,12.269386957740783,-0.006577073675785083,21,0.9793721973094169,0.09090909090909091,-0.0005979157887077348,-0.3873601609456759
2026-08-03,2026-08-04,2026-08-05,RDW,1,9.9004946185112,10.649467118549346,0.07565000829734037,16,0.990134529147982,0.09090909090909091,0.006877273481576397,4.45544642406664
2026-08-03,2026-08-04,2026-08-05,CRML,1,6.7503375000000005,6.6596668474197385,-0.013432017670266472,3,0.9981981981981982,0.09090909090909091,-0.0012210925154787701,-0.7910856382429857
2026-08-03,2026-08-04,2026-08-05,FLNC,1,15.700784809255602,15.269236957740784,-0.027485750346722848,2,0.9918918918918919,0.09090909090909091,-0.0024987045769748043,-1.618787503813137
2026-08-03,2026-08-04,2026-08-05,QS,1,5.46027303814888,5.569721671652794,0.020044534904983147,2,0.9882882882882883,0.09090909090909091,0.001822230445907559,1.1805332659510879
2026-08-03,2026-08-04,2026-08-05,JOBY,1,7.690384557223321,7.939603057217598,0.03240650687099844,0,0.9783783783783784,0.09090909090909091,0.0029460460791816767,1.9085980081770484
2026-08-03,2026-08-04,2026-08-05,ONDS,1,8.665433211851122,8.989550271129609,0.03740344554675179,0,0.9765765765765766,0.09090909090909091,0.00340031323152289,2.2028952998132776
2026-08-04,2026-08-05,2026-08-06,OSCR,1,30.551526737022403,27.528624186611175,-0.09894440223663414,38,0.9769911504424778,0.1,-0.009894440223663415,-6.525743915251091
2026-08-04,2026-08-05,2026-08-06,RCAT,1,8.900444618511202,8.251587255048753,-0.07290167977821593,30,0.9802690582959641,0.1,-0.007290167977821594,-4.808131460398417
2026-08-04,2026-08-05,2026-08-06,LUNR,1,13.825691059255602,13.739312771129608,-0.006247665144243797,29,0.974561403508772,0.1,-0.0006247665144243797,-0.4120562849232107
2026-08-04,2026-08-05,2026-08-06,NVTS,1,12.270613957786562,11.879406114435197,-0.03188168454302298,22,0.9705357142857143,0.1,-0.0031881684543022984,-2.102713283536882
2026-08-04,2026-08-05,2026-08-06,RDW,1,10.6505321185112,12.239387771129609,0.1491808704897375,17,0.9758928571428571,0.1,0.01491808704897375,9.839022075670506
2026-08-04,2026-08-05,2026-08-06,CRML,1,6.66033284740448,6.364681521129608,-0.0443898725557067,4,1.0,0.1,-0.00443898725557067,-2.9276738671520475
2026-08-04,2026-08-05,2026-08-06,FLNC,1,15.270763957786562,12.81135967464447,-0.16105312674210004,3,0.9866071428571429,0.1,-0.016105312674210004,-10.622040642136424
2026-08-04,2026-08-05,2026-08-06,QS,1,5.570278671669961,5.439728057217598,-0.0234369987836216,3,0.9767857142857144,0.1,-0.00234369987836216,-1.545755482338327
2026-08-04,2026-08-05,2026-08-06,JOBY,1,7.940397057223321,8.149592118549347,0.02634566758040413,1,0.9783783783783784,0.1,0.002634566758040413,1.7375927896848211
2026-08-04,2026-08-05,2026-08-06,ONDS,1,8.990449271106721,8.619568885564805,-0.04125270877550491,1,0.9765765765765766,0.1,-0.004125270877550491,-2.7207664829340237
2026-08-05,2026-08-06,2026-08-07,OSCR,1,27.531377186679844,26.498675,-0.03751000829626072,39,0.9769911504424778,0.09090909090909091,-0.0034100007542055204,-2.1804063145760697
2026-08-05,2026-08-06,2026-08-07,RCAT,1,8.252412455034257,8.509574728870392,0.031162072331861967,31,0.9802690582959641,0.09090909090909091,0.002832915666532906,1.8114093377697658
2026-08-05,2026-08-06,2026-08-07,LUNR,1,13.740686771106722,15.079245923709871,0.09741573874006138,30,0.974561403508772,0.09090909090909091,0.00885597624909649,5.662645825356874
2026-08-05,2026-08-06,2026-08-07,NVTS,1,11.880594114446641,12.859356656694413,0.08238329942251044,23,0.9705357142857143,0.09090909090909091,0.0074893908565918585,4.788830353160962
2026-08-05,2026-08-06,2026-08-07,RDW,1,12.240611771106721,12.419379076290129,0.014604442043115728,18,0.96875,0.09090909090909091,0.0013276765493741571,0.8489365664801566
2026-08-05,2026-08-06,2026-08-07,CRML,1,6.365318021106721,6.989650271129608,0.09808343400167385,5,0.9964285714285714,0.09090909090909091,0.008916675818333986,5.7014580525665775
2026-08-05,2026-08-06,2026-08-07,FLNC,1,12.812640874671937,13.369331385564804,0.04344853776346258,4,0.9866071428571428,0.09090909090909091,0.003949867069405689,2.525605042534596
2026-08-05,2026-08-06,2026-08-07,QS,1,5.4402720572233205,5.689715557217598,0.04585129151088663,4,0.9875,0.09090909090909091,0.0041682992282624206,2.6652738850972617
2026-08-05,2026-08-06,2026-08-07,JOBY,1,8.1504071185112,8.399579618549346,0.03057178572984709,2,0.9783783783783784,0.09090909090909091,0.0027792532481679174,1.777096771793309
2026-08-05,2026-08-06,2026-08-07,ONDS,1,8.620430885553361,8.939552580404282,0.037019227819078626,2,0.9765765765765766,0.09090909090909091,0.0033653843471889663,2.151877905756038
2026-08-05,2026-08-06,2026-08-07,QUBT,1,8.520426457786561,8.939552580404282,0.04919074469972018,0,0.9723214285714286,0.09090909090909091,0.004471885881792744,2.859391805910671
2026-08-06,2026-08-07,2026-08-10,RCAT,1,8.510425728893281,9.289535461854936,0.09154768019613191,32,0.9802690582959641,0.1,0.009154768019613192,6.115342454314541
2026-08-06,2026-08-07,2026-08-10,LUNR,1,15.080753923702243,16.499175,0.09405505079347809,31,0.974561403508772,0.1,0.00940550507934781,6.282833643930713
2026-08-06,2026-08-07,2026-08-10,NVTS,1,12.860642656660081,14.16929157629013,0.10175610617346131,24,0.9705357142857143,0.1,0.010175610617346132,6.797260561219533
2026-08-06,2026-08-07,2026-08-10,RDW,1,12.42062107629776,13.389330843305588,0.07799205539378495,19,0.9776785714285714,0.1,0.007799205539378496,5.209833022825373
2026-08-06,2026-08-07,2026-08-10,CRML,1,6.99034927110672,7.37463125,0.05497321578503045,6,0.9892857142857143,0.1,0.005497321578503045,3.672185244018835
2026-08-06,2026-08-07,2026-08-10,FLNC,1,13.370668385553362,13.264337093305588,-0.007952578673079747,5,0.9892857142857142,0.1,-0.0007952578673079747,-0.5312285562733005
2026-08-06,2026-08-07,2026-08-10,QS,1,5.690284557223321,6.049697690725327,0.06316259404738589,5,0.9749999999999999,0.1,0.006316259404738589,4.219231902710018
2026-08-06,2026-08-07,2026-08-10,JOBY,1,8.4004196185112,8.801559945774079,0.04775241541254949,3,0.9783783783783784,0.1,0.004775241541254949,3.189839137843784
2026-08-06,2026-08-07,2026-08-10,ONDS,1,8.940446580362321,9.479525542259216,0.06029664816531444,3,0.9765765765765766,0.1,0.006029664816531444,4.027788050863075
2026-08-06,2026-08-07,2026-08-10,QUBT,1,8.940446580362321,9.16954157629013,0.02562455844554945,1,0.9758928571428571,0.1,0.002562455844554945,1.7117085850718672
2026-08-07,2026-08-10,2026-08-11,RCAT,1,9.290464461851121,9.859506656694412,0.061250134175736326,33,0.9802690582959641,0.1,0.006125013417573633,4.3405320583883755
2026-08-07,2026-08-10,2026-08-11,NVTS,1,14.17070857629776,13.619318885564804,-0.03891052361737379,25,0.9705357142857143,0.1,-0.0038910523617373795,-2.757420492913697
2026-08-07,2026-08-10,2026-08-11,RDW,1,13.390669843339921,13.269336957740784,-0.00906100195275028,20,0.9776785714285714,0.1,-0.0009061001952750281,-0.6421140130761103
2026-08-07,2026-08-10,2026-08-11,CRML,1,7.375368750000001,6.819659171652794,-0.07534668396711786,7,0.9982062780269059,0.1,-0.007534668396711786,-5.339493564441663
2026-08-07,2026-08-10,2026-08-11,FLNC,1,13.265663593339921,13.279335732984542,0.0010306412150753452,6,0.9946188340807175,0.1,0.00010306412150753453,0.0730370846518575
2026-08-07,2026-08-10,2026-08-11,QS,1,6.050302690744401,6.219688790202141,0.027996301691957104,6,0.9847533632286996,0.1,0.0027996301691957104,1.9839767968768154
2026-08-07,2026-08-10,2026-08-11,JOBY,1,8.802440145778657,8.429578805160522,-0.04235886122974053,4,0.9783783783783784,0.1,-0.004235886122974053,-3.00178926297516
2026-08-07,2026-08-10,2026-08-11,ONDS,1,9.48047354221344,9.409529347419738,-0.007483191053464844,4,0.9775784753363228,0.1,-0.0007483191053464845,-0.5303013798045898
2026-08-07,2026-08-10,2026-08-11,QUBT,1,9.17045857629776,9.159541847419739,-0.0011904234436254102,2,0.9758928571428571,0.1,-0.00011904234436254102,-0.0843601600167607
2026-08-07,2026-08-10,2026-08-11,ACHR,1,6.410320347404481,6.229688519072533,-0.02817828416408008,0,0.9721973094170404,0.1,-0.0028178284164080084,-1.9968731074717965
2026-08-10,2026-08-11,2026-08-12,RCAT,1,9.860492656660082,10.879456114435197,0.10333798657482651,34,0.9802690582959641,0.09090909090909091,0.00939436241589332,6.581982202043497
2026-08-10,2026-08-11,2026-08-12,NVTS,1,13.62068088555336,14.339283152580261,0.05275817509160485,26,0.9705357142857143,0.09090909090909091,0.004796197735600441,3.360365156851525
2026-08-10,2026-08-11,2026-08-12,RDW,1,13.270663957786562,13.649317118549344,0.028533098416722913,21,0.9776785714285714,0.09090909090909091,0.002593918037883901,1.8173795733095448
2026-08-10,2026-08-11,2026-08-12,CRML,1,6.820341171669961,6.899655095362664,0.011629025835562912,8,0.9946188340807175,0.09090909090909091,0.0010571841668693556,0.7406960752167876
2026-08-10,2026-08-11,2026-08-12,FLNC,1,13.28066373295784,13.504324864435196,0.016841110954590954,7,0.9973094170403587,0.09090909090909091,0.001531010086780996,1.0726732370142806
2026-08-10,2026-08-11,2026-08-12,QS,1,6.220310790181161,6.499675,0.04491161603369065,7,0.9811659192825112,0.09090909090909091,0.004082874184880968,2.860588513447718
2026-08-10,2026-08-11,2026-08-12,JOBY,1,8.430421805191042,8.459577038145065,0.00345833620520275,5,0.9783783783783784,0.09090909090909091,0.00031439420047297726,0.22027434543486857
2026-08-10,2026-08-11,2026-08-12,ONDS,1,9.41047034740448,9.92950380516052,0.05515489009528585,5,0.9856502242152466,0.09090909090909091,0.0050140809177532586,3.513020884144762
2026-08-10,2026-08-11,2026-08-12,QUBT,1,9.160457847404482,9.149542118549345,-0.0011916138949572552,3,0.9758928571428571,0.09090909090909091,-0.00010832853590520503,-0.07589833814535543
2026-08-10,2026-08-11,2026-08-12,ACHR,1,6.230311519074441,6.852657514023781,0.09989002845908956,1,0.9721973094170404,0.09090909090909091,0.009080911678099051,6.362368875875784
2026-08-10,2026-08-11,2026-08-12,MARA,1,10.100505381488803,10.129493614435196,0.002869978466574441,0,0.9856502242152467,0.09090909090909091,0.00026090713332494917,0.18279964428727083
2026-08-11,2026-08-12,2026-08-13,RCAT,1,10.880544114446641,10.019499457740784,-0.07913617624716074,35,0.9802690582959641,0.09090909090909091,-0.007194197840650976,-5.231852968551554
2026-08-11,2026-08-12,2026-08-13,NVTS,1,14.340717152595522,13.774310868549346,-0.039496370928957525,27,0.9705357142857143,0.09090909090909091,-0.0035905791753597753,-2.611185115215793
2026-08-11,2026-08-12,2026-08-13,RDW,1,13.650682118511199,12.949352309274673,-0.05137690579472787,22,0.9776785714285714,0.09090909090909091,-0.004670627799520715,-3.396631349202754
2026-08-11,2026-08-12,2026-08-13,CRML,1,6.9003450953722005,6.45467717370987,-0.06458632365520722,9,0.9946428571428572,0.09090909090909091,-0.005871483968655202,-4.2699327307395745
2026-08-11,2026-08-12,2026-08-13,FLNC,1,13.505675364446642,12.969351767015457,-0.039710979492594944,8,0.9973214285714286,0.09090909090909091,-0.0036100890447813587,-2.6253733222279214
2026-08-11,2026-08-12,2026-08-13,QS,1,6.500325000000001,6.349682404637337,-0.0231746251706898,8,0.9811659192825112,0.09090909090909091,-0.0021067841064263456,-1.5321214297196104
2026-08-11,2026-08-12,2026-08-13,JOBY,1,8.46042303814888,7.849607404637337,-0.07219681932656508,6,0.9783783783783784,0.09090909090909091,-0.006563347211505916,-4.773078021029878
2026-08-11,2026-08-12,2026-08-13,ONDS,1,9.930496805191039,8.979550542259217,-0.09576019020868398,6,0.9857142857142857,0.09090909090909091,-0.00870547183715309,-6.330900217463309
2026-08-11,2026-08-12,2026-08-13,QUBT,1,9.150457118511198,8.869556385564804,-0.03069800003522638,4,0.9758928571428571,0.09090909090909091,-0.002790727275929671,-2.029506986934526
2026-08-11,2026-08-12,2026-08-13,ACHR,1,6.853342814040185,6.209689538145065,-0.09391814963297784,2,0.9714285714285713,0.09090909090909091,-0.008538013602997985,-6.209119182401657
2026-08-11,2026-08-12,2026-08-13,MARA,1,10.130506614446642,9.489525271129608,-0.06327238781947586,1,0.9821428571428572,0.09090909090909091,-0.0057520352563159875,-4.183065770157763
2026-08-12,2026-08-13,2026-08-14,RCAT,1,10.020501457786562,11.369431385564804,0.1346170082865501,36,0.9802690582959641,0.09090909090909091,0.012237909844231827,8.371214008126579
2026-08-12,2026-08-13,2026-08-14,NVTS,1,13.775688368511199,13.764312093305588,-0.0008258226305130068,28,0.9705357142857143,0.09090909090909091,-7.507478459209153e-05,-0.05135411981569888
2026-08-12,2026-08-13,2026-08-14,CRML,1,6.45532267370224,6.689665557217598,0.03630227261450858,10,0.9964285714285714,0.09090909090909091,0.003300206601318962,2.2574717482246034
2026-08-12,2026-08-13,2026-08-14,FLNC,1,12.970648767042162,12.99935,0.002212783143952457,9,0.9973214285714286,0.09090909090909091,0.0002011621039956779,0.13760282959320472
2026-08-12,2026-08-13,2026-08-14,QS,1,6.350317404627801,6.2496875,-0.015846436991396096,9,0.9811659192825112,0.09090909090909091,-0.0014405851810360088,-0.9854171995777741
2026-08-12,2026-08-13,2026-08-14,JOBY,1,7.850392404627801,8.054597555160523,0.026012094683616427,7,0.9783783783783784,0.09090909090909091,0.0023647358803287662,1.6175728027820164
2026-08-12,2026-08-13,2026-08-14,ONDS,1,8.980448542213441,9.42952880516052,0.050006440194622304,7,0.982142857142857,0.09090909090909091,0.004546040017692937,3.109671043667006
2026-08-12,2026-08-13,2026-08-14,QUBT,1,8.870443385553362,8.789560461854935,-0.009118250371808356,5,0.9758928571428571,0.09090909090909091,-0.0008289318519825779,-0.5670221483425575
2026-08-12,2026-08-13,2026-08-14,ACHR,1,6.210310538148881,6.919654076290131,0.11422030086641777,3,0.9758928571428571,0.09090909090909091,0.010383663715128888,7.102836371092652
2026-08-12,2026-08-13,2026-08-14,MARA,1,9.490474271106722,9.009549728870391,-0.05067444771442886,2,0.9821428571428572,0.09090909090909091,-0.004606767974038988,-3.15121136593769
2026-08-12,2026-08-13,2026-08-14,MNST,1,46.44232062664032,46.50767282161713,0.0014071690237487111,0,0.9928571428571429,0.09090909090909091,0.00012792445670442828,0.08750538429982292
2026-08-13,2026-08-14,2026-08-17,RCAT,1,11.37056838555336,10.839458152580262,-0.04670920704789827,37,0.9802690582959641,0.09090909090909091,-0.004246291549808934,-2.9804719880909905
2026-08-13,2026-08-14,2026-08-17,NVTS,1,13.765688593339922,14.93425366959572,0.084889692828092,29,0.9705357142857143,0.09090909090909091,0.007717244802553818,5.416734034733766
2026-08-13,2026-08-14,2026-08-17,CRML,1,6.690334557223321,6.521673735976219,-0.025209624392401153,11,0.9964285714285714,0.09090909090909091,-0.002291784035672832,-1.6086031872645083
2026-08-13,2026-08-14,2026-08-17,FLNC,1,13.000650000000002,13.129343614435196,0.009899013852014749,10,0.9973214285714286,0.09090909090909091,0.000899910350183159,0.6316470640445652
2026-08-13,2026-08-14,2026-08-17,QS,1,6.250312500000001,6.149692595362663,-0.0160983798229829,10,0.9811659192825112,0.09090909090909091,-0.0014634890748166274,-1.0272229641331212
2026-08-13,2026-08-14,2026-08-17,JOBY,1,8.055403055191041,7.849607404637337,-0.025547529917958167,8,0.9783783783783784,0.09090909090909091,-0.002322502719814379,-1.63016463129654
2026-08-13,2026-08-14,2026-08-17,ONDS,1,9.43047180519104,9.069546194839479,-0.03827227500461727,8,0.9741071428571428,0.09090909090909091,-0.0034792977276924793,-2.442119033508822
2026-08-13,2026-08-14,2026-08-17,QUBT,1,8.79043946185112,8.919554076290131,0.014688072763522797,6,0.9758928571428571,0.09090909090909091,0.001335279342138436,0.937232554297702
2026-08-13,2026-08-14,2026-08-17,ACHR,1,6.92034607629776,6.479676019072532,-0.06367745953262749,4,0.9678571428571429,0.09090909090909091,-0.00578885995751159,-4.063200735032251
2026-08-13,2026-08-14,2026-08-17,MARA,1,9.01045072889328,9.219539267015458,0.023205114196086285,3,0.9821428571428572,0.09090909090909091,0.002109555836007844,1.480697216096281
2026-08-13,2026-08-14,2026-08-17,MNST,1,46.512323821449286,46.497675,-0.0003149449489024958,1,0.9928571428571429,0.09090909090909091,-2.8631358991135983e-05,-0.020096350533890604
2026-08-14,2026-08-17,2026-08-18,RCAT,1,10.840542152595521,9.849507881450656,-0.09141925350178037,38,0.9802690582959641,0.09090909090909091,-0.00831084122743458,-5.789285624826059
2026-08-14,2026-08-17,2026-08-18,NVTS,1,14.935747169637681,13.739312771129608,-0.08010542659293662,30,0.9705357142857143,0.09090909090909091,-0.0072823115084487845,-5.072817561740599
2026-08-14,2026-08-17,2026-08-18,CRML,1,6.522325935959817,6.219688790202141,-0.0464001874069393,12,0.9964285714285714,0.09090909090909091,-0.0042181988551763,-2.938373785112973
2026-08-14,2026-08-17,2026-08-18,FLNC,1,13.130656614446641,12.049397690725327,-0.08234614273072138,11,0.9955357142857143,0.09090909090909091,-0.007486012975520126,-5.214714867055396
2026-08-14,2026-08-17,2026-08-18,QS,1,6.150307595372201,5.8497074046373365,-0.04887563525457672,11,0.9811659192825112,0.09090909090909091,-0.004443239568597884,-3.0951358903630983
2026-08-14,2026-08-17,2026-08-18,JOBY,1,7.850392404627801,7.669616576290131,-0.023027616840032517,9,0.9821428571428572,0.09090909090909091,-0.002093419712730229,-1.4582644906787223
2026-08-14,2026-08-17,2026-08-18,ONDS,1,9.070453194808962,8.584570788145065,-0.05356759979115144,9,0.9741071428571428,0.09090909090909091,-0.004869781799195586,-3.3922628281066523
2026-08-14,2026-08-17,2026-08-18,QUBT,1,8.920446076297761,8.499575,-0.047180496658798754,7,0.9758928571428571,0.09090909090909091,-0.004289136059890796,-2.9877882460899574
2026-08-14,2026-08-17,2026-08-18,ACHR,1,6.480324019074441,6.1696915762901305,-0.04793470849142467,5,0.9678571428571429,0.09090909090909091,-0.0043577007719476975,-3.035550041920087
2026-08-14,2026-08-17,2026-08-18,MARA,1,9.220461267042161,9.359531656694413,0.01508280178447774,4,0.9830357142857142,0.09090909090909091,0.0013711637985888855,0.9551450510507319
2026-08-14,2026-08-17,2026-08-18,MNST,1,46.502325000000006,45.927703805160526,-0.012356827208950927,2,0.9866071428571428,0.09090909090909091,-0.001123347928086448,-0.7825178984626685
2026-08-17,2026-08-18,2026-08-19,RCAT,1,9.850492881488803,10.059497419595719,0.021217673127776226,39,0.9776785714285714,0.1,0.002121767312777623,1.4083927620843377
2026-08-17,2026-08-18,2026-08-19,CRML,1,6.220310790181161,6.279686209797859,0.009545410449655067,13,0.9928571428571429,0.1,0.0009545410449655067,0.6336079789455876
2026-08-17,2026-08-18,2026-08-19,FLNC,1,12.050602690744402,11.789410461854935,-0.02167461956820449,12,0.9955357142857143,0.1,-0.002167461956820449,-1.438724083312813
2026-08-17,2026-08-18,2026-08-19,QS,1,5.8502924046278,5.829708423709869,-0.00351845335143397,12,0.9811659192825112,0.1,-0.000351845335143397,-0.23354890067581807
2026-08-17,2026-08-18,2026-08-19,JOBY,1,7.670383576297761,7.6996148092746735,0.0038109219292814522,10,0.9830357142857142,0.1,0.0003810921929281452,0.2529624634023669
2026-08-17,2026-08-18,2026-08-19,ONDS,1,8.58542928814888,8.929553805160522,0.040082389064302504,10,0.9741071428571428,0.1,0.00400823890643025,2.6606002602288474
2026-08-17,2026-08-18,2026-08-19,QUBT,1,8.500425000000002,8.359581656694413,-0.016568976645942812,8,0.9758928571428571,0.1,-0.0016568976645942814,-1.0998202603442613
2026-08-17,2026-08-18,2026-08-19,ACHR,1,6.170308576297761,6.29468532629013,0.020157298205496943,6,0.9678571428571429,0.1,0.0020157298205496946,1.3380068928780284
2026-08-17,2026-08-18,2026-08-19,MARA,1,9.36046765666008,8.90955434741974,-0.04817209201289341,5,0.9830357142857142,0.1,-0.004817209201289341,-3.1975808712314966
2026-08-17,2026-08-18,2026-08-19,MNST,1,45.932296805191044,47.27763477935792,0.029289586363876907,3,0.9946428571428572,0.1,0.002928958636387691,1.9441925224743906
2026-08-18,2026-08-19,2026-08-20,CRML,1,6.28031420981884,6.064696807217598,-0.03433226354568997,14,0.9857142857142858,0.1,-0.0034332263545689967,-2.2865897038351872
2026-08-18,2026-08-19,2026-08-20,FLNC,1,11.790589461851122,11.56942119483948,-0.018758033067578173,13,0.9955357142857143,0.1,-0.0018758033067578174,-1.2493183043245288
2026-08-18,2026-08-19,2026-08-20,QS,1,5.83029142370224,5.809709442782402,-0.003530180470253219,13,0.9811659192825112,0.1,-0.0003530180470253219,-0.23511628661531786
2026-08-18,2026-08-19,2026-08-20,JOBY,1,7.700384809255601,7.679615828347206,-0.002697135457884081,11,0.9830357142857142,0.1,-0.0002697135457884081,-0.17963400984729921
2026-08-18,2026-08-19,2026-08-20,ONDS,1,8.93044680519104,8.889555843305589,-0.004578825984572599,11,0.9741071428571428,0.1,-0.0004578825984572599,-0.3049579395789969
2026-08-18,2026-08-19,2026-08-20,QUBT,1,8.360417656660081,8.469576767015457,0.013056657554472606,9,0.9758928571428571,0.1,0.0013056657554472606,0.869596573229934
2026-08-18,2026-08-19,2026-08-20,ACHR,1,6.29531482629776,6.309684442782402,0.0022825890175681707,7,0.9678571428571429,0.1,0.00022825890175681707,0.1520244809583458
2026-08-18,2026-08-19,2026-08-20,MARA,1,8.910445347404481,10.209489538145066,0.14578891852122555,6,0.9830357142857142,0.1,0.014578891852122557,9.709800799480085
2026-08-18,2026-08-19,2026-08-20,MNST,1,47.282362779235854,47.067646194839476,-0.0045411559781582955,4,0.9866071428571428,0.1,-0.00045411559781582955,-0.3024490502744592
2026-08-18,2026-08-19,2026-08-20,RDW,1,12.570628194808963,12.289385461854934,-0.022373005437402727,0,0.9892857142857143,0.1,-0.0022373005437402727,-1.4900818819863697
2026-08-19,2026-08-20,2026-08-21,CRML,1,6.065303307223321,5.9997,-0.010816162671567042,15,0.9874439461883409,0.09090909090909091,-0.000983287515597004,-0.6594264589841994
2026-08-19,2026-08-20,2026-08-21,FLNC,1,11.570578194808963,11.339433152580261,-0.019976965570519423,14,0.9982062780269059,0.09090909090909091,-0.0018160877791381293,-1.2179309860091387
2026-08-19,2026-08-20,2026-08-21,QS,1,5.81029044277668,5.799710190725326,-0.001820950631565621,14,0.9811659192825112,0.09090909090909091,-0.00016554096650596556,-0.11101747111430878
2026-08-19,2026-08-20,2026-08-21,JOBY,1,7.680383828330041,7.6996148092746735,0.0025039088376932472,12,0.9830357142857142,0.09090909090909091,0.0002276280761539316,0.15265522427836076
2026-08-19,2026-08-20,2026-08-21,ONDS,1,8.890444843339921,8.389580843305588,-0.05633733844145539,12,0.9741071428571428,0.09090909090909091,-0.00512157622195049,-3.4347053317441474
2026-08-19,2026-08-20,2026-08-21,QUBT,1,8.470423767042162,8.239587771129608,-0.027252000875176985,10,0.9758928571428571,0.09090909090909091,-0.0024774546250160897,-1.6614663613180176
2026-08-19,2026-08-20,2026-08-21,ACHR,1,6.31031544277668,6.144692730927467,-0.026246344315290826,8,0.9678571428571429,0.09090909090909091,-0.002386031301390075,-1.6001547331207797
2026-08-19,2026-08-20,2026-08-21,MARA,1,10.210510538148881,11.699414809274673,0.1458207467259245,7,0.9830357142857142,0.09090909090909091,0.01325643152053859,8.890219348557267
2026-08-19,2026-08-20,2026-08-21,MNST,1,47.07235319480896,47.59761847419738,0.011158679006647798,5,0.9919282511210762,0.09090909090909091,0.001014425364240709,0.6803085722479254
2026-08-19,2026-08-20,2026-08-21,RDW,1,12.29061446185112,11.9994,-0.02369405229942101,1,0.9919282511210762,0.09090909090909091,-0.002154004754492819,-1.4445497429385419
2026-08-19,2026-08-20,2026-08-21,RCAT,1,9.7754883685112,9.599520381450654,-0.018000940763979956,0,0.9775784753363228,0.09090909090909091,-0.0016364491603618142,-1.0974591439512684
2026-08-20,2026-08-21,2026-08-24,CRML,1,6.000300000000001,6.949652309274674,0.15821747400541186,16,0.9857142857142858,0.1,0.015821747400541188,10.586289536054695
2026-08-20,2026-08-21,2026-08-24,FLNC,1,11.340567152595522,11.129443614435196,-0.018616664873943756,15,0.9973214285714286,0.1,-0.0018616664873943756,-1.2456361460082883
2026-08-20,2026-08-21,2026-08-24,QS,1,5.8002901907444,5.809709442782402,0.001623927722277152,15,0.9811659192825112,0.1,0.0001623927722277152,0.10865657640990851
2026-08-20,2026-08-21,2026-08-24,JOBY,1,7.700384809255601,7.449627309274674,-0.03256428168103043,13,0.9830357142857142,0.1,-0.003256428168103043,-2.178867514957534
2026-08-20,2026-08-21,2026-08-24,ONDS,1,8.39041984333992,8.524573368549348,0.015988893013013428,13,0.9741071428571428,0.1,0.0015988893013013429,1.0698126225360696
2026-08-20,2026-08-21,2026-08-24,QUBT,1,8.240411771106722,8.619568885564805,0.04601191360212331,11,0.98125,0.1,0.0046011913602123315,3.0786450268024725
2026-08-20,2026-08-21,2026-08-24,ACHR,1,6.14530723092556,6.209689538145065,0.01047666207728537,9,0.9678571428571429,0.1,0.0010476662077285371,0.7009907016828842
2026-08-20,2026-08-21,2026-08-24,MNST,1,47.6023784740448,48.09759347419738,0.010403156649464451,6,0.9821428571428571,0.1,0.0010403156649464451,0.6960724728571781
2026-08-20,2026-08-21,2026-08-24,RDW,1,12.000600000000002,11.7494125,-0.020931245104411578,2,0.9928571428571429,0.1,-0.0020931245104411577,-1.4005040999317748
2026-08-20,2026-08-21,2026-08-24,RCAT,1,9.600480381488802,9.359531656694413,-0.02509756962359666,1,0.9775784753363228,0.1,-0.002509756962359666,-1.6792717767545542
2026-08-21,2026-08-24,2026-08-25,CRML,1,6.9503473092556005,6.729663519072533,-0.03175147663328837,17,0.9946428571428572,0.1,-0.003175147663328837,-2.155290551699904
2026-08-21,2026-08-24,2026-08-25,FLNC,1,11.130556614446641,11.769411957740784,0.057396531496453296,16,0.9946428571428572,0.1,0.00573965314964533,3.8960771325185455
2026-08-21,2026-08-24,2026-08-25,QS,1,5.81029044277668,5.809709442782402,-9.999500025015262e-05,16,0.9811659192825112,0.1,-9.999500025015263e-06,-0.006787661617930339
2026-08-21,2026-08-24,2026-08-25,JOBY,1,7.4503723092556005,7.319634171652794,-0.017547866358355035,14,0.98125,0.1,-0.0017547866358355035,-1.1911493440592866
2026-08-21,2026-08-24,2026-08-25,ONDS,1,8.525425868511201,8.299585190725326,-0.026490251779681895,14,0.9794642857142857,0.1,-0.00264902517796819,-1.7981585559722346
2026-08-21,2026-08-24,2026-08-25,QUBT,1,8.620430885553361,8.447577554225921,-0.020051588328040326,12,0.98125,0.1,-0.0020051588328040327,-1.361102016423782
2026-08-21,2026-08-24,2026-08-25,ACHR,1,6.210310538148881,6.129693614435196,-0.012981142121391342,10,0.9678571428571429,0.1,-0.0012981142121391343,-0.8811600571412804
2026-08-21,2026-08-24,2026-08-25,MNST,1,48.1024034740448,48.857557610321045,0.015698885746607605,7,0.9794642857142857,0.1,0.0015698885746607606,1.0656405216255747
2026-08-21,2026-08-24,2026-08-25,RDW,1,11.750587500000002,11.479425542259216,-0.02307645960176763,3,0.9883928571428571,0.1,-0.002307645960176763,-1.5664303087633533
2026-08-21,2026-08-24,2026-08-25,RCAT,1,9.36046765666008,9.16954157629013,-0.020397066404487352,2,0.9775784753363228,0.1,-0.0020397066404487353,-1.3845530717112415
2026-08-24,2026-08-25,2026-08-26,CRML,1,6.730336519074441,7.984600883507729,0.18635982924161043,18,0.9910714285714286,0.09090909090909091,0.01694180265832822,11.408901075102722
2026-08-24,2026-08-25,2026-08-26,FLNC,1,11.770588957786561,11.119443885564804,-0.055319667907612,17,0.9973214285714286,0.09090909090909091,-0.005029060718873818,-3.3866559184663596
2026-08-24,2026-08-25,2026-08-26,QS,1,5.81029044277668,5.819709171652794,0.001621042694659458,17,0.9811659192825112,0.09090909090909091,0.00014736751769631437,0.09923981910237924
2026-08-24,2026-08-25,2026-08-26,JOBY,1,7.320366171669961,7.179640828347206,-0.019223812036529897,15,0.9839285714285715,0.09090909090909091,-0.0017476192760481726,-1.176876855402099
2026-08-24,2026-08-25,2026-08-26,ONDS,1,8.3004151907444,8.099595381450653,-0.024193947492852752,15,0.9794642857142857,0.09090909090909091,-0.002199449772077523,-1.4811472766715512
2026-08-24,2026-08-25,2026-08-26,QUBT,1,8.448422354221345,8.429578805160522,-0.002230422233969742,13,0.98125,0.09090909090909091,-0.00020276565763361292,-0.13654587861893508
2026-08-24,2026-08-25,2026-08-26,ACHR,1,6.13030661444664,5.90470495979786,-0.036801039301546434,11,0.9678571428571429,0.09090909090909091,-0.0033455490274133123,-2.2529502122905165
2026-08-24,2026-08-25,2026-08-26,MNST,1,48.86244361038209,48.93755162677764,0.001537131810157577,8,0.9794642857142857,0.09090909090909091,0.00013973925546887064,0.09410281621767935
2026-08-24,2026-08-25,2026-08-26,RDW,1,11.480573542213442,11.649417118549346,0.014706893842461488,4,0.9883928571428571,0.09090909090909091,0.0013369903493146808,0.9003522789943427
2026-08-24,2026-08-25,2026-08-26,RCAT,1,9.17045857629776,8.984550406694412,-0.02027250524677704,3,0.9803571428571428,0.09090909090909091,-0.0018429550224342763,-1.2410775854764433
2026-08-24,2026-08-25,2026-08-26,LUMN,1,5.720285790181161,5.859707133507729,0.024373142958326266,0,0.9848214285714285,0.09090909090909091,0.0022157402689387514,1.4921175772294237
2026-08-25,2026-08-26,2026-08-27,CRML,1,7.985399383521081,8.139593343305588,0.019309486273499044,19,0.9794642857142857,0.09090909090909091,0.0017554078430453677,1.1896451178636287
2026-08-25,2026-08-26,2026-08-27,FLNC,1,11.120555885553362,11.519424457740783,0.03586768290113884,18,1.0,0.09090909090909091,0.003260698445558077,2.2097850376776718
2026-08-25,2026-08-26,2026-08-27,QS,1,5.820291171669961,5.819709171652794,-9.999500025015262e-05,18,0.9811659192825112,0.09090909090909091,-9.090454568195693e-06,-0.006160628106488203
2026-08-25,2026-08-26,2026-08-27,JOBY,1,7.180358828330041,7.259637228870392,0.011041008177412825,16,0.98125,0.09090909090909091,0.0010037280161284386,0.6802294627888831
2026-08-25,2026-08-26,2026-08-27,ONDS,1,8.100405381488802,8.349582881450653,0.03076111481176924,16,0.9794642857142857,0.09090909090909091,0.0027964649828881127,1.8951726388540804
2026-08-25,2026-08-26,2026-08-27,QUBT,1,8.430421805191042,8.609569156694413,0.02125010534977756,14,0.98125,0.09090909090909091,0.0019318277590706873,1.3092054198327299
2026-08-25,2026-08-26,2026-08-27,ACHR,1,5.9052954598188405,5.944702921652794,0.00667324134788716,12,0.9839285714285714,0.09090909090909091,0.0006066583043533782,0.4111341377701543
2026-08-25,2026-08-26,2026-08-27,MNST,1,48.94244562664032,46.987652178382874,-0.039940657301224314,9,0.9794642857142857,0.09090909090909091,-0.003630968845565847,-2.4607183893792755
2026-08-25,2026-08-26,2026-08-27,RDW,1,11.650582118511199,11.369431385564804,-0.024131904319157127,5,0.9857142857142858,0.09090909090909091,-0.002193809483559739,-1.4867512139583856
2026-08-25,2026-08-26,2026-08-27,RCAT,1,8.98544890666008,9.104544292259217,0.013254249936345719,4,0.9803571428571428,0.09090909090909091,0.0012049318123950653,0.8165858741337049
2026-08-25,2026-08-26,2026-08-27,LUMN,1,5.860293133521081,6.129693614435196,0.045970478741606646,1,0.9848214285714285,0.09090909090909091,0.00417913443105515,2.8322118375496292
2026-08-26,2026-08-27,2026-08-28,CRML,1,8.140407343339922,7.989600271129608,-0.018525740279286662,20,0.9875,0.09090909090909091,-0.0016841582072078785,-1.1538055282547544
2026-08-26,2026-08-27,2026-08-28,FLNC,1,11.52057645778656,11.269436957740783,-0.021799212996502115,19,0.9973214285714286,0.09090909090909091,-0.001981746636045647,-1.3576813713128184
2026-08-26,2026-08-27,2026-08-28,QS,1,5.820291171669961,5.889705366492271,0.011926240934505339,19,0.9811659192825112,0.09090909090909091,0.0010842037213186673,0.7427807209904522
2026-08-26,2026-08-27,2026-08-28,JOBY,1,7.260363228893281,7.149642595362663,-0.015250012986952943,17,0.9875,0.09090909090909091,-0.0013863648169957221,-0.9497892675293742
2026-08-26,2026-08-27,2026-08-28,ONDS,1,8.3504178814888,8.55957241959572,0.02504719417342849,17,0.9794642857142857,0.09090909090909091,0.002277017652129863,1.559969570386574
2026-08-26,2026-08-27,2026-08-28,QUBT,1,8.610430156660081,8.519574457740784,-0.010551818813491098,15,0.98125,0.09090909090909091,-0.0009592562557719181,-0.6571800476853789
2026-08-26,2026-08-27,2026-08-28,ACHR,1,5.94529742166996,5.879706114435196,-0.011032468618927482,13,0.9857142857142857,0.09090909090909091,-0.0010029516926297712,-0.687115499349199
2026-08-26,2026-08-27,2026-08-28,MNST,1,46.99235117855073,47.14764402580261,0.0033046409331987103,10,0.9794642857142857,0.09090909090909091,0.0003004219030180646,0.2058170372756861
2026-08-26,2026-08-27,2026-08-28,RDW,1,11.37056838555336,11.164441711854934,-0.018128088826264488,6,0.9857142857142858,0.09090909090909091,-0.0016480080751149534,-1.129039314440966
2026-08-26,2026-08-27,2026-08-28,RCAT,1,9.105454792213441,9.149542118549345,0.004841858791458042,5,0.9803571428571428,0.09090909090909091,0.00044016898104164024,0.3015568261452646
2026-08-26,2026-08-27,2026-08-28,LUMN,1,6.13030661444664,6.159691847419738,0.004793436090757552,2,0.9848214285714285,0.09090909090909091,0.00043576691734159567,0.2985410017345273
2026-08-27,2026-08-28,2026-08-31,CRML,1,7.990399271106721,7.1196438855648045,-0.10897520336569011,21,0.9892857142857143,0.09090909090909091,-0.009906836669608192,-6.75911138562604
2026-08-27,2026-08-28,2026-08-31,FLNC,1,11.27056395778656,10.81945869483948,-0.040025083450719756,20,0.9955357142857143,0.09090909090909091,-0.0036386439500654326,-2.4825280330476316
2026-08-27,2026-08-28,2026-08-31,QS,1,5.890294366478921,5.564721807217598,-0.05527271457163907,20,0.9811659192825112,0.09090909090909091,-0.0050247922337853706,-3.428251775056994
2026-08-27,2026-08-28,2026-08-31,JOBY,1,7.150357595372201,6.899655095362664,-0.035061533170284376,18,0.9875,0.09090909090909091,-0.003187412106389489,-2.174667270438761
2026-08-27,2026-08-28,2026-08-31,ONDS,1,8.560428419637681,7.889605366492272,-0.07836325710130776,18,0.9794642857142857,0.09090909090909091,-0.007123932463755251,-4.860426656060278
2026-08-27,2026-08-28,2026-08-31,QUBT,1,8.520426457786561,8.094595517015458,-0.04997765579937008,16,0.98125,0.09090909090909091,-0.00454342325448819,-3.0998294282309775
2026-08-27,2026-08-28,2026-08-31,ACHR,1,5.880294114446641,5.699714809274673,-0.030709230126486742,14,0.98125,0.09090909090909091,-0.0027917481933169767,-1.9047186936206943
2026-08-27,2026-08-28,2026-08-31,MNST,1,47.15235902595521,46.50767282161713,-0.013672406167063889,11,0.98125,0.09090909090909091,-0.0012429460151876263,-0.8480215070816812
2026-08-27,2026-08-28,2026-08-31,RDW,1,11.16555821185112,10.729463042259216,-0.03905717576475787,7,0.9857142857142858,0.09090909090909091,-0.0035506523422507152,-2.4224942303258676
2026-08-27,2026-08-28,2026-08-31,RCAT,1,9.150457118511198,8.699564809274673,-0.04927538628910455,6,0.9803571428571428,0.09090909090909091,-0.004479580571736777,-3.056271649066435
2026-08-27,2026-08-28,2026-08-31,LUMN,1,6.16030784740448,5.989700271129609,-0.027694651063055797,3,0.9848214285714285,0.09090909090909091,-0.0025176955511868907,-1.717741518619421
