signal_date,exec_entry_date,exec_exit_date,ticker,side,entry_price,exit_price,position_return,holding_age,score,weight,regime_exposure,position_risk_scale,rolling_vol,rolling_beta,contribution_return,contribution_pnl
2026-06-01,2026-06-02,2026-06-03,ZIM,1,25.0,25.100000381469727,0.004000015258789125,0,0.9875,0.03333333333333333,1.0,1.0,0.3353074922222452,0.9764673429686253,0.0001333338419596375,0.1333338419596375
2026-06-01,2026-06-02,2026-06-03,LBRT,1,29.709999084472656,31.670000076293945,0.06597108893367976,0,0.986842105263158,0.02665076734268213,1.0,0.799523020280464,0.4744255321531502,1.1284841890809987,0.001758180142514891,1.758180142514891
2026-06-01,2026-06-02,2026-06-03,WFRD,1,100.12999725341795,103.3550033569336,0.032208191271128284,0,0.9842105263157894,0.030509758108972048,1.0,0.9152927432691614,0.414418378332655,1.1183006582087582,0.0009826641248096288,0.9826641248096288
2026-06-01,2026-06-02,2026-06-03,CHRD,1,137.10000610351562,139.4199981689453,0.016921896149866056,0,0.9815789473684211,0.02833206640178941,1.0,0.8499619920536823,0.44627187793274425,-0.2713469290312272,0.0004794322853621897,0.4794322853621897
2026-06-01,2026-06-02,2026-06-03,GMED,1,78.98999786376953,78.36000061035156,-0.007975658570145705,0,0.9789473684210526,0.03333333333333333,1.0,1.0,0.34664203435704266,1.1512064259025814,-0.0002658552856715235,-0.2658552856715235
2026-06-01,2026-06-02,2026-06-03,PSLV,1,24.100000381469727,23.559999465942383,-0.022406676638169087,0,0.9763157894736842,0.02231188620737412,1.0,0.6693565862212236,0.5666846971755783,1.463427040445086,-0.0004999352194362568,-0.4999352194362568
2026-06-01,2026-06-02,2026-06-03,NE,1,46.93000030517578,47.119998931884766,0.004048553707084235,0,0.9723684210526315,0.03333333333333333,1.0,1.0,0.3714613014638485,0.7831862582835843,0.00013495179023614116,0.13495179023614115
2026-06-01,2026-06-02,2026-06-03,SM,1,32.33760980340228,33.10235165197646,0.023648681928672532,0,0.969078947368421,0.022795057355124083,1.0,0.6838517206537225,0.5546730715287969,-0.26540665586973816,0.0005390730609371768,0.5390730609371768
2026-06-02,2026-06-03,2026-06-04,ZIM,1,25.100000381469727,24.5,-0.023904397304817637,1,0.9894736842105263,0.03333333333333333,1.0,1.0,0.3527954390784358,0.9812069555106898,-0.0007968132434939213,-0.799199841049943
2026-06-02,2026-06-03,2026-06-04,LBRT,1,31.670000076293945,30.229999542236328,-0.04546891476440207,1,0.9953947368421052,0.026967256263188924,1.0,0.8090176878956677,0.47375147899375397,1.1250223199009493,-0.001226171876460725,-1.2298444795801111
2026-06-02,2026-06-03,2026-06-04,WFRD,1,103.3550033569336,104.23999786376952,0.00856266729322841,1,0.9730263157894736,0.030949584921127243,1.0,0.9284875476338172,0.41279317870166804,1.1162646737266881,0.0002650109985431314,0.2658047536753486
2026-06-02,2026-06-03,2026-06-04,CHRD,1,139.4199981689453,137.89999389648438,-0.01090234035592974,1,0.986842105263158,0.028607786742455187,1.0,0.8582336022736556,0.44658391975949413,-0.267985112829328,-0.00031189182789610097,-0.3128259994604892
2026-06-02,2026-06-03,2026-06-04,GMED,1,78.36000061035156,79.33000183105469,0.012378780157576763,1,0.9789473684210526,0.03333333333333333,1.0,1.0,0.34850168605620835,1.1498826027252451,0.0004126260052525588,0.41386189361627207
2026-06-02,2026-06-03,2026-06-04,PSLV,1,23.559999465942383,23.700000762939453,0.005942330227954873,1,0.9763157894736842,0.02269994508930203,1.0,0.680998352679061,0.5628109446445428,1.4604380483341333,0.00013489056987707522,0.13529459115436648
2026-06-02,2026-06-03,2026-06-04,NE,1,47.119998931884766,46.09999847412109,-0.021646869288731496,1,0.9677631578947368,0.03333333333333333,1.0,1.0,0.37168174478101945,0.7816791106136308,-0.0007215623096243832,-0.7237235172332276
2026-06-02,2026-06-03,2026-06-04,SM,1,33.10235165197646,33.26125917480103,0.004800490445369343,1,0.969078947368421,0.02276642561741876,1.0,0.6829927685225627,0.561167473268816,-0.2590013604049068,0.00010929000865163059,0.10961735168925617
2026-06-02,2026-06-03,2026-06-04,OVV,1,58.63221996667894,58.07514456759901,-0.009501182104251216,0,0.9743421052631579,0.03333333333333333,1.0,1.0,0.3650610516359093,-0.1445322352002065,-0.0003167060701417072,-0.31765466121891267
2026-06-02,2026-06-03,2026-06-04,WLK,1,86.45999908447266,86.29000091552734,-0.0019662059998314385,0,0.9631578947368421,0.030175119156640364,1.0,0.905253574699211,0.4233878074439311,0.9397677852765274,-5.933050033141486e-05,-0.05950820574512964
2026-06-03,2026-06-04,2026-06-05,ZIM,1,24.5,25.440000534057617,0.038367368737045604,2,0.9921052631578947,0.03333333333333333,1.0,1.0,0.3499338532487374,0.9835541428288516,0.0012789122912348534,1.279436816155726
2026-06-03,2026-06-04,2026-06-05,LBRT,1,30.229999542236328,31.0,0.025471401568758045,2,0.9953947368421052,0.026257746198858536,1.0,0.7877323859657561,0.48764940924917766,1.1199946366713092,0.0006688215977216559,0.6690959039411106
2026-06-03,2026-06-04,2026-06-05,WFRD,1,104.23999786376952,102.69000244140624,-0.014869488239907303,2,0.9730263157894736,0.032122356559300826,1.0,0.9636706967790248,0.39861877500954146,1.1090926453064098,-0.00047764300309663285,-0.47783890054802314
2026-06-03,2026-06-04,2026-06-05,CHRD,1,137.89999389648438,139.85000610351562,0.014140770800142644,2,0.986842105263158,0.028713053168786258,1.0,0.8613915950635878,0.44594959466059014,-0.2701889298009144,0.0004060247038321159,0.40619122821155107
2026-06-03,2026-06-04,2026-06-05,GMED,1,79.33000183105469,80.05999755859375,0.00920201324454406,2,0.9789473684210526,0.03333333333333333,1.0,1.0,0.34780898515674746,1.1503827874931436,0.00030673377481813533,0.3068595766499483
2026-06-03,2026-06-04,2026-06-05,PSLV,1,23.700000762939453,22.43000030517578,-0.05358651548018589,2,0.9763157894736842,0.023903827063030673,1.0,0.7171148118909202,0.5356704760423733,1.45895931364885,-0.0012809227989487796,-1.2814481484464484
2026-06-03,2026-06-04,2026-06-05,NE,1,46.09999847412109,46.34000015258789,0.005206110334288416,2,0.9677631578947368,0.03333333333333333,1.0,1.0,0.3713658495365111,0.7771211488456055,0.00017353701114294722,0.17360818450460935
2026-06-03,2026-06-04,2026-06-05,SM,1,33.26125917480103,33.698253115438824,0.01313822601667658,2,0.969078947368421,0.02283039221248249,1.0,0.6849117663744747,0.5608565241856563,-0.26178424014887236,0.00029995085293696785,0.30007387286451154
2026-06-03,2026-06-04,2026-06-05,OVV,1,58.07514456759901,58.66206596999133,0.010106240918765996,1,0.9743421052631579,0.03333333333333333,1.0,1.0,0.364717355796113,-0.14790981171623394,0.00033687469729219987,0.3370128609294971
2026-06-03,2026-06-04,2026-06-05,WLK,1,86.29000091552734,84.29000091552734,-0.023177656492991305,1,0.9848684210526315,0.030509756846810423,1.0,0.9152927054043127,0.4196878554745621,0.9388604145938446,-0.0007071446638800615,-0.7074346876771658
2026-06-03,2026-06-04,2026-06-05,EGO,1,32.22999954223633,31.030000686645508,-0.037232357202433786,0,0.9743421052631579,0.022808087491123327,1.0,0.6842426247336998,0.5614050028119023,1.2394477228502723,-0.0008491988605738655,-0.8495471455721413
2026-06-03,2026-06-04,2026-06-05,AEO,1,16.350000381469727,16.40999984741211,0.0036696920209484674,0,0.957236842105263,0.022508188077466337,1.0,0.6752456423239901,0.5688851709439585,1.9474962799774314,8.259811819388564e-05,0.0826319944586669
2026-06-04,2026-06-05,2026-06-08,ZIM,1,25.440000534057617,25.479999542236328,0.0015722880243325132,3,0.9921052631578948,0.03333333333333333,1.0,1.0,0.3469753435797274,0.9944322352239922,5.240960081108377e-05,0.05244010745238463
2026-06-04,2026-06-05,2026-06-08,LBRT,1,31.0,28.89999961853028,-0.06774194778934584,3,0.9947368421052631,0.02642796092766676,1.0,0.7928388278300028,0.48733599146859535,1.1174355180777176,-0.0017902815493408735,-1.7913236385040814
2026-06-04,2026-06-05,2026-06-08,WFRD,1,102.69000244140624,98.91999816894533,-0.03671247621804308,3,0.9730263157894736,0.03251317342886232,1.0,0.9753952028658696,0.39612548339389964,1.1050896282888425,-0.001193639106280218,-1.194333901117317
2026-06-04,2026-06-05,2026-06-08,CHRD,1,139.85000610351562,137.27999877929688,-0.018376883890276363,3,0.986842105263158,0.02884766604010297,1.0,0.8654299812030891,0.44645887550394725,-0.2854130408420632,-0.0005301302093244408,-0.5304387881322989
2026-06-04,2026-06-05,2026-06-08,GMED,1,80.05999755859375,79.69000244140625,-0.004621473001129028,3,0.9789473684210526,0.03333333333333333,1.0,1.0,0.34707458761497795,1.1515503346020635,-0.00015404910003763428,-0.15413876911667396
2026-06-04,2026-06-05,2026-06-08,PSLV,1,22.43000030517578,21.700000762939453,-0.0325456768749075,3,0.9763157894736842,0.023934483397683358,1.0,0.7180345019305008,0.5381063099287273,1.4594465622388744,-0.0007789639628288408,-0.7794173830768975
2026-06-04,2026-06-05,2026-06-08,NE,1,46.34000015258789,46.13999938964844,-0.004315942215815549,3,0.9875,0.03333333333333333,1.0,1.0,0.37100110696096444,0.76951543266572,-0.00014386474052718496,-0.1439484814824142
2026-06-04,2026-06-05,2026-06-08,SM,1,33.698253115438824,32.5,-0.03555831548104327,3,0.969078947368421,0.022806228216797782,1.0,0.6841868465039335,0.5647271621921075,-0.289886115099918,-0.0008109510578655664,-0.811423097199047
2026-06-04,2026-06-05,2026-06-08,OVV,1,58.66206596999133,56.68245720435243,-0.03374597762464715,2,0.9743421052631579,0.03333333333333333,1.0,1.0,0.36515985386006233,-0.15927150421041106,-0.0011248659208215716,-1.1255206840830159
2026-06-04,2026-06-05,2026-06-08,WLK,1,84.29000091552734,84.37999725341797,0.0010676988600442083,2,0.9789473684210526,0.031098931483508032,1.0,0.932967944505241,0.41413951948824207,0.9455811290785688,3.320429369353447e-05,0.03322362128736615
2026-06-04,2026-06-05,2026-06-08,EGO,1,31.030000686645508,29.93000030517578,-0.035449576446291764,1,0.9723684210526315,0.022616801199270693,1.0,0.6785040359781208,0.5694570345161405,1.2521594996255137,-0.0008017560230841297,-0.802222710161087
2026-06-04,2026-06-05,2026-06-08,AEO,1,16.40999984741211,16.489999771118164,0.004875071569161005,1,0.957236842105263,0.022591200512826363,1.0,0.6777360153847909,0.5701023517482146,1.9490944296418748,0.00011013371933329532,0.11019782609653782
2026-06-04,2026-06-05,2026-06-08,PR,1,19.84060430325767,19.295259466242577,-0.02748630176176403,0,0.9703947368421053,0.03333333333333333,1.0,1.0,0.34456738599439996,-0.12519539657805678,-0.0009162100587254677,-0.9167433673404012
2026-06-05,2026-06-08,2026-06-09,ZIM,1,25.479999542236328,25.700000762939453,0.008634270983343129,4,0.9921052631578948,0.016666666666666666,0.5,1.0,0.3553743982426151,1.0068015440630709,0.00014390451638905213,0.14282452438501023
2026-06-05,2026-06-08,2026-06-09,LBRT,1,28.89999961853028,28.440000534057617,-0.015916923548252138,4,0.9947368421052631,0.013102668337716207,0.5,0.7861601002629724,0.48763954636238743,1.1013832928798486,-0.00020855417020953278,-0.20698898767122417
2026-06-05,2026-06-08,2026-06-09,WFRD,1,98.91999816894533,103.58999633789062,0.04720984892225144,4,0.9730263157894736,0.01618982145336135,0.5,0.9713892872016808,0.3946540894689224,1.0832184084033467,0.0007643190248914145,0.7585828711129732
2026-06-05,2026-06-08,2026-06-09,CHRD,1,137.27999877929688,137.41000366210938,0.000947005273663315,4,0.986842105263158,0.014579180067276619,0.5,0.8747508040365971,0.4382536750939712,-0.3001605457795378,1.3806560409398042e-05,0.013702943266450569
2026-06-05,2026-06-08,2026-06-09,GMED,1,79.69000244140625,79.12000274658203,-0.007152712728843547,4,0.9789473684210526,0.016666666666666666,0.5,1.0,0.3509548668674144,1.1539295581832731,-0.0001192118788140591,-0.11831720310035237
2026-06-05,2026-06-08,2026-06-09,PSLV,1,21.700000762939453,21.56999969482422,-0.005990832421409742,4,0.9763157894736842,0.011892741454003219,0.5,0.7135644872401932,0.5372503277778747,1.4632148600532286,-7.124742108208611e-05,-0.07071271482679924
2026-06-05,2026-06-08,2026-06-09,NE,1,46.13999938964844,46.86000061035156,0.015604708067348927,4,0.9875,0.016666666666666666,0.5,1.0,0.37015295136151033,0.7567694788009321,0.0002600784677891488,0.2581265994761601
2026-06-05,2026-06-08,2026-06-09,SM,1,32.5,31.950000762939453,-0.01692305344801681,4,0.969078947368421,0.011396051664563756,0.5,0.6837630998738253,0.5606660475407151,-0.31035966342118515,-0.0001928559914157734,-0.1914086224666467
2026-06-05,2026-06-08,2026-06-09,OVV,1,56.68245720435243,57.08036639580388,0.007019970747155435,3,0.9743421052631579,0.016666666666666666,0.5,1.0,0.36386569185907064,-0.1715474301216542,0.00011699951245259058,0.11612144037329612
2026-06-05,2026-06-08,2026-06-09,WLK,1,84.37999725341797,85.62999725341797,0.014813937434080326,3,0.9789473684210526,0.01541053750596527,0.5,0.9246322503579162,0.4146110570035264,0.9360867691394285,0.00022829073843891779,0.22657743451839116
2026-06-05,2026-06-08,2026-06-09,EGO,1,29.93000030517578,30.190000534057617,0.008686943743093645,2,0.9723684210526315,0.011246317408658914,0.5,0.6747790445195349,0.5681307944786755,1.2570833842086313,9.769612664599468e-05,0.09696292494912587
2026-06-05,2026-06-08,2026-06-09,AEO,1,16.489999771118164,17.559999465942383,0.06488779318834781,2,0.957236842105263,0.01272911648250659,0.5,0.7637469889503954,0.5019499391903252,1.9560061631874979,0.000825964277787277,0.8197654812656804
2026-06-05,2026-06-08,2026-06-09,PR,1,19.295259466242577,19.334921813610322,0.0020555487961764207,1,0.9703947368421053,0.016666666666666666,0.5,1.0,0.34322210189204677,-0.13890067766438302,3.4259146602940344e-05,0.0340020344196337
2026-06-08,2026-06-09,2026-06-10,ZIM,1,25.700000762939453,25.68000030517578,-0.0007782279054447949,5,0.9921052631578948,0.03333333333333333,1.0,1.0,0.3530905625849651,0.975634975399159,-2.5940930181493163e-05,-0.02579499475453862
2026-06-08,2026-06-09,2026-06-10,LBRT,1,28.440000534057617,28.030000686645508,-0.01441630941325489,5,0.9947368421052631,0.024403758291089137,1.0,0.7321127487326741,0.5221875202085182,1.231928190890242,-0.0003518121303706254,-0.3498329471611485
2026-06-08,2026-06-09,2026-06-10,WFRD,1,103.58999633789062,100.62000274658205,-0.028670660259712988,5,0.9730263157894736,0.03119775827309081,1.0,0.9359327481927243,0.40846966997572676,1.15152100019326,-0.0008944603283124367,-0.8894283788413534
2026-06-08,2026-06-09,2026-06-10,CHRD,1,137.41000366210938,134.72999572753906,-0.01950373235678271,5,0.986842105263158,0.028652351456631912,1.0,0.8595705436989574,0.44475714480468276,-0.21597360841190424,-0.0005588277942026221,-0.5556840066757119
2026-06-08,2026-06-09,2026-06-10,GMED,1,79.12000274658203,82.5,0.04271988291309792,5,0.9789473684210526,0.03333333333333333,1.0,1.0,0.3478279311521272,1.1001912934083615,0.0014239960971032639,1.415985147728726
2026-06-08,2026-06-09,2026-06-10,PSLV,1,21.56999969482422,20.290000915527344,-0.05934162250377839,5,0.9763157894736842,0.022828122570242415,1.0,0.6848436771072725,0.5582297881299916,1.5464596296796094,-0.0013546578320333088,-1.3470369576964227
2026-06-08,2026-06-09,2026-06-10,NE,1,46.86000061035156,44.81999969482422,-0.043533949828346796,5,0.9875,0.03333333333333333,1.0,1.0,0.36745364590929436,0.774186157918729,-0.0014511316609448933,-1.4429680555141857
2026-06-08,2026-06-09,2026-06-10,SM,1,31.950000762939453,31.299999237060547,-0.020344335222454157,5,0.969078947368421,0.02229489376955797,1.0,0.6688468130867391,0.5715810157028866,-0.20143823311727194,-0.0004535747925968919,-0.45102312499860864
2026-06-08,2026-06-09,2026-06-10,OVV,1,57.08036639580388,56.71229582362579,-0.006448286782636203,4,0.9743421052631579,0.03333333333333333,1.0,1.0,0.37482828220386705,-0.08098570790229628,-0.0002149428927545401,-0.2137336923671401
2026-06-08,2026-06-09,2026-06-10,WLK,1,85.62999725341797,86.5,0.010160023058360057,4,0.9789473684210526,0.03086199247978024,1.0,0.9258597743934073,0.4129136520962124,0.906194546100018,0.00031355855522150193,0.3117945744655557
2026-06-08,2026-06-09,2026-06-10,EGO,1,30.190000534057617,28.14999961853028,-0.06757207285326128,3,0.9723684210526315,0.02174592280835779,1.0,0.6523776842507337,0.5860104506990225,1.33652241617751,-0.0014694170802677488,-1.461150606880601
2026-06-08,2026-06-09,2026-06-10,AEO,1,17.559999465942383,17.5,-0.0034168261826403867,3,0.957236842105263,0.02575505666575355,1.0,0.7726516999726065,0.4947897491033943,1.888432463142226,-8.800055195093355e-05,-0.08750548881976038
2026-06-08,2026-06-09,2026-06-10,PR,1,19.334921813610322,19.225851179225682,-0.005641121046988773,2,0.9703947368421053,0.03333333333333333,1.0,1.0,0.3577284650437138,-0.039738020256021744,-0.0001880373682329591,-0.18697952977364038
2026-06-09,2026-06-10,2026-06-11,ZIM,1,25.68000030517578,25.5,-0.007009357594886856,6,0.9921052631578948,0.03333333333333333,1.0,1.0,0.3408165132361032,0.9925797002353811,-0.00023364525316289518,-0.23109640770926762
2026-06-09,2026-06-10,2026-06-11,LBRT,1,28.030000686645508,28.89999961853028,0.031038134519178584,6,0.9947368421052631,0.02458200535460305,1.0,0.7374601606380915,0.5178874603870338,1.229233386142336,0.0007629795889473377,0.7546562139582331
2026-06-09,2026-06-10,2026-06-11,WFRD,1,100.62000274658205,99.75,-0.008646419427886576,6,0.9730263157894736,0.029958197424423516,1.0,0.8987459227327055,0.4249492098592383,1.1596737162943662,-0.00025903114023499707,-0.25620535911940284
2026-06-09,2026-06-10,2026-06-11,CHRD,1,134.72999572753906,140.41000366210938,0.042158451085063886,6,0.986842105263158,0.028511920596916818,1.0,0.8553576179075045,0.4465049024334228,-0.21731700277446536,0.0012020184098263432,1.1889055427015551
2026-06-09,2026-06-10,2026-06-11,GMED,1,82.5,80.8499984741211,-0.020000018495501926,6,0.9789473684210526,0.03333333333333333,1.0,1.0,0.34961209242180086,1.0991571812397771,-0.0006666672831833975,-0.659394583007291
2026-06-09,2026-06-10,2026-06-11,PSLV,1,20.290000915527344,20.06999969482422,-0.01084283936797481,6,0.9763157894736842,0.02298903597294807,1.0,0.6896710791884422,0.5537732134264557,1.5596470725423441,-0.00024926642427927046,-0.24654716684234207
2026-06-09,2026-06-10,2026-06-11,NE,1,44.81999969482422,46.790000915527344,0.043953619681318834,6,0.9875,0.03333333333333333,1.0,1.0,0.365138601424635,0.7790273410305669,0.0014651206560439612,1.449137595944855
2026-06-09,2026-06-10,2026-06-11,SM,1,31.299999237060547,33.47999954223633,0.0696485737480328,6,0.969078947368421,0.022270073051042213,1.0,0.6681021915312664,0.5716511254874423,-0.20411203050412316,0.0015510788252695914,1.5341580440489686
2026-06-09,2026-06-10,2026-06-11,OVV,1,56.71229582362579,57.98561768178375,0.02245230667645637,5,0.9743421052631579,0.03333333333333333,1.0,1.0,0.3731143790770547,-0.08328452633917788,0.0007484102225485456,0.7402457853628207
2026-06-09,2026-06-10,2026-06-11,WLK,1,86.5,88.43000030517578,0.022312142256367462,5,0.9789473684210526,0.031212052990219428,1.0,0.9363615897065828,0.4078780824928473,0.9075905032683502,0.0006964077664310552,0.6888106261283538
2026-06-09,2026-06-10,2026-06-11,EGO,1,28.14999961853028,27.739999771118164,-0.014564826037945178,4,0.9723684210526315,0.02170607926545292,1.0,0.6511823779635876,0.5865044611984743,1.3499092217963158,-0.00031614526846717063,-0.31269642703208866
2026-06-09,2026-06-10,2026-06-11,AEO,1,17.5,17.84000015258789,0.019428580147879515,4,0.957236842105263,0.025159747614192207,1.0,0.7547924284257662,0.5059952317301725,1.8911264549008329,0.0004888181730227537,0.48348563593461125
2026-06-09,2026-06-10,2026-06-11,PR,1,19.225851179225682,19.830687654631646,0.03145954214289959,3,0.9703947368421053,0.03333333333333333,1.0,1.0,0.3588823005584717,-0.04054941110473031,0.0010486514047633195,1.0372116244583987
2026-06-10,2026-06-11,2026-06-12,ZIM,1,25.5,25.93000030517578,0.016862757065716938,7,0.9921052631578948,0.016666666666666666,0.5,1.0,0.34065909864573046,0.9851564714228492,0.0002810459510952823,0.279714251658725
2026-06-10,2026-06-11,2026-06-12,LBRT,1,28.89999961853028,27.729999542236328,-0.04048443224005316,7,0.9947368421052631,0.012320880013954809,0.5,0.7392528008372885,0.5184220507230862,1.2178388558994666,-0.0004988038320627786,-0.4964403154224502
2026-06-10,2026-06-11,2026-06-12,WFRD,1,99.75,100.4499969482422,0.007017513265586084,7,0.9730263157894736,0.015007131012058474,0.5,0.9004278607235084,0.42562538292063595,1.1518977611000554,0.00010531274095550866,0.10481373032309714
2026-06-10,2026-06-11,2026-06-12,CHRD,1,140.41000366210938,132.16000366210938,-0.05875649729240995,7,0.986842105263158,0.014342136264253442,0.5,0.8605281758552066,0.44536014481103703,-0.22878710035419592,-0.0008426936905779819,-0.8387006968751385
2026-06-10,2026-06-11,2026-06-12,GMED,1,80.8499984741211,80.6500015258789,-0.002473679060194467,7,0.9789473684210526,0.016666666666666666,0.5,1.0,0.36591635452130006,1.0877777231563337,-4.1227984336574446e-05,-0.04103263093156206
2026-06-10,2026-06-11,2026-06-12,PSLV,1,20.06999969482422,21.21999931335449,0.05729943378259428,7,0.9763157894736842,0.01149641799643664,0.5,0.6897850797861984,0.5556005257922375,1.5757290606175796,0.0006587382417238464,0.6556168968266023
2026-06-10,2026-06-11,2026-06-12,NE,1,46.790000915527344,45.95000076293945,-0.01795255687437136,7,0.9875,0.016666666666666666,0.5,1.0,0.37236028342477234,0.7658571471678344,-0.0002992092812395227,-0.29779151724154823
2026-06-10,2026-06-11,2026-06-12,OVV,1,57.98561768178375,55.249975542512054,-0.047177942542312556,6,0.9743421052631579,0.016666666666666666,0.5,1.0,0.37478725161987486,-0.09525617683563303,-0.0007862990423718759,-0.7825732673247301
2026-06-10,2026-06-11,2026-06-12,WLK,1,88.43000030517578,87.44999694824219,-0.01108224984226569,6,0.9789473684210526,0.015644260929305258,0.5,0.9386556557583156,0.40829131605587426,0.8965011601877243,-0.0001733736082161565,-0.1725521000767381
2026-06-10,2026-06-11,2026-06-12,EGO,1,27.739999771118164,30.420000076293945,0.09661140329085716,5,0.9723684210526315,0.011053640488030805,0.5,0.6632184292818483,0.5778563081062763,1.375180393876631,0.0010679077190212912,1.0628475781362383
2026-06-10,2026-06-11,2026-06-12,AEO,1,17.84000015258789,18.420000076293945,0.032511206207692656,5,0.957236842105263,0.012621852362883957,0.5,0.7573111417730374,0.5060601011568229,1.8978690192947167,0.0004103516448927731,0.4084072473586176
2026-06-10,2026-06-11,2026-06-12,PR,1,19.830687654631646,18.95813936155815,-0.04399990097517892,4,0.9703947368421053,0.016666666666666666,0.5,1.0,0.3581177120056482,-0.05734479682391386,-0.0007333316829196486,-0.7298568867692404
2026-06-11,2026-06-12,2026-06-15,ZIM,1,25.93000030517578,25.75,-0.006941777981385178,8,0.9921052631578948,0.03333333333333333,1.0,1.0,0.33602838636434296,0.976695337629492,-0.00023139259937950593,-0.23009238304100507
2026-06-11,2026-06-12,2026-06-15,LBRT,1,27.729999542236328,28.21999931335449,0.017670385113848663,8,0.9947368421052631,0.025261658702861754,1.0,0.7578497610858527,0.5056430429437991,1.195729834256007,0.0004463832378941739,0.44387496934669535
2026-06-11,2026-06-12,2026-06-15,WFRD,1,100.4499969482422,101.9000015258789,0.014435088319453504,8,0.9730263157894736,0.02963762317408831,1.0,0.8891286952226494,0.4309853695518432,1.1700020443799717,0.0004278217080966467,0.4254177384955261
2026-06-11,2026-06-12,2026-06-15,CHRD,1,132.16000366210938,127.66000366210938,-0.03404963586037013,8,0.986842105263158,0.029070186269359026,1.0,0.8721055880807708,0.43939800928576456,-0.257553509313003,-0.0009898292568648066,-0.9842673150587465
2026-06-11,2026-06-12,2026-06-15,GMED,1,80.6500015258789,80.37000274658203,-0.0034717764910026094,8,0.9789473684210526,0.03333333333333333,1.0,1.0,0.36775081387997594,1.0918702480444364,-0.00011572588303342032,-0.11507560863263575
2026-06-11,2026-06-12,2026-06-15,PSLV,1,21.21999931335449,22.690000534057617,0.06927432932469535,8,0.9763157894736842,0.022984353362171684,1.0,0.6895306008651505,0.5557424990404788,1.5788180165543226,0.0015922256641262502,1.5832788013975856
2026-06-11,2026-06-12,2026-06-15,NE,1,45.95000076293945,45.900001525878906,-0.0010881226600734095,8,0.9875,0.03333333333333333,1.0,1.0,0.3746046313470097,0.7302440514580893,-3.6270755335780315e-05,-0.03606694661923618
2026-06-11,2026-06-12,2026-06-15,OVV,1,55.249975542512054,54.29999923706055,-0.017194148886465088,7,0.9743421052631579,0.03333333333333333,1.0,1.0,0.3690122230202383,-0.1181443773677359,-0.0005731382962155029,-0.56991777931497
2026-06-11,2026-06-12,2026-06-15,WLK,1,87.44999694824219,87.6500015258789,0.002287073580518273,7,0.9789473684210526,0.031385717208838995,1.0,0.9415715162651699,0.4069807260203511,0.8677449741948785,7.178144463395338e-05,0.07137809808196971
2026-06-11,2026-06-12,2026-06-15,EGO,1,30.420000076293945,32.5099983215332,0.0687047416172748,6,0.9723684210526315,0.022050759891980843,1.0,0.6615227967594253,0.5792717366156617,1.401722266964794,0.0015149917608431101,1.5064788825340174
2026-06-11,2026-06-12,2026-06-15,AEO,1,18.420000076293945,18.86000061035156,0.02388710815608963,6,0.957236842105263,0.025437904066748843,1.0,0.7631371220024653,0.5021397180681819,1.8684892457713187,0.0006076379657066619,0.6042235919841495
2026-06-11,2026-06-12,2026-06-15,PR,1,18.95813936155815,18.492116171258925,-0.02458169451186709,5,0.9703947368421053,0.03333333333333333,1.0,1.0,0.3560501876525767,-0.08533518759041518,-0.0008193898170622363,-0.814785590174244
2026-06-12,2026-06-15,2026-06-16,ZIM,1,25.75,24.690000534057617,-0.04116502780358766,9,0.9921052631578948,0.03333333333333333,1.0,1.0,0.333680098173915,0.9906079376108982,-0.001372167593452922,-1.367043033664129
2026-06-12,2026-06-15,2026-06-16,LBRT,1,28.21999931335449,27.75,-0.016654830786337782,9,0.9947368421052631,0.02539031665116771,1.0,0.7617094995350313,0.5051394947869826,1.1526739017036602,-0.0004228714274367328,-0.4212921524828485
2026-06-12,2026-06-15,2026-06-16,WFRD,1,101.9000015258789,100.0999984741211,-0.017664406524083076,9,0.9730263157894736,0.032010374668095275,1.0,0.9603112400428582,0.40067171529971785,1.1684330699148588,-0.0005654442711254458,-0.563332537115374
2026-06-12,2026-06-15,2026-06-16,CHRD,1,127.66000366210938,124.70999908447266,-0.023108291500952727,9,0.986842105263158,0.028839966357221167,1.0,0.865198990716635,0.44471798499310616,-0.2965429690917773,-0.0006664423494603365,-0.663953423412317
2026-06-12,2026-06-15,2026-06-16,GMED,1,80.37000274658203,77.69999694824219,-0.03322142226072522,9,0.9789473684210526,0.03333333333333333,1.0,1.0,0.3628788850008785,1.062983997289525,-0.001107380742024174,-1.1032450673088274
2026-06-12,2026-06-15,2026-06-16,PSLV,1,22.690000534057617,22.51000022888184,-0.00793302339969526,9,0.9763157894736842,0.022476088150709634,1.0,0.674282644521289,0.5706354077120589,1.6202414323269887,-0.0001783033332331929,-0.17763743345822788
2026-06-12,2026-06-15,2026-06-16,NE,1,45.900001525878906,44.560001373291016,-0.029193902135981054,9,0.9875,0.03333333333333333,1.0,1.0,0.37435465974896925,0.7062659788123785,-0.0009731300711993685,-0.9694957751731923
2026-06-12,2026-06-15,2026-06-16,OVV,1,54.29999923706055,53.220001220703125,-0.019889466510715992,8,0.9743421052631579,0.03333333333333333,1.0,1.0,0.37244671608442387,-0.1484073402204248,-0.0006629822170238664,-0.6605062133445375
2026-06-12,2026-06-15,2026-06-16,WLK,1,87.6500015258789,86.88999938964844,-0.008670874192809652,8,0.9789473684210526,0.03333333333333333,1.0,1.0,0.38139824185605997,0.8389088647705065,-0.00028902913976032175,-0.2879497183292427
2026-06-12,2026-06-15,2026-06-16,EGO,1,32.5099983215332,34.209999084472656,0.052291628751437,7,0.9723684210526315,0.021630478479384888,1.0,0.6489143543815467,0.5929435050581967,1.463265298873507,0.0011310929503599422,1.1268687189479352
2026-06-12,2026-06-15,2026-06-16,AEO,1,18.86000061035156,18.36000061035156,-0.026511133818604926,7,0.957236842105263,0.025408580239715355,1.0,0.7622574071914606,0.5047764024848974,1.8821913429079171,-0.0006736102708758546,-0.6710945751810146
2026-06-12,2026-06-15,2026-06-16,PR,1,18.492116171258925,18.420000076293945,-0.003899829218954598,6,0.9703947368421053,0.03333333333333333,1.0,1.0,0.35813939532223754,-0.11662915627911324,-0.0001299943072984866,-0.12950882461901483
2026-06-15,2026-06-16,2026-06-17,ZIM,1,24.690000534057617,24.39999961853028,-0.011745682837361882,10,0.9835309617918313,0.03333333333333333,1.0,1.0,0.33421413064881417,0.989228197190997,-0.00039152276124539603,-0.3877552020312934
2026-06-15,2026-06-16,2026-06-17,LBRT,1,27.75,27.540000915527344,-0.007567534575591228,10,0.9947368421052631,0.025065163165428665,1.0,0.7519548949628599,0.5088360367936686,1.1703217143273832,-0.0001896814888972171,-0.18785621508946646
2026-06-15,2026-06-16,2026-06-17,WFRD,1,100.0999984741211,100.91999816894533,0.008191805267971475,10,0.9730263157894736,0.03190690441735244,1.0,0.9572071325205731,0.39972722266805444,1.1712616086839829,0.00026137514769073003,0.25885997758187795
2026-06-15,2026-06-16,2026-06-17,CHRD,1,124.70999908447266,126.08000183105467,0.010985508432680202,10,0.986842105263158,0.028649730840489197,1.0,0.8594919252146759,0.44517201078408425,-0.2883780515681096,0.0003147318597422121,0.31170324675845706
2026-06-15,2026-06-16,2026-06-17,GMED,1,77.69999694824219,76.83000183105469,-0.011196848794820746,10,0.9789473684210526,0.03333333333333333,1.0,1.0,0.3628118227116365,1.058513518322995,-0.00037322829316069155,-0.3696367786076461
2026-06-15,2026-06-16,2026-06-17,PSLV,1,22.51000022888184,22.36000061035156,-0.006663688005556834,10,0.9696969696969697,0.022660384067903837,1.0,0.6798115220371151,0.5628350450047408,1.6201603758066276,-0.00015100172951460197,-0.1495486646772767
2026-06-15,2026-06-16,2026-06-17,NE,1,44.560001373291016,43.31999969482422,-0.027827684924849327,10,0.9875,0.03333333333333333,1.0,1.0,0.37503020968568346,0.7128835259397225,-0.0009275894974949775,-0.9186634561402537
2026-06-15,2026-06-16,2026-06-17,OVV,1,53.220001220703125,53.45000076293945,0.004321674877129755,9,0.9743421052631579,0.03333333333333333,1.0,1.0,0.37296695625584075,-0.13652654089842908,0.0001440558292376585,0.1426696036576612
2026-06-15,2026-06-16,2026-06-17,WLK,1,86.88999938964844,83.66999816894531,-0.03705836394661932,9,0.9789473684210526,0.03333333333333333,1.0,1.0,0.3818277036230095,0.84348252264358,-0.0012352787982206441,-1.2233919132706659
2026-06-15,2026-06-16,2026-06-17,EGO,1,34.209999084472656,34.630001068115234,0.012277170268420345,8,0.9723684210526315,0.02174127920235412,1.0,0.6522383760706235,0.5866286968662991,1.4713106063617785,0.0002669213866205676,0.2643528459656015
2026-06-15,2026-06-16,2026-06-17,AEO,1,18.36000061035156,17.68000030517578,-0.037037052427568384,8,0.957236842105263,0.025132933387832495,1.0,0.7539880016349748,0.5074639752500175,1.8810387224170948,-0.000930849771543736,-0.9218923571074221
2026-06-15,2026-06-16,2026-06-17,PR,1,18.420000076293945,18.64999961853028,0.01248640289270897,7,0.9703947368421053,0.03333333333333333,1.0,1.0,0.35787969612831083,-0.10842028866834007,0.00041621342975696566,0.41220827629583323
2026-06-15,2026-06-16,2026-06-17,MRNA,1,52.2400016784668,56.209999084472656,0.07599535372224686,0,0.9802371541501976,0.02250410636877183,1.0,0.6751231910631549,0.5667436012647777,1.8323421475988453,0.0017102075236978835,1.6937504776415058
2026-06-15,2026-06-16,2026-06-17,BBIO,1,67.5,66.66999816894531,-0.01229632342303244,0,0.9703557312252964,0.03281708374967158,1.0,0.9845125124901474,0.38864081842162485,1.17821914145797,-0.0004035294755867039,-0.3996463777328966
2026-06-16,2026-06-17,2026-06-18,ZIM,1,24.39999961853028,24.100000381469727,-0.012295050891423909,11,0.9822134387351779,0.03333333333333333,1.0,1.0,0.34845517415770016,0.9180076884936488,-0.0004098350297141303,-0.40525975135761394
2026-06-16,2026-06-17,2026-06-18,LBRT,1,27.540000915527344,27.290000915527344,-0.009077704854361435,11,0.9947368421052631,0.02517044517807665,1.0,0.7551133553422995,0.5116552407316447,1.1205548657473072,-0.00022848987237946477,-0.22593907829895352
2026-06-16,2026-06-17,2026-06-18,WFRD,1,100.91999816894533,94.66999816894533,-0.061930242899303045,11,0.9730263157894736,0.032131041849092205,1.0,0.9639312554727663,0.4008145844569099,1.1341831878251676,-0.0019898832263219516,-1.967668752210902
2026-06-16,2026-06-17,2026-06-18,CHRD,1,126.08000183105467,125.41000366210938,-0.005314071694280997,11,0.986842105263158,0.02810383243385084,1.0,0.8431149730155252,0.45825031931941484,-0.3482969723427865,-0.000149345780437543,-0.1476785278423962
2026-06-16,2026-06-17,2026-06-18,GMED,1,76.83000183105469,76.23999786376953,-0.007679343397421046,11,0.9789473684210526,0.03333333333333333,1.0,1.0,0.36960673275537625,0.9989229594034696,-0.0002559781132473682,-0.25312044848869814
2026-06-16,2026-06-17,2026-06-18,PSLV,1,22.36000061035156,21.43000030517578,-0.04159214131439848,11,0.9696969696969697,0.02265413802677352,1.0,0.6796241408032057,0.5684873188152675,1.6298629784460883,-0.0009422341101654526,-0.9317152842514782
2026-06-16,2026-06-17,2026-06-18,NE,1,43.31999969482422,42.63999938964844,-0.015697144736061208,11,0.9875,0.03333333333333333,1.0,1.0,0.382803685344775,0.6576163581992714,-0.0005232381578687069,-0.5173968801705315
2026-06-16,2026-06-17,2026-06-18,OVV,1,53.45000076293945,52.84999847412109,-0.0112254870019457,10,0.9743421052631579,0.03333333333333333,1.0,1.0,0.3859751740326219,-0.1892890522197149,-0.00037418290006485666,-0.37000563165215067
2026-06-16,2026-06-17,2026-06-18,WLK,1,83.66999816894531,82.94000244140625,-0.00872470112960999,10,0.9789473684210526,0.03333333333333333,1.0,1.0,0.38188839782140716,0.8187794107664739,-0.0002908233709869997,-0.2875767039664327
2026-06-16,2026-06-17,2026-06-18,EGO,1,34.630001068115234,34.41999816894531,-0.0060641897976514425,9,0.9723684210526315,0.020764452654369225,1.0,0.6229335796310768,0.6202229551281517,1.5518257031049951,-0.00012591958194044226,-0.12451385257095535
2026-06-16,2026-06-17,2026-06-18,AEO,1,17.68000030517578,17.3700008392334,-0.01753390614205086,9,0.957236842105263,0.025330335950734813,1.0,0.7599100785220444,0.5084255578749194,1.8265023917994216,-0.0004441397331068008,-0.43918148707895416
2026-06-16,2026-06-17,2026-06-18,PR,1,18.64999961853028,18.3700008392334,-0.015013339679571969,8,0.9703947368421053,0.03333333333333333,1.0,1.0,0.36322451036717135,-0.1439975655353984,-0.0005004446559857323,-0.4948578382733398
2026-06-16,2026-06-17,2026-06-18,MRNA,1,56.209999084472656,63.959999084472656,0.13787582505299922,1,0.9802371541501976,0.022473192571046192,1.0,0.6741957771313858,0.5730645588604031,1.8485296252968109,0.0030985099673079266,3.063919108637884
2026-06-16,2026-06-17,2026-06-18,BBIO,1,66.66999816894531,68.08000183105469,0.021148998062612057,1,0.9703557312252964,0.03323867519008024,1.0,0.9971602557024072,0.3874579872171008,1.1717334827337451,0.0007029646771987984,0.6951169852256974
2026-06-17,2026-06-18,2026-06-22,ZIM,1,24.100000381469727,24.34000015258789,0.009958496569265618,12,0.9822134387351779,0.03333333333333333,1.0,1.0,0.3461856764010407,0.9769746481217103,0.00033194988564218725,0.3274454632711702
2026-06-17,2026-06-18,2026-06-22,LBRT,1,27.290000915527344,27.40999984741211,0.00439717581015131,12,0.9947368421052631,0.02526996913407912,1.0,0.7580990740223735,0.5082020254846064,1.1755621371806786,0.00011111649699964295,0.10960869218776315
2026-06-17,2026-06-18,2026-06-22,WFRD,1,94.66999816894533,91.62999725341795,-0.03211155565992807,12,0.9730263157894736,0.03181140060198117,1.0,0.9543420180594351,0.4036995936944912,1.1592976026297397,-0.0010215135610507876,-1.0076520453952158
2026-06-17,2026-06-18,2026-06-22,CHRD,1,125.41000366210938,122.5,-0.02320391976025904,12,0.986842105263158,0.028016469750154756,1.0,0.8404940925046427,0.45838214494535146,-0.3193631618556552,-0.0006500919160483156,-0.6412704381791478
2026-06-17,2026-06-18,2026-06-22,GMED,1,76.23999786376953,78.77999877929688,0.03331585764293932,12,0.9789473684210526,0.03333333333333333,1.0,1.0,0.3648668825993149,0.9865424614859694,0.0011105285880979772,1.0954591754177916
2026-06-17,2026-06-18,2026-06-22,PSLV,1,21.43000030517578,21.21999931335449,-0.009799392852578359,12,0.9696969696969697,0.02265904112169777,1.0,0.6797712336509332,0.5667605009805579,1.6394020825015234,-0.00022204484561424425,-0.21903178908609128
2026-06-17,2026-06-18,2026-06-22,NE,1,42.63999938964844,41.91999816894531,-0.016885582340742666,12,0.9875,0.03333333333333333,1.0,1.0,0.3842805268928097,0.6788156210642842,-0.0005628527446914222,-0.5552150662211568
2026-06-17,2026-06-18,2026-06-22,OVV,1,52.84999847412109,53.880001068115234,0.019489169796258476,11,0.9743421052631579,0.03322720980058745,1.0,0.9968162940176235,0.38649798087004716,-0.15167875250795124,0.0006475707336595526,0.6387834671904923
2026-06-17,2026-06-18,2026-06-22,WLK,1,82.94000244140625,79.29000091552734,-0.044007733523488635,11,0.9789473684210526,0.03320362471469789,1.0,0.9961087414409368,0.3867725168025933,0.8266785239664303,-0.0014612162684583463,-1.4413881692987263
2026-06-17,2026-06-18,2026-06-22,EGO,1,34.41999816894531,31.51000022888184,-0.08454381449354509,10,0.9723684210526315,0.020641729993477534,1.0,0.619251899804326,0.622149863501288,1.5581613951351831,-0.0017451305913944103,-1.7214498925412816
2026-06-17,2026-06-18,2026-06-22,AEO,1,17.3700008392334,17.739999771118164,0.021301031318838648,10,0.957236842105263,0.024765218028384314,1.0,0.7429565408515294,0.5185599207385747,1.799711397063669,0.0005275246848404818,0.5203663935006242
2026-06-17,2026-06-18,2026-06-22,PR,1,18.3700008392334,18.71999931335449,0.01905271954988641,9,0.9703947368421053,0.03333333333333333,1.0,1.0,0.3603804749219187,-0.11832167920521615,0.0006350906516628803,0.6264727347341253
2026-06-17,2026-06-18,2026-06-22,MRNA,1,63.959999084472656,64.06999969482422,0.0017198344578817082,2,0.9802371541501976,0.021909791869427465,1.0,0.6572937560828239,0.586142012411918,1.8109881998234088,3.7681215022057845e-05,0.03716989655124681
2026-06-17,2026-06-18,2026-06-22,BBIO,1,68.08000183105469,66.3499984741211,-0.025411329471270006,2,0.9703557312252964,0.032976621079995785,1.0,0.9892986323998735,0.3894349717249483,1.1902627731067987,-0.0008379797831130006,-0.8266087447581844
2026-06-18,2026-06-22,2026-06-23,ZIM,1,24.34000015258789,25.0,0.027115852229850468,13,0.9756258234519104,0.03333333333333333,1.0,1.0,0.34774398425467146,0.9737844270092297,0.0009038617409950156,0.8888333259456492
2026-06-18,2026-06-22,2026-06-23,LBRT,1,27.40999984741211,27.09000015258789,-0.011674560255586108,13,0.9947368421052631,0.025376649171156836,1.0,0.7612994751347051,0.507029424369686,1.1901290743728505,-0.00029626121983353975,-0.2913353153807319
2026-06-18,2026-06-22,2026-06-23,WFRD,1,91.62999725341795,89.2300033569336,-0.02619222927451126,13,0.9730263157894736,0.03126092827514314,1.0,0.9378278482542942,0.41159071504328854,1.200631477207902,-0.0008187934007166008,-0.8051794081029682
2026-06-18,2026-06-22,2026-06-23,CHRD,1,122.5,123.87000274658205,0.01118369589046564,13,0.986842105263158,0.02827575293703765,1.0,0.8482725881111295,0.45504386215050585,-0.3155374463887329,0.0003162274219217697,0.3109695415059001
2026-06-18,2026-06-22,2026-06-23,GMED,1,78.77999877929688,80.30999755859375,0.019421157692362856,13,0.9789473684210526,0.03333333333333333,1.0,1.0,0.3669703425233331,1.005863427966217,0.0006473719230787619,0.6366081375238782
2026-06-18,2026-06-22,2026-06-23,PSLV,1,21.21999931335449,19.600000381469727,-0.0763430247080753,13,0.9696969696969697,0.022743493876918913,1.0,0.6823048163075673,0.5657313643767291,1.6654996592290061,-0.0017363071149935798,-1.707437717392387
2026-06-18,2026-06-22,2026-06-23,NE,1,41.91999816894531,42.119998931884766,0.004771010774700324,13,0.9875,0.03333333333333333,1.0,1.0,0.3827480245486968,0.6842287863655245,0.0001590336924900108,0.15638945584498792
2026-06-18,2026-06-22,2026-06-23,OVV,1,53.880001068115234,53.59000015258789,-0.005382347991432335,12,0.9743421052631579,0.03333333333333333,1.0,1.0,0.38589365154917993,-0.1442255518819811,-0.00017941159971441114,-0.17642854172789788
2026-06-18,2026-06-22,2026-06-23,WLK,1,79.29000091552734,77.37000274658203,-0.02421488392957405,12,0.9789473684210526,0.03333333333333333,1.0,1.0,0.38581407822104186,0.8373480376496885,-0.0008071627976524683,-0.7937421858649008
2026-06-18,2026-06-22,2026-06-23,EGO,1,31.51000022888184,31.01000022888184,-0.015867978304287766,11,0.9723684210526315,0.021172980562267223,1.0,0.6351894168680167,0.6076946882298249,1.5691835608709892,-0.0003359723961991629,-0.3303862181520062
2026-06-18,2026-06-22,2026-06-23,AEO,1,17.739999771118164,17.489999771118164,-0.014092446630524558,11,0.957236842105263,0.024740572718314712,1.0,0.7422171815494414,0.5200650756220481,1.7906014967197914,-0.00034865520064146196,-0.34285814692549
2026-06-18,2026-06-22,2026-06-23,PR,1,18.71999931335449,18.88999938964844,0.009081200989824678,10,0.9703947368421053,0.03333333333333333,1.0,1.0,0.3603284458622118,-0.10596191864355156,0.0003027066996608226,0.2976736268860874
2026-06-18,2026-06-22,2026-06-23,MRNA,1,64.06999969482422,59.04999923706055,-0.07835181023372473,3,0.9802371541501976,0.0205525474344942,1.0,0.616576423034826,0.6260395633530269,1.7169879363169787,-0.0016103292964071154,-1.5835545188776239
2026-06-18,2026-06-22,2026-06-23,BBIO,1,66.3499984741211,68.56999969482422,0.03345894908451297,3,0.9703557312252964,0.033032098155777706,1.0,0.9909629446733311,0.38952136073840593,1.1564805948188777,0.001105219290348801,1.0868429242934756
2026-06-22,2026-06-23,2026-06-24,ZIM,1,25.0,25.43000030517578,0.017200012207031268,14,0.9756258234519104,0.03333333333333333,1.0,1.0,0.3490626583999305,0.9594558462763534,0.0005733337402343756,0.5622795785331975
2026-06-22,2026-06-23,2026-06-24,LBRT,1,27.09000015258789,26.31999969482422,-0.028423789347602257,14,0.9947368421052631,0.02561566595967564,1.0,0.7684699787902692,0.506959201427342,1.1914857331604827,-0.0007280942932363663,-0.7140562705519703
2026-06-22,2026-06-23,2026-06-24,WFRD,1,89.2300033569336,87.4000015258789,-0.020508817238686028,14,0.9730263157894736,0.031296476906450994,1.0,0.9388943071935298,0.4149380007776513,1.1794745304355987,-0.0006418537250891613,-0.6294784637575351
2026-06-22,2026-06-23,2026-06-24,CHRD,1,123.87000274658205,121.0500030517578,-0.022765799889368776,14,0.986842105263158,0.028288542840802792,1.0,0.8486562852240838,0.4590585535645137,-0.3288748707827976,-0.0006440113054755521,-0.6315944449133194
2026-06-22,2026-06-23,2026-06-24,GMED,1,80.30999755859375,80.91000366210938,0.007471125909048526,14,0.9789473684210526,0.03333333333333333,1.0,1.0,0.38164251242501296,1.0276202927847828,0.0002490375303016175,0.24423596197164144
2026-06-22,2026-06-23,2026-06-24,PSLV,1,19.600000381469727,18.420000076293945,-0.06020409603110921,14,0.97167325428195,0.02315224617384044,1.0,0.6945673852152132,0.560900115757218,1.663110568005572,-0.0013938600519857707,-1.3669857319829666
2026-06-22,2026-06-23,2026-06-24,NE,1,42.119998931884766,41.0099983215332,-0.02635329151234367,14,0.9875,0.03333333333333333,1.0,1.0,0.3841834325683484,0.6605157637630591,-0.0008784430504114556,-0.8615062283773036
2026-06-22,2026-06-23,2026-06-24,OVV,1,53.59000015258789,53.16999816894531,-0.00783732006804816,13,0.9743421052631579,0.03333333333333333,1.0,1.0,0.3867195433785974,-0.1556279793483694,-0.000261244002268272,-0.2562070870444167
2026-06-22,2026-06-23,2026-06-24,WLK,1,77.37000274658203,75.73999786376953,-0.02106765962192636,13,0.9789473684210526,0.033174267669096674,1.0,0.9952280300729003,0.3914509187807586,0.7869004707737197,-0.0006989041794592051,-0.6854289567900962
2026-06-22,2026-06-23,2026-06-24,EGO,1,31.01000022888184,30.0,-0.03257014580545392,12,0.9723684210526315,0.021770247357132018,1.0,0.6531074207139606,0.5965066609448704,1.5435805304953316,-0.0007090601306425876,-0.6953890961474305
2026-06-22,2026-06-23,2026-06-24,AEO,1,17.489999771118164,17.8700008392334,0.02172676232636328,12,0.957236842105263,0.02469787804188658,1.0,0.7409363412565975,0.525798108522636,1.8185236624697363,0.0005366049261815763,0.5262589144132213
2026-06-22,2026-06-23,2026-06-24,PR,1,18.88999938964844,18.700000762939453,-0.010058159494335639,11,0.9703947368421053,0.03333333333333333,1.0,1.0,0.3584654992006782,-0.11100820725231896,-0.0003352719831445213,-0.32880777136790557
2026-06-22,2026-06-23,2026-06-24,MRNA,1,59.04999923706055,61.16999816894531,0.035901760529646554,4,0.9802371541501976,0.020640588295360262,1.0,0.6192176488608079,0.6291534607986835,1.7224776712370269,0.0007410334581710497,0.7267459619053366
2026-06-22,2026-06-23,2026-06-24,BBIO,1,68.56999969482422,69.25,0.009916877762901732,4,0.9703557312252964,0.0332226341744012,1.0,0.996679025232036,0.3908810328156578,1.1271920570061151,0.00032946480206913844,0.3231125556525398
2026-06-23,2026-06-24,2026-06-25,ZIM,1,25.43000030517578,25.850000381469727,0.016515928873522823,15,0.9756258234519104,0.03333333333333333,1.0,1.0,0.35738575537191936,0.9499723352016,0.0005505309624507607,0.5378316874744725
2026-06-23,2026-06-24,2026-06-25,LBRT,1,26.31999969482422,26.38999938964844,0.0026595629040979674,15,0.9947368421052631,0.025384322488458406,1.0,0.7615296746537522,0.5095285793070959,1.1823369743411478,6.751120243596378e-05,0.06595389979144477
2026-06-23,2026-06-24,2026-06-25,WFRD,1,87.4000015258789,84.39402100181177,-0.03439336924012615,15,0.9730263157894736,0.03127602915055683,1.0,0.9382808745167048,0.41354475377789784,1.1775549332899689,-0.00107568801894005,-1.0508747770464295
2026-06-23,2026-06-24,2026-06-25,CHRD,1,121.0500030517578,117.55703983805218,-0.028855540071420882,15,0.986842105263158,0.028176109897686187,1.0,0.8452832969305856,0.45904270749879206,-0.33277018860217994,-0.0008130368682094423,-0.7942822849807554
2026-06-23,2026-06-24,2026-06-25,GMED,1,80.91000366210938,82.66999816894531,0.02175249570109905,15,0.9789473684210526,0.03333333333333333,1.0,1.0,0.3816422544655654,1.026070683736519,0.000725083190036635,0.7083574626225606
2026-06-23,2026-06-24,2026-06-25,PSLV,1,18.420000076293945,18.51000022888184,0.004886001748920732,15,0.97167325428195,0.023655168036402465,1.0,0.709655041092074,0.5467742928020399,1.6660627197420907,0.00011557919239687623,0.11291308995051921
2026-06-23,2026-06-24,2026-06-25,NE,1,41.0099983215332,38.90999984741211,-0.051206987565723505,15,0.9875,0.03333333333333333,1.0,1.0,0.3836686628597801,0.655297207125032,-0.0017068995855241168,-1.6675259831803215
2026-06-23,2026-06-24,2026-06-25,OVV,1,53.16999816894531,52.2599983215332,-0.017114912145015038,14,0.9743421052631579,0.03264066823548087,1.0,0.979220047064426,0.3962552997048601,-0.16728886428887033,-0.0005586421692048381,-0.5457557904106265
2026-06-23,2026-06-24,2026-06-25,WLK,1,75.73999786376953,74.72564093541918,-0.013392618919462307,14,0.9789473684210526,0.03333333333333333,1.0,1.0,0.3856539260813969,0.7919992877932265,-0.00044642063064874357,-0.4361229022186129
2026-06-23,2026-06-24,2026-06-25,EGO,1,30.0,30.6299991607666,0.02099997202555337,13,0.9723684210526315,0.02173996478134469,1.0,0.6521989434403407,0.5949429037399464,1.5471820726955732,0.000456538652244754,0.4460075281525669
2026-06-23,2026-06-24,2026-06-25,AEO,1,17.8700008392334,18.4010615699637,0.029718002562393098,13,0.957236842105263,0.02465073567210004,1.0,0.7395220701630012,0.5246917555023016,1.8160069469959865,0.0007325706258683439,0.7156721833610603
2026-06-23,2026-06-24,2026-06-25,PR,1,18.700000762939453,18.51000022888184,-0.010160455952181846,12,0.9703947368421053,0.03333333333333333,1.0,1.0,0.3639435243979573,-0.11887696072221084,-0.0003386818650727282,-0.3308693814389391
2026-06-23,2026-06-24,2026-06-25,MRNA,1,61.16999816894531,60.33000183105469,-0.01373216222061413,5,0.9802371541501976,0.020027787591418652,1.0,0.6008336277425596,0.6458046209636882,1.740477170449154,-0.00027502482812536365,-0.2686807418597655
2026-06-23,2026-06-24,2026-06-25,BBIO,1,69.25,69.58999633789062,0.004909694409972909,5,0.9703557312252964,0.032601310561392705,1.0,0.9780393168417811,0.3967336757784883,1.115688607519593,0.00016006247222106053,0.15637025963583004
2026-06-24,2026-06-25,2026-06-26,ZIM,1,25.850000381469727,25.420000076293945,-0.01663444096055111,16,0.9756258234519104,0.03333333333333333,1.0,1.0,0.3576051924940386,0.9173478282738149,-0.0005544813653517036,-0.5403873762814181
2026-06-24,2026-06-25,2026-06-26,LBRT,1,26.38999938964844,27.059999465942383,0.025388408176953314,16,0.9947368421052631,0.02641514836847015,1.0,0.7924544510541045,0.4907796368053385,1.1940465446365587,0.0006706385688335025,0.6535920578957436
2026-06-24,2026-06-25,2026-06-26,WFRD,1,84.39402100181177,82.46011622111648,-0.022915187091912204,16,0.9730263157894736,0.032593763069071864,1.0,0.9778128920721558,0.3977453261522427,1.18765404897116,-0.0007468921787572403,-0.7279074285710744
2026-06-24,2026-06-25,2026-06-26,CHRD,1,117.55703983805218,117.94361640064525,0.0032884169516826933,16,0.986842105263158,0.028260420845605278,1.0,0.8478126253681584,0.45873403631400334,-0.3279537740526667,9.293204697037535e-05,0.09056986974292436
2026-06-24,2026-06-25,2026-06-26,GMED,1,82.66999816894531,84.62000274658203,0.02358781445297331,16,0.9789473684210526,0.03333333333333333,1.0,1.0,0.38160669119625173,1.0035565321824982,0.000786260481765777,0.7662750551511687
2026-06-24,2026-06-25,2026-06-26,PSLV,1,18.51000022888184,18.600000381469727,0.004862244812263938,16,0.97167325428195,0.02327183066670735,1.0,0.6981549200012205,0.5570690638009503,1.6961896284239857,0.00011315333793108265,0.11027716930266454
2026-06-24,2026-06-25,2026-06-26,NE,1,38.90999984741211,38.650001525878906,-0.0066820437561758705,16,0.9875,0.03333333333333333,1.0,1.0,0.38030046867541,0.6552671712871757,-0.00022273479187252901,-0.21707324593359098
2026-06-24,2026-06-25,2026-06-26,OVV,1,52.2599983215332,53.119998931884766,0.016456192842953188,15,0.9743421052631579,0.03270619861285902,1.0,0.9811859583857706,0.39637797947389325,-0.16681197561682348,0.0005382195115331361,0.5245388715928724
2026-06-24,2026-06-25,2026-06-26,WLK,1,74.72564093541918,75.47041528619141,0.00996678437881715,15,0.9789473684210526,0.03333333333333333,1.0,1.0,0.38272631303907895,0.8022636483086475,0.0003322261459605717,0.32378151289871687
2026-06-24,2026-06-25,2026-06-26,EGO,1,30.6299991607666,30.700000762939453,0.0022853935387145974,14,0.9723684210526315,0.02198145548693656,1.0,0.6594436646080968,0.5897706332568079,1.5540978395328897,5.023627634138735e-05,0.048959354204899934
2026-06-24,2026-06-25,2026-06-26,AEO,1,18.4010615699637,17.597130494223983,-0.043689385673921444,14,0.957236842105263,0.024789596341265138,1.0,0.7436878902379541,0.5229620016384378,1.799179626454398,-0.0010830422352543646,-1.055513112762303
2026-06-24,2026-06-25,2026-06-26,PR,1,18.51000022888184,18.790000915527344,0.015126995309735713,13,0.9703947368421053,0.03333333333333333,1.0,1.0,0.3642223005201994,-0.12488337064322995,0.0005042331769911905,0.4914164128409985
2026-06-24,2026-06-25,2026-06-26,MRNA,1,60.33000183105469,59.46500015258789,-0.01433783610497985,6,0.9802371541501976,0.02001816448377346,1.0,0.6005449345132038,0.6476126686313034,1.694768793449747,-0.00028701716149087247,-0.2797216652130654
2026-06-24,2026-06-25,2026-06-26,BBIO,1,69.58999633789062,69.52999877929688,-0.0008621578064530455,6,0.9703557312252964,0.03276672529378441,1.0,0.9830017588135322,0.3956457902400177,1.114588345065668,-2.825008800393869e-05,-0.02753201800836802
2026-06-25,2026-06-26,2026-06-29,ZIM,1,25.420000076293945,25.36000061035156,-0.00236032516767537,17,0.9756258234519104,0.03333333333333333,1.0,1.0,0.3552992778413893,0.9276627022010974,-7.8677505589179e-05,-0.07669034371699851
2026-06-25,2026-06-26,2026-06-29,LBRT,1,27.059999465942383,26.850000381469727,-0.0077604984707024816,17,0.9947368421052631,0.0264519970819181,1.0,0.793559912457543,0.4926002732310913,1.248722124793679,-0.00020528068290125192,-0.2000958979604766
2026-06-25,2026-06-26,2026-06-29,WFRD,1,82.46011622111648,82.54982524772957,0.0010879080787677964,17,0.9730263157894736,0.03172685835416465,1.0,0.9518057506249396,0.4107012690826496,1.2454979580603733,3.451590551741728e-05,0.03364413548716064
2026-06-25,2026-06-26,2026-06-29,CHRD,1,117.94361640064525,117.53722094573973,-0.003445675716140739,17,0.986842105263158,0.028722222038009445,1.0,0.8616666611402833,0.4536647956003313,-0.3018897515387698,-9.896746298997152e-05,-0.09646783660289458
2026-06-25,2026-06-26,2026-06-29,GMED,1,84.62000274658203,85.98999786376953,0.01618996777027215,17,0.9789473684210526,0.03333333333333333,1.0,1.0,0.384851770551933,1.008175648717459,0.000539665592342405,0.5260352302611493
2026-06-25,2026-06-26,2026-06-29,PSLV,1,18.600000381469727,18.56999969482422,-0.0016129401091515838,17,0.97167325428195,0.022777693011088965,1.0,0.683330790332669,0.5720623674977666,1.706675838536253,-3.67390546515271e-05,-0.03581113442735682
2026-06-25,2026-06-26,2026-06-29,NE,1,38.650001525878906,38.59000015258789,-0.0015524287431357697,17,0.9875,0.033234760246988036,1.0,0.9970428074096411,0.39206724806272003,0.6798273458233192,-5.159459707865028e-05,-0.05029146964270231
2026-06-25,2026-06-26,2026-06-29,OVV,1,53.119998931884766,52.91999816894531,-0.0037650746792354806,16,0.9743421052631579,0.032839641699191686,1.0,0.9851892509757505,0.39678450542843813,-0.12710413951249688,-0.00012364370343679226,-0.12052082795459627
2026-06-25,2026-06-26,2026-06-29,WLK,1,75.47041528619141,75.90734900433816,0.005789470171720268,16,0.9789473684210526,0.03333333333333333,1.0,1.0,0.36494344098985243,0.7951875524835487,0.00019298233905734225,0.18810817403002977
2026-06-25,2026-06-26,2026-06-29,EGO,1,30.700000762939453,30.86000061035156,0.005211721284556381,15,0.9723684210526315,0.021744061973169915,1.0,0.6523218591950974,0.5992560638457974,1.5630935892237692,0.00011332399059828267,0.11046176064279689
2026-06-25,2026-06-26,2026-06-29,AEO,1,17.597130494223983,17.468104547782396,-0.007332215129275621,15,0.957236842105263,0.02482180801032847,1.0,0.7446542403098542,0.5249521301848331,1.8098552985063703,-0.00018199883622930523,-0.17740208210717356
2026-06-25,2026-06-26,2026-06-29,PR,1,18.790000915527344,18.600000381469727,-0.010111789505055757,14,0.9703947368421053,0.03333333333333333,1.0,1.0,0.3589644342695957,-0.09757098370805084,-0.00033705965016852526,-0.32854651696164955
2026-06-25,2026-06-26,2026-06-29,MRNA,1,59.46500015258789,67.94499969482422,0.14260488557095008,7,0.9802371541501976,0.02010454609831872,1.0,0.6031363829495615,0.648125101971368,1.7122244628280276,0.002867006495806632,2.7945943628456664
2026-06-25,2026-06-26,2026-06-29,BBIO,1,69.52999877929688,71.29000091552734,0.02531284578066928,7,0.9703557312252964,0.032993423235672684,1.0,0.9898026970701804,0.3949351025804589,1.114753000372722,0.0008351574341409331,0.8140638191621022
2026-06-26,2026-06-29,2026-06-30,ZIM,1,25.36000061035156,26.0,0.025236568385065494,18,0.9756258234519104,0.03333333333333333,1.0,1.0,0.35574225188964226,0.9677312334555643,0.0008412189461688498,0.822816464973367
2026-06-26,2026-06-29,2026-06-30,LBRT,1,26.850000381469727,26.649999618530277,-0.0074488178807430305,18,0.9947368421052631,0.026369722843067024,1.0,0.7910916852920107,0.4958471769130711,1.2589247135956114,-0.00019642326302367558,-0.19212631343568684
2026-06-26,2026-06-29,2026-06-30,WFRD,1,82.54982524772957,80.66577026193556,-0.022823246204822567,18,0.9730263157894736,0.03254746930803233,1.0,0.9764240792409699,0.4017317753330845,1.2371350520693098,-0.0007428389053611279,-0.7265885830764972
2026-06-26,2026-06-29,2026-06-30,CHRD,1,117.53722094573973,116.080147575287,-0.012396697477860097,18,0.986842105263158,0.02882475394275887,1.0,0.8647426182827661,0.45361541172841807,-0.2949818170579322,-0.0003573317545021368,-0.34951477543536413
2026-06-26,2026-06-29,2026-06-30,GMED,1,85.98999786376953,83.0,-0.03477146107744378,18,0.9789473684210526,0.03333333333333333,1.0,1.0,0.3890477804404682,1.0075652238199866,-0.0011590487025814591,-1.1336933868803043
2026-06-26,2026-06-29,2026-06-30,PSLV,1,18.56999969482422,18.799999237060547,0.012385543673457011,18,0.97167325428195,0.023054881270403074,1.0,0.6916464381120923,0.5671403150750777,1.7255808220850988,0.0002855472388609433,0.27930061577013887
2026-06-26,2026-06-29,2026-06-30,NE,1,38.59000015258789,38.369998931884766,-0.005700990407702111,18,0.9875,0.03333333333333333,1.0,1.0,0.3920280713037238,0.7071219090175264,-0.00019003301359007038,-0.1858758569128
2026-06-26,2026-06-29,2026-06-30,OVV,1,52.91999816894531,53.5099983215332,0.011148907275172926,17,0.9743421052631579,0.033031822251767665,1.0,0.9909546675530299,0.39584109311484306,-0.12230458405476985,0.00036826872341495147,0.36021248753439655
2026-06-26,2026-06-29,2026-06-30,WLK,1,75.90734900433816,74.15961139205021,-0.023024616657183805,17,0.9789473684210526,0.03333333333333333,1.0,1.0,0.3649998453017945,0.7809756612005659,-0.0007674872219061268,-0.7506976937657729
2026-06-26,2026-06-29,2026-06-30,EGO,1,30.86000061035156,31.299999237060547,0.014257894297040163,16,0.9723684210526315,0.021951203835327115,1.0,0.6585361150598135,0.595655378438613,1.595669315807701,0.00031297794397687663,0.30613124757891025
2026-06-26,2026-06-29,2026-06-30,AEO,1,17.468104547782396,16.97185307053406,-0.028409005447092794,16,0.957236842105263,0.024716677700632118,1.0,0.7415003310189635,0.5290093104778605,1.817540729391478,-0.0007021762314312948,-0.6868154446186834
2026-06-26,2026-06-29,2026-06-30,PR,1,18.600000381469727,18.6299991607666,0.0016128375635282577,15,0.9703947368421053,0.03333333333333333,1.0,1.0,0.3585689974917294,-0.09273518233713633,5.376125211760859e-05,0.052585172530188885
2026-06-26,2026-06-29,2026-06-30,MRNA,1,67.94499969482422,69.83499908447266,0.02781660752281101,8,0.9802371541501976,0.02031148555055284,1.0,0.6093445665165852,0.643741817661339,1.6967457107815627,0.0005649966217649752,0.5526367721028942
2026-06-26,2026-06-29,2026-06-30,BBIO,1,71.29000091552734,72.52999877929688,0.017393713674359823,8,0.9703557312252964,0.03333333333333333,1.0,1.0,0.3845949219932097,1.088141105142502,0.0005797904558119941,0.5671069766666504
2026-06-29,2026-06-30,2026-07-01,ZIM,1,26.0,25.90999984741211,-0.0034615443303034343,19,0.9756258234519104,0.03333333333333333,1.0,1.0,0.35586022795253935,0.9691950850790217,-0.00011538481101011447,-0.11273551883840083
2026-06-29,2026-06-30,2026-07-01,LBRT,1,26.649999618530277,25.88999938964844,-0.028517832636417495,19,0.9947368421052631,0.026754520312353702,1.0,0.8026356093706111,0.49077189804720883,1.2622851831107984,-0.0007629809325353352,-0.7454625140014135
2026-06-29,2026-06-30,2026-07-01,WFRD,1,80.66577026193556,80.11750115543144,-0.006796799989931324,19,0.9730263157894736,0.032509721988086916,1.0,0.9752916596426076,0.40389046451544586,1.2458765971616406,-0.00022096207808129927,-0.21588867978405674
2026-06-29,2026-06-30,2026-07-01,CHRD,1,116.080147575287,113.29486445022158,-0.023994482977883425,19,0.986842105263158,0.029367872951776102,1.0,0.881036188553283,0.44709968395046246,-0.2807201224665731,-0.0007046669276380347,-0.6884874274186055
2026-06-29,2026-06-30,2026-07-01,GMED,1,83.0,79.47000122070312,-0.0425301057746611,19,0.9789473684210526,0.03333333333333333,1.0,1.0,0.39040905368788187,0.9943479108077764,-0.0014176701924887031,-1.3851197856357347
2026-06-29,2026-06-30,2026-07-01,PSLV,1,18.799999237060547,18.809999465942383,0.0005319270897694572,19,0.97167325428195,0.023907811310441895,1.0,0.7172343393132569,0.549208229249394,1.7098617408178196,1.2717212493120671e-05,0.012425219021804153
2026-06-29,2026-06-30,2026-07-01,NE,1,38.369998931884766,36.81999969482422,-0.04039612406067927,19,0.9875,0.03333333333333333,1.0,1.0,0.39286255238822354,0.716292758087653,-0.001346537468689309,-1.3156203042593653
2026-06-29,2026-06-30,2026-07-01,OVV,1,53.5099983215332,52.5,-0.018874945864589265,18,0.9743421052631579,0.03333333333333333,1.0,1.0,0.3938364890877785,-0.11774710861040105,-0.0006291648621529755,-0.6147189265967518
2026-06-29,2026-06-30,2026-07-01,WLK,1,74.15961139205021,71.3592591341366,-0.03776115064990493,18,0.9789473684210526,0.03333333333333333,1.0,1.0,0.3652838810591124,0.7772465524019151,-0.0012587050216634975,-1.2298045335386139
2026-06-29,2026-06-30,2026-07-01,EGO,1,31.299999237060547,31.26000022888184,-0.0012779236151336804,17,0.9723684210526315,0.022136148445757946,1.0,0.6640844533727384,0.5931640161887631,1.5742804690250674,-2.8288306846938792e-05,-0.02763879336917213
2026-06-29,2026-06-30,2026-07-01,AEO,1,16.97185307053406,16.942076477542194,-0.0017544691712870764,17,0.957236842105263,0.02495288618847925,1.0,0.7485865856543775,0.5262063320394064,1.8164125279874825,-4.3779069552321925e-05,-0.042773880522374935
2026-06-29,2026-06-30,2026-07-01,PR,1,18.6299991607666,18.270000457763672,-0.019323602749325985,16,0.9703947368421053,0.03333333333333333,1.0,1.0,0.35445828376339317,-0.08805316715704035,-0.0006441200916441995,-0.629330776642532
2026-06-29,2026-06-30,2026-07-01,MRNA,1,69.83499908447266,70.04000091552734,0.00293551705795414,9,0.9802371541501976,0.019047814732021537,1.0,0.5714344419606461,0.6893371706814637,1.6263085021562962,5.591518506259939e-05,0.05463134483467477
2026-06-29,2026-06-30,2026-07-01,BBIO,1,72.52999877929688,74.4800033569336,0.026885490286170155,9,0.9703557312252964,0.03333333333333333,1.0,1.0,0.3839427357830936,1.0805713932883274,0.0008961830095390052,0.8756062056181985
2026-06-30,2026-07-01,2026-07-02,ZIM,1,25.90999984741211,25.6299991607666,-0.010806664928385668,20,0.9756258234519104,0.03333333333333333,1.0,1.0,0.3567875098305529,0.9594567453020665,-0.00036022216427952227,-0.3497665676944852
2026-06-30,2026-07-01,2026-07-02,LBRT,1,25.88999938964844,24.3799991607666,-0.058323687310922856,20,0.9947368421052631,0.02677115213092169,1.0,0.8031345639276507,0.4896989392235757,1.2151610001566646,-0.0015613923058370228,-1.5160722514937128
2026-06-30,2026-07-01,2026-07-02,WFRD,1,80.11750115543144,80.82526979111944,0.008834132686126761,20,0.9730263157894736,0.03230155713350463,1.0,0.969046714005139,0.40585674387527404,1.1849837162782793,0.0002853562416858843,0.2770736593188127
2026-06-30,2026-07-01,2026-07-02,CHRD,1,113.29486445022158,111.26288843882135,-0.017935287899064623,20,0.986842105263158,0.029370504579239492,1.0,0.8811151373771847,0.4463595361440257,-0.29085643952610823,-0.0005267684553694562,-0.5114787841353665
2026-06-30,2026-07-01,2026-07-02,GMED,1,79.47000122070312,77.06999969482422,-0.03020009423698955,20,0.9789473684210526,0.03333333333333333,1.0,1.0,0.3889791046731863,0.9491992142316781,-0.0010066698078996517,-0.9774508023818009
2026-06-30,2026-07-01,2026-07-02,PSLV,1,18.809999465942383,19.5,0.036682645063703445,20,0.97167325428195,0.02428396142383786,1.0,0.7285188427151358,0.5398544566718158,1.6709785068241383,0.0008907999376513108,0.8649441028092577
2026-06-30,2026-07-01,2026-07-02,NE,1,36.81999969482422,37.630001068115234,0.021998951113649134,20,0.9875,0.03333333333333333,1.0,1.0,0.392812396935937,0.7036001922225339,0.0007332983704549711,0.7120140834281662
2026-06-30,2026-07-01,2026-07-02,OVV,1,52.5,52.470001220703125,-0.0005714053199404878,19,0.9743421052631579,0.03333333333333333,1.0,1.0,0.39263258655401195,-0.12558571515804776,-1.904684399801626e-05,-0.018494001511325575
2026-06-30,2026-07-01,2026-07-02,WLK,1,71.3592591341366,72.37214833437137,0.014194222481077379,19,0.9789473684210526,0.03333333333333333,1.0,1.0,0.36706982720594167,0.7353248836259197,0.00047314074936924595,0.45940764437488407
2026-06-30,2026-07-01,2026-07-02,EGO,1,31.26000022888184,32.63999938964844,0.04414584615042916,18,0.9723684210526315,0.022164863553071002,1.0,0.66494590659213,0.5914678774771398,1.5432574382095343,0.000978486656359127,0.9500856784148768
2026-06-30,2026-07-01,2026-07-02,AEO,1,16.942076477542194,17.07110310282056,0.0076157503744833654,18,0.957236842105263,0.024517748740245107,1.0,0.7355324622073532,0.5347067114194702,1.7497243299178298,0.00018672105415001075,0.1813013986992416
2026-06-30,2026-07-01,2026-07-02,PR,1,18.270000457763672,18.040000915527344,-0.012588918252522063,17,0.9703947368421053,0.03333333333333333,1.0,1.0,0.35449811705641754,-0.10800773395884485,-0.0004196306084174021,-0.4074506572888496
2026-06-30,2026-07-01,2026-07-02,MRNA,1,70.04000091552734,73.70999908447266,0.052398602526741334,10,0.9802371541501976,0.019481668577971293,1.0,0.5844500573391388,0.6729302856085492,1.6282262495655624,0.0010208122083748238,0.9911827138621935
2026-06-30,2026-07-01,2026-07-02,BBIO,1,74.4800033569336,75.02999877929688,0.007384470966354861,10,0.9703557312252964,0.03333333333333333,1.0,1.0,0.3787403174407845,1.0835320089401692,0.0002461490322118287,0.23900445523736166
2026-07-01,2026-07-02,2026-07-06,ZIM,1,25.6299991607666,23.950000762939453,-0.06554812535455812,21,0.9756258234519104,0.016666666666666666,0.5,1.0,0.3560230874943586,0.9441843751518874,-0.001092468755909302,-1.0617363961529263
2026-07-01,2026-07-02,2026-07-06,LBRT,1,24.3799991607666,23.850000381469727,-0.02173908111325007,21,0.9947368421052631,0.01342069649847205,0.5,0.805241789908323,0.489606683266306,1.2099886393827897,-0.00029175360977659506,-0.2835462566167213
2026-07-01,2026-07-02,2026-07-06,WFRD,1,80.82526979111944,83.0083804005115,0.027010248342306475,21,0.9730263157894736,0.016380973452828337,0.5,0.9828584071697003,0.40112773020861603,1.1854943442945192,0.00044245416104962297,0.43000743396518143
2026-07-01,2026-07-02,2026-07-06,CHRD,1,111.26288843882135,111.2430672346533,-0.0001781474887644352,21,0.986842105263158,0.014716988332005151,0.5,0.883019299920309,0.44648147783408376,-0.29511371491613225,-2.6217945135222114e-06,-0.002548040521235455
2026-07-01,2026-07-02,2026-07-06,GMED,1,77.06999969482422,79.98999786376953,0.03788761100957183,21,0.9789473684210526,0.016164977356548364,0.5,0.9698986413929018,0.4064875907220989,0.9219711967421356,0.0006124523740634411,0.5952234083913769
2026-07-01,2026-07-02,2026-07-06,PSLV,1,19.5,19.75,0.012820512820512775,21,0.97167325428195,0.0121351696659285,0.5,0.7281101799557099,0.5414726683376676,1.6819290991999665,0.00015557909828113405,0.15120248540952044
2026-07-01,2026-07-02,2026-07-06,NE,1,37.630001068115234,37.81999969482422,0.005049126264042858,21,0.9875,0.016666666666666666,0.5,1.0,0.3933164791835081,0.6937060668770536,8.41521044007143e-05,0.0817848122171074
2026-07-01,2026-07-02,2026-07-06,OVV,1,52.470001220703125,52.77999877929688,0.005908091316594755,20,0.9743421052631579,0.016666666666666666,0.5,1.0,0.39070314786485355,-0.1280261272825501,9.846818860991258e-05,0.09569816907338156
2026-07-01,2026-07-02,2026-07-06,WLK,1,72.37214833437137,73.4346950260316,0.014681707205250971,20,0.9789473684210526,0.016666666666666666,0.5,1.0,0.36328166580337423,0.7234629706842461,0.00024469512008751617,0.23781157452112614
2026-07-01,2026-07-02,2026-07-06,EGO,1,32.63999938964844,34.20000076293945,0.04779416061465236,19,0.9723684210526315,0.011221723448872031,0.5,0.6733034069323218,0.5855484435771858,1.5485507556093445,0.0005363328528886005,0.5212452139103886
2026-07-01,2026-07-02,2026-07-06,AEO,1,17.07110310282056,16.267172233069275,-0.047093082673635656,19,0.957236842105263,0.01228689383163391,0.5,0.7372136298980345,0.5347863170122985,1.7419199660582976,-0.0005786277070153196,-0.5623502668040429
2026-07-01,2026-07-02,2026-07-06,PR,1,18.040000915527344,18.0,-0.0022173455375444906,18,0.9703947368421053,0.016666666666666666,0.5,1.0,0.35435173165378664,-0.10609535551471276,-3.695575895907484e-05,-0.03591615240441884
2026-07-01,2026-07-02,2026-07-06,MRNA,1,73.70999908447266,78.55000305175781,0.06566278696786365,11,0.9802371541501976,0.009813592613539344,0.5,0.5888155568123606,0.6695675027996497,1.6298866712181788,0.0006443878411722343,0.6262604953324384
2026-07-01,2026-07-02,2026-07-06,BBIO,1,75.02999877929688,77.4800033569336,0.03265366676658865,11,0.9703557312252964,0.016666666666666666,0.5,1.0,0.384417162993869,1.0976612210501278,0.0005442277794431441,0.5289180474102687
2026-07-02,2026-07-06,2026-07-07,ZIM,1,23.950000762939453,24.170000076293945,0.009185774795252621,22,0.9756258234519104,0.016666666666666666,0.5,1.0,0.35910034304773486,0.9566230743083984,0.00015309624658754368,0.14899188067831662
2026-07-02,2026-07-06,2026-07-07,LBRT,1,23.850000381469727,23.38999938964844,-0.01928725301734935,22,0.9947368421052631,0.012769431676803032,0.5,0.7661659006081819,0.5096273242703263,1.2251810332396054,-0.0002462872596382556,-0.23968453060428033
2026-07-02,2026-07-06,2026-07-07,WFRD,1,83.0083804005115,83.54668280721603,0.006484916391661377,22,0.9730263157894736,0.01629548086694707,0.5,0.9777288520168242,0.3993531305419569,1.188247355710827,0.00010567483098406942,0.1028417884802721
2026-07-02,2026-07-06,2026-07-07,CHRD,1,111.2430672346533,111.59988940054744,0.003207590142597194,22,0.986842105263158,0.014604214978974536,0.5,0.8762528987384721,0.44560089722527646,-0.2869549227440818,4.6844336006929014e-05,0.04558848356094971
2026-07-02,2026-07-06,2026-07-07,GMED,1,79.98999786376953,81.30000305175781,0.016377112426222862,22,0.9789473684210526,0.015945500251865075,0.5,0.9567300151119045,0.4081183528337848,0.9267846825993167,0.0002611412503171593,0.2541402998093244
2026-07-02,2026-07-06,2026-07-07,PSLV,1,19.75,19.61000061035156,-0.007088576691060333,22,0.97167325428195,0.01255651207359672,0.5,0.7533907244158031,0.5182690272393301,1.6821266638730266,-8.900779880591536e-05,-0.08662158370778464
2026-07-02,2026-07-06,2026-07-07,NE,1,37.81999969482422,37.880001068115234,0.0015864985133573484,22,0.9875,0.016557889359860432,0.5,0.9934733615916259,0.3930242047442168,0.6977970441582728,2.626906685375403e-05,0.02556481795892497
2026-07-02,2026-07-06,2026-07-07,OVV,1,52.77999877929688,53.45000076293945,0.012694240226193143,21,0.9743421052631579,0.016666666666666666,0.5,1.0,0.3893565885485596,-0.12335977897767796,0.0002115706704365524,0.20589866040046342
2026-07-02,2026-07-06,2026-07-07,WLK,1,73.4346950260316,74.51710062674904,0.01473970308358652,21,0.9789473684210526,0.016666666666666666,0.5,1.0,0.36226149677786895,0.7251231732116308,0.0002456617180597753,0.2390757592052574
2026-07-02,2026-07-06,2026-07-07,EGO,1,34.20000076293945,33.13999938964844,-0.030994191510067992,20,0.9723684210526315,0.011336172013599682,0.5,0.6801703208159809,0.5740607402653057,1.5420220532419266,-0.00035135548638058167,-0.3419359773301378
2026-07-02,2026-07-06,2026-07-07,AEO,1,16.267172233069275,16.435897525164933,0.010372134116380716,20,0.957236842105263,0.012284607509565816,0.5,0.737076450573949,0.5297402699137499,1.7502947418764703,0.00012741759665631434,0.1240016511213415
2026-07-02,2026-07-06,2026-07-07,PR,1,18.0,18.309999465942383,0.017222192552354576,19,0.9703947368421053,0.016666666666666666,0.5,1.0,0.3573892054213865,-0.09975555971603772,0.0002870365425392429,0.2793413636817599
2026-07-02,2026-07-06,2026-07-07,MRNA,1,78.55000305175781,82.0999984741211,0.04519408382484902,12,0.9802371541501976,0.0097794799449541,0.5,0.586768796697246,0.6654394031719054,1.6239339208887438,0.0004419746363956855,0.4301257134416653
2026-07-02,2026-07-06,2026-07-07,BBIO,1,77.4800033569336,78.05000305175781,0.007356732964999502,12,0.9703557312252964,0.016666666666666666,0.5,1.0,0.35774880767010425,1.1087566052399298,0.00012261221608332503,0.1193250982671517
2026-07-06,2026-07-07,2026-07-08,ZIM,1,24.170000076293945,23.959999084472656,-0.008688497772379344,23,0.9953703703703703,0.016666666666666666,0.5,1.0,0.3588929298501629,0.955243422330076,-0.0001448082962063224,-0.14111533668249795
2026-07-06,2026-07-07,2026-07-08,LBRT,1,23.38999938964844,24.290000915527344,0.03847804828405477,23,0.9947368421052631,0.012923022500009667,0.5,0.77538135000058,0.5078797033281206,1.2309293562652204,0.0004972526837312981,0.4845715454109055
2026-07-06,2026-07-07,2026-07-08,WFRD,1,83.54668280721603,83.88562411201785,0.004056909184340984,23,0.9730263157894736,0.016157221486511428,0.5,0.9694332891906857,0.4062171728528216,1.186042645710383,6.55483802420597e-05,0.06387673903483714
2026-07-06,2026-07-07,2026-07-08,CHRD,1,111.59988940054744,118.94473345938421,0.06581408008815415,23,0.986842105263158,0.01484978585745424,0.5,0.8909871514472544,0.44198218724567634,-0.28589332322071465,0.0009773249957144322,0.952400859837211
2026-07-06,2026-07-07,2026-07-08,GMED,1,81.30000305175781,77.16999816894531,-0.05079956614741121,23,0.9789473684210526,0.015565651199022376,0.5,0.9339390719413426,0.4216553968406896,0.9206911048761989,-0.0007907283277122679,-0.7705628552560337
2026-07-06,2026-07-07,2026-07-08,PSLV,1,19.61000061035156,18.600000381469727,-0.05150434459184472,23,0.97167325428195,0.012560506005595155,0.5,0.7536303603357093,0.5225379320294784,1.677829330284302,-0.000646920629560108,-0.6304225989729061
2026-07-06,2026-07-07,2026-07-08,NE,1,37.880001068115234,38.56999969482422,0.018215380339304588,23,0.9875,0.01653812948620103,0.5,0.9922877691720617,0.3968611346817554,0.6968724271508171,0.00030124831869181973,0.2935657626733167
2026-07-06,2026-07-07,2026-07-08,OVV,1,53.45000076293945,56.09999847412109,0.04957900230787393,22,0.9743421052631579,0.016666666666666666,0.5,1.0,0.38637712787452866,-0.12338752817296626,0.0008263167051312322,0.8052436435328707
2026-07-06,2026-07-07,2026-07-08,WLK,1,74.51710062674904,77.17843165054093,0.035714366251611285,22,0.9789473684210526,0.016666666666666666,0.5,1.0,0.3685020091227415,0.7257145825805092,0.0005952394375268547,0.5800594015250589
2026-07-06,2026-07-07,2026-07-08,EGO,1,33.13999938964844,31.020000457763672,-0.0639710009333001,21,0.9723684210526315,0.011340251831834779,0.5,0.6804151099100867,0.5787649984088256,1.533244671855918,-0.0007254472605181609,-0.7069466121440803
2026-07-06,2026-07-07,2026-07-08,AEO,1,16.435897525164933,16.36642277181196,-0.004227013051559925,21,0.957236842105263,0.01230123220806642,0.5,0.7380739324839852,0.5335514948741221,1.7609858371880924,-5.199746909376607e-05,-0.05067140868331145
2026-07-06,2026-07-07,2026-07-08,PR,1,18.309999465942383,19.489999771118164,0.06444567665720835,20,0.9703947368421053,0.016666666666666666,0.5,1.0,0.3533396152707841,-0.09971391587800077,0.0010740946109534725,1.0467026173527914
2026-07-06,2026-07-07,2026-07-08,MRNA,1,82.0999984741211,77.33999633789062,-0.05797810261507952,13,0.9802371541501976,0.009516295747164347,0.5,0.5709777448298609,0.6896949199338693,1.6131800428184957,-0.0005517367713445393,-0.5376661578661659
2026-07-06,2026-07-07,2026-07-08,BBIO,1,78.05000305175781,77.11000061035156,-0.012043592628470545,13,0.9703557312252964,0.016666666666666666,0.5,1.0,0.364720525338004,1.1031428168384323,-0.00020072654380784243,-0.19560753460008704
2026-07-06,2026-07-07,2026-07-08,AGX,1,704.1327268425215,650.7564205624112,-0.07580432530023251,0,0.9755291005291005,0.011504389107730988,0.5,0.6902633464638592,0.5705075490707238,1.6710640113446864,-0.0008720824543028915,-0.8498422561267497
2026-07-07,2026-07-08,2026-07-09,ZIM,1,23.959999084472656,24.600000381469727,0.026711240461266383,24,0.986737400530504,0.03333333333333333,1.0,1.0,0.3861372589199718,0.9159897975411002,0.0008903746820422127,0.8679449859421754
2026-07-07,2026-07-08,2026-07-09,LBRT,1,24.290000915527344,24.459999084472656,0.006998689276979109,24,0.9694960212201591,0.025729484906410947,1.0,0.7718845471923284,0.5089850008071755,1.2093166838083553,0.00018007267011669413,0.17553640538668663
2026-07-07,2026-07-08,2026-07-09,WFRD,1,83.88562411201785,83.99527382739556,0.0013071335707210974,24,0.9730263157894736,0.03224970736297797,1.0,0.9674912208893391,0.40607878231142164,1.1728154038895486,4.215467514007986e-05,0.04109274405459672
2026-07-07,2026-07-08,2026-07-09,CHRD,1,118.94473345938421,119.34121663002031,0.0033333394350871792,24,0.986842105263158,0.030087667359050323,1.0,0.9026300207715097,0.43525879688770724,-0.30017966741482827,0.00010029240811770777,0.0977659119351552
2026-07-07,2026-07-08,2026-07-09,GMED,1,77.16999816894531,77.08000183105469,-0.0011662088898020118,24,0.9789473684210526,0.031049819073898033,1.0,0.931494572216941,0.4217712787533388,0.9183554017889493,-3.621057503072395e-05,-0.035298383556811135
2026-07-07,2026-07-08,2026-07-09,PSLV,1,18.600000381469727,19.15999984741211,0.0301074975514668,24,0.97167325428195,0.025160613905505023,1.0,0.7548184171651507,0.5204929396811123,1.6788690523907257,0.000757523121553394,0.7384401290246502
2026-07-07,2026-07-08,2026-07-09,NE,1,38.56999969482422,39.18999862670898,0.01607464186648566,24,0.9875,0.03333333333333333,1.0,1.0,0.3922694418686514,0.6794537481805714,0.0005358213955495221,0.5223233578037634
2026-07-07,2026-07-08,2026-07-09,OVV,1,56.09999847412109,55.75,-0.006238832150459728,23,0.9743421052631579,0.03333333333333333,1.0,1.0,0.3813182678605008,-0.12467562958895903,-0.00020796107168199093,-0.20272226184997014
2026-07-07,2026-07-08,2026-07-09,WLK,1,77.17843165054093,74.69584751923927,-0.032166812387982247,23,0.9789473684210526,0.03333333333333333,1.0,1.0,0.3633894667515064,0.7196160040569904,-0.0010722270795994083,-1.0452162851207474
2026-07-07,2026-07-08,2026-07-09,EGO,1,31.020000457763672,30.420000076293945,-0.019342371779996537,22,0.9723684210526315,0.02262919749150115,1.0,0.6788759247450344,0.5787179108219026,1.5197396165180383,-0.00043770235096358024,-0.42667605954672755
2026-07-07,2026-07-08,2026-07-09,AEO,1,16.36642277181196,16.277097944980532,-0.005457810058852375,22,0.957236842105263,0.024679241677594253,1.0,0.7403772503278275,0.5306452307952106,1.7532099103989942,-0.00013469461347282268,-0.13130148100012262
2026-07-07,2026-07-08,2026-07-09,PR,1,19.489999771118164,19.549999237060547,0.0030784744303227196,21,0.9703947368421053,0.03333333333333333,1.0,1.0,0.34810067750373563,-0.10307789438525085,0.00010261581434409065,0.10003078853729588
2026-07-07,2026-07-08,2026-07-09,MRNA,1,77.33999633789062,73.80000305175781,-0.04577183157168696,14,0.9802371541501976,0.019016627180076334,1.0,0.57049881540229,0.6886563937888178,1.6066647099959384,-0.0008704258563480183,-0.8484986971090326
2026-07-07,2026-07-08,2026-07-09,BBIO,1,77.11000061035156,84.0,0.089352863897183,14,0.9703557312252964,0.03333333333333333,1.0,1.0,0.3630269959851548,1.102356727114157,0.0029784287965727665,2.903398301984242
2026-07-07,2026-07-08,2026-07-09,AGX,1,650.7564205624112,686.4572331305767,0.054860484568575396,1,0.9814323607427056,0.022881184896633783,1.0,0.6864355468990135,0.572344568474879,1.6751135244757656,0.0012552728909324981,1.223650934430262
2026-07-08,2026-07-09,2026-07-10,ZIM,1,24.600000381469727,24.18000030517578,-0.017073173568335265,25,0.9807692307692307,0.03333333333333333,1.0,1.0,0.38666945539199965,0.9263734250892203,-0.0005691057856111755,-0.5570345795250629
2026-07-08,2026-07-09,2026-07-10,LBRT,1,24.459999084472656,24.290000915527344,-0.006950048050215485,25,0.9648541114058355,0.025950872127303418,1.0,0.7785261638191026,0.5096105923398646,1.2141464633584123,-0.0001803598082297565,-0.1765342269936511
2026-07-08,2026-07-09,2026-07-10,WFRD,1,83.99527382739556,82.57973426576825,-0.01685260964249191,25,0.9730263157894736,0.03256103498020695,1.0,0.9768310494062087,0.40615537327269324,1.187644913294822,-0.0005487384120769521,-0.537099214888975
2026-07-08,2026-07-09,2026-07-10,CHRD,1,119.34121663002031,117.66607299918839,-0.014036589186325998,25,0.986842105263158,0.02959860228500559,1.0,0.8879580685501677,0.4468062102794217,-0.3184498671778768,-0.00041546342076407346,-0.4066510967637146
2026-07-08,2026-07-09,2026-07-10,GMED,1,77.08000183105469,76.69999694824219,-0.004930006146670829,25,0.9789473684210526,0.03124929600492811,1.0,0.9374788801478433,0.4232043920108018,0.9384910731670651,-0.00015405922138343175,-0.15079149742454018
2026-07-08,2026-07-09,2026-07-10,PSLV,1,19.15999984741211,19.040000915527344,-0.006262992319437499,25,0.97167325428195,0.025273269314948364,1.0,0.7581980794484509,0.523273785901102,1.6893184016372897,-0.00015828629160659702,-0.1549289079796887
2026-07-08,2026-07-09,2026-07-10,NE,1,39.18999862670898,39.2400016784668,0.001275913587905686,25,0.9875,0.03333333333333333,1.0,1.0,0.39667757389037683,0.6705598612513233,4.253045293018953e-05,0.041628346722106115
2026-07-08,2026-07-09,2026-07-10,OVV,1,55.75,55.38999938964844,-0.006457410051149082,24,0.9743421052631579,0.03333333333333333,1.0,1.0,0.38676003926751534,-0.13311236981115296,-0.0002152470017049694,-0.2106814341379341
2026-07-08,2026-07-09,2026-07-10,WLK,1,74.69584751923927,74.77529548472899,0.0010636195736215548,24,0.9789473684210526,0.03333333333333333,1.0,1.0,0.3669982441238836,0.7177426241920289,3.545398578738516e-05,0.034701977321061055
2026-07-08,2026-07-09,2026-07-10,EGO,1,30.420000076293945,30.3700008392334,-0.001643630405494645,23,0.9723684210526315,0.022625748049629434,1.0,0.678772441488883,0.5845039592734161,1.5369440475706984,-3.7188367441432096e-05,-0.036399571300641656
2026-07-08,2026-07-09,2026-07-10,AEO,1,16.277097944980532,16.549999237060547,0.016765967312015295,23,0.957236842105263,0.02518683775187621,1.0,0.7556051325562864,0.5250694607561855,1.758530082319112,0.00042228169844098933,0.41332475311174693
2026-07-08,2026-07-09,2026-07-10,PR,1,19.549999237060547,19.200000762939453,-0.017902735947815773,22,0.9703947368421053,0.03333333333333333,1.0,1.0,0.3631033606449203,-0.11606219940379506,-0.0005967578649271924,-0.5841001352868083
2026-07-08,2026-07-09,2026-07-10,MRNA,1,73.80000305175781,76.72200012207031,0.039593454600038935,15,0.9802371541501976,0.019136303381551444,1.0,0.5740891014465433,0.6910864158477297,1.6181250807031733,0.0007576723591500287,0.741601499523766
2026-07-08,2026-07-09,2026-07-10,BBIO,1,84.0,90.80999755859376,0.08107139950706865,15,0.9703557312252964,0.03333333333333333,1.0,1.0,0.3620485563125556,1.092974353710457,0.002702379983568955,2.6450602610684815
2026-07-08,2026-07-09,2026-07-10,AGX,1,686.4572331305767,678.6436123416208,-0.011382531076731373,2,0.9794429708222812,0.022052274271970655,1.0,0.6615682281591196,0.5997041009661526,1.701365321173925,-0.0002510106972133097,-0.24568655197970132
2026-07-09,2026-07-10,2026-07-13,ZIM,1,24.18000030517578,23.989999771118164,-0.00785775565176261,26,0.9827586206896552,0.03333333333333333,1.0,1.0,0.3911858019644865,0.9258091206981334,-0.000261925188392087,-0.25658337598515957
2026-07-09,2026-07-10,2026-07-13,LBRT,1,24.290000915527344,24.81999969482422,0.021819627802404762,26,0.9648541114058355,0.0259838721730673,1.0,0.779516165192019,0.5109340316066696,1.1999233060254784,0.0005669584196815907,0.5553956313180162
2026-07-09,2026-07-10,2026-07-13,WFRD,1,82.57973426576825,84.17470997250913,0.019314371993590207,26,0.9730263157894736,0.032775220528089406,1.0,0.9832566158426822,0.4050634702750402,1.1775988557243147,0.0006330328014514728,0.6201224643680323
2026-07-09,2026-07-10,2026-07-13,CHRD,1,117.66607299918839,118.87535015163138,0.010277194790475619,26,0.986842105263158,0.02922094760172352,1.0,0.8766284280517056,0.45433312933885067,-0.33738368779508227,0.00030030937046519396,0.29418473491213615
2026-07-09,2026-07-10,2026-07-13,GMED,1,76.69999694824219,78.41999816894531,0.02242504940207235,26,0.9789473684210526,0.031131891318307056,1.0,0.9339567395492117,0.426445166160871,0.9209996229047376,0.000698134200792983,0.6838961584023682
2026-07-09,2026-07-10,2026-07-13,PSLV,1,19.040000915527344,18.81999969482422,-0.011554685405698262,26,0.97167325428195,0.025217571440820433,1.0,0.756527143224613,0.5264600755585569,1.7022036046799103,-0.00029138110469440116,-0.2854385559469673
2026-07-09,2026-07-10,2026-07-13,NE,1,39.2400016784668,40.18000030517578,0.02395511178647114,26,0.9875,0.03333333333333333,1.0,1.0,0.39813503762251556,0.6676257332313709,0.0007985037262157046,0.7822187055276917
2026-07-09,2026-07-10,2026-07-13,OVV,1,55.38999938964844,56.59999847412109,0.021845082105178326,25,0.9743421052631579,0.03333333333333333,1.0,1.0,0.387546331284715,-0.14870449014695256,0.0007281694035059442,0.7133188105642289
2026-07-09,2026-07-10,2026-07-13,WLK,1,74.77529548472899,76.1754643329775,0.018725019261668585,25,0.9789473684210526,0.03333333333333333,1.0,1.0,0.3582397043786055,0.7060983119304077,0.0006241673087222861,0.6114377782246689
2026-07-09,2026-07-10,2026-07-13,EGO,1,30.3700008392334,29.75,-0.020414910177824264,24,0.9723684210526315,0.022120627518778944,1.0,0.6636188255633683,0.6001658205612455,1.5621442985415728,-0.00045159062387297973,-0.44238069483841247
2026-07-09,2026-07-10,2026-07-13,AEO,1,16.549999237060547,16.68000030517578,0.007855049795055136,24,0.957236842105263,0.025266637519611848,1.0,0.7579991255883555,0.5254377261649013,1.747702502389633,0.00019847069587015944,0.19442300106035867
2026-07-09,2026-07-10,2026-07-13,PR,1,19.200000762939453,19.450000762939453,0.013020832815932026,23,0.9703947368421053,0.03333333333333333,1.0,1.0,0.3634029262432638,-0.1312823780045545,0.00043402776053106756,0.4251760159150243
2026-07-09,2026-07-10,2026-07-13,MRNA,1,76.72200012207031,66.33000183105469,-0.13545004398322769,16,0.9802371541501976,0.018702385504271276,1.0,0.5610715651281383,0.7098583527275507,1.6306816332303542,-0.002533238939144824,-2.4815749992316505
2026-07-09,2026-07-10,2026-07-13,BBIO,1,90.80999755859376,84.83999633789062,-0.06574167361750105,16,0.9703557312252964,0.03333333333333333,1.0,1.0,0.3619043022130715,1.0887056432279698,-0.002191389120583368,-2.146697009585571
2026-07-09,2026-07-10,2026-07-13,AGX,1,678.6436123416208,614.8958620271503,-0.0939340607576229,3,0.9748010610079576,0.02214089190013709,1.0,0.6642267570041127,0.5996165206901818,1.7007183188322748,-0.002079783884975438,-2.0373678980721137
2026-07-10,2026-07-13,2026-07-14,ZIM,1,23.989999771118164,24.190000534057617,0.008336838884852149,27,0.9847883597883598,0.03333333333333333,1.0,1.0,0.39258844292060074,0.915520791758672,0.0002778946294950716,0.2714573978082884
2026-07-10,2026-07-13,2026-07-14,LBRT,1,24.81999969482422,26.18000030517578,0.054794545812793416,27,0.9648541114058355,0.02565197128399541,1.0,0.7695591385198622,0.510932429993578,1.194897871826007,0.0014055881157093476,1.373028665483734
2026-07-10,2026-07-13,2026-07-14,WFRD,1,84.17470997250913,82.4999935651727,-0.019895719366106346,27,0.9730263157894736,0.03333333333333333,1.0,1.0,0.38516189747627977,1.1723863813927735,-0.0006631906455368782,-0.6478283053376989
2026-07-10,2026-07-13,2026-07-14,CHRD,1,118.87535015163138,121.94808393892932,0.025848367919661275,27,0.986842105263158,0.030085148769787722,1.0,0.9025544630936316,0.43564431482615984,-0.34696436993315105,0.0007776519943192179,0.7596382382843586
2026-07-10,2026-07-13,2026-07-14,GMED,1,78.41999816894531,78.44000244140625,0.0002550914680952143,27,0.9789473684210526,0.03091361184530852,1.0,0.9274083553592557,0.4239693533011187,0.9205256223517179,7.885798629745358e-06,0.007703129706250064
2026-07-10,2026-07-13,2026-07-14,PSLV,1,18.81999969482422,19.01000022888184,0.010095671473888235,27,0.97167325428195,0.02485309098335392,1.0,0.7455927295006176,0.5273558943246,1.7082751848037816,0.00025090864167859507,0.2450965212297908
2026-07-10,2026-07-13,2026-07-14,NE,1,40.18000030517578,42.209999084472656,0.050522617319029184,27,0.9875,0.032876004509142936,1.0,0.986280135274288,0.39866231368268346,0.6620573385387821,0.0016609817947941066,1.62250633141417
2026-07-10,2026-07-13,2026-07-14,OVV,1,56.59999847412109,56.86000061035156,0.004593677442400468,26,0.9743421052631579,0.03333333333333333,1.0,1.0,0.36790093965583487,-0.15625512766730976,0.00015312258141334892,0.14957560558719848
2026-07-10,2026-07-13,2026-07-14,WLK,1,76.1754643329775,76.56274567876771,0.005084069380888012,26,0.9789473684210526,0.03333333333333333,1.0,1.0,0.3577782267250532,0.6997860166781881,0.00016946897936293373,0.1655433508401226
2026-07-10,2026-07-13,2026-07-14,EGO,1,29.75,30.18000030517578,0.014453791770614455,25,0.9723684210526315,0.021747438282873108,1.0,0.6524231484861932,0.602665189884872,1.5653522528044637,0.00031433294448493705,0.30705164511576666
2026-07-10,2026-07-13,2026-07-14,AEO,1,16.68000030517578,16.209999084472656,-0.028177530701680165,25,0.957236842105263,0.02542646665318702,1.0,0.7627939995956106,0.5154638354210519,1.7514799849691225,-0.0007164550447554241,-0.699858872585292
2026-07-10,2026-07-13,2026-07-14,PR,1,19.450000762939453,19.790000915527344,0.017480726953786885,24,0.9703947368421053,0.03333333333333333,1.0,1.0,0.3565572900606434,-0.13514718840710993,0.0005826908984595628,0.5691932777175592
2026-07-10,2026-07-13,2026-07-14,MRNA,1,66.33000183105469,66.66999816894531,0.005125830370947604,17,0.9802371541501976,0.018474284539171503,1.0,0.5542285361751451,0.7094414939029096,1.6481739833077778,9.469604877241305e-05,0.09250248207096746
2026-07-10,2026-07-13,2026-07-14,BBIO,1,84.83999633789062,82.30000305175781,-0.02993863031319366,17,0.9703557312252964,0.028103712285968762,1.0,0.8431113685790629,0.4663591730833671,1.1559714269090615,-0.0008413866525579774,-0.8218965284396245
2026-07-10,2026-07-13,2026-07-14,AGX,1,614.8958620271503,617.7635589398287,0.004663711515677349,4,0.9748010610079576,0.021780897676271564,1.0,0.6534269302881469,0.6017393872859332,1.7044734370903503,0.0001015798233146177,0.09922679886586601
2026-07-13,2026-07-14,2026-07-15,ZIM,1,24.190000534057617,24.559999465942383,0.015295532191652361,28,0.9907161803713528,0.03333333333333333,1.0,1.0,0.3927631290866783,0.9280002598914349,0.0005098510730550787,0.4998216141994228
2026-07-13,2026-07-14,2026-07-15,LBRT,1,26.18000030517578,25.649999618530277,-0.020244487412810375,28,0.9648541114058355,0.025814416827795113,1.0,0.7744325048338534,0.5074283014048773,1.206798447559389,-0.0005225996365393385,-0.5123193962306439
2026-07-13,2026-07-14,2026-07-15,WFRD,1,82.4999935651727,82.37039434588553,-0.0015708997502501543,28,0.9730263157894736,0.03333333333333333,1.0,1.0,0.38673605357512375,1.182049167068522,-5.236332500833847e-05,-0.05133326772010024
2026-07-13,2026-07-14,2026-07-15,CHRD,1,121.94808393892932,120.92714534070466,-0.008371911761532402,28,0.986842105263158,0.030114940915115847,1.0,0.9034482274534754,0.4349656776550632,-0.3453499035653297,-0.0002521196280451117,-0.24716009462483282
2026-07-13,2026-07-14,2026-07-15,GMED,1,78.44000244140625,75.55999755859375,-0.03671602235050708,28,0.9789473684210526,0.030740427895378744,1.0,0.9222128368613624,0.4261152683777294,0.9216795098567045,-0.0011286662376708773,-1.1064638491877896
2026-07-13,2026-07-14,2026-07-15,PSLV,1,19.01000022888184,18.739999771118164,-0.014203074934921123,28,0.97167325428195,0.024898793924149096,1.0,0.7469638177244728,0.5260883608495187,1.7119600066513623,-0.00035363943589384835,-0.34668287081145704
2026-07-13,2026-07-14,2026-07-15,NE,1,42.209999084472656,42.130001068115234,-0.0018952385238703018,28,0.9875,0.032506747424733265,1.0,0.975202422741998,0.4029614378680963,0.6638105553841759,-6.160804000507621e-05,-0.060396126693398694
2026-07-13,2026-07-14,2026-07-15,OVV,1,56.86000061035156,56.25,-0.010728114734499528,27,0.9743421052631579,0.03333333333333333,1.0,1.0,0.36767724365725296,-0.14934400527536706,-0.00035760382448331757,-0.3505692745258378
2026-07-13,2026-07-14,2026-07-15,WLK,1,76.56274567876771,75.96692917525901,-0.007782068135442133,27,0.9789473684210526,0.03333333333333333,1.0,1.0,0.35730537952719416,0.693856824798327,-0.0002594022711814044,-0.2542994783397847
2026-07-13,2026-07-14,2026-07-15,EGO,1,30.18000030517578,29.489999771118164,-0.022862840526190586,26,0.9723684210526315,0.02172476883936245,1.0,0.6517430651808734,0.6029507508016351,1.5636169749396192,-0.0004966899254426982,-0.486919364126829
2026-07-13,2026-07-14,2026-07-15,AEO,1,16.209999084472656,16.31999969482422,0.006785972644312466,26,0.957236842105263,0.025395525464258946,1.0,0.7618657639277684,0.5157981748052712,1.7568443811120638,0.00017233334108840184,0.1689433116361796
2026-07-13,2026-07-14,2026-07-15,PR,1,19.790000915527344,19.6299991607666,-0.008084979654306323,25,0.9703947368421053,0.03333333333333333,1.0,1.0,0.35637719791749883,-0.12790671033285136,-0.0002694993218102108,-0.26419790635269996
2026-07-13,2026-07-14,2026-07-15,MRNA,1,66.66999816894531,67.79000091552734,0.016799201700049338,18,0.9802371541501976,0.017587087883284187,1.0,0.5276126364985256,0.7448058353728697,1.6236310627607362,0.00029544903666778484,0.28963715528946987
2026-07-13,2026-07-14,2026-07-15,BBIO,1,82.30000305175781,83.4800033569336,0.01433779175480332,18,0.9703557312252964,0.02750217821080853,1.0,0.8250653463242559,0.4762882991405233,1.125622281228134,0.00039432050399006207,0.3865636873827886
2026-07-13,2026-07-14,2026-07-15,AGX,1,617.7635589398287,616.3746617719463,-0.002248266586436398,5,0.9748010610079576,0.021051478486529725,1.0,0.6315443545958918,0.6222349509117485,1.6815955066077277,-4.7329335676349456e-05,-0.046398303753660546
2026-07-14,2026-07-15,2026-07-16,ZIM,1,24.559999465942383,24.90999984741211,0.014250830174287188,29,0.9714854111405835,0.03333333333333333,1.0,1.0,0.3929333601094133,0.9278765128304178,0.0004750276724762396,0.4645518282807036
2026-07-14,2026-07-15,2026-07-16,LBRT,1,25.649999618530277,24.799999237060547,-0.03313841692440678,29,0.9648541114058355,0.025682436244556406,1.0,0.7704730873366922,0.5101972543065666,1.1863963179686223,-0.000851075279906606,-0.8323064111699752
2026-07-14,2026-07-15,2026-07-16,WFRD,1,82.37039434588553,80.84519939800954,-0.01851630018270234,29,0.9730263157894736,0.03331978026808843,1.0,0.9995934080426528,0.39325314724315436,1.1970798453520028,-0.0006169590534656075,-0.6033531789163635
2026-07-14,2026-07-15,2026-07-16,CHRD,1,120.92714534070466,122.54280617673588,0.013360613379892472,29,0.986842105263158,0.029565583646947956,1.0,0.8869675094084387,0.4431878840054205,-0.36747089633063007,0.00039501433245774293,0.38630303237650826
2026-07-14,2026-07-15,2026-07-16,GMED,1,75.55999755859375,78.5,0.0389095094812093,29,0.9789473684210526,0.03059803213057107,1.0,0.9179409639171321,0.4282336981659865,0.9064799210439649,0.0011905544212908019,1.1642989769316676
2026-07-14,2026-07-15,2026-07-16,PSLV,1,18.739999771118164,18.100000381469727,-0.034151515339653105,29,0.97167325428195,0.024811610478555398,1.0,0.7443483143566619,0.528103907934598,1.7206794913992431,-0.0008473540958598823,-0.8286672908567034
2026-07-14,2026-07-15,2026-07-16,NE,1,42.130001068115234,40.16999816894531,-0.046522735567962936,29,0.9875,0.03165946773014415,1.0,0.9497840319043246,0.41387646082881463,0.6370595037822958,-0.001472885045431952,-1.440403328791219
2026-07-14,2026-07-15,2026-07-16,OVV,1,56.25,56.09999847412109,-0.0026666937934028967,28,0.9743421052631579,0.03333333333333333,1.0,1.0,0.3693370101433416,-0.15840955128384157,-8.88897931134299e-05,-0.08692949547776678
2026-07-14,2026-07-15,2026-07-16,WLK,1,75.96692917525901,75.93713488694596,-0.00039220077257984265,28,0.9789473684210526,0.03333333333333333,1.0,1.0,0.35691174769724,0.6852530590167657,-1.3073359085994754e-05,-0.012785050676122008
2026-07-14,2026-07-15,2026-07-16,EGO,1,29.489999771118164,28.71999931335449,-0.026110561673106436,27,0.9723684210526315,0.021659682603947027,1.0,0.6497904781184108,0.6049538534552837,1.5775782377282117,-0.0005655464784502694,-0.5530744117963516
2026-07-14,2026-07-15,2026-07-16,AEO,1,16.31999969482422,17.290000915527344,0.05943635041921924,27,0.957236842105263,0.025019785186258366,1.0,0.750593555587751,0.5237098703418428,1.7750543082483488,0.0014870847197440429,1.4542898559240196
2026-07-14,2026-07-15,2026-07-16,PR,1,19.6299991607666,19.63999938964844,0.0005094360320618829,26,0.9703947368421053,0.03333333333333333,1.0,1.0,0.3588078321613584,-0.13984549268364674,1.698120106872943e-05,0.016606712534784122
2026-07-14,2026-07-15,2026-07-16,MRNA,1,67.79000091552734,67.06999969482422,-0.010621053414652026,19,0.9802371541501976,0.017564578342536684,1.0,0.5269373502761006,0.7459961862075517,1.6232448547425102,-0.00018655432478192227,-0.1824402191126013
2026-07-14,2026-07-15,2026-07-16,BBIO,1,83.4800033569336,83.05500030517578,-0.005091076122034077,19,0.9703557312252964,0.02726455512369548,1.0,0.8179366537108644,0.4805913170572252,1.1394613270269112,-0.00013880592556812793,-0.1357448212705849
2026-07-14,2026-07-15,2026-07-16,AGX,1,616.3746617719463,597.4201356307873,-0.030751630975012434,6,0.9748010610079576,0.020802947502618616,1.0,0.6240884250785584,0.6298678807042486,1.7029115729879047,-0.0006397245647930842,-0.625616639598127
2026-07-15,2026-07-16,2026-07-17,ZIM,1,24.90999984741211,24.5,-0.016459247287177514,30,0.9641909814323608,0.032994260628174135,1.0,0.9898278188452241,0.3963033747650525,0.9301969545362802,-0.000543060694736703,-0.5300987078335643
2026-07-15,2026-07-16,2026-07-17,LBRT,1,24.799999237060547,23.51000022888184,-0.05201609063967072,30,0.9648541114058355,0.025647645814257665,1.0,0.76942937442773,0.5098221072420704,1.184591460132303,-0.001334090269368598,-1.3022476765115607
2026-07-15,2026-07-16,2026-07-17,WFRD,1,80.84519939800954,79.92809397087389,-0.011343968893200995,30,0.9730263157894736,0.03321713160347969,1.0,0.9965139481043906,0.3936443697460425,1.2034175016300768,-0.00037681410763123726,-0.3678201598545489
2026-07-15,2026-07-16,2026-07-17,CHRD,1,122.54280617673588,125.38757489134814,0.02321448972295781,30,0.986842105263158,0.029512710023691678,1.0,0.8853813007107504,0.44305442720530946,-0.36591048866781545,0.0006851225035416244,0.6687697293415734
2026-07-15,2026-07-16,2026-07-17,GMED,1,78.5,80.73999786376953,0.02853500463400671,30,0.9789473684210526,0.0301105776294716,1.0,0.903317328884148,0.4342572565603941,0.894561782030927,0.0008592054721895909,0.8386976170169268
2026-07-15,2026-07-16,2026-07-17,PSLV,1,18.100000381469727,17.68000030517578,-0.023204423615588943,30,0.97167325428195,0.024700303019374665,1.0,0.74100909058124,0.5293755637154183,1.7313999519555303,-0.0005731562946949803,-0.5594759741391172
2026-07-15,2026-07-16,2026-07-17,NE,1,40.16999816894531,40.43999862670898,0.00672144560794119,30,0.9875,0.03166625789993738,1.0,0.9499877369981213,0.41292333549929716,0.6304706188880185,0.0002128430300814671,0.20776280867144967
2026-07-15,2026-07-16,2026-07-17,OVV,1,56.09999847412109,57.47999954223633,0.02459895018984426,29,0.9743421052631579,0.03333333333333333,1.0,1.0,0.36931663373071727,-0.15293461112423737,0.000819965006328142,0.8003937580752916
2026-07-15,2026-07-16,2026-07-17,WLK,1,75.93713488694596,77.65507807470162,0.022623228942115325,29,0.9789473684210526,0.03333333333333333,1.0,1.0,0.35637076492207637,0.6844053036792775,0.0007541076314038442,0.7361082929568723
2026-07-15,2026-07-16,2026-07-17,EGO,1,28.71999931335449,27.43000030517578,-0.04491640108009587,28,0.9723684210526315,0.021614877341085106,1.0,0.6484463202325532,0.6049415237702517,1.5872181049485705,-0.0009708624999492548,-0.947689570788561
2026-07-15,2026-07-16,2026-07-17,AEO,1,17.290000915527344,17.229999542236328,-0.0034702932396684094,28,0.957236842105263,0.02497815014210013,1.0,0.7493445042630039,0.5234869980537206,1.7737097313674195,-8.668150557755261e-05,-0.08461255720598002
2026-07-15,2026-07-16,2026-07-17,PR,1,19.63999938964844,20.0,0.01832997054680674,27,0.9703947368421053,0.03333333333333333,1.0,1.0,0.358708610568227,-0.14152273625956407,0.0006109990182268913,0.5964154526165549
2026-07-15,2026-07-16,2026-07-17,MRNA,1,67.06999969482422,61.68000030517578,-0.08036379028140028,20,0.9802371541501976,0.017535605695790102,1.0,0.5260681708737031,0.7456678179050467,1.618761558401036,-0.001409227738593804,-1.3755917349790534
2026-07-15,2026-07-16,2026-07-17,BBIO,1,83.05500030517578,79.0999984741211,-0.04761906949036787,20,0.9703557312252964,0.027615217906895147,1.0,0.8284565372068544,0.47349750702341104,1.1423149290716126,-0.0013150109805000912,-1.2836237796366776
2026-07-15,2026-07-16,2026-07-17,AGX,1,597.4201356307873,528.2368898226813,-0.11580333785545871,7,0.9748010610079576,0.020648020864044138,1.0,0.6194406259213241,0.6332682885647806,1.712808851391495,-0.002391109736165464,-2.334037785673501
2026-07-16,2026-07-17,2026-07-20,ZIM,1,24.5,24.40999984741211,-0.003673475615832311,31,0.98342175066313,0.032789019554635826,1.0,0.9836705866390747,0.39772507198356793,0.9334621115029764,-0.00012044966380100353,-0.11698005765983245
2026-07-16,2026-07-17,2026-07-20,LBRT,1,23.51000022888184,23.850000381469727,0.014461937442697304,31,0.9648541114058355,0.025672949633543628,1.0,0.7701884890063089,0.507967154097443,1.1835236619429923,0.0003712805915698266,0.36058568898598414
2026-07-16,2026-07-17,2026-07-20,WFRD,1,79.92809397087389,80.19723848768975,0.0033673331046020216,31,0.9730263157894736,0.03333333333333333,1.0,1.0,0.38609033596272513,1.20489178073335,0.00011224443682006739,0.1090111858917244
2026-07-16,2026-07-17,2026-07-20,CHRD,1,125.38757489134814,125.10012299613885,-0.0022925070164119266,31,0.986842105263158,0.03014494214288038,1.0,0.9043482642864114,0.43261038952493636,-0.36189818838404353,-6.910749137188485e-05,-0.06711681934426544
2026-07-16,2026-07-17,2026-07-20,GMED,1,80.73999786376953,76.87000274658203,-0.04793157319272212,31,0.9789473684210526,0.029729630207950768,1.0,0.891888906238523,0.43865379661367315,0.9007596468482192,-0.0014249879463049547,-1.3839405346844231
2026-07-16,2026-07-17,2026-07-20,PSLV,1,17.68000030517578,18.21999931335449,0.030542929799646235,31,0.97167325428195,0.02524810016122109,1.0,0.7574430048366327,0.5165147111808447,1.7274590252666362,0.0007711509507986125,0.7489376046569316
2026-07-16,2026-07-17,2026-07-20,NE,1,40.43999862670898,41.130001068115234,0.017062375490550563,31,0.9875,0.03181871529756906,1.0,0.9545614589270718,0.40985360473163035,0.6279365758545684,0.0005429028680340486,0.5272643094399594
2026-07-16,2026-07-17,2026-07-20,OVV,1,57.47999954223633,57.38999938964844,-0.0015657646712706752,30,0.9743421052631579,0.03333333333333333,1.0,1.0,0.3633964697767978,-0.1534249616606761,-5.21921557090225e-05,-0.05068873744902506
2026-07-16,2026-07-17,2026-07-20,WLK,1,77.65507807470162,76.54289042537106,-0.014322149650801697,30,0.9789473684210526,0.03333333333333333,1.0,1.0,0.3548576766856505,0.6856797512511439,-0.00047740498836005657,-0.46365312532309255
2026-07-16,2026-07-17,2026-07-20,EGO,1,27.43000030517578,27.739999771118164,0.01130147511824453,29,0.9723684210526315,0.02157836163228792,1.0,0.6473508489686376,0.6043561316131039,1.5857046791459455,0.00024386731707978437,0.23684261054038858
2026-07-16,2026-07-17,2026-07-20,AEO,1,17.229999542236328,17.489999771118164,0.015089973058008077,29,0.957236842105263,0.023890648107179672,1.0,0.7167194432153902,0.5458627620369593,1.786151213549941,0.0003605092362756929,0.3501246073721408
2026-07-16,2026-07-17,2026-07-20,PR,1,20.0,20.229999542236328,0.011499977111816495,28,0.9703947368421053,0.03333333333333333,1.0,1.0,0.3517992533073174,-0.14044471035381967,0.0003833325703938832,0.3722905051993564
2026-07-16,2026-07-17,2026-07-20,MRNA,1,61.68000030517578,61.459999084472656,-0.003566816141611806,21,0.9802371541501976,0.017575142834600457,1.0,0.5272542850380137,0.7420147469279226,1.6214418019081918,-6.268730315358598e-05,-0.06088156750326096
2026-07-16,2026-07-17,2026-07-20,BBIO,1,79.0999984741211,81.93000030517578,0.0357775206782156,21,0.9703557312252964,0.027456888131475937,1.0,0.8237066439442781,0.4749633352545962,1.1361278183480417,0.000982339382883333,0.9540426600199369
2026-07-16,2026-07-17,2026-07-20,AGX,1,528.2368898226813,565.5363513325456,0.0706112394429419,8,0.9748010610079576,0.02055823186717045,1.0,0.6167469560151135,0.6343451735975123,1.7047291283100432,0.0014516422328962912,1.4098270326948084
2026-07-16,2026-07-17,2026-07-20,UTHR,1,529.2899780273438,535.5499877929688,0.011827183633735139,0,0.96684350132626,0.03333333333333333,1.0,1.0,0.22581608034617795,0.05982811231997185,0.00039423945445783796,0.3828832116165237
2026-07-17,2026-07-20,2026-07-21,ZIM,1,24.40999984741211,24.530000686645508,0.004916052436850782,32,0.98342175066313,0.032948512749634735,1.0,0.988455382489042,0.3975116323419633,0.9338062792231214,0.00016197661639345088,0.15784147172154847
2026-07-17,2026-07-20,2026-07-21,LBRT,1,23.850000381469727,24.489999771118164,0.02683435553089919,32,0.9648541114058355,0.02505059875017016,1.0,0.7515179625051047,0.5228384844996301,1.1817042878922797,0.000672216673123965,0.6550554725993136
2026-07-17,2026-07-20,2026-07-21,WFRD,1,80.19723848768975,79.0109855531667,-0.014791693041963372,32,0.9730263157894736,0.03333333333333333,1.0,1.0,0.38700532522468983,1.1988205765450117,-0.0004930564347321124,-0.48046906419415036
2026-07-17,2026-07-20,2026-07-21,GMED,1,76.87000274658203,74.83000183105469,-0.026538322396743363,32,0.9789473684210526,0.029536136381324088,1.0,0.8860840914397227,0.44343704664869044,0.8798629463349784,-0.0007838395096417595,-0.7638286596555588
2026-07-17,2026-07-20,2026-07-21,PSLV,1,18.21999931335449,18.82999992370605,0.033479727406161786,32,0.97167325428195,0.0251840280100091,1.0,0.755520840300273,0.5200683973644675,1.7370525358616695,0.0008431543927642477,0.8216292771490337
2026-07-17,2026-07-20,2026-07-21,NE,1,41.130001068115234,40.9900016784668,-0.003403826550273714,32,0.9875,0.03195872459024885,1.0,0.9587617377074654,0.4098228966979345,0.6145995629884565,-0.00010878195527317446,-0.10600483143417333
2026-07-17,2026-07-20,2026-07-21,OVV,1,57.38999938964844,58.400001525878906,0.0175989222333508,31,0.9743421052631579,0.03333333333333333,1.0,1.0,0.36355171063217173,-0.16478277500308766,0.0005866307411116934,0.5716544868998523
2026-07-17,2026-07-20,2026-07-21,WLK,1,76.54289042537106,76.7216348457812,0.0023352191094012653,31,0.9789473684210526,0.03333333333333333,1.0,1.0,0.3535705685911079,0.6787711390765817,7.784063698004217e-05,0.07585342239047672
2026-07-17,2026-07-20,2026-07-21,EGO,1,27.739999771118164,28.600000381469727,0.031002185199978438,30,0.9723684210526315,0.021617418928543693,1.0,0.6485225678563108,0.6058733065978302,1.6014231363830904,0.000670187225168231,0.6530778349671185
2026-07-17,2026-07-20,2026-07-21,AEO,1,17.489999771118164,17.290000915527344,-0.011435040492172255,30,0.957236842105263,0.02555410508781281,1.0,0.7666231526343843,0.5125367153864322,1.7799082438938825,-0.0002922122264203645,-0.28475226177823504
2026-07-17,2026-07-20,2026-07-21,MRNA,1,61.459999084472656,59.5099983215332,-0.031727966026476984,22,0.9802371541501976,0.017284676533435978,1.0,0.5185402960030794,0.7577473064660059,1.6374300795147476,-0.0005484076298315006,-0.5344071837237744
2026-07-17,2026-07-20,2026-07-21,BBIO,1,81.93000030517578,80.80000305175781,-0.013792228111911609,22,0.9703557312252964,0.02736304282706029,1.0,0.8208912848118086,0.47865353166771313,1.1417686244987801,-0.0003773973285068222,-0.367762650447031
2026-07-17,2026-07-20,2026-07-21,AGX,1,565.5363513325456,624.7478063534779,0.10469964464957093,9,0.9748010610079576,0.019652902438542792,1.0,0.5895870731562838,0.6664367834371863,1.7459320212212457,0.0020576519016481166,2.0051215519767664
2026-07-17,2026-07-20,2026-07-21,UTHR,1,535.5499877929688,526.3699951171875,-0.017141243366678993,1,0.96684350132626,0.03333333333333333,1.0,1.0,0.22595066878841025,0.057196440087848195,-0.0005713747788892998,-0.556787998246566
2026-07-20,2026-07-21,2026-07-22,ZIM,1,24.530000686645508,24.920000076293945,0.015898873980087602,33,0.98342175066313,0.032973915644113415,1.0,0.9892174693234025,0.3972199928163973,0.9350558090150383,0.0005242481294557983,0.5117982779472736
2026-07-20,2026-07-21,2026-07-22,LBRT,1,24.489999771118164,24.90999984741211,0.0171498603601159,33,0.9648541114058355,0.025003135507771015,1.0,0.7500940652331305,0.5238502399514002,1.1669055924706009,0.0004288002825233284,0.41861712774551246
2026-07-20,2026-07-21,2026-07-22,WFRD,1,79.0109855531667,87.41449855475237,0.10635879229643219,33,0.9730263157894736,0.03333333333333333,1.0,1.0,0.3872039941129292,1.192838101538793,0.0035452930765477396,3.461099409699489
2026-07-20,2026-07-21,2026-07-22,GMED,1,74.83000183105469,75.56999969482422,0.00988905312925481,33,0.9789473684210526,0.028990842311036255,1.0,0.8697252693310876,0.4517943423222686,0.9057933477852869,0.00028669197987568585,0.2798836149477225
2026-07-20,2026-07-21,2026-07-22,PSLV,1,18.82999992370605,19.149999618530277,0.01699414212006256,33,0.97167325428195,0.02514783059886955,1.0,0.7544349179660865,0.520836120785385,1.7202619031288457,0.00042736580720844714,0.4172167183693718
2026-07-20,2026-07-21,2026-07-22,NE,1,40.9900016784668,43.0099983215332,0.04928022835694512,33,0.9875,0.03187809142735287,1.0,0.9563427428205862,0.4108746147846424,0.5985702294676691,0.0015709596251235242,1.5336524551790587
2026-07-20,2026-07-21,2026-07-22,OVV,1,58.400001525878906,60.0099983215332,0.027568437561441783,32,0.9743421052631579,0.03333333333333333,1.0,1.0,0.3657355538445941,-0.17358380192601716,0.0009189479187147261,0.897124731393214
2026-07-20,2026-07-21,2026-07-22,WLK,1,76.7216348457812,76.44358872929998,-0.003624090089322518,32,0.9789473684210526,0.03333333333333333,1.0,1.0,0.34584400202673393,0.6705168117250003,-0.00012080300297741726,-0.11793417166577494
2026-07-20,2026-07-21,2026-07-22,EGO,1,28.600000381469727,31.190000534057617,0.09055944468679034,31,0.9723684210526315,0.021640172266250857,1.0,0.6492051679875257,0.605258515234196,1.5939487605964944,0.001959721983358159,1.91318247979116
2026-07-20,2026-07-21,2026-07-22,AEO,1,17.290000915527344,17.420000076293945,0.007518748055695967,31,0.957236842105263,0.025458222881129873,1.0,0.7637466864338962,0.5144859716422562,1.7916952762386036,0.00019141396378896983,0.18686826244654525
2026-07-20,2026-07-21,2026-07-22,MRNA,1,59.5099983215332,59.52000045776367,0.0001680748867849413,23,0.9802371541501976,0.017250359858891343,1.0,0.5175107957667403,0.7592826261263286,1.6410583794516969,2.8993522802826585e-06,0.002830498424003015
2026-07-20,2026-07-21,2026-07-22,BBIO,1,80.80000305175781,82.47000122070312,0.020668293389488612,23,0.9703557312252964,0.02733000936192247,1.0,0.8199002808576741,0.4792496907641703,1.1266764406335577,0.0005648646518296841,0.5514502386109011
2026-07-20,2026-07-21,2026-07-22,AGX,1,624.7478063534779,600.2079174775849,-0.03927967193534809,10,0.9748010610079576,0.01965296811771041,1.0,0.5895890435313124,0.6664590537589057,1.7399387503715875,-0.0007719621402195204,-0.7536295731087659
2026-07-20,2026-07-21,2026-07-22,UTHR,1,526.3699951171875,535.8300170898438,0.017972190779130814,2,0.96684350132626,0.03333333333333333,1.0,1.0,0.2272885757531016,0.04797393449947272,0.0005990730259710272,0.5848462318309239
2026-07-21,2026-07-22,2026-07-23,ZIM,1,24.920000076293945,25.0,0.00321026980181105,34,0.98342175066313,0.03271593946657102,1.0,0.9814781839971306,0.39717044475636476,0.9416752953912473,0.00010502699250741124,0.10357121263771887
2026-07-21,2026-07-22,2026-07-23,LBRT,1,24.90999984741211,26.0,0.04375753349115863,34,0.9648541114058355,0.025420491400029,1.0,0.76261474200087,0.5111547225458236,1.1553354778349378,0.001112338003798479,1.0969198790329873
2026-07-21,2026-07-22,2026-07-23,WFRD,1,87.41449855475237,87.20516064249017,-0.0023947733582327935,34,0.9730263157894736,0.03333333333333333,1.0,1.0,0.3848350322574552,1.1938941102706726,-7.982577860775978e-05,-0.07871931293826538
2026-07-21,2026-07-22,2026-07-23,GMED,1,75.56999969482422,75.23999786376953,-0.004366836474624103,34,0.9789473684210526,0.02898723251584546,1.0,0.8696169754753638,0.448259564670668,0.9042041133616799,-0.00012658250424860376,-0.12482794328155176
2026-07-21,2026-07-22,2026-07-23,PSLV,1,19.149999618530277,18.540000915527344,-0.031853718807005826,34,0.97167325428195,0.025193920306687396,1.0,0.7558176092006219,0.5157515809523016,1.721022106454466,-0.0008025200530953343,-0.7913963170877722
2026-07-21,2026-07-22,2026-07-23,NE,1,43.0099983215332,42.91999816894531,-0.0020925402487828038,34,0.9875,0.03191233900411279,1.0,0.9573701701233838,0.40717179103937523,0.6007130438665095,-6.677785379890735e-05,-0.06585224550545032
2026-07-21,2026-07-22,2026-07-23,OVV,1,60.0099983215332,61.11000061035156,0.018330316940263103,33,0.9743421052631579,0.03333333333333333,1.0,1.0,0.34944708583896344,-0.17892220931735958,0.0006110105646754368,0.6025413430116716
2026-07-21,2026-07-22,2026-07-23,WLK,1,76.44358872929998,77.62528814989805,0.015458450345426478,33,0.9789473684210526,0.03333333333333333,1.0,1.0,0.3323711686722065,0.6639055532945496,0.0005152816781808826,0.508139355275044
2026-07-21,2026-07-22,2026-07-23,EGO,1,31.190000534057617,30.90999984741211,-0.008977258154893697,32,0.9723684210526315,0.0214837225344681,1.0,0.6445116760340429,0.6048208920829848,1.6020275040755843,-0.0001928649233200272,-0.19019162128370312
2026-07-21,2026-07-22,2026-07-23,AEO,1,17.420000076293945,17.440000534057617,0.0011481318987414113,32,0.957236842105263,0.025108286869366347,1.0,0.7532486060809904,0.5175105850974467,1.7834794903393931,2.882762507746963e-05,0.028428045166849436
2026-07-21,2026-07-22,2026-07-23,MRNA,1,59.52000045776367,57.20000076293945,-0.03897848919659408,24,0.9802371541501976,0.017039598710249283,1.0,0.5111879613074785,0.762565154820493,1.6492900439227052,-0.00066417781424175,-0.6549716409639502
2026-07-21,2026-07-22,2026-07-23,BBIO,1,82.47000122070312,82.4000015258789,-0.0008487897876573447,24,0.9703557312252964,0.027123239214128594,1.0,0.8136971764238579,0.4790653552099263,1.1333318823305873,-2.3021928453139574e-05,-0.022702821343591393
2026-07-21,2026-07-22,2026-07-23,AGX,1,600.2079174775849,604.02001953125,0.006351302511445889,11,0.9748010610079576,0.018785337162426124,1.0,0.5635601148727837,0.6916992820629349,1.7461498420221655,0.00011931135909807483,0.11765758352425405
2026-07-21,2026-07-22,2026-07-23,UTHR,1,535.8300170898438,523.22998046875,-0.023514988371734047,3,0.96684350132626,0.03333333333333333,1.0,1.0,0.2262673139129224,0.05207309084098956,-0.0007838329457244682,-0.7729682318414459
2026-07-22,2026-07-23,2026-07-24,ZIM,1,25.0,25.6299991607666,0.025199966430664134,35,0.9798927613941019,0.03256706984556064,1.0,0.9770120953668192,0.39940663519780095,0.9494224016292895,0.0008206890668532223,0.8091129360043462
2026-07-22,2026-07-23,2026-07-24,LBRT,1,26.0,19.6200008392334,-0.24538458310640776,35,0.9648541114058355,0.02523845756027222,1.0,0.7571537268081666,0.515384260476449,1.1631874331100929,-0.006193128386676164,-6.105771959664234
2026-07-22,2026-07-23,2026-07-24,WFRD,1,87.20516064249017,86.11858376636302,-0.012460006588162043,35,0.9730263157894736,0.031932651243334345,1.0,0.9579795373000304,0.40734180466716935,1.2195948826881677,-0.0003978810448694268,-0.3922687816826433
2026-07-22,2026-07-23,2026-07-24,GMED,1,75.23999786376953,76.54000091552734,0.01727808464470737,35,0.9789473684210526,0.029127738315425387,1.0,0.8738321494627617,0.44656758600370505,0.8986854598959636,0.0005032715281228059,0.49617269215999493
2026-07-22,2026-07-23,2026-07-24,PSLV,1,18.540000915527344,18.6299991607666,0.004854274045039686,35,0.97167325428195,0.024854065254299163,1.0,0.7456219576289749,0.5233551796126049,1.735000504184491,0.00012064844387766711,0.11894665177460387
2026-07-22,2026-07-23,2026-07-24,NE,1,42.91999816894531,43.22999954223633,0.0072227722860276344,35,0.9875,0.030982995003456137,1.0,0.9294898501036841,0.4198271917810451,0.621146070354707,0.00022378311764909567,0.2206265718191283
2026-07-22,2026-07-23,2026-07-24,OVV,1,61.11000061035156,61.38999938964844,0.004581881467849991,34,0.9743421052631579,0.03333333333333333,1.0,1.0,0.3526996012249079,-0.16607629239524746,0.00015272938226166635,0.1505750763437038
2026-07-22,2026-07-23,2026-07-24,WLK,1,77.62528814989805,74.57668244726415,-0.03927335762988615,34,0.9789473684210526,0.03333333333333333,1.0,1.0,0.3305974508796363,0.6549928117304641,-0.001309111920996205,-1.2906464003680547
2026-07-22,2026-07-23,2026-07-24,EGO,1,30.90999984741211,32.209999084472656,0.04205756206658107,33,0.9723684210526315,0.020468075851427233,1.0,0.614042275542817,0.63550203153855,1.6404200640390505,0.0008608373705048899,0.8486949325913734
2026-07-22,2026-07-23,2026-07-24,AEO,1,17.440000534057617,16.850000381469727,-0.0338302829426933,33,0.957236842105263,0.02523987186845294,1.0,0.7571961560535881,0.5153553810835739,1.7694461555050554,-0.000853872006747088,-0.8418278179336595
2026-07-22,2026-07-23,2026-07-24,MRNA,1,57.20000076293945,57.255001068115234,0.0009615437839542995,25,0.9802371541501976,0.017068534688654848,1.0,0.5120560406596455,0.7620750124445654,1.6402327593517596,1.6412143431084404e-05,0.016180643917392535
2026-07-22,2026-07-23,2026-07-24,BBIO,1,82.4000015258789,83.45999908447266,0.012864047802970457,25,0.9703557312252964,0.027062073711579305,1.0,0.8118622113473791,0.48065436240761916,1.1373773379496006,0.0003481278098732663,0.34321733495408924
2026-07-22,2026-07-23,2026-07-24,AGX,1,604.02001953125,595.280029296875,-0.014469702910108295,12,0.9748010610079576,0.01883999700498493,1.0,0.5651999101495478,0.6904196312677464,1.7409087005235302,-0.000272609159489462,-0.2687639038033441
2026-07-22,2026-07-23,2026-07-24,UTHR,1,523.22998046875,533.9400024414062,0.020469052562816392,4,0.9664879356568364,0.03333333333333333,1.0,1.0,0.2226623490164431,0.05449346163786134,0.0006823017520938798,0.6726776268561193
2026-07-23,2026-07-24,2026-07-27,ZIM,1,25.6299991607666,24.8700008392334,-0.029652686165381525,36,0.9798927613941019,0.032413348949172534,1.0,0.9724004684751759,0.39882585526313385,0.9495580391734716,-0.0009611428639588122,-0.9425654582961885
2026-07-23,2026-07-24,2026-07-27,LBRT,1,19.6200008392334,17.079999923706055,-0.1294597760897236,36,0.9648541114058355,0.02598091113324901,1.0,0.7794273339974703,0.4975684474765196,1.1631212425961637,-0.003363482937917424,-3.298472012570032
2026-07-23,2026-07-24,2026-07-27,WFRD,1,86.11858376636302,87.4643365559343,0.01562674083473392,36,0.9730263157894736,0.030889932295635383,1.0,0.9266979688690615,0.4184949805934895,1.2144719347192903,0.0004827089663863716,0.4733789483195365
2026-07-23,2026-07-24,2026-07-27,GMED,1,76.54000091552734,75.72000122070312,-0.010713348380139265,36,0.9789473684210526,0.029169997173358553,1.0,0.8750999152007566,0.4431704788920185,0.9054309253680335,-0.0003125083419658678,-0.3064680388440807
2026-07-23,2026-07-24,2026-07-27,PSLV,1,18.6299991607666,18.920000076293945,0.015566340772471099,36,0.97167325428195,0.025068148169883116,1.0,0.7520444450964935,0.5156855436225232,1.7313844392317579,0.0003902193369471983,0.38267700043126207
2026-07-23,2026-07-24,2026-07-27,NE,1,43.22999954223633,42.83000183105469,-0.009252780833153507,36,0.9875,0.03077050352117695,1.0,0.9231151056353085,0.4201192745415846,0.6202420451004697,-0.0002847127252072286,-0.279209668386206
2026-07-23,2026-07-24,2026-07-27,WLK,1,74.57668244726415,72.70978642676195,-0.025033240407581037,35,0.9789473684210526,0.03333333333333333,1.0,1.0,0.3295132816466243,0.653098867973609,-0.0008344413469193679,-0.8183128857044164
2026-07-23,2026-07-24,2026-07-27,EGO,1,32.209999084472656,32.189998626708984,-0.0006209394080148867,34,0.9723684210526315,0.02032244579090509,1.0,0.6096733737271527,0.6361085545314377,1.631693012824745,-1.2619007458819231e-05,-0.012375101553242843
2026-07-23,2026-07-24,2026-07-27,AEO,1,16.850000381469727,17.510000228881836,0.03916912952345819,34,0.957236842105263,0.025082128295457164,1.0,0.752463848863715,0.5153981139207195,1.7667288574301412,0.0009824451319287572,0.9634559863589344
2026-07-23,2026-07-24,2026-07-27,MRNA,1,57.255001068115234,54.75,-0.043751655250780286,26,0.9802371541501976,0.01691822588546072,1.0,0.5075467765638216,0.7641038548672916,1.6445349907110864,-0.0007402003863955045,-0.7258934572538142
2026-07-23,2026-07-24,2026-07-27,BBIO,1,83.45999908447266,84.1050033569336,0.007728304331852565,26,0.9703557312252964,0.026910840199561224,1.0,0.8073252059868367,0.48037450784635527,1.1383545525638556,0.00020797516288806114,0.2039553245127254
2026-07-23,2026-07-24,2026-07-27,AGX,1,595.280029296875,568.6500244140625,-0.04473525663924416,13,0.9748010610079576,0.018722652255140766,1.0,0.561679567654223,0.6904620905431083,1.7405638681143125,-0.0008375626536010456,-0.8213738623533826
2026-07-23,2026-07-24,2026-07-27,UTHR,1,533.9400024414062,529.7100219726562,-0.00792220183805048,5,0.9664879356568364,0.03333333333333333,1.0,1.0,0.22476011794292922,0.05673149366231148,-0.0002640733946016827,-0.2589692641334865
2026-07-24,2026-07-27,2026-07-28,ZIM,1,24.8700008392334,24.399999618530277,-0.01889831945488618,37,0.9743935309973046,0.03255021906590362,1.0,0.9765065719771087,0.4013985722043076,0.9232533594056298,-0.0006151444382339735,-0.5998880468993711
2026-07-24,2026-07-27,2026-07-28,LBRT,1,17.079999923706055,16.559999465942383,-0.030444991808339594,37,0.9648541114058355,0.019918788565268127,1.0,0.5975636569580438,0.6559440808952263,1.3321310718480133,-0.0006064273547016365,-0.5913871585065814
2026-07-24,2026-07-27,2026-07-28,WFRD,1,87.4643365559343,85.52046912268625,-0.0222246861954406,37,0.9730263157894736,0.03122500692034372,1.0,0.9367502076103116,0.41843422137013636,1.2189369307262894,-0.0006939659802551003,-0.6767547109830114
2026-07-24,2026-07-27,2026-07-28,GMED,1,75.72000122070312,79.0999984741211,0.04463810352519948,37,0.9789473684210526,0.029555626231946693,1.0,0.8866687869584008,0.44206850348745164,0.8989293254151449,0.001319307103493738,1.2865865516844643
2026-07-24,2026-07-27,2026-07-28,PSLV,1,18.920000076293945,18.40999984741211,-0.02695561452564932,37,0.97167325428195,0.025322240887581376,1.0,0.7596672266274412,0.5159737448196707,1.7451627161001342,-0.0006825765642912797,-0.6656477675186828
2026-07-24,2026-07-27,2026-07-28,NE,1,42.83000183105469,40.25,-0.06023819100525951,37,0.9875,0.031156618965054735,1.0,0.934698568951642,0.41935267342857496,0.6206798457953273,-0.001876818364295058,-1.8302707997720689
2026-07-24,2026-07-27,2026-07-28,WLK,1,72.70978642676195,72.66012974751933,-0.0006829435442315956,36,0.9789473684210526,0.03333333333333333,1.0,1.0,0.3311942156158281,0.6671933581519834,-2.2764784807719853e-05,-0.02220018819578969
2026-07-24,2026-07-27,2026-07-28,EGO,1,32.189998626708984,32.0,-0.005902411768086813,35,0.9723684210526315,0.02054187918149827,1.0,0.6162563754449482,0.6360475272271644,1.619685268983938,-0.0001212466294194929,-0.11823955350129736
2026-07-24,2026-07-27,2026-07-28,AEO,1,17.510000228881836,17.940000534057617,0.024557412881498264,35,0.957236842105263,0.02520790411987776,1.0,0.7562371235963328,0.5183140730723512,1.7852158423003326,0.0006190409093490592,0.6036878804047169
2026-07-24,2026-07-27,2026-07-28,MRNA,1,54.75,54.83100128173828,0.0014794754655393927,27,0.9802371541501976,0.017108168286290512,1.0,0.5132450485887153,0.7637060402580423,1.6464145008134858,2.531111523988593e-05,0.02468336628335868
2026-07-24,2026-07-27,2026-07-28,BBIO,1,84.1050033569336,84.23999786376953,0.0016050710593640272,27,0.9703557312252964,0.027346685257415057,1.0,0.8204005577224517,0.47777678848475436,1.1256799268349613,4.389337307621381e-05,0.04280475967905958
2026-07-24,2026-07-27,2026-07-28,AGX,1,568.6500244140625,520.8200073242188,-0.08411151857265431,14,0.9748010610079576,0.019202137520080324,1.0,0.5760641256024097,0.6804248456364815,1.7361029316740257,-0.0016151209466548984,-1.5750638223710105
2026-07-24,2026-07-27,2026-07-28,UTHR,1,529.7100219726562,530.8400268554688,0.0021332518471226525,6,0.9664879356568364,0.03333333333333333,1.0,1.0,0.22500869253103922,0.055037623349858095,7.110839490408842e-05,0.06934481316229985
2026-07-27,2026-07-28,2026-07-29,ZIM,1,24.399999618530277,24.1200008392334,-0.011475359986654943,38,0.9885598923283984,0.0320885791775378,1.0,0.962657375326134,0.40423481693404206,0.9006628713487398,-0.0003682279975225263,-0.35760327198825215
2026-07-27,2026-07-28,2026-07-29,LBRT,1,16.559999465942383,18.270000457763672,0.10326093278795745,38,0.9648541114058355,0.019730965738447747,1.0,0.5919289721534324,0.657409328131851,1.2494312601369009,0.002037437926959344,1.9786503852387034
2026-07-27,2026-07-28,2026-07-29,WFRD,1,85.52046912268625,86.3578265198815,0.009791309680422744,38,0.9730263157894736,0.030646696703801,1.0,0.9194009011140301,0.4232534767082,1.2020614374325627,0.00030007129810890655,0.29141314282313024
2026-07-27,2026-07-28,2026-07-29,GMED,1,79.0999984741211,79.95999908447266,0.01087232145311523,38,0.9789473684210526,0.029255012425373823,1.0,0.8776503727612147,0.44338798223360376,0.8940100495224018,0.00031806989920354445,0.3088924183968463
2026-07-27,2026-07-28,2026-07-29,PSLV,1,18.40999984741211,18.420000076293945,0.0005431954896644164,38,0.97167325428195,0.02518465526677922,1.0,0.7555396580033766,0.5150485798634624,1.7529991802176337,1.3680191149667663e-05,0.013285467562109025
2026-07-27,2026-07-28,2026-07-29,NE,1,40.25,40.09999847412109,-0.0037267459845692352,38,0.9875,0.031106223154717325,1.0,0.9331866946415197,0.41700083179459796,0.6014830482032761,-0.00011592499223695736,-0.11258013189671345
2026-07-27,2026-07-28,2026-07-29,WLK,1,72.66012974751933,72.3721511588701,-0.003963364635459765,37,0.9789473684210526,0.03333333333333333,1.0,1.0,0.3313363754289751,0.6600225932706877,-0.00013211215451532551,-0.1283002352943242
2026-07-27,2026-07-28,2026-07-29,EGO,1,32.0,32.279998779296875,0.008749961853027344,36,0.9723684210526315,0.020391846488018214,1.0,0.6117553946405464,0.6361033041871496,1.6277780520419014,0.000178427878882949,0.17327958148690956
2026-07-27,2026-07-28,2026-07-29,AEO,1,17.940000534057617,17.729999542236328,-0.011705740555727373,36,0.957236842105263,0.025162790208521767,1.0,0.754883706255653,0.5154961282915504,1.763135363816722,-0.0002945490938391529,-0.2860502743591955
2026-07-27,2026-07-28,2026-07-29,MRNA,1,54.83100128173828,55.040000915527344,0.003811705584495062,28,0.9802371541501976,0.016970686491587294,1.0,0.5091205947476188,0.764336842586518,1.6241115181451384,6.46872604726982e-05,0.06282079623665252
2026-07-27,2026-07-28,2026-07-29,BBIO,1,84.23999786376953,85.48999786376953,0.014838556881512144,28,0.9703557312252964,0.0275113993982218,1.0,0.8253419819466541,0.47148895415127107,1.1270690426915022,0.00040822946486051317,0.3964505505782519
2026-07-27,2026-07-28,2026-07-29,AGX,1,520.8200073242188,522.3400268554688,0.0029185121728700913,15,0.9748010610079576,0.01882504726782434,1.0,0.5647514180347302,0.6890458624067315,1.718111813417329,5.494112960600019e-05,0.05335587691871363
2026-07-27,2026-07-28,2026-07-29,UTHR,1,530.8400268554688,526.0800170898438,-0.008966938295557392,7,0.9664879356568364,0.03333333333333333,1.0,1.0,0.2249989166681665,0.04380658955424565,-0.0002988979431852464,-0.2902736434837876
2026-07-28,2026-07-29,2026-07-30,ZIM,1,24.1200008392334,24.780000686645508,0.027363176801327382,39,0.9932705248990579,0.03229934054525509,1.0,0.9689802163576525,0.4049671138016311,0.9009776508281526,0.0008838125659060969,0.8601702973142811
2026-07-28,2026-07-29,2026-07-30,LBRT,1,18.270000457763672,17.6299991607666,-0.0350301741084581,39,0.9648541114058355,0.019906914516735996,1.0,0.5972074355020799,0.6570667045016587,1.2497948493257292,-0.000697342681483454,-0.6786885418930461
2026-07-28,2026-07-29,2026-07-30,WFRD,1,86.3578265198815,82.89873716389295,-0.04005530819134495,39,0.9730263157894736,0.03180602174499144,1.0,0.9541806523497433,0.41124824799466514,1.202792286579991,-0.0012740000033362514,-1.2399200960948669
2026-07-28,2026-07-29,2026-07-30,GMED,1,79.95999908447266,81.30999755859375,0.016883422831144745,39,0.9789473684210526,0.02931851410030131,1.0,0.8795554230090393,0.44614030143408684,0.8930461433875163,0.0004949968703362663,0.4817555458608666
2026-07-28,2026-07-29,2026-07-30,PSLV,1,18.420000076293945,18.739999771118164,0.017372404641629258,39,0.97167325428195,0.025389850055669762,1.0,0.7616955016700929,0.5151732164478475,1.7526731068889716,0.00044108274895738827,0.4292836444590539
2026-07-28,2026-07-29,2026-07-30,NE,1,40.09999847412109,41.2599983215332,0.02892767809357233,39,0.9875,0.03143827773663174,1.0,0.9431483320989523,0.41605875575897067,0.6016951805797787,0.0009094363781816048,0.885108664422416
2026-07-28,2026-07-29,2026-07-30,WLK,1,72.3721511588701,72.01465857961094,-0.004939642853428516,38,0.9789473684210526,0.03333333333333333,1.0,1.0,0.33210860051282615,0.6593248055176515,-0.00016465476178095055,-0.16025019428200837
2026-07-28,2026-07-29,2026-07-30,EGO,1,32.279998779296875,32.689998626708984,0.012701358826415765,37,0.9723684210526315,0.020537597064358554,1.0,0.6161279119307567,0.6368890516898688,1.6267132723276017,0.000260855389746761,0.2538774247053916
2026-07-28,2026-07-29,2026-07-30,AEO,1,17.729999542236328,17.5,-0.012972337742503837,37,0.957236842105263,0.02502751259007148,1.0,0.7508253777021444,0.5226316706957491,1.7627605931556418,-0.0003246653461731742,-0.3159804444046508
2026-07-28,2026-07-29,2026-07-30,MRNA,1,55.040000915527344,55.96500015258789,0.01680594516123257,29,0.9802371541501976,0.01717637423856932,1.0,0.5152912271570795,0.7615210600696278,1.6228671338555145,0.0002886652035222038,0.2809433170747235
2026-07-28,2026-07-29,2026-07-30,BBIO,1,85.48999786376953,80.05999755859375,-0.0635162058821036,29,0.9703557312252964,0.027840421931498525,1.0,0.8352126579449557,0.4698265978328837,1.1267970572896033,-0.0017683179712456927,-1.7210149003857935
2026-07-28,2026-07-29,2026-07-30,AGX,1,522.3400268554688,522.0,-0.0006509684075250988,16,0.9748010610079576,0.01882373565062018,1.0,0.5647120695186054,0.6948764560384699,1.7203113474316871,-1.2253657220157648e-05,-0.011925867973425224
2026-07-28,2026-07-29,2026-07-30,UTHR,1,526.0800170898438,522.2999877929688,-0.007185274433697875,8,0.9664879356568364,0.03333333333333333,1.0,1.0,0.22429472261081912,0.0439111384334135,-0.00023950914778992914,-0.23310220154285796
2026-07-29,2026-07-30,2026-07-31,WLK,1,72.01465857961094,70.53504125160622,-0.02054605766642681,39,0.9789473684210526,0.016666666666666666,0.5,1.0,0.33140097906446486,0.649891000858058,-0.0003424342944404468,-0.33287350738740085
2026-07-29,2026-07-30,2026-07-31,EGO,1,32.689998626708984,31.25,-0.04405012808818076,38,0.9723684210526315,0.010323098537324596,0.5,0.6193859122394757,0.6370403951429043,1.6244921840569126,-0.00045473381283605993,-0.4420376161614557
2026-07-29,2026-07-30,2026-07-31,AEO,1,17.5,17.100000381469727,-0.02285712105887272,38,0.957236842105263,0.01254504388566443,0.5,0.7527026331398657,0.524209467200927,1.7573366085789661,-0.00028674358678350287,-0.27873768779332314
2026-07-29,2026-07-30,2026-07-31,MRNA,1,55.96500015258789,57.84999847412109,0.03368173530588359,30,0.9802371541501976,0.00869199300082792,0.5,0.5215195800496751,0.7565849133438104,1.6235969004156745,0.00029276140753447876,0.28458749061017974
2026-07-29,2026-07-30,2026-07-31,BBIO,1,80.05999755859375,82.37999725341797,0.02897826337212006,30,0.9703557312252964,0.013996855420764336,0.5,0.8398113252458601,0.4698363006279653,1.1265233554117828,0.00040560456276439525,0.3942800578439086
2026-07-29,2026-07-30,2026-07-31,AGX,1,522.0,594.7899780273438,0.13944440235123334,17,0.9748010610079576,0.009425871913598095,0.5,0.5655523148158857,0.6976787751411405,1.7065517201124654,0.0013143850756309626,1.2776873615940443
2026-07-29,2026-07-30,2026-07-31,UTHR,1,522.2999877929688,525.8400268554688,0.006777788905297122,9,0.9664879356568364,0.016666666666666666,0.5,1.0,0.22474045288820896,0.04473507481115737,0.0001129631484216187,0.10980921020796658
2026-07-30,2026-07-31,2026-08-03,EGO,1,31.25,30.479999542236328,-0.024640014648437458,39,0.9723684210526315,0.02116976361316144,1.0,0.6350929083948432,0.632807101578293,1.6086467819345722,-0.0005216232855322562,-0.5074863745506879
2026-07-30,2026-07-31,2026-08-03,AEO,1,17.100000381469727,17.329999923706055,0.013450265327804578,39,0.957236842105263,0.025507323039708495,1.0,0.7652196911912549,0.5251972828464794,1.766028620622275,0.00034308026268610204,0.3337821825051578
2026-07-30,2026-07-31,2026-08-03,MRNA,1,57.84999847412109,54.92499923706055,-0.05056178589821436,31,0.9802371541501976,0.017739615293950704,1.0,0.5321884588185212,0.7551672644057018,1.6235024915890082,-0.0008969466304094246,-0.8726377948550893
2026-07-30,2026-07-31,2026-08-03,BBIO,1,82.37999725341797,81.2300033569336,-0.013959625331702252,31,0.9703557312252964,0.02958216181480326,1.0,0.8874648544440977,0.45285320379927746,1.1345052646418654,-0.00041295589543644266,-0.40176406237411705
2026-07-30,2026-07-31,2026-08-03,AGX,1,594.7899780273438,572.4600219726562,-0.03754258961918988,18,0.9748010610079576,0.019104362424510492,1.0,0.5731308727353148,0.7012208235724755,1.7409981201913458,-0.0007172272384396688,-0.6977891153638717
2026-07-30,2026-07-31,2026-08-03,UTHR,1,525.8400268554688,516.2899780273438,-0.01816150985164522,10,0.9664879356568364,0.03333333333333333,1.0,1.0,0.22461567142357186,0.043286748526479214,-0.0006053836617215073,-0.5889766968239949
2026-07-31,2026-08-03,2026-08-04,MRNA,1,54.92499923706055,56.84000015258789,0.03486574314297308,32,0.9802371541501976,0.017656950348607543,1.0,0.5297085104582263,0.761290738937646,1.6495756106009936,0.0006156226955427796,0.5972346209758342
2026-07-31,2026-08-03,2026-08-04,BBIO,1,81.2300033569336,80.80000305175781,-0.0052936142731191405,32,0.9703557312252964,0.029631660447560198,1.0,0.8889498134268059,0.453638863811412,1.0982052521652548,-0.00015685858068142456,-0.15217336147342864
2026-07-31,2026-08-03,2026-08-04,AGX,1,572.4600219726562,602.8499755859375,0.05308659547711225,19,0.9748010610079576,0.017039043461916932,1.0,0.511171303857508,0.7888983209838293,1.8840538688866642,0.0009045448075797186,0.8775268995471787
2026-07-31,2026-08-03,2026-08-04,UTHR,1,516.2899780273438,517.8599853515625,0.0030409409266813903,11,0.9664879356568364,0.03333333333333333,1.0,1.0,0.22452110963627078,0.041212166643568804,0.00010136469755604635,0.09833702877350886
2026-07-31,2026-08-03,2026-08-04,ZIM,1,25.06999969482422,26.350000381469727,0.05105706829784151,0,0.9791946308724833,0.03279377138577686,1.0,0.9838131415733058,0.4098971301637721,0.8492722902691608,0.0016743538253874098,1.6243424414413894
2026-08-03,2026-08-04,2026-08-05,MRNA,1,56.84000015258789,58.0,0.020408160526004027,33,0.9802371541501976,0.01743344059757263,1.0,0.523003217927179,0.7701985914738225,1.6213276521535214,0.00035578445423581784,0.34620644822794877
2026-08-03,2026-08-04,2026-08-05,BBIO,1,80.80000305175781,82.86000061035156,0.025495018326598062,33,0.9703557312252964,0.02938097067719103,1.0,0.881429120315731,0.4570036688140048,1.0826994490660646,0.0007490683858682256,0.7289028575132536
2026-08-03,2026-08-04,2026-08-05,AGX,1,602.8499755859375,620.7999877929688,0.029775255758424546,20,0.9748010610079576,0.017239187000500797,1.0,0.5171756100150239,0.778877298123336,1.8720982732456752,0.000513301202007219,0.49948271742156897
2026-08-03,2026-08-04,2026-08-05,UTHR,1,517.8599853515625,505.0,-0.024832938854760456,12,0.9912398921832883,0.03333333333333333,1.0,1.0,0.22628000187468747,0.02743948222607288,-0.0008277646284920152,-0.8054805334721046
2026-08-03,2026-08-04,2026-08-05,ZIM,1,26.350000381469727,27.770000457763672,0.05388994518924339,1,1.0,0.03272800632055215,1.0,0.9818401896165646,0.41026670739675125,0.8501971150828759,0.0017637104667677667,1.7162299508381798
2026-08-03,2026-08-04,2026-08-05,AEO,1,17.68000030517578,18.07999992370605,0.02262441242227653,0,0.9824797843665768,0.025615435100008462,1.0,0.7684630530002539,0.524184396648744,1.7044537801563322,0.0005795341680786497,0.5639326383391193
2026-08-03,2026-08-04,2026-08-05,TRP,1,65.69999694824219,66.12999725341797,0.006544906014448237,0,0.9710242587601079,0.03333333333333333,1.0,1.0,0.1938616195712707,0.007681463777199073,0.00021816353381494123,0.21229039457937346
2026-08-03,2026-08-04,2026-08-05,SLAB,1,218.1499938964844,218.8999938964844,0.003438001471390839,0,0.9642857142857143,0.03333333333333333,1.0,1.0,0.048804483274182346,0.7718428576134335,0.0001146000490463613,0.11151492279871303
2026-08-04,2026-08-05,2026-08-06,MRNA,1,58.0,57.540000915527344,-0.007931018697804437,34,0.9802371541501976,0.017538100315865016,1.0,0.5261430094759505,0.7694876104941031,1.5851749256118712,-0.00013909500152909534,-0.13580609473670116
2026-08-04,2026-08-05,2026-08-06,BBIO,1,82.86000061035156,81.5,-0.016413234375256103,34,0.9703557312252964,0.0299582113477207,1.0,0.898746340431621,0.4504725181360872,1.0778758565592914,-0.0004917111443135969,-0.4800846149297166
2026-08-04,2026-08-05,2026-08-06,AGX,1,620.7999877929688,589.9400024414062,-0.04971002892779375,21,0.9748010610079576,0.01737509633842809,1.0,0.5212528901528427,0.7767065368618128,1.8854493626427138,-0.0008637165416064636,-0.8432939299441854
2026-08-04,2026-08-05,2026-08-06,UTHR,1,505.0,519.7899780273438,0.02928708520266099,13,0.991263440860215,0.03333333333333333,1.0,1.0,0.22629331526451218,0.014983311381810138,0.0009762361734220329,0.9531530306314776
2026-08-04,2026-08-05,2026-08-06,ZIM,1,27.770000457763672,26.90999984741211,-0.0309686926962629,2,1.0,0.03243017768073344,1.0,0.9729053304220031,0.41613558326812217,0.8658965355446536,-0.0010043202066798377,-0.9805730158162098
2026-08-04,2026-08-05,2026-08-06,AEO,1,18.07999992370605,17.739999771118164,-0.018805318253463432,1,0.9824797843665768,0.02560620085603453,1.0,0.7681860256810359,0.5270344859253278,1.706099203454547,-0.00048153275635983713,-0.4701468953602175
2026-08-04,2026-08-05,2026-08-06,TRP,1,66.12999725341797,64.69999694824219,-0.021624079306942212,1,0.9710242587601079,0.03333333333333333,1.0,1.0,0.19923936477947152,-0.007797517908061065,-0.0007208026435647404,-0.7037592366533866
2026-08-04,2026-08-05,2026-08-06,SLAB,1,218.8999938964844,218.3999938964844,-0.0022841480764793642,1,0.9642857142857143,0.03333333333333333,1.0,1.0,0.048768142938927554,0.7562636432572664,-7.613826921597881e-05,-0.07433797684002892
2026-08-04,2026-08-05,2026-08-06,ICLR,1,158.64999389648438,162.3699951171875,0.023447849756176753,0,0.997983870967742,0.023488912507516783,1.0,0.7046673752255035,0.5745413245650323,1.3115395983341855,0.0005507644914122345,0.5377416433091248
2026-08-04,2026-08-05,2026-08-06,TEVA,1,34.25,34.540000915527344,0.008467180015396814,0,0.9858870967741935,0.03333333333333333,1.0,1.0,0.3864333901715609,0.6492791658723784,0.00028223933384656047,0.2755657736757114
2026-08-04,2026-08-05,2026-08-06,FTI,1,70.55576926369123,70.2959280100941,-0.003682778266168585,0,0.980510752688172,0.03333333333333333,1.0,1.0,0.36274794953758516,0.40728149419199094,-0.00012275927553895283,-0.11985662763132836
2026-08-04,2026-08-05,2026-08-06,EXPE,1,322.5350481005562,324.53215489713693,0.006191906300855976,0,0.9717741935483871,0.030196967706073767,1.0,0.905909031182213,0.44691079700517133,1.0964828355742688,0.0001869767946059826,0.18255572092943445
2026-08-05,2026-08-06,2026-08-07,MRNA,1,57.540000915527344,54.790000915527344,-0.04779283900320386,35,0.9802371541501976,0.01767981057823411,1.0,0.5303943173470234,0.7678776331549189,1.5442572134991877,-0.0008449683405726833,-0.8233083694963363
2026-08-05,2026-08-06,2026-08-07,BBIO,1,81.5,83.72000122070312,0.027239278781633347,35,0.9703557312252964,0.029976345086217458,1.0,0.8992903525865238,0.45288813770974556,1.1020114660413722,0.0008165340206579223,0.7956029367094787
2026-08-05,2026-08-06,2026-08-07,AGX,1,589.9400024414062,607.0,0.0289181908126126,22,0.9748010610079576,0.017371457625175488,1.0,0.5211437287552646,0.7815078846214302,1.835902834361938,0.0005023511262980388,0.4894738262344515
2026-08-05,2026-08-06,2026-08-07,UTHR,1,519.7899780273438,534.8400268554688,0.028954095816239978,14,0.969758064516129,0.03333333333333333,1.0,1.0,0.2228125827484455,0.08757202431858123,0.0009651365272079993,0.9403961573500199
2026-08-05,2026-08-06,2026-08-07,ZIM,1,26.90999984741211,26.40999984741211,-0.018580453468418856,3,0.9993279569892473,0.03186422357211094,1.0,0.9559267071633282,0.4260556065556858,0.8803978250982497,-0.0005920517233889026,-0.5768750326319287
2026-08-05,2026-08-06,2026-08-07,AEO,1,17.739999771118164,17.75,0.0005637107672411545,2,0.9824797843665768,0.025955503788014308,1.0,0.7786651136404292,0.5230463339228568,1.7065443668108977,1.4631396954472239e-05,0.014256334813533765
2026-08-05,2026-08-06,2026-08-07,TRP,1,64.69999694824219,63.7599983215332,-0.01452857296826382,2,0.9710242587601079,0.03333333333333333,1.0,1.0,0.1991568319609483,-0.0076280771748325,-0.00048428576560879396,-0.4718715541264281
2026-08-05,2026-08-06,2026-08-07,SLAB,1,218.3999938964844,218.6499938964844,0.0011446886766786069,2,0.9642857142857143,0.03333333333333333,1.0,1.0,0.04751106932161557,0.7294508476720097,3.815628922262023e-05,0.03717818852788587
2026-08-05,2026-08-06,2026-08-07,ICLR,1,162.3699951171875,161.86000061035156,-0.003140940581219165,1,0.9905913978494624,0.023620327158664807,1.0,0.7086098147599442,0.5747562686260912,1.2833288709049004,-7.419004411432346e-05,-0.0722882519021087
2026-08-05,2026-08-06,2026-08-07,TEVA,1,34.540000915527344,35.0,0.013317865439484322,1,0.9858870967741935,0.03333333333333333,1.0,1.0,0.3857434630934382,0.636620947638272,0.0004439288479828107,0.43254914824075086
2026-08-05,2026-08-06,2026-08-07,FTI,1,70.2959280100941,68.52704027797915,-0.025163445197863288,1,0.9939516129032258,0.03333333333333333,1.0,1.0,0.3624727820361464,0.38402913737458616,-0.0008387815065954429,-0.8172801292066539
2026-08-05,2026-08-06,2026-08-07,EXPE,1,324.53215489713693,311.0316242235583,-0.04159997852249098,1,0.9717741935483871,0.029991520082139667,1.0,0.89974560246419,0.4526589870823636,1.1272975241480545,-0.001247646591273867,-1.2156643408357273
2026-08-05,2026-08-06,2026-08-07,HUM,1,366.4599914550781,364.0,-0.006712851368331885,0,0.978494623655914,0.02987291252222431,1.0,0.8961873756667293,0.4544562265678558,0.5017313281173809,-0.00020053242170087215,-0.19539196111158327
2026-08-05,2026-08-06,2026-08-07,DAR,1,59.400001525878906,60.06999969482422,0.011279430163876558,0,0.9711021505376345,0.03333333333333333,1.0,1.0,0.2906206907756125,0.40065861483597953,0.0003759810054625519,0.3663430849482102
2026-08-05,2026-08-06,2026-08-07,VRNS,1,42.209999084472656,43.45000076293945,0.029376965301165958,0,0.9690860215053764,0.02653242750272943,1.0,0.7959728250818828,0.5116731629642682,0.9333924003368491,0.0007794422021033838,0.7594619321422618
2026-08-05,2026-08-06,2026-08-07,FRO,1,38.84000015258789,39.86000061035156,0.026261597676531245,0,0.965725806451613,0.02865728512564628,1.0,0.8597185537693883,0.47373402755769745,0.44389884590805934,0.0007525860924713657,0.7332942536974506
2026-08-06,2026-08-07,2026-08-10,MRNA,1,54.790000915527344,59.75,0.09052745029370879,36,0.9802371541501976,0.017608743135004247,1.0,0.5282622940501274,0.7679152412587907,1.5676693395815169,0.001594074618888783,1.553635972116433
2026-08-06,2026-08-07,2026-08-10,BBIO,1,83.72000122070312,83.44999694824219,-0.0032250868194465543,36,0.9703557312252964,0.029863643999505942,1.0,0.8959093199851783,0.4527921051096298,1.111054135885788,-9.63128446434508e-05,-0.09386957062225616
2026-08-06,2026-08-07,2026-08-10,AGX,1,607.0,603.72998046875,-0.005387182094316323,23,0.9748010610079576,0.017334523317344096,1.0,0.5200356995203229,0.7800631136623971,1.8747193270752835,-9.338423362870491e-05,-0.09101525290906316
2026-08-06,2026-08-07,2026-08-10,UTHR,1,534.8400268554688,528.5999755859375,-0.011667135884011803,15,0.969758064516129,0.03333333333333333,1.0,1.0,0.22107851919255697,0.0960509689633663,-0.0003889045294670601,-0.3790387598795308
2026-08-06,2026-08-07,2026-08-10,ZIM,1,26.40999984741211,26.15999984741211,-0.009466111376161046,4,0.9993297587131367,0.03333333333333333,1.0,1.0,0.3841993768899912,0.8792616324080166,-0.00031553704587203486,-0.3075324700570678
2026-08-06,2026-08-07,2026-08-10,AEO,1,17.75,18.100000381469727,0.019718331350407237,3,0.9824797843665768,0.025839498076339885,1.0,0.7751849422901965,0.5233082389151512,1.5272605373220982,0.0005095117849974802,0.4965864383068558
2026-08-06,2026-08-07,2026-08-10,TRP,1,63.7599983215332,63.560001373291016,-0.0031367150800981625,3,0.9798927613941019,0.03333333333333333,1.0,1.0,0.2043508016248084,-0.005412152671728389,-0.00010455716933660542,-0.10190475244957967
2026-08-06,2026-08-07,2026-08-10,SLAB,1,218.6499938964844,219.2100067138672,0.002561229512990204,3,0.9642857142857143,0.03333333333333333,1.0,1.0,0.04607741348091179,0.7087543861987847,8.537431709967346e-05,0.08320853275575678
2026-08-06,2026-08-07,2026-08-10,ICLR,1,161.86000061035156,163.8000030517578,0.011985681663726488,2,0.9859249329758712,0.02423864919541711,1.0,0.7271594758625133,0.5578702890480184,1.3005656640630716,0.00029051673321500964,0.2831468752317439
2026-08-06,2026-08-07,2026-08-10,TEVA,1,35.0,35.029998779296875,0.0008571079799106762,2,0.9858870967741935,0.03333333333333333,1.0,1.0,0.3850085702352204,0.6288829971270018,2.857026599702254e-05,0.027845492588578807
2026-08-06,2026-08-07,2026-08-10,FTI,1,68.52704027797915,70.38587811301717,0.02712561096317101,2,0.9859249329758712,0.03333333333333333,1.0,1.0,0.36276754783910053,0.3843937479857569,0.0009041870321057003,0.8812495236765464
2026-08-06,2026-08-07,2026-08-10,EXPE,1,311.0316242235583,307.087300572787,-0.01268142318523946,2,0.9717741935483871,0.029759572540301767,1.0,0.892787176209053,0.4543755530919916,1.105521454801175,-0.0003773937331953984,-0.36781997065633626
2026-08-06,2026-08-07,2026-08-10,HUM,1,364.0,385.0,0.05769230769230771,1,0.9785522788203753,0.029752504548279442,1.0,0.8925751364483833,0.4544834943504891,0.5087008795013924,0.001716490647016122,1.6729465380138007
2026-08-06,2026-08-07,2026-08-10,DAR,1,60.06999969482422,61.84000015258789,0.02946563120952006,1,0.9711021505376345,0.03333333333333333,1.0,1.0,0.2999597204920061,0.4123711034513089,0.000982187706984002,0.9572714695154212
2026-08-06,2026-08-07,2026-08-10,VRNS,1,43.45000076293945,42.869998931884766,-0.013348718547075311,1,0.9690860215053764,0.02643229304275999,1.0,0.7929687912827996,0.5115720460160625,0.9167057744450118,-0.00035283724038162,-0.34388642944538583
2026-08-06,2026-08-07,2026-08-10,FRO,1,39.86000061035156,39.84999847412109,-0.00025093166275258483,1,0.965725806451613,0.0285355969629831,1.0,0.856067908889493,0.47386505529643824,0.4373025514951016,-7.160484793558959e-06,-0.006978836888338962
2026-08-06,2026-08-07,2026-08-10,HAL,1,32.189998626708984,32.310001373291016,0.0037279512799501813,0,0.9718498659517426,0.03333333333333333,1.0,1.0,0.33478499296364134,0.2929058490296651,0.00012426504266500605,0.12111267444651944
2026-08-07,2026-08-10,2026-08-11,MRNA,1,59.75,60.209999084472656,0.007698729447241037,37,0.9802371541501976,0.01741198457809672,1.0,0.5223595373429016,0.7690310179509885,1.5738334934218992,0.00013405015840630005,0.13123300963685675
2026-08-07,2026-08-10,2026-08-11,BBIO,1,83.44999694824219,87.0199966430664,0.04278010575648583,37,0.9703557312252964,0.029612772969314315,1.0,0.8883831890794295,0.4521817743483915,1.122017836352161,0.0012668375593700714,1.240214167694197
2026-08-07,2026-08-10,2026-08-11,AGX,1,603.72998046875,588.6300048828125,-0.025011140865016435,24,0.9748010610079576,0.017159257425562662,1.0,0.5147777227668798,0.7803575581710557,1.8953846071414377,-0.000429172604609827,-0.4201532711802402
2026-08-07,2026-08-10,2026-08-11,UTHR,1,528.5999755859375,528.0599975585938,-0.0010215248813532085,16,0.984522207267833,0.03333333333333333,1.0,1.0,0.21002156537998207,0.1066183479422721,-3.405082937844028e-05,-0.033335229686336613
2026-08-07,2026-08-10,2026-08-11,ZIM,1,26.15999984741211,25.030000686645508,-0.04319568682560171,5,1.0,0.03333333333333333,1.0,1.0,0.3813464505249398,0.884807245942832,-0.001439856227520057,-1.4095967392228559
2026-08-07,2026-08-10,2026-08-11,AEO,1,18.100000381469727,17.969999313354492,-0.007182379302506869,4,0.9824797843665768,0.025613374154312925,1.0,0.7684012246293878,0.5227876711583463,1.4961528029927977,-0.00018396496839330153,-0.18009882835668142
2026-08-07,2026-08-10,2026-08-11,TRP,1,63.560001373291016,63.43999862670898,-0.0018880230331849157,4,0.9751009421265142,0.03333333333333333,1.0,1.0,0.20310509405619864,-0.003018300075040298,-6.293410110616385e-05,-0.06161150121075846
2026-08-07,2026-08-10,2026-08-11,SLAB,1,219.2100067138672,218.6000061035156,-0.0027827224655296856,4,0.9642857142857143,0.03333333333333333,1.0,1.0,0.04321293537002855,0.6909859443151444,-9.275741551765619e-05,-0.09080805982804722
2026-08-07,2026-08-10,2026-08-11,ICLR,1,163.8000030517578,165.55999755859375,0.010744777008824702,3,0.9912516823687753,0.023995457613755253,1.0,0.7198637284126576,0.5580371268670739,1.3073936463565745,0.0002578258412845051,0.25240746834007455
2026-08-07,2026-08-10,2026-08-11,TEVA,1,35.029998779296875,36.16999816894531,0.03254351782399123,3,0.9858870967741935,0.03333333333333333,1.0,1.0,0.38406146995805196,0.6293383080610666,0.0010847839274663743,1.0619865078832422
2026-08-07,2026-08-10,2026-08-11,FTI,1,70.38587811301717,73.95363917157255,0.05068859200458786,3,0.9912516823687753,0.03333333333333333,1.0,1.0,0.3619143199054433,0.3816973574261039,0.001689619733486262,1.6541113073149862
2026-08-07,2026-08-10,2026-08-11,EXPE,1,307.087300572787,310.4624405339182,0.010990815819591937,3,0.9717741935483871,0.02893742654860676,1.0,0.8681227964582028,0.46273486697749683,1.106926044557957,0.00031804592548870687,0.3113619894287339
2026-08-07,2026-08-10,2026-08-11,HUM,1,385.0,386.510009765625,0.003922103287337553,2,0.9785522788203753,0.02959531943358,1.0,0.8878595830074,0.45244844390655287,0.5181400371881513,0.00011607589964024907,0.11363649127459524
2026-08-07,2026-08-10,2026-08-11,DAR,1,61.84000015258789,62.47999954223633,0.01034927859102952,2,0.9711021505376345,0.03333333333333333,1.0,1.0,0.3108912048055822,0.40687099776214747,0.00034497595303431734,0.3377260654315551
2026-08-07,2026-08-10,2026-08-11,VRNS,1,42.869998931884766,42.36000061035156,-0.011896392214600482,2,0.9690860215053764,0.02599726777959725,1.0,0.7799180333879174,0.5150678270564045,0.9127388055397676,-0.0003092736940140847,-0.3027741119406926
2026-08-07,2026-08-10,2026-08-11,FRO,1,39.84999847412109,38.29999923706055,-0.03889584181708616,2,0.965725806451613,0.02788450041161413,1.0,0.836535012348424,0.4802078583793969,0.4551235934168028,-0.0010845911171586172,-1.0617977496059168
2026-08-07,2026-08-10,2026-08-11,HAL,1,32.310001373291016,33.689998626708984,0.042711148089233486,1,0.9737550471063257,0.03333333333333333,1.0,1.0,0.33392237959435095,0.2899459818505043,0.0014237049363077829,1.3937848775995099
2026-08-07,2026-08-10,2026-08-11,VTRS,1,16.178659339754677,16.138958090825778,-0.0024539269969882094,0,0.9798115746971736,0.03333333333333333,1.0,1.0,0.36982964232660265,0.6862181161237846,-8.179756656627365e-05,-0.08007853902661799
2026-08-07,2026-08-10,2026-08-11,DVA,1,182.3300018310547,183.17999267578125,0.004661826557289084,0,0.977792732166891,0.030824100776039684,1.0,0.9247230232811905,0.43441190132136087,-0.01628065237344115,0.00014369661160229684,0.14067673652448004
2026-08-07,2026-08-10,2026-08-11,SBUX,1,104.87753775660822,103.96278495521113,-0.008722104093633276,0,0.9697173620457604,0.03333333333333333,1.0,1.0,0.22477184478994316,0.5505318969492424,-0.0002907368031211092,-0.284626785521115
2026-08-10,2026-08-11,2026-08-12,MRNA,1,60.209999084472656,60.58000183105469,0.006145204321676312,38,0.9802371541501976,0.016892224720753874,1.0,0.5067667416226163,0.7923575896598758,1.6187217019571476,0.00010380617235670413,0.10189600670094458
2026-08-10,2026-08-11,2026-08-12,BBIO,1,87.0199966430664,83.47000122070312,-0.04079516845908937,38,0.9703557312252964,0.0295703013622769,1.0,0.887109040868307,0.45263936609061645,1.166817491849055,-0.001206325425460126,-1.1841275026866576
2026-08-10,2026-08-11,2026-08-12,AGX,1,588.6300048828125,602.3200073242188,0.023257398243115013,25,0.9748010610079576,0.01728752908396841,1.0,0.5186258725190523,0.7742391870300187,1.9071674237830163,0.0004020629485452866,0.39466447870164795
2026-08-10,2026-08-11,2026-08-12,UTHR,1,528.0599975585938,510.4400024414063,-0.03336741127646636,17,0.984522207267833,0.03333333333333333,1.0,1.0,0.1910731050265294,0.11375014933651531,-0.0011122470425488787,-1.0917802817276008
2026-08-10,2026-08-11,2026-08-12,ZIM,1,25.030000686645508,24.649999618530277,-0.015181824118685516,6,1.0,0.03333333333333333,1.0,1.0,0.3617816007299968,0.8954355062246457,-0.0005060608039561839,-0.49674864124468837
2026-08-10,2026-08-11,2026-08-12,AEO,1,17.969999313354492,17.229999542236328,-0.04117973285442644,5,0.9824797843665768,0.02563064977628452,1.0,0.7689194932885356,0.5222139345103167,1.475132773802675,-0.0010554633106727614,-1.0360414427704026
2026-08-10,2026-08-11,2026-08-12,TRP,1,63.43999862670898,63.52999877929688,0.001418665739850944,5,0.9804582210242587,0.03333333333333333,1.0,1.0,0.20383072526429502,-0.01357826504946242,4.7288857995031466e-05,0.04641868283693196
2026-08-10,2026-08-11,2026-08-12,SLAB,1,218.6000061035156,218.32000732421875,-0.001280872696610369,5,0.9642857142857143,0.03333333333333333,1.0,1.0,0.04255475560338351,0.7028450176356896,-4.269575655367897e-05,-0.04191010030642556
2026-08-10,2026-08-11,2026-08-12,ICLR,1,165.55999755859375,165.27000427246094,-0.0017515903020606238,4,0.9912516823687753,0.02394666458872901,1.0,0.7183999376618703,0.5589372337903494,1.341761160541589,-4.194474546031629e-05,-0.04117290877277756
2026-08-10,2026-08-11,2026-08-12,TEVA,1,36.16999816894531,36.79999923706055,0.01741777992834237,4,0.9737196765498652,0.03333333333333333,1.0,1.0,0.38499793198514315,0.6275334684423165,0.0005805926642780789,0.5699090205013002
2026-08-10,2026-08-11,2026-08-12,FTI,1,73.95363917157255,75.42271862855108,0.019864870389545874,4,0.9912516823687753,0.03333333333333333,1.0,1.0,0.3532838954980998,0.3814687991173198,0.0006621623463181958,0.6499777166014976
2026-08-10,2026-08-11,2026-08-12,EXPE,1,310.4624405339182,319.6691773261079,0.029654913413540207,4,0.9717741935483871,0.029022008312688086,1.0,0.8706602493806426,0.46119077355090826,1.1052038347663828,0.0008606451435998093,0.8448081778608983
2026-08-10,2026-08-11,2026-08-12,HUM,1,386.510009765625,371.9800109863281,-0.0375928136715209,3,0.9785522788203753,0.02910050787733157,1.0,0.873015236319947,0.45994669646833825,0.5308204516200672,-0.0010939699703791518,-1.073839530941794
2026-08-10,2026-08-11,2026-08-12,DAR,1,62.47999954223633,62.369998931884766,-0.0017605731619316778,3,0.9711021505376345,0.03333333333333333,1.0,1.0,0.3118588764762464,0.4259774069732134,-5.868577206438926e-05,-0.057605879185823924
2026-08-10,2026-08-11,2026-08-12,VRNS,1,42.36000061035156,41.83000183105469,-0.012511774590658442,3,0.9690860215053764,0.026118871078574097,1.0,0.7835661323572229,0.5124525644107668,0.9171716320951679,-0.00032679342749758705,-0.3207800126151961
2026-08-10,2026-08-11,2026-08-12,FRO,1,38.29999923706055,38.25,-0.0013054631346354206,3,0.9663072776280324,0.027892156434346897,1.0,0.8367646930304069,0.47987262997160635,0.4720410102564267,-3.641218197052401e-05,-0.035742151490907065
2026-08-10,2026-08-11,2026-08-12,HAL,1,33.689998626708984,33.59000015258789,-0.002968194663024337,2,0.9737550471063257,0.03333333333333333,1.0,1.0,0.33048842757332897,0.29312642221433877,-9.893982210081124e-05,-0.09711920348177086
2026-08-10,2026-08-11,2026-08-12,VTRS,1,16.138958090825778,16.03970208892439,-0.006150087344102495,1,0.9865229110512129,0.03333333333333333,1.0,1.0,0.32235337131321895,0.7005310433468568,-0.00020500291147008317,-0.20123059705051985
2026-08-10,2026-08-11,2026-08-12,DVA,1,183.17999267578125,178.0,-0.0282781574565818,1,0.9932614555256065,0.030761265005673024,1.0,0.9228379501701908,0.4351148257804447,0.026560925608708593,-0.0008698718953940613,-0.8538651456818908
2026-08-10,2026-08-11,2026-08-12,EXEL,1,52.869998931884766,51.0,-0.03536975543150633,0,0.9797843665768193,0.03333333333333333,1.0,1.0,0.3640770119856537,0.6169902287412699,-0.0011789918477168777,-1.1572968975535038
2026-08-10,2026-08-11,2026-08-12,CYTK,1,78.6500015258789,76.70999908447266,-0.02466627341091554,0,0.97911051212938,0.03333333333333333,1.0,1.0,0.38187616035907446,0.730063167320623,-0.0008222091136971847,-0.8070794198150132
2026-08-10,2026-08-11,2026-08-12,NE,1,43.84000015258789,44.06999969482422,0.005246339905013775,0,0.9784366576819407,0.030891544710397525,1.0,0.9267463413119258,0.4332798048530241,0.4650483454266158,0.00016206754374167574,0.15908529471986538
2026-08-10,2026-08-11,2026-08-12,GMED,1,85.8499984741211,84.27999877929688,-0.018287707894339533,0,0.9683288409703504,0.030601880052906153,1.0,0.9180564015871846,0.4373810511180803,0.8475454291904364,-0.0005596382434251634,-0.5493401876547704
2026-08-11,2026-08-12,2026-08-13,MRNA,1,60.58000183105469,63.79999923706055,0.05315281130208249,39,0.9802371541501976,0.01762003841022891,1.0,0.5286011523068673,0.7570757969271584,1.6175818009372074,0.0009365545767543429,0.9132870089722241
2026-08-11,2026-08-12,2026-08-13,BBIO,1,83.47000122070312,84.7699966430664,0.015574402819594546,39,0.9703557312252964,0.029477009880147023,1.0,0.8843102964044107,0.4525460579465213,1.1693151177078214,0.0004590868257905781,0.44768136784708246
2026-08-11,2026-08-12,2026-08-13,AGX,1,602.3200073242188,569.0999755859375,-0.05515345884965672,26,0.9748010610079576,0.01720070199107619,1.0,0.5160210597322856,0.7755325700213807,1.9114043324307293,-0.000948678209450029,-0.9251094446501241
2026-08-11,2026-08-12,2026-08-13,UTHR,1,510.4400024414063,515.6199951171875,0.010148093117713364,18,0.9959785522788204,0.03333333333333333,1.0,1.0,0.19337784250229656,0.11385751410119059,0.00033826977059044544,0.3298658665241911
2026-08-11,2026-08-12,2026-08-13,ZIM,1,24.649999618530277,26.420000076293945,0.07180529351542453,7,0.9979892761394102,0.03333333333333333,1.0,1.0,0.38127632764085645,0.9008209427683939,0.002393509783847484,2.33404592288827
2026-08-11,2026-08-12,2026-08-13,AEO,1,17.229999542236328,16.389999389648438,-0.048752186587630364,6,0.9824797843665768,0.02548594129504297,1.0,0.7645782388512892,0.5234142410861542,1.472030540395319,-0.0012424953653773288,-1.2116270680560202
2026-08-11,2026-08-12,2026-08-13,TRP,1,63.52999877929688,63.56999969482422,0.0006296382228228037,6,0.9804582210242587,0.03333333333333333,1.0,1.0,0.20359262065616412,-0.013852013289345502,2.0987940760760123e-05,0.02046652071073973
2026-08-11,2026-08-12,2026-08-13,SLAB,1,218.32000732421875,219.1499938964844,0.0038016972536698557,6,0.9642857142857143,0.03333333333333333,1.0,1.0,0.04314365337656407,0.7035521242307577,0.00012672324178899518,0.12357495583633503
2026-08-11,2026-08-12,2026-08-13,ICLR,1,165.27000427246094,167.69000244140625,0.014642694417528634,5,0.9939678284182305,0.02387631310098617,1.0,0.7162893930295852,0.5587003556575165,1.3428067708760385,0.000349613556554976,0.3409278298214829
2026-08-11,2026-08-12,2026-08-13,TEVA,1,36.79999923706055,36.900001525878906,0.0027174535568372793,5,0.9737196765498652,0.03333333333333333,1.0,1.0,0.387167803396539,0.62772795255779,9.058178522790931e-05,0.08833139013089349
2026-08-11,2026-08-12,2026-08-13,FTI,1,75.42271862855108,74.60323240989092,-0.010865243703240712,5,0.9912516823687753,0.03333333333333333,1.0,1.0,0.3753713159759335,0.3754866345197053,-0.00036217479010802376,-0.3531769946917472
2026-08-11,2026-08-12,2026-08-13,EXPE,1,319.6691773261079,325.18122769998166,0.0172429835743928,5,0.9717741935483871,0.031763676305215024,1.0,0.9529102891564508,0.4199672762412912,1.10584894654581,0.0005477005487931524,0.5340935898826404
2026-08-11,2026-08-12,2026-08-13,HUM,1,371.9800109863281,390.2699890136719,0.04916924965631009,4,0.9785522788203753,0.032746252261020264,1.0,0.9823875678306079,0.40736584189788977,0.5304767362395137,0.001610108652730614,1.570107447094723
2026-08-11,2026-08-12,2026-08-13,DAR,1,62.369998931884766,63.13999938964844,0.012345686563256075,4,0.9711021505376345,0.03333333333333333,1.0,1.0,0.331726144140713,0.42474883935003865,0.0004115228854418692,0.40129909617366155
2026-08-11,2026-08-12,2026-08-13,VRNS,1,41.83000183105469,42.20000076293945,0.008845300398961031,4,0.9690860215053764,0.02585906014451485,1.0,0.7757718043354456,0.5158619279572222,0.9164793093194322,0.00022873115501303453,0.22304860560775405
2026-08-11,2026-08-12,2026-08-13,FRO,1,38.25,39.79999923706055,0.040522855870863905,4,0.9819034852546917,0.027824263205968255,1.0,0.8347278961790476,0.4794270569741395,0.475076370087436,0.0011275186076084333,1.099506769025522
2026-08-11,2026-08-12,2026-08-13,HAL,1,33.59000015258789,32.88999938964844,-0.020839558194688523,3,0.9737550471063257,0.03333333333333333,1.0,1.0,0.3477631654089607,0.2875206104582711,-0.0006946519398229508,-0.6773941510127955
2026-08-11,2026-08-12,2026-08-13,VTRS,1,16.03970208892439,16.15881025823108,0.007425834260907926,2,0.9617962466487935,0.03333333333333333,1.0,1.0,0.32189927811042507,0.708757456771858,0.00024752780869693086,0.24137827912357226
2026-08-11,2026-08-12,2026-08-13,DVA,1,178.0,182.8800048828125,0.027415757768609605,2,0.9926273458445041,0.030712951794817568,1.0,0.921388553844527,0.4343348275486209,0.026436895180485788,0.0008420188467657021,0.8210999050646876
2026-08-11,2026-08-12,2026-08-13,EXEL,1,51.0,50.540000915527344,-0.00901958989162066,1,0.9797843665768193,0.03333333333333333,1.0,1.0,0.35802090691910443,0.6175716261757435,-0.0003006529963873554,-0.2931836356624493
2026-08-11,2026-08-12,2026-08-13,CYTK,1,76.70999908447266,76.80000305175781,0.001173301634198154,1,0.9832439678284182,0.03333333333333333,1.0,1.0,0.37585531734217786,0.729657347822417,3.9110054473271796e-05,0.038138412386408235
2026-08-11,2026-08-12,2026-08-13,NE,1,44.06999969482422,44.16999816894531,0.0022690827050955154,1,0.9784366576819407,0.029647835767476198,1.0,0.8894350730242859,0.44993856300111146,0.45684227786765885,6.727339138349246e-05,0.06560206519193941
2026-08-11,2026-08-12,2026-08-13,GMED,1,84.27999877929688,85.83999633789062,0.018509700773476467,1,0.9683288409703504,0.032301846879859174,1.0,0.9690554063957753,0.4129703379167697,0.8467100337955832,0.0005978975201768478,0.5830434781137716
2026-08-11,2026-08-12,2026-08-13,CZR,1,29.6200008392334,29.670000076293945,0.00168802281039504,0,0.9839142091152815,0.03333333333333333,1.0,1.0,0.24048231099858045,0.7787283257177002,5.6267427013168005e-05,0.05486953071918864
2026-08-12,2026-08-13,2026-08-14,AGX,1,569.0999755859375,557.1199951171875,-0.021050748519916174,27,0.9748010610079576,0.01705355405066516,1.0,0.5116066215199548,0.7754610035825144,1.912217328384496,-0.0003589900776913501,-0.35249005214287527
2026-08-12,2026-08-13,2026-08-14,UTHR,1,515.6199951171875,498.9100036621094,-0.03240757071742406,19,0.9939678284182305,0.03333333333333333,1.0,1.0,0.19908276503122324,0.11945257210568412,-0.0010802523572474687,-1.0606928530793736
2026-08-12,2026-08-13,2026-08-14,ZIM,1,26.420000076293945,27.25,0.03141559126832827,8,0.9986595174262735,0.03333333333333333,1.0,1.0,0.3848182607146504,0.922271702105657,0.0010471863756109424,1.0282255780333054
2026-08-12,2026-08-13,2026-08-14,AEO,1,16.389999389648438,16.299999237060547,-0.0054911626564631,7,0.9824797843665768,0.02568136090455484,1.0,0.7704408271366452,0.5149402396518632,1.494664296043924,-0.00014102052996624296,-0.1384671528547225
2026-08-12,2026-08-13,2026-08-14,TRP,1,63.56999969482422,63.27000045776367,-0.0047191951942855415,7,0.9804582210242587,0.03333333333333333,1.0,1.0,0.2024285024722505,-0.011380581525378538,-0.0001573065064761847,-0.15445824861454086
2026-08-12,2026-08-13,2026-08-14,SLAB,1,219.1499938964844,218.2100067138672,-0.004289241199163407,7,0.9642857142857143,0.03333333333333333,1.0,1.0,0.04330961782015846,0.7024665247091086,-0.00014297470663878024,-0.14038594638135388
2026-08-12,2026-08-13,2026-08-14,ICLR,1,167.69000244140625,166.64999389648438,-0.006201971076273738,6,0.9919571045576407,0.024052304490459996,1.0,0.7215691347137999,0.5498170100092785,1.3453238664282188,-0.00014917169676756183,-0.1464707311967748
2026-08-12,2026-08-13,2026-08-14,TEVA,1,36.900001525878906,36.2599983215332,-0.017344259563156217,6,0.9737196765498652,0.03333333333333333,1.0,1.0,0.38754789330240086,0.626880728547325,-0.0005781419854385406,-0.5676739031445573
2026-08-12,2026-08-13,2026-08-14,FTI,1,74.60323240989092,76.90178916877343,0.030810417787979993,6,0.9912516823687753,0.03333333333333333,1.0,1.0,0.3756434887748012,0.37645828629900296,0.0010270139262659997,1.0084183795525665
2026-08-12,2026-08-13,2026-08-14,EXPE,1,325.18122769998166,328.5363948179236,0.010317837661396378,6,0.9717741935483871,0.03206892479778239,1.0,0.9620677439334716,0.4123732311627717,1.0869007363700542,0.0003308819600390474,0.32489087190754645
2026-08-12,2026-08-13,2026-08-14,HUM,1,390.2699890136719,384.0,-0.016065772901262543,5,0.9785522788203753,0.031902340388365605,1.0,0.9570702116509681,0.41452651992893363,0.523683819517654,-0.0005125357556982577,-0.5032555674324142
2026-08-12,2026-08-13,2026-08-14,DAR,1,63.13999938964844,66.3499984741211,0.05083939048942909,5,0.9711021505376345,0.03333333333333333,1.0,1.0,0.3313135980844782,0.43031171994789735,0.0016946463496476363,1.6639623690786527
2026-08-12,2026-08-13,2026-08-14,VRNS,1,42.20000076293945,45.81999969482422,0.08578196365967594,5,0.9752010723860589,0.025720922117428758,1.0,0.7716276635228627,0.5141482128207407,0.9325514991123726,0.0022063912063706287,2.166441357885764
2026-08-12,2026-08-13,2026-08-14,FRO,1,39.79999923706055,40.7400016784668,0.023618152246871027,5,0.9731903485254692,0.02787286556872539,1.0,0.8361859670617617,0.4744530520613493,0.49684630723275663,0.0006583055825587256,0.6463860244114548
2026-08-12,2026-08-13,2026-08-14,HAL,1,32.88999938964844,33.04999923706055,0.004864695967810473,4,0.9737550471063257,0.03333333333333333,1.0,1.0,0.34703786796187314,0.28799240976518364,0.0001621565322603491,0.1592204577890915
2026-08-12,2026-08-13,2026-08-14,VTRS,1,16.15881025823108,15.781637106659442,-0.02334164121888327,3,0.9832439678284182,0.03333333333333333,1.0,1.0,0.32065528724501474,0.6978032689593869,-0.000778054707296109,-0.7639669210596214
2026-08-12,2026-08-13,2026-08-14,DVA,1,182.8800048828125,179.0,-0.021216124120834068,3,0.9906166219839142,0.030194736276003033,1.0,0.9058420882800909,0.4379692545712808,0.02883710579979071,-0.0006406152726275314,-0.6290160226827956
2026-08-12,2026-08-13,2026-08-14,EXEL,1,50.540000915527344,50.31999969482422,-0.004353011806842555,2,0.9797843665768193,0.03333333333333333,1.0,1.0,0.3584195011138865,0.6236643875144271,-0.00014510039356141848,-0.14247314472126008
2026-08-12,2026-08-13,2026-08-14,CYTK,1,76.80000305175781,72.69999694824219,-0.05338549401817738,2,0.9832439678284182,0.03333333333333333,1.0,1.0,0.3716592696987428,0.7505991308421364,-0.0017795164672725794,-1.747295792607726
2026-08-12,2026-08-13,2026-08-14,NE,1,44.16999816894531,44.540000915527344,0.00837678881413595,2,0.967828418230563,0.029341641037646582,1.0,0.8802492311293975,0.4507030169788401,0.45113462130780196,0.0002457887304325502,0.24133837615642903
2026-08-12,2026-08-13,2026-08-14,GMED,1,85.83999633789062,84.73999786376953,-0.012814521447451876,2,0.9683288409703504,0.03207958801456173,1.0,0.962387640436852,0.4122361587927683,0.8168279550450436,-0.00041108456863802147,-0.40364129829496687
2026-08-12,2026-08-13,2026-08-14,CZR,1,29.670000076293945,29.790000915527344,0.004044517658403413,1,0.9919571045576407,0.03333333333333333,1.0,1.0,0.24074402390491081,0.7855745286415894,0.00013481725528011375,0.13237619727279626
2026-08-12,2026-08-13,2026-08-14,ELV,1,400.7999877929688,398.3900146484375,-0.0060129072303668485,0,0.9832439678284182,0.03333333333333333,1.0,1.0,0.37292175240254144,0.29698500739226685,-0.00020043024101222827,-0.1968011666499375
2026-08-13,2026-08-14,2026-08-17,AGX,1,557.1199951171875,587.3699951171875,0.054297099844059726,28,0.9748010610079576,0.017006020010502207,1.0,0.5101806003150662,0.7756876776095475,1.9025488371263577,0.000923377566460316,0.9069595072888657
2026-08-13,2026-08-14,2026-08-17,UTHR,1,498.9100036621094,502.2900085449219,0.006774778733644293,20,0.9912868632707774,0.03333333333333333,1.0,1.0,0.19415146084664495,0.11745504197810033,0.0002258259577881431,0.22181067295549547
2026-08-13,2026-08-14,2026-08-17,ZIM,1,27.25,28.82999992370605,0.057981648576368894,9,0.9959785522788204,0.03333333333333333,1.0,1.0,0.38599425562672424,0.9505531351886154,0.0019327216192122963,1.8983569789408106
2026-08-13,2026-08-14,2026-08-17,AEO,1,16.299999237060547,16.010000228881836,-0.017791351027756752,8,0.9824797843665768,0.024806505820881793,1.0,0.7441951746264538,0.5317701841032216,1.4899723632209934,-0.00044134125283139914,-0.43349401128364884
2026-08-13,2026-08-14,2026-08-17,TRP,1,63.27000045776367,64.81999969482422,0.024498170157202015,8,0.9804582210242587,0.03333333333333333,1.0,1.0,0.20088052332744125,-0.009645775053954767,0.0008166056719067338,0.8020860639715945
2026-08-13,2026-08-14,2026-08-17,SLAB,1,218.2100067138672,218.67999267578125,0.0021538240568881317,8,0.9752010723860589,0.03333333333333333,1.0,1.0,0.042891243839668275,0.7010710821352693,7.17941352296044e-05,0.07051760393495612
2026-08-13,2026-08-14,2026-08-17,ICLR,1,166.64999389648438,161.33999633789062,-0.031863172835710274,7,0.9738605898123325,0.02405038310160072,1.0,0.7215114930480215,0.548488567171721,1.347770884860318,-0.0007663215135313494,-0.7526959800437392
2026-08-13,2026-08-14,2026-08-17,TEVA,1,36.2599983215332,36.52999877929688,0.007446234701101506,7,0.9737196765498652,0.03333333333333333,1.0,1.0,0.3877576276331145,0.6273692663859085,0.0002482078233700502,0.24379457912530658
2026-08-13,2026-08-14,2026-08-17,FTI,1,76.90178916877343,78.67068108017156,0.023001960429243073,7,0.9912516823687753,0.03333333333333333,1.0,1.0,0.37147620064174475,0.3757190266565259,0.0007667320143081024,0.7530991819361708
2026-08-13,2026-08-14,2026-08-17,EXPE,1,328.5363948179236,330.02422932814954,0.004528674855187598,7,0.9717741935483871,0.03198154244082099,1.0,0.9594462732246297,0.41246791619689366,1.0856665040061895,0.00014483400708186102,0.14225879474762196
2026-08-13,2026-08-14,2026-08-17,HUM,1,384.0,386.5199890136719,0.006562471389770508,6,0.9785522788203753,0.03332714077630131,1.0,0.9998142232890393,0.39581433810572286,0.5276626528295698,0.00021870840784733145,0.21481967618245457
2026-08-13,2026-08-14,2026-08-17,DAR,1,66.3499984741211,66.66000366210938,0.0046722712150353285,6,0.9711021505376345,0.03333333333333333,1.0,1.0,0.3329130955667334,0.4263367859566654,0.00015574237383451096,0.1529732059426386
2026-08-13,2026-08-14,2026-08-17,VRNS,1,45.81999969482422,44.09000015258789,-0.03775642849757044,6,0.9752010723860589,0.025663555443185392,1.0,0.7699066632955618,0.5140114040913507,0.9375407806038524,-0.0009689641960840639,-0.9517355865919481
2026-08-13,2026-08-14,2026-08-17,FRO,1,40.7400016784668,41.959999084472656,0.02994593411248414,6,0.9731903485254692,0.027498783130923462,1.0,0.8249634939277039,0.4797070512001583,0.4939688787015947,0.0008234767478121244,0.808834969125947
2026-08-13,2026-08-14,2026-08-17,HAL,1,33.04999923706055,34.5,0.04387294391563845,5,0.9737550471063257,0.03333333333333333,1.0,1.0,0.3390360360428497,0.28266120504311537,0.001462431463854615,1.4364287893475907
2026-08-13,2026-08-14,2026-08-17,VTRS,1,15.781637106659442,16.0000005979461,0.013836555093166947,4,0.9832439678284182,0.03333333333333333,1.0,1.0,0.31984364980051583,0.6991025084672244,0.00046121850310556486,0.45301783530725276
2026-08-13,2026-08-14,2026-08-17,DVA,1,179.0,177.97000122070312,-0.00575418312456355,4,0.9886058981233243,0.030032776185778275,1.0,0.9009832855733483,0.43923212711765847,0.02958197313189384,-0.0001728140939119994,-0.16974138333014696
2026-08-13,2026-08-14,2026-08-17,EXEL,1,50.31999969482422,51.25,0.01848172318791641,3,0.9797843665768193,0.03333333333333333,1.0,1.0,0.36031332221648465,0.6201768249359942,0.0006160574395972137,0.6051036674202568
2026-08-13,2026-08-14,2026-08-17,CYTK,1,72.69999694824219,73.9000015258789,0.01650625348018986,3,0.9839142091152815,0.03333333333333333,1.0,1.0,0.372295974150967,0.7442757920837006,0.000550208449339662,0.5404255011654725
2026-08-13,2026-08-14,2026-08-17,NE,1,44.540000915527344,45.20000076293945,0.014818137266405573,3,0.967828418230563,0.029266292829269673,1.0,0.8779887848780902,0.45073560372959387,0.44620799453656323,0.00043367194442293916,0.42596106655114097
2026-08-13,2026-08-14,2026-08-17,GMED,1,84.73999786376953,85.05000305175781,0.003658310075563831,3,0.9683288409703504,0.03202632849765656,1.0,0.9607898549296968,0.4118911154081615,0.8194670289746435,0.00011716224022629404,0.11507904407494197
2026-08-13,2026-08-14,2026-08-17,CZR,1,29.790000915527344,29.700000762939453,-0.0030211530655234187,2,0.9993297587131367,0.03333333333333333,1.0,1.0,0.16563929266599345,0.78480514438624,-0.00010070510218411396,-0.09891452118390207
2026-08-13,2026-08-14,2026-08-17,ELV,1,398.3900146484375,396.8200073242188,-0.003940880209068909,1,0.9684986595174263,0.03333333333333333,1.0,1.0,0.37073083778994903,0.29707652825739383,-0.0001313626736356303,-0.12902698753385797
2026-08-13,2026-08-14,2026-08-17,BNTX,1,91.7300033569336,93.22000122070312,0.016243298912480775,0,0.9611260053619303,0.03333333333333333,1.0,1.0,0.28123843222992506,0.854358214548729,0.0005414432970826925,0.5318161971699604
2026-08-14,2026-08-17,2026-08-18,AGX,1,587.3699951171875,568.5599975585938,-0.03202410357178853,29,0.9748010610079576,0.017230976654934362,1.0,0.5169292996480309,0.767550345364693,1.87294679727721,-0.0005518065810406883,-0.546274474224886
2026-08-14,2026-08-17,2026-08-18,UTHR,1,502.2900085449219,510.4200134277344,0.016185878167005896,21,0.9959785522788204,0.03333333333333333,1.0,1.0,0.19760748276879414,0.10885907759616013,0.0005395292722335298,0.534120250908306
2026-08-14,2026-08-17,2026-08-18,ZIM,1,28.82999992370605,29.125,0.010232399482296817,10,0.9993297587131367,0.032654081972246125,1.0,0.9796224591673838,0.40502262760615293,0.9932201357501607,0.00033412961146768905,0.33077981325130007
2026-08-14,2026-08-17,2026-08-18,AEO,1,16.010000228881836,16.549999237060547,0.03372885699305361,9,0.9824797843665768,0.024919418101542034,1.0,0.747582543046261,0.5307363931442453,1.4990067608444722,0.0008405034894970228,0.8320770675536983
2026-08-14,2026-08-17,2026-08-18,TRP,1,64.81999969482422,64.31999969482422,-0.007713668657112427,9,0.9718498659517426,0.03333333333333333,1.0,1.0,0.1998781695502737,-0.013652326094792673,-0.00025712228857041424,-0.25454452307437314
2026-08-14,2026-08-17,2026-08-18,SLAB,1,218.67999267578125,218.92999267578125,0.0011432230124988063,9,0.9752010723860589,0.03333333333333333,1.0,1.0,0.04308325973227258,0.6742389521036501,3.810743374996021e-05,0.03772538974899287
2026-08-14,2026-08-17,2026-08-18,ICLR,1,161.33999633789062,170.0,0.053675491872287706,8,0.9926273458445041,0.024421332574918995,1.0,0.7326399772475698,0.5415610324249354,1.3183932945320702,0.0013108270381354994,1.2976854130785256
2026-08-14,2026-08-17,2026-08-18,TEVA,1,36.52999877929688,36.470001220703125,-0.001642418850223426,8,0.9737196765498652,0.03333333333333333,1.0,1.0,0.38725966125405026,0.621580667125113,-5.474729500744754e-05,-0.05419842898398286
2026-08-14,2026-08-17,2026-08-18,FTI,1,78.67068108017156,79.62000274658203,0.012067032512951492,8,0.9912516823687753,0.03333333333333333,1.0,1.0,0.3728438026053861,0.382197446607541,0.0004022344170983831,0.3982018378634932
2026-08-14,2026-08-17,2026-08-18,EXPE,1,330.02422932814954,316.3140056190395,-0.04154308226708314,8,0.9717741935483871,0.0322944621315086,1.0,0.968833863945258,0.40953281799860136,1.0604308812849976,-0.001341611497100463,-1.328161244127273
2026-08-14,2026-08-17,2026-08-18,HUM,1,386.5199890136719,384.0,-0.006519686136032488,7,0.9785522788203753,0.03333333333333333,1.0,1.0,0.39289145954202226,0.507695764475982,-0.00021732287120108292,-0.2151441125956059
2026-08-14,2026-08-17,2026-08-18,DAR,1,66.66000366210938,67.51000213623047,0.0127512515365229,7,0.9711021505376345,0.03333333333333333,1.0,1.0,0.33834556078138833,0.41505599687455885,0.0004250417178840967,0.42078048529772133
2026-08-14,2026-08-17,2026-08-18,VRNS,1,44.09000015258789,43.18000030517578,-0.020639597284253908,7,0.9752010723860589,0.024661758062455113,1.0,0.7398527418736534,0.5362813976591742,0.948741934033036,-0.0005090087547307754,-0.5039057151910176
2026-08-14,2026-08-17,2026-08-18,FRO,1,41.959999084472656,42.459999084472656,0.011916110841504457,7,0.9731903485254692,0.027784513776493446,1.0,0.8335354132948034,0.47600768503118934,0.5022850099454356,0.0003310833458380035,0.3277640877917244
2026-08-14,2026-08-17,2026-08-18,HAL,1,34.5,35.0,0.01449275362318847,6,0.9737550471063257,0.03333333333333333,1.0,1.0,0.3386482133483692,0.26536742854741036,0.0004830917874396157,0.4782485770434791
2026-08-14,2026-08-17,2026-08-18,VTRS,1,16.0000005979461,16.238215365242088,0.014888422399594425,5,0.9832439678284182,0.03333333333333333,1.0,1.0,0.3188840380041191,0.6849050371851025,0.0004962807466531475,0.4913053110649501
2026-08-14,2026-08-17,2026-08-18,DVA,1,177.97000122070312,178.1300048828125,0.0008990484970046175,5,0.9886058981233243,0.030106012042781415,1.0,0.9031803612834425,0.4393023580696061,0.011194041469294444,2.7066764877865548e-05,0.026795408501179785
2026-08-14,2026-08-17,2026-08-18,EXEL,1,51.25,52.31999969482422,0.020878042825838383,4,0.9797843665768193,0.03333333333333333,1.0,1.0,0.35273599723755467,0.6157792988436807,0.0006959347608612794,0.6889577048307886
2026-08-14,2026-08-17,2026-08-18,CYTK,1,73.9000015258789,75.56999969482422,0.022598080303970036,4,0.9832439678284182,0.03333333333333333,1.0,1.0,0.3711786709611789,0.7174791807763873,0.0007532693434656679,0.7457174827008647
2026-08-14,2026-08-17,2026-08-18,NE,1,45.20000076293945,45.52999877929688,0.007300840946622422,4,0.967828418230563,0.029330032730106235,1.0,0.879900981903187,0.4509249002265921,0.4332721038914808,0.00021413390392173543,0.21198711613398258
2026-08-14,2026-08-17,2026-08-18,GMED,1,85.05000305175781,85.01000213623047,-0.0004703223291244729,4,0.9683288409703504,0.0321451197103435,1.0,0.9643535913103051,0.41143545899473355,0.7993969825276821,-1.5118567572153757e-05,-0.01496699719661865
2026-08-14,2026-08-17,2026-08-18,CZR,1,29.700000762939453,29.68000030517578,-0.0006734160690200497,3,0.977882037533512,0.03333333333333333,1.0,1.0,0.12786585261851618,0.7723017901819774,-2.2447202300668324e-05,-0.022222159096926496
2026-08-14,2026-08-17,2026-08-18,ELV,1,396.8200073242188,394.4599914550781,-0.005947320764027042,2,0.9684986595174263,0.03333333333333333,1.0,1.0,0.3694184610846651,0.29414364173728696,-0.00019824402546756806,-0.19625654079057694
2026-08-14,2026-08-17,2026-08-18,BNTX,1,93.22000122070312,91.48999786376952,-0.018558285070579772,1,0.9611260053619303,0.03333333333333333,1.0,1.0,0.2798653761254573,0.8452912181947249,-0.000618609502352659,-0.6124076664886665
2026-08-14,2026-08-17,2026-08-18,XEL,1,78.77999877929688,80.0999984741211,0.016755518091872812,0,0.9892761394101877,0.03333333333333333,1.0,1.0,0.20556291566388823,-0.006922932937437076,0.0005585172697290937,0.552917885269444
2026-08-14,2026-08-17,2026-08-18,UNH,1,398.5700073242188,397.4299926757813,-0.002860262005390024,0,0.9886058981233243,0.03333333333333333,1.0,1.0,0.2558299855857964,0.41840053522400483,-9.534206684633413e-05,-0.09438622014940175
2026-08-17,2026-08-18,2026-08-19,AGX,1,568.5599975585938,554.0,-0.025608550761774707,30,0.9748010610079576,0.017228008054803887,1.0,0.5168402416441166,0.768547468722886,1.8747815716007015,-0.00044118431879570886,-0.4382906578758692
2026-08-17,2026-08-18,2026-08-19,UTHR,1,510.4200134277344,525.469970703125,0.029485437246714374,22,0.9959785522788204,0.03333333333333333,1.0,1.0,0.19742745104243734,0.1057638279335333,0.0009828479082238124,0.976401558113417
2026-08-17,2026-08-18,2026-08-19,ZIM,1,29.125,26.799999237060547,-0.0798283523756036,11,1.0,0.031808018198050896,1.0,0.954240545941527,0.41626428591732756,0.9848969902183554,-0.0025391816850836185,-2.522527578177563
2026-08-17,2026-08-18,2026-08-19,AEO,1,16.549999237060547,16.6200008392334,0.004229704253768007,10,0.9824797843665768,0.024938030896547194,1.0,0.7481409268964159,0.5309377487173713,1.4884401687935942,0.00010548049536372366,0.10478866481980836
2026-08-17,2026-08-18,2026-08-19,TRP,1,64.31999969482422,64.18000030517578,-0.002176607436453426,10,0.977882037533512,0.03333333333333333,1.0,1.0,0.19918173355750005,-0.018680589761016678,-7.25535812151142e-05,-0.07207771329866225
2026-08-17,2026-08-18,2026-08-19,SLAB,1,218.92999267578125,219.3999938964844,0.0021468105624029565,10,0.9752010723860589,0.03333333333333333,1.0,1.0,0.042975346804771816,0.6703414069045309,7.156035208009855e-05,0.07109099860264635
2026-08-17,2026-08-18,2026-08-19,ICLR,1,170.0,170.10000610351562,0.0005882711971507693,9,0.9926273458445041,0.024290477613270137,1.0,0.7287143283981041,0.5450918747856803,1.3162329354137656,1.4289388344922383e-05,0.014195666417690286
2026-08-17,2026-08-18,2026-08-19,TEVA,1,36.470001220703125,37.0,0.014532458501701706,9,0.9737196765498652,0.03333333333333333,1.0,1.0,0.3837314446603402,0.6156489170753137,0.00048441528339005684,0.4812380771413281
2026-08-17,2026-08-18,2026-08-19,FTI,1,79.62000274658203,79.37999725341797,-0.003014386898829491,9,0.9912516823687753,0.03333333333333333,1.0,1.0,0.37591756822291356,0.37940393004607015,-0.00010047956329431635,-0.09982053310407527
2026-08-17,2026-08-18,2026-08-19,EXPE,1,316.3140056190395,323.66341986182596,0.023234552097695982,9,0.9717741935483871,0.03234517515904355,1.0,0.9703552547713067,0.40935137672163835,1.053781594244804,0.0007515256573418993,0.7465965147312934
2026-08-17,2026-08-18,2026-08-19,HUM,1,384.0,385.0,0.0026041666666667407,8,0.9785522788203753,0.03333333333333333,1.0,1.0,0.39182461653994466,0.5023824782200637,8.680555555555803e-05,0.0862362111046452
2026-08-17,2026-08-18,2026-08-19,DAR,1,67.51000213623047,68.3499984741211,0.0124425464569764,8,0.9711021505376345,0.03333333333333333,1.0,1.0,0.3401093843037873,0.40780197972352245,0.00041475154856588,0.41203125617016634
2026-08-17,2026-08-18,2026-08-19,VRNS,1,43.18000030517578,43.630001068115234,0.010421509026379283,8,0.9752010723860589,0.024564521378311634,1.0,0.7369356413493491,0.539010786236905,0.9483538815970072,0.00025599938127276154,0.25432032022382356
2026-08-17,2026-08-18,2026-08-19,FRO,1,42.459999084472656,44.900001525878906,0.05746590895002024,8,0.9731903485254692,0.027772858772756776,1.0,0.8331857631827033,0.47674393514883884,0.49838785326286505,0.0015959925735170117,1.5855247006992588
2026-08-17,2026-08-18,2026-08-19,HAL,1,35.0,35.11000061035156,0.0031428745814732206,7,0.9737550471063257,0.03333333333333333,1.0,1.0,0.35343664907902766,0.25609347420107315,0.00010476248604910736,0.10407536481920271
2026-08-17,2026-08-18,2026-08-19,VTRS,1,16.238215365242088,16.29776670076356,0.0036673571683834005,6,0.9832439678284182,0.03333333333333333,1.0,1.0,0.31973490750388295,0.678973549324217,0.00012224523894611335,0.12144345099603295
2026-08-17,2026-08-18,2026-08-19,DVA,1,178.1300048828125,178.77000427246094,0.003592878078398254,6,0.9805630026809651,0.030361676970675378,1.0,0.9108503091202613,0.43609389542103705,0.007723420468019432,0.00010908580361134867,0.10837032639837539
2026-08-17,2026-08-18,2026-08-19,EXEL,1,52.31999969482422,53.459999084472656,0.0217889792870396,5,0.9797843665768193,0.03333333333333333,1.0,1.0,0.3535188847752891,0.6118113632432078,0.0007262993095679867,0.7215356227399048
2026-08-17,2026-08-18,2026-08-19,CYTK,1,75.56999969482422,77.2300033569336,0.021966437327153532,5,0.9872654155495979,0.03333333333333333,1.0,1.0,0.3697339439906307,0.7051282414548433,0.0007322145775717844,0.7274120933995455
2026-08-17,2026-08-18,2026-08-19,NE,1,45.52999877929688,45.720001220703125,0.004173126433129504,5,0.967828418230563,0.029453094384370448,1.0,0.8835928315311135,0.4495467202482884,0.42758132173119234,0.00012291148671287447,0.1221053289449119
2026-08-17,2026-08-18,2026-08-19,GMED,1,85.01000213623047,87.33000183105469,0.02729090267644474,5,0.9683288409703504,0.032326544211030296,1.0,0.9697963263309088,0.4095873006165363,0.7976225469730742,0.0008822205719290159,0.8764342212295214
2026-08-17,2026-08-18,2026-08-19,CZR,1,29.68000030517578,29.670000076293945,-0.00033693493190745105,4,0.977882037533512,0.03333333333333333,1.0,1.0,0.12549393751956348,0.7650126944131727,-1.1231164396915035e-05,-0.011157500895935762
2026-08-17,2026-08-18,2026-08-19,ELV,1,394.4599914550781,398.4400024414063,0.010089771009847537,3,0.9684986595174263,0.03333333333333333,1.0,1.0,0.36922353375122097,0.2926712504475657,0.00033632570032825123,0.3341197911562432
2026-08-17,2026-08-18,2026-08-19,BNTX,1,91.48999786376952,109.29000091552734,0.19455682006094688,2,0.9611260053619303,0.03333333333333333,1.0,1.0,0.2805749856743268,0.8407529117029489,0.006485227335364896,6.4426917145435425
2026-08-17,2026-08-18,2026-08-19,XEL,1,80.0999984741211,79.5999984741211,-0.006242197372344993,1,0.9892761394101877,0.03333333333333333,1.0,1.0,0.20559741319112465,-0.008330948697636679,-0.0002080732457448331,-0.2067085249376214
2026-08-17,2026-08-18,2026-08-19,UNH,1,397.4299926757813,394.5700073242188,-0.0071961990898247175,1,0.9886058981233243,0.03333333333333333,1.0,1.0,0.25593114232580133,0.411666352928153,-0.00023987330299415726,-0.23830001044268637
2026-08-18,2026-08-19,2026-08-20,AGX,1,554.0,524.0,-0.054151624548736454,31,0.9748010610079576,0.017050500161449166,1.0,0.511515004843475,0.7684155308716578,1.8654123356294936,-0.0009233122831109656,-0.9271374562925732
2026-08-18,2026-08-19,2026-08-20,UTHR,1,525.469970703125,524.1500244140625,-0.0025119347682157622,23,0.9959785522788204,0.03333333333333333,1.0,1.0,0.2001449389386454,0.1006718763776946,-8.37311589405254e-05,-0.08407804719220668
2026-08-18,2026-08-19,2026-08-20,ZIM,1,26.799999237060547,27.450000762939453,0.024253788969517798,12,0.9932975871313673,0.0313154142885986,1.0,0.9394624286579581,0.4183840268706715,0.9747218838077785,0.0007595174496486929,0.7626640402795141
2026-08-18,2026-08-19,2026-08-20,AEO,1,16.6200008392334,16.43000030517578,-0.01143204118312069,11,0.9824797843665768,0.02471070237369978,1.0,0.7413210712109934,0.5302103086770976,1.4796476612994418,-0.00028249376719997405,-0.2836641053423669
2026-08-18,2026-08-19,2026-08-20,TRP,1,64.18000030517578,62.83000183105469,-0.02103456634001022,11,0.977882037533512,0.03333333333333333,1.0,1.0,0.20028820911327827,-0.01430205223217713,-0.000701152211333674,-0.7040570017107517
2026-08-18,2026-08-19,2026-08-20,SLAB,1,219.3999938964844,219.0,-0.001823126288112542,11,0.9752010723860589,0.03333333333333333,1.0,1.0,0.04312500234357956,0.6679905971491966,-6.0770876270418066e-05,-0.06102264279663513
2026-08-18,2026-08-19,2026-08-20,ICLR,1,170.10000610351562,170.1699981689453,0.0004114759724764827,10,0.9892761394101877,0.02388929464415648,1.0,0.7166788393246944,0.5484410204799444,1.3008033631633928,9.829870745481517e-06,0.009870594733066295
2026-08-18,2026-08-19,2026-08-20,TEVA,1,37.0,37.119998931884766,0.00324321437526387,10,0.9737196765498652,0.03333333333333333,1.0,1.0,0.3794284169535599,0.6191514315582625,0.000108107145842129,0.10855502091384593
2026-08-18,2026-08-19,2026-08-20,FTI,1,79.37999725341797,77.87000274658203,-0.019022355241652744,10,0.9912516823687753,0.03333333333333333,1.0,1.0,0.3733921102316249,0.37528476527774374,-0.0006340785080550914,-0.6367054200418721
2026-08-18,2026-08-19,2026-08-20,EXPE,1,323.66341986182596,326.2097352615215,0.007867170781247212,10,0.9717741935483871,0.03110470985207544,1.0,0.9331412955622632,0.421218175494829,1.0663765681603192,0.0002447060645074202,0.24571985268337368
2026-08-18,2026-08-19,2026-08-20,HUM,1,385.0,374.2900085449219,-0.027818159623579586,9,0.9785522788203753,0.03333333333333333,1.0,1.0,0.39285780705826906,0.5059928518934234,-0.0009272719874526529,-0.9311135652192876
2026-08-18,2026-08-19,2026-08-20,DAR,1,68.3499984741211,67.77999877929688,-0.008339425128736977,9,0.9711021505376345,0.03333333333333333,1.0,1.0,0.3401170109666801,0.4033509166514248,-0.0002779808376245659,-0.27913247923546225
2026-08-18,2026-08-19,2026-08-20,VRNS,1,43.630001068115234,42.040000915527344,-0.036442817182277376,9,0.9752010723860589,0.024039762308135353,1.0,0.7211928692440606,0.5450082644433392,0.9594424972592539,-0.0008760766629007791,-0.8797061445152434
2026-08-18,2026-08-19,2026-08-20,FRO,1,44.900001525878906,43.810001373291016,-0.02427617183842745,9,0.9731903485254692,0.027428362893831416,1.0,0.8228508868149425,0.47767594383600026,0.4901367330483011,-0.0006658556508573987,-0.6686142117745131
2026-08-18,2026-08-19,2026-08-20,HAL,1,35.11000061035156,35.41999816894531,0.008829323645820564,8,0.9737550471063257,0.03333333333333333,1.0,1.0,0.35308520416087014,0.2535581597320906,0.0002943107881940188,0.29553008285157967
2026-08-18,2026-08-19,2026-08-20,VTRS,1,16.29776670076356,15.950372976562885,-0.021315418890147653,7,0.9832439678284182,0.03333333333333333,1.0,1.0,0.306729963909949,0.6794827619410868,-0.0007105139630049218,-0.7134575380078306
2026-08-18,2026-08-19,2026-08-20,DVA,1,178.77000427246094,176.69000244140625,-0.011635071775713435,7,0.977882037533512,0.030422443541446416,1.0,0.9126733062433925,0.43066458863955964,0.014345253071975803,-0.00035396731419731867,-0.3554337587602256
2026-08-18,2026-08-19,2026-08-20,EXEL,1,53.459999084472656,53.7599983215332,0.005611658103220618,6,0.9797843665768193,0.03333333333333333,1.0,1.0,0.35372167519482506,0.6039862459641985,0.00018705527010735393,0.1878302178858912
2026-08-18,2026-08-19,2026-08-20,CYTK,1,77.2300033569336,77.36000061035156,0.001683248061212117,6,0.9872654155495979,0.03333333333333333,1.0,1.0,0.36595546498787684,0.6990737202203626,5.610826870707056e-05,0.05634071860365547
2026-08-18,2026-08-19,2026-08-20,NE,1,45.720001220703125,46.560001373291016,0.01837270625897358,6,0.967828418230563,0.029166711980188727,1.0,0.8750013594056618,0.44920624381955004,0.4266366188121244,0.0005358714317520931,0.5380914834800103
2026-08-18,2026-08-19,2026-08-20,GMED,1,87.33000183105469,87.83000183105469,0.005725409246724711,6,0.9683288409703504,0.03197451196677225,1.0,0.9592353590031676,0.4097597845059416,0.7978215283369714,0.00018306716647406777,0.18382559201268409
2026-08-18,2026-08-19,2026-08-20,CZR,1,29.670000076293945,29.61000061035156,-0.0020222266864881044,5,0.9892761394101877,0.03333333333333333,1.0,1.0,0.11748516918542741,0.7645839373795337,-6.740755621627015e-05,-0.06768681771965598
2026-08-18,2026-08-19,2026-08-20,ELV,1,398.4400024414063,394.3900146484375,-0.010164611404861135,4,0.9684986595174263,0.03333333333333333,1.0,1.0,0.3721923779184583,0.3012043839437121,-0.0003388203801620378,-0.34022407277534417
2026-08-18,2026-08-19,2026-08-20,BNTX,1,109.29000091552734,109.05999755859376,-0.00210452333248079,3,0.9611260053619303,0.03333333333333333,1.0,1.0,0.27725006238092215,0.8444447502752562,-7.015077774935966e-05,-0.07044140409390653
2026-08-18,2026-08-19,2026-08-20,XEL,1,79.5999984741211,79.18000030517578,-0.005276359007492459,2,0.9892761394101877,0.03333333333333333,1.0,1.0,0.198476074879955,-0.00865153422894302,-0.00017587863358308197,-0.17660727788328884
2026-08-18,2026-08-19,2026-08-20,UNH,1,394.5700073242188,388.25,-0.016017454968455413,2,0.9886058981233243,0.03333333333333333,1.0,1.0,0.2564087326184091,0.41654228677475863,-0.0005339151656151805,-0.5361271127647228
2026-08-19,2026-08-20,2026-08-21,AGX,1,524.0,521.280029296875,-0.005190783784589703,32,0.9748010610079576,0.017202884620566856,1.0,0.5160865386170057,0.7617871661438506,1.8891056478416917,-8.929645453660602e-05,-0.0891907364494642
2026-08-19,2026-08-20,2026-08-21,UTHR,1,524.1500244140625,523.22998046875,-0.0017553065009221491,24,0.9959785522788204,0.03333333333333333,1.0,1.0,0.2044629193327294,0.09284379504234234,-5.851021669740497e-05,-0.058440946442280026
2026-08-19,2026-08-20,2026-08-21,ZIM,1,27.450000762939453,27.5,0.00182146578035991,13,0.9966442953020134,0.031259364180425034,1.0,0.9377809254127509,0.4192323506313579,0.9704902795627167,5.69378621704525e-05,0.05687045342610938
2026-08-19,2026-08-20,2026-08-21,AEO,1,16.43000030517578,16.239999771118164,-0.011564244097899579,12,0.9824797843665768,0.02487791280366497,1.0,0.7463373841099491,0.5267699436051829,1.4811618597827032,-0.00028769425630784296,-0.28735365503071064
2026-08-19,2026-08-20,2026-08-21,TRP,1,62.83000183105469,63.65999984741211,0.013210217924061629,12,0.977882037533512,0.03333333333333333,1.0,1.0,0.19904587447960048,-0.01987784811354766,0.000440340597468721,0.43981927816330335
2026-08-19,2026-08-20,2026-08-21,SLAB,1,219.0,218.6499938964844,-0.0015982013859159316,12,0.9752010723860589,0.03333333333333333,1.0,1.0,0.04323161755609499,0.6638369151068229,-5.3273379530531056e-05,-0.05321030916778514
2026-08-19,2026-08-20,2026-08-21,ICLR,1,170.1699981689453,173.02000427246094,0.016747993971805375,11,0.9718120805369128,0.023960806378697432,1.0,0.718824191360923,0.5469322074340668,1.3043141586753018,0.0004012954407900204,0.40082034705198555
2026-08-19,2026-08-20,2026-08-21,TEVA,1,37.119998931884766,36.790000915527344,-0.008890033024057109,11,0.9737196765498652,0.03333333333333333,1.0,1.0,0.3790224432257665,0.6201907609229664,-0.00029633443413523697,-0.2959836037501606
2026-08-19,2026-08-20,2026-08-21,FTI,1,77.87000274658203,78.18000030517578,0.003980962471551441,11,0.9912516823687753,0.03333333333333333,1.0,1.0,0.37103890825950253,0.3803180371649452,0.00013269874905171472,0.1325416469809924
2026-08-19,2026-08-20,2026-08-21,EXPE,1,326.2097352615215,327.9772127181157,0.005418224122518245,11,0.9717741935483871,0.031241336173806512,1.0,0.9372400852141953,0.41947427125696213,1.0599358587267076,0.0001692725612766203,0.1690721594636186
2026-08-19,2026-08-20,2026-08-21,VRNS,1,42.040000915527344,40.93999862670898,-0.02616561048675159,10,0.9752010723860589,0.024072773455243033,1.0,0.7221832036572909,0.5443883210618181,0.9557549430499875,-0.0006298788135657024,-0.6291330999352241
2026-08-19,2026-08-20,2026-08-21,FRO,1,43.810001373291016,43.66999816894531,-0.0031956904806457187,10,0.9731903485254692,0.027410601129484683,1.0,0.8223180338845405,0.4780973851209963,0.47714334330820996,-8.759579709827099e-05,-0.08749209241974877
2026-08-19,2026-08-20,2026-08-21,HAL,1,35.41999816894531,35.81999969482422,0.011293098434703275,9,0.9737550471063257,0.03333333333333333,1.0,1.0,0.3487694646353439,0.25232147991367315,0.00037643661449010915,0.3759909511205996
2026-08-19,2026-08-20,2026-08-21,VTRS,1,15.950372976562885,16.010000228881836,0.003738298308545218,8,0.9832439678284182,0.03333333333333333,1.0,1.0,0.3068043394010373,0.6783369079877746,0.00012460994361817394,0.12446241788552838
2026-08-19,2026-08-20,2026-08-21,DVA,1,176.69000244140625,175.25,-0.008149880703543388,8,0.9879194630872483,0.030406475637156694,1.0,0.9121942691147008,0.43099163747169145,0.01296059148593237,-0.0002478091490580255,-0.24751576776589462
2026-08-19,2026-08-20,2026-08-21,EXEL,1,53.7599983215332,53.7400016784668,-0.00037196137817585573,7,0.9797843665768193,0.03333333333333333,1.0,1.0,0.35460704760658757,0.5948692604517674,-1.2398712605861857e-05,-0.012384033767978371
2026-08-19,2026-08-20,2026-08-21,CYTK,1,77.36000061035156,77.30000305175781,-0.0007755630573990091,7,0.961744966442953,0.03333333333333333,1.0,1.0,0.36552552174177916,0.6963314737846545,-2.5852101913300304e-05,-0.02582149560561371
2026-08-19,2026-08-20,2026-08-21,NE,1,46.560001373291016,47.150001525878906,0.012671824209316673,7,0.967828418230563,0.029438930120081405,1.0,0.8831679036024421,0.445156691195849,0.42226703099883117,0.00037304494739202936,0.3726032994177524
2026-08-19,2026-08-20,2026-08-21,GMED,1,87.83000183105469,85.56999969482422,-0.0257315505990503,7,0.9683288409703504,0.03221613763429314,1.0,0.9664841290287941,0.40678174625909946,0.7906606097624559,-0.0008289711756427825,-0.827989756532254
2026-08-19,2026-08-20,2026-08-21,CZR,1,29.61000061035156,29.690000534057617,0.0027017873035128925,6,0.9838926174496645,0.03333333333333333,1.0,1.0,0.11656643625078714,0.7616581177239682,9.005957678376308e-05,0.08995295523606794
2026-08-19,2026-08-20,2026-08-21,ELV,1,394.3900146484375,396.9599914550781,0.00651633335324564,5,0.9684986595174263,0.03333333333333333,1.0,1.0,0.37436022404749253,0.3003731654880157,0.00021721111177485468,0.21695395550407157
2026-08-19,2026-08-20,2026-08-21,XEL,1,79.18000030517578,78.94999694824219,-0.002904816317846892,3,0.9892761394101877,0.03333333333333333,1.0,1.0,0.1984491106544407,-0.009459195020625796,-9.682721059489641e-05,-0.09671257684442455
2026-08-20,2026-08-21,2026-08-24,AGX,1,521.280029296875,496.3200073242188,-0.047882175740212696,33,0.9748010610079576,0.017382462568417207,1.0,0.5214738770525162,0.7633456042744067,1.8851014797558092,-0.0008323101274986216,-0.8309374681087158
2026-08-20,2026-08-21,2026-08-24,UTHR,1,523.22998046875,513.1199951171875,-0.019322259291230215,25,0.9959785522788204,0.03333333333333333,1.0,1.0,0.2092749268745331,0.09436562010852231,-0.0006440753097076738,-0.6430130902386716
2026-08-20,2026-08-21,2026-08-24,ZIM,1,27.5,28.440000534057617,0.034181837602095255,14,0.982573726541555,0.03109964642977135,1.0,0.9329893928931404,0.4266552169018741,0.9664994396983527,0.0010630430637450258,1.0612898758465328
2026-08-20,2026-08-21,2026-08-24,AEO,1,16.239999771118164,16.3700008392334,0.008004991991837018,13,0.9824797843665768,0.025318050764552878,1.0,0.7595415229365863,0.5240856224067224,1.4817984468379612,0.00020267079361916887,0.20233654565229972
2026-08-20,2026-08-21,2026-08-24,TRP,1,63.65999984741211,61.79999923706055,-0.029217728790603692,13,0.977882037533512,0.03333333333333333,1.0,1.0,0.20504187711040614,-0.022837655662472305,-0.0009739242930201231,-0.9723180812467674
2026-08-20,2026-08-21,2026-08-24,SLAB,1,218.6499938964844,218.0,-0.002972759728464114,13,0.9752010723860589,0.03333333333333333,1.0,1.0,0.04321347081561795,0.6641739852762488,-9.90919909488038e-05,-0.09892856682677717
2026-08-20,2026-08-21,2026-08-24,ICLR,1,173.02000427246094,170.80999755859375,-0.012773128304788495,12,0.9718120805369128,0.024166139425387055,1.0,0.7249841827616117,0.5490668641564856,1.3076839554826705,-0.00030867719951187657,-0.3081681240574745
2026-08-20,2026-08-21,2026-08-24,TEVA,1,36.790000915527344,37.29999923706055,0.01386241665783583,12,0.9737196765498652,0.03333333333333333,1.0,1.0,0.3817797407664949,0.6223426985094981,0.0004620805552611943,0.46131848449920754
2026-08-20,2026-08-21,2026-08-24,FTI,1,78.18000030517578,76.68000030517578,-0.019186492634238217,12,0.9912516823687753,0.03333333333333333,1.0,1.0,0.3725281839074929,0.37859634802982783,-0.0006395497544746072,-0.6384949986248498
2026-08-20,2026-08-21,2026-08-24,EXPE,1,327.9772127181157,323.0842260841352,-0.014918678628401683,12,0.9717741935483871,0.0316244259044554,1.0,0.9487327771336619,0.4195752496236244,1.0605527885021568,-0.0004717946468762713,-0.47101655547650867
2026-08-20,2026-08-21,2026-08-24,VRNS,1,40.93999862670898,41.22999954223633,0.007083559483515911,11,0.9752010723860589,0.024240607807484417,1.0,0.7272182342245325,0.5473801027781517,0.9531580302823611,0.00017170978732089607,0.17142660074882693
2026-08-20,2026-08-21,2026-08-24,FRO,1,43.66999816894531,43.31999969482422,-0.008014620764742464,11,0.9731903485254692,0.027704591543226978,1.0,0.8311377462968094,0.4789396144809634,0.4789411722117261,-0.0002220417946610554,-0.22167559972442882
2026-08-20,2026-08-21,2026-08-24,VTRS,1,16.010000228881836,16.25,0.014990616345226915,9,0.9832439678284182,0.03333333333333333,1.0,1.0,0.3042865342774388,0.6785388981623345,0.0004996872115075638,0.4988631192368701
2026-08-20,2026-08-21,2026-08-24,DVA,1,175.25,174.02999877929688,-0.006961490560360217,9,0.9879194630872483,0.030970183689564387,1.0,0.9291055106869316,0.42843873727286635,0.011507150950051866,-0.00021559864140752446,-0.21524307262396492
2026-08-20,2026-08-21,2026-08-24,EXEL,1,53.7400016784668,53.88999938964844,0.0027911742928312666,8,0.9797843665768193,0.03333333333333333,1.0,1.0,0.35383550278609127,0.5956548925388496,9.303914309437556e-05,0.0928857014274081
2026-08-20,2026-08-21,2026-08-24,CYTK,1,77.30000305175781,77.19999694824219,-0.0012937399685309936,8,0.961744966442953,0.03333333333333333,1.0,1.0,0.3664943636218145,0.6979910652820914,-4.312466561769979e-05,-0.04305354371825278
2026-08-20,2026-08-21,2026-08-24,NE,1,47.150001525878906,46.0,-0.02439027547534034,8,0.967828418230563,0.029728248542357432,1.0,0.8918474562707229,0.4463373068938113,0.42415387561589274,-0.0007250801713474827,-0.7238843573440825
2026-08-20,2026-08-21,2026-08-24,GMED,1,85.56999969482422,86.91999816894531,0.015776539428955294,8,0.9683288409703504,0.03250412164770431,1.0,0.9751236494311294,0.40821981091751275,0.7917987985955481,0.0005128025567785664,0.5119568344672866
2026-08-20,2026-08-21,2026-08-24,CZR,1,29.690000534057617,29.71999931335449,0.0010104000928683465,7,0.9865951742627346,0.03333333333333333,1.0,1.0,0.11614661369757834,0.7622059428731194,3.368000309561155e-05,0.03362445748710119
2026-08-20,2026-08-21,2026-08-24,ELV,1,396.9599914550781,401.1700134277344,0.010605658160219633,6,0.9684986595174263,0.03333333333333333,1.0,1.0,0.3720804390339796,0.3001612914554964,0.00035352193867398775,0.3529389045468927
2026-08-20,2026-08-21,2026-08-24,XEL,1,78.94999694824219,76.43000030517578,-0.031918894749526805,4,0.9892761394101877,0.03333333333333333,1.0,1.0,0.1941345588067859,-0.009056545745475956,-0.0010639631583175603,-1.0622084529841438
2026-08-21,2026-08-24,2026-08-25,AGX,1,496.3200073242188,478.010009765625,-0.03689151613554209,34,0.9748010610079576,0.017277685577824907,1.0,0.5183305673347472,0.7639782011066901,1.8734598585154698,-0.0006374000162791504,-0.6345159112353208
2026-08-21,2026-08-24,2026-08-25,UTHR,1,513.1199951171875,516.0700073242188,0.005749166345305978,26,0.9959785522788204,0.03333333333333333,1.0,1.0,0.2110982202045479,0.10204660865927086,0.00019163887817686594,0.19077175134751598
2026-08-21,2026-08-24,2026-08-25,ZIM,1,28.440000534057617,28.459999084472656,0.0007031838973101667,15,0.9932885906040269,0.030996167916403475,1.0,0.9298850374921043,0.4258518402221013,0.954977865803596,2.1796006157136947e-05,0.02169738367566903
2026-08-21,2026-08-24,2026-08-25,AEO,1,16.3700008392334,16.8799991607666,0.031154446877663444,14,0.9824797843665768,0.025716099316691134,1.0,0.7714829795007341,0.5132883873436556,1.4936535081918199,0.0008011708500625711,0.7975457154051807
2026-08-21,2026-08-24,2026-08-25,TRP,1,61.79999923706055,61.72999954223633,-0.0011326811600061992,14,0.977882037533512,0.03333333333333333,1.0,1.0,0.20515740299503382,-0.02297452195657975,-3.775603866687331e-05,-0.03758520029415123
2026-08-21,2026-08-24,2026-08-25,SLAB,1,218.0,218.25999450683597,0.0011926353524585043,14,0.9885906040268456,0.03333333333333333,1.0,1.0,0.04375840590327957,0.6654905744088578,3.975451174861681e-05,0.03957463069288907
2026-08-21,2026-08-24,2026-08-25,ICLR,1,170.80999755859375,172.69000244140625,0.011006410102942565,13,0.9758389261744966,0.024045363480751515,1.0,0.7213609044225454,0.5489530302837881,1.3007483946012288,0.0002646531315434697,0.2634556301125699
2026-08-21,2026-08-24,2026-08-25,TEVA,1,37.29999923706055,37.130001068115234,-0.004557591753953871,13,0.9737196765498652,0.03333333333333333,1.0,1.0,0.38356383376213443,0.6205863268439479,-0.0001519197251317957,-0.15123231936725312
2026-08-21,2026-08-24,2026-08-25,FTI,1,76.68000030517578,75.33000183105469,-0.01760561383344139,13,0.9912516823687753,0.03333333333333333,1.0,1.0,0.3698131891119459,0.3722075936609118,-0.0005868537944480463,-0.5841984007465549
2026-08-21,2026-08-24,2026-08-25,EXPE,1,323.0842260841352,336.51488509608606,0.04157014774362078,13,0.9717741935483871,0.0314057199169735,1.0,0.9421715975092051,0.4202984418739511,1.0640942138533347,0.0013055404169433622,1.2996331128874101
2026-08-21,2026-08-24,2026-08-25,VRNS,1,41.22999954223633,41.130001068115234,-0.002425381402652027,12,0.9752010723860589,0.024111532794822213,1.0,0.7233459838446664,0.5474465376945359,0.9675074756830087,-5.8479663229996246e-05,-0.05821505468375293
2026-08-21,2026-08-24,2026-08-25,FRO,1,43.31999969482422,43.29999923706055,-0.00046169108736304754,12,0.9731903485254692,0.027757497748725674,1.0,0.8327249324617703,0.47553908736747236,0.4797449174671676,-1.28153893180865e-05,-0.012757402295766208
2026-08-21,2026-08-24,2026-08-25,VTRS,1,16.25,16.59000015258789,0.020923086313100914,10,0.9832439678284182,0.03333333333333333,1.0,1.0,0.3001753949444539,0.68322858982099,0.0006974362104366971,0.6942804538617099
2026-08-21,2026-08-24,2026-08-25,DVA,1,174.02999877929688,175.61000061035156,0.009078905028657935,10,0.9798657718120805,0.03083035597665109,1.0,0.9249106792995327,0.4281421582361984,0.027785055309903606,0.0002799058739117318,0.2786393569331806
2026-08-21,2026-08-24,2026-08-25,EXEL,1,53.88999938964844,54.95000076293945,0.01966972323801186,9,0.9797843665768193,0.03333333333333333,1.0,1.0,0.35186175604703007,0.5990791725096531,0.000655657441267062,0.6526907250996833
2026-08-21,2026-08-24,2026-08-25,CYTK,1,77.19999694824219,77.93000030517578,0.00945600240661948,9,0.9791946308724833,0.03333333333333333,1.0,1.0,0.3617404318459397,0.6899662713058379,0.0003152000802206493,0.31377386415858105
2026-08-21,2026-08-24,2026-08-25,NE,1,46.0,45.20000076293945,-0.017391287762185792,9,0.967828418230563,0.029371309025931283,1.0,0.8811392707779385,0.44941051607130905,0.3988952072248172,-0.0005108048872220558,-0.5084935993117575
2026-08-21,2026-08-24,2026-08-25,GMED,1,86.91999816894531,83.98999786376953,-0.03370916206740793,9,0.9683288409703504,0.03294781865818246,1.0,0.9884345597454737,0.40062667832353044,0.8124911027451818,-0.0011106433589162393,-1.1056179242887896
2026-08-21,2026-08-24,2026-08-25,CZR,1,29.71999931335449,29.65999984741211,-0.0020188246072878613,8,0.9879194630872483,0.03333333333333333,1.0,1.0,0.11614407289026873,0.7534858695372135,-6.729415357626204e-05,-0.0669896612593611
2026-08-21,2026-08-24,2026-08-25,ELV,1,401.1700134277344,402.6700134277344,0.003739063114871044,7,0.9684986595174263,0.03333333333333333,1.0,1.0,0.3709738283430825,0.30584943638819156,0.00012463543716236813,0.12407148723488261
2026-08-21,2026-08-24,2026-08-25,XEL,1,76.43000030517578,77.33000183105469,0.011775500749513501,5,0.9892761394101877,0.03333333333333333,1.0,1.0,0.19492869767026783,0.0012212533345297807,0.00039251669165045006,0.39074063369427864
2026-08-21,2026-08-24,2026-08-25,CAH,1,229.16000366210935,232.50999450683597,0.014618566901692498,0,0.9624161073825503,0.03333333333333333,1.0,1.0,0.2328596088036615,-0.09979164075764159,0.0004872855633897499,0.4850806956218422
2026-08-24,2026-08-25,2026-08-26,AGX,1,478.010009765625,449.4299926757813,-0.05978957868237289,35,0.9748010610079576,0.01724492754881535,1.0,0.5173478264644605,0.7642024626523619,1.867962758864739,-0.0010310669525517152,-1.0288340445334472
2026-08-24,2026-08-25,2026-08-26,UTHR,1,516.0700073242188,515.5999755859375,-0.0009107906516759856,27,0.9959785522788204,0.03333333333333333,1.0,1.0,0.21270987668253388,0.09354214820291241,-3.035968838919952e-05,-0.030293940581582766
2026-08-24,2026-08-25,2026-08-26,ZIM,1,28.459999084472656,27.920000076293945,-0.018973964355231687,16,0.9932885906040269,0.030453958311718765,1.0,0.913618749351563,0.43273902085808935,0.9589093357043023,-0.0005778323194822636,-0.5765809493203229
2026-08-24,2026-08-25,2026-08-26,AEO,1,16.8799991607666,17.229999542236328,0.020734620786191593,15,0.9824797843665768,0.025669172883579824,1.0,0.7700751865073947,0.5134024442796289,1.4898157669986487,0.0005322405656362198,0.5310879302775602
2026-08-24,2026-08-25,2026-08-26,TRP,1,61.72999954223633,62.56999969482422,0.013607648773966918,15,0.977882037533512,0.03333333333333333,1.0,1.0,0.20651330806181997,-0.023729390415126377,0.0004535882924655639,0.4526059887143552
2026-08-24,2026-08-25,2026-08-26,SLAB,1,218.25999450683597,218.4900054931641,0.001053839421410352,15,0.9885906040268456,0.03333333333333333,1.0,1.0,0.04361001411810811,0.6663980503004747,3.5127980713678396e-05,0.03505190655612052
2026-08-24,2026-08-25,2026-08-26,ICLR,1,172.69000244140625,165.8800048828125,-0.039434810714675805,14,0.9758389261744966,0.023956058742516165,1.0,0.718681762275485,0.5501162041182266,1.298838835676357,-0.0009447026419807795,-0.9426567669782518
2026-08-24,2026-08-25,2026-08-26,TEVA,1,37.130001068115234,37.70000076293945,0.015351459155052316,14,0.9737196765498652,0.03333333333333333,1.0,1.0,0.3842340503872365,0.6227635411357798,0.0005117153051684105,0.5106071198995944
2026-08-24,2026-08-25,2026-08-26,FTI,1,75.33000183105469,74.41999816894531,-0.012080228859548847,14,0.9912516823687753,0.03333333333333333,1.0,1.0,0.3689421601108219,0.3699834312845465,-0.0004026742953182949,-0.4018022523723529
2026-08-24,2026-08-25,2026-08-26,VRNS,1,41.130001068115234,40.33000183105469,-0.019450503678219544,13,0.9784656796769853,0.024130714724852766,1.0,0.7239214417455829,0.5461345116103543,0.9697073289970778,-0.00046935455551381524,-0.4683381078933928
2026-08-24,2026-08-25,2026-08-26,FRO,1,43.29999923706055,41.95000076293945,-0.031177794408957626,13,0.9731903485254692,0.027775810380515135,1.0,0.833274311415454,0.474463784153391,0.48491338595394706,-0.000865988505585892,-0.8641130961635793
2026-08-24,2026-08-25,2026-08-26,VTRS,1,16.59000015258789,16.719999313354492,0.007835995151954434,11,0.9832439678284182,0.03333333333333333,1.0,1.0,0.3024813770423639,0.6858783708940898,0.0002611998383984811,0.26063417657401194
2026-08-24,2026-08-25,2026-08-26,DVA,1,175.61000061035156,173.3699951171875,-0.012755569075671547,11,0.9798657718120805,0.030805473856531318,1.0,0.9241642156959395,0.427801116205591,0.026743752025839587,-0.0003929413496857792,-0.3920903846846694
2026-08-24,2026-08-25,2026-08-26,EXEL,1,54.95000076293945,56.540000915527344,0.02893539818948021,10,0.9797843665768193,0.03333333333333333,1.0,1.0,0.3518083553742336,0.6017704814112639,0.0009645132729826736,0.9624244955122688
2026-08-24,2026-08-25,2026-08-26,CYTK,1,77.93000030517578,77.91000366210938,-0.0002565974976016516,10,0.9744279946164199,0.03333333333333333,1.0,1.0,0.361394492619545,0.6848250983877824,-8.553249920055053e-06,-0.008534726757925305
2026-08-24,2026-08-25,2026-08-26,NE,1,45.20000076293945,45.34000015258789,0.0030973315771096743,10,0.967828418230563,0.029512816540410783,1.0,0.8853844962123235,0.44653874641280916,0.3946863824353631,9.141097860005901e-05,0.09121301637600687
2026-08-24,2026-08-25,2026-08-26,GMED,1,83.98999786376953,82.5,-0.017740182184386777,10,0.9683288409703504,0.03283205953699194,1.0,0.9849617861097582,0.40139474303212325,0.8131978284130146,-0.0005824467176748704,-0.5811853544405126
2026-08-24,2026-08-25,2026-08-26,CZR,1,29.65999984741211,29.63999938964844,-0.0006743242706190866,9,0.9878869448183042,0.03333333333333333,1.0,1.0,0.11392451242656514,0.753392637463491,-2.2477475687302887e-05,-0.022428797824465375
2026-08-24,2026-08-25,2026-08-26,ELV,1,402.6700134277344,399.0,-0.009114196005044706,8,0.9684986595174263,0.03333333333333333,1.0,1.0,0.3700185279202098,0.3061503535092202,-0.00030380653350149016,-0.30314860140214506
2026-08-24,2026-08-25,2026-08-26,XEL,1,77.33000183105469,77.22000122070312,-0.0014224829658207039,6,0.9892761394101877,0.03333333333333333,1.0,1.0,0.2040715546894829,-0.00521382433834131,-4.741609886069013e-05,-0.047313413203780075
2026-08-24,2026-08-25,2026-08-26,CAH,1,232.50999450683597,237.8999938964844,0.023181796554943235,1,0.9624161073825503,0.03333333333333333,1.0,1.0,0.23271862762990037,-0.09413169374054882,0.0007727265518314412,0.7710531131578003
2026-08-25,2026-08-26,2026-08-27,AGX,1,449.4299926757813,467.5299987792969,0.04027324922342901,36,0.9748010610079576,0.016988509882672573,1.0,0.5096552964801772,0.7729886788039382,1.8867270845906166,0.0006841824924395593,0.6812736684232283
2026-08-25,2026-08-26,2026-08-27,UTHR,1,515.5999755859375,513.97998046875,-0.0031419611984009332,28,0.9959785522788204,0.03333333333333333,1.0,1.0,0.21237276814182052,0.09752532766353404,-0.00010473203994669778,-0.1042867682882693
2026-08-25,2026-08-26,2026-08-27,ZIM,1,27.920000076293945,27.82999992370605,-0.0032235011583796602,17,0.9932885906040269,0.030345214951065205,1.0,0.9103564485319562,0.4327511217248355,0.9461972666073053,-9.781783554603847e-05,-0.09740195985145986
2026-08-25,2026-08-26,2026-08-27,AEO,1,17.229999542236328,17.270000457763672,0.0023215854085942844,16,0.9824797843665768,0.025225303985975174,1.0,0.7567591195792552,0.5205854334344528,1.4795076628568629,5.8562697661195205e-05,0.058313716456179845
2026-08-25,2026-08-26,2026-08-27,TRP,1,62.56999969482422,62.75,0.0028767829000113654,16,0.977882037533512,0.03333333333333333,1.0,1.0,0.20611751319680166,-0.02591291708639081,9.589276333371218e-05,0.09548507214596656
2026-08-25,2026-08-26,2026-08-27,SLAB,1,218.4900054931641,218.6999969482422,0.0009611032532317321,16,0.9885906040268456,0.03333333333333333,1.0,1.0,0.04358302168035067,0.6692779324826924,3.20367751077244e-05,0.03190056972119534
2026-08-25,2026-08-26,2026-08-27,ICLR,1,165.8800048828125,168.83999633789062,0.01784417270284777,15,0.9758389261744966,0.02387520497972488,1.0,0.7162561493917464,0.5500235838899189,1.2904889979377216,0.00042603328097410193,0.424221986687639
2026-08-25,2026-08-26,2026-08-27,TEVA,1,37.70000076293945,37.720001220703125,0.0005305161103161815,15,0.9737196765498652,0.03333333333333333,1.0,1.0,0.3849783635641502,0.6451242633106479,1.7683870343872717e-05,0.017608686796608118
2026-08-25,2026-08-26,2026-08-27,FTI,1,74.41999816894531,75.41000366210938,0.013302949711401446,15,0.9912516823687753,0.03333333333333333,1.0,1.0,0.3713288367826943,0.3792787002961779,0.0004434316570467149,0.4415463930011242
2026-08-25,2026-08-26,2026-08-27,VRNS,1,40.33000183105469,42.59999847412109,0.05628555764950316,14,0.9845222072678331,0.024036083745884194,1.0,0.7210825123765259,0.5463421557308958,0.9725007564773365,0.0013528843773472506,1.3471325456186796
2026-08-25,2026-08-26,2026-08-27,FRO,1,41.95000076293945,42.5099983215332,0.013349166827393288,14,0.9731903485254692,0.02803486617188538,1.0,0.8410459851565614,0.4684140715543704,0.5022889386009824,0.0003742421055121426,0.3726510030848437
2026-08-25,2026-08-26,2026-08-27,VTRS,1,16.719999313354492,16.75,0.0017942995142079532,12,0.9832439678284182,0.03333333333333333,1.0,1.0,0.3012903775726532,0.6841660487776894,5.980998380693177e-05,0.05955569972448817
2026-08-25,2026-08-26,2026-08-27,DVA,1,173.3699951171875,178.0,0.02670591805509881,12,0.9798657718120805,0.030598332528163588,1.0,0.9179499758449077,0.4291712888918935,0.023513456384852815,0.0008171565611198012,0.8136823935455737
2026-08-25,2026-08-26,2026-08-27,EXEL,1,56.540000915527344,55.7599983215332,-0.01379558863395658,11,0.9797843665768193,0.03333333333333333,1.0,1.0,0.35168415064669273,0.6065806591284237,-0.0004598529544652193,-0.45789787474203075
2026-08-25,2026-08-26,2026-08-27,CYTK,1,77.91000366210938,78.83999633789062,0.01193675564199137,11,0.9643337819650067,0.03333333333333333,1.0,1.0,0.3602659541761088,0.6899520333716147,0.00039789185473304567,0.3962002046312971
2026-08-25,2026-08-26,2026-08-27,NE,1,45.34000015258789,44.970001220703125,-0.00816054103748487,11,0.967828418230563,0.02940891638876374,1.0,0.8822674916629122,0.44652872059142,0.3973586101046361,-0.00023999266905846785,-0.23897233245644306
2026-08-25,2026-08-26,2026-08-27,GMED,1,82.5,82.0199966430664,-0.005818222508286008,11,0.9683288409703504,0.03227616211697478,1.0,0.9682848635092435,0.40686144038631944,0.8198150893900144,-0.00018778989291007086,-0.18699149810085366
2026-08-25,2026-08-26,2026-08-27,CZR,1,29.63999938964844,29.65999984741211,0.0006747792906720562,10,0.9925975773889637,0.03333333333333333,1.0,1.0,0.10721372488454689,0.751954429780903,2.2492643022401873e-05,0.022397014822415302
2026-08-25,2026-08-26,2026-08-27,ELV,1,399.0,397.3599853515625,-0.004110312402099026,9,0.9684986595174263,0.03333333333333333,1.0,1.0,0.36936675367990457,0.3046728998760762,-0.00013701041340330084,-0.13642790919514156
2026-08-25,2026-08-26,2026-08-27,XEL,1,77.22000122070312,77.0,-0.002849018612086529,7,0.9892761394101877,0.03333333333333333,1.0,1.0,0.20471501014498594,-0.008342250068183097,-9.496728706955097e-05,-0.0945635305741038
2026-08-25,2026-08-26,2026-08-27,CAH,1,237.8999938964844,236.4900054931641,-0.0059268114312514,2,0.9624161073825503,0.03333333333333333,1.0,1.0,0.23356969963303062,-0.09976558112619273,-0.00019756038104171332,-0.19672044668589464
2026-08-26,2026-08-27,2026-08-28,AGX,1,467.5299987792969,452.2999877929688,-0.03257547328747468,37,0.9748010610079576,0.016955495783590215,1.0,0.5086648735077064,0.7743385584695924,1.8920201532231777,-0.0005523332999742325,-0.5517794059243817
2026-08-26,2026-08-27,2026-08-28,UTHR,1,513.97998046875,527.9400024414062,0.027160633688348534,29,0.9959785522788204,0.03333333333333333,1.0,1.0,0.2103622095382599,0.09765723452744807,0.0009053544562782845,0.9044465435263974
2026-08-26,2026-08-27,2026-08-28,ZIM,1,27.82999992370605,28.149999618530277,0.01149837210569471,18,0.9798115746971736,0.03028705530061164,1.0,0.9086116590183492,0.4334952352709362,0.9791688506439282,0.000348251831832186,0.34790259593148887
2026-08-26,2026-08-27,2026-08-28,AEO,1,17.270000457763672,17.059999465942383,-0.012159871815572765,17,0.9824797843665768,0.025450956935266954,1.0,0.7635287080580087,0.5158664248498044,1.4554758313903076,-0.0003094803739165088,-0.3091700190317572
2026-08-26,2026-08-27,2026-08-28,TRP,1,62.75,62.25,-0.007968127490039834,17,0.977882037533512,0.03333333333333333,1.0,1.0,0.2030308275538331,-0.021243297767277527,-0.00026560424966799446,-0.26533789488997717
2026-08-26,2026-08-27,2026-08-28,SLAB,1,218.6999969482422,219.1999969482422,0.0022862368860403492,17,0.9885906040268456,0.03333333333333333,1.0,1.0,0.04123401489848827,0.6126981885745757,7.620789620134497e-05,0.0761314729615013
2026-08-26,2026-08-27,2026-08-28,ICLR,1,168.83999633789062,169.41000366210938,0.0033760207094415406,16,0.9758389261744966,0.02385733896450721,1.0,0.7157201689352163,0.550325171752603,1.3029641889193053,8.054287041634294e-05,0.08046209995277755
2026-08-26,2026-08-27,2026-08-28,TEVA,1,37.720001220703125,37.369998931884766,-0.00927895751568153,16,0.9737196765498652,0.03333333333333333,1.0,1.0,0.3886505240355706,0.6764964328384887,-0.00030929858385605097,-0.3089884112750511
2026-08-26,2026-08-27,2026-08-28,FTI,1,75.41000366210938,76.16999816894531,0.010078165626953961,16,0.9912516823687753,0.03333333333333333,1.0,1.0,0.3717301962737559,0.3646643966277461,0.0003359388542317987,0.3356019661019659
2026-08-26,2026-08-27,2026-08-28,VRNS,1,42.59999847412109,44.52000045776367,0.04507047071395931,15,0.977792732166891,0.02401479651930357,1.0,0.7204438955791072,0.5467168606924864,0.9748273347483459,0.0010823581832249635,1.0812727665797537
2026-08-26,2026-08-27,2026-08-28,FRO,1,42.5099983215332,44.400001525878906,0.04446020416303642,15,0.9731903485254692,0.02804251457903861,1.0,0.8412754373711583,0.4681924699084034,0.49739253528502075,0.0012467759234289818,1.2455256244419086
2026-08-26,2026-08-27,2026-08-28,VTRS,1,16.75,16.93000030517578,0.010746286876166078,13,0.9832439678284182,0.03333333333333333,1.0,1.0,0.2982124446353978,0.6892306765029891,0.0003582095625388693,0.35785034076951516
2026-08-26,2026-08-27,2026-08-28,DVA,1,178.0,180.0,0.011235955056179803,13,0.9798657718120805,0.03062901696757885,1.0,0.9188705090273654,0.4286554210048596,0.007824658561997126,0.00034414625806268454,0.3438011393370378
2026-08-26,2026-08-27,2026-08-28,EXEL,1,55.7599983215332,55.13999938964844,-0.011119062958173331,12,0.9797843665768193,0.03333333333333333,1.0,1.0,0.3597117615265924,0.6233054475025394,-0.000370635431939111,-0.3702637491880899
2026-08-26,2026-08-27,2026-08-28,CYTK,1,78.83999633789062,73.87999725341797,-0.06291221860558194,12,0.9643337819650067,0.03333333333333333,1.0,1.0,0.35993490887384383,0.695169312091033,-0.002097073953519398,-2.094970953781729
2026-08-26,2026-08-27,2026-08-28,NE,1,44.970001220703125,46.630001068115234,0.036913493492365834,12,0.967828418230563,0.029816935357024343,1.0,0.8945080607107303,0.44033010119899757,0.33790895906842927,0.001100647249263811,1.0995434918724307
2026-08-26,2026-08-27,2026-08-28,GMED,1,82.0199966430664,82.61000061035156,0.00719341613549096,12,0.9683288409703504,0.03220352717093678,1.0,0.9661058151281035,0.4076973958011499,0.7995784551516685,0.00023165337197113818,0.2314210640071449
2026-08-26,2026-08-27,2026-08-28,CZR,1,29.65999984741211,29.63999938964844,-0.0006743242706190866,11,0.9946164199192462,0.03333333333333333,1.0,1.0,0.10694034377480276,0.6995833933290783,-2.2477475687302887e-05,-0.022454934696130628
2026-08-26,2026-08-27,2026-08-28,ELV,1,397.3599853515625,400.80999755859375,0.008682334241528755,10,0.9684986595174263,0.03333333333333333,1.0,1.0,0.36812945409856335,0.28802762236754065,0.00028941114138429186,0.2891209124424903
2026-08-26,2026-08-27,2026-08-28,XEL,1,77.0,77.5,0.006493506493506551,8,0.9892761394101877,0.03333333333333333,1.0,1.0,0.20463169005525994,-0.021910967245636008,0.00021645021645021837,0.21623315460189907
2026-08-26,2026-08-27,2026-08-28,CAH,1,236.4900054931641,236.0200042724609,-0.001987404159947803,3,0.9624161073825503,0.03333333333333333,1.0,1.0,0.23729998674389663,-0.0755086720172656,-6.624680533159343e-05,-0.06618037133006481
2026-08-27,2026-08-28,2026-08-31,AGX,1,452.2999877929688,421.2900085449219,-0.06856064577707022,38,0.9748010610079576,0.016897648403760943,1.0,0.5069294521128282,0.774740166050542,1.9003619052350638,-0.00115851368667573,-1.1603873991633034
2026-08-27,2026-08-28,2026-08-31,UTHR,1,527.9400024414062,510.9500122070313,-0.032181668666527274,30,0.9959785522788204,0.03333333333333333,1.0,1.0,0.2090727522344364,0.09027008418343861,-0.0010727222888842424,-1.0744572473672518
2026-08-27,2026-08-28,2026-08-31,ZIM,1,28.149999618530277,27.51000022888184,-0.022735324984770044,19,0.9724091520861373,0.030111245792499287,1.0,0.9033373737749786,0.4347640419930572,0.9752608369433299,-0.0006845889587887609,-0.6856961730544965
2026-08-27,2026-08-28,2026-08-31,AEO,1,17.059999465942383,16.5,-0.032825292114477156,18,0.9824797843665768,0.0249995949449661,1.0,0.7499878483489829,0.5236599616518779,1.4468807299087232,-0.0008206190068121187,-0.8219462281460469
2026-08-27,2026-08-28,2026-08-31,TRP,1,62.25,62.16999816894531,-0.0012851699767820746,18,0.977882037533512,0.03333333333333333,1.0,1.0,0.2029961492834698,-0.02499604113905708,-4.2838999226069155e-05,-0.04290828452561132
2026-08-27,2026-08-28,2026-08-31,SLAB,1,219.1999969482422,218.97999572753903,-0.0010036552179109037,18,0.9885906040268456,0.03333333333333333,1.0,1.0,0.040433950619537806,0.6066578379470762,-3.3455173930363456e-05,-0.03350928237801342
2026-08-27,2026-08-28,2026-08-31,ICLR,1,169.41000366210938,169.91000366210938,0.00295141956904299,17,0.9758389261744966,0.023966859402229996,1.0,0.7190057820668999,0.5462245474254899,1.2974490242237315,7.073625784824359e-05,0.07085066254728066
2026-08-27,2026-08-28,2026-08-31,TEVA,1,37.369998931884766,36.16999816894531,-0.03211134057367049,17,0.9737196765498652,0.03333333333333333,1.0,1.0,0.38881771786332453,0.6709890412291788,-0.0010703780191223496,-1.072109186120133
2026-08-27,2026-08-28,2026-08-31,FTI,1,76.16999816894531,76.5,0.00433243847955378,17,0.9912516823687753,0.03333333333333333,1.0,1.0,0.3532717784854357,0.3669631748049442,0.000144414615985126,0.14464818376466243
2026-08-27,2026-08-28,2026-08-31,VRNS,1,44.52000045776367,43.33000183105469,-0.026729528626980636,16,0.977792732166891,0.02409345226682926,1.0,0.7228035680048779,0.5433545506559431,0.9698027047932305,-0.0006440066220890043,-0.6450482008495889
2026-08-27,2026-08-28,2026-08-31,FRO,1,44.400001525878906,44.84999847412109,0.01013506605354264,16,0.9731903485254692,0.02747108551777772,1.0,0.8241325655333316,0.47654785689926565,0.49728157473314993,0.0002784212662851958,0.2788715686074251
2026-08-27,2026-08-28,2026-08-31,VTRS,1,16.93000030517578,16.290000915527344,-0.03780268033738776,14,0.9832439678284182,0.03333333333333333,1.0,1.0,0.298547234785465,0.6865067998796834,-0.0012600893445795921,-1.262127339613705
2026-08-27,2026-08-28,2026-08-31,DVA,1,180.0,179.74000549316406,-0.0014444139268663392,14,0.9798657718120805,0.030479435185854307,1.0,0.9143830555756292,0.429512123514322,0.00015846818561635672,-4.4024920665467885e-05,-0.04409612400519882
2026-08-27,2026-08-28,2026-08-31,EXEL,1,55.13999938964844,54.09999847412109,-0.018861097697483675,13,0.9797843665768193,0.03333333333333333,1.0,1.0,0.3606723835181274,0.6181633127397334,-0.0006287032565827892,-0.6297200845722948
2026-08-27,2026-08-28,2026-08-31,CYTK,1,73.87999725341797,71.54000091552734,-0.03167293482516165,13,0.9643337819650067,0.03333333333333333,1.0,1.0,0.36198685401549857,0.6835131760985687,-0.0010557644941720549,-1.057472026106652
2026-08-27,2026-08-28,2026-08-31,NE,1,46.630001068115234,46.68999862670898,0.0012866728976930197,13,0.9730820995962315,0.03053906012997949,1.0,0.9161718038993847,0.42867353724949814,0.3370639121587552,3.929378099026208e-05,0.03935733246054007
2026-08-27,2026-08-28,2026-08-31,GMED,1,82.61000061035156,82.06999969482422,-0.006536749927825047,13,0.9683288409703504,0.03247488315090122,1.0,0.9742464945270366,0.4031203705756868,0.7945750227002394,-0.00021228019009278038,-0.21262351969485233
2026-08-27,2026-08-28,2026-08-31,CZR,1,29.63999938964844,29.75,0.0037112217482020426,12,0.9993270524899058,0.03333333333333333,1.0,1.0,0.10343496138175942,0.7004746021441949,0.00012370739160673475,0.12390746872893411
2026-08-27,2026-08-28,2026-08-31,ELV,1,400.80999755859375,393.9400024414063,-0.017140278832947886,11,0.9684986595174263,0.03333333333333333,1.0,1.0,0.36811702758133535,0.2852673742734427,-0.0005713426277649295,-0.5722666840179013
2026-08-27,2026-08-28,2026-08-31,XEL,1,77.5,75.61000061035156,-0.02438708889868957,9,0.9892761394101877,0.03333333333333333,1.0,1.0,0.2049932619986468,-0.02752644290381414,-0.0008129029632896523,-0.8142177051446853
2026-08-27,2026-08-28,2026-08-31,CAH,1,236.0200042724609,234.9199981689453,-0.004660647756983161,4,0.9624161073825503,0.03333333333333333,1.0,1.0,0.2370422684625607,-0.0807206363260064,-0.000155354925232772,-0.1556061872305909
