signal_date,exec_entry_date,exec_exit_date,ticker,side,entry_price,exit_price,position_return,holding_age,score,weight,contribution_return,contribution_pnl
2026-02-09,2026-02-10,2026-02-11,FLNC,1,19.990999271106723,19.65901684741974,-0.016606594757211712,0,0.9982456140350877,0.2,-0.0033213189514423426,-3.3213189514423425
2026-02-09,2026-02-10,2026-02-11,MARA,1,8.0004,7.629618614435196,-0.0463453559278042,0,0.9973684210526316,0.2,-0.00926907118556084,-9.26907118556084
2026-02-09,2026-02-10,2026-02-11,EQX,1,15.426340622773584,16.26397138526297,0.05429873376792993,0,0.9842105263157894,0.2,0.010859746753585987,10.859746753585988
2026-02-09,2026-02-10,2026-02-11,SOUN,1,8.830441423702242,8.359581656694413,-0.053322336270072546,0,0.9842105263157894,0.2,-0.01066446725401451,-10.66446725401451
2026-02-09,2026-02-10,2026-02-11,NVTS,1,9.11045515666008,9.069546194839479,-0.004490331286104432,0,0.9728070175438597,0.2,-0.0008980662572208864,-0.8980662572208864
2026-02-10,2026-02-11,2026-02-12,FLNC,1,19.660982847404483,17.469125813388825,-0.1114825769915675,1,0.9903508771929824,0.16666666666666666,-0.01858042949859458,-18.328791455116495
2026-02-10,2026-02-11,2026-02-12,MARA,1,7.630381614446641,7.559621942782402,-0.009273411899906714,1,1.0,0.16666666666666666,-0.0015455686499844523,-1.5246367403548835
2026-02-10,2026-02-11,2026-02-12,EQX,1,16.26559786372542,16.11411810010312,-0.00931289245507061,1,0.9842105263157894,0.16666666666666666,-0.0015521487425117682,-1.5311277175251188
2026-02-10,2026-02-11,2026-02-12,SOUN,1,8.360417656660081,7.869606385564804,-0.05870654927200758,1,0.9789473684210526,0.16666666666666666,-0.00978442487866793,-9.65191268172369
2026-02-10,2026-02-11,2026-02-12,NVTS,1,9.070453194808962,8.809559919595719,-0.028762981254624953,1,0.974561403508772,0.16666666666666666,-0.004793830209104158,-4.728906518579332
2026-02-10,2026-02-11,2026-02-12,EXK,1,12.720636267042162,12.109394156694412,-0.048051221457484306,0,0.9815789473684211,0.16666666666666666,-0.008008536909580716,-7.900075877546911
2026-02-11,2026-02-12,2026-02-13,FLNC,1,17.470872813320163,17.199140762901305,-0.015553433038084097,2,0.9956140350877193,0.14285714285714285,-0.002221919005440585,-2.0946964765084517
2026-02-11,2026-02-12,2026-02-13,MARA,1,7.560377942776681,7.499625,-0.008035701817622143,2,1.0,0.14285714285714285,-0.0011479574025174489,-1.0822277141278067
2026-02-11,2026-02-12,2026-02-13,EQX,1,16.11572959248775,15.464758645393093,-0.040393513887084675,2,0.9842105263157894,0.14285714285714285,-0.005770501983869239,-5.440094865608793
2026-02-11,2026-02-12,2026-02-13,SOUN,1,7.870393385553361,7.679615828347206,-0.024239901090120863,2,0.975438596491228,0.14285714285714285,-0.0034628430128744087,-3.264567718269107
2026-02-11,2026-02-12,2026-02-13,NVTS,1,8.810440919637681,8.379581114435195,-0.0489033192699968,2,0.9780701754385965,0.14285714285714285,-0.0069861884671424,-6.58617363212364
2026-02-11,2026-02-12,2026-02-13,EXK,1,12.110605156660082,11.309434919595718,-0.06615443462160675,1,0.9754385964912281,0.14285714285714285,-0.009450633517372393,-8.909509609099018
2026-02-11,2026-02-12,2026-02-13,COMP,1,11.210560538148881,10.424478940725326,-0.07011974064531079,0,0.9842105263157894,0.14285714285714285,-0.01001710580647297,-9.443546855782259
2026-02-12,2026-02-13,2026-02-17,FLNC,1,17.2008607629776,18.019099457740783,0.04756963654541768,3,0.9956140350877193,0.125,0.00594620456817721,5.3865126836624695
2026-02-12,2026-02-13,2026-02-17,MARA,1,7.500375000000001,7.679615828347206,0.02389758223384897,3,1.0,0.125,0.002987197779231121,2.706025085741258
2026-02-12,2026-02-13,2026-02-17,EQX,1,15.466305198585294,15.234985357239994,-0.014956373767049391,3,0.9842105263157894,0.125,-0.001869546720881174,-1.693573944398124
2026-02-12,2026-02-13,2026-02-17,SOUN,1,7.680383828330041,7.329633423709869,-0.0456683432052426,3,0.9912280701754386,0.125,-0.005708542900655325,-5.171221135608744
2026-02-12,2026-02-13,2026-02-17,NVTS,1,8.38041911444664,8.144593207740783,-0.028140108923589202,3,0.9868421052631579,0.125,-0.0035175136154486503,-3.1864244640977373
2026-02-12,2026-02-13,2026-02-17,EXK,1,11.310565919637682,11.289435461854934,-0.0018682051749560058,2,0.9754385964912281,0.125,-0.00023352564686950072,-0.21154483408710748
2026-02-12,2026-02-13,2026-02-17,COMP,1,10.4255214407444,10.32948342370987,-0.009211819051966108,1,0.9842105263157894,0.125,-0.0011514773814957635,-1.0430935312201541
2026-02-12,2026-02-13,2026-02-17,RDW,1,8.13040661444664,7.769611480927467,-0.044376025779336636,0,0.9771929824561403,0.125,-0.0055470032224170795,-5.024886525729722
2026-02-13,2026-02-17,2026-02-18,FLNC,1,18.02090145778656,18.079095923709865,0.003229276074763643,4,0.9859649122807017,0.125,0.00040365950934545536,0.36232097914207906
2026-02-13,2026-02-17,2026-02-18,MARA,1,7.680383828330041,7.4796260190725326,-0.026139033379684595,4,0.9973684210526316,0.125,-0.0032673791724605744,-2.9327688152670537
2026-02-13,2026-02-17,2026-02-18,EQX,1,15.236508931954454,15.384837485414478,0.0097350747551459,4,0.9842105263157894,0.125,0.0012168843443932376,1.092263942643542
2026-02-13,2026-02-17,2026-02-18,SOUN,1,7.330366423702241,7.319634171652794,-0.001464081251756344,4,0.9947368421052631,0.125,-0.000183010156469543,-0.16426819522352087
2026-02-13,2026-02-17,2026-02-18,NVTS,1,8.14540770778656,8.259587228870393,0.014017655736825008,4,0.9929824561403509,0.125,0.001752206967103126,1.5727644940405885
2026-02-13,2026-02-17,2026-02-18,EXK,1,11.29056446185112,11.609419156694413,0.028240810804512684,3,0.9754385964912281,0.125,0.0035301013505640855,3.16858577141199
2026-02-13,2026-02-17,2026-02-18,COMP,1,10.330516423702242,10.099495381450655,-0.022362971295562195,2,0.9842105263157894,0.125,-0.0027953714119452744,-2.509099088695087
2026-02-13,2026-02-17,2026-02-18,RDW,1,7.770388480925561,8.139593343305588,0.04751433770477975,1,0.9763157894736842,0.125,0.005939292213097469,5.331052831010504
2026-02-17,2026-02-18,2026-02-19,FLNC,1,18.080903923702238,17.029149186611175,-0.05816936705870768,5,0.9859649122807017,0.1111111111111111,-0.006463263006523075,-5.839632110382322
2026-02-17,2026-02-18,2026-02-19,MARA,1,7.480374019074441,7.41962907629013,-0.008120575606168301,5,1.0,0.1111111111111111,-0.0009022861784631445,-0.8152258905741192
2026-02-17,2026-02-18,2026-02-19,EQX,1,15.386376046091055,15.195025311552786,-0.012436374489032564,5,0.9842105263157894,0.1111111111111111,-0.0013818193876702848,-1.2484896342364904
2026-02-17,2026-02-18,2026-02-19,SOUN,1,7.320366171669961,7.409629347419739,0.012193812940017867,5,0.9956140350877193,0.1111111111111111,0.0013548681044464295,1.2241388413364969
2026-02-17,2026-02-18,2026-02-19,NVTS,1,8.260413228893281,7.949602309274674,-0.03762655826120809,5,0.9894736842105263,0.1111111111111111,-0.004180728695689787,-3.7773362327213102
2026-02-17,2026-02-18,2026-02-19,EXK,1,11.610580156660081,11.529423232984543,-0.006989911148323147,4,0.9754385964912281,0.1111111111111111,-0.0007766567942581274,-0.7017183038844306
2026-02-17,2026-02-18,2026-02-19,COMP,1,10.100505381488803,10.279485732984543,0.01771994021445278,3,0.9842105263157894,0.1111111111111111,0.0019688822460503085,1.778907646802103
2026-02-17,2026-02-18,2026-02-19,RDW,1,8.140407343339922,8.159591847419739,0.0023567007485827407,2,0.9807017543859649,0.1111111111111111,0.0002618556387314156,0.2365895670155084
2026-02-17,2026-02-18,2026-02-19,QS,1,7.200359809255601,7.2096395381450655,0.0012887868294493288,0,0.9815789473684211,0.1111111111111111,0.00014319853660548098,0.12938151699492342
2026-02-18,2026-02-19,2026-02-20,FLNC,1,17.03085218667984,16.149192118549347,-0.05176840585934139,6,0.9859649122807017,0.1,-0.00517684058593414,-4.63044000594991
2026-02-18,2026-02-19,2026-02-20,MARA,1,7.42037107629776,7.879606114435196,0.061888419516421544,6,1.0,0.1,0.0061888419516421544,5.535627548827429
2026-02-18,2026-02-19,2026-02-20,EQX,1,15.196544890062869,16.98326238691357,0.11757392945412537,6,0.9842105263157894,0.1,0.011757392945412538,10.516434059807473
2026-02-18,2026-02-19,2026-02-20,SOUN,1,7.410370347404481,7.659616847419739,0.03363482367687021,6,0.9885964912280701,0.1,0.0033634823676870207,3.008476513061251
2026-02-18,2026-02-19,2026-02-20,NVTS,1,7.9503973092556,7.899605095362664,-0.006388638443742378,6,0.9921052631578947,0.1,-0.0006388638443742379,-0.57143360979342
2026-02-18,2026-02-19,2026-02-20,EXK,1,11.530576232957841,12.229388042259217,0.060605107254220414,5,0.9754385964912281,0.1,0.006060510725422042,5.420841313084186
2026-02-18,2026-02-19,2026-02-20,COMP,1,10.280513732957841,10.349482881450655,0.006708725875411048,4,0.9842105263157894,0.1,0.0006708725875411048,0.6000639225178925
2026-02-18,2026-02-19,2026-02-20,RDW,1,8.16040784740448,8.489575271129608,0.04033712896222741,3,0.9807017543859649,0.1,0.004033712896222741,3.6079661440483615
2026-02-18,2026-02-19,2026-02-20,QS,1,7.210360538148881,6.99965,-0.02922330125297401,1,0.9929824561403509,0.1,-0.0029223301252974013,-2.6138866163922962
2026-02-18,2026-02-19,2026-02-20,QUBT,1,8.0504026907444,8.159591847419739,0.013563191913477102,0,0.9798245614035088,0.1,0.0013563191913477102,1.213163615954924
2026-02-19,2026-02-20,2026-02-23,FLNC,1,16.150807118511203,16.199190762901306,0.0029957415771901807,7,0.9859649122807017,0.1111111111111111,0.0003328601752433534,0.30506467862616693
2026-02-19,2026-02-20,2026-02-23,MARA,1,7.8803941144466405,7.7496125000000005,-0.016595821547413014,7,0.9947368421052631,0.1111111111111111,-0.0018439801719347792,-1.6899985651123346
2026-02-19,2026-02-20,2026-02-23,EQX,1,16.98496079807282,17.0332116798596,0.0028408003033046914,7,0.9842105263157894,0.1111111111111111,0.0003156444781449657,0.2892865787113741
2026-02-19,2026-02-20,2026-02-23,SOUN,1,7.660382847404481,7.634618478870392,-0.0033633264873724755,7,0.9807017543859649,0.1111111111111111,-0.00037370294304138615,-0.3424968701564417
2026-02-19,2026-02-20,2026-02-23,NVTS,1,7.9003950953722,7.799610190725327,-0.012756944865442321,7,0.9947368421052631,0.1111111111111111,-0.0014174383183824801,-1.2990750988868869
2026-02-19,2026-02-20,2026-02-23,EXK,1,12.230611042213441,12.979350542259217,0.0612184867511143,6,0.9754385964912281,0.1111111111111111,0.006802054083457144,6.23404840020463
2026-02-19,2026-02-20,2026-02-23,COMP,1,10.350517881488804,10.219489267015458,-0.012659136090927503,5,0.9842105263157894,0.1111111111111111,-0.0014065706767697225,-1.2891149599378628
2026-02-19,2026-02-20,2026-02-23,QS,1,7.000350000000001,6.769661480927468,-0.03295385503189596,2,0.993859649122807,0.1111111111111111,-0.00366153944798844,-3.3557825118639832
2026-02-19,2026-02-20,2026-02-23,QUBT,1,8.16040784740448,7.759612228870392,-0.049114655300171894,1,0.9850877192982457,0.1111111111111111,-0.0054571839222413215,-5.001481652845091
2026-02-20,2026-02-23,2026-02-24,FLNC,1,16.200810762977603,15.697215054225921,-0.031084599167253257,8,0.9859649122807017,0.1111111111111111,-0.0034538443519170283,-3.144033139495626
2026-02-20,2026-02-23,2026-02-24,MARA,1,7.7503875,7.779611209797859,0.0037706127336032402,8,0.9921052631578947,0.1111111111111111,0.00041895697040036,0.3813763634803956
2026-02-20,2026-02-23,2026-02-24,EQX,1,17.034915086197906,17.31293688891625,0.016320703761159683,8,0.9842105263157894,0.1111111111111111,0.0018134115290177424,1.65074779342928
2026-02-20,2026-02-23,2026-02-24,SOUN,1,7.635381978893281,7.8396081525802614,0.02674734207817364,8,0.9798245614035088,0.1111111111111111,0.002971926897574849,2.705343872530772
2026-02-20,2026-02-23,2026-02-24,NVTS,1,7.800390190744401,8.059597419595718,0.03323003369227373,8,0.9964912280701754,0.1111111111111111,0.003692225965808192,3.3610318277845983
2026-02-20,2026-02-23,2026-02-24,EXK,1,12.98064854221344,12.599370381450655,-0.029372812885493205,7,0.9754385964912281,0.1111111111111111,-0.0032636458761659114,-2.97089554268668
2026-02-20,2026-02-23,2026-02-24,COMP,1,10.220511267042161,9.039547961854934,-0.11554835901364846,6,0.9842105263157894,0.1111111111111111,-0.01283870655707205,-11.687069471237137
2026-02-20,2026-02-23,2026-02-24,QS,1,6.7703384809255605,6.829658423709869,0.00876173960156268,3,0.986842105263158,0.1111111111111111,0.0009735266223958532,0.8862008970655945
2026-02-20,2026-02-23,2026-02-24,QUBT,1,7.760388228893281,7.809609442782402,0.006342622615948645,2,0.987719298245614,0.1111111111111111,0.0007047358462165161,0.641520760443477
2026-02-23,2026-02-24,2026-02-25,FLNC,1,15.698784854221346,16.699165762901305,0.06372346127228834,9,0.9859649122807017,0.1,0.006372346127228834,5.748645265884031
2026-02-23,2026-02-24,2026-02-25,MARA,1,7.780389209818841,8.389580843305588,0.0782983494859033,9,1.0,0.1,0.00782983494859033,7.063480657074918
2026-02-23,2026-02-24,2026-02-25,EQX,1,17.314668269174156,18.821450955373063,0.08702347990584824,9,0.9842105263157894,0.1,0.008702347990584825,7.85059546034204
2026-02-23,2026-02-24,2026-02-25,SOUN,1,7.840392152595521,8.649567118549347,0.10320593029086611,9,0.9921052631578947,0.1,0.010320593029086611,9.31045286511693
2026-02-23,2026-02-24,2026-02-25,NVTS,1,8.06040341963768,8.66956657629013,0.0755747727425573,9,0.9964912280701754,0.1,0.007557477274255731,6.817780309992288
2026-02-23,2026-02-24,2026-02-25,EXK,1,12.600630381488804,13.58932065258026,0.07846355627920887,8,0.9754385964912281,0.1,0.007846355627920886,7.07838435551292
2026-02-23,2026-02-24,2026-02-25,COMP,1,9.04045196185112,9.399529618549344,0.0397189939411724,7,0.9842105263157894,0.1,0.00397189939411724,3.5831450760332775
2026-02-23,2026-02-24,2026-02-25,QS,1,6.830341423702241,7.099644904637337,0.0394275284688661,4,0.9780701754385965,0.1,0.00394275284688661,3.5568512813446502
2026-02-23,2026-02-24,2026-02-25,QUBT,1,7.810390442776681,8.219589267015458,0.05239159645561875,3,0.987719298245614,0.1,0.005239159645561875,4.726370742006051
2026-02-23,2026-02-24,2026-02-25,HBM,1,25.643300854684995,28.24979533470488,0.10164426548634764,0,0.9640350877192982,0.1,0.010164426548634765,9.169571362352473
2026-02-24,2026-02-25,2026-02-26,FLNC,1,16.7008357629776,15.83920815258026,-0.05159188573708362,10,0.9859649122807017,0.1,-0.005159188573708362,-4.988852786797226
2026-02-24,2026-02-25,2026-02-26,MARA,1,8.39041984333992,8.429578805160522,0.004667103977125331,10,0.9921052631578947,0.1,0.0004667103977125331,0.451301485687278
2026-02-24,2026-02-25,2026-02-26,EQX,1,18.823333194580563,17.992268408965877,-0.044150776965152905,10,0.9842105263157894,0.1,-0.004415077696515291,-4.269309476771934
2026-02-24,2026-02-25,2026-02-26,SOUN,1,8.650432118511201,8.639568343305587,-0.0012558650315707132,10,0.9824561403508771,0.1,-0.00012558650315707133,-0.12144013875595362
2026-02-24,2026-02-25,2026-02-26,NVTS,1,8.67043357629776,9.81950869483948,0.1325279881830741,10,0.9789473684210526,0.1,0.013252798818307411,12.815244368951674
2026-02-24,2026-02-25,2026-02-26,EXK,1,13.590679652595522,13.049347690725327,-0.03983111777392334,9,0.9754385964912281,0.1,-0.003983111777392335,-3.8516053458548916
2026-02-24,2026-02-25,2026-02-26,COMP,1,9.400469618511199,9.539522961854935,0.0147921698581861,8,0.9842105263157894,0.1,0.0014792169858186101,1.4303791529516825
2026-02-24,2026-02-25,2026-02-26,QS,1,7.1003549046278005,6.949652309274674,-0.021224656707639067,5,0.993859649122807,0.1,-0.0021224656707639067,-2.052390337200052
2026-02-24,2026-02-25,2026-02-26,QUBT,1,8.220411267042161,9.099545381450655,0.10694527145292332,4,0.9736842105263158,0.1,0.010694527145292333,10.34143660190355
2026-02-24,2026-02-25,2026-02-26,HBM,1,28.252620455494394,27.350121081321255,-0.031943917400328314,1,0.9640350877192982,0.1,-0.0031943917400328314,-3.0889256918418813
2026-02-25,2026-02-26,2026-02-27,FLNC,1,15.840792152595522,15.619218885564804,-0.013987511792105334,11,0.9859649122807017,0.1,-0.0013987511792105335,-1.3618938542074381
2026-02-25,2026-02-26,2026-02-27,MARA,1,8.430421805191042,9.67951630516052,0.1481651249289031,11,0.9859649122807017,0.1,0.01481651249289031,14.426094937231053
2026-02-25,2026-02-26,2026-02-27,EQX,1,17.994067725772616,18.62164806005852,0.034877068590057014,11,0.9842105263157894,0.1,0.0034877068590057018,3.395805206211063
2026-02-25,2026-02-26,2026-02-27,SOUN,1,8.64043234333992,9.029548232984542,0.04503430779647899,11,0.9850877192982456,0.1,0.004503430779647899,4.384764633487358
2026-02-25,2026-02-26,2026-02-27,NVTS,1,9.820490694808964,9.109544156694412,-0.072394197012004,11,0.9754385964912281,0.1,-0.0072394197012004,-7.048659794272885
2026-02-25,2026-02-26,2026-02-27,EXK,1,13.050652690744402,13.609319156694413,0.042807549874208206,10,0.9666666666666667,0.1,0.004280754987420821,4.167956385228369
2026-02-25,2026-02-26,2026-02-27,COMP,1,9.540476961851121,9.699514809274673,0.01666980047847555,9,0.9842105263157894,0.1,0.0016669800478475551,1.6230548477759668
2026-02-25,2026-02-26,2026-02-27,QS,1,6.9503473092556005,7.019648980927467,0.009970965275300614,6,0.9921052631578947,0.1,0.0009970965275300614,0.9708228690546665
2026-02-25,2026-02-26,2026-02-27,QUBT,1,9.100455381488803,8.709564538145065,-0.042952888285002544,5,0.9736842105263158,0.1,-0.004295288828500255,-4.182107257190658
2026-02-25,2026-02-26,2026-02-27,HBM,1,27.352856230186834,28.02987571636653,0.02475132689918258,2,0.9640350877192982,0.1,0.002475132689918258,2.40991253401491
2026-02-26,2026-02-27,2026-03-02,FLNC,1,15.620780885553362,14.879256114435195,-0.04747040346772646,12,0.9859649122807017,0.1111111111111111,-0.005274489274191829,-5.234590848682854
2026-02-26,2026-02-27,2026-03-02,MARA,1,9.680484305191039,8.609569156694413,-0.11062619541899998,12,0.9859649122807017,0.1111111111111111,-0.012291799490999997,-12.198819219191959
2026-02-26,2026-02-27,2026-03-02,EQX,1,18.623510317977424,18.87639634659142,0.013578859425329881,12,0.9842105263157894,0.1111111111111111,0.0015087621583699867,1.497349255346175
2026-02-26,2026-02-27,2026-03-02,SOUN,1,9.03045123295784,7.944602921652794,-0.12024297383303484,12,0.9640350877192982,0.1111111111111111,-0.013360330425892759,-13.259267342708375
2026-02-26,2026-02-27,2026-03-02,EXK,1,13.61068015666008,13.709314538145065,0.007246837068368039,11,0.9798245614035088,0.1111111111111111,0.0008052041187075599,0.7991132206357846
2026-02-26,2026-02-27,2026-03-02,COMP,1,9.7004848092556,9.449527309274673,-0.025870614192548325,10,0.9842105263157894,0.1111111111111111,-0.0028745126880609247,-2.8527686813150246
2026-02-26,2026-02-27,2026-03-02,QS,1,7.020350980925561,6.649667595362663,-0.0528012611577473,7,0.9859649122807017,0.1111111111111111,-0.005866806795305255,-5.822427834285582
2026-02-26,2026-02-27,2026-03-02,HBM,1,28.032678844094555,27.47007587229578,-0.020069540086686932,3,0.9640350877192982,0.1111111111111111,-0.00222994889852077,-2.213080639739433
2026-02-26,2026-02-27,2026-03-02,EOSE,1,6.155307959818841,5.499725,-0.10650693094454622,0,0.987719298245614,0.1111111111111111,-0.011834103438282912,-11.744585369337708
2026-02-27,2026-03-02,2026-03-03,FLNC,1,14.880744114446642,14.229288042259217,-0.04377846075284464,13,0.9859649122807017,0.1111111111111111,-0.004864273416982737,-4.578534527752468
2026-02-27,2026-03-02,2026-03-03,MARA,1,8.610430156660081,9.019549457740784,0.047514385882829746,13,0.9684210526315791,0.1111111111111111,0.0052793762092033045,4.9692532032514345
2026-02-27,2026-03-02,2026-03-03,EQX,1,18.878284080612783,17.54271011290089,-0.07074657643718107,13,0.9842105263157894,0.1111111111111111,-0.00786073071524234,-7.3989728594298585
2026-02-27,2026-03-02,2026-03-03,SOUN,1,7.945397421669961,8.229588042259216,0.03576795539694033,13,0.9763157894736842,0.1111111111111111,0.003974217266326703,3.740762373911477
2026-02-27,2026-03-02,2026-03-03,EXK,1,13.710685538148882,12.209389538145066,-0.1094982446958308,12,0.9850877192982457,0.1111111111111111,-0.012166471632870088,-11.4517844037167
2026-02-27,2026-03-02,2026-03-03,COMP,1,9.4504723092556,9.65951684741974,0.02212000959564797,11,0.9842105263157894,0.1111111111111111,0.0024577788439608854,2.3134031198506526
2026-02-27,2026-03-02,2026-03-03,QS,1,6.650332595372201,6.609669633507728,-0.0061144252984833836,8,0.9859649122807017,0.1111111111111111,-0.0006793805887203759,-0.6394721711327024
2026-02-27,2026-03-02,2026-03-03,HBM,1,27.472823017240263,25.03095909959209,-0.08888289041558672,4,0.9640350877192982,0.1111111111111111,-0.009875876712842969,-9.29574442993087
2026-02-27,2026-03-02,2026-03-03,EOSE,1,5.500275,5.7497125,0.04535000522701127,1,1.0,0.1111111111111111,0.005038889469667919,4.742893221802783
2026-03-02,2026-03-03,2026-03-04,FLNC,1,14.230711042213441,15.049247690725327,0.057519026708068965,14,0.9859649122807017,0.1111111111111111,0.006391002967563218,5.9031102590091304
2026-03-02,2026-03-03,2026-03-04,MARA,1,9.02045145778656,9.109544156694412,0.009876745008249532,14,0.9684210526315791,0.1111111111111111,0.0010974161120277258,1.0136387578275212
2026-03-02,2026-03-03,2026-03-04,EQX,1,17.54446447163012,17.722534767673714,0.010149656966249143,14,0.9842105263157894,0.1111111111111111,0.0011277396629165715,1.041647392035648
2026-03-02,2026-03-03,2026-03-04,SOUN,1,8.23041104221344,8.57957092370987,0.04242314019380111,14,0.9894736842105263,0.1111111111111111,0.004713682243755679,4.353837128858771
2026-03-02,2026-03-03,2026-03-04,EXK,1,12.210610538148881,12.2493875,0.0031756775576430307,13,0.9728070175438597,0.1111111111111111,0.00035285306196033674,0.3259160636526875
2026-03-02,2026-03-03,2026-03-04,COMP,1,9.66048284740448,9.849507881450656,0.01956683087501787,12,0.9842105263157894,0.1111111111111111,0.00217409231944643,2.0081209068583066
2026-03-02,2026-03-03,2026-03-04,QS,1,6.61033063352108,6.569671671652794,-0.00615082121038002,9,0.9815789473684211,0.1111111111111111,-0.0006834245789311133,-0.6312515678091561
2026-03-02,2026-03-03,2026-03-04,HBM,1,25.0334623206631,25.670727712993482,0.025456542293966544,5,0.9719298245614036,0.1111111111111111,0.002828504699329616,2.6125750829739434
2026-03-02,2026-03-03,2026-03-04,EOSE,1,5.750287500000001,6.189690557217598,0.07641410228925039,2,1.0,0.1111111111111111,0.00849045580991671,7.842289707822332
2026-03-03,2026-03-04,2026-03-05,MARA,1,9.11045515666008,9.089545652580261,-0.0022951108062404524,15,0.9798245614035088,0.1,-0.00022951108062404526,-0.21760618698788142
2026-03-03,2026-03-04,2026-03-05,EQX,1,17.72430710976759,16.823419870258554,-0.0508277832205114,15,0.9842105263157894,0.1,-0.0050827783220511406,-4.819131202549588
2026-03-03,2026-03-04,2026-03-05,SOUN,1,8.580428923702241,8.104594292259216,-0.05545580945593498,15,0.9894736842105263,0.1,-0.005545580945593498,-5.257927943705663
2026-03-03,2026-03-04,2026-03-05,EXK,1,12.2506125,12.109394156694412,-0.011527451652363352,14,0.9728070175438597,0.1,-0.0011527451652363352,-1.0929515006148856
2026-03-03,2026-03-04,2026-03-05,COMP,1,9.850492881488803,9.439527580404281,-0.0417202779626199,13,0.9842105263157894,0.1,-0.00417202779626199,-3.9556219171795037
2026-03-03,2026-03-04,2026-03-05,QS,1,6.5703286716699605,6.899655095362664,0.050123279998563586,10,0.9833333333333334,0.1,0.005012327999856359,4.752335185803075
2026-03-03,2026-03-04,2026-03-05,HBM,1,25.673294914124842,23.99133389845157,-0.06551403009622647,6,0.9719298245614036,0.1,-0.006551403009622647,-6.211577342883008
2026-03-03,2026-03-04,2026-03-05,EOSE,1,6.190309557223321,6.6646667118549345,0.07662898765346848,3,0.9947368421052631,0.1,0.007662898765346849,7.265419068514347
2026-03-03,2026-03-04,2026-03-05,RDW,1,9.0504526907444,9.199539809274674,0.01647289076299363,0,0.986842105263158,0.1,0.0016472890762993632,1.5618430874258138
2026-03-03,2026-03-04,2026-03-05,QUBT,1,7.990399271106721,7.979601019072533,-0.0013514033113758428,0,0.9842105263157895,0.1,-0.0001351403311375843,-0.12813051155164337
2026-03-04,2026-03-05,2026-03-06,MARA,1,9.09045465259552,8.459577038145065,-0.06940000677197433,16,0.9798245614035088,0.1111111111111111,-0.007711111863552703,-7.247548818649808
2026-03-04,2026-03-05,2026-03-06,EQX,1,16.825102296366886,16.094138888154486,-0.043444812122791054,16,0.9842105263157894,0.1111111111111111,-0.004827201346976784,-4.537008156376
2026-03-04,2026-03-05,2026-03-06,SOUN,1,8.105404792213442,7.9996,-0.01305360989682891,16,0.9885964912280701,0.1111111111111111,-0.0014504010996476567,-1.3632084402775972
2026-03-04,2026-03-05,2026-03-06,EXK,1,12.110605156660082,11.269436957740783,-0.06945715660267471,15,0.9728070175438597,0.1111111111111111,-0.0077174618447416335,-7.253517062850986
2026-03-04,2026-03-05,2026-03-06,COMP,1,9.44047158036232,9.039547961854934,-0.04246860075733627,14,0.9842105263157894,0.1111111111111111,-0.004718733417481808,-4.435060910870666
2026-03-04,2026-03-05,2026-03-06,QS,1,6.9003450953722005,6.769661480927468,-0.018938707070227156,11,0.9807017543859649,0.1111111111111111,-0.002104300785580795,-1.9777981363109711
2026-03-04,2026-03-05,2026-03-06,HBM,1,23.993733151804083,22.431897093897213,-0.06509349954112642,7,0.9657894736842105,0.1111111111111111,-0.007232611060125157,-6.797813683954652
2026-03-04,2026-03-05,2026-03-06,EOSE,1,6.665333211851121,6.519673980927467,-0.021853255687902973,4,0.9929824561403509,0.1111111111111111,-0.0024281395208781077,-2.2821689047510683
2026-03-04,2026-03-05,2026-03-06,QUBT,1,7.980399019074441,7.499625,-0.06024435844941001,1,0.9850877192982457,0.1111111111111111,-0.0066938176054900005,-6.291410465490878
2026-03-05,2026-03-06,2026-03-09,MARA,1,8.46042303814888,8.059597419595718,-0.04737654568167571,17,0.9807017543859649,0.1,-0.004737654568167571,-4.2527614602958375
2026-03-05,2026-03-06,2026-03-09,EQX,1,16.09574838251802,16.11411811783275,0.0011412787326297025,17,0.9842105263157894,0.1,0.00011412787326297025,0.10244702604943494
2026-03-05,2026-03-06,2026-03-09,SOUN,1,8.0004,7.944602921652794,-0.006974286079096892,17,0.9885964912280701,0.1,-0.0006974286079096892,-0.6260476491795581
2026-03-05,2026-03-06,2026-03-09,EXK,1,11.27056395778656,10.829458423709871,-0.03913784046023183,16,0.9728070175438597,0.1,-0.0039137840460231835,-3.5132130710166605
2026-03-05,2026-03-06,2026-03-09,COMP,1,9.04045196185112,8.499575,-0.059828531154582976,15,0.9842105263157894,0.1,-0.005982853115458298,-5.370515470458416
2026-03-05,2026-03-06,2026-03-09,QS,1,6.7703384809255605,6.479676019072532,-0.042931747455747904,12,0.9789473684210527,0.1,-0.004293174745574791,-3.853773599909717
2026-03-05,2026-03-06,2026-03-09,HBM,1,22.4341403957717,21.402268820660478,-0.045995592294042376,8,0.9657894736842105,0.1,-0.004599559229404237,-4.128800009310112
2026-03-05,2026-03-06,2026-03-09,EOSE,1,6.520325980925561,6.049697690725327,-0.07217864437713717,5,0.9929824561403509,0.1,-0.007217864437713717,-6.479124905516552
2026-03-05,2026-03-06,2026-03-09,QUBT,1,7.500375000000001,7.399630095362664,-0.013431982352527294,2,0.9921052631578947,0.1,-0.0013431982352527295,-1.2057235508053497
2026-03-05,2026-03-06,2026-03-09,NVTS,1,8.690434080362321,8.039597961854934,-0.0748910943330292,0,0.9815789473684211,0.1,-0.007489109433302921,-6.722608310003353
2026-03-06,2026-03-09,2026-03-10,MARA,1,8.06040341963768,8.699564809274673,0.07929645159940679,18,0.9903508771929824,0.09090909090909091,0.0072087683272188,6.210759252274676
2026-03-06,2026-03-09,2026-03-10,EQX,1,16.115729610219155,16.893350647712793,0.04825230109349432,18,0.9842105263157894,0.09090909090909091,0.0043865728266813024,3.779279140684843
2026-03-06,2026-03-09,2026-03-10,SOUN,1,7.945397421669961,8.209589538145066,0.03325096309903364,18,0.9885964912280701,0.09090909090909091,0.003022814827184876,2.604324942024416
2026-03-06,2026-03-09,2026-03-10,EXK,1,10.830541423702243,11.789410461854935,0.08853380460317917,17,0.9728070175438597,0.09090909090909091,0.008048527691198105,6.934259162769229
2026-03-06,2026-03-09,2026-03-10,COMP,1,8.500425000000002,9.024548368549345,0.06165848984601863,16,0.9842105263157894,0.09090909090909091,0.0056053172587289665,4.829295997089852
2026-03-06,2026-03-09,2026-03-10,QS,1,6.480324019074441,6.87465625,0.060850696626413514,13,0.9789473684210527,0.09090909090909091,0.0055318815114921375,4.766026971661924
2026-03-06,2026-03-09,2026-03-10,HBM,1,21.40440915455924,22.948853262901306,0.07215541887607269,9,0.9657894736842105,0.09090909090909091,0.006559583534188426,5.651450050378745
2026-03-06,2026-03-09,2026-03-10,EOSE,1,6.050302690744401,6.267686725878716,0.03592944787156904,6,0.9964912280701754,0.09090909090909091,0.003266313442869913,2.8141126910039116
2026-03-06,2026-03-09,2026-03-10,QUBT,1,7.4003700953722005,7.739612771129608,0.04584131217566423,3,0.9842105263157894,0.09090909090909091,0.0041673920159694755,3.5904425480439564
2026-03-06,2026-03-09,2026-03-10,NVTS,1,8.04040196185112,8.449577309274673,0.05088991189308012,1,0.9885964912280703,0.09090909090909091,0.004626355626643647,3.98586550548442
2026-03-06,2026-03-09,2026-03-10,RDW,1,8.71043553814888,9.499525,0.09059127507403786,0,0.975438596491228,0.09090909090909091,0.00823557046127617,7.095407026329661
2026-03-09,2026-03-10,2026-03-11,MARA,1,8.7004348092556,8.599570381450652,-0.011593032993896801,19,0.9903508771929824,0.1,-0.0011593032993896801,-1.0593416466719332
2026-03-09,2026-03-10,2026-03-11,EQX,1,16.895040067248544,16.283951973737622,-0.03616967412202421,19,0.9842105263157894,0.1,-0.003616967412202421,-3.3050921328511675
2026-03-09,2026-03-10,2026-03-11,SOUN,1,8.210410538148881,7.909604347419739,-0.03663716806016892,19,0.974561403508772,0.1,-0.0036637168060168926,-3.347810530918704
2026-03-09,2026-03-10,2026-03-11,EXK,1,11.790589461851122,11.2494375,-0.04589693870709666,18,0.9728070175438597,0.1,-0.0045896938707096656,-4.1939446435435
2026-03-09,2026-03-10,2026-03-11,COMP,1,9.025450868511198,8.7495625,-0.030567821212538315,17,0.9842105263157894,0.1,-0.0030567821212538317,-2.7932091692925485
2026-03-09,2026-03-10,2026-03-11,QS,1,6.875343750000001,6.859657133507729,-0.0022815755928236037,14,0.9789473684210527,0.1,-0.00022815755928236038,-0.20848453090581825
2026-03-09,2026-03-10,2026-03-11,HBM,1,22.951148262977604,22.618869839191436,-0.014477638328979192,10,0.9657894736842105,0.1,-0.0014477638328979194,-1.3229294901011335
2026-03-09,2026-03-10,2026-03-11,EOSE,1,6.268313525891305,6.3896803664922714,0.019361960772967146,7,0.9947368421052631,0.1,0.0019361960772967147,1.7692463584663698
2026-03-09,2026-03-10,2026-03-11,QUBT,1,7.740386771106721,7.57962092370987,-0.020769743444469357,4,0.9859649122807017,0.1,-0.002076974344446936,-1.8978859314038814
2026-03-09,2026-03-10,2026-03-11,NVTS,1,8.4504223092556,8.719564267015457,0.03184952750409531,2,0.9850877192982457,0.1,0.003184952750409531,2.9103282057140407
2026-03-10,2026-03-11,2026-03-12,MARA,1,8.6004303814888,8.439577580404281,-0.018702878106045984,20,0.9868421052631579,0.1,-0.0018702878106045984,-1.683781890508028
2026-03-10,2026-03-11,2026-03-12,EQX,1,16.28558045035883,15.949202309274673,-0.020654967878455,20,0.9842105263157894,0.1,-0.0020654967878455,-1.8595245429913219
2026-03-10,2026-03-11,2026-03-12,SOUN,1,7.910395347404481,7.669616576290131,-0.03043827274617228,20,0.9675438596491228,0.1,-0.003043827274617228,-2.740295484884819
2026-03-10,2026-03-11,2026-03-12,EXK,1,11.250562500000001,11.059447419595719,-0.016987157789157825,19,0.9728070175438597,0.1,-0.0016987157789157825,-1.529319097007861
2026-03-10,2026-03-11,2026-03-12,COMP,1,8.7504375,8.449577309274673,-0.03438230268204612,18,0.9842105263157894,0.1,-0.0034382302682046118,-3.095368439111
2026-03-10,2026-03-11,2026-03-12,QS,1,6.860343133521081,6.8896553664922715,0.004272706539701243,15,0.9789473684210527,0.1,0.00042727065397012436,0.3846630371118394
2026-03-10,2026-03-11,2026-03-12,HBM,1,22.621131839275364,22.418879076290132,-0.008940877247975543,11,0.9657894736842105,0.1,-0.0008940877247975543,-0.8049289050614027
2026-03-10,2026-03-11,2026-03-12,EOSE,1,6.390319366478921,6.289685461854935,-0.015747867806399696,8,1.0,0.1,-0.0015747867806399697,-1.417748352749971
2026-03-10,2026-03-11,2026-03-12,QUBT,1,7.5803789237022405,7.489625271129608,-0.011972178895815477,5,0.9929824561403509,0.1,-0.0011972178895815477,-1.0778307969712935
2026-03-10,2026-03-11,2026-03-12,NVTS,1,8.72043626704216,10.419479076290129,0.19483461116151912,3,0.9850877192982457,0.1,0.019483461116151915,17.540561835340696
2026-03-11,2026-03-12,2026-03-13,MARA,1,8.44042158036232,9.179541305160521,0.08756905301008344,21,0.9798245614035088,0.09090909090909091,0.007960823000916677,7.196552062998569
2026-03-11,2026-03-12,2026-03-13,EQX,1,15.950797309255602,15.729213042259216,-0.013891736112012998,21,0.9842105263157894,0.09090909090909091,-0.0012628851010920907,-1.1416430661186567
2026-03-11,2026-03-12,2026-03-13,SOUN,1,7.670383576297761,7.6146190211296085,-0.007270112975897303,21,0.9675438596491228,0.09090909090909091,-0.0006609193614452093,-0.5974684518845014
2026-03-11,2026-03-12,2026-03-13,EXK,1,11.060553419637682,10.739462771129608,-0.02903025159102679,20,0.9728070175438597,0.09090909090909091,-0.0026391137810024357,-2.385748272882599
2026-03-11,2026-03-12,2026-03-13,COMP,1,8.4504223092556,8.16959157629013,-0.03323274538100662,19,0.9842105263157894,0.09090909090909091,-0.0030211586710006022,-2.731115321108364
2026-03-11,2026-03-12,2026-03-13,QS,1,6.890344366478921,6.939653057217598,0.007156201216670821,16,0.9789473684210527,0.09090909090909091,0.0006505637469700747,0.5881070179340083
2026-03-11,2026-03-12,2026-03-13,HBM,1,22.421121076297762,21.828908423709866,-0.026413159742219472,12,0.9657894736842105,0.09090909090909091,-0.0024011963402017704,-2.1706718606548416
2026-03-11,2026-03-12,2026-03-13,EOSE,1,6.29031446185112,6.204689673709869,-0.013612163376018782,9,0.9964912280701754,0.09090909090909091,-0.0012374693978198894,-1.1186673722996812
2026-03-11,2026-03-12,2026-03-13,QUBT,1,7.490374271106721,7.489625271129608,-9.999500025015262e-05,6,0.9789473684210527,0.09090909090909091,-9.090454568195693e-06,-0.008217734469012873
2026-03-11,2026-03-12,2026-03-13,OWL,1,8.580428923702241,8.66956657629013,0.010388484466278713,0,0.9921052631578947,0.09090909090909091,0.0009444076787526103,0.8537407536954638
2026-03-11,2026-03-12,2026-03-13,LUMN,1,6.510325728893281,6.549672690725327,0.00604377775714382,0,0.987719298245614,0.09090909090909091,0.0005494343415585291,0.4966864410589196
2026-03-12,2026-03-13,2026-03-16,MARA,1,9.18045930519104,9.759512228870392,0.06307450470935927,22,0.9798245614035088,0.08333333333333333,0.005256208725779939,4.745525703671337
2026-03-12,2026-03-13,2026-03-16,EQX,1,15.730786042213442,14.559272419595718,-0.0744726690372608,22,0.9842105263157894,0.08333333333333333,-0.006206055753105066,-5.60308744025522
2026-03-12,2026-03-13,2026-03-16,SOUN,1,7.6153805211067205,7.5296237097978596,-0.011261001478675703,22,0.9675438596491228,0.08333333333333333,-0.0009384167898896418,-0.8472420387980774
2026-03-12,2026-03-13,2026-03-16,EXK,1,10.74053677110672,10.089495652580261,-0.06061532420594051,21,0.9728070175438597,0.08333333333333333,-0.005051277017161709,-4.56050476149009
2026-03-12,2026-03-13,2026-03-16,COMP,1,8.170408576297762,8.399579618549346,0.02804890846173924,20,0.9842105263157894,0.08333333333333333,0.00233740903847827,2.1103109200532026
2026-03-12,2026-03-13,2026-03-16,QS,1,6.94034705722332,6.809659442782402,-0.018830126701647076,17,0.9789473684210527,0.08333333333333333,-0.0015691772251372562,-1.4167190163095282
2026-03-12,2026-03-13,2026-03-16,HBM,1,21.83109142370224,21.20893858451843,-0.02849847619200252,13,0.9657894736842105,0.08333333333333333,-0.00237487301600021,-2.1441349703463635
2026-03-12,2026-03-13,2026-03-16,EOSE,1,6.205310173702241,5.8947052309274675,-0.05005470058388051,10,1.0,0.08333333333333333,-0.004171225048656709,-3.765956931487898
2026-03-12,2026-03-13,2026-03-16,QUBT,1,7.490374271106721,7.494625135564804,0.0005675102877675808,7,0.9903508771929824,0.08333333333333333,4.729252398063173e-05,0.04269767428390687
2026-03-12,2026-03-13,2026-03-16,OWL,1,8.67043357629776,8.869556385564804,0.02296572685954046,1,0.9842105263157894,0.08333333333333333,0.0019138105716283715,1.727868456797773
2026-03-12,2026-03-13,2026-03-16,LUMN,1,6.550327690744401,6.7996601907253265,0.03806412621665212,1,0.9833333333333334,0.08333333333333333,0.0031720105180543428,2.8638241422783506
2026-03-12,2026-03-13,2026-03-16,FLNC,1,16.76083822889328,16.91915407629013,0.009445580539279685,0,0.9649122807017545,0.08333333333333333,0.0007871317116066404,0.7106555246338431
2026-03-13,2026-03-16,2026-03-17,MARA,1,9.760488228893282,9.209539538145066,-0.05644683727165223,23,0.9798245614035088,0.07692307692307693,-0.00434206440551171,-3.8933556395914852
2026-03-13,2026-03-16,2026-03-17,EQX,1,14.560728419637682,14.99925,0.03011673370481205,23,0.9842105263157894,0.07692307692307693,0.0023166718234470807,2.0772670477782613
2026-03-13,2026-03-16,2026-03-17,SOUN,1,7.5303767098188406,7.504624864435196,-0.003419728703620728,23,0.9666666666666668,0.07692307692307693,-0.0002630560541246714,-0.2358718517751407
2026-03-13,2026-03-16,2026-03-17,EXK,1,10.090504652595522,10.2494875,0.015755688429674786,22,0.9728070175438597,0.07692307692307693,0.0012119760330519067,1.0867304771763897
2026-03-13,2026-03-16,2026-03-17,COMP,1,8.4004196185112,8.349582881450653,-0.006051690197537707,21,0.9842105263157894,0.07692307692307693,-0.00046551463057982364,-0.41740836685417876
2026-03-13,2026-03-16,2026-03-17,QS,1,6.81034044277668,6.8896553664922715,0.011646249461686686,18,0.9789473684210527,0.07692307692307693,0.0008958653432066682,0.8032866536619678
2026-03-13,2026-03-16,2026-03-17,HBM,1,21.21105958442688,21.228938042259216,0.0008428837683083223,14,0.9657894736842105,0.07692307692307693,6.483721294679403e-05,0.05813693789556891
2026-03-13,2026-03-16,2026-03-17,EOSE,1,5.895294730925561,5.539722961854935,-0.0603145025481705,11,1.0,0.07692307692307693,-0.004639577119090039,-4.160123400979365
2026-03-13,2026-03-16,2026-03-17,QUBT,1,7.495374635553361,7.349632404637337,-0.019444289045235208,8,0.9929824561403509,0.07692307692307693,-0.0014957145419411699,-1.3411474596492934
2026-03-13,2026-03-16,2026-03-17,OWL,1,8.870443385553362,8.979550542259217,0.012300079259121466,2,0.9885964912280701,0.07692307692307693,0.0009461599430093436,0.8483838114872135
2026-03-13,2026-03-16,2026-03-17,LUMN,1,6.800340190744401,6.689665557217598,-0.016274867201119814,2,0.9798245614035088,0.07692307692307693,-0.001251912861624601,-1.1225402354456417
2026-03-13,2026-03-16,2026-03-17,FLNC,1,16.92084607629776,16.559171465969087,-0.02137449916498546,1,0.9649122807017545,0.07692307692307693,-0.00164419224346042,-1.4742814812980183
2026-03-13,2026-03-16,2026-03-17,RIVN,1,15.03575159740448,15.309234919595719,0.018188869403671593,0,0.9666666666666668,0.07692307692307693,0.0013991438002824302,1.2545563346583049
2026-03-16,2026-03-17,2026-03-18,MARA,1,9.210460538148881,9.039547961854934,-0.0185563550906106,24,0.975438596491228,0.07692307692307693,-0.0014274119300469693,-1.270537701593005
2026-03-16,2026-03-17,2026-03-18,EQX,1,15.000750000000002,13.904304482984543,-0.07309271316537236,24,0.9842105263157894,0.07692307692307693,-0.005622516397336336,-5.004595317068444
2026-03-16,2026-03-17,2026-03-18,SOUN,1,7.505375364446641,7.6996148092746735,0.025880044021269866,24,0.9754385964912281,0.07692307692307693,0.001990772617020759,1.771984394960618
2026-03-16,2026-03-17,2026-03-18,EXK,1,10.250512500000001,9.9995,-0.024487800000244087,23,0.9728070175438597,0.07692307692307693,-0.001883676923095699,-1.6766586421447671
2026-03-16,2026-03-17,2026-03-18,COMP,1,8.3504178814888,8.359581656694413,0.0010974031881598734,22,0.9842105263157894,0.07692307692307693,8.44156298584518e-05,0.07513825412356893
2026-03-16,2026-03-17,2026-03-18,QS,1,6.890344366478921,6.879656114435196,-0.0015511927235047906,19,0.9789473684210527,0.07692307692307693,-0.00011932251719267621,-0.10620883401001567
2026-03-16,2026-03-17,2026-03-18,HBM,1,21.231061042213444,20.698965762901306,-0.025062114335886454,15,0.9657894736842105,0.07692307692307693,-0.0019278549489143426,-1.7159814516316467
2026-03-16,2026-03-17,2026-03-18,EOSE,1,5.540276961851121,5.679715828347206,0.025168212249355726,12,1.0,0.07692307692307693,0.0019360163268735174,1.723245884677082
2026-03-16,2026-03-17,2026-03-18,QUBT,1,7.350367404627801,7.4796260190725326,0.017585327008735607,9,0.9929824561403509,0.07692307692307693,0.0013527174622104314,1.2040522424980789
2026-03-16,2026-03-17,2026-03-18,OWL,1,8.980448542213441,9.07954592370987,0.011034791973988156,3,0.9885964912280701,0.07692307692307693,0.0008488301518452428,0.7555427325963353
2026-03-16,2026-03-17,2026-03-18,LUMN,1,6.690334557223321,6.769661480927468,0.011856944226877442,3,0.9798245614035088,0.07692307692307693,0.0009120726328367264,0.8118347914971705
2026-03-16,2026-03-17,2026-03-18,FLNC,1,16.560827465915683,16.66916657629013,0.006541889926540367,2,0.9649122807017545,0.07692307692307693,0.0005032223020415668,0.44791758676501664
2026-03-16,2026-03-17,2026-03-18,RIVN,1,15.310765919637682,15.649217118549345,0.022105438793075916,1,0.9710526315789474,0.07692307692307693,0.0017004183686981475,1.5135404156536518
2026-03-17,2026-03-18,2026-03-19,MARA,1,9.04045196185112,8.639568343305587,-0.04434331604627528,25,0.975438596491228,0.07692307692307693,-0.003411024311251945,-3.031132098041851
2026-03-17,2026-03-18,2026-03-19,EQX,1,13.905694982957842,12.419379076290129,-0.1068854097899653,25,0.9754385964912282,0.07692307692307693,-0.008221954599228101,-7.306260002942073
2026-03-17,2026-03-18,2026-03-19,SOUN,1,7.700384809255601,7.1196438855648045,-0.07541713019234642,25,0.9824561403508771,0.07692307692307693,-0.00580131770710357,-5.155214008570388
2026-03-17,2026-03-18,2026-03-19,EXK,1,10.0005,8.32958342370987,-0.16708330346383982,24,0.9728070175438597,0.07692307692307693,-0.012852561804910756,-11.421147747443948
2026-03-17,2026-03-18,2026-03-19,QS,1,6.880344114446641,6.7496625,-0.018993470714967375,20,0.9789473684210527,0.07692307692307693,-0.0014610362088436444,-1.2983178496907062
2026-03-17,2026-03-18,2026-03-19,HBM,1,20.701035762977604,18.88905488967896,-0.08753092811613072,16,0.9657894736842105,0.07692307692307693,-0.006733148316625441,-5.983264885001394
2026-03-17,2026-03-18,2026-03-19,EOSE,1,5.68028382833004,5.149742595362663,-0.09340047944811103,13,1.0,0.07692307692307693,-0.00718465226523931,-6.384483986994201
2026-03-17,2026-03-18,2026-03-19,QUBT,1,7.480374019074441,7.009649728870392,-0.06292790828422945,10,0.9929824561403509,0.07692307692307693,-0.004840608329556112,-4.301500646995106
2026-03-17,2026-03-18,2026-03-19,OWL,1,9.080453923702242,8.949552309274674,-0.014415756693162973,4,0.9885964912280701,0.07692307692307693,-0.0011089043610125365,-0.9854035901286252
2026-03-17,2026-03-18,2026-03-19,LUMN,1,6.7703384809255605,6.409679347419739,-0.05327047303793242,4,0.9798245614035088,0.07692307692307693,-0.004097728695225571,-3.6413569191497794
2026-03-17,2026-03-18,2026-03-19,FLNC,1,16.670833576297763,15.909204347419738,-0.0456863314838013,3,0.9649122807017545,0.07692307692307693,-0.003514333191061639,-3.122935272991659
2026-03-17,2026-03-18,2026-03-19,RIVN,1,15.6507821185112,16.559171465969087,0.058041147118358616,2,0.9710526315789474,0.07692307692307693,0.004464703624489125,3.9674611581603574
2026-03-17,2026-03-18,2026-03-19,UUUU,1,18.84094215259552,17.82910842370987,-0.05370398787335917,0,0.9868421052631579,0.07692307692307693,-0.004131075990258398,-3.6709902630176146
2026-03-18,2026-03-19,2026-03-20,MARA,1,8.64043234333992,9.089545652580261,0.05197810611716891,26,0.975438596491228,0.07692307692307693,0.00399831585516684,3.343410527569851
2026-03-18,2026-03-19,2026-03-20,EQX,1,12.42062107629776,12.659366847419738,0.019221725681461743,26,0.9754385964912282,0.07692307692307693,0.001478594283189365,1.2364074954287567
2026-03-18,2026-03-19,2026-03-20,SOUN,1,7.12035588555336,6.819659171652794,-0.04223057368672489,26,0.9824561403508771,0.07692307692307693,-0.0032485056682096075,-2.716415721866258
2026-03-18,2026-03-19,2026-03-20,EXK,1,8.330416423702241,8.799560190725327,0.056316964622350474,25,0.9728070175438597,0.07692307692307693,0.004332074201719267,3.6225008270732473
2026-03-18,2026-03-19,2026-03-20,QS,1,6.7503375000000005,6.809659442782402,0.00878799656793472,21,0.9789473684210527,0.07692307692307693,0.0006759997359949784,0.5652741593787218
2026-03-18,2026-03-19,2026-03-20,HBM,1,18.890943889617926,18.319083694839478,-0.03027165810876875,17,0.9657894736842105,0.07692307692307693,-0.002328589085289904,-1.947177147618731
2026-03-18,2026-03-19,2026-03-20,EOSE,1,5.1502575953722,5.429728328347206,0.054263447565443323,14,1.0,0.07692307692307693,0.004174111351187948,3.4904115483463376
2026-03-18,2026-03-19,2026-03-20,QUBT,1,7.010350728893281,7.0696466716527935,0.00845834182234606,11,0.9929824561403509,0.07692307692307693,0.0006506416786420047,0.5440696325269745
2026-03-18,2026-03-19,2026-03-20,OWL,1,8.950447309255601,9.149542118549345,0.02224411835684026,5,0.9842105263157894,0.07692307692307693,0.0017110860274492509,1.4308181857015352
2026-03-18,2026-03-19,2026-03-20,LUMN,1,6.410320347404481,6.829658423709869,0.06541608743082206,5,0.974561403508772,0.07692307692307693,0.0050320067254478506,4.207787696143033
2026-03-18,2026-03-19,2026-03-20,FLNC,1,15.910795347404482,15.939202580404281,0.0017854062213447097,4,0.9649122807017545,0.07692307692307693,0.00013733894010343922,0.11484346780501246
2026-03-18,2026-03-19,2026-03-20,RIVN,1,16.560827465915683,15.959202038145065,-0.036328222669358756,3,0.9710526315789474,0.07692307692307693,-0.0027944786668737506,-2.336756207447047
2026-03-18,2026-03-19,2026-03-20,UUUU,1,17.83089142370224,17.919104076290132,0.004947181298554204,1,0.9728070175438597,0.07692307692307693,0.00038055240758109267,0.31821971347123257
2026-03-19,2026-03-20,2026-03-23,MARA,1,9.09045465259552,8.599570381450652,-0.05399996918797778,27,0.975438596491228,0.07142857142857142,-0.003857140656284127,-3.271156513532818
2026-03-19,2026-03-20,2026-03-23,EQX,1,12.66063284740448,12.029398232984542,-0.0498580617594756,27,0.9754385964912282,0.07142857142857142,-0.0035612901256768287,-3.0202521580871617
2026-03-19,2026-03-20,2026-03-23,SOUN,1,6.820341171669961,6.724663654637337,-0.014028259675636923,27,0.9859649122807017,0.07142857142857142,-0.0010020185482597802,-0.8497899850969889
2026-03-19,2026-03-20,2026-03-23,EXK,1,8.800440190744402,8.299585190725326,-0.05691249405294918,26,0.9728070175438597,0.07142857142857142,-0.004065178146639227,-3.4475885527755104
2026-03-19,2026-03-20,2026-03-23,QS,1,6.81034044277668,6.739662771129608,-0.01037799391101446,22,0.9789473684210527,0.07142857142857142,-0.0007412852793581756,-0.6286678101841743
2026-03-19,2026-03-20,2026-03-23,HBM,1,18.320915694808964,18.479075542259217,0.008632747952388886,18,0.9657894736842105,0.07142857142857142,0.0006166248537420632,0.5229460334660889
2026-03-19,2026-03-20,2026-03-23,EOSE,1,5.430271328330041,5.229738519072533,-0.03692869050784198,15,1.0,0.07142857142857142,-0.002637763607702998,-2.2370295447846087
2026-03-19,2026-03-20,2026-03-23,QUBT,1,7.07035367166996,6.974651154637336,-0.013535746792425973,12,0.9903508771929824,0.07142857142857142,-0.0009668390566018552,-0.8199550287045877
2026-03-19,2026-03-20,2026-03-23,OWL,1,9.150457118511198,9.159541847419739,0.0009928169479274107,6,0.9842105263157894,0.07142857142857142,7.091549628052933e-05,0.06014187924169336
2026-03-19,2026-03-20,2026-03-23,LUMN,1,6.830341423702241,6.609669633507728,-0.03230757827547992,6,0.974561403508772,0.07142857142857142,-0.00230768416253428,-1.9570963965630586
2026-03-19,2026-03-20,2026-03-23,FLNC,1,15.940796580362322,15.329233423709871,-0.03836465471279171,5,0.9649122807017545,0.07142857142857142,-0.002740332479485122,-2.324015958533657
2026-03-19,2026-03-20,2026-03-23,RIVN,1,15.960798038148882,15.349232881450655,-0.03831670291400768,4,0.9710526315789474,0.07142857142857142,-0.0027369073510005487,-2.3211111820812493
2026-03-19,2026-03-20,2026-03-23,UUUU,1,17.920896076297762,17.109145110321045,-0.04529633800233579,2,0.974561403508772,0.07142857142857142,-0.0032354527144525564,-2.7439165859471046
2026-03-19,2026-03-20,2026-03-23,IAG,1,17.100855381488802,16.199190762901306,-0.05272628757293174,0,0.968421052631579,0.07142857142857142,-0.0037661633980665527,-3.194000693374453
2026-03-20,2026-03-23,2026-03-24,MARA,1,8.6004303814888,8.82955842370987,0.026641462352190448,28,0.975438596491228,0.07692307692307693,0.002049343257860804,1.684158900906885
2026-03-20,2026-03-23,2026-03-24,EQX,1,12.03060123295784,12.469376767015458,0.03647162145609073,28,0.9754385964912282,0.07692307692307693,0.00280550934277621,2.3055793669949005
2026-03-20,2026-03-23,2026-03-24,SOUN,1,6.725336154627801,6.699664809274673,-0.003817109622908932,28,0.9763157894736842,0.07692307692307693,-0.00029362381714684093,-0.24130128677530507
2026-03-20,2026-03-23,2026-03-24,EXK,1,8.3004151907444,8.529573232984543,0.027608021643986014,27,0.9728070175438597,0.07692307692307693,0.002123693972614309,1.7452606307223248
2026-03-20,2026-03-23,2026-03-24,QS,1,6.740336771106721,6.959652038145065,0.03253773134577864,23,0.9789473684210527,0.07692307692307693,0.002502902411213742,2.0568957190446615
2026-03-20,2026-03-23,2026-03-24,EOSE,1,5.230261519074441,5.289735461854935,0.011371122182628257,16,1.0,0.07692307692307693,0.0008747017063560199,0.7188335378894296
2026-03-20,2026-03-23,2026-03-24,QUBT,1,6.9753486546278,7.199639809274673,0.03215483064033897,13,0.9850877192982457,0.07692307692307693,0.002473448510795306,2.032690379911815
2026-03-20,2026-03-23,2026-03-24,OWL,1,9.160457847404482,8.839558152580262,-0.03503096681080675,7,0.9842105263157894,0.07692307692307693,-0.0026946897546774426,-2.214507363817553
2026-03-20,2026-03-23,2026-03-24,LUMN,1,6.61033063352108,6.699664809274673,0.013514327906773316,7,0.9701754385964914,0.07692307692307693,0.001039563685136409,0.8543178048218233
2026-03-20,2026-03-23,2026-03-24,FLNC,1,15.330766423702244,15.169241576290128,-0.010535992979606612,6,0.9885964912280701,0.07692307692307693,-0.0008104609984312779,-0.6660402541693813
2026-03-20,2026-03-23,2026-03-24,RIVN,1,15.350767881488803,15.471226522064208,0.007847075892578825,5,0.9710526315789474,0.07692307692307693,0.0006036212225060635,0.4960584571474125
2026-03-20,2026-03-23,2026-03-24,UUUU,1,17.11085611038208,17.559121465969085,0.026197716391000325,3,0.974561403508772,0.07692307692307693,0.0020152089531538715,1.656107185862107
2026-03-20,2026-03-23,2026-03-24,IAG,1,16.200810762977603,16.67916630516052,0.029526642165098593,1,0.968421052631579,0.07692307692307693,0.0022712801665460457,1.8665475850710858
2026-03-23,2026-03-24,2026-03-25,MARA,1,8.830441423702242,8.57957092370987,-0.02840973491075971,29,0.975438596491228,0.07692307692307693,-0.002185364223904593,-1.822719885741124
2026-03-23,2026-03-24,2026-03-25,EQX,1,12.470623767042161,13.349332881450655,0.07046232256086338,29,0.9754385964912282,0.07692307692307693,0.005420178658527952,4.520741813699544
2026-03-23,2026-03-24,2026-03-25,SOUN,1,6.700334809255601,6.549672690725327,-0.02248575971489586,29,0.9859649122807017,0.07692307692307693,-0.0017296738242227586,-1.4426477933384334
2026-03-23,2026-03-24,2026-03-25,EXK,1,8.530426232957842,9.469526767015457,0.11008834827377578,28,0.9728070175438597,0.07692307692307693,0.008468334482598138,7.063079687906872
2026-03-23,2026-03-24,2026-03-25,EOSE,1,5.2902644618511205,5.214739402580261,-0.014276235113666158,17,1.0,0.07692307692307693,-0.0010981719318204739,-0.9159387694722828
2026-03-23,2026-03-24,2026-03-25,QUBT,1,7.200359809255601,7.619618885564804,0.05822751743187493,14,0.9929824561403509,0.07692307692307693,0.004479039802451918,3.7357776921818617
2026-03-23,2026-03-24,2026-03-25,OWL,1,8.840442152595521,9.139543343305588,0.033833284076436376,8,0.9842105263157894,0.07692307692307693,0.002602560313572029,2.170685501985911
2026-03-23,2026-03-24,2026-03-25,LUMN,1,6.700334809255601,6.949652309274674,0.03720970774097365,8,0.9701754385964914,0.07692307692307693,0.0028622852108441273,2.3873110557044073
2026-03-23,2026-03-24,2026-03-25,FLNC,1,15.170758576297759,16.54417282629013,0.09053036096284228,7,0.9885964912280701,0.07692307692307693,0.006963873920218637,5.808272752583807
2026-03-23,2026-03-24,2026-03-25,RIVN,1,15.472773722076418,16.259187228870392,0.050825632231144446,6,0.9719298245614036,0.07692307692307693,0.0039096640177803425,3.2608854276210026
2026-03-23,2026-03-24,2026-03-25,UUUU,1,17.56087746591568,18.7490625,0.06766091480283354,4,0.974561403508772,0.07692307692307693,0.005204685754064119,4.341008294725506
2026-03-23,2026-03-24,2026-03-25,IAG,1,16.68083430519104,18.039098915481567,0.08142665920899628,2,0.968421052631579,0.07692307692307693,0.006263589169922791,5.22419485559833
2026-03-23,2026-03-24,2026-03-25,RDW,1,9.350467881488802,9.349532881450655,-9.99950002500416e-05,0,0.9868421052631579,0.07692307692307693,-7.691923096157047e-06,-0.006415507782911782
2026-03-24,2026-03-25,2026-03-26,MARA,1,8.580428923702241,8.57957092370987,-9.99950002500416e-05,30,0.9754385964912282,0.07692307692307693,-7.691923096157047e-06,-0.006678885609054576
2026-03-24,2026-03-25,2026-03-26,EQX,1,13.350667881488803,12.459377038145066,-0.0667600191432779,30,0.9754385964912282,0.07692307692307693,-0.005135386087944453,-4.459048252425613
2026-03-24,2026-03-25,2026-03-26,SOUN,1,6.550327690744401,6.349682404637337,-0.030631335649142444,30,0.9912280701754386,0.07692307692307693,-0.002356256588395573,-2.045934160124099
2026-03-24,2026-03-25,2026-03-26,EXK,1,9.470473767042161,8.849557881450654,-0.06556333937087011,29,0.9728070175438597,0.07692307692307693,-0.005043333797759239,-4.3791193830761905
2026-03-24,2026-03-25,2026-04-09,EOSE,1,5.215260902595521,4.949752309274674,-0.05090993495430107,18,1.0,0.07692307692307693,-0.003916148842638544,-3.4003863300559822
2026-03-24,2026-03-25,2026-03-26,QUBT,1,7.62038088555336,7.109644633507728,-0.0670224047480199,15,0.9850877192982457,0.07692307692307693,-0.005155569596001532,-4.476573563042669
2026-03-24,2026-03-25,2026-03-26,OWL,1,9.140457343339921,8.939552580404282,-0.02197972764262457,9,0.9842105263157894,0.07692307692307693,-0.00169074828020189,-1.4680742664751705
2026-03-24,2026-03-25,2026-03-26,LUMN,1,6.9503473092556005,6.869656385564804,-0.011609624684991271,9,0.9701754385964914,0.07692307692307693,-0.0008930480526916362,-0.7754323220283277
2026-03-24,2026-03-25,2026-03-26,FLNC,1,16.54582732629776,15.939202580404281,-0.03666330694321451,8,0.9885964912280701,0.07692307692307693,-0.00282025438024727,-2.448822766249098
2026-03-24,2026-03-25,2026-03-26,RIVN,1,16.26081322889328,15.41922907629013,-0.05175535446823587,7,0.9719298245614036,0.07692307692307693,-0.003981181112941221,-3.4568537555383942
2026-03-24,2026-03-25,2026-03-26,UUUU,1,18.750937500000003,18.189091034030913,-0.029963646669351363,5,0.974561403508772,0.07692307692307693,-0.0023048958976424126,-2.0013377472304534
2026-03-24,2026-03-25,2026-03-26,IAG,1,18.04090291557312,17.029149186611175,-0.05608110268630673,3,0.968421052631579,0.07692307692307693,-0.004313930975869748,-3.7457799763476682
2026-03-24,2026-03-25,2026-03-26,RDW,1,9.350467881488802,8.899554618549347,-0.04822360427889727,1,0.9868421052631579,0.07692307692307693,-0.0037095080214536364,-3.2209604063172717
2026-03-25,2026-03-26,2026-03-27,MARA,1,8.580428923702241,8.309584919595718,-0.03156532226009756,31,0.9754385964912282,0.07692307692307693,-0.002428101712315197,-2.02118474211624
2026-03-25,2026-03-26,2026-03-27,EQX,1,12.460623038148881,11.979400542259217,-0.038619457022042614,31,0.9754385964912282,0.07692307692307693,-0.0029707274632340473,-2.472873764398094
2026-03-25,2026-03-26,2026-03-27,SOUN,1,6.350317404627801,5.959702038145065,-0.06151115630819881,31,0.9771929824561404,0.07692307692307693,-0.004731627408322986,-3.9386707214841623
2026-03-25,2026-03-26,2026-03-27,EXK,1,8.850442881488801,8.509574728870392,-0.03851424806450687,30,0.9728070175438597,0.07692307692307693,-0.0029626344665005288,-2.466137044336978
2026-03-25,2026-04-09,2026-04-10,EOSE,1,4.950247309255601,6.189690557217598,0.25038006599075957,19,0.9982456140350877,0.07692307692307693,0.019260005076212276,16.032289008191373
2026-03-25,2026-03-26,2026-03-27,QUBT,1,7.110355633521081,6.959652038145065,-0.021194944830261186,16,0.9894736842105263,0.07692307692307693,-0.0016303803715585529,-1.3571506968288747
2026-03-25,2026-03-26,2026-03-27,OWL,1,8.940446580362321,8.849557881450654,-0.010166013307579602,10,0.9833333333333334,0.07692307692307693,-0.0007820010236599694,-0.650948240481136
2026-03-25,2026-03-26,2026-03-27,LUMN,1,6.870343385553361,6.679665828347206,-0.027753715717776628,10,0.9701754385964914,0.07692307692307693,-0.0021349012090597407,-1.777120673236821
2026-03-25,2026-03-26,2026-03-27,FLNC,1,15.940796580362322,14.761261983919145,-0.07399470851389334,9,0.974561403508772,0.07692307692307693,-0.005691900654914872,-4.738015174160861
2026-03-25,2026-03-26,2026-03-27,RIVN,1,15.42077107629776,15.17924130516052,-0.01566262607376867,8,0.9719298245614036,0.07692307692307693,-0.0012048173902898978,-1.0029063090476233
2026-03-25,2026-03-26,2026-03-27,UUUU,1,18.19091003408432,17.389129889678955,-0.04407586772201444,6,0.974561403508772,0.07692307692307693,-0.00339045136323188,-2.82225762186766
2026-03-25,2026-03-26,2026-03-27,IAG,1,17.03085218667984,16.939153534030915,-0.005384266837841767,4,0.968421052631579,0.07692307692307693,-0.0004141743721416744,-0.3447643553408347
2026-03-25,2026-03-26,2026-03-27,RDW,1,8.900444618511202,8.739562771129608,-0.01807570905469047,2,0.9868421052631579,0.07692307692307693,-0.0013904391580531132,-1.1574203818744673
2026-03-26,2026-03-27,2026-03-30,MARA,1,8.31041591963768,8.16959157629013,-0.016945522908760724,32,0.9754385964912282,0.08333333333333333,-0.0014121269090633937,-1.1631638222510639
2026-03-26,2026-03-27,2026-03-30,EQX,1,11.980598542213441,12.869356385564805,0.07418309195653627,32,0.9754385964912282,0.08333333333333333,0.0061819243297113555,5.092028688117793
2026-03-26,2026-03-27,2026-03-30,SOUN,1,5.96029803814888,5.989700271129609,0.004933013884966808,32,0.9955947136563876,0.08333333333333333,0.00041108449041390066,0.33860880638207413
2026-03-26,2026-03-27,2026-03-30,EXK,1,8.510425728893281,9.029548232984542,0.06099841777936166,31,0.9728070175438597,0.08333333333333333,0.005083201481613471,4.187014656173771
2026-03-26,2026-03-27,2026-03-30,QUBT,1,6.960348038148881,6.719663790202141,-0.034579340950707804,17,0.9841409691629955,0.08333333333333333,-0.0028816117458923167,-2.3735731619325717
2026-03-26,2026-03-27,2026-03-30,OWL,1,8.850442881488801,8.899554618549347,0.005549071127645577,11,0.9814977973568282,0.08333333333333333,0.00046242259397046476,0.38089581640695946
2026-03-26,2026-03-27,2026-03-30,LUMN,1,6.680333828330041,6.759662228870392,0.011874915622320126,11,0.9701754385964914,0.08333333333333333,0.0009895763018600103,0.8151104169836971
2026-03-26,2026-03-27,2026-03-30,FLNC,1,14.762738183927537,14.289285461854934,-0.03207079311262595,10,0.986784140969163,0.08333333333333333,-0.002672566092718829,-2.2013830142839312
2026-03-26,2026-03-27,2026-03-30,RIVN,1,15.18075930519104,14.899254618549346,-0.018543518211597942,9,0.9719298245614036,0.08333333333333333,-0.0015452931842998285,-1.2728524010217097
2026-03-26,2026-03-27,2026-03-30,UUUU,1,17.39086888961792,17.609120110321044,0.012549759421935258,7,0.974561403508772,0.08333333333333333,0.0010458132851612714,0.861432616517413
2026-03-26,2026-03-27,2026-03-30,IAG,1,16.940847534084323,18.069096194839478,0.06659930434325445,5,0.968421052631579,0.08333333333333333,0.0055499420286045376,4.571467154850226
2026-03-26,2026-03-27,2026-03-30,RDW,1,8.74043677110672,8.189590080404281,-0.06302278766243974,3,0.9911894273127753,0.08333333333333333,-0.005251898971869978,-4.32597016811219
2026-03-27,2026-03-30,2026-03-31,MARA,1,8.170408576297762,7.829608423709869,-0.04171151900243386,33,0.9754385964912282,0.07692307692307693,-0.003208578384802605,-2.6585151403209535
2026-03-27,2026-03-30,2026-03-31,EQX,1,12.870643385553361,13.389330843305588,0.04030004112571617,33,0.9754385964912282,0.07692307692307693,0.0031000031635166287,2.568553532706925
2026-03-27,2026-03-30,2026-03-31,SOUN,1,5.9902992711067204,6.229688519072533,0.039962819407115324,33,0.9955947136563876,0.07692307692307693,0.0030740630313165636,2.5470604519947817
2026-03-27,2026-03-30,2026-03-31,EXK,1,9.03045123295784,8.969551767015457,-0.00674378991385538,32,0.9728070175438597,0.07692307692307693,-0.0005187530702965678,-0.4298205392156096
2026-03-27,2026-03-30,2026-03-31,QUBT,1,6.720335790181161,6.45467717370987,-0.03953055691940799,18,0.986784140969163,0.07692307692307693,-0.0030408120707236916,-2.519509876143164
2026-03-27,2026-03-30,2026-03-31,OWL,1,8.900444618511202,9.229538042259216,0.0369749420229597,12,0.9806167400881057,0.07692307692307693,0.0028442263094584385,2.3566258321782074
2026-03-27,2026-03-30,2026-03-31,LUMN,1,6.760338228893281,6.549672690725327,-0.031161981994862642,12,0.9701754385964914,0.07692307692307693,-0.0023970755380663573,-1.9861324381621612
2026-03-27,2026-03-30,2026-03-31,FLNC,1,14.290714461851122,13.164341711854934,-0.07881850505116628,11,0.986784140969163,0.07692307692307693,-0.006062961927012791,-5.023556898125969
2026-03-27,2026-03-30,2026-03-31,RIVN,1,14.9007446185112,14.559272419595718,-0.022916452006785604,10,0.9719298245614036,0.07692307692307693,-0.0017628040005219696,-1.4605973620601813
2026-03-27,2026-03-30,2026-03-31,UUUU,1,17.61088111038208,16.899154618549346,-0.04041401945602563,8,0.974561403508772,0.07692307692307693,-0.003108770727386587,-2.575818027600494
2026-03-27,2026-03-30,2026-03-31,IAG,1,18.070903194808963,18.379080160808563,0.01705376663675162,6,0.968421052631579,0.07692307692307693,0.0013118282028270478,1.086934685851625
2026-03-27,2026-03-30,2026-03-31,RDW,1,8.19040908036232,7.854607269072533,-0.040999394290929914,4,0.9982378854625551,0.07692307692307693,-0.003153799560840763,-2.6131273344436496
2026-03-27,2026-03-30,2026-03-31,NVTS,1,8.580428923702241,8.179591305160523,-0.04671533580733478,0,0.9823788546255506,0.07692307692307693,-0.003593487369794983,-2.9774371804040607
2026-03-30,2026-03-31,2026-04-01,MARA,1,7.830391423702241,8.219589267015458,0.0497034978526274,34,0.9716814159292035,0.07692307692307693,0.0038233459886636463,3.1154077579002633
2026-03-30,2026-03-31,2026-04-01,EQX,1,13.390669843339921,14.779260732984543,0.10369838894469208,34,0.9754385964912282,0.07692307692307693,0.007976799149591698,6.499799397578514
2026-03-30,2026-03-31,2026-04-01,SOUN,1,6.230311519074441,7.074646059274674,0.13552043707850836,34,0.9867256637168141,0.07692307692307693,0.010424649006039104,8.494400580825545
2026-03-30,2026-03-31,2026-04-01,EXK,1,8.97044876704216,9.649517118549346,0.07570059972942644,33,0.9728070175438597,0.07692307692307693,0.005823123056109727,4.744902187246987
2026-03-30,2026-03-31,2026-04-01,QUBT,1,6.45532267370224,6.964651902580261,0.07890066145770391,19,0.9929203539823008,0.07692307692307693,0.0060692816505926095,4.945481574307337
2026-03-30,2026-03-31,2026-04-01,OWL,1,9.230461042213442,9.279535732984543,0.005316602339435761,13,0.9806167400881057,0.07692307692307693,0.00040896941072582777,0.3332438337249396
2026-03-30,2026-03-31,2026-04-01,LUMN,1,6.550327690744401,7.07964592370987,0.08080790121590331,13,0.9701754385964914,0.07692307692307693,0.0062159924012233315,5.065027075038249
2026-03-30,2026-03-31,2026-04-01,FLNC,1,13.165658211851122,14.199289809274674,0.07850967880156001,12,0.986784140969163,0.07692307692307693,0.006039206061658463,4.9209748403191815
2026-03-30,2026-03-31,2026-04-01,RIVN,1,14.560728419637682,15.534223097419739,0.06685755339472776,11,0.9719298245614036,0.07692307692307693,0.005142888722671367,4.190621375134377
2026-03-30,2026-03-31,2026-04-01,UUUU,1,16.9008446185112,18.7490625,0.10935653946338753,9,0.974561403508772,0.07692307692307693,0.008412041497183656,6.854451419727482
2026-03-30,2026-03-31,2026-04-01,IAG,1,18.38091816072464,19.399029618549353,0.0553895865768097,7,0.968421052631579,0.07692307692307693,0.004260737428985362,3.4718109425604418
2026-03-30,2026-03-31,2026-04-01,RDW,1,7.855392769074441,8.7495625,0.11382877434795846,5,0.9973451327433628,0.07692307692307693,0.008756059565227575,7.134770428579855
2026-03-30,2026-03-31,2026-04-01,NVTS,1,8.180409305191041,8.99955,0.10013443878525186,1,0.9964601769911504,0.07692307692307693,0.007702649137327066,6.276411538470264
2026-03-31,2026-04-01,2026-04-02,MARA,1,8.220411267042161,7.779611209797859,-0.05362262822683672,35,0.9716814159292035,0.07692307692307693,-0.0041248175559105175,-3.633491334099227
2026-03-31,2026-04-01,2026-04-02,EQX,1,14.780738732957841,14.029298232984543,-0.05083917073087485,35,0.9754385964912282,0.07692307692307693,-0.0039107054408365274,-3.444883109831895
2026-03-31,2026-04-01,2026-04-02,SOUN,1,7.075353559255601,6.3896803664922714,-0.09691009601440592,35,0.9841409691629956,0.07692307692307693,-0.007454622770338918,-6.566667947820583
2026-03-31,2026-04-01,2026-04-02,EXK,1,9.6504821185112,8.819558694839477,-0.0861017525826897,34,0.9728070175438597,0.07692307692307693,-0.006623211737129978,-5.834290153338392
2026-03-31,2026-04-01,2026-04-02,QUBT,1,6.965348402595521,6.399680095362664,-0.08121177499492638,20,0.9911894273127753,0.07692307692307693,-0.006247059614994337,-5.50294326161358
2026-03-31,2026-04-01,2026-04-02,OWL,1,9.280463732957841,8.239587771129608,-0.11215775329542588,14,0.9744493392070485,0.07692307692307693,-0.008627519484263529,-7.59985547383173
2026-03-31,2026-04-01,2026-04-02,LUMN,1,7.080353923702241,6.7496625,-0.046705493435182044,14,0.9701754385964914,0.07692307692307693,-0.003592730264244773,-3.1647834368295635
2026-03-31,2026-04-01,2026-04-02,FLNC,1,14.200709809255601,12.334383288145066,-0.1314248756702372,13,0.9744493392070483,0.07692307692307693,-0.010109605820787477,-8.905403607089205
2026-03-31,2026-04-01,2026-04-02,RIVN,1,15.535776597404482,14.93925258040428,-0.03839679421625186,12,0.9719298245614036,0.07692307692307693,-0.0029535995550962974,-2.6017825618647903
2026-03-31,2026-04-01,2026-04-02,UUUU,1,18.750937500000003,16.99915,-0.0934239954668934,10,0.974561403508772,0.07692307692307693,-0.0071864611897610306,-6.330448341508075
2026-03-31,2026-04-01,2026-04-02,IAG,1,19.40096961851121,18.169091576290132,-0.06349569461959748,8,0.968421052631579,0.07692307692307693,-0.004884284201507498,-4.302494371908714
2026-03-31,2026-04-01,2026-04-02,RDW,1,8.7504375,8.679566305160522,-0.008099160166503472,6,0.9903083700440528,0.07692307692307693,-0.0006230123205002671,-0.5488024226261994
2026-03-31,2026-04-01,2026-04-02,NVTS,1,9.00045,8.119593885564804,-0.09786800820350061,2,0.9788546255506608,0.07692307692307693,-0.007528308323346201,-6.631576471572532
2026-04-01,2026-04-02,2026-04-06,MARA,1,7.780389209818841,8.809559919595719,0.13227753548345178,36,0.9716814159292035,0.07692307692307693,0.0101751950371886,8.301106472137002
2026-04-01,2026-04-02,2026-04-06,EQX,1,14.030701232957842,14.529273232984544,0.03553436080981931,36,0.9754385964912282,0.07692307692307693,0.002733412369986101,2.2299667999071886
2026-04-01,2026-04-02,2026-04-06,SOUN,1,6.390319366478921,6.819659171652794,0.06718596998860793,36,0.9841409691629956,0.07692307692307693,0.005168151537585226,4.216270648457972
2026-04-01,2026-04-02,2026-04-06,EXK,1,8.82044069480896,9.499525,0.07698983856789576,35,0.9728070175438597,0.07692307692307693,0.005922295274453521,4.831514624829818
2026-04-01,2026-04-02,2026-04-06,QUBT,1,6.400320095372201,6.839658152580261,0.06864313825893298,21,0.986784140969163,0.07692307692307693,0.005280241404533306,4.307715570799311
2026-04-01,2026-04-02,2026-04-06,OWL,1,8.240411771106722,8.599570381450652,0.04358503195231633,15,0.9876651982378855,0.07692307692307693,0.0033526947655627953,2.7351884770557557
2026-04-01,2026-04-02,2026-04-06,LUMN,1,6.7503375000000005,7.089645652580261,0.050265361188275515,15,0.9701754385964914,0.07692307692307693,0.003866566245251963,3.154414039838971
2026-04-01,2026-04-02,2026-04-06,FLNC,1,12.335616788148881,13.109344156694412,0.0627230386476394,14,0.985022026431718,0.07692307692307693,0.004824849126741492,3.936198388993691
2026-04-01,2026-04-02,2026-04-06,RIVN,1,14.94074658036232,15.389230843305588,0.03001752693755888,13,0.9719298245614036,0.07692307692307693,0.0023090405336583754,1.8837566501992293
2026-04-01,2026-04-02,2026-04-06,UUUU,1,17.000850000000003,17.729113042259215,0.04283686064280379,11,0.974561403508772,0.07692307692307693,0.0032951431263695224,2.6882368183560157
2026-04-01,2026-04-02,2026-04-06,IAG,1,18.170908576297762,19.049046737098696,0.04832659616957091,9,0.968421052631579,0.07692307692307693,0.003717430474582378,3.0327464053014723
2026-04-01,2026-04-02,2026-04-06,RDW,1,8.68043430519104,9.639518343305587,0.11048802449216155,7,0.985022026431718,0.07692307692307693,0.00849907880708935,6.9337008121099615
2026-04-01,2026-04-02,2026-04-06,NVTS,1,8.12040588555336,8.789560461854935,0.08240408000935484,3,1.0,0.07692307692307693,0.006338775385334988,5.171286563482478
2026-04-02,2026-04-06,2026-04-07,EQX,1,14.530726232957841,14.589270652580261,0.004029008508166232,37,0.9754385964912282,0.08333333333333333,0.0003357507090138526,0.2918479544838131
2026-04-02,2026-04-06,2026-04-07,SOUN,1,6.820341171669961,6.549672690725327,-0.03968547527635791,37,0.9841409691629956,0.08333333333333333,-0.003307122939696492,-2.8746836246802805
2026-04-02,2026-04-06,2026-04-07,EXK,1,9.500475000000002,9.489525271129608,-0.0011525454117181644,36,0.9728070175438597,0.08333333333333333,-9.60454509765137e-05,-0.08348655014698529
2026-04-02,2026-04-06,2026-04-07,QUBT,1,6.840342152595521,6.729663519072533,-0.016180277397526366,22,0.9911894273127753,0.08333333333333333,-0.0013483564497938638,-1.1720453932717072
2026-04-02,2026-04-06,2026-04-07,OWL,1,8.6004303814888,8.399579618549346,-0.023353571162177844,16,0.9920704845814977,0.08333333333333333,-0.0019461309301814869,-1.6916548971687013
2026-04-02,2026-04-06,2026-04-07,LUMN,1,7.09035465259552,6.529673709797859,-0.0790765723675636,16,0.9701754385964914,0.08333333333333333,-0.0065897143639636335,-5.728043474291039
2026-04-02,2026-04-06,2026-04-07,FLNC,1,13.110655156660082,12.949352309274673,-0.012303187404289928,15,0.9894273127753304,0.08333333333333333,-0.0010252656170241605,-0.891201909922818
2026-04-02,2026-04-06,2026-04-07,RIVN,1,15.390769843339921,15.099245381450656,-0.018941512663540827,14,0.9719298245614036,0.08333333333333333,-0.0015784593886284022,-1.3720600774307308
2026-04-02,2026-04-06,2026-04-07,UUUU,1,17.73088604221344,17.679116305160523,-0.002919749014779427,12,0.974561403508772,0.08333333333333333,-0.00024331241789828556,-0.211496892062246
2026-04-02,2026-04-06,2026-04-07,IAG,1,19.0509517370224,19.029049186611175,-0.0011496827409762655,10,0.968421052631579,0.08333333333333333,-9.580689508135545e-05,-0.08327918781486549
2026-04-02,2026-04-06,2026-04-07,RDW,1,9.64048234333992,9.789510461854935,0.015458574914352763,8,0.9779735682819384,0.08333333333333333,0.0012882145761960635,1.1197676696001901
2026-04-02,2026-04-06,2026-04-07,NVTS,1,8.79043946185112,8.65956684741974,-0.014888062764022547,4,0.9982378854625551,0.08333333333333333,-0.0012406718970018789,-1.0784416699790533
2026-04-06,2026-04-07,2026-04-08,EQX,1,14.590729652595522,15.729213042259216,0.0780278585630001,38,0.9754385964912282,0.08333333333333333,0.006502321546916674,5.562227499828844
2026-04-06,2026-04-07,2026-04-08,SOUN,1,6.550327690744401,7.379631114435196,0.12660487579309954,38,0.9911894273127753,0.08333333333333333,0.010550406316091627,9.02504739611961
2026-04-06,2026-04-07,2026-04-08,EXK,1,9.490474271106722,10.479475542259216,0.10420988908462236,37,0.9728070175438597,0.08333333333333333,0.00868415742371853,7.4286174386369535
2026-04-06,2026-04-07,2026-04-08,QUBT,1,6.730336519074441,7.379631114435196,0.09647282769897014,23,0.9832599118942732,0.08333333333333333,0.008039402308247512,6.877079867316938
2026-04-06,2026-04-07,2026-04-08,OWL,1,8.4004196185112,8.819558694839477,0.04989501660186835,17,0.9762114537444935,0.08333333333333333,0.004157918050155696,3.5567736774840717
2026-04-06,2026-04-07,2026-04-08,LUMN,1,6.530326709818841,7.1596418474197385,0.09636809390480794,17,0.9701754385964914,0.08333333333333333,0.008030674492067328,6.869613903226945
2026-04-06,2026-04-07,2026-04-08,FLNC,1,12.9506473092556,14.559272419595718,0.12421194647085021,16,0.9894273127753304,0.08333333333333333,0.010350995539237517,8.854467073572179
2026-04-06,2026-04-07,2026-04-08,RIVN,1,15.100755381488803,15.489225271129609,0.02572519584795141,15,0.9719298245614036,0.08333333333333333,0.002143766320662617,1.8338244111675448
2026-04-06,2026-04-07,2026-04-08,UUUU,1,17.680884305191043,18.899054618549354,0.06889758975464022,13,0.974561403508772,0.08333333333333333,0.0057414658128866845,4.911374930221476
2026-04-06,2026-04-07,2026-04-08,IAG,1,19.03095218667984,20.458976084518433,0.07503691270046353,11,0.968421052631579,0.08333333333333333,0.006253076058371961,5.3490174792864
2026-04-06,2026-04-07,2026-04-08,RDW,1,9.790489461851122,10.379481114435196,0.06015957168220187,9,0.9955947136563876,0.08333333333333333,0.0050132976401834894,4.288484012649058
2026-04-06,2026-04-07,2026-04-08,NVTS,1,8.660432847404481,9.539522961854935,0.10150648702436582,5,1.0,0.08333333333333333,0.008458873918697152,7.235905020795676
2026-04-07,2026-04-08,2026-04-09,SOUN,1,7.380369114446641,6.694665421652794,-0.09290913261392597,39,0.9911894273127753,0.07692307692307693,-0.007146856354917383,-6.6266668192901355
2026-04-07,2026-04-08,2026-04-09,EXK,1,10.48052354221344,9.789510461854935,-0.06593306885626882,38,0.9728070175438597,0.07692307692307693,-0.005071774527405294,-4.702621447337888
2026-04-07,2026-04-08,2026-04-09,QUBT,1,7.380369114446641,6.859657133507729,-0.0705536502123788,24,0.9832599118942732,0.07692307692307693,-0.005427203862490677,-5.032180579975568
2026-04-07,2026-04-08,2026-04-09,OWL,1,8.82044069480896,8.259587228870393,-0.0635856512553441,18,0.9947136563876652,0.07692307692307693,-0.004891203942718777,-4.535193834040658
2026-04-07,2026-04-08,2026-04-09,LUMN,1,7.160357847404481,7.0296487097978595,-0.018254553807530938,18,0.9701754385964914,0.07692307692307693,-0.001404196446733149,-1.3019909089021047
2026-04-07,2026-04-08,2026-04-09,FLNC,1,14.560728419637682,13.059347419595719,-0.10311166837073127,17,0.9876651982378855,0.07692307692307693,-0.00793166679774856,-7.354354219550173
2026-04-07,2026-04-08,2026-04-09,RIVN,1,15.490774271106721,15.039247961854935,-0.0291480788080406,16,0.9719298245614036,0.07692307692307693,-0.0022421599083108155,-2.0789625438214996
2026-04-07,2026-04-08,2026-04-09,UUUU,1,18.900944618511208,18.199090762901307,-0.037133268721528334,14,0.974561403508772,0.07692307692307693,-0.0028564052862714105,-2.6484995910063325
2026-04-07,2026-04-08,2026-04-09,IAG,1,20.461022084426883,19.66901657629013,-0.03870801296576276,12,0.968421052631579,0.07692307692307693,-0.002977539458904828,-2.7608169180391786
2026-04-07,2026-04-08,2026-04-09,RDW,1,10.380519114446642,9.529523232984543,-0.08198008905718035,10,0.9955947136563876,0.07692307692307693,-0.006306160696706181,-5.847161852808428
2026-04-07,2026-04-08,2026-04-09,NVTS,1,9.540476961851121,9.459527038145065,-0.008484892739613059,6,0.9947136563876652,0.07692307692307693,-0.0006526840568933123,-0.6051779367747745
2026-04-07,2026-04-08,2026-04-09,RCAT,1,13.230661042213441,12.939352580404282,-0.022017680059954414,0,0.9850220264317181,0.07692307692307693,-0.0016936676969195705,-1.5703927674939537
2026-04-07,2026-04-08,2026-04-09,OKLO,1,50.52252645778657,49.52752227935792,-0.019694268046155927,0,0.9762114537444935,0.07692307692307693,-0.0015149436958581484,-1.4046773327868303
2026-04-08,2026-04-09,2026-04-10,EXK,1,9.790489461851122,9.719514267015457,-0.007249402097027069,39,0.9728070175438597,0.08333333333333333,-0.0006041168414189224,-0.531989179940588
2026-04-08,2026-04-09,2026-04-10,QUBT,1,6.860343133521081,6.929653328347206,0.010103021594861872,25,0.9797356828193833,0.08333333333333333,0.0008419184662384893,0.7413988217561758
2026-04-08,2026-04-09,2026-04-10,OWL,1,8.260413228893281,8.289585461854935,0.0035315706555230086,19,1.0,0.08333333333333333,0.00029429755462691737,0.2591603213324856
2026-04-08,2026-04-09,2026-04-10,LUMN,1,7.030351709818841,7.549622690725327,0.0738613091264344,19,0.9701754385964914,0.08333333333333333,0.006155109093869533,5.420228695498085
2026-04-08,2026-04-09,2026-04-10,FLNC,1,13.060653419637681,13.659316847419738,0.04583717280805577,18,0.9859030837004406,0.08333333333333333,0.003819764400671314,3.363709123398285
2026-04-08,2026-04-09,2026-04-10,RIVN,1,15.040751961851122,15.369231385564804,0.021839295305635442,17,0.9719298245614036,0.08333333333333333,0.00181994127546962,1.6026520042100998
2026-04-08,2026-04-09,2026-04-10,UUUU,1,18.200910762977603,18.499075,0.016381830607559156,15,0.974561403508772,0.08333333333333333,0.0013651525506299296,1.2021621251240795
2026-04-08,2026-04-09,2026-04-10,IAG,1,19.67098357629776,19.999,0.01667514094706868,13,0.968421052631579,0.08333333333333333,0.0013895950789223899,1.2236863729027698
2026-04-08,2026-04-09,2026-04-10,NVTS,1,9.460473038148882,9.479525542259216,0.0020139060735657743,7,0.9955947136563876,0.08333333333333333,0.0001678255061304812,0.14778822118212895
2026-04-08,2026-04-09,2026-04-10,RCAT,1,12.940646580362321,12.069396194839479,-0.06732665018801931,1,0.9850220264317181,0.08333333333333333,-0.0056105541823349425,-4.940690134481513
2026-04-08,2026-04-09,2026-04-10,OKLO,1,49.532475279235854,48.857557610321045,-0.013625760980245927,1,0.9762114537444935,0.08333333333333333,-0.0011354800816871604,-0.9999110703102204
2026-04-08,2026-04-09,2026-04-10,SOUN,1,6.695334921669961,6.57967092370987,-0.017275311737690036,0,0.986784140969163,0.08333333333333333,-0.0014396093114741695,-1.267729228086356
2026-04-09,2026-04-10,2026-04-13,QUBT,1,6.930346328330041,6.869656385564804,-0.008757129859029766,26,0.9771929824561404,0.1111111111111111,-0.0009730144287810851,-0.8627668472117844
2026-04-09,2026-04-10,2026-04-13,OWL,1,8.290414461851121,8.179591305160523,-0.013367625611549139,20,0.9868421052631579,0.1111111111111111,-0.0014852917346165708,-1.317000477238732
2026-04-09,2026-04-10,2026-04-13,FLNC,1,13.660682847404482,13.549322690725326,-0.00815187336702683,19,0.987719298245614,0.1111111111111111,-0.0009057637074474255,-0.8031359814183093
2026-04-09,2026-04-10,2026-04-13,RIVN,1,15.370768385553362,15.399229618549345,0.0018516467285223381,18,0.9719298245614036,0.1111111111111111,0.00020573852539137089,0.1824272833490024
2026-04-09,2026-04-10,2026-04-13,UUUU,1,18.500925000000002,18.189091034030913,-0.01685504730001819,16,0.974561403508772,0.1111111111111111,-0.0018727830333353543,-1.6605870019898679
2026-04-09,2026-04-10,2026-04-13,IAG,1,20.001,19.709013584518434,-0.014598590844536075,14,0.968421052631579,0.1111111111111111,-0.001622065649392897,-1.4382771980579807
2026-04-09,2026-04-10,2026-04-13,NVTS,1,9.48047354221344,9.369531385564803,-0.011702174596516457,8,1.0,0.1111111111111111,-0.0013002416218351619,-1.1529175020452351
2026-04-09,2026-04-10,2026-04-13,OKLO,1,48.86244361038209,48.99755,0.002765035467632737,2,0.9762114537444935,0.1111111111111111,0.00030722616307030413,0.27241584528730123
2026-04-09,2026-04-10,2026-04-13,SOUN,1,6.580328923702241,6.299685190725326,-0.04264889129873739,1,0.9833333333333334,0.1111111111111111,-0.00473876569985971,-4.2018389672442895
2026-04-10,2026-04-13,2026-04-14,QUBT,1,6.870343385553361,7.594620040202141,0.10542073576289579,27,0.9771929824561404,0.1,0.01054207357628958,9.230430133162834
2026-04-10,2026-04-13,2026-04-14,OWL,1,8.180409305191041,8.709564538145065,0.06468566708737145,21,0.9850877192982456,0.1,0.006468566708737145,5.663748467947628
2026-04-10,2026-04-13,2026-04-14,FLNC,1,13.5506776907444,14.699264809274673,0.08476233770321318,20,0.9859649122807017,0.1,0.008476233770321319,7.421621851063162
2026-04-10,2026-04-13,2026-04-14,RIVN,1,15.4007696185112,16.319183694839477,0.05963429744604287,19,0.9719298245614036,0.1,0.005963429744604287,5.221460580146014
2026-04-10,2026-04-13,2026-04-14,UUUU,1,18.19091003408432,19.999,0.0993952453465965,17,0.974561403508772,0.1,0.00993952453465965,8.702850166060495
2026-04-10,2026-04-13,2026-04-14,NVTS,1,9.37046838555336,10.244487635564804,0.09327380596672596,9,0.9973684210526316,0.1,0.009327380596672596,8.166869098375956
2026-04-10,2026-04-13,2026-04-14,OKLO,1,49.00245,59.08704565258026,0.20579778465322152,3,0.9762114537444935,0.1,0.020579778465322152,18.019245066489486
2026-04-10,2026-04-13,2026-04-14,SOUN,1,6.300315190744401,7.0696466716527935,0.12210999888364205,2,0.9850877192982457,0.1,0.012210999888364205,10.691708847404545
2026-04-10,2026-04-13,2026-04-14,EOSE,1,5.48027401907444,6.409679347419739,0.1695910323298515,0,0.9912280701754386,0.1,0.01695910323298515,14.849053782478117
2026-04-10,2026-04-13,2026-04-14,SMR,1,9.05545305519104,10.33948315258026,0.1417963396821047,0,0.9894736842105263,0.1,0.01417963396821047,12.415405727366931
2026-04-13,2026-04-14,2026-04-15,QUBT,1,7.595379540181161,8.549572690725327,0.12562810660037238,28,0.9771929824561404,0.1,0.012562810660037239,12.259182411766227
2026-04-13,2026-04-14,2026-04-15,OWL,1,8.71043553814888,9.31953369483948,0.06992740535452535,22,0.9850877192982456,0.1,0.0069927405354525355,6.823734282246228
2026-04-13,2026-04-14,2026-04-15,FLNC,1,14.700734809255602,15.269236957740784,0.03867168246088304,21,0.9859649122807017,0.1,0.003867168246088304,3.773703371698038
2026-04-13,2026-04-14,2026-04-15,RIVN,1,16.32081569480896,16.009199728870392,-0.019093161258948665,20,0.9719298245614036,0.1,-0.0019093161258948667,-1.8631702174362468
2026-04-13,2026-04-14,2026-04-15,UUUU,1,20.001,19.899004618549355,-0.005099514096827407,18,0.974561403508772,0.1,-0.0005099514096827407,-0.49762648834027057
2026-04-13,2026-04-14,2026-04-15,NVTS,1,10.24551213555336,9.894505707740784,-0.034259529750058526,10,1.0,0.1,-0.003425952975005853,-3.3431517509319395
2026-04-13,2026-04-14,2026-04-15,SOUN,1,7.07035367166996,7.194640421652794,0.01757857608747848,3,0.9912280701754386,0.1,0.0017578576087478482,1.7153722731889982
2026-04-13,2026-04-14,2026-04-15,EOSE,1,6.410320347404481,6.8896553664922715,0.07477551715209874,1,0.9798245614035088,0.1,0.007477551715209874,7.296828150230319
2026-04-13,2026-04-14,2026-04-15,SMR,1,10.34051715259552,10.799460190725327,0.04438298697803611,1,0.9728070175438597,0.1,0.004438298697803611,4.3310302771145714
2026-04-13,2026-04-14,2026-04-15,UEC,1,14.290714461851122,14.239287771129609,-0.003598608793059066,0,0.968421052631579,0.1,-0.0003598608793059066,-0.3511634682438669
2026-04-14,2026-04-15,2026-04-16,QUBT,1,8.550427690744401,9.764512093305587,0.14199107301677993,29,0.9771929824561404,0.08333333333333333,0.011832589418064993,11.902145408838896
2026-04-14,2026-04-15,2026-04-16,OWL,1,9.320465694808963,10.099495381450655,0.0835826998511,23,0.9850877192982456,0.08333333333333333,0.006965224987591667,7.00616895242116
2026-04-14,2026-04-15,2026-04-16,FLNC,1,15.270763957786562,15.629218614435196,0.023473262872736544,22,0.9789473684210526,0.08333333333333333,0.001956105239394712,1.9676038922404195
2026-04-14,2026-04-15,2026-04-16,RIVN,1,16.010800728893283,16.639167389678956,0.0392464231755576,21,0.9719298245614036,0.08333333333333333,0.0032705352646297996,3.2897605848581013
2026-04-14,2026-04-15,2026-04-16,UUUU,1,19.90099461851121,21.498925,0.08029399595950104,19,0.974561403508772,0.08333333333333333,0.00669116632995842,6.730499284654092
2026-04-14,2026-04-15,2026-04-16,NVTS,1,9.895495207786562,10.449477309274673,0.05598326206577253,11,1.0,0.08333333333333333,0.004665271838814378,4.692695895672372
2026-04-14,2026-04-15,2026-04-16,SOUN,1,7.195359921669961,8.139593343305588,0.13122810143130148,4,0.9912280701754386,0.08333333333333333,0.010935675119275123,10.999958742312142
2026-04-14,2026-04-15,2026-04-16,EOSE,1,6.890344366478921,7.259637228870392,0.05359570476448994,2,0.9885964912280703,0.08333333333333333,0.004466308730374161,4.492563214314001
2026-04-14,2026-04-15,2026-04-16,SMR,1,10.800540190744401,12.409379347419739,0.1489591379933055,2,0.9728070175438597,0.08333333333333333,0.012413261499442125,12.486230878487007
2026-04-14,2026-04-15,2026-04-16,UEC,1,14.24071177110672,14.979250542259216,0.05186108552880975,1,0.968421052631579,0.08333333333333333,0.004321757127400812,4.347161887784165
2026-04-14,2026-04-15,2026-04-16,RUN,1,12.59062965259552,12.2493875,-0.027102866338791554,0,0.9868421052631579,0.08333333333333333,-0.002258572194899296,-2.2718488515295654
2026-04-14,2026-04-15,2026-04-16,FSLY,1,21.761088228893286,23.568821194839476,0.08307180904427258,0,0.975438596491228,0.08333333333333333,0.0069226507536893815,6.963344452671232
2026-04-15,2026-04-16,2026-04-17,QUBT,1,9.76548859333992,9.56952119483948,-0.02006734190791959,30,0.9675438596491228,0.1111111111111111,-0.0022297046564355096,-2.404477908965887
2026-04-15,2026-04-16,2026-04-17,OWL,1,10.100505381488803,9.899504618549345,-0.019900069882427096,24,0.9850877192982456,0.1111111111111111,-0.002211118875825233,-2.3844352998385694
2026-04-15,2026-04-16,2026-04-17,FLNC,1,15.630781614446642,13.81930869483948,-0.11589138433953428,23,0.9903508771929824,0.1111111111111111,-0.012876820482170474,-13.886157656680611
2026-04-15,2026-04-16,2026-04-17,UUUU,1,21.501075000000004,21.7489125,0.011526749243933043,20,0.974561403508772,0.1111111111111111,0.0012807499159925603,1.381140264934051
2026-04-15,2026-04-16,2026-04-17,NVTS,1,10.450522309255602,12.199389809274674,0.16734737731435412,12,1.0,0.1111111111111111,0.018594153034928233,20.05163781641368
2026-04-15,2026-04-16,2026-04-17,SOUN,1,8.140407343339922,8.034598097419739,-0.012998028410304396,5,0.9912280701754386,0.1111111111111111,-0.0014442253789227106,-1.557429594616799
2026-04-15,2026-04-16,2026-04-17,EOSE,1,7.260363228893281,7.284635597419739,0.0033431341878136234,3,0.9815789473684211,0.1111111111111111,0.0003714593542015137,0.4005758380054348
2026-04-15,2026-04-16,2026-04-17,UEC,1,14.980748542213442,15.499225000000001,0.0346095160949782,2,0.968421052631579,0.1111111111111111,0.003845501788330911,4.146927743207107
2026-04-15,2026-04-16,2026-04-17,RUN,1,12.2506125,12.339383152580261,0.007246221573024236,1,0.9894736842105263,0.1111111111111111,0.0008051357303360263,0.8682455192998266
2026-04-16,2026-04-17,2026-04-20,QUBT,1,9.570478194808963,9.349532881450655,-0.023086131002121646,31,0.9754385964912282,0.1,-0.0023086131002121647,-2.5044719253616172
2026-04-16,2026-04-17,2026-04-20,OWL,1,9.9004946185112,9.7495125,-0.015249957131324043,25,0.9850877192982456,0.1,-0.0015249957131324044,-1.654373766434023
2026-04-16,2026-04-17,2026-04-20,FLNC,1,13.820690694808963,13.379331114435196,-0.03193469777451441,24,0.9903508771929824,0.1,-0.003193469777451441,-3.464398344349221
2026-04-16,2026-04-17,2026-04-20,UUUU,1,21.7510875,20.46897581338882,-0.05894471651641242,21,0.974561403508772,0.1,-0.005894471651641243,-6.394548642654206
2026-04-16,2026-04-17,2026-04-20,NVTS,1,12.200609809255601,12.129393614435196,-0.005837101254265065,13,1.0,0.1,-0.0005837101254265065,-0.6332311037937213
2026-04-16,2026-04-17,2026-04-20,SOUN,1,8.035401597404482,7.910604224944115,-0.015530944029067295,6,0.9912280701754386,0.1,-0.0015530944029067296,-1.6848563014559266
2026-04-16,2026-04-17,2026-04-20,EOSE,1,7.28536409740448,7.009649728870392,-0.0378449676430469,4,0.9815789473684211,0.1,-0.0037844967643046903,-4.105567059700008
2026-04-16,2026-04-17,2026-04-20,UEC,1,15.500775,14.81925869483948,-0.04396659555154636,3,0.968421052631579,0.1,-0.0043966595551546365,-4.769664704859264
2026-04-16,2026-04-17,2026-04-20,RUN,1,12.340617152595522,12.121393640613556,-0.017764388058652103,2,0.9798245614035088,0.1,-0.0017764388058652105,-1.9271488652661042
2026-04-16,2026-04-17,2026-04-20,EXK,1,10.140507343339921,10.009499728870392,-0.012919236684501123,0,0.9728070175438597,0.1,-0.0012919236684501125,-1.4015282842526287
2026-04-17,2026-04-20,2026-04-21,QUBT,1,9.350467881488802,10.004499864435196,0.06994644452404208,32,0.9710526315789474,0.1,0.006994644452404209,7.388053160687498
2026-04-17,2026-04-20,2026-04-21,OWL,1,9.7504875,10.009499728870392,0.026564028605789325,26,0.9850877192982456,0.1,0.0026564028605789328,2.8058103144061515
2026-04-17,2026-04-20,2026-04-21,FLNC,1,13.380669114446642,13.084345788145065,-0.022145628426133546,25,0.9903508771929824,0.1,-0.0022145628426133547,-2.3391193248267186
2026-04-17,2026-04-20,2026-04-21,UUUU,1,20.471022813320157,21.498925,0.05021254658614338,22,0.9710526315789474,0.1,0.005021254658614339,5.303671488039876
2026-04-17,2026-04-20,2026-04-21,NVTS,1,12.130606614446641,14.444277444839479,0.19073001902785536,14,1.0,0.1,0.019073001902785536,20.145749072812237
2026-04-17,2026-04-20,2026-04-21,SOUN,1,7.9113953249216085,8.849557881450654,0.11858370337957314,7,0.9912280701754386,0.1,0.011858370337957315,12.525335783984687
2026-04-17,2026-04-20,2026-04-21,EOSE,1,7.010350728893281,7.259637228870392,0.03555977576837521,5,0.9780701754385965,0.1,0.0035559775768375214,3.7559809586687654
2026-04-17,2026-04-20,2026-04-21,UEC,1,14.820740694808963,15.229238042259217,0.027562546019938905,4,0.968421052631579,0.1,0.0027562546019938906,2.911278144655531
2026-04-17,2026-04-20,2026-04-21,RUN,1,12.122605840587617,12.299385190725326,0.014582619649798012,3,0.9798245614035088,0.1,0.0014582619649798013,1.5402808524136242
2026-04-17,2026-04-20,2026-04-21,EXK,1,10.01050072889328,9.90950434741974,-0.010089043915858853,1,0.9728070175438597,0.1,-0.0010089043915858854,-1.0656494879486769
2026-04-20,2026-04-21,2026-04-22,QUBT,1,10.005500364446641,9.589520652580262,-0.04157510336459669,33,0.9718061674008811,0.1,-0.004157510336459669,-4.611575597896536
2026-04-20,2026-04-21,2026-04-22,OWL,1,10.01050072889328,10.049497690725326,0.0038956055134673484,27,0.9850877192982456,0.1,0.00038956055134673487,0.43210666651607743
2026-04-20,2026-04-21,2026-04-22,FLNC,1,13.08565428814888,13.259337228870391,0.01327277466582677,26,0.9903508771929824,0.1,0.001327277466582677,1.4722369594257736
2026-04-20,2026-04-21,2026-04-22,UUUU,1,21.501075000000004,21.08894565258026,-0.019167848464308967,23,0.9710526315789474,0.1,-0.0019167848464308969,-2.126127780537469
2026-04-20,2026-04-21,2026-04-22,NVTS,1,14.445721944808962,16.12419375,0.11619161794777533,15,0.9982378854625551,0.1,0.011619161794777533,12.888156291737841
2026-04-20,2026-04-21,2026-04-22,SOUN,1,8.850442881488801,8.079595923709869,-0.08709699255742354,8,0.9797356828193833,0.1,-0.008709699255742354,-9.660934863003122
2026-04-20,2026-04-21,2026-04-22,EOSE,1,7.260363228893281,7.224638654637337,-0.004920494075802528,6,0.9780701754385965,0.1,-0.0004920494075802529,-0.545788911468784
2026-04-20,2026-04-21,2026-04-22,UEC,1,15.230761042213441,14.799260190725327,-0.028330879218193328,5,0.9726872246696034,0.1,-0.002833087921819333,-3.142505506813232
2026-04-20,2026-04-21,2026-04-22,RUN,1,12.300615190744402,12.109394156694412,-0.015545648009042234,4,0.9798245614035088,0.1,-0.0015545648009042236,-1.7243476314008557
2026-04-20,2026-04-21,2026-04-22,EXK,1,9.910495347404481,9.65951684741974,-0.025324516200945668,2,0.973568281938326,0.1,-0.002532451620094567,-2.8090350110894895
2026-04-21,2026-04-22,2026-04-23,QUBT,1,9.590479652595521,9.709514538145065,0.012411776038472544,34,0.9779735682819384,0.09090909090909091,0.0011283432762247767,1.2404868895141736
2026-04-21,2026-04-22,2026-04-23,OWL,1,10.050502690744402,9.689515080404282,-0.03591736865784401,28,0.9850877192982456,0.09090909090909091,-0.0032652153325312735,-3.589738067122419
2026-04-21,2026-04-22,2026-04-23,FLNC,1,13.260663228893282,13.489325271129609,0.017243635426778647,27,0.9903508771929824,0.09090909090909091,0.0015676032206162406,1.723403935760468
2026-04-21,2026-04-22,2026-04-23,UUUU,1,21.09105465259552,22.268886957740783,0.055845111804321945,24,0.9710526315789474,0.09090909090909091,0.00507682834584745,5.581403404475218
2026-04-21,2026-04-22,2026-04-23,NVTS,1,16.12580625,18.069096194839478,0.12050807970233901,16,0.9964757709251102,0.09090909090909091,0.010955279972939911,12.044101705341236
2026-04-21,2026-04-22,2026-04-23,SOUN,1,8.08040392370224,8.099595381450653,0.002375061683750568,9,0.9797356828193833,0.09090909090909091,0.0002159146985227789,0.2373739963843737
2026-04-21,2026-04-22,2026-04-23,EOSE,1,7.225361154627801,7.284635597419739,0.008203665051950138,7,0.9709251101321585,0.09090909090909091,0.0007457877319954671,0.819909971898118
2026-04-21,2026-04-22,2026-04-23,UEC,1,14.800740190744401,15.15924184741974,0.024221873504645774,6,0.9718061674008811,0.09090909090909091,0.002201988500422343,2.42083940516232
2026-04-21,2026-04-22,2026-04-23,RUN,1,12.110605156660082,12.779360732984543,0.05522065723996361,5,0.9788546255506607,0.09090909090909091,0.005020059749087601,5.5189926988854054
2026-04-21,2026-04-22,2026-04-23,EXK,1,9.66048284740448,9.499525,-0.01666147023362563,3,0.973568281938326,0.09090909090909091,-0.0015146791121477847,-1.665219813891099
2026-04-21,2026-04-22,2026-04-23,ACHR,1,6.14030686647892,6.009699728870392,-0.021270457722811442,0,0.9709251101321587,0.09090909090909091,-0.0019336779748010402,-2.125862073028532
2026-04-22,2026-04-23,2026-04-24,QUBT,1,9.71048553814888,9.25753747382164,-0.04664525399350794,35,0.9779735682819384,0.09090909090909091,-0.004240477635773449,-4.7558592387966945
2026-04-22,2026-04-23,2026-04-24,OWL,1,9.690484080362321,9.489525271129608,-0.020737747213264046,29,0.9850877192982456,0.09090909090909091,-0.001885249746660368,-2.114380311655263
2026-04-22,2026-04-23,2026-04-24,FLNC,1,13.490674271106721,13.489325271129609,-9.99950002500416e-05,28,0.9788546255506607,0.09090909090909091,-9.090454568185601e-06,-0.010195295449325384
2026-04-22,2026-04-23,2026-04-24,UUUU,1,22.27111395778656,22.318883694839478,0.0021449190706608334,25,0.9710526315789474,0.09090909090909091,0.0001949926427873485,0.21869177044449806
2026-04-22,2026-04-23,2026-04-24,NVTS,1,18.070903194808963,19.119044839191435,0.0580016191267938,17,0.9964757709251102,0.09090909090909091,0.005272874466072164,5.913732107187618
2026-04-22,2026-04-23,2026-04-24,SOUN,1,8.100405381488802,7.994600135564804,-0.013061722338709836,10,0.9770925110132158,0.09090909090909091,-0.001187429303519076,-1.3317477672604405
2026-04-22,2026-04-23,2026-04-24,EOSE,1,7.28536409740448,6.99965,-0.03921754542182321,8,0.9709251101321585,0.09090909090909091,-0.0035652314019839282,-3.9985445409572797
2026-04-22,2026-04-23,2026-04-24,UEC,1,15.160757847404481,14.979250542259216,-0.011972178895815477,7,0.9744493392070483,0.09090909090909091,-0.0010883798996195889,-1.2206600401000163
2026-04-22,2026-04-23,2026-04-24,RUN,1,12.780638732957842,13.039347961854935,0.020242276955215965,6,0.9911894273127754,0.09090909090909091,0.001840206995928724,2.06386312925092
2026-04-22,2026-04-23,2026-04-24,EXK,1,9.500475000000002,9.559522419595718,0.006215207091825992,4,0.9797356828193833,0.09090909090909091,0.0005650188265296357,0.6336904087350309
2026-04-22,2026-04-23,2026-04-24,ACHR,1,6.010300728893281,5.859707133507729,-0.025055916863128802,1,0.9709251101321587,0.09090909090909091,-0.0022778106239208003,-2.5546524779695265
2026-04-23,2026-04-24,2026-04-27,QUBT,1,9.258463273859025,8.814558830404282,-0.047945801622186424,36,0.9779735682819384,0.09090909090909091,-0.004358709238380584,-4.857269347065109
2026-04-23,2026-04-24,2026-04-27,OWL,1,9.490474271106722,9.119543885564804,-0.03908449408805592,30,0.9850877192982456,0.09090909090909091,-0.003553135826186902,-3.9595524249533707
2026-04-23,2026-04-24,2026-04-27,FLNC,1,13.490674271106721,13.429328805160521,-0.004547249804821463,29,0.9841409691629956,0.09090909090909091,-0.00041338634589286027,-0.4606705142705646
2026-04-23,2026-04-24,2026-04-27,UUUU,1,22.321115694808963,20.308983965969087,-0.09014476499970925,26,0.9710526315789474,0.09090909090909091,-0.008194978636337204,-9.132340872758741
2026-04-23,2026-04-24,2026-04-27,NVTS,1,19.12095683927536,17.229138042259216,-0.09893954643160219,18,0.9964757709251102,0.09090909090909091,-0.008994504221054744,-10.023318201699746
2026-04-23,2026-04-24,2026-04-27,SOUN,1,7.995399635553361,8.09859502711296,0.012906845969364422,11,0.9770925110132158,0.09090909090909091,0.0011733496335785839,1.3075603112927112
2026-04-23,2026-04-24,2026-04-27,EOSE,1,7.000350000000001,7.7046146737098695,0.10060420889096533,9,0.9832599118942731,0.09090909090909091,0.00914583717190594,10.19196099551077
2026-04-23,2026-04-24,2026-04-27,UEC,1,14.980748542213442,14.56927119483948,-0.027467075240898864,8,0.9709251101321585,0.09090909090909091,-0.002497006840081715,-2.7826207531675236
2026-04-23,2026-04-24,2026-04-27,RUN,1,13.040651961851122,12.829358423709872,-0.016202682102042454,7,0.9788546255506608,0.09090909090909091,-0.0014729711001856777,-1.6414532336877918
2026-04-23,2026-04-24,2026-04-27,EXK,1,9.56047841963768,9.579520923709872,0.00199179405426797,5,0.9709251101321585,0.09090909090909091,0.00018107218675163367,0.20178367819770673
2026-04-23,2026-04-24,2026-04-27,ACHR,1,5.860293133521081,5.649717595362663,-0.03593259472873778,2,0.971806167400881,0.09090909090909091,-0.0032665995207943432,-3.640241377373225
2026-04-24,2026-04-27,2026-04-28,QUBT,1,8.815440330362321,8.82955842370987,0.0016015187918545504,37,0.9779735682819384,0.08333333333333333,0.00013345989932121252,0.14541608451319243
2026-04-24,2026-04-27,2026-04-28,OWL,1,9.12045588555336,8.879556114435196,-0.02641312826256248,31,0.9850877192982456,0.08333333333333333,-0.0022010940218802066,-2.3982820003247305
2026-04-24,2026-04-27,2026-04-28,FLNC,1,13.43067180519104,12.779360732984543,-0.04849430331212179,30,0.986784140969163,0.08333333333333333,-0.0040411919426768155,-4.403227576666698
2026-04-24,2026-04-27,2026-04-28,UUUU,1,20.311014965915682,20.778961686611176,0.02303906139012568,27,0.9710526315789474,0.08333333333333333,0.0019199217825104733,2.091920566434049
2026-04-24,2026-04-27,2026-04-28,NVTS,1,17.23086104221344,17.189141034030914,-0.0024212375736950564,19,0.9964757709251102,0.08333333333333333,-0.00020176979780792137,-0.21984561744370326
2026-04-24,2026-04-27,2026-04-28,SOUN,1,8.099404927110673,8.104594292259216,0.0006407094342417707,12,0.9770925110132158,0.08333333333333333,5.339245285348089e-05,0.05817568779833753
2026-04-24,2026-04-27,2026-04-28,EOSE,1,7.705385173702241,6.969651290202141,-0.09548307669434752,10,0.9779735682819383,0.08333333333333333,-0.007956923057862293,-8.669754748295132
2026-04-24,2026-04-27,2026-04-28,UEC,1,14.570728194808963,15.099245381450656,0.03627253075999226,9,0.9709251101321585,0.08333333333333333,0.0030227108966660214,3.293504531654253
2026-04-24,2026-04-27,2026-04-28,RUN,1,12.830641423702243,12.779360732984543,-0.003996736330186046,8,0.9788546255506608,0.08333333333333333,-0.00033306136084883714,-0.3628991123446425
2026-04-24,2026-04-27,2026-04-28,EXK,1,9.580478923702243,9.439527580404281,-0.014712348351317406,6,0.9709251101321585,0.08333333333333333,-0.0012260290292764504,-1.3358644944560851
2026-04-24,2026-04-27,2026-04-28,ACHR,1,5.6502825953722,5.859707133507729,0.03706443608803833,3,0.9841409691629955,0.08333333333333333,0.0030887030073365276,3.365408634619068
2026-04-24,2026-04-27,2026-04-28,QS,1,7.1003549046278005,6.849657404637337,-0.03530774212808241,0,0.9859030837004406,0.08333333333333333,-0.0029423118440068674,-3.205902821359797
2026-04-27,2026-04-28,2026-04-29,QUBT,1,8.830441423702242,8.519574457740784,-0.03520401201315293,38,0.9823788546255507,0.08333333333333333,-0.002933667667762744,-3.1621725660645286
2026-04-27,2026-04-28,2026-04-29,OWL,1,8.880444114446641,8.779560732984542,-0.011360173000580343,32,0.9850877192982456,0.08333333333333333,-0.0009466810833816952,-1.0204185646442974
2026-04-27,2026-04-28,2026-04-29,FLNC,1,12.780638732957842,12.479375542259216,-0.023571841516946135,31,0.9788546255506607,0.08333333333333333,-0.001964320126412178,-2.1173220412678804
2026-04-27,2026-04-28,2026-04-29,UUUU,1,20.781039686679843,20.968950813388822,0.009042431444343357,28,0.9710526315789474,0.08333333333333333,0.0007535359536952797,0.8122292604927706
2026-04-27,2026-04-28,2026-04-29,NVTS,1,17.190860034084324,15.569221194839479,-0.09433145497256223,20,0.9964757709251102,0.08333333333333333,-0.007860954581046853,-8.47324841611063
2026-04-27,2026-04-28,2026-04-29,SOUN,1,8.105404792213442,8.001599755048751,-0.012806891182586266,13,0.9859030837004406,0.08333333333333333,-0.0010672409318821887,-1.1503688823596945
2026-04-27,2026-04-28,2026-04-29,EOSE,1,6.97034829018116,6.869656385564804,-0.01444574939794574,11,0.9788546255506608,0.08333333333333333,-0.0012038124498288116,-1.297578026770365
2026-04-27,2026-04-28,2026-04-29,UEC,1,15.100755381488803,14.549272690725326,-0.03652020556796176,10,0.9709251101321585,0.08333333333333333,-0.0030433504639968134,-3.280398612263252
2026-04-27,2026-04-28,2026-04-29,RUN,1,12.780638732957842,12.869356385564805,0.006941566416253098,9,0.9788546255506608,0.08333333333333333,0.0005784638680210914,0.6235207191381847
2026-04-27,2026-04-28,2026-04-29,EXK,1,9.44047158036232,9.119543885564804,-0.03399487960591896,7,0.9709251101321585,0.08333333333333333,-0.00283290663382658,-3.053563202862792
2026-04-27,2026-04-28,2026-04-29,ACHR,1,5.860293133521081,5.7497125,-0.018869471373122226,4,0.9832599118942732,0.08333333333333333,-0.0015724559477601854,-1.6949353582180833
2026-04-27,2026-04-28,2026-04-29,QS,1,6.850342404627801,6.949652309274674,0.014497071647073145,1,0.9876651982378855,0.08333333333333333,0.001208089303922762,1.302188007250964
2026-04-28,2026-04-29,2026-04-30,QUBT,1,8.520426457786561,8.32958342370987,-0.022398296026871378,39,0.9814977973568282,0.08333333333333333,-0.001866524668905948,-1.9698899151047697
2026-04-28,2026-04-29,2026-04-30,OWL,1,8.78043873295784,9.129543614435196,0.03975938926228961,33,0.9850877192982456,0.08333333333333333,0.0033132824385241344,3.4967668899699444
2026-04-28,2026-04-29,2026-04-30,FLNC,1,12.480623542213442,11.551422445774078,-0.07445149621703673,32,0.9823788546255507,0.08333333333333333,-0.006204291351419727,-6.547875400273804
2026-04-28,2026-04-29,2026-04-30,UUUU,1,20.97104781332016,19.979000542259218,-0.04730556526750285,29,0.9710526315789474,0.08333333333333333,-0.00394213043895857,-4.160439519014642
2026-04-28,2026-04-29,2026-04-30,NVTS,1,15.570778194808963,15.509224728870391,-0.003953139988795984,21,0.9964757709251102,0.08333333333333333,-0.0003294283323996653,-0.3476715633896515
2026-04-28,2026-04-29,2026-04-30,SOUN,1,8.002399955034257,7.759612228870392,-0.030339364131772628,14,0.9859030837004406,0.08333333333333333,-0.0025282803443143855,-2.668292595212135
2026-04-28,2026-04-29,2026-04-30,EOSE,1,6.870343385553361,6.509674728870392,-0.05249645271608494,12,0.9929515418502203,0.08333333333333333,-0.004374704393007078,-4.6169687488783
2026-04-28,2026-04-29,2026-04-30,UEC,1,14.550727690744402,13.769311957740785,-0.05370286281287984,11,0.9709251101321585,0.08333333333333333,-0.004475238567739986,-4.723070350549504
2026-04-28,2026-04-29,2026-04-30,RUN,1,12.870643385553361,12.089395652580261,-0.06069997509603986,10,0.9788546255506608,0.08333333333333333,-0.005058331258003321,-5.338453811189386
2026-04-28,2026-04-29,2026-04-30,EXK,1,9.12045588555336,9.409529347419738,0.031695067164818624,8,0.9709251101321585,0.08333333333333333,0.0026412555970682186,2.7875242425423754
2026-04-28,2026-04-29,2026-04-30,ACHR,1,5.750287500000001,5.649717595362663,-0.017489543720611844,5,0.9814977973568282,0.08333333333333333,-0.0014574619767176535,-1.5381739643803427
2026-04-28,2026-04-29,2026-04-30,QS,1,6.9503473092556005,6.879656114435196,-0.010170886672996371,2,0.9911894273127753,0.08333333333333333,-0.0008475738894163642,-0.8945112191022169
2026-04-29,2026-04-30,2026-05-01,OWL,1,9.130456614446642,10.199489809274674,0.11708430804397629,34,0.9850877192982456,0.08333333333333333,0.009757025670331357,10.038588021267389
2026-04-29,2026-04-30,2026-05-01,FLNC,1,11.552577645778657,12.089395652580261,0.046467379251742935,33,0.9841409691629956,0.08333333333333333,0.0038722816043119113,3.984025566953283
2026-04-29,2026-04-30,2026-05-01,UUUU,1,19.98099854221344,21.618919839191438,0.0819739460726947,30,0.9710526315789474,0.08333333333333333,0.006831162172724559,7.028291722852338
2026-04-29,2026-04-30,2026-05-01,NVTS,1,15.510775728893282,16.449178262901306,0.06050003883815935,22,0.9964757709251102,0.08333333333333333,0.005041669903179946,5.187159366726123
2026-04-29,2026-04-30,2026-05-01,SOUN,1,7.760388228893281,8.094595517015458,0.043065794940240876,15,0.9859030837004406,0.08333333333333333,0.0035888162450200727,3.6923801356120465
2026-04-29,2026-04-30,2026-05-01,EOSE,1,6.510325728893281,6.689665557217598,0.027546982408022114,13,0.9964757709251102,0.08333333333333333,0.002295581867335176,2.36182638171607
2026-04-29,2026-04-30,2026-05-01,UEC,1,13.770688957786561,14.669266576290129,0.06525291663025135,12,0.9709251101321585,0.08333333333333333,0.005437743052520945,5.594662155676475
2026-04-29,2026-04-30,2026-05-01,RUN,1,12.090604652595522,12.759362228870392,0.05531216969626973,11,0.9797356828193832,0.08333333333333333,0.004609347474689144,4.742361238832542
2026-04-29,2026-04-30,2026-05-01,EXK,1,9.41047034740448,9.139543343305588,-0.02878995354080438,9,0.9709251101321585,0.08333333333333333,-0.0023991627950670316,-2.4683963852697715
2026-04-29,2026-04-30,2026-05-01,ACHR,1,5.6502825953722,5.7597122288703915,0.019367108043023995,6,0.9797356828193833,0.08333333333333333,0.0016139256702519995,1.6604993620004944
2026-04-29,2026-04-30,2026-05-01,QS,1,6.880344114446641,7.219638790202141,0.049313620091048005,3,0.9894273127753304,0.08333333333333333,0.0041094683409206665,4.228056895082739
2026-04-29,2026-04-30,2026-05-01,QUBT,1,8.330416423702241,9.009549728870391,0.08152453258348968,0,0.9797356828193833,0.08333333333333333,0.00679371104862414,6.989759856843146
2026-04-30,2026-05-01,2026-05-04,FLNC,1,12.090604652595522,11.9994,-0.007543431880881357,34,0.9841409691629956,0.09090909090909091,-0.000685766534625578,-0.7418579335002599
2026-04-30,2026-05-01,2026-05-04,UUUU,1,21.621081839275362,21.628917660808565,0.0003624157935968597,31,0.9710526315789474,0.09090909090909091,3.2946890326987244e-05,0.035641739191288345
2026-04-30,2026-05-01,2026-05-04,NVTS,1,16.4508232629776,17.729113042259215,0.07770369657781151,23,0.9964757709251102,0.09090909090909091,0.0070639724161646825,7.641761028510984
2026-04-30,2026-05-01,2026-05-04,SOUN,1,8.095405017042161,9.539522961854935,0.17838736193836735,16,0.9859030837004406,0.09090909090909091,0.01621703290348794,17.543484421933698
2026-04-30,2026-05-01,2026-05-04,EOSE,1,6.690334557223321,6.399680095362664,-0.043443935333076555,14,0.9823788546255506,0.09090909090909091,-0.003949448666643323,-4.272488782062085
2026-04-30,2026-05-01,2026-05-04,UEC,1,14.67073357629776,14.83925815258026,0.011487126762002697,13,0.9709251101321585,0.09090909090909091,0.0010442842510911543,1.1297001492269303
2026-04-30,2026-05-01,2026-05-04,RUN,1,12.760638228893281,13.114344021129607,0.027718503251306537,12,0.9779735682819383,0.09090909090909091,0.002519863931936958,2.725972987686335
2026-04-30,2026-05-01,2026-05-04,EXK,1,9.140457343339921,9.039547961854934,-0.011039861321437416,10,0.9788546255506608,0.09090909090909091,-0.0010036237564943107,-1.085713881344695
2026-04-30,2026-05-01,2026-05-04,ACHR,1,5.76028822889328,5.859707133507729,0.017259362841562043,7,0.988546255506608,0.09090909090909091,0.0015690329855965494,1.6973700370548586
2026-04-30,2026-05-01,2026-05-04,QS,1,7.220360790181161,7.229638519072533,0.0012849397919267869,4,0.9841409691629956,0.09090909090909091,0.00011681270835698062,0.12636725482031996
2026-04-30,2026-05-01,2026-05-04,QUBT,1,9.01045072889328,9.149542118549345,0.015436673906894294,1,0.9797356828193833,0.09090909090909091,0.0014033339915358448,1.5181179051553892
2026-05-01,2026-05-04,2026-05-05,FLNC,1,12.000600000000002,12.32938342370987,0.02739724878005001,35,0.9841409691629956,0.1,0.002739724878005001,3.035774040245564
2026-05-01,2026-05-04,2026-05-05,UUUU,1,21.631080660724642,21.9989,0.017004205432195718,32,0.9710526315789474,0.1,0.001700420543219572,1.8841645685113986
2026-05-01,2026-05-04,2026-05-05,SOUN,1,9.540476961851121,9.579520923709872,0.004092453869431578,17,0.9859030837004406,0.1,0.00040924538694315783,0.45346762068932883
2026-05-01,2026-05-04,2026-05-05,EOSE,1,6.400320095372201,6.489675271129609,0.013961047951651206,15,0.9929515418502203,0.1,0.0013961047951651208,1.546965072533421
2026-05-01,2026-05-04,2026-05-05,UEC,1,14.84074215259552,15.109244156694412,0.018092222163696325,14,0.9709251101321585,0.1,0.0018092222163696326,2.004723131721859
2026-05-01,2026-05-04,2026-05-05,RUN,1,13.11565552110672,12.989350271129608,-0.009630113399505924,13,0.9955947136563876,0.1,-0.0009630113399505925,-1.0670724092606383
2026-05-01,2026-05-04,2026-05-05,EXK,1,9.04045196185112,9.219539267015458,0.01980955221266023,11,0.9788546255506608,0.1,0.0019809552212660233,2.195013259866936
2026-05-01,2026-05-04,2026-05-05,ACHR,1,5.860293133521081,5.769711480927468,-0.015456846701999094,8,0.9744493392070485,0.1,-0.0015456846701999095,-1.7127082481417852
2026-05-01,2026-05-04,2026-05-05,QS,1,7.230361519074441,7.2096395381450655,-0.0028659674726786433,5,0.9806167400881056,0.1,-0.00028659674726786436,-0.31756581558953645
2026-05-01,2026-05-04,2026-05-05,QUBT,1,9.150457118511198,9.584520788145065,0.04743628258262245,2,0.9770925110132158,0.1,0.004743628258262245,5.256215191028213
2026-05-04,2026-05-05,2026-05-06,FLNC,1,12.330616423702242,12.649367118549344,0.025850345505386896,36,0.986784140969163,0.1,0.0025850345505386897,2.8985515814006675
2026-05-04,2026-05-05,2026-05-06,UUUU,1,22.0011,21.46892581338882,-0.024188526328737137,33,0.9710526315789474,0.1,-0.002418852632873714,-2.7122148610084262
2026-05-04,2026-05-05,2026-05-06,SOUN,1,9.580478923702243,9.159541847419739,-0.0439369555149377,18,0.9859030837004406,0.1,-0.00439369555149377,-4.92656981560322
2026-05-04,2026-05-05,2026-05-06,EOSE,1,6.49032427110672,6.299685190725326,-0.029372812885493427,16,0.9876651982378855,0.1,-0.0029372812885493428,-3.293519354381203
2026-05-04,2026-05-05,2026-05-06,UEC,1,15.110755156660082,14.809259919595718,-0.01995236068208539,15,0.9709251101321585,0.1,-0.001995236068208539,-2.2372214172411518
2026-05-04,2026-05-05,2026-05-06,RUN,1,12.99064927110672,13.469326767015458,0.03684785001265434,14,0.9885462555066079,0.1,0.003684785001265434,4.131681485771124
2026-05-04,2026-05-05,2026-05-06,EXK,1,9.220461267042161,8.99955,-0.02395880863702471,12,0.9788546255506608,0.1,-0.002395880863702471,-2.6864570397657657
2026-05-04,2026-05-05,2026-05-06,ACHR,1,5.770288480925561,5.979701019072532,0.03629151971157296,9,0.9744493392070485,0.1,0.0036291519711572962,4.069301194813524
2026-05-04,2026-05-05,2026-05-06,QS,1,7.210360538148881,7.284635597419739,0.010301157463330934,6,0.9876651982378855,0.1,0.0010301157463330935,1.155049794184493
2026-05-04,2026-05-05,2026-05-06,QUBT,1,9.58547928814888,9.699514809274673,0.011896694750233472,3,0.9823788546255507,0.1,0.0011896694750233472,1.3339544484828791
2026-05-05,2026-05-06,2026-05-07,FLNC,1,12.650632118511199,19.204039673709865,0.5180300473372637,37,0.988546255506608,0.1,0.05180300473372637,57.96829370780566
2026-05-05,2026-05-06,2026-05-07,UUUU,1,21.47107281332016,23.65881684741974,0.10189262796139165,34,0.9710526315789474,0.1,0.010189262796139166,11.40192893189585
2026-05-05,2026-05-06,2026-05-07,SOUN,1,9.160457847404482,9.489525271129608,0.035922595705013105,19,0.9859030837004406,0.1,0.0035922595705013107,4.019789178791069
2026-05-05,2026-05-06,2026-05-07,EOSE,1,6.300315190744401,6.829658423709869,0.08401853192092834,17,0.9876651982378855,0.1,0.008401853192092834,9.401792348388888
2026-05-05,2026-05-06,2026-05-07,UEC,1,14.810740919637682,15.779210732984543,0.0653896937770857,16,0.9709251101321585,0.1,0.0065389693777085705,7.317199057887371
2026-05-05,2026-05-06,2026-05-07,RUN,1,13.470673767042161,14.429278805160521,0.07116236757687044,15,0.9955947136563876,0.1,0.007116236757687045,7.963169406567578
2026-05-05,2026-05-06,2026-05-07,EXK,1,9.00045,10.16949157629013,0.1298870141259747,13,0.9788546255506608,0.1,0.01298870141259747,14.534540269210352
2026-05-05,2026-05-06,2026-05-07,ACHR,1,5.98029901907444,6.329683423709869,0.05842256441041682,10,0.9744493392070485,0.1,0.005842256441041683,6.537567444811463
2026-05-05,2026-05-06,2026-05-07,QS,1,7.28536409740448,7.9296033283472065,0.08842924283938625,7,0.9806167400881056,0.1,0.008842924283938625,9.89535712768234
2026-05-05,2026-05-06,2026-05-07,QUBT,1,9.7004848092556,10.054497555160522,0.0364943353725109,4,0.9788546255506608,0.1,0.00364943353725109,4.08376765482788
2026-05-06,2026-05-07,2026-05-08,FLNC,1,19.205960173702238,23.77381086854935,0.23783506023831302,38,0.9859030837004406,0.09090909090909091,0.021621369112573913,27.072927590601847
2026-05-06,2026-05-07,2026-05-08,UUUU,1,23.661182847404483,23.38882988967896,-0.011510538567829798,35,0.9710526315789474,0.09090909090909091,-0.0010464125970754362,-1.3102524786019174
2026-05-06,2026-05-07,2026-05-08,SOUN,1,9.490474271106722,8.684566169595719,-0.08491757929996713,20,0.9859030837004406,0.09090909090909091,-0.007719779936360648,-9.666226136943866
2026-05-06,2026-05-07,2026-05-08,EOSE,1,6.830341423702241,6.549672690725327,-0.041091464623269736,18,0.9911894273127754,0.09090909090909091,-0.0037355876930245217,-4.6774695254049465
2026-05-06,2026-05-07,2026-05-08,UEC,1,15.780788732957841,15.83920815258026,0.0037019328128011786,17,0.9709251101321585,0.09090909090909091,0.000336539346618289,0.42139354427314357
2026-05-06,2026-05-07,2026-05-08,RUN,1,14.43072180519104,14.129293614435197,-0.02088794966911578,16,0.9955947136563876,0.09090909090909091,-0.0018989045153741618,-2.3776895985876636
2026-05-06,2026-05-07,2026-05-08,EXK,1,10.17050857629776,10.379481114435196,0.020546911353523045,14,0.9788546255506608,0.09090909090909091,0.0018679010321384587,2.3388689738470916
2026-05-06,2026-05-07,2026-05-08,ACHR,1,6.33031642370224,6.299685190725326,-0.004838815459875412,11,0.9744493392070485,0.09090909090909091,-0.00043989231453412834,-0.5508056736388135
2026-05-06,2026-05-07,2026-05-08,QS,1,7.9303963283300405,7.379631114435196,-0.06944989772167198,8,0.9823788546255506,0.09090909090909091,-0.006313627065606544,-7.905529362700096
2026-05-06,2026-05-07,2026-05-08,QUBT,1,10.05550305519104,9.814508830404282,-0.023966401627449785,5,0.9788546255506608,0.09090909090909091,-0.002178763784313617,-2.728111890724125
2026-05-06,2026-05-07,2026-05-08,RCAT,1,10.470523767042161,10.56947119483948,0.00945009342405334,0,0.9920704845814978,0.09090909090909091,0.0008590994021866673,1.0757105985024364
