signal_date,exec_entry_date,exec_exit_date,ticker,side,entry_price,exit_price,position_return,holding_age,score,weight,regime_exposure,position_risk_scale,rolling_vol,rolling_beta,contribution_return,contribution_pnl
2026-03-02,2026-03-03,2026-03-04,FLEX,1,63.06999969482422,64.08000183105469,0.01601398669918419,0,0.9927821522309711,0.02459362419101084,1.0,0.7378087257303252,0.4873029198761786,1.682044427912511,0.00039384197067958215,0.39384197067958215
2026-03-02,2026-03-03,2026-03-04,ATI,1,162.30999755859375,159.57000732421875,-0.016881216656945974,0,0.9908136482939632,0.03333333333333333,1.0,1.0,0.2796606086169352,1.5011930607105433,-0.0005627072218981991,-0.5627072218981991
2026-03-02,2026-03-03,2026-03-04,QRVO,1,80.81999969482422,81.2699966430664,0.005567890991603264,0,0.9875328083989501,0.03333333333333333,1.0,1.0,0.2936111597660163,1.8077225120608316,0.00018559636638677547,0.18559636638677546
2026-03-02,2026-03-03,2026-03-04,AMAT,1,350.8999938964844,359.2200012207031,0.02371048010526078,0,0.9770341207349081,0.025300069148016698,1.0,0.7590020744405009,0.47369613136241107,1.665333925348478,0.000599876786195772,0.599876786195772
2026-03-02,2026-03-03,2026-03-04,GS,1,836.0,869.8400268554688,0.04047850102328798,0,0.9698162729658792,0.03333333333333333,1.0,1.0,0.3293369404290235,1.3612617832504572,0.0013492833674429328,1.3492833674429328
2026-03-02,2026-03-03,2026-03-04,NVMI,1,428.30999755859375,431.9800109863281,0.008568591554373617,0,0.9698162729658792,0.02334203130164477,1.0,0.7002609390493432,0.513431959872855,1.825772570722967,0.000200008332273198,0.200008332273198
2026-03-02,2026-03-03,2026-03-04,LRCX,1,223.50221587451986,221.7100067138672,-0.008018753432220471,0,0.9671916010498687,0.022164189346342116,1.0,0.6649256803902635,0.5407165897811138,1.9498252974722807,-0.00017772916939336525,-0.17772916939336525
2026-03-02,2026-03-03,2026-03-04,NDSN,1,286.0505788227948,287.45626941254403,0.004914133002401622,0,0.963254593175853,0.03333333333333333,1.0,1.0,0.1804040169115778,1.0398348131024386,0.00016380443341338738,0.16380443341338738
2026-03-03,2026-03-04,2026-03-05,FLEX,1,64.08000183105469,63.34000015258789,-0.011548090782172449,1,0.9934383202099738,0.01219239140179976,0.5,0.7315434841079856,0.4919184233862043,1.671135364686785,-0.00014079884275976242,-0.14106429197234732
2026-03-03,2026-03-04,2026-03-05,ATI,1,159.57000732421875,159.89999389648438,0.002067973661210365,1,0.9829396325459318,0.016666666666666666,0.5,1.0,0.28023719495578087,1.5117224440006,3.446622768683941e-05,0.03453120714846648
2026-03-03,2026-03-04,2026-03-05,QRVO,1,81.2699966430664,79.45999908447266,-0.0222714117553513,1,0.9875328083989501,0.016666666666666666,0.5,1.0,0.2931338012877644,1.7993086621513141,-0.00037119019592252167,-0.3718900038420725
2026-03-03,2026-03-04,2026-03-05,AMAT,1,359.2200012207031,351.0400085449219,-0.022771540136918733,1,0.9770341207349081,0.012721325322684805,0.5,0.7632795193610883,0.4714651817751847,1.6444702655546544,-0.00028968417018031766,-0.29023031412131495
2026-03-03,2026-03-04,2026-03-05,GS,1,869.8400268554688,862.010009765625,-0.009001674846063179,1,0.9698162729658792,0.016666666666666666,0.5,1.0,0.32805973642076447,1.3635927450494614,-0.000150027914101053,-0.15031076295750156
2026-03-03,2026-03-04,2026-03-05,NVMI,1,431.9800109863281,436.010009765625,0.009329132545034424,1,0.9763779527559056,0.011683345546303013,0.5,0.7010007327781808,0.5133514139345733,1.8140415675811656,0.00010899547917089843,0.1092009692413715
2026-03-03,2026-03-04,2026-03-05,LRCX,1,221.7100067138672,218.4100036621093,-0.014884321644610288,1,0.9671916010498687,0.011077567103028828,0.5,0.6646540261817298,0.541424114148762,1.9339592048097107,-0.00016488207180123486,-0.1651929253229764
2026-03-03,2026-03-04,2026-03-05,NDSN,1,287.45626941254403,285.30288018336114,-0.007491188950526806,1,0.963254593175853,0.016666666666666666,0.5,1.0,0.18081271241132418,1.043799693308288,-0.00012485314917544675,-0.12508853584118745
2026-03-03,2026-03-04,2026-03-05,PH,1,990.8800048828124,978.77001953125,-0.01222144486909349,0,0.9921259842519685,0.016666666666666666,0.5,1.0,0.19157439407537696,1.2633034597045438,-0.00020369074781822482,-0.20407476765503155
2026-03-03,2026-03-04,2026-03-05,MTSI,1,243.8999938964844,237.1300048828125,-0.027757233222995503,0,0.9849081364829396,0.012759235285777232,0.5,0.7655541171466339,0.4700643746546839,1.6903198837809634,-0.00035416106957439234,-0.3548287723424269
2026-03-03,2026-03-04,2026-03-05,FRO,1,34.670206303812975,34.108035299204566,-0.016214815674361338,0,0.9776902887139107,0.015003628797073119,0.5,0.9002177278243871,0.3997474235600167,0.680176971283281,-0.00024328107539108035,-0.24373973519703881
2026-03-03,2026-03-04,2026-03-05,BK,1,118.83000183105467,117.77999877929688,-0.008836178032300523,0,0.9763779527559056,0.016666666666666666,0.5,1.0,0.25464862169536284,0.9201250257673105,-0.0001472696338716754,-0.14754728251979393
2026-03-03,2026-03-04,2026-03-05,KLAC,1,1466.300048828125,1453.3399658203125,-0.008838629595743552,0,0.9724409448818898,0.011206831940062419,0.5,0.6724099164037451,0.535179075385282,1.743333003448442,-9.905303645995982e-05,-0.0992397819616775
2026-03-03,2026-03-04,2026-03-05,PHYS,1,39.380001068115234,39.02000045776367,-0.00914171154360488,0,0.9652230971128609,0.01618032578736921,0.5,0.9708195472421526,0.3706762171848718,0.007824704511358452,-0.00014791587102968082,-0.14819473803401148
2026-03-03,2026-03-04,2026-03-05,BAC,1,49.60954736054732,49.539944711597464,-0.0014030091515248033,0,0.9645669291338582,0.016666666666666666,0.5,1.0,0.24117814897304746,1.0068866062166124,-2.338348585874672e-05,-0.023427570936344167
2026-03-04,2026-03-05,2026-03-06,FLEX,1,63.34000015258789,61.150001525878906,-0.03457528609777727,2,0.9973753280839895,0.02443905388079887,1.0,0.7331716164239661,0.4976407413434452,1.687159369976273,-0.0008449872798876148,-0.8444215082217642
2026-03-04,2026-03-05,2026-03-06,ATI,1,159.89999389648438,150.80999755859375,-0.05684800928619971,2,0.973753280839895,0.03333333333333333,1.0,1.0,0.30895030935836876,1.5258885695049855,-0.0018949336428733235,-1.8936648666570148
2026-03-04,2026-03-05,2026-03-06,QRVO,1,79.45999908447266,78.5,-0.012081539082980597,2,0.9875328083989501,0.03333333333333333,1.0,1.0,0.2934063126241065,1.798557102247958,-0.00040271796943268655,-0.4024483246441115
2026-03-04,2026-03-05,2026-03-06,AMAT,1,351.0400085449219,329.5199890136719,-0.061303609296420536,2,0.9770341207349081,0.024927712876691318,1.0,0.7478313863007395,0.4878854691216024,1.663568244532848,-0.0015281587708460358,-1.5271355732736644
2026-03-04,2026-03-05,2026-03-06,GS,1,862.010009765625,816.0,-0.05337526159137618,2,0.9698162729658792,0.03333333333333333,1.0,1.0,0.32728992069679164,1.35774492743436,-0.0017791753863792058,-1.7779841175327376
2026-03-04,2026-03-05,2026-03-06,NVMI,1,436.010009765625,425.739990234375,-0.023554549898454402,2,0.9763779527559056,0.023135630639210626,1.0,0.6940689191763187,0.5256769992844297,1.8355996004005732,-0.0005449493663234972,-0.5445844887470797
2026-03-04,2026-03-05,2026-03-06,LRCX,1,218.4100036621093,205.4499969482422,-0.05933797214671932,2,0.9671916010498687,0.021816491285215355,1.0,0.6544947385564607,0.5574621845454605,1.9563159337496396,-0.0012945463522212536,-1.2936795727280588
2026-03-04,2026-03-05,2026-03-06,NDSN,1,285.30288018336114,275.3535021227204,-0.034873037574126076,2,0.963254593175853,0.03333333333333333,1.0,1.0,0.18430733386000656,1.0508501271415114,-0.0011624345858042024,-1.161656263375325
2026-03-04,2026-03-05,2026-03-06,PH,1,978.77001953125,945.739990234375,-0.03374646611335075,1,0.9803149606299213,0.03333333333333333,1.0,1.0,0.1980191137228393,1.2665045831192705,-0.0011248822037783583,-1.1241290250105052
2026-03-04,2026-03-05,2026-03-06,MTSI,1,237.1300048828125,222.3999938964844,-0.062117870716561274,1,0.9849081364829396,0.02490730064277792,1.0,0.7472190192833377,0.48828530499548883,1.7057740997489317,-0.0015471884812266025,-1.5461525420766962
2026-03-04,2026-03-05,2026-03-06,FRO,1,34.108035299204566,33.070935818353,-0.030406309591093694,1,0.9776902887139107,0.02867722787323372,1.0,0.8603168361970116,0.4240949977708479,0.6819329985128604,-0.0008719686689278859,-0.8713848315398788
2026-03-04,2026-03-05,2026-03-06,BK,1,117.77999877929688,114.97000122070312,-0.023858019933072794,1,0.9770341207349081,0.03333333333333333,1.0,1.0,0.2559658549499993,0.9180366225666922,-0.0007952673311024264,-0.7947348500421503
2026-03-04,2026-03-05,2026-03-06,KLAC,1,1453.3399658203125,1372.9200439453125,-0.05533455610271365,1,0.9724409448818898,0.02207800837270634,1.0,0.6623402511811902,0.5508589672430829,1.7619356520685334,-0.0012216767929357007,-1.2208588041556068
2026-03-04,2026-03-05,2026-03-06,PHYS,1,39.02000045776367,38.86000061035156,-0.004100457343287234,1,0.9652230971128609,0.03171768293538938,1.0,0.9515304880616814,0.3834412783477132,0.02516123754929205,-0.00013005700590447357,-0.1299699246304266
2026-03-04,2026-03-05,2026-03-06,BAC,1,49.539944711597464,48.54999923706055,-0.01998277309956642,1,0.9645669291338582,0.03333333333333333,1.0,1.0,0.23982034105979413,0.9919783913909237,-0.000666092436652214,-0.6656464462373698
2026-03-04,2026-03-05,2026-03-06,TFC,1,48.56999969482422,47.18000030517578,-0.02861847639246662,0,0.9796587926509186,0.03333333333333333,1.0,1.0,0.23630682803444894,1.0938751733131231,-0.0009539492130822206,-0.9533104846087054
2026-03-05,2026-03-06,2026-03-09,FLEX,1,61.150001525878906,58.869998931884766,-0.03728540534915992,3,0.9914698162729658,0.012457702794476565,0.5,0.747462167668594,0.4897608852192758,1.6773476443400432,-0.000464490498411421,-0.45638298630786733
2026-03-05,2026-03-06,2026-03-09,ATI,1,150.80999755859375,150.1699981689453,-0.004243746435973361,3,0.9763779527559056,0.016666666666666666,0.5,1.0,0.3087207386483257,1.5374041245728043,-7.072910726622269e-05,-0.06949455651610911
2026-03-05,2026-03-06,2026-03-09,QRVO,1,78.5,76.55000305175781,-0.02484072545531446,3,0.9875328083989501,0.016666666666666666,0.5,1.0,0.2965580954799573,1.7873966436874915,-0.00041401209092190765,-0.4067856609956838
2026-03-05,2026-03-06,2026-03-09,AMAT,1,329.5199890136719,320.4800109863281,-0.0274337773996729,3,0.9770341207349081,0.012490694523105934,0.5,0.749441671386356,0.4884672775508997,1.6587819459828559,-0.0003426669331142016,-0.33668580687542493
2026-03-05,2026-03-06,2026-03-09,GS,1,816.0,810.0,-0.007352941176470562,3,0.9698162729658792,0.016666666666666666,0.5,1.0,0.3249979058821853,1.3547776575724102,-0.0001225490196078427,-0.12040997120287583
2026-03-05,2026-03-06,2026-03-09,NVMI,1,425.739990234375,405.3999938964844,-0.047775630207285036,3,0.9625984251968505,0.011584720440502135,0.5,0.6950832264301281,0.5266674823753478,1.831740116200375,-0.0005534673198202062,-0.5438067497768785
2026-03-05,2026-03-06,2026-03-09,LRCX,1,205.4499969482422,195.0,-0.05086394306871078,3,0.9671916010498687,0.010926024105183145,0.5,0.6555614463109887,0.5584186424709721,1.9672328439026683,-0.0005557406680533971,-0.5460404175464664
2026-03-05,2026-03-06,2026-03-09,NDSN,1,275.3535021227204,267.42783799210986,-0.02878359661130514,3,0.963254593175853,0.016666666666666666,0.5,1.0,0.1820395203147791,1.0510642360962925,-0.000479726610188419,-0.4713531573152143
2026-03-05,2026-03-06,2026-03-09,PH,1,945.739990234375,900.8800048828124,-0.0474337405785763,2,0.9875328083989501,0.016666666666666666,0.5,1.0,0.19732804040507623,1.2618557665580075,-0.0007905623429762717,-0.7767633658471063
2026-03-05,2026-03-06,2026-03-09,MTSI,1,222.3999938964844,201.1699981689453,-0.09545861650257303,2,0.9849081364829396,0.01250851529889743,0.5,0.7505109179338458,0.4877713623581922,1.6868382471805587,-0.0011940455649340175,-1.1732039354431976
2026-03-05,2026-03-06,2026-03-09,FRO,1,33.070935818353,33.58464190587448,0.015533460871596905,2,0.9776902887139107,0.014445021113926346,0.5,0.8667012668355808,0.4223805213091223,0.6863743431178916,0.00022438117026256604,0.22046467883823131
2026-03-05,2026-03-06,2026-03-09,BK,1,114.97000122070312,113.1500015258789,-0.015830213755764322,2,0.9770341207349081,0.016666666666666666,0.5,1.0,0.25591718769030203,0.9217360174111501,-0.00026383689592940536,-0.2592317192155062
2026-03-05,2026-03-06,2026-03-09,KLAC,1,1372.9200439453125,1322.9300537109375,-0.036411435942562576,2,0.9724409448818898,0.011075831774709038,0.5,0.6645499064825423,0.5508656751498711,1.76542253195164,-0.0004032869391754173,-0.3962477128580821
2026-03-05,2026-03-06,2026-03-09,PHYS,1,38.86000061035156,38.77999877929688,-0.0020587192433900725,2,0.9652230971128609,0.015905549677620527,0.5,0.9543329806572317,0.3835953910480787,0.0318530461391803,-3.2745061198014144e-05,-0.03217350810725672
2026-03-05,2026-03-06,2026-03-09,BAC,1,48.54999923706055,47.93999862670898,-0.012564379401388881,2,0.9606299212598425,0.016666666666666666,0.5,1.0,0.2398926601041373,0.9947910101053759,-0.00020940632335648136,-0.20575121241884156
2026-03-05,2026-03-06,2026-03-09,TFC,1,47.18000030517578,46.060001373291016,-0.02373884961085726,1,0.9796587926509186,0.016666666666666666,0.5,1.0,0.23652146938080323,1.0916272496210055,-0.00039564749351428765,-0.38874161093245163
2026-03-05,2026-03-06,2026-03-09,ESLT,1,887.1401174574148,933.7397051948857,0.05252787786333846,0,0.989501312335958,0.016464376288959918,0.5,0.987862577337595,0.3705755651680941,0.27101397358298107,0.0008648387468025323,0.849743302156616
2026-03-05,2026-03-06,2026-03-09,ADI,1,319.4800109863281,310.239990234375,-0.028922062207981325,0,0.9829396325459318,0.016666666666666666,0.5,1.0,0.27059849758524135,1.559190763612355,-0.00048203437013302205,-0.47362063615235245
2026-03-06,2026-03-09,2026-03-10,FLEX,1,58.869998931884766,61.41999816894531,0.04331576835955109,4,0.984251968503937,0.012517772092606995,0.5,0.7510663255564197,0.48937864780513324,1.6733553123822307,0.0005422169163410177,0.5296881144517193
2026-03-06,2026-03-09,2026-03-10,ATI,1,150.1699981689453,156.2899932861328,0.04075378032769472,4,0.9763779527559056,0.016666666666666666,0.5,1.0,0.32697116309446816,1.5403293038572008,0.0006792296721282454,0.6635349681399328
2026-03-06,2026-03-09,2026-03-10,QRVO,1,76.55000305175781,77.55000305175781,0.013063356762035294,4,0.9875328083989501,0.016666666666666666,0.5,1.0,0.290148625350321,1.7914032206540427,0.00021772261270058824,0.21269177836263758
2026-03-06,2026-03-09,2026-03-10,AMAT,1,320.4800109863281,339.8500061035156,0.06044057180843598,4,0.9770341207349081,0.01253740153286451,0.5,0.7522440919718706,0.48861244207221377,1.6706345911649774,0.0007577677176382928,0.740258264638444
2026-03-06,2026-03-09,2026-03-10,GS,1,810.0,834.6799926757812,0.03046912676022373,4,0.9698162729658792,0.016666666666666666,0.5,1.0,0.3332515461493373,1.351498436866955,0.0005078187793370622,0.49608480223263357
2026-03-06,2026-03-09,2026-03-10,NVMI,1,405.3999938964844,433.0499877929688,0.06820422869454856,4,0.9625984251968505,0.011687051804089778,0.5,0.7012231082453867,0.5241638766475845,1.8318288855296803,0.0007971063540111755,0.7786879179699326
2026-03-06,2026-03-09,2026-03-10,LRCX,1,195.0,211.0,0.08205128205128198,4,0.9671916010498687,0.010856388666650552,0.5,0.6513833199990331,0.5642696266974049,1.9822661992644475,0.0008907806085456856,0.8701976768167935
2026-03-06,2026-03-09,2026-03-10,NDSN,1,267.42783799210986,269.54134817896534,0.007903104638335545,4,0.963254593175853,0.016666666666666666,0.5,1.0,0.1909478273841808,1.057757640548569,0.00013171841063892576,0.12867484297747264
2026-03-06,2026-03-09,2026-03-10,PH,1,900.8800048828124,930.510009765625,0.032890068291244745,3,0.9960629921259843,0.016666666666666666,0.5,1.0,0.20356080955484698,1.2559522571387032,0.0005481678048540791,0.5355014980271838
2026-03-06,2026-03-09,2026-03-10,MTSI,1,201.1699981689453,217.3500061035156,0.08042952767232259,3,0.9849081364829396,0.01238881674496121,0.5,0.7433290046976726,0.49447259623921613,1.7014470854153203,0.000996426679216191,0.9734026235571464
2026-03-06,2026-03-09,2026-03-10,FRO,1,33.58464190587448,34.95128950252958,0.04069263565427672,3,0.9776902887139107,0.014207453773890806,0.5,0.8524472264334484,0.43117721709364515,0.7023443128423719,0.0005781387399959174,0.5647799060686818
2026-03-06,2026-03-09,2026-03-10,BK,1,113.1500015258789,115.37999725341795,0.019708313720429027,3,0.9770341207349081,0.016666666666666666,0.5,1.0,0.2577207669489526,0.915984468992924,0.00032847189534048377,0.3208820190771342
2026-03-06,2026-03-09,2026-03-10,KLAC,1,1322.9300537109375,1421.0999755859375,0.07420643411919214,3,0.9724409448818898,0.011070363867504845,0.5,0.6642218320502907,0.5533630559510752,1.779951993194262,0.0008214922270094834,0.80251031579348
2026-03-06,2026-03-09,2026-03-10,PHYS,1,38.77999877929688,39.66999816894531,0.022949959197099412,3,0.9652230971128609,0.015925677060795968,0.5,0.9555406236477582,0.3846574532955316,0.03758119737306131,0.00036549363873144956,0.3570483149994524
2026-03-06,2026-03-09,2026-03-10,BAC,1,47.93999862670898,48.27999877929688,0.007092201967617173,3,0.9717847769028871,0.016666666666666666,0.5,1.0,0.24057247663095224,0.9777132223501921,0.00011820336612695289,0.1154720855043443
2026-03-06,2026-03-09,2026-03-10,TFC,1,46.060001373291016,46.790000915527344,0.015848882337629266,2,0.9796587926509186,0.016666666666666666,0.5,1.0,0.23809033599741442,1.0846007291082451,0.0002641480389604878,0.2580444697986928
2026-03-06,2026-03-09,2026-03-10,ESLT,1,933.7397051948857,866.0829376157849,-0.07245784580294767,1,0.9927821522309711,0.01655814877441279,0.5,0.9934889264647674,0.36996469011555255,0.2761396953752209,-0.0011997677906786688,-1.1720452086094655
2026-03-06,2026-03-09,2026-03-10,ADI,1,310.239990234375,318.7200012207031,0.027333713425924833,1,0.9698162729658792,0.016666666666666666,0.5,1.0,0.2783148630521188,1.567852965319332,0.00045556189043208055,0.4450353935605811
2026-03-06,2026-03-09,2026-03-10,BA,1,226.75,224.1000061035156,-0.011686852906215628,0,0.979002624671916,0.016666666666666666,0.5,1.0,0.24421836071530315,1.1939481904469067,-0.00019478088177026046,-0.190280153360696
2026-03-06,2026-03-09,2026-03-10,EVR,1,280.92999267578125,288.6300048828125,0.027409007253695883,0,0.9698162729658792,0.015376730396742774,0.5,0.9226038238045664,0.3983896590598018,1.8071323673172932,0.00042146091498244866,0.4117223764958026
2026-03-09,2026-03-10,2026-03-11,FLEX,1,61.41999816894531,60.75,-0.010908469373482887,5,0.9855643044619422,0.012269985620934966,0.5,0.736199137256098,0.5012385640519987,1.684652872393602,-0.00013384676235904448,-0.13179491059816897
2026-03-09,2026-03-10,2026-03-11,ATI,1,156.2899932861328,157.02999877929688,0.004734823244948672,5,0.9763779527559056,0.016666666666666666,0.5,1.0,0.33332082510885136,1.5414255626341549,7.891372074914453e-05,0.07770398467467736
2026-03-09,2026-03-10,2026-03-11,QRVO,1,77.55000305175781,78.19999694824219,0.008381610198655354,5,0.9875328083989501,0.016666666666666666,0.5,1.0,0.29164591441593934,1.788568817051704,0.00013969350331092257,0.1375520218458536
2026-03-09,2026-03-10,2026-03-11,AMAT,1,339.8500061035156,348.0,0.023981149772296817,5,0.9770341207349081,0.012138440471537849,0.5,0.728306428292271,0.5066705222962576,1.6881695403680914,0.00029109375895005837,0.28663133317782086
2026-03-09,2026-03-10,2026-03-11,GS,1,834.6799926757812,829.9500122070312,-0.005666819032749126,5,0.9803149606299213,0.016666666666666666,0.5,1.0,0.330963094549698,1.3499509571339514,-9.444698387915211e-05,-0.09299912509821295
2026-03-09,2026-03-10,2026-03-11,NVMI,1,433.0499877929688,434.0499877929688,0.0023092022357429354,5,0.979002624671916,0.01139632825517806,0.5,0.6837796953106836,0.5396641651473755,1.8473086479521332,2.631642668611756e-05,0.025912999621583766
2026-03-09,2026-03-10,2026-03-11,LRCX,1,211.0,214.4499969482422,0.01635069643716669,5,0.9671916010498687,0.010517795972532069,0.5,0.6310677583519241,0.5847413269507936,1.9970531960835944,0.00017197328913492625,0.1693369631609853
2026-03-09,2026-03-10,2026-03-11,NDSN,1,269.54134817896534,270.74761692221796,0.004475264190085149,5,0.9730971128608923,0.016666666666666666,0.5,1.0,0.20096097637456892,1.0618370490075542,7.458773650141915e-05,0.0734443171479527
2026-03-09,2026-03-10,2026-03-11,PH,1,930.510009765625,945.760009765625,0.01638886184990218,4,0.9947506561679791,0.016666666666666666,0.5,1.0,0.22164323995401716,1.2636955116500108,0.00027314769749836967,0.26896038228645824
2026-03-09,2026-03-10,2026-03-11,MTSI,1,217.3500061035156,220.2700042724609,0.0134345437632728,4,0.9849081364829396,0.011626357827601906,0.5,0.6975814696561143,0.5289868129617575,1.7300786173027698,0.00015619481304238707,0.15380036885463055
2026-03-09,2026-03-10,2026-03-11,FRO,1,34.95128950252958,33.76880141742764,-0.03383245945807989,4,0.9776902887139107,0.014225292710888774,0.5,0.8535175626533265,0.4323418926113514,0.7201506387498477,-0.0004812766389204638,-0.47389873674612354
2026-03-09,2026-03-10,2026-03-11,BK,1,115.37999725341795,115.0,-0.003293441345672221,4,0.9770341207349081,0.016666666666666666,0.5,1.0,0.25857667166137993,0.9161357504536611,-5.489068909453702e-05,-0.054049222666143544
2026-03-09,2026-03-10,2026-03-11,KLAC,1,1421.0999755859375,1459.0,0.026669499025524734,4,0.9724409448818898,0.010855184740336558,0.5,0.6513110844201935,0.566567047976876,1.7934176068543055,0.0002895023388542968,0.2850643093249585
2026-03-09,2026-03-10,2026-03-11,PHYS,1,39.66999816894531,39.43999862670898,-0.00579782084326852,4,0.9652230971128609,0.01596052739976473,0.5,0.9576316439858837,0.38533751545495754,0.031659000114130066,-9.253627842791427e-05,-0.09111771048879705
2026-03-09,2026-03-10,2026-03-11,BAC,1,48.27999877929688,48.36000061035156,0.001657038796135657,4,0.9717847769028871,0.016666666666666666,0.5,1.0,0.24021968927675066,0.9850420549599223,2.7617313268927617e-05,0.02719394379877569
2026-03-09,2026-03-10,2026-03-11,TFC,1,46.790000915527344,46.41999816894531,-0.00790773112507559,3,0.9796587926509186,0.016666666666666666,0.5,1.0,0.24919650403654522,1.1019192387728636,-0.00013179551875125984,-0.12977511226208488
2026-03-09,2026-03-10,2026-03-11,ESLT,1,866.0829376157849,843.2176461243265,-0.026400810474806913,2,0.9993438320209973,0.016277628123500663,0.5,0.9766576874100399,0.37783084408328743,0.24805416809067216,-0.0004297425750679279,-0.423154682736166
2026-03-09,2026-03-10,2026-03-11,ADI,1,318.7200012207031,319.2900085449219,0.0017884265877121663,2,0.9796587926509186,0.016666666666666666,0.5,1.0,0.29079738765298524,1.5770323812215556,2.9807109795202773e-05,0.02935017105688772
2026-03-09,2026-03-10,2026-03-11,BA,1,224.1000061035156,217.94000244140625,-0.027487744285307758,1,0.979002624671916,0.016666666666666666,0.5,1.0,0.2546023815696249,1.1693185517900302,-0.000458129071421796,-0.45110601815298784
2026-03-09,2026-03-10,2026-03-11,EVR,1,288.6300048828125,285.44000244140625,-0.011052220446385763,1,0.9698162729658792,0.015211721053096728,0.5,0.9127032631858036,0.404305992208823,1.8169569861134849,-0.00016812329444775242,-0.16554598834279455
2026-03-09,2026-03-10,2026-03-11,CMI,1,555.219970703125,554.9600219726562,-0.0004681905266115116,0,0.9763779527559056,0.016150005006698283,0.5,0.9690003004018969,0.38081659857227895,1.2797197317752385,-7.561279348864618e-06,-0.007445366015788832
2026-03-09,2026-03-10,2026-03-11,RL,1,343.08855879855514,344.4547919749719,0.003982158953947934,0,0.973753280839895,0.016666666666666666,0.5,1.0,0.2925670054054569,1.4085301651620505,6.636931589913224e-05,0.06535188376035227
2026-03-09,2026-03-10,2026-03-11,JCI,1,132.95016196384455,133.06979547288554,0.0008998372568627122,0,0.9704724409448819,0.016666666666666666,0.5,1.0,0.2849928723908094,1.0521695978307517,1.4997287614378537e-05,0.014767381336052788
2026-03-10,2026-03-11,2026-03-12,FLEX,1,60.75,62.83000183105469,0.0342387132683899,6,0.9881889763779528,0.012375032909121082,0.5,0.7425019745472649,0.49671481926444794,1.6790952263272256,0.0004237052034622856,0.416996195493764
2026-03-10,2026-03-11,2026-03-12,ATI,1,157.02999877929688,156.1300048828125,-0.005731350082663567,6,0.9855643044619422,0.016666666666666666,0.5,1.0,0.3404388123288027,1.5543635924875943,-9.55225013777261e-05,-0.09400998461446826
2026-03-10,2026-03-11,2026-03-12,QRVO,1,78.19999694824219,77.76000213623047,-0.005626532342487667,6,0.9875328083989501,0.016666666666666666,0.5,1.0,0.2919610449415373,1.8031870465581858,-9.377553904146111e-05,-0.09229068392629948
2026-03-10,2026-03-11,2026-03-12,AMAT,1,348.0,344.19000244140625,-0.01094826884653377,6,0.9770341207349081,0.011982102896519605,0.5,0.7189261737911763,0.513003626152395,1.6957298618895296,-0.00013118328385792764,-0.12910610923380714
2026-03-10,2026-03-11,2026-03-12,GS,1,829.9500122070312,805.3200073242188,-0.02967649198210809,6,0.9803149606299213,0.016666666666666666,0.5,1.0,0.3319581728032564,1.340091677519352,-0.0004946081997018014,-0.4867765036877333
2026-03-10,2026-03-11,2026-03-12,NVMI,1,434.0499877929688,431.0799865722656,-0.0068425326672737485,6,0.9658792650918635,0.01122136100375913,0.5,0.6732816602255478,0.5477822371801859,1.84455906589216,-7.678252923949358e-05,-0.07556674383893297
2026-03-10,2026-03-11,2026-03-12,LRCX,1,214.4499969482422,213.6699981689453,-0.003637205830714585,6,0.9671916010498687,0.010358769894424314,0.5,0.6215261936654589,0.5933969281578758,2.0055481714364585,-3.767697825903082e-05,-0.03708039566975857
2026-03-10,2026-03-11,2026-03-12,NDSN,1,270.74761692221796,270.1793999735357,-0.002098696029688485,6,0.9730971128608923,0.016666666666666666,0.5,1.0,0.2013916839798383,1.0706144419184584,-3.497826716147475e-05,-0.034424416344458995
2026-03-10,2026-03-11,2026-03-12,PH,1,945.760009765625,927.3300170898438,-0.019486965493866193,5,0.9901574803149606,0.016666666666666666,0.5,1.0,0.22208591120621762,1.2668469976041359,-0.0003247827582311032,-0.3196401022164837
2026-03-10,2026-03-11,2026-03-12,MTSI,1,220.2700042724609,217.7400054931641,-0.01148589789905008,5,0.9849081364829396,0.011426885338787832,0.5,0.68561312032727,0.5379298078699137,1.7181429971215187,-0.00013124803830546933,-0.1291698383502908
2026-03-10,2026-03-11,2026-03-12,FRO,1,33.76880141742764,32.11000061035156,-0.04912228854589995,5,0.9776902887139107,0.01422989601232378,0.5,0.8537937607394268,0.4319681766839471,0.7417944327269826,-0.0006990050578955198,-0.6879369131922287
2026-03-10,2026-03-11,2026-03-12,BK,1,115.0,115.27999877929688,0.0024347719938859758,5,0.9770341207349081,0.016666666666666666,0.5,1.0,0.25819086966643096,0.9108909207718172,4.057953323143293e-05,0.03993699117723131
2026-03-10,2026-03-11,2026-03-12,KLAC,1,1459.0,1465.0,0.004112405757368043,5,0.9724409448818898,0.010612059858746001,0.5,0.6367235915247601,0.5792336564875004,1.8018254090167733,4.364109606064135e-05,0.042950076788672645
2026-03-10,2026-03-11,2026-03-12,PHYS,1,39.43999862670898,39.34999847412109,-0.0022819512099815364,5,0.9652230971128609,0.015948645648543903,0.5,0.9569187389126341,0.3854159387763986,0.028089746044827085,-3.6394031235261526e-05,-0.03581776301016353
2026-03-10,2026-03-11,2026-03-12,BAC,1,48.36000061035156,47.70000076293945,-0.013647639352403873,5,0.9717847769028871,0.016666666666666666,0.5,1.0,0.2417315022650494,0.9786227648337493,-0.00022746065587339788,-0.22385901175784334
2026-03-10,2026-03-11,2026-03-12,TFC,1,46.41999816894531,44.63999938964844,-0.03834551593084046,4,0.9796587926509186,0.016666666666666666,0.5,1.0,0.24939968719784644,1.1007877724082877,-0.0006390919321806743,-0.6289724603625764
2026-03-10,2026-03-11,2026-03-12,ESLT,1,843.2176461243265,887.4398396841291,0.052444577936741066,3,0.9993438320209973,0.015816041704034684,0.5,0.948962502242081,0.38864732085763304,0.2415245942547096,0.000829465631797994,0.8163317559619779
2026-03-10,2026-03-11,2026-03-12,ADI,1,319.2900085449219,313.8999938964844,-0.01688125060035872,3,0.9796587926509186,0.016666666666666666,0.5,1.0,0.29124181312307523,1.5757053241104648,-0.00028135417667264536,-0.27689917494538513
2026-03-10,2026-03-11,2026-03-12,BA,1,217.94000244140625,212.2100067138672,-0.02629162000252605,2,0.979002624671916,0.016666666666666666,0.5,1.0,0.2607722692873487,1.1564631921736213,-0.0004381936667087675,-0.4312552463691492
2026-03-10,2026-03-11,2026-03-12,EVR,1,285.44000244140625,281.79998779296875,-0.012752293362191636,2,0.9698162729658792,0.015190328262875119,0.5,0.9114196957725071,0.40465631344310643,1.799337604469269,-0.00019371152227617438,-0.19064426670337142
2026-03-10,2026-03-11,2026-03-12,CMI,1,554.9600219726562,546.530029296875,-0.01519027018525776,1,0.9763779527559056,0.016065180293632488,0.5,0.9639108176179493,0.38262018368271977,1.2888317809601237,-0.0002440344292351561,-0.24017035365394124
2026-03-10,2026-03-11,2026-03-12,RL,1,344.4547919749719,332.3979067910293,-0.035002808684451825,1,0.973753280839895,0.016666666666666666,0.5,1.0,0.2946472987197701,1.3972283883152021,-0.0005833801447408637,-0.5741428212249816
2026-03-10,2026-03-11,2026-03-12,JCI,1,133.06979547288554,133.6081340263913,0.004045535289151747,1,0.9704724409448819,0.016666666666666666,0.5,1.0,0.28499045145577684,1.0526795149261896,6.742558815252912e-05,0.06635796187722934
2026-03-10,2026-03-11,2026-03-12,MTZ,1,298.0400085449219,299.4200134277344,0.004630267223350026,0,0.9776902887139107,0.01547739259806574,0.5,0.9286435558839444,0.3971510185516562,1.4858846903427396,7.166446364974411e-05,0.07052971842179517
2026-03-11,2026-03-12,2026-03-13,FLEX,1,62.83000183105469,63.29999923706055,0.007480461440533492,7,0.9822834645669292,0.01245238175457212,0.5,0.7471429052743273,0.4953461309543813,1.679929040857542,9.314956155787954e-05,0.09137025526878344
2026-03-11,2026-03-12,2026-03-13,ATI,1,156.1300048828125,148.05999755859375,-0.05168774144518795,7,0.9612860892388451,0.016666666666666666,0.5,1.0,0.3404152041841892,1.5596695733677979,-0.0008614623574197992,-0.8450070422820658
2026-03-11,2026-03-12,2026-03-13,QRVO,1,77.76000213623047,79.30000305175781,0.019804537978656,7,0.9875328083989501,0.016666666666666666,0.5,1.0,0.2908551928118008,1.7936358988746457,0.0003300756329776,0.32377065805542077
2026-03-11,2026-03-12,2026-03-13,AMAT,1,344.19000244140625,342.4700012207031,-0.00499724340771901,7,0.9770341207349081,0.01200855980019915,0.5,0.720513588011949,0.5136535293093129,1.6923116160430323,-6.000969629774471e-05,-0.05886341468091737
2026-03-11,2026-03-12,2026-03-13,GS,1,805.3200073242188,789.3599853515625,-0.019818236014879975,7,0.9803149606299213,0.016666666666666666,0.5,1.0,0.3295470503590743,1.3428392427637508,-0.0003303039335813329,-0.32399459775081196
2026-03-11,2026-03-12,2026-03-13,NVMI,1,431.0799865722656,425.80999755859375,-0.012225083923696478,7,0.9658792650918635,0.01125997375352074,0.5,0.6755984252112444,0.5478022647579939,1.8398314946106442,-0.00013765412411541068,-0.13502470917601372
2026-03-11,2026-03-12,2026-03-13,LRCX,1,213.6699981689453,212.33999633789065,-0.006224560501952414,7,0.9671916010498687,0.010384679432078964,0.5,0.6230807659247378,0.59397491888292,2.001752579211444,-6.464006541835635e-05,-0.06340533631171424
2026-03-11,2026-03-12,2026-03-13,NDSN,1,270.1793999735357,269.2921113665183,-0.0032840720169793336,7,0.9730971128608923,0.016666666666666666,0.5,1.0,0.20141041960051662,1.0687643168081278,-5.4734533616322226e-05,-0.05368901608231054
2026-03-11,2026-03-12,2026-03-13,PH,1,927.3300170898438,906.4199829101562,-0.022548643734522478,6,0.9908136482939632,0.016666666666666666,0.5,1.0,0.22480153220455432,1.2657352645736673,-0.00037581072890870794,-0.3686321401716954
2026-03-11,2026-03-12,2026-03-13,MTSI,1,217.7400054931641,220.3699951171875,0.012078577926305734,6,0.9849081364829396,0.011493750989423181,0.5,0.6896250593653909,0.5366602364163264,1.7207152376148633,0.00013882816699130153,0.1361763259466411
2026-03-11,2026-03-12,2026-03-13,FRO,1,32.11000061035156,30.43000030517578,-0.05232015799570511,6,0.9776902887139107,0.014248949970081358,0.5,0.8549369982048814,0.43289078396974756,0.7401285666962448,-0.0007455073137075541,-0.7312669262096188
2026-03-11,2026-03-12,2026-03-13,BK,1,115.27999877929688,117.72000122070312,0.02116587844590123,6,0.9770341207349081,0.016666666666666666,0.5,1.0,0.2582358601524115,0.9096237864784636,0.0003527646407650205,0.34602626933968733
2026-03-11,2026-03-12,2026-03-13,KLAC,1,1465.0,1417.1500244140625,-0.03266209937606657,6,0.9724409448818898,0.01063791107029658,0.5,0.6382746642177948,0.5798355600581517,1.7985965532380472,-0.00034745650853178553,-0.3408195309606798
2026-03-11,2026-03-12,2026-03-13,PHYS,1,39.34999847412109,38.790000915527344,-0.014231196450033679,6,0.9652230971128609,0.016001483000126236,0.5,0.9600889800075741,0.38547921609800595,0.02762887664541066,-0.00022772024806667074,-0.22337042545062133
2026-03-11,2026-03-12,2026-03-13,BAC,1,47.70000076293945,47.52000045776367,-0.0037735912431186014,6,0.9685039370078741,0.016666666666666666,0.5,1.0,0.2436337255691754,0.9777189657560581,-6.289318738531002e-05,-0.06169182645580691
2026-03-11,2026-03-12,2026-03-13,TFC,1,44.63999938964844,44.79999923706055,0.00358422602149977,5,0.9796587926509186,0.016666666666666666,0.5,1.0,0.24943662221866358,1.1017688702508717,5.9737100358329503e-05,0.058596025761924714
2026-03-11,2026-03-12,2026-03-13,ESLT,1,887.4398396841291,876.0421065844098,-0.012843386773999432,4,0.9816272965879265,0.01556701258676938,0.5,0.9340207552061628,0.3962378194861037,0.24304684704605348,-0.00019993316356759654,-0.19611411891097022
2026-03-11,2026-03-12,2026-03-13,ADI,1,313.8999938964844,309.8800048828125,-0.012806591563673475,4,0.9796587926509186,0.016666666666666666,0.5,1.0,0.29040203371729606,1.575159044481912,-0.00021344319272789125,-0.20936608480774815
2026-03-11,2026-03-12,2026-03-13,BA,1,212.2100067138672,205.0,-0.033975809272692725,3,0.979002624671916,0.016666666666666666,0.5,1.0,0.26949994669952704,1.1630243244293699,-0.0005662634878782121,-0.5554469454445568
2026-03-11,2026-03-12,2026-03-13,EVR,1,281.79998779296875,270.1700134277344,-0.04127031536203829,3,0.9698162729658792,0.015264643830487708,0.5,0.9158786298292625,0.4040866719061308,1.8025919826377463,-0.0006299766647734199,-0.6179430982931458
2026-03-11,2026-03-12,2026-03-13,CMI,1,546.530029296875,542.5999755859375,-0.007190919986580835,2,0.9763779527559056,0.016079124374393402,0.5,0.9647474624636041,0.3836178500563985,1.2899317758132562,-0.00011562369683054457,-0.1134150984485619
2026-03-11,2026-03-12,2026-03-13,RL,1,332.3979067910293,336.376948896509,0.011970719502699012,2,0.973753280839895,0.016666666666666666,0.5,1.0,0.2875010406433827,1.401069738490847,0.0001995119917116502,0.19570099211416903
2026-03-11,2026-03-12,2026-03-13,JCI,1,133.6081340263913,131.81366125826855,-0.01343086467900445,2,0.9704724409448819,0.016666666666666666,0.5,1.0,0.28505015910596304,1.05486572482634,-0.00022384774465007416,-0.21957189307123048
2026-03-11,2026-03-12,2026-03-13,MTZ,1,299.4200134277344,300.1600036621094,0.0024714120672952866,1,0.9776902887139107,0.015532281421030119,0.5,0.9319368852618072,0.39712383236519705,1.4906722364907365,3.838666773656022e-05,0.037653420706957576
2026-03-12,2026-03-13,2026-03-16,FLEX,1,63.29999923706055,64.55999755859375,0.019905186993991464,8,0.9822834645669292,0.013046216821325424,0.5,0.7827730092795254,0.47388304805021697,1.6713368381099527,0.0002596873853926395,0.253706801797979
2026-03-12,2026-03-13,2026-03-16,ATI,1,148.05999755859375,144.89999389648438,-0.02134272399173065,8,0.9612860892388451,0.016666666666666666,0.5,1.0,0.3407543720834025,1.530886138745959,-0.00035571206652884417,-0.3475200407733818
2026-03-12,2026-03-13,2026-03-16,QRVO,1,79.30000305175781,78.30999755859375,-0.012484305864627787,8,0.9875328083989501,0.016666666666666666,0.5,1.0,0.29115827306594644,1.803304205460789,-0.00020807176441046312,-0.20327988520977033
2026-03-12,2026-03-13,2026-03-16,AMAT,1,342.4700012207031,347.70001220703125,0.015271442659754886,8,0.984251968503937,0.012027831318681128,0.5,0.7216698791208677,0.5140062933216804,1.6961845522344714,0.00018368233630444282,0.1794521440466621
2026-03-12,2026-03-13,2026-03-16,GS,1,789.3599853515625,792.0,0.003344500224776059,8,0.9803149606299213,0.016666666666666666,0.5,1.0,0.32910269166255635,1.33182207594548,5.5741670412934315e-05,0.054457943368948235
2026-03-12,2026-03-13,2026-03-16,NVMI,1,425.80999755859375,445.9700012207031,0.047345068875080276,8,0.9658792650918635,0.011318114410096902,0.5,0.6790868646058141,0.5462377184752962,1.8302307223970025,0.0005358569062820763,0.523516156584317
2026-03-12,2026-03-13,2026-03-16,LRCX,1,212.33999633789065,217.9499969482422,0.0264198959550912,8,0.9671916010498687,0.010424610675622805,0.5,0.6254766405373683,0.5930562958356569,1.988784472330757,0.00027541712942228747,0.2690742908457391
2026-03-12,2026-03-13,2026-03-16,NDSN,1,269.2921113665183,269.0329134656682,-0.0009625157585747557,8,0.9730971128608923,0.016666666666666666,0.5,1.0,0.1968884711768359,1.0797299010975028,-1.6041929309579262e-05,-0.015672484721000135
2026-03-12,2026-03-13,2026-03-16,PH,1,906.4199829101562,901.75,-0.005152118221359969,7,0.9927821522309712,0.016666666666666666,0.5,1.0,0.22601092373414405,1.2574283136378823,-8.586863702266616e-05,-0.08389108789721614
2026-03-12,2026-03-13,2026-03-16,MTSI,1,220.3699951171875,225.6199951171875,0.023823569979244175,7,0.9849081364829396,0.011519253143290914,0.5,0.6911551885974548,0.5366998116900027,1.7097295746622934,0.0002744297333678195,0.268109634458182
2026-03-12,2026-03-13,2026-03-16,FRO,1,30.43000030517578,30.989999771118164,0.01840287414808639,7,0.9776902887139107,0.013822035168652365,0.5,0.8293221101191419,0.447284420664405,0.6890440694516654,0.0002543651736791335,0.2485071602740607
2026-03-12,2026-03-13,2026-03-16,BK,1,117.72000122070312,117.12000274658205,-0.005096826944439026,7,0.9770341207349081,0.016666666666666666,0.5,1.0,0.25974803778225747,0.9125108311686377,-8.494711574065043e-05,-0.08299078919038642
2026-03-12,2026-03-13,2026-03-16,KLAC,1,1417.1500244140625,1453.9000244140625,0.0259323285233648,7,0.9724409448818898,0.010662325627613881,0.5,0.6397395376568329,0.5798341945965552,1.7978071065662073,0.00027649893099837493,0.27013117860189323
2026-03-12,2026-03-13,2026-03-16,PHYS,1,38.790000915527344,38.08000183105469,-0.018303662482989203,7,0.9652230971128609,0.016035906477977133,0.5,0.9621543886786279,0.38553361491003085,0.019244764693375525,-0.0002935158197816736,-0.2867561695433476
2026-03-12,2026-03-13,2026-03-16,BAC,1,47.52000045776367,47.119998931884766,-0.008417540446667982,7,0.9685039370078741,0.016666666666666666,0.5,1.0,0.24363473502001917,0.9684313900954498,-0.0001402923407777997,-0.1370614172947678
2026-03-12,2026-03-13,2026-03-16,TFC,1,44.79999923706055,44.560001373291016,-0.005357095264657774,6,0.9796587926509186,0.016666666666666666,0.5,1.0,0.25296432614932424,1.0923726561487195,-8.928492107762957e-05,-0.08722869515260023
2026-03-12,2026-03-13,2026-03-16,ESLT,1,876.0421065844098,889.1179872284265,0.014926086937759209,5,0.979002624671916,0.015611823788934043,0.5,0.9367094273360426,0.39600632676855435,0.22526145514900678,0.0002330234391306069,0.2276569244840492
2026-03-12,2026-03-13,2026-03-16,ADI,1,309.8800048828125,311.6700134277344,0.005776457069563978,5,0.9796587926509186,0.016666666666666666,0.5,1.0,0.29011557947999855,1.5741722830764258,9.627428449273297e-05,0.09405709398286527
2026-03-12,2026-03-13,2026-03-16,BA,1,205.0,210.75,0.028048780487804903,4,0.979002624671916,0.016666666666666666,0.5,1.0,0.2686821725102932,1.157118266031128,0.0004674796747967484,0.45671364829261346
2026-03-12,2026-03-13,2026-03-16,EVR,1,270.1700134277344,275.0,0.01787758201210421,4,0.9698162729658792,0.015293886400306711,0.5,0.9176331840184027,0.40423871545755174,1.7774981176472633,0.00027341770840528845,0.2671209163647126
2026-03-12,2026-03-13,2026-03-16,CMI,1,542.5999755859375,541.7100219726562,-0.001640165229127022,3,0.9763779527559056,0.01611964291589255,0.5,0.9671785749535529,0.38353088992550954,1.2979290348549481,-2.6438877816590677e-05,-0.025829992180147216
2026-03-12,2026-03-13,2026-03-16,RL,1,336.376948896509,333.19567910253005,-0.009457454811975685,3,0.973753280839895,0.016666666666666666,0.5,1.0,0.28318347589885895,1.3831716682583528,-0.0001576242468662614,-0.15399417071333713
2026-03-12,2026-03-13,2026-03-16,JCI,1,131.81366125826855,131.6199951171875,-0.0014692418011331698,3,0.9783464566929134,0.016666666666666666,0.5,1.0,0.2851319256215303,1.0543469682443702,-2.4487363352219495e-05,-0.023923420966957504
2026-03-12,2026-03-13,2026-03-16,MTZ,1,300.1600036621094,296.1400146484375,-0.013392820377884807,2,0.9776902887139107,0.01555898655308494,0.5,0.9335391931850964,0.3973511367029172,1.4728215074804836,-0.00020837871216739166,-0.20357976397982172
2026-03-12,2026-03-13,2026-03-16,GOOG,1,306.6549987792969,303.6000061035156,-0.009962311679060476,0,0.9809711286089239,0.016666666666666666,0.5,1.0,0.21779721391653006,0.9790018372272745,-0.00016603852798434128,-0.16221467148456045
2026-03-12,2026-03-13,2026-03-16,NYT,1,78.20458555560448,79.42123112287139,0.015557215201937868,0,0.9685039370078741,0.016666666666666666,0.5,1.0,0.2541000644857358,0.43571204931043683,0.0002592869200322978,0.25331555912883835
2026-03-13,2026-03-16,2026-03-17,FLEX,1,64.55999755859375,64.4800033569336,-0.0012390676066484918,9,0.9822834645669292,0.013205729132823895,0.5,0.7923437479694337,0.47293232302276067,1.6707569317238558,-1.6362791190656367e-05,-0.016010284480412605
2026-03-13,2026-03-16,2026-03-17,ATI,1,144.89999389648438,148.25999450683594,0.023188410986075825,9,0.9612860892388451,0.01661786848893631,0.5,0.9970721093361785,0.3758253448782416,1.560958139455243,0.00038534196423401396,0.3770404693027233
2026-03-13,2026-03-16,2026-03-17,QRVO,1,78.30999755859375,78.7699966430664,0.00587407864657985,9,0.9875328083989501,0.016666666666666666,0.5,1.0,0.29123266182543944,1.783488379722129,9.790131077633083e-05,0.09579220429271187
2026-03-13,2026-03-16,2026-03-17,AMAT,1,347.70001220703125,346.17999267578125,-0.0043716407186805695,9,0.9875328083989501,0.011980901384935792,0.5,0.7188540830961475,0.5212809917497891,1.7012057122741573,-5.237619634088173e-05,-0.051247846021423495
2026-03-13,2026-03-16,2026-03-17,GS,1,792.0,806.2999877929688,0.018055540142637216,9,0.9803149606299213,0.016666666666666666,0.5,1.0,0.33943837831874635,1.3453521523300154,0.0003009256690439536,0.29444277035102395
2026-03-13,2026-03-16,2026-03-17,NVMI,1,445.9700012207031,439.5,-0.014507705009290994,9,0.9658792650918635,0.011311980256037414,0.5,0.6787188153622449,0.552106352259805,1.8368634323033872,-0.00016411087262551482,-0.160575401008821
2026-03-13,2026-03-16,2026-03-17,LRCX,1,217.9499969482422,220.52999877929688,0.011837585993026645,9,0.9671916010498687,0.01040603303578828,0.5,0.6243619821472969,0.6001726243340382,1.997728411798638,0.00012318231090741987,0.12052857104896625
2026-03-13,2026-03-16,2026-03-17,NDSN,1,269.0329134656682,269.74075876841687,0.0026310732528234126,9,0.9730971128608923,0.016666666666666666,0.5,1.0,0.20245179717987932,1.076845552025052,4.385122088039021e-05,0.04290652572217382
2026-03-13,2026-03-16,2026-03-17,PH,1,901.75,903.2000122070312,0.0016079980116787684,8,0.9927821522309712,0.016666666666666666,0.5,1.0,0.23776678262846446,1.2718937855144754,2.6799966861312806e-05,0.026222610098469202
2026-03-13,2026-03-16,2026-03-17,MTSI,1,225.6199951171875,225.0399932861328,-0.002570702258695823,8,0.9849081364829396,0.011558345075655745,0.5,0.6935007045393446,0.5403382677291652,1.7261757876874693,-2.9713063792773965e-05,-0.0290729496309044
2026-03-13,2026-03-16,2026-03-17,FRO,1,30.989999771118164,31.75,0.02452404757970128,8,0.9776902887139107,0.013696862207655874,0.5,0.8218117324593525,0.4559742268929938,0.7174564639043989,0.000335902500473165,0.3286660892750521
2026-03-13,2026-03-16,2026-03-17,BK,1,117.12000274658205,116.66000366210938,-0.003927587719306902,8,0.9770341207349081,0.016666666666666666,0.5,1.0,0.258513900760893,0.8987034371414784,-6.54597953217817e-05,-0.06404958255103585
2026-03-13,2026-03-16,2026-03-17,KLAC,1,1453.9000244140625,1446.719970703125,-0.00493847829312144,8,0.9724409448818898,0.010663220562286718,0.5,0.6397932337372031,0.5856969870889014,1.8014020998289526,-5.266008328161915e-05,-0.05152561713201956
2026-03-13,2026-03-16,2026-03-17,PHYS,1,38.08000183105469,38.040000915527344,-0.0010504441597668501,8,0.9652230971128609,0.01607383231144897,0.5,0.9644299386869383,0.38854555870582924,0.03062291657973127,-1.688466327663326e-05,-0.016520913777182435
2026-03-13,2026-03-16,2026-03-17,BAC,1,47.119998931884766,47.65999984741211,0.011460121557047342,8,0.9685039370078741,0.016666666666666666,0.5,1.0,0.24943977807935983,0.975354563157073,0.00019100202595078903,0.18688723312398495
2026-03-13,2026-03-16,2026-03-17,TFC,1,44.560001373291016,45.150001525878906,0.013240577522547703,7,0.9796587926509186,0.016666666666666666,0.5,1.0,0.2586928169007833,1.096888245431361,0.00022067629204246172,0.21592222088001237
2026-03-13,2026-03-16,2026-03-17,ESLT,1,889.1179872284265,932.790713204045,0.04911915696560798,6,0.9757217847769029,0.01573204809760079,0.5,0.9439228858560474,0.39698684603870527,0.23635044858236323,0.0007727449398965476,0.7560975492743418
2026-03-13,2026-03-16,2026-03-17,ADI,1,311.6700134277344,312.20001220703125,0.001700512582099245,6,0.9796587926509186,0.016666666666666666,0.5,1.0,0.29982726389934516,1.5751906556419866,2.834187636832075e-05,0.02773130195688188
2026-03-13,2026-03-16,2026-03-17,BA,1,210.75,214.67999267578125,0.018647652079626376,5,0.979002624671916,0.016666666666666666,0.5,1.0,0.2769020282104477,1.1815812410550859,0.0003107942013271063,0.3040987029737926
2026-03-13,2026-03-16,2026-03-17,EVR,1,275.0,277.5899963378906,0.00941816850142052,5,0.9698162729658792,0.014753176333048339,0.5,0.8851905799829003,0.4233268833102402,1.8111115998294582,0.00013894790063581858,0.1359545196913512
2026-03-13,2026-03-16,2026-03-17,CMI,1,541.7100219726562,549.6099853515625,0.014583380514427757,4,0.9763779527559056,0.016104376615205487,0.5,0.9662625969123293,0.3878086252714018,1.3023925527961366,0.00023485625212719375,0.2297966993985119
2026-03-13,2026-03-16,2026-03-17,RL,1,333.19567910253005,343.04864754006286,0.029571117080725573,4,0.973753280839895,0.016666666666666666,0.5,1.0,0.28398130788572135,1.38759667572513,0.0004928519513454263,0.48223434839604673
2026-03-13,2026-03-16,2026-03-17,JCI,1,131.6199951171875,132.14999389648438,0.004026734530912179,4,0.9783464566929134,0.016666666666666666,0.5,1.0,0.29238932642093357,1.0600844799492446,6.711224218186966e-05,0.06566643043539191
2026-03-13,2026-03-16,2026-03-17,MTZ,1,296.1400146484375,300.6600036621094,0.01526301340613423,3,0.9921259842519685,0.015573662326051738,0.5,0.9344197395631043,0.4010242437033178,1.4902075062217508,0.00023770101686513526,0.23258017883081672
2026-03-13,2026-03-16,2026-03-17,GOOG,1,303.6000061035156,304.6700134277344,0.0035243982302619603,1,0.9809711286089239,0.016666666666666666,0.5,1.0,0.2192125313910371,0.9795412282234536,5.873997050436601e-05,0.05747452419260635
2026-03-13,2026-03-16,2026-03-17,NYT,1,79.42123112287139,79.89991459637868,0.006027147486126427,1,0.9685039370078741,0.016666666666666666,0.5,1.0,0.2543147032851521,0.4300730947539123,0.00010045245810210712,0.09828839176838203
2026-03-13,2026-03-16,2026-03-17,KGC,1,30.270000457763672,31.3799991607666,0.036669926865436686,0,0.9829396325459318,0.011067652123141649,0.5,0.6640591273884989,0.5642945844798505,0.4073479889544772,0.0004058499939276993,0.3971066906278566
2026-03-13,2026-03-16,2026-03-17,CAT,1,705.3699951171875,707.3599853515625,0.0028212005729622014,0,0.973753280839895,0.016448973841801457,0.5,0.9869384305080874,0.3796842414646193,1.2074691726938107,4.6405854427130536e-05,0.04540612431448938
2026-03-16,2026-03-17,2026-03-18,FLEX,1,64.4800033569336,64.5999984741211,0.0018609663607376259,10,0.979002624671916,0.013534813502437895,0.5,0.8120888101462737,0.460539674779673,1.6680818157956843,2.518783262689433e-05,0.024747635497181095
2026-03-16,2026-03-17,2026-03-18,ATI,1,148.25999450683594,149.02000427246094,0.005126195830190472,10,0.9612860892388451,0.016666666666666666,0.5,1.0,0.36975771604288776,1.568766748021206,8.54365971698412e-05,0.08394345778767488
2026-03-16,2026-03-17,2026-03-18,QRVO,1,78.7699966430664,77.4000015258789,-0.017392347030245725,10,0.9875328083989501,0.016666666666666666,0.5,1.0,0.29107232272778977,1.7872417016453588,-0.0002898724505040954,-0.2848064719189194
2026-03-16,2026-03-17,2026-03-18,AMAT,1,346.17999267578125,353.3900146484375,0.020827379181930006,10,0.9954068241469816,0.01201140365193643,0.5,0.7206842191161859,0.5189500568995834,1.6972838206866185,0.00025016605836609886,0.2457940116530821
2026-03-16,2026-03-17,2026-03-18,GS,1,806.2999877929688,801.0,-0.006573220728275153,10,0.9803149606299213,0.016666666666666666,0.5,1.0,0.33806402501230615,1.3453021192107828,-0.00010955367880458588,-0.10763905535628601
2026-03-16,2026-03-17,2026-03-18,NVMI,1,439.5,449.489990234375,0.022730353206769083,10,0.9658792650918635,0.011278165662608081,0.5,0.6766899397564848,0.5526890449288556,1.8253123859749818,0.00025635668903553654,0.251876451280751
2026-03-16,2026-03-17,2026-03-18,LRCX,1,220.52999877929688,226.7400054931641,0.028159464690706848,10,0.9671916010498687,0.010387910561351453,0.5,0.6232746336810872,0.6000550901744892,1.9900845841113886,0.000292518000662597,0.28740578691286617
2026-03-16,2026-03-17,2026-03-18,NDSN,1,269.74075876841687,268.723850718336,-0.0037699458351191373,10,0.9809711286089239,0.016666666666666666,0.5,1.0,0.20149281616054876,1.0774331483851607,-6.283243058531896e-05,-0.061734334690913543
2026-03-16,2026-03-17,2026-03-18,PH,1,903.2000122070312,910.469970703125,0.008049112486534504,9,0.9934383202099738,0.016666666666666666,0.5,1.0,0.2317037874233837,1.2737228622490804,0.00013415187477557508,0.13180735902876156
2026-03-16,2026-03-17,2026-03-18,MTSI,1,225.0399932861328,224.17999267578125,-0.0038215456630328326,9,0.9849081364829396,0.011546392903096595,0.5,0.6927835741857957,0.5398498614181558,1.7171128342833586,-4.412506772250187e-05,-0.04335391252040212
2026-03-16,2026-03-17,2026-03-18,FRO,1,31.75,31.81999969482422,0.0022047147976131942,9,0.9776902887139107,0.013591308326776757,0.5,0.8154784996066053,0.4586253551717148,0.7216659199022931,2.9964958586968137e-05,0.029441273641250532
2026-03-16,2026-03-17,2026-03-18,BK,1,116.66000366210938,115.58000183105467,-0.009257687272004489,9,0.9770341207349081,0.016666666666666666,0.5,1.0,0.2555636587046265,0.9005790298980871,-0.0001542947878667415,-0.15159824292161866
2026-03-16,2026-03-17,2026-03-18,KLAC,1,1446.719970703125,1479.3199462890625,0.0225337150561995,9,0.9724409448818898,0.01064576888697266,0.5,0.6387461332183596,0.5855207524037134,1.7971490211299166,0.00023988872265319602,0.23569628860272682
2026-03-16,2026-03-17,2026-03-18,PHYS,1,38.040000915527344,36.880001068115234,-0.03049421186892287,9,0.9652230971128609,0.01598454922677537,0.5,0.9590729536065221,0.38995898602977047,0.03303751143295075,-0.0004874362307505154,-0.4789175132858968
2026-03-16,2026-03-17,2026-03-18,BAC,1,47.65999984741211,47.220001220703125,-0.009232031643258143,9,0.9685039370078741,0.016666666666666666,0.5,1.0,0.24862650379706358,0.9756584986157193,-0.00015386719405430238,-0.15117812198593347
2026-03-16,2026-03-17,2026-03-18,TFC,1,45.150001525878906,44.13999938964844,-0.022369924741897473,8,0.9796587926509186,0.016666666666666666,0.5,1.0,0.24954700479143957,1.0988735478272929,-0.00037283207903162453,-0.3663162500007654
2026-03-16,2026-03-17,2026-03-18,ESLT,1,932.790713204045,972.9472791616056,0.04304992040457467,7,0.973753280839895,0.015718510119428392,0.5,0.9431106071657035,0.3965591243225889,0.23577408055707466,0.0006766806095198938,0.6648545478473542
2026-03-16,2026-03-17,2026-03-18,ADI,1,312.20001220703125,313.3299865722656,0.0036193924441139114,7,0.9796587926509186,0.016666666666666666,0.5,1.0,0.2979459667866757,1.5769976069112035,6.0323207401898524e-05,0.05926896414299031
2026-03-16,2026-03-17,2026-03-18,BA,1,214.67999267578125,209.0,-0.026457950761901716,6,0.979002624671916,0.016666666666666666,0.5,1.0,0.28061594144020074,1.1728975967446023,-0.00044096584603169525,-0.43325927188535696
2026-03-16,2026-03-17,2026-03-18,EVR,1,277.5899963378906,283.0199890136719,0.019561197260047125,6,0.9698162729658792,0.01476635700745382,0.5,0.8859814204472292,0.4221297511274985,1.808844400558815,0.00028884762223508334,0.2837995541414193
2026-03-16,2026-03-17,2026-03-18,CMI,1,549.6099853515625,547.8800048828125,-0.0031476510886959685,5,0.9763779527559056,0.016578785733898645,0.5,0.9947271440339188,0.3759816134103843,1.3028094697192438,-5.218423296456326e-05,-0.05127223112988537
2026-03-16,2026-03-17,2026-03-18,RL,1,343.04864754006286,345.73130099429704,0.007820037984323847,5,0.973753280839895,0.016666666666666666,0.5,1.0,0.28468138275505006,1.3885345034893213,0.00013033396640539744,0.1280561746332488
2026-03-16,2026-03-17,2026-03-18,JCI,1,132.14999389648438,133.0500030517578,0.006810512272731772,5,0.9849081364829396,0.016666666666666666,0.5,1.0,0.29281657727840876,1.0584548018835331,0.00011350853787886287,0.11152479702619142
2026-03-16,2026-03-17,2026-03-18,MTZ,1,300.6600036621094,301.9599914550781,0.004323780273846278,4,0.9881889763779528,0.01561243917401984,0.5,0.9367463504411905,0.399253347868214,1.4910037572521293,6.750475652725186e-05,0.06632500436256747
2026-03-16,2026-03-17,2026-03-18,GOOG,1,304.6700134277344,307.9049987792969,0.010617997206770813,2,0.9809711286089239,0.016666666666666666,0.5,1.0,0.21832267223300342,0.9784847700046023,0.00017696662011284687,0.17387384911572862
2026-03-16,2026-03-17,2026-03-18,NYT,1,79.89991459637868,79.69049395451059,-0.002621037117824243,2,0.9685039370078741,0.016666666666666666,0.5,1.0,0.24766152315615583,0.42975621904666794,-4.368395196373739e-05,-0.04292050595574559
2026-03-16,2026-03-17,2026-03-18,KGC,1,31.3799991607666,29.90999984741211,-0.04684510365418959,1,0.9829396325459318,0.010782636935337294,0.5,0.6469582161202376,0.5780885182351073,0.41980707008693335,-0.0005051137449013687,-0.4962860849761209
2026-03-16,2026-03-17,2026-03-18,CAT,1,707.3599853515625,701.3099975585938,-0.008552912121487677,1,0.973753280839895,0.016635328906024337,0.5,0.9981197343614603,0.3747036589315005,1.2100355479523233,-0.00014228050624526988,-0.13979392983391012
2026-03-16,2026-03-17,2026-03-18,TSM,1,340.6000061035156,345.7799987792969,0.015208433890065542,0,0.9888451443569554,0.016584956482937722,0.5,0.9950973889762634,0.375841722287845,1.4692816041712464,0.0002522312142403723,0.24782307566896772
2026-03-17,2026-03-18,2026-03-19,FLEX,1,64.5999984741211,62.040000915527344,-0.039628446115510196,11,0.9691601049868767,0.013497774004394478,0.5,0.8098664402636687,0.4610302268932894,1.667589449232996,-0.0005348958098124809,-0.52564630224872
2026-03-17,2026-03-18,2026-03-19,ATI,1,149.02000427246094,144.75999450683594,-0.028586831589644923,11,0.9612860892388451,0.016666666666666666,0.5,1.0,0.3613468986131661,1.5733751753662713,-0.0004764471931607487,-0.46820838882534377
2026-03-17,2026-03-18,2026-03-19,QRVO,1,77.4000015258789,76.27999877929688,-0.014470319438011359,11,0.9875328083989501,0.016666666666666666,0.5,1.0,0.2912052532084189,1.7918114979559556,-0.00024117199063352265,-0.23700160434406178
2026-03-17,2026-03-18,2026-03-19,AMAT,1,353.3900146484375,340.739990234375,-0.035796213502656826,11,0.9914698162729658,0.012029533934112305,0.5,0.7217720360467383,0.5173003248408504,1.7061116853487346,-0.0004306117650429394,-0.4231655545758852
2026-03-17,2026-03-18,2026-03-19,GS,1,801.0,792.9299926757812,-0.010074915510884797,11,0.9803149606299213,0.016666666666666666,0.5,1.0,0.3358148832264353,1.3444786482580557,-0.00016791525851474662,-0.1650116398562877
2026-03-17,2026-03-18,2026-03-19,NVMI,1,449.489990234375,450.5,0.0022470128091136576,11,0.9658792650918635,0.01123872087470121,0.5,0.6743232524820726,0.5537001836043703,1.8177086582508102,2.5253549763506668e-05,0.024816861168710506
2026-03-17,2026-03-18,2026-03-19,LRCX,1,226.7400054931641,218.1699981689453,-0.03779662660578509,11,0.9671916010498687,0.010320948197283386,0.5,0.6192568918370032,0.6029370260223064,1.9952921315010248,-0.00039009702523037085,-0.3833514024020038
2026-03-17,2026-03-18,2026-03-19,NDSN,1,268.723850718336,264.4700012207031,-0.01582981743623335,11,0.9809711286089239,0.016666666666666666,0.5,1.0,0.20048298585439464,1.0757657116044943,-0.0002638302906038892,-0.25926809321194216
2026-03-17,2026-03-18,2026-03-19,PH,1,910.469970703125,898.8900146484375,-0.012718657866052085,10,0.9908136482939632,0.016666666666666666,0.5,1.0,0.23088279968529846,1.2640870312038723,-0.0002119776311008681,-0.20831207854605754
2026-03-17,2026-03-18,2026-03-19,MTSI,1,224.17999267578125,210.88999938964844,-0.059282691231743345,10,0.9849081364829396,0.011478704996699559,0.5,0.6887222998019735,0.5421240299833107,1.718612435350102,-0.0006804885240596094,-0.6687214029962599
2026-03-17,2026-03-18,2026-03-19,FRO,1,31.81999969482422,31.6200008392334,-0.006285319217754437,10,0.9776902887139107,0.013265623170153442,0.5,0.7959373902092065,0.4690983402725701,0.737570280732365,-8.337867624685397e-05,-0.08193687826965163
2026-03-17,2026-03-18,2026-03-19,BK,1,115.58000183105467,113.66000366210938,-0.01661185446035718,10,0.9835958005249343,0.016666666666666666,0.5,1.0,0.25585421305389394,0.8951679583248882,-0.00027686424100595297,-0.2720766583695939
2026-03-17,2026-03-18,2026-03-19,KLAC,1,1479.3199462890625,1437.6400146484375,-0.028175062294793607,10,0.9724409448818898,0.010621021472008415,0.5,0.6372612883205049,0.5859023850201853,1.80486024291972,-0.0002992479416081776,-0.2940732962874093
2026-03-17,2026-03-18,2026-03-19,PHYS,1,36.880001068115234,34.540000915527344,-0.06344902616098214,10,0.9652230971128609,0.015967306920497075,0.5,0.9580384152298245,0.3897264480970224,0.03527522076454893,-0.00101311007451905,-0.9955912061239668
2026-03-17,2026-03-18,2026-03-19,BAC,1,47.220001220703125,46.41999816894531,-0.016942037930466225,10,0.9685039370078741,0.016666666666666666,0.5,1.0,0.24835989951005794,0.9776953743917254,-0.0002823672988411037,-0.27748455641075054
2026-03-17,2026-03-18,2026-03-19,TFC,1,44.13999938964844,43.61000061035156,-0.012007222170944742,9,0.9796587926509186,0.016666666666666666,0.5,1.0,0.25181901744014196,1.1023885898299193,-0.0002001203695157457,-0.19665985470605327
2026-03-17,2026-03-18,2026-03-19,ESLT,1,972.9472791616056,942.5801067071982,-0.031211529241928715,8,0.973753280839895,0.0157097626408722,0.5,0.9425857584523321,0.39611558456078855,0.24212953092898196,-0.000490325716049342,-0.4818469219812135
2026-03-17,2026-03-18,2026-03-19,ADI,1,313.3299865722656,303.3699951171875,-0.03178754629915059,8,0.9796587926509186,0.016666666666666666,0.5,1.0,0.2991635883814082,1.5794489900049569,-0.0005297924383191766,-0.520631179106519
2026-03-17,2026-03-18,2026-03-19,BA,1,209.0,203.0500030517578,-0.028468884919819026,7,0.979002624671916,0.016666666666666666,0.5,1.0,0.28188379457911333,1.1814686323178194,-0.0004744814153303171,-0.46627660355304723
2026-03-17,2026-03-18,2026-03-19,EVR,1,283.0199890136719,271.0,-0.04247045961510243,7,0.9698162729658792,0.014685181447677925,0.5,0.8811108868606755,0.42375246325501237,1.8081894024181269,-0.0006236864056140567,-0.6129015162574464
2026-03-17,2026-03-18,2026-03-19,CMI,1,547.8800048828125,531.3099975585938,-0.030243862116784093,6,0.9763779527559056,0.016488120156155375,0.5,0.9892872093693226,0.3774160882420056,1.2885959664858782,-0.0004986644325677318,-0.49004144402267147
2026-03-17,2026-03-18,2026-03-19,RL,1,345.73130099429704,337.9326799473811,-0.02255688456465388,6,0.973753280839895,0.016666666666666666,0.5,1.0,0.2838859805877882,1.3832508636441427,-0.00037594807607756463,-0.369447119237989
2026-03-17,2026-03-18,2026-03-19,JCI,1,133.0500030517578,131.5500030517578,-0.011273956900372917,6,0.9849081364829396,0.016666666666666666,0.5,1.0,0.2918563754787828,1.058067785303076,-0.00018789928167288196,-0.18465009595264265
2026-03-17,2026-03-18,2026-03-19,MTZ,1,301.9599914550781,297.6499938964844,-0.014273406015892443,5,0.984251968503937,0.01543388194231749,0.5,0.9260329165390494,0.40319615214485216,1.4977560901069151,-0.0002202940633640482,-0.216484701675364
2026-03-17,2026-03-18,2026-03-19,GOOG,1,307.9049987792969,303.2099914550781,-0.015248233522782373,3,0.9809711286089239,0.016666666666666666,0.5,1.0,0.2147611589728881,0.9724485367558668,-0.0002541372253797062,-0.2497426420884165
2026-03-17,2026-03-18,2026-03-19,NYT,1,79.69049395451059,80.19908633928975,0.0063820960260263515,3,0.9685039370078741,0.016666666666666666,0.5,1.0,0.24769527305126715,0.43037698563510485,0.00010636826710043919,0.10452892928353881
2026-03-17,2026-03-18,2026-03-19,KGC,1,29.90999984741211,26.5,-0.11400868822495669,2,0.9829396325459318,0.010887775565857575,0.5,0.6532665339514545,0.5715475832652493,0.4319233227369545,-0.0012413010099511577,-1.2198362258383932
2026-03-17,2026-03-18,2026-03-19,CAT,1,701.3099975585938,676.489990234375,-0.03539092186140558,2,0.973753280839895,0.01664909627736672,0.5,0.9989457766420031,0.3737669425493023,1.208313022636875,-0.000589226865415304,-0.579037856175653
2026-03-17,2026-03-18,2026-03-19,TSM,1,345.7799987792969,329.2200012207031,-0.04789171616940058,1,0.9914698162729658,0.01661703890494364,0.5,0.9970223342966185,0.3744880088081755,1.4609746590008534,-0.0007958185108114478,-0.7820570843801734
2026-03-18,2026-03-19,2026-03-20,FLEX,1,62.040000915527344,65.08000183105469,0.049000658779269735,12,0.9803149606299213,0.013542250607222335,0.5,0.8125350364333401,0.45799190120116184,1.6735440740381506,0.00066357920110786,0.6444732407464706
2026-03-18,2026-03-19,2026-03-20,ATI,1,144.75999450683594,145.7899932861328,0.007115217037730881,12,0.9612860892388451,0.016666666666666666,0.5,1.0,0.3591195428157693,1.576983230851615,0.00011858695062884801,0.11517256154867468
2026-03-18,2026-03-19,2026-03-20,QRVO,1,76.27999877929688,78.30999755859375,0.02661246475855794,12,0.9875328083989501,0.016666666666666666,0.5,1.0,0.29004622579684664,1.7933483731607174,0.000443541079309299,0.43077051889121576
2026-03-18,2026-03-19,2026-03-20,AMAT,1,340.739990234375,359.7699890136719,0.055849032472552684,12,0.989501312335958,0.012164449061604295,0.5,0.7298669436962577,0.5098661740235336,1.7063977181549745,0.0006793727106522514,0.6598120190894943
2026-03-18,2026-03-19,2026-03-20,GS,1,792.9299926757812,807.0,0.017744324788042,12,0.9803149606299213,0.016666666666666666,0.5,1.0,0.33412995732092676,1.3433030072108736,0.00029573874646736663,0.2872237526913425
2026-03-18,2026-03-19,2026-03-20,NVMI,1,450.5,483.510009765625,0.07327416152192012,12,0.9658792650918635,0.011515926546165841,0.5,0.6909555927699504,0.5385794253966777,1.8301910928324028,0.0008438198618183235,0.8195243612885631
2026-03-18,2026-03-19,2026-03-20,LRCX,1,218.1699981689453,234.32000732421875,0.07402488559754805,12,0.9671916010498687,0.010416454429752827,0.5,0.6249872657851696,0.595427277484045,1.9957904240579492,0.0007710768474945257,0.7488757844424893
2026-03-18,2026-03-19,2026-03-20,NDSN,1,264.4700012207031,267.2099914550781,0.010360306355080562,12,0.9809711286089239,0.016666666666666666,0.5,1.0,0.2008295049415198,1.073691049624055,0.00017267177258467603,0.1677001579876154
2026-03-18,2026-03-19,2026-03-20,PH,1,898.8900146484375,897.760009765625,-0.0012571113978326887,11,0.9862204724409449,0.016666666666666666,0.5,1.0,0.22863455965276427,1.2634800780769666,-2.0951856630544812e-05,-0.020348604838426577
2026-03-18,2026-03-19,2026-03-20,MTSI,1,210.88999938964844,222.3699951171875,0.054435941774214625,11,0.9849081364829396,0.011809364662678675,0.5,0.7085618797607205,0.5251968483745267,1.712333063543587,0.0006428538871680441,0.624344655917438
2026-03-18,2026-03-19,2026-03-20,FRO,1,31.6200008392334,32.900001525878906,0.04048072905353339,11,0.9776902887139107,0.01317226462437414,0.5,0.7903358774624484,0.47085609642761306,0.7466239097466004,0.0005332228752807324,0.5178701711846861
2026-03-18,2026-03-19,2026-03-20,BK,1,113.66000366210938,114.8499984741211,0.010469776294828925,11,0.9901574803149606,0.016666666666666666,0.5,1.0,0.25467119117973114,0.8914686399650941,0.0001744962715804821,0.1694721254914231
2026-03-18,2026-03-19,2026-03-20,KLAC,1,1437.6400146484375,1511.52001953125,0.05138978056400245,11,0.9724409448818898,0.010672816026228516,0.5,0.6403689615737109,0.5811250832865756,1.8020889667129725,0.0005484736735878521,0.5326818641861408
2026-03-18,2026-03-19,2026-03-20,PHYS,1,34.540000915527344,35.15999984741211,0.01795017126377796,11,0.9652230971128609,0.01590982676165577,0.5,0.9545896056993464,0.38983712362552864,0.03466845230415675,0.000285584115148759,0.27736149639463714
2026-03-18,2026-03-19,2026-03-20,BAC,1,46.41999816894531,47.130001068115234,0.01529519446739025,11,0.9685039370078741,0.016666666666666666,0.5,1.0,0.2473995949543265,0.971892071256225,0.0002549199077898375,0.2475801815816768
2026-03-18,2026-03-19,2026-03-20,TFC,1,43.61000061035156,43.90999984741211,0.0068791385659676685,10,0.9796587926509186,0.016666666666666666,0.5,1.0,0.25166723715149164,1.099809757935267,0.00011465230943279448,0.11135120765668761
2026-03-18,2026-03-19,2026-03-20,ESLT,1,942.5801067071982,937.9750976038309,-0.0048855360627696465,9,0.973753280839895,0.01245163403741147,0.5,0.7470980422446881,0.49810660058827994,0.24384410049866767,-6.0832907130183744e-05,-0.05908138883311093
2026-03-18,2026-03-19,2026-03-20,ADI,1,303.3699951171875,311.1499938964844,0.025645248061831438,9,0.9796587926509186,0.016666666666666666,0.5,1.0,0.29769426659179027,1.584694373910825,0.00042742080103052395,0.41511438023178776
2026-03-18,2026-03-19,2026-03-20,BA,1,203.0500030517578,201.0500030517578,-0.009849790543909553,8,0.979002624671916,0.016666666666666666,0.5,1.0,0.2809769138117566,1.1857985174117558,-0.0001641631757318259,-0.15943654306598037
2026-03-18,2026-03-19,2026-03-20,EVR,1,271.0,274.25,0.011992619926199266,8,0.9698162729658792,0.014582637013634655,0.5,0.8749582208180793,0.4253168405923632,1.8101749123104345,0.00017488402322624592,0.16984871288194558
2026-03-18,2026-03-19,2026-03-20,CMI,1,531.3099975585938,539.1500244140625,0.014756031114592671,7,0.9763779527559056,0.016598282014518927,0.5,0.9958969208711357,0.37366765408125324,1.288139914295045,0.0002449247658550252,0.23787282260524262
2026-03-18,2026-03-19,2026-03-20,RL,1,337.9326799473811,337.07507303976803,-0.0025378040021065695,7,0.973753280839895,0.016666666666666666,0.5,1.0,0.2899336691180961,1.391679372286269,-4.2296733368442826e-05,-0.041078913837926265
2026-03-18,2026-03-19,2026-03-20,JCI,1,131.5500030517578,133.0800018310547,0.01163054917372297,7,0.9849081364829396,0.016666666666666666,0.5,1.0,0.285580844522599,1.0553652459444403,0.00019384248622871618,0.1882613184463989
2026-03-18,2026-03-19,2026-03-20,MTZ,1,297.6499938964844,312.6300048828125,0.05032760387536861,6,0.9862204724409449,0.016005125042186683,0.5,0.9603075025312009,0.3875159416622072,1.4980123971572787,0.0008054995930989137,0.7823074206028959
2026-03-18,2026-03-19,2026-03-20,GOOG,1,303.2099914550781,304.07000732421875,0.0028363704804497125,4,0.9809711286089239,0.016666666666666666,0.5,1.0,0.2164077843390667,0.9754951165958565,4.727284134082854e-05,0.045911748299756396
2026-03-18,2026-03-19,2026-03-20,NYT,1,80.19908633928975,80.81738889179299,0.0077095959658124436,4,0.9685039370078741,0.016666666666666666,0.5,1.0,0.24777972691008016,0.42398632237332723,0.00012849326609687406,0.12479365157512039
2026-03-18,2026-03-19,2026-03-20,KGC,1,26.5,27.459999084472656,0.036226380546138026,3,0.9829396325459318,0.010890557376914056,0.5,0.6534334426148434,0.5695063060125771,0.4275454084420864,0.0003945254758956393,0.3831661866179828
2026-03-18,2026-03-19,2026-03-20,CAT,1,676.489990234375,686.6300048828125,0.014989156964354322,3,0.973753280839895,0.016666666666666666,0.5,1.0,0.36167833097538743,1.2127689728277533,0.0002498192827392387,0.24262641517262726
2026-03-18,2026-03-19,2026-03-20,TSM,1,329.2200012207031,336.67999267578125,0.022659593668117095,2,0.973753280839895,0.016666666666666666,0.5,1.0,0.3652290829448196,1.471467881005003,0.00037765989446861823,0.36678620378970994
2026-03-19,2026-03-20,2026-03-23,FLEX,1,65.08000183105469,63.18999862670898,-0.029041228505987005,13,0.963254593175853,0.013512593807621901,0.5,0.8107556284573141,0.460900158727555,1.6754544679589134,-0.00039242232447573265,-0.38466753906744
2026-03-19,2026-03-20,2026-03-23,ATI,1,145.7899932861328,146.0,0.0014404741308617908,13,0.9612860892388451,0.016666666666666666,0.5,1.0,0.3588030342275128,1.5704749146579322,2.4007902181029846e-05,0.023533474204064226
2026-03-19,2026-03-20,2026-03-23,QRVO,1,78.30999755859375,79.05000305175781,0.009449693733043052,13,0.9875328083989501,0.016666666666666666,0.5,1.0,0.2905522375349537,1.7852115638643289,0.00015749489555071753,0.15438258760664486
2026-03-19,2026-03-20,2026-03-23,AMAT,1,359.7699890136719,367.8200073242188,0.022375458088142564,13,0.9868766404199476,0.012197493654762696,0.5,0.7318496192857618,0.5105931437252367,1.7043341356846267,0.0002729245080525276,0.26753115792791693
2026-03-19,2026-03-20,2026-03-23,GS,1,807.0,833.0,0.03221809169764556,13,0.9803149606299213,0.016666666666666666,0.5,1.0,0.3340752450199448,1.33524824569887,0.0005369681949607593,0.5263569915116129
2026-03-19,2026-03-20,2026-03-23,NVMI,1,483.510009765625,467.9100036621094,-0.032264080967170705,13,0.9658792650918635,0.011559958365528094,0.5,0.6935975019316857,0.5387525139645604,1.8237229583306263,-0.00037297143268252077,-0.3656010226842097
2026-03-19,2026-03-20,2026-03-23,LRCX,1,234.32000732421875,230.38999938964844,-0.016771969152136967,13,0.9671916010498687,0.010466973248164452,0.5,0.6280183948898671,0.5950102749948349,1.9933836496854382,-0.00017555175243445705,-0.1720826170584366
2026-03-19,2026-03-20,2026-03-23,NDSN,1,267.2099914550781,270.45001220703125,0.012125372761361719,13,0.9809711286089239,0.016666666666666666,0.5,1.0,0.20246750202011302,1.071514824459572,0.00020208954602269532,0.19809598866135258
2026-03-19,2026-03-20,2026-03-23,PH,1,897.760009765625,921.6799926757812,0.02664407263629509,12,0.9881889763779528,0.016666666666666666,0.5,1.0,0.23244997198441378,1.2452618128577382,0.00044406787727158483,0.4352925072679597
2026-03-19,2026-03-20,2026-03-23,MTSI,1,222.3699951171875,222.1300048828125,-0.0010792383848753362,12,0.9849081364829396,0.011860385980711482,0.5,0.7116231588426889,0.5251057293483048,1.7082365955250338,-1.280018380982114e-05,-0.01254723520715314
2026-03-19,2026-03-20,2026-03-23,FRO,1,32.900001525878906,33.22999954223633,0.010030334378490657,12,0.9776902887139107,0.013186768327786981,0.5,0.7912060996672189,0.47228831780038516,0.7276638550109099,0.0001322676956993935,0.12965391067080606
2026-03-19,2026-03-20,2026-03-23,BK,1,114.8499984741211,116.94000244140624,0.0181976838924911,12,0.9875328083989501,0.016666666666666666,0.5,1.0,0.25592266473682584,0.8917906906783153,0.00030329473154151835,0.29730122553568034
2026-03-19,2026-03-20,2026-03-23,KLAC,1,1511.52001953125,1533.52001953125,0.014554884960652048,12,0.9724409448818898,0.010748305956429411,0.5,0.6448983573857646,0.5794361135606192,1.793858357498585,0.00015644035671772127,0.1533488878591046
2026-03-19,2026-03-20,2026-03-23,PHYS,1,35.15999984741211,33.13999938964844,-0.057451662870594444,12,0.9652230971128609,0.01566241803798204,0.5,0.9397450822789223,0.39763698144506476,0.04950867092560737,-0.0008998319608564614,-0.8820500883055368
2026-03-19,2026-03-20,2026-03-23,BAC,1,47.130001068115234,48.34000015258789,0.02567364856885712,12,0.9685039370078741,0.016666666666666666,0.5,1.0,0.2475496500565173,0.9690566805421738,0.00042789414281428536,0.4194383872468028
2026-03-19,2026-03-20,2026-03-23,TFC,1,43.90999984741211,45.34999847412109,0.03279432092263712,11,0.9796587926509186,0.016666666666666666,0.5,1.0,0.2534596396400981,1.0994662356077625,0.0005465720153772853,0.5357710277038865
2026-03-19,2026-03-20,2026-03-23,ESLT,1,937.9750976038309,889.1879177785321,-0.05201329966001389,10,0.973753280839895,0.012039761442676118,0.5,0.722385686560567,0.5172823947057877,0.2693439095041404,-0.000626227719752994,-0.6138526297529621
2026-03-19,2026-03-20,2026-03-23,ADI,1,311.1499938964844,315.4800109863281,0.013916172825908069,10,0.9796587926509186,0.016666666666666666,0.5,1.0,0.2998846246580468,1.5822853398444297,0.00023193621376513447,0.22735284667825065
2026-03-19,2026-03-20,2026-03-23,BA,1,201.0500030517578,198.9100036621093,-0.010644115181125402,9,0.979002624671916,0.016666666666666666,0.5,1.0,0.2847044231389556,1.1904013685099781,-0.00017740191968542338,-0.17389622255155732
2026-03-19,2026-03-20,2026-03-23,EVR,1,274.25,289.5400085449219,0.05575208220573158,9,0.9698162729658792,0.014625728837869749,0.5,0.8775437302721849,0.42582196756090135,1.804783100642915,0.0008154148364876532,0.799301158235154
2026-03-19,2026-03-20,2026-03-23,CMI,1,539.1500244140625,543.7899780273438,0.008606052866869218,8,0.9763779527559056,0.016666666666666666,0.5,1.0,0.3727699515060844,1.280729269290765,0.0001434342144478203,0.1405997642041042
2026-03-19,2026-03-20,2026-03-23,RL,1,337.07507303976803,335.22016349303067,-0.005502956744946053,8,0.973753280839895,0.016666666666666666,0.5,1.0,0.2927850334594762,1.3956450560404865,-9.171594574910087e-05,-0.0899035170633652
2026-03-19,2026-03-20,2026-03-23,JCI,1,133.0800018310547,133.60000610351562,0.003907456156493572,8,0.9849081364829396,0.016666666666666666,0.5,1.0,0.28405671658717485,1.0433688442512012,6.512426927489287e-05,0.0638373273717446
2026-03-19,2026-03-20,2026-03-23,MTZ,1,312.6300048828125,308.3399963378906,-0.013722318644782572,7,0.9888451443569554,0.01606180163445541,0.5,0.9637080980673246,0.38774956710919906,1.489553973566962,-0.00022040516003728663,-0.21604966186002822
2026-03-19,2026-03-20,2026-03-23,GOOG,1,304.07000732421875,300.5299987792969,-0.011642083926900693,5,0.9809711286089239,0.016666666666666666,0.5,1.0,0.21721441442108397,0.9778570020153882,-0.00019403473211501154,-0.19020034855562126
2026-03-19,2026-03-20,2026-03-23,NYT,1,80.81738889179299,80.2788734146102,-0.006663361493945419,5,0.9685039370078741,0.016666666666666666,0.5,1.0,0.24706787015218545,0.4237394875974772,-0.00011105602489909032,-0.10886141060811945
2026-03-19,2026-03-20,2026-03-23,KGC,1,27.459999084472656,26.540000915527344,-0.0335032119307509,4,0.9829396325459318,0.010636107075121057,0.5,0.6381664245072635,0.5855485081869605,0.44896123438674657,-0.00035634374945593987,-0.3493019245233012
2026-03-19,2026-03-20,2026-03-23,CAT,1,686.6300048828125,699.0,0.018015517861470043,4,0.973753280839895,0.016666666666666666,0.5,1.0,0.36138667515103395,1.212137909331599,0.0003002586310245007,0.2943251223901653
2026-03-19,2026-03-20,2026-03-23,TSM,1,336.67999267578125,331.1000061035156,-0.016573561523268387,3,0.9757217847769029,0.016666666666666666,0.5,1.0,0.366057438267466,1.4715866993008944,-0.00027622602538780646,-0.27076743290347266
2026-03-19,2026-03-20,2026-03-23,PFG,1,85.88999938964844,87.0,0.012923514009074877,0,0.9763779527559056,0.016666666666666666,0.5,1.0,0.2383915472305597,1.1425720306666283,0.00021539190015124794,0.21113547063595767
2026-03-20,2026-03-23,2026-03-24,QRVO,1,79.05000305175781,78.51000213623047,-0.006831130862496981,14,0.9875328083989501,0.008333333333333333,0.25,1.0,0.29032369976465866,1.7860750323766976,-5.692609052080818e-05,-0.05585892418469303
2026-03-20,2026-03-23,2026-03-24,AMAT,1,367.8200073242188,358.1600036621094,-0.026262855390556616,14,0.9868766404199476,0.006076787275783634,0.25,0.7292144730940361,0.5108479543007975,1.703271486099185,-0.00015959378546308008,-0.15660195669456262
2026-03-20,2026-03-23,2026-03-24,GS,1,833.0,824.9299926757812,-0.00968788394263953,14,0.9803149606299213,0.008333333333333333,0.25,1.0,0.33362045207971225,1.339284198388302,-8.073236618866275e-05,-0.07921891492855962
2026-03-20,2026-03-23,2026-03-24,NVMI,1,467.9100036621094,467.510009765625,-0.0008548522009655946,14,0.9658792650918635,0.005762424272446235,0.25,0.6914909126935482,0.5387167278533898,1.8136211132218647,-4.926021072198229e-06,-0.004833675298737424
2026-03-20,2026-03-23,2026-03-24,LRCX,1,230.38999938964844,230.1600036621093,-0.0009982886763680865,14,0.9671916010498687,0.005184980962909773,0.25,0.6221977155491728,0.598712776529283,1.9914691950889705,-5.176107782456924e-06,-0.00507907375241893
2026-03-20,2026-03-23,2026-03-24,NDSN,1,270.45001220703125,265.8099975585937,-0.017156644255891584,14,0.9809711286089239,0.008333333333333333,0.25,1.0,0.20181802727366172,1.0714722316285965,-0.0001429720354657632,-0.14029180673656294
2026-03-20,2026-03-23,2026-03-24,PH,1,921.6799926757812,889.5399780273438,-0.034871121109106396,13,0.9730971128608924,0.008333333333333333,0.25,1.0,0.2331947574751791,1.2476988325672445,-0.00029059267590922,-0.28514507326490024
2026-03-20,2026-03-23,2026-03-24,MTSI,1,222.1300048828125,227.5500030517578,0.024400117272786792,13,0.9849081364829396,0.005891804065249661,0.25,0.7070164878299593,0.5268868947738239,1.7017669233431436,0.0001437607101403737,0.14106569650226453
2026-03-20,2026-03-23,2026-03-24,FRO,1,33.22999954223633,34.29999923706055,0.032199810700094034,13,0.9776902887139107,0.0065779116558492895,0.25,0.7893493987019148,0.4719300761351409,0.725296279427268,0.00021180751012028922,0.20783685549656936
2026-03-20,2026-03-23,2026-03-24,BK,1,116.94000244140624,115.9000015258789,-0.008893457275652383,13,0.9809711286089239,0.008333333333333333,0.25,1.0,0.2519422175919321,0.895225628832015,-7.411214396376986e-05,-0.07272279886011224
2026-03-20,2026-03-23,2026-03-24,KLAC,1,1533.52001953125,1484.8399658203125,-0.03174399622498403,13,0.9724409448818898,0.005350328174012252,0.25,0.6420393808814703,0.5802100819971266,1.7937400761170543,-0.00016984079735827062,-0.1666568727328223
2026-03-20,2026-03-23,2026-03-24,BAC,1,48.34000015258789,47.04999923706055,-0.026685993203462655,13,0.9685039370078741,0.008333333333333333,0.25,1.0,0.24745215746973273,0.9735720088493334,-0.00022238327669552211,-0.21821436320729135
2026-03-20,2026-03-23,2026-03-24,TFC,1,45.34999847412109,44.400001525878906,-0.020948114227264947,12,0.9796587926509186,0.008333333333333333,0.25,1.0,0.25349562600934805,1.10149588547077,-0.00017456761856054123,-0.1712950824668233
2026-03-20,2026-03-23,2026-03-24,ESLT,1,889.1879177785321,885.0923427639351,-0.004605972407754955,11,0.973753280839895,0.006002076432687683,0.25,0.7202491719225219,0.5172067339310936,0.3038780379497369,-2.7645398438195757e-05,-0.027127143306114467
2026-03-20,2026-03-23,2026-03-24,ADI,1,315.4800109863281,311.25,-0.013408174334415879,11,0.9796587926509186,0.008333333333333333,0.25,1.0,0.2994366188022814,1.5829210072996414,-0.00011173478612013233,-0.10964014724313363
2026-03-20,2026-03-23,2026-03-24,BA,1,198.9100036621093,196.1100006103516,-0.014076733196959235,10,0.979002624671916,0.008333333333333333,0.25,1.0,0.28831109878673744,1.1958235532598225,-0.00011730610997466028,-0.11510702813994654
2026-03-20,2026-03-23,2026-03-24,EVR,1,289.5400085449219,276.0,-0.04676386041765679,10,0.9698162729658792,0.00729131151847823,0.25,0.8749573822173876,0.4257552760827708,1.8062937134674133,-0.0003409698741117691,-0.33457787409995565
2026-03-20,2026-03-23,2026-03-24,CMI,1,543.7899780273438,541.0399780273438,-0.005057099452211111,9,0.9763779527559056,0.008327128332659224,0.25,0.999255399919107,0.37279530524106136,1.281542992914913,-4.211111612958259e-05,-0.04132167907007998
2026-03-20,2026-03-23,2026-03-24,RL,1,335.22016349303067,339.21915889005925,0.011929459598607028,9,0.973753280839895,0.008333333333333333,0.25,1.0,0.29265180007932534,1.400094060399454,9.941216332172523e-05,0.09754853079177751
2026-03-20,2026-03-23,2026-03-24,JCI,1,133.60000610351562,131.8300018310547,-0.013248534368250797,9,0.9849081364829396,0.008333333333333333,0.25,1.0,0.2827721551581614,1.0472390778526943,-0.00011040445306875665,-0.10833475331255935
2026-03-20,2026-03-23,2026-03-24,MTZ,1,308.3399963378906,309.2099914550781,0.0028215448126105436,8,0.9888451443569554,0.007958730357994713,0.25,0.9550476429593655,0.3900514540534517,1.4840430651623575,2.2455914356566035e-05,0.02203494401363949
2026-03-20,2026-03-23,2026-03-24,GOOG,1,300.5299987792969,296.2099914550781,-0.014374629294133356,6,0.9829396325459318,0.008333333333333333,0.25,1.0,0.21700112390334692,0.9731540946743035,-0.0001197885774511113,-0.11754295797966312
2026-03-20,2026-03-23,2026-03-24,NYT,1,80.2788734146102,82.80191696791314,0.03142848729668102,6,0.9685039370078741,0.008333333333333333,0.25,1.0,0.2472381834314503,0.42484648551485255,0.00026190406080567514,0.25699426997994634
2026-03-20,2026-03-23,2026-03-24,KGC,1,26.540000915527344,27.270000457763672,0.027505633649365757,5,0.9829396325459318,0.0052185327820075695,0.25,0.6262239338409084,0.5948634373359165,0.45440355593571313,0.0001435390508891057,0.14084819259152453
2026-03-20,2026-03-23,2026-03-24,CAT,1,699.0,693.7999877929688,-0.007439216319071851,5,0.973753280839895,0.008333333333333333,0.25,1.0,0.36184678886138766,1.2106232239486159,-6.199346932559876e-05,-0.060831307249861556
2026-03-20,2026-03-23,2026-03-24,TSM,1,331.1000061035156,335.57000732421875,0.013500456473279687,4,0.9757217847769029,0.008333333333333333,0.25,1.0,0.36601222041291215,1.4717044274136801,0.0001125038039439974,0.11039474865571886
2026-03-20,2026-03-23,2026-03-24,PFG,1,87.0,85.69000244140625,-0.015057443202227017,1,0.9763779527559056,0.008333333333333333,0.25,1.0,0.23787040835724704,1.1447720197283586,-0.0001254786933518918,-0.12312640398475339
2026-03-20,2026-03-23,2026-03-24,VTR,1,82.89847272038315,81.07018804209963,-0.02205450375968121,0,0.9809711286089239,0.008333333333333333,0.25,1.0,0.16757102973217666,0.2125927293459607,-0.00018378753133067676,-0.1803421539186777
2026-03-20,2026-03-23,2026-03-24,EVRG,1,79.62999725341797,79.4000015258789,-0.0028883051045087704,0,0.9724409448818898,0.008333333333333333,0.25,1.0,0.15856225786195655,0.1558002536564443,-2.4069209204239753e-05,-0.023617995190337134
2026-03-20,2026-03-23,2026-03-24,TRP,1,62.290995895567605,63.251303517325894,0.015416475655137596,0,0.9698162729658792,0.008333333333333333,0.25,1.0,0.18435907676980318,0.2880386533611713,0.00012847063045947997,0.12606225267081497
2026-03-23,2026-03-24,2026-03-25,QRVO,1,78.51000213623047,80.58999633789062,0.026493365750404063,15,0.9875328083989501,0.008333333333333333,0.25,1.0,0.2903927979079748,1.777493195440821,0.00022077804792003386,0.2162659015475333
2026-03-23,2026-03-24,2026-03-25,AMAT,1,358.1600036621094,371.0,0.03584988889491969,15,0.9658792650918635,0.006207456186004159,0.25,0.7448947423204991,0.5022202100460714,1.6985068274977115,0.00022253661458833103,0.21798852754922926
2026-03-23,2026-03-24,2026-03-25,GS,1,824.9299926757812,845.010009765625,0.024341480208170507,15,0.9803149606299213,0.008333333333333333,0.25,1.0,0.33354531536696036,1.3309238706879278,0.00020284566840142088,0.19870001463068715
2026-03-23,2026-03-24,2026-03-25,NVMI,1,467.510009765625,485.30999755859375,0.03807402498588708,15,0.9658792650918635,0.005925781238182528,0.25,0.7110937485819033,0.5260926491007206,1.820329475449474,0.00022561834292346243,0.22100727313105076
2026-03-23,2026-03-24,2026-03-25,LRCX,1,230.1600036621093,236.1499938964844,0.0260253308092957,15,0.9671916010498687,0.005277757264614852,0.25,0.6333308717537822,0.5906883915424437,1.9961599826306715,0.0001373553787427651,0.13454818128913923
2026-03-23,2026-03-24,2026-03-25,NDSN,1,265.8099975585937,272.3999938964844,0.024792131215598978,15,0.9822834645669292,0.008333333333333333,0.25,1.0,0.2045364313425934,1.0756515842261198,0.0002066010934633248,0.20237868827762973
2026-03-23,2026-03-24,2026-03-25,PH,1,889.5399780273438,936.0499877929688,0.052285463177007774,14,0.9901574803149606,0.008333333333333333,0.25,1.0,0.23199848457393984,1.2408726967582566,0.00043571219314173144,0.42680733502625967
2026-03-23,2026-03-24,2026-03-25,MTSI,1,227.5500030517578,238.58999633789065,0.04851677933672338,14,0.9849081364829396,0.005974146257991373,0.25,0.7168975509589647,0.5218335499263393,1.701789931123636,0.0002898463357242791,0.28392260777830786
2026-03-23,2026-03-24,2026-03-25,FRO,1,34.29999923706055,34.83000183105469,0.015451971014083243,14,0.9776902887139107,0.006568157499780266,0.25,0.7881788999736319,0.47463995035001655,0.7196388715570826,0.00010149097930253813,0.09941675970319036
2026-03-23,2026-03-24,2026-03-25,BK,1,115.9000015258789,118.91000366210938,0.025970682455585425,14,0.9809711286089239,0.008333333333333333,0.25,1.0,0.25151938381855715,0.8886510492240269,0.0002164223537965452,0.21199922682440703
2026-03-23,2026-03-24,2026-03-25,KLAC,1,1484.8399658203125,1574.31005859375,0.06025571430791121,14,0.9724409448818898,0.005438437040971449,0.25,0.6526124449165739,0.5732363776762458,1.7897133974494863,0.0003276969086223377,0.320999610446862
2026-03-23,2026-03-24,2026-03-25,BAC,1,47.04999923706055,48.52000045776367,0.031243384581082667,14,0.9685039370078741,0.008333333333333333,0.25,1.0,0.24763252972017333,0.9654825826076738,0.0002603615381756889,0.2550404051142913
2026-03-23,2026-03-24,2026-03-25,TFC,1,44.400001525878906,45.790000915527344,0.03130629148375741,13,0.9796587926509186,0.008333333333333333,0.25,1.0,0.2531258676585609,1.092471445125378,0.0002608857623646451,0.2555539154832149
2026-03-23,2026-03-24,2026-03-25,ESLT,1,885.0923427639351,893.8328740748925,0.00987527615894046,12,0.973753280839895,0.005949765567989208,0.25,0.713971868158705,0.5239718967011994,0.3196216305653764,5.875557806484867e-05,0.0575547622639702
2026-03-23,2026-03-24,2026-03-25,ADI,1,311.25,325.0,0.04417670682730934,12,0.9796587926509186,0.008333333333333333,0.25,1.0,0.29404343220440826,1.5790624630540115,0.0003681392235609112,0.3606153864864608
2026-03-23,2026-03-24,2026-03-25,BA,1,196.1100006103516,198.19000244140625,0.010606301690791353,11,0.979002624671916,0.008333333333333333,0.25,1.0,0.29442182070415934,1.1855025696776016,8.838584742326127e-05,0.0865794636609784
2026-03-23,2026-03-24,2026-03-25,EVR,1,276.0,284.6099853515625,0.031195599099864024,11,0.9698162729658792,0.007325426805913491,0.25,0.8790512167096189,0.42557383101148005,1.797139179004243,0.00022852107787267467,0.2238506835002388
2026-03-23,2026-03-24,2026-03-25,CMI,1,541.0399780273438,564.6300048828125,0.04360126388715124,10,0.9763779527559056,0.008333333333333333,0.25,1.0,0.36729090001036396,1.2798965058276337,0.00036334386572626034,0.3559180336693482
2026-03-23,2026-03-24,2026-03-25,RL,1,339.21915889005925,348.9325225705519,0.028634478407042918,10,0.973753280839895,0.008333333333333333,0.25,1.0,0.29800043512837837,1.4033427633771354,0.0002386206533920243,0.23374384917280902
2026-03-23,2026-03-24,2026-03-25,JCI,1,131.8300018310547,137.0800018310547,0.039824015224759535,10,0.9849081364829396,0.008333333333333333,0.25,1.0,0.28492741584115544,1.0518916951980346,0.0003318667935396628,0.3250842734352829
2026-03-23,2026-03-24,2026-03-25,MTZ,1,309.2099914550781,323.3500061035156,0.045729488176942557,9,0.9744094488188977,0.008012835948490523,0.25,0.9615403138188627,0.3890644922256368,1.4876894546847188,0.0003664228867702777,0.35893412729025664
2026-03-23,2026-03-24,2026-03-25,GOOG,1,296.2099914550781,292.1499938964844,-0.013706484169050959,7,0.9868766404199476,0.008333333333333333,0.25,1.0,0.21252169156353107,0.9749009544555571,-0.000114220701408758,-0.11188631840111102
2026-03-23,2026-03-24,2026-03-25,NYT,1,82.80191696791314,84.34766712196249,0.01866804792271104,7,0.9685039370078741,0.008333333333333333,0.25,1.0,0.24019747770652167,0.424614028931988,0.000155567066022592,0.1523876676211321
2026-03-23,2026-03-24,2026-03-25,KGC,1,27.270000457763672,29.40999984741211,0.07847449041898291,6,0.9829396325459318,0.005210174077480505,0.25,0.6252208892976606,0.598350439587296,0.4647715866865163,0.00040886575572447704,0.4005095710679295
2026-03-23,2026-03-24,2026-03-25,CAT,1,693.7999877929688,727.25,0.048212759866771204,6,0.973753280839895,0.008333333333333333,0.25,1.0,0.34931784388107195,1.2117887480602165,0.00040177299888976,0.3935617722909737
2026-03-23,2026-03-24,2026-03-25,TSM,1,335.57000732421875,346.0,0.03108142100942901,5,0.9652230971128608,0.008333333333333333,0.25,1.0,0.36357808915994966,1.479612083996239,0.0002590118417452418,0.2537182930741856
2026-03-23,2026-03-24,2026-03-25,PFG,1,85.69000244140625,88.56999969482422,0.03360948968798638,2,0.9763779527559056,0.008333333333333333,0.25,1.0,0.2385741535762013,1.1411533624428656,0.00028007908073321983,0.27435497084072985
2026-03-23,2026-03-24,2026-03-25,VTR,1,81.07018804209963,81.71605014251625,0.00796670287826684,1,0.9809711286089239,0.008333333333333333,0.25,1.0,0.18276085858137045,0.23028397822456506,6.638919065222367e-05,0.06503236306634348
2026-03-23,2026-03-24,2026-03-25,EVRG,1,79.4000015258789,80.51000213623047,0.013979856284886516,1,0.9724409448818898,0.008333333333333333,0.25,1.0,0.17007848111372478,0.1654116518035636,0.00011649880237405429,0.11411786072933451
2026-03-23,2026-03-24,2026-03-25,TRP,1,63.251303517325894,63.696800388526285,0.007043283638863862,1,0.9698162729658792,0.008333333333333333,0.25,1.0,0.18705753084198473,0.2899154554673601,5.8694030323865513e-05,0.05749447240355456
2026-03-24,2026-03-25,2026-03-26,QRVO,1,80.58999633789062,79.52999877929688,-0.013152966953236755,16,0.9875328083989501,0.008333333333333333,0.25,1.0,0.2905097703949766,1.7754023793863802,-0.00010960805794363963,-0.10809642277224454
2026-03-24,2026-03-25,2026-03-26,GS,1,845.010009765625,833.7899780273438,-0.013277986779580586,16,0.9803149606299213,0.008333333333333333,0.25,1.0,0.3364440747977869,1.334099515597462,-0.00011064988982983822,-0.10912388646552554
2026-03-24,2026-03-25,2026-03-26,LRCX,1,236.1499938964844,225.7400054931641,-0.04408210320718242,16,0.9671916010498687,0.005386073070506686,0.25,0.6463287684608023,0.5805323646238755,1.9951199876335297,-0.00023742942897550168,-0.23415497377305508
2026-03-24,2026-03-25,2026-03-26,NDSN,1,272.3999938964844,269.04998779296875,-0.012298113724586446,16,0.9822834645669292,0.008333333333333333,0.25,1.0,0.2084774265825537,1.0776748410000578,-0.00010248428103822038,-0.10107089185279962
2026-03-24,2026-03-25,2026-03-26,PH,1,936.0499877929688,914.77001953125,-0.022733794710999344,15,0.9717847769028871,0.008333333333333333,0.25,1.0,0.23311573747891962,1.2400836080822137,-0.00018944828925832787,-0.18683555528076964
2026-03-24,2026-03-25,2026-03-26,MTSI,1,238.58999633789065,240.009994506836,0.005951624924518395,15,0.9849081364829396,0.005922441310372303,0.25,0.7106929572446764,0.5279562213950694,1.7083493146744897,3.524814931680918e-05,0.034762032299196555
2026-03-24,2026-03-25,2026-03-26,FRO,1,34.83000183105469,34.27000045776367,-0.016078132180622373,15,0.9776902887139107,0.00660459133558573,0.25,0.7925509602702876,0.47342667801579036,0.7325249176796588,-0.00010618949249254063,-0.10472500370680868
2026-03-24,2026-03-25,2026-03-26,BK,1,118.91000366210938,117.38999938964844,-0.01278281242661572,15,0.9698162729658792,0.008333333333333333,0.25,1.0,0.2522245291083287,0.8894575114865226,-0.00010652343688846433,-0.10505434258281314
2026-03-24,2026-03-25,2026-03-26,KLAC,1,1574.31005859375,1503.9100341796875,-0.04471801728621816,15,0.9724409448818898,0.005505146934544614,0.25,0.6606176321453537,0.5679757094288842,1.7861238606567136,-0.00024617925578213697,-0.2427841292878833
2026-03-24,2026-03-25,2026-03-26,BAC,1,48.52000045776367,48.709999084472656,0.003915882623999112,15,0.9685039370078741,0.008333333333333333,0.25,1.0,0.24830197605925503,0.9657116610494397,3.2632355199992597e-05,0.03218231332559746
2026-03-24,2026-03-25,2026-03-26,TFC,1,45.790000915527344,44.66999816894531,-0.024459548464482284,14,0.9796587926509186,0.008333333333333333,0.25,1.0,0.2554973578330853,1.0941839968784488,-0.00020382957053735235,-0.20101850031518811
2026-03-24,2026-03-25,2026-03-26,ESLT,1,893.8328740748925,899.3768687772807,0.006202495861573842,13,0.973753280839895,0.005933650001157633,0.25,0.712038000138916,0.5269589097854102,0.3128054421553596,3.6803439576207844e-05,0.03629587311863667
2026-03-24,2026-03-25,2026-03-26,ADI,1,325.0,319.1000061035156,-0.018153827373798115,13,0.9796587926509186,0.008333333333333333,0.25,1.0,0.2933462014793529,1.5751341440567088,-0.00015128189478165094,-0.14919552415126516
2026-03-24,2026-03-25,2026-03-26,BA,1,198.19000244140625,197.3000030517578,-0.004490637159720312,12,0.979002624671916,0.008333333333333333,0.25,1.0,0.295838399352507,1.1872011292008022,-3.74219763310026e-05,-0.03690587946124377
2026-03-24,2026-03-25,2026-03-26,EVR,1,284.6099853515625,282.57000732421875,-0.007167626338984157,12,0.9698162729658792,0.007339526611157024,0.25,0.8807431933388429,0.42602062793874224,1.796625067944326,-5.2606984253804216e-05,-0.05188146672205515
2026-03-24,2026-03-25,2026-03-26,CMI,1,564.6300048828125,545.1699829101562,-0.03446508652457303,11,0.9763779527559056,0.008333333333333333,0.25,1.0,0.3708785351186625,1.2830923073506793,-0.0002872090543714419,-0.28324807452857087
2026-03-24,2026-03-25,2026-03-26,RL,1,348.9325225705519,342.59992316854897,-0.018148492881521316,11,0.973753280839895,0.008333333333333333,0.25,1.0,0.3026394566620212,1.4073068494724732,-0.0001512374406793443,-0.14915168312783084
2026-03-24,2026-03-25,2026-03-26,JCI,1,137.0800018310547,136.0,-0.007878624282378843,11,0.9849081364829396,0.008333333333333333,0.25,1.0,0.28886550509503417,1.0565665792580385,-6.565520235315702e-05,-0.06474973322137909
2026-03-24,2026-03-25,2026-03-26,MTZ,1,323.3500061035156,317.239990234375,-0.018895981919927918,10,0.9671916010498688,0.007985380376775746,0.25,0.9582456452130896,0.3915642822415839,1.4924641815306752,-0.0001508916032233017,-0.1488106152122029
2026-03-24,2026-03-25,2026-03-26,GOOG,1,292.1499938964844,286.19000244140625,-0.020400450383681656,8,0.9927821522309711,0.008333333333333333,0.25,1.0,0.20901084546993853,0.9711237513955565,-0.00017000375319734714,-0.16765918421744222
2026-03-24,2026-03-25,2026-03-26,NYT,1,84.34766712196249,84.64684083528978,0.003546911533364616,8,0.9685039370078741,0.008333333333333333,0.25,1.0,0.2415537576649325,0.42769426169682523,2.95575961113718e-05,0.029149959093600582
2026-03-24,2026-03-25,2026-03-26,KGC,1,29.40999984741211,28.100000381469727,-0.0445426546324057,7,0.9829396325459318,0.005159897910172813,0.25,0.6191877492207376,0.6059789922381436,0.4764969980665149,-0.00022983555055129952,-0.2266658246354463
2026-03-24,2026-03-25,2026-03-26,CAT,1,727.25,710.0700073242188,-0.023623228155079112,7,0.973753280839895,0.008333333333333333,0.25,1.0,0.35348308571482484,1.2155009974034672,-0.00019686023462565927,-0.194145280450828
2026-03-24,2026-03-25,2026-03-26,PFG,1,88.56999969482422,88.5999984741211,0.0003387013593794119,3,0.9763779527559056,0.008333333333333333,0.25,1.0,0.24125384984262258,1.1427966306413393,2.822511328161766e-06,0.0027835852904656666
2026-03-24,2026-03-25,2026-03-26,VTR,1,81.71605014251625,81.94458513866192,0.0027966965577397307,2,0.9809711286089239,0.008333333333333333,0.25,1.0,0.18195208070401456,0.22739976815476165,2.330580464783109e-05,0.022984387822606072
2026-03-24,2026-03-25,2026-03-26,EVRG,1,80.51000213623047,80.08000183105469,-0.0053409550834215835,2,0.9724409448818898,0.008333333333333333,0.25,1.0,0.1704263842415765,0.1675200698909319,-4.45079590285132e-05,-0.04389413740319887
2026-03-24,2026-03-25,2026-03-26,TRP,1,63.696800388526285,63.43940641327007,-0.004040924719706629,2,0.9698162729658792,0.008333333333333333,0.25,1.0,0.18748863696329218,0.2930460335008831,-3.3674372664221906e-05,-0.033209960037550994
2026-03-24,2026-03-25,2026-03-26,ELS,1,63.14921960529001,62.43544390467314,-0.011303001130944623,0,0.9868766404199475,0.008333333333333333,0.25,1.0,0.1697615499129701,0.14045870506505054,-9.419167609120519e-05,-0.09289265252392939
2026-03-24,2026-03-25,2026-03-26,CAH,1,207.4970028332491,209.72161940602334,0.010721198583104385,0,0.9822834645669292,0.008333333333333333,0.25,1.0,0.3170171652195226,0.31848820013549245,8.934332152586988e-05,0.08811116296306414
2026-03-24,2026-03-25,2026-03-26,AMAT,1,371.0,358.3699951171875,-0.03404313984585583,0,0.9816272965879265,0.006234518974324878,0.25,0.7481422769189854,0.501528626111338,1.6966723477040588,-0.00021224260131458349,-0.20931550464820078
2026-03-25,2026-03-26,2026-03-27,QRVO,1,79.52999877929688,80.05999755859375,0.006664136645690988,17,0.9875328083989501,0.008333333333333333,0.25,1.0,0.2912280898729652,1.7733114408653146,5.55344720474249e-05,0.054591116888875045
2026-03-25,2026-03-26,2026-03-27,GS,1,833.7899780273438,813.6699829101562,-0.02413077111431494,17,0.9803149606299213,0.008333333333333333,0.25,1.0,0.33417704810153226,1.3331109739943325,-0.00020108975928595784,-0.19767387983738835
2026-03-25,2026-03-26,2026-03-27,LRCX,1,225.7400054931641,209.6699981689453,-0.07118812320887191,17,0.9671916010498687,0.00542749992622263,0.25,0.6512999911467157,0.5760277441231595,1.9917848412905517,-0.00038637353346407984,-0.37981026829773035
2026-03-25,2026-03-26,2026-03-27,NDSN,1,269.04998779296875,263.2300109863281,-0.021631581753198348,17,0.9822834645669292,0.008333333333333333,0.25,1.0,0.2080591910075092,1.0769186756765414,-0.0001802631812766529,-0.17720107956424772
2026-03-25,2026-03-26,2026-03-27,PH,1,914.77001953125,900.0800170898438,-0.016058683743192415,16,0.9803149606299213,0.008333333333333333,0.25,1.0,0.23599500679969002,1.2373158733752117,-0.00013382236452660345,-0.13154914551053531
2026-03-25,2026-03-26,2026-03-27,MTSI,1,240.009994506836,225.07000732421875,-0.06224735437920159,16,0.9849081364829396,0.005890566182709719,0.25,0.7068679419251662,0.5307453378433082,1.7037932013298327,-0.0003666721606692726,-0.3604435595588022
2026-03-25,2026-03-26,2026-03-27,FRO,1,34.27000045776367,33.0,-0.037058664744661796,16,0.9776902887139107,0.006538525728908368,0.25,0.7846230874690041,0.47814915293643717,0.726633877352058,-0.00024230903291196058,-0.23819296828158973
2026-03-25,2026-03-26,2026-03-27,BK,1,117.38999938964844,115.37000274658205,-0.017207570095996716,16,0.9757217847769029,0.008333333333333333,0.25,1.0,0.2524390897486336,0.8876472119517111,-0.0001433964174666393,-0.14096056555074818
2026-03-25,2026-03-26,2026-03-27,KLAC,1,1503.9100341796875,1436.5999755859375,-0.04475670556348432,16,0.9724409448818898,0.005476695206774823,0.25,0.6572034248129788,0.5708534838424466,1.7813868736089058,-0.00024511883483056666,-0.2409550405462224
2026-03-25,2026-03-26,2026-03-27,BAC,1,48.709999084472656,48.06999969482422,-0.013138973551170774,16,0.9685039370078741,0.008333333333333333,0.25,1.0,0.24667757354997438,0.9638477152537476,-0.00010949144625975644,-0.10763153264505568
2026-03-25,2026-03-26,2026-03-27,TFC,1,44.66999816894531,44.810001373291016,0.0031341663327633107,15,0.9796587926509186,0.008333333333333333,0.25,1.0,0.2564300361086017,1.092604146088671,2.611805277302759e-05,0.025674389604794495
2026-03-25,2026-03-26,2026-03-27,ESLT,1,899.3768687772807,861.2880605123661,-0.04235022001032451,14,0.973753280839895,0.005930402520007464,0.25,0.7116483024008956,0.5271801582073221,0.3139953771704224,-0.000251153851472099,-0.24688754132921084
2026-03-25,2026-03-26,2026-03-27,ADI,1,319.1000061035156,310.8699951171875,-0.025791321933282374,14,0.9796587926509186,0.008333333333333333,0.25,1.0,0.2987525289773167,1.5710207388216442,-0.0002149276827773531,-0.21127674074462727
2026-03-25,2026-03-26,2026-03-27,BA,1,197.3000030517578,192.92999267578125,-0.022149063904627342,13,0.979002624671916,0.008333333333333333,0.25,1.0,0.2906695048685963,1.1881985896365457,-0.00018457553253856118,-0.18144017760777795
2026-03-25,2026-03-26,2026-03-27,EVR,1,282.57000732421875,280.8900146484375,-0.005945403376989122,13,0.9698162729658792,0.00735692084167398,0.25,0.8828305010008776,0.42495911074928233,1.7963801709913187,-4.373986201633014e-05,-0.04299686000431629
2026-03-25,2026-03-26,2026-03-27,CMI,1,545.1699829101562,527.1199951171875,-0.03310891714290032,12,0.9763779527559056,0.008333333333333333,0.25,1.0,0.3708392583916317,1.28129103955333,-0.0002759076428575026,-0.2712208440354902
2026-03-25,2026-03-26,2026-03-27,RL,1,342.59992316854897,329.1600036621094,-0.03922919591499019,12,0.973753280839895,0.008333333333333333,0.25,1.0,0.3013846257955117,1.4053373230871185,-0.00032690996595825155,-0.3213567988640418
2026-03-25,2026-03-26,2026-03-27,JCI,1,136.0,131.19000244140625,-0.03536762910730695,12,0.9849081364829396,0.008333333333333333,0.25,1.0,0.29091826694068834,1.0535416326942484,-0.0002947302425608913,-0.28972370726038404
2026-03-25,2026-03-26,2026-03-27,MTZ,1,317.239990234375,307.8500061035156,-0.02959899262360366,11,0.9744094488188977,0.007894257893240117,0.25,0.9473109471888141,0.3960334943462863,1.4875621861281665,-0.0002336620811508392,-0.22969290090144565
2026-03-25,2026-03-26,2026-03-27,GOOG,1,286.19000244140625,277.3999938964844,-0.030713891016236783,9,0.989501312335958,0.008333333333333333,0.25,1.0,0.21636556788196298,0.9747606977277717,-0.0002559490918019732,-0.2516013256816552
2026-03-25,2026-03-26,2026-03-27,NYT,1,84.64684083528978,82.61244201258981,-0.024033960424566958,9,0.9685039370078741,0.008333333333333333,0.25,1.0,0.24343523836014122,0.4257282822854051,-0.00020028300353805797,-0.19688082831982348
2026-03-25,2026-03-26,2026-03-27,KGC,1,28.100000381469727,27.690000534057617,-0.01459074170271113,8,0.9829396325459318,0.005171444870688127,0.25,0.6205733844825753,0.6045487512495961,0.4760809844482786,-7.545521633802082e-05,-0.07417347069522115
2026-03-25,2026-03-26,2026-03-27,CAT,1,710.0700073242188,694.469970703125,-0.021969716309916953,8,0.973753280839895,0.008333333333333333,0.25,1.0,0.35402206773343864,1.2128337274179224,-0.00018308096924930795,-0.17997100222511167
2026-03-25,2026-03-26,2026-03-27,PFG,1,88.5999984741211,88.55999755859375,-0.0004514776096641304,4,0.9763779527559056,0.008333333333333333,0.25,1.0,0.24266053930748144,1.1406670017543197,-3.7623134138677533e-06,-0.003698403600085378
2026-03-25,2026-03-26,2026-03-27,VTR,1,81.94458513866192,82.31222846246358,0.004486487095877623,3,0.9809711286089239,0.008333333333333333,0.25,1.0,0.18077496473783305,0.22680165020135715,3.7387392465646854e-05,0.0367522988337658
2026-03-25,2026-03-26,2026-03-27,EVRG,1,80.08000183105469,80.58999633789062,0.006368562627057317,3,0.9724409448818898,0.008333333333333333,0.25,1.0,0.16875799450309803,0.16670262451119036,5.307135522547764e-05,0.052169840636837425
2026-03-25,2026-03-26,2026-03-27,TRP,1,63.43940641327007,63.221602445307305,-0.003433259866019278,3,0.9698162729658792,0.008333333333333333,0.25,1.0,0.18741479583054185,0.2926343453045669,-2.8610498883493983e-05,-0.028124496933437087
2026-03-25,2026-03-26,2026-03-27,ELS,1,62.43544390467314,62.43999862670898,7.295090338099719e-05,1,0.9868766404199475,0.008333333333333333,0.25,1.0,0.1692397500213732,0.1399632145059795,6.079241948416432e-07,0.000597597484168651
2026-03-25,2026-03-26,2026-03-27,CAH,1,209.72161940602334,207.35734778665335,-0.011273380522552334,1,0.9822834645669292,0.008333333333333333,0.25,1.0,0.31485042392087687,0.3179944755633243,-9.394483768793611e-05,-0.09234901181646009
2026-03-25,2026-03-26,2026-03-27,AMAT,1,358.3699951171875,337.6300048828125,-0.05787312140234557,1,0.9934383202099738,0.0061976287084661635,0.25,0.7437154450159397,0.5044494734671479,1.6922977178067862,-0.0003586761186517245,-0.352583345022945
2026-03-26,2026-03-27,2026-03-30,QRVO,1,80.05999755859375,77.47000122070312,-0.032350692191753794,18,0.9875328083989501,0.008333333333333333,0.25,1.0,0.2919744883786249,1.7816919215315543,-0.0002695891015979483,-0.26372137357707776
2026-03-26,2026-03-27,2026-03-30,GS,1,813.6699829101562,811.1199951171875,-0.0031339337157904046,18,0.9803149606299213,0.008333333333333333,0.25,1.0,0.3342814489347833,1.3321434077572465,-2.6116114298253373e-05,-0.02554768532706797
2026-03-26,2026-03-27,2026-03-30,NDSN,1,263.2300109863281,262.7900085449219,-0.0016715512025302637,18,0.9770039421813403,0.008333333333333333,0.25,1.0,0.2071565974514951,1.0776426538263035,-1.3929593354418864e-05,-0.013626409491419272
2026-03-26,2026-03-27,2026-03-30,PH,1,900.0800170898438,897.3800048828125,-0.002999746862241137,17,0.9914586070959264,0.008333333333333333,0.25,1.0,0.23480724304936168,1.2309617582704782,-2.4997890518676142e-05,-0.024453800190878536
2026-03-26,2026-03-27,2026-03-30,MTSI,1,225.07000732421875,225.4600067138672,0.001732791473573192,17,0.9849081364829396,0.005847139748601984,0.25,0.701656769832238,0.5335768209540495,1.6956316579239115,1.0131873901168415e-05,0.00991134910976763
2026-03-26,2026-03-27,2026-03-30,FRO,1,33.0,33.65999984741211,0.019999995376124513,17,0.9776902887139107,0.00635068974313732,0.25,0.7620827691764784,0.49126919514601214,0.7211399089951078,0.00012701376549794778,0.12424925377833064
2026-03-26,2026-03-27,2026-03-30,BK,1,115.37000274658205,115.70999908447266,0.0029470081459339603,17,0.9691195795006571,0.008333333333333333,0.25,1.0,0.25130255014368125,0.8884353805711845,2.4558401216116334e-05,0.02402387657061159
2026-03-26,2026-03-27,2026-03-30,KLAC,1,1436.5999755859375,1469.0,0.022553268108505886,17,0.9724409448818898,0.005458734049737337,0.25,0.6550480859684805,0.5715424511079137,1.7797534525636896,0.00012311229255675628,0.12043269815005722
2026-03-26,2026-03-27,2026-03-30,BAC,1,48.06999969482422,47.54999923706055,-0.010817567319844623,17,0.9685039370078741,0.008333333333333333,0.25,1.0,0.24704957385763363,0.9664183495122497,-9.014639433203853e-05,-0.08818431752378757
2026-03-26,2026-03-27,2026-03-30,TFC,1,44.810001373291016,44.93999862670898,0.002901076755945864,16,0.9796587926509186,0.008333333333333333,0.25,1.0,0.25554615071144116,1.0929005845748239,2.4175639632882198e-05,0.023649445965350756
2026-03-26,2026-03-27,2026-03-30,ESLT,1,861.2880605123661,851.8083640756715,-0.011006418028197462,15,0.973753280839895,0.005944905276449664,0.25,0.7133886331739596,0.5248020100660594,0.3385410169232205,-6.543211261064179e-05,-0.0640079532571869
2026-03-26,2026-03-27,2026-03-30,ADI,1,310.8699951171875,314.0299987792969,0.010165032688079556,15,0.9796587926509186,0.008333333333333333,0.25,1.0,0.2987462404873307,1.5650148432618598,8.47086057339963e-05,0.08286488483976107
2026-03-26,2026-03-27,2026-03-30,BA,1,192.92999267578125,191.47999572753903,-0.0075156637292727035,14,0.979002624671916,0.008333333333333333,0.25,1.0,0.2914055751237223,1.1922235833152606,-6.263053107727253e-05,-0.06126734940566259
2026-03-26,2026-03-27,2026-03-30,EVR,1,280.8900146484375,282.9599914550781,0.007369349918797896,14,0.9698162729658792,0.007319220814710607,0.25,0.8783064977652728,0.4262609801937589,1.7914286657164211,5.393789931655148e-05,0.05276391668397969
2026-03-26,2026-03-27,2026-03-30,CMI,1,527.1199951171875,528.9299926757812,0.0034337486252846716,13,0.9750328515111695,0.008333333333333333,0.25,1.0,0.3679589617159916,1.2780781688377594,2.8614571877372264e-05,0.027991762853510193
2026-03-26,2026-03-27,2026-03-30,RL,1,329.1600036621094,330.2699890136719,0.003372175656863652,13,0.973753280839895,0.008333333333333333,0.25,1.0,0.3004972456240155,1.3916929311241586,2.8101463807197097e-05,0.027489822811208764
2026-03-26,2026-03-27,2026-03-30,JCI,1,131.19000244140625,132.44000244140625,0.00952816507918186,13,0.9849081364829396,0.008333333333333333,0.25,1.0,0.29110705094839,1.0507102950777167,7.940137565984884e-05,0.07767316901464925
2026-03-26,2026-03-27,2026-03-30,MTZ,1,307.8500061035156,316.010009765625,0.026506426832311192,12,0.9744094488188977,0.00793115750815745,0.25,0.9517389009788939,0.3933723716272424,1.4707415654004048,0.00021022664618551099,0.20565096869986835
2026-03-26,2026-03-27,2026-03-30,GOOG,1,277.3999938964844,275.44000244140625,-0.007065578580400134,10,0.9914586070959264,0.008333333333333333,0.25,1.0,0.21551288159478357,0.9725010806379889,-5.8879821503334444e-05,-0.05759827571216141
2026-03-26,2026-03-27,2026-03-30,NYT,1,82.61244201258981,83.1709060077164,0.0067600470524946665,10,0.9685039370078741,0.008333333333333333,0.25,1.0,0.24371498433057648,0.4322249467868846,5.6333725437455554e-05,0.055107596572044844
2026-03-26,2026-03-27,2026-03-30,KGC,1,27.690000534057617,29.39999961853028,0.0617551120076516,9,0.9829396325459318,0.005136955008515061,0.25,0.6164346010218074,0.6073438902154167,0.48498552569858944,0.0003172332319291145,0.31032850798772227
2026-03-26,2026-03-27,2026-03-30,CAT,1,694.469970703125,702.2100219726562,0.011145264152595091,9,0.973753280839895,0.008333333333333333,0.25,1.0,0.3537369683356216,1.2152584092242151,9.287720127162576e-05,0.09085568722238833
2026-03-26,2026-03-27,2026-03-30,PFG,1,88.55999755859375,88.08000183105469,-0.005420006106272579,5,0.9763779527559056,0.008333333333333333,0.25,1.0,0.24364421099199823,1.139575592746135,-4.5166717552271494e-05,-0.04418364363488646
2026-03-26,2026-03-27,2026-03-30,VTR,1,82.31222846246358,82.07375833103764,-0.0028971409944840154,4,0.9809711286089239,0.008333333333333333,0.25,1.0,0.18111649673432784,0.21984198312831044,-2.4142841620700127e-05,-0.023617361816651923
2026-03-26,2026-03-27,2026-03-30,EVRG,1,80.58999633789062,81.80000305175781,0.015014353751723553,4,0.9724409448818898,0.008333333333333333,0.25,1.0,0.16870926350786966,0.16795182598704986,0.00012511961459769628,0.12239632992415513
2026-03-26,2026-03-27,2026-03-30,TRP,1,63.221602445307305,62.99390191949729,-0.003601625346447035,4,0.9698162729658792,0.008333333333333333,0.25,1.0,0.18703497830963742,0.2868222667253895,-3.001354455372529e-05,-0.029360286260494344
2026-03-26,2026-03-27,2026-03-30,ELS,1,62.43999862670898,62.43999862670898,0.0,2,0.9868766404199475,0.008333333333333333,0.25,1.0,0.1695463548573419,0.14446280314348012,0.0,0.0
2026-03-26,2026-03-27,2026-03-30,CAH,1,207.35734778665335,208.5943579034359,0.005965595769749532,2,0.9822834645669292,0.008333333333333333,0.25,1.0,0.3164849770127785,0.31901188394280355,4.97132980812461e-05,0.048631265794213036
2026-03-26,2026-03-27,2026-03-30,AMAT,1,337.6300048828125,344.0,0.0188667921247061,2,0.9973718791064389,0.006168116906369464,0.25,0.7401740287643357,0.5058104906395928,1.6959788818942738,0.00011637257947335796,0.11383967795252734
2026-03-26,2026-03-27,2026-03-30,TSM,1,324.8299865722656,327.20001220703125,0.007296203345556362,0,0.9921156373193167,0.008333333333333333,0.25,1.0,0.3632691035303845,1.4849591789958283,6.080169454630302e-05,0.0594783183241521
2026-03-27,2026-03-30,2026-03-31,QRVO,1,77.47000122070312,76.98999786376953,-0.006195990052538125,19,0.9875328083989501,0.008333333333333333,0.25,1.0,0.2919641697187312,1.7641853742588578,-5.1633250437817706e-05,-0.05055159088427385
2026-03-27,2026-03-30,2026-03-31,GS,1,811.1199951171875,823.9000244140625,0.01575602792904718,19,0.9803149606299213,0.008333333333333333,0.25,1.0,0.33708065738356,1.331791914065291,0.00013130023274205983,0.12854963792333893
2026-03-27,2026-03-30,2026-03-31,NDSN,1,262.7900085449219,259.95001220703125,-0.010807094050553134,19,0.9770039421813403,0.008333333333333333,0.25,1.0,0.21196255202664746,1.0797958492081605,-9.005911708794279e-05,-0.08817247808001875
2026-03-27,2026-03-30,2026-03-31,PH,1,897.3800048828125,877.2100219726562,-0.02247652365821351,18,0.9783180026281209,0.008333333333333333,0.25,1.0,0.23910488306545724,1.2308080695459063,-0.00018730436381844592,-0.18338054432564316
2026-03-27,2026-03-30,2026-03-31,MTSI,1,225.4600067138672,214.33999633789065,-0.049321431938432525,18,0.9849081364829396,0.005691161818687589,0.25,0.6829394182425107,0.5533935051180365,1.7167792408279896,-0.0002806962502910058,-0.27481597395363183
2026-03-27,2026-03-30,2026-03-31,FRO,1,33.65999984741211,34.130001068115234,0.013963197350972623,18,0.9776902887139107,0.006430145225701524,0.25,0.7716174270841829,0.48979484544905616,0.7196880995072972,8.978538678188478e-05,0.08790448212146224
2026-03-27,2026-03-30,2026-03-31,BK,1,115.70999908447266,116.58000183105467,0.007518820788745106,18,0.988173455978975,0.008333333333333333,0.25,1.0,0.25237890104062033,0.8864091249941564,6.265683990620922e-05,0.061344248331889506
2026-03-27,2026-03-30,2026-03-31,KLAC,1,1469.0,1417.0799560546875,-0.03534380118809566,18,0.9724409448818898,0.005377723513051863,0.25,0.6453268215662236,0.5856478079234958,1.7963286951504216,-0.0001900691906898524,-0.1860874511286055
2026-03-27,2026-03-30,2026-03-31,TFC,1,44.93999862670898,45.36000061035156,0.009345838817915952,17,0.9796587926509186,0.008333333333333333,0.25,1.0,0.25602545672653554,1.0878727749212596,7.78819901492996e-05,0.07625044849775373
2026-03-27,2026-03-30,2026-03-31,ESLT,1,851.8083640756715,812.4808789538554,-0.04616940473986997,16,0.973753280839895,0.005958997594030804,0.25,0.7150797112836965,0.5285204327305496,0.3484706405298064,-0.00027512337176271957,-0.2693598410737359
2026-03-27,2026-03-30,2026-03-31,ADI,1,314.0299987792969,309.3699951171875,-0.014839358278584291,16,0.9796587926509186,0.008333333333333333,0.25,1.0,0.30447984189528443,1.56483738420307,-0.00012366131898820242,-0.12107075097334326
2026-03-27,2026-03-30,2026-03-31,BA,1,191.47999572753903,191.1300048828125,-0.0018278193677450094,15,0.979002624671916,0.008333333333333333,0.25,1.0,0.29569962803222366,1.1944117041783553,-1.5231828064541744e-05,-0.014912738094333676
2026-03-27,2026-03-30,2026-03-31,CMI,1,528.9299926757812,522.5399780273438,-0.012081021566032413,14,0.9750328515111695,0.008331903475470534,0.25,0.9998284170564641,0.37799909664215153,1.2891531400817358,-0.00010065790557325994,-0.09854923365584592
2026-03-27,2026-03-30,2026-03-31,RL,1,330.2699890136719,331.8299865722656,0.004723400885598306,14,0.973753280839895,0.008333333333333333,0.25,1.0,0.3076201078855629,1.3988677852632798,3.9361674046652544e-05,0.0385370904611718
2026-03-27,2026-03-30,2026-03-31,JCI,1,132.44000244140625,128.57000732421875,-0.029220741814012352,14,0.9849081364829396,0.008333333333333333,0.25,1.0,0.3044822422839534,1.0643009982496785,-0.00024350618178343625,-0.23840499629463494
2026-03-27,2026-03-30,2026-03-31,MTZ,1,316.010009765625,308.82000732421875,-0.022752451565502207,13,0.9744094488188977,0.0076796409326260655,0.25,0.9215569119151279,0.4101040679724207,1.48705478587223,-0.00017473065836002275,-0.1710702441054575
2026-03-27,2026-03-30,2026-03-31,GOOG,1,275.44000244140625,277.5400085449219,0.007624187063977272,11,0.9986859395532195,0.008333333333333333,0.25,1.0,0.22122733028860816,0.9795319973237737,6.35348921998106e-05,0.06220390639999024
2026-03-27,2026-03-30,2026-03-31,KGC,1,29.39999961853028,29.31999969482422,-0.0027210858756487877,10,0.9829396325459318,0.00514258824279239,0.25,0.6171105891350869,0.6124254632774825,0.5023540179829005,-1.3993424231739893e-05,-0.013700277453671328
2026-03-27,2026-03-30,2026-03-31,CAT,1,702.2100219726562,680.0,-0.03162874535778282,10,0.973753280839895,0.008333333333333333,0.25,1.0,0.3573855778617552,1.216833427101827,-0.0002635728779815235,-0.2580513173765581
2026-03-27,2026-03-30,2026-03-31,PFG,1,88.08000183105469,89.41000366210938,0.015099929648114019,6,0.9763779527559056,0.008333333333333333,0.25,1.0,0.24361514304904014,1.1275023911967215,0.00012583274706761682,0.12319669003343356
2026-03-27,2026-03-30,2026-03-31,VTR,1,82.07375833103764,81.81999969482422,-0.0030918364331495862,5,0.9809711286089239,0.008333333333333333,0.25,1.0,0.18110266993707747,0.21898681677006762,-2.5765303609579885e-05,-0.025225548963824566
2026-03-27,2026-03-30,2026-03-31,EVRG,1,81.80000305175781,82.0199966430664,0.002689408106371305,5,0.9724409448818898,0.008333333333333333,0.25,1.0,0.16885323182119108,0.16516534481995765,2.2411734219760873e-05,0.021942233147782368
2026-03-27,2026-03-30,2026-03-31,TRP,1,62.99390191949729,62.619998931884766,-0.005935542587762743,5,0.9698162729658792,0.008333333333333333,0.25,1.0,0.18518565810338863,0.288211037013749,-4.946285489802286e-05,-0.0484266627332388
2026-03-27,2026-03-30,2026-03-31,ELS,1,62.43999862670898,63.29999923706055,0.013773232371336208,3,0.97634691195795,0.008333333333333333,0.25,1.0,0.16980324826804036,0.14605098625493135,0.00011477693642780173,0.1123724864123385
2026-03-27,2026-03-30,2026-03-31,CAH,1,208.5943579034359,207.8960294422496,-0.003347782117431808,3,0.9822834645669292,0.008333333333333333,0.25,1.0,0.3178079785184065,0.3261692218854966,-2.789818431193173e-05,-0.02731374817181559
2026-03-27,2026-03-30,2026-03-31,AMAT,1,344.0,328.8299865722656,-0.04409887624341391,3,0.9973718791064389,0.0058695099758205305,0.25,0.7043411970984637,0.5365783515168463,1.725691034352765,-0.00025883879403319293,-0.25341640725684716
2026-03-27,2026-03-30,2026-03-31,TSM,1,327.20001220703125,322.3099975585937,-0.01494503198656194,1,0.9921156373193167,0.00817182966176677,0.25,0.9806195594120125,0.3854035286335796,1.5047978051535005,-0.00012212825568384003,-0.11956980365151713
2026-03-27,2026-03-30,2026-03-31,SPG,1,182.1600036621093,184.759994506836,0.014273115900620192,0,0.9802890932982917,0.008333333333333333,0.25,1.0,0.20654510616364866,0.827203579615452,0.00011894263250516826,0.11645091575904143
2026-03-27,2026-03-30,2026-03-31,BAC,1,47.54999923706055,47.68000030517578,0.002733986755017792,0,0.9776609724047306,0.008333333333333333,0.25,1.0,0.24752080321526784,0.9628260479915024,2.27832229584816e-05,0.022305939607838398
2026-03-27,2026-03-30,2026-03-31,WAB,1,243.5500030517578,240.92999267578125,-0.010757587120291623,0,0.9730617608409987,0.008333333333333333,0.25,1.0,0.21037156693732317,1.0475497279633121,-8.964655933576353e-05,-0.08776856295696411
2026-03-30,2026-03-31,2026-04-01,QRVO,1,76.98999786376953,77.4000015258789,0.005325414644573145,20,0.9875328083989501,0.008333333333333333,0.25,1.0,0.30248608767134727,1.7736767447566466,4.437845537144288e-05,0.04336558389327557
2026-03-30,2026-03-31,2026-04-01,GS,1,823.9000244140625,859.9500122070312,0.043755293997723266,20,0.9803149606299213,0.008333333333333333,0.25,1.0,0.3393552714564245,1.3309453170908685,0.00036462744998102723,0.3563053770032391
2026-03-30,2026-03-31,2026-04-01,NDSN,1,259.95001220703125,267.8500061035156,0.030390434797104682,20,0.9770039421813403,0.008333333333333333,0.25,1.0,0.21529453367907472,1.0851897746353423,0.0002532536233092057,0.24747349036754662
2026-03-30,2026-03-31,2026-04-01,PH,1,877.2100219726562,905.510009765625,0.032261359405502565,19,0.9881578947368421,0.008333333333333333,0.25,1.0,0.24093773691402584,1.2254133388607265,0.0002688446617125214,0.26270868677542664
2026-03-30,2026-03-31,2026-04-01,MTSI,1,214.33999633789065,226.1199951171875,0.05495940552656631,19,0.9849081364829396,0.005728344052400099,0.25,0.6874012862880119,0.5543901743704052,1.6959701048551212,0.00031482638377155125,0.3076409452061983
2026-03-30,2026-03-31,2026-04-01,FRO,1,34.130001068115234,34.709999084472656,0.01699378840334309,19,0.9776902887139107,0.0064897008023911155,0.25,0.7787640962869339,0.4893503960758362,0.7085514346288616,0.00011028460223684049,0.10776752210974343
2026-03-30,2026-03-31,2026-04-01,BK,1,116.58000183105467,120.33000183105467,0.03216675193944862,19,0.988173455978975,0.008333333333333333,0.25,1.0,0.2540953525685212,0.8905366678316048,0.00026805626616207184,0.26193828516730516
2026-03-30,2026-03-31,2026-04-01,KLAC,1,1417.0799560546875,1484.2099609375,0.04737206577228714,19,0.9724409448818898,0.0054208955053958036,0.25,0.6505074606474964,0.5858326645298229,1.7838692375434915,0.0002567990184263058,0.25093796717501005
2026-03-30,2026-03-31,2026-04-01,TFC,1,45.36000061035156,46.38999938964844,0.022707203823578048,18,0.9796587926509186,0.008333333333333333,0.25,1.0,0.2562012271074468,1.0879271629345142,0.00018922669852981707,0.18490788382019224
2026-03-30,2026-03-31,2026-04-01,ESLT,1,812.4808789538554,871.8666406760848,0.07309188838843084,17,0.973753280839895,0.005970188553063951,0.25,0.7164226263676741,0.53193255620611,0.34866685365865374,0.0004363723553784377,0.42641281287241517
2026-03-30,2026-03-31,2026-04-01,ADI,1,309.3699951171875,318.20001220703125,0.028541931115520836,17,0.9796587926509186,0.008333333333333333,0.25,1.0,0.3074344989165623,1.562772759873497,0.00023784942596267363,0.23242087065042444
2026-03-30,2026-03-31,2026-04-01,BA,1,191.1300048828125,203.5,0.06472032020703344,16,0.979002624671916,0.008333333333333333,0.25,1.0,0.297498195343001,1.191342645301487,0.0005393360017252787,0.5270264688962507
2026-03-30,2026-03-31,2026-04-01,CMI,1,522.5399780273438,549.8599853515625,0.052283095022423565,15,0.9750328515111695,0.008333333333333333,0.25,1.0,0.3789589628262244,1.287184386550357,0.00043569245852019637,0.4257484336370844
2026-03-30,2026-03-31,2026-04-01,RL,1,331.8299865722656,347.2300109863281,0.04640938142191886,15,0.973753280839895,0.008333333333333333,0.25,1.0,0.3088009588278736,1.3959012618122442,0.00038674484518265716,0.37791797593416554
2026-03-30,2026-03-31,2026-04-01,JCI,1,128.57000732421875,133.02000427246094,0.03461146997542364,15,0.9849081364829396,0.008333333333333333,0.25,1.0,0.30456791102107367,1.054513003567505,0.0002884289164618636,0.28184596037387605
2026-03-30,2026-03-31,2026-04-01,MTZ,1,308.82000732421875,326.6000061035156,0.05757398600353736,14,0.9743421052631579,0.007700935221718162,0.25,0.9241122266061794,0.41238337508768486,1.4501465498256896,0.0004433735366693493,0.43325420273337073
2026-03-30,2026-03-31,2026-04-01,GOOG,1,277.5400085449219,289.9800109863281,0.044822375363560374,12,0.9894736842105263,0.008333333333333333,0.25,1.0,0.22596534831454632,0.9764396484695467,0.00037351979469633646,0.36499476732861336
2026-03-30,2026-03-31,2026-04-01,KGC,1,29.31999969482422,31.63999938964844,0.07912686626779752,11,0.9829396325459318,0.005161035721433602,0.25,0.6193242865720322,0.6153295248229026,0.48290498048183905,0.0004083765833332025,0.399056002205546
2026-03-30,2026-03-31,2026-04-01,CAT,1,680.0,722.0,0.061764705882352944,11,0.973753280839895,0.008333333333333333,0.25,1.0,0.3585344423773309,1.2159572897495212,0.0005147058823529412,0.5029584949435159
2026-03-30,2026-03-31,2026-04-01,PFG,1,89.41000366210938,90.44000244140624,0.011519950085108421,7,0.9763779527559056,0.008333333333333333,0.25,1.0,0.2474983840426521,1.1331052259860694,9.599958404257018e-05,0.09380853796449476
2026-03-30,2026-03-31,2026-04-01,VTR,1,81.81999969482422,82.62999725341797,0.00989975020306666,6,0.9809711286089239,0.008333333333333333,0.25,1.0,0.18181463992297056,0.22548550982749244,8.249791835888883e-05,0.08061502748730469
2026-03-30,2026-03-31,2026-04-01,EVRG,1,82.0199966430664,81.75,-0.003291839235758265,6,0.9724409448818898,0.008333333333333333,0.25,1.0,0.16880814914456024,0.1679587058557523,-2.7431993631318872e-05,-0.02680589964706746
2026-03-30,2026-03-31,2026-04-01,ELS,1,63.29999923706055,62.29999923706055,-0.01579778850004354,4,0.97634691195795,0.008333333333333333,0.25,1.0,0.1695089692440518,0.14829953030526197,-0.00013164823750036285,-0.12864356453914666
2026-03-30,2026-03-31,2026-04-01,CAH,1,207.8960294422496,211.3600006103516,0.01666203619855189,4,0.9822834645669292,0.008333333333333333,0.25,1.0,0.3180061750016277,0.3309371443527107,0.00013885030165459907,0.13568125241429205
2026-03-30,2026-03-31,2026-04-01,AMAT,1,328.8299865722656,345.2900085449219,0.0500563289383551,4,0.9940789473684211,0.005915551273336929,0.25,0.7098661528004315,0.5368455975316648,1.7140697354541228,0.0002961107803898587,0.28935249731478463
2026-03-30,2026-03-31,2026-04-01,TSM,1,322.3099975585937,343.8999938964844,0.06698518972861134,2,0.9671052631578947,0.008242254029531607,0.25,0.9890704835437929,0.38529965791945336,1.483482566067208,0.0005521089499595861,0.5395078938035213
2026-03-30,2026-03-31,2026-04-01,SPG,1,184.759994506836,186.6600036621093,0.010283661029244051,1,0.9802890932982917,0.008333333333333333,0.25,1.0,0.20710088777962796,0.8337606556399811,8.569717524370043e-05,0.08374126614687988
2026-03-30,2026-03-31,2026-04-01,BAC,1,47.68000030517578,49.70000076293945,0.04236578114166667,1,0.9776609724047306,0.008333333333333333,0.25,1.0,0.2517378812039176,0.968018166410281,0.00035304817618055556,0.3449903827066894
2026-03-30,2026-03-31,2026-04-01,WAB,1,240.92999267578125,252.3699951171875,0.047482682892042494,1,0.9730617608409987,0.008333333333333333,0.25,1.0,0.2141098975557088,1.0485704698758622,0.0003956890241003541,0.38665801742424055
2026-03-30,2026-03-31,2026-04-01,APA,1,43.58000183105469,41.34999847412109,-0.05117033646713898,0,0.9828947368421053,0.007410461259540591,0.25,0.889255351144871,0.42854790637697,1.428420810959836,-0.0003791957960273906,-0.3705412224686127
2026-03-31,2026-04-01,2026-04-02,QRVO,1,77.4000015258789,76.79000091552734,-0.007881144681213037,21,0.9875328083989501,0.008333333333333333,0.25,1.0,0.3040897817020122,1.7737517143742711,-6.56762056767753e-05,-0.06466048409710258
2026-03-31,2026-04-01,2026-04-02,GS,1,859.9500122070312,838.3900146484375,-0.025071221876328376,21,0.9803149606299213,0.008333333333333333,0.25,1.0,0.3396525352518394,1.3278198320801262,-0.00020892684896940312,-0.2056956709973436
2026-03-31,2026-04-01,2026-04-02,NDSN,1,267.8500061035156,262.7200012207031,-0.01915252852684246,21,0.9770039421813403,0.008333333333333333,0.25,1.0,0.217875160159892,1.0867545877636902,-0.00015960440439035384,-0.15713602735669976
2026-03-31,2026-04-01,2026-04-02,PH,1,905.510009765625,900.8400268554688,-0.0051572957336661895,20,0.973718791064389,0.008333333333333333,0.25,1.0,0.2485382091152946,1.2269948441121254,-4.2977464447218246e-05,-0.042312792400031246
2026-03-31,2026-04-01,2026-04-02,MTSI,1,226.1199951171875,217.6600036621093,-0.037413725622511995,20,0.9849081364829396,0.005588572958786818,0.25,0.6706287550544182,0.5742606221971019,1.7003195622840883,-0.00020908933530144005,-0.20585564438162188
2026-03-31,2026-04-01,2026-04-02,BK,1,120.33000183105467,119.02999877929688,-0.010803648566240609,20,0.988173455978975,0.008333333333333333,0.25,1.0,0.25397308712527183,0.8893077959737629,-9.003040471867175e-05,-0.08863803096691342
2026-03-31,2026-04-01,2026-04-02,KLAC,1,1484.2099609375,1454.1700439453125,-0.020239668094676366,20,0.9724409448818898,0.005415573801610272,0.25,0.6498688561932326,0.5926052348418854,1.7875529764283047,-0.00010960941628681662,-0.10791424147714852
2026-03-31,2026-04-01,2026-04-02,TFC,1,46.38999938964844,45.869998931884766,-0.011209322367003671,19,0.9796587926509186,0.008333333333333333,0.25,1.0,0.25633658508176704,1.0862859023878435,-9.341101972503059e-05,-0.09196636275168324
2026-03-31,2026-04-01,2026-04-02,ESLT,1,871.8666406760848,879.0488794830086,0.008237772236995289,18,0.973753280839895,0.005870601977588703,0.25,0.7044722373106443,0.5466726234819632,0.3551180363097827,4.836068198542986e-05,0.04761275527751315
2026-03-31,2026-04-01,2026-04-02,ADI,1,318.20001220703125,310.2699890136719,-0.024921504994160237,18,0.9796587926509186,0.008333333333333333,0.25,1.0,0.30897255804805196,1.5634536258434588,-0.00020767920828466865,-0.20446732581779406
2026-03-31,2026-04-01,2026-04-02,BA,1,203.5,203.0,-0.002457002457002422,17,0.979002624671916,0.008333333333333333,0.25,1.0,0.2974236286229361,1.1922179457912743,-2.047502047502018e-05,-0.020158362106492154
2026-03-31,2026-04-01,2026-04-02,CMI,1,549.8599853515625,531.989990234375,-0.03249917359555088,16,0.9743758212877792,0.008333333333333333,0.25,1.0,0.3815959724444813,1.2881979191879591,-0.0002708264466295907,-0.2666379545668552
2026-03-31,2026-04-01,2026-04-02,RL,1,347.2300109863281,345.95001220703125,-0.0036863137943087265,16,0.973753280839895,0.008333333333333333,0.25,1.0,0.3086294225186215,1.3947381495025946,-3.0719281619239385e-05,-0.030244189659660196
2026-03-31,2026-04-01,2026-04-02,JCI,1,133.02000427246094,131.38999938964844,-0.012253832735366732,16,0.9849081364829396,0.008333333333333333,0.25,1.0,0.3134567928880749,1.0576688139937769,-0.00010211527279472276,-0.10053599937106873
2026-03-31,2026-04-01,2026-04-02,MTZ,1,326.6000061035156,323.5599975585937,-0.009308048034629923,15,0.9743421052631579,0.007652498484650232,0.25,0.9182998181580279,0.41937902907712926,1.4506737689777682,-7.122982348005706e-05,-0.07012821189821507
2026-03-31,2026-04-01,2026-04-02,GOOG,1,289.9800109863281,288.989990234375,-0.0034140999877395606,13,0.9789750328515112,0.008333333333333333,0.25,1.0,0.22596537870782302,0.9749564510245767,-2.8450833231163005e-05,-0.028010824174994568
2026-03-31,2026-04-01,2026-04-02,KGC,1,31.63999938964844,30.1299991607666,-0.0477244076488782,12,0.9829396325459318,0.005220598340708997,0.25,0.6264718008850797,0.6147374639955485,0.4857166779493995,-0.0002491499633830533,-0.24529671102513995
2026-03-31,2026-04-01,2026-04-02,CAT,1,722.0,705.5700073242188,-0.02275622254263332,12,0.973753280839895,0.008333333333333333,0.25,1.0,0.368766033007158,1.219747191498267,-0.00018963518785527768,-0.18670236689546377
2026-03-31,2026-04-01,2026-04-02,PFG,1,90.44000244140624,88.8499984741211,-0.01758075988902441,8,0.9763779527559056,0.008333333333333333,0.25,1.0,0.24908195679203168,1.1308911541968882,-0.00014650633240853675,-0.14424052484775254
2026-03-31,2026-04-01,2026-04-02,VTR,1,82.62999725341797,82.02999877929688,-0.00726126702244656,7,0.9809711286089239,0.008333333333333333,0.25,1.0,0.18200084308759307,0.22558157799030196,-6.0510558520388e-05,-0.05957472674609685
2026-03-31,2026-04-01,2026-04-02,EVRG,1,81.75,82.45999908447266,0.008685004091408599,7,0.9724409448818898,0.008333333333333333,0.25,1.0,0.1691147486246686,0.16694586392196767,7.237503409507165e-05,0.07125571114999005
2026-03-31,2026-04-01,2026-04-02,ELS,1,62.29999923706055,63.560001373291016,0.020224753638214077,5,0.9770039421813403,0.008333333333333333,0.25,1.0,0.16992458454933992,0.14566992823331248,0.00016853961365178398,0.16593304829296396
2026-03-31,2026-04-01,2026-04-02,CAH,1,211.3600006103516,211.509994506836,0.0007096607496748231,5,0.9822834645669292,0.008333333333333333,0.25,1.0,0.3179412229901424,0.33285390015463945,5.9138395806235255e-06,0.005822378534436959
2026-03-31,2026-04-01,2026-04-02,AMAT,1,345.2900085449219,338.0,-0.021112712110154974,5,0.9940789473684211,0.005890900878941677,0.25,0.7069081054730013,0.5447888956983061,1.7166544004232438,-0.00012437289432655453,-0.12244939354888233
2026-03-31,2026-04-01,2026-04-02,TSM,1,343.8999938964844,326.8399963378906,-0.04960743780568044,3,0.9835742444152431,0.008225851940955872,0.25,0.9871022329147046,0.3901477205695835,1.4840287983996725,-0.00040806343855970414,-0.4017524947993353
2026-03-31,2026-04-01,2026-04-02,SPG,1,186.6600036621093,187.5,0.00450014101259355,2,0.9802890932982917,0.008333333333333333,0.25,1.0,0.20850550477486587,0.8309751295475033,3.7501175104946255e-05,0.03692119712929031
2026-03-31,2026-04-01,2026-04-02,BAC,1,49.70000076293945,48.75,-0.019114703186239312,2,0.9776609724047306,0.008333333333333333,0.25,1.0,0.2522591545572086,0.9667531847414383,-0.00015928919321866095,-0.15682569111323913
2026-03-31,2026-04-01,2026-04-02,WAB,1,252.3699951171875,252.1699981689453,-0.000792475144080873,2,0.9730617608409987,0.008333333333333333,0.25,1.0,0.21671496184427005,1.049768234491339,-6.603959534007275e-06,-0.006501825372314243
2026-03-31,2026-04-01,2026-04-02,APA,1,41.34999847412109,43.58000183105469,0.053929950162616036,1,0.9842312746386334,0.0074636101981914145,0.25,0.8956332237829697,0.4299926308161828,1.4303132775414111,0.0004025121260216558,0.3962870366111584
2026-04-01,2026-04-02,2026-04-06,QRVO,1,76.79000091552734,78.5,0.0222685123594899,22,0.9875328083989501,0.008333333333333333,0.25,1.0,0.3064386310717407,1.7516116217883118,0.0001855709363290825,0.18227106081740943
2026-04-01,2026-04-02,2026-04-06,GS,1,838.3900146484375,863.0,0.029353862667224506,22,0.9803149606299213,0.008333333333333333,0.25,1.0,0.35212093529553845,1.3325501826209734,0.0002446155222268709,0.24026569898655425
2026-04-01,2026-04-02,2026-04-06,NDSN,1,262.7200012207031,263.07000732421875,0.0013322400345971985,22,0.9770039421813403,0.008333333333333333,0.25,1.0,0.23035522817382623,1.0872646015080536,1.1102000288309988e-05,0.010904581341104731
2026-04-01,2026-04-02,2026-04-06,PH,1,900.8400268554688,907.239990234375,0.007104439398909035,21,0.973718791064389,0.008333333333333333,0.25,1.0,0.2607575215839614,1.2200114265536974,5.920366165757529e-05,0.05815088519823384
2026-04-01,2026-04-02,2026-04-06,MTSI,1,217.6600036621093,238.8300018310547,0.09726177438556527,21,0.9849081364829396,0.005557073581990484,0.25,0.6668488298388581,0.584803463105158,1.7056370503781133,0.0005404908369755435,0.5308796741905673
2026-04-01,2026-04-02,2026-04-06,BK,1,119.02999877929688,122.18000030517578,0.026463929750344617,21,0.988173455978975,0.008333333333333333,0.25,1.0,0.26099666155687484,0.88948646812611,0.00022053274791953846,0.21661117146593298
2026-04-01,2026-04-02,2026-04-06,KLAC,1,1454.1700439453125,1522.780029296875,0.04718154223932203,21,0.9724409448818898,0.005373652155357928,0.25,0.6448382586429514,0.6047648380511442,1.7937104996641857,0.00025353719614744396,0.24902872514753727
2026-04-01,2026-04-02,2026-04-06,TFC,1,45.869998931884766,47.2599983215332,0.030303017702540958,20,0.9796587926509186,0.008333333333333333,0.25,1.0,0.2631096108034261,1.0843359292355481,0.00025252514752117466,0.24803467305965116
2026-04-01,2026-04-02,2026-04-06,ESLT,1,879.0488794830086,913.0121104910255,0.038636339571914924,19,0.973753280839895,0.005902099155956794,0.25,0.7082518987148153,0.5506169567141731,0.37121409463615607,0.00022803550717665917,0.22398051451019024
2026-04-01,2026-04-02,2026-04-06,ADI,1,310.2699890136719,320.0,0.03135981993379122,19,0.9796587926509186,0.008333333333333333,0.25,1.0,0.3232195112861668,1.5631926818932234,0.00026133183278159353,0.2566847553217517
2026-04-01,2026-04-02,2026-04-06,BA,1,203.0,207.3699951171875,0.021527069542795596,18,0.979002624671916,0.008333333333333333,0.25,1.0,0.3161795585421846,1.201122664325126,0.0001793922461899633,0.176202241915067
2026-04-01,2026-04-02,2026-04-06,CMI,1,531.989990234375,547.5,0.029154702250679287,17,0.971090670170828,0.00823386429973404,0.25,0.9880637159680847,0.394686596375312,1.2953898781447926,0.00024005586203124386,0.23578711997378235
2026-04-01,2026-04-02,2026-04-06,RL,1,345.95001220703125,352.3599853515625,0.01852861083495272,17,0.973753280839895,0.008333333333333333,0.25,1.0,0.32724222328112834,1.3971791760069794,0.00015440509029127265,0.15165941477543496
2026-04-01,2026-04-02,2026-04-06,JCI,1,131.38999938964844,132.97000122070312,0.012025282277146943,17,0.9849081364829396,0.008333333333333333,0.25,1.0,0.3205102391906232,1.0536760462201222,0.00010021068564289118,0.09842871054429855
2026-04-01,2026-04-02,2026-04-06,MTZ,1,323.5599975585937,336.0,0.038447281911459186,16,0.9743421052631579,0.007577539788931805,0.25,0.9093047746718166,0.42887216246954724,1.4536499096796873,0.00029133580846036,0.28615519171600645
2026-04-01,2026-04-02,2026-04-06,GOOG,1,288.989990234375,294.70001220703125,0.01975854585145087,14,0.9789750328515112,0.008333333333333333,0.25,1.0,0.24907049907067083,0.9729276237681913,0.0001646545487620906,0.16172661444169645
2026-04-01,2026-04-02,2026-04-06,KGC,1,30.1299991607666,31.450000762939453,0.043810210386320714,13,0.9829396325459318,0.0052379559128437215,0.25,0.6285547095412466,0.6204320787636953,0.5271501777584695,0.000229475950535956,0.22539534349332815
2026-04-01,2026-04-02,2026-04-06,CAT,1,705.5700073242188,716.739990234375,0.01583114757459292,13,0.973753280839895,0.008333333333333333,0.25,1.0,0.3865704457824841,1.2348179088488251,0.00013192622978827433,0.1295802798047399
2026-04-01,2026-04-02,2026-04-06,PFG,1,88.8499984741211,89.76000213623047,0.010242022259284944,9,0.9763779527559056,0.008333333333333333,0.25,1.0,0.2525390546313696,1.1214899644108691,8.53501854940412e-05,0.08383246406308888
2026-04-01,2026-04-02,2026-04-06,VTR,1,82.02999877929688,83.11000061035156,0.013165937426872887,8,0.9809711286089239,0.008333333333333333,0.25,1.0,0.18267232837209618,0.2352705633118355,0.00010971614522394072,0.10776514132202795
2026-04-01,2026-04-02,2026-04-06,ELS,1,63.560001373291016,63.68000030517578,0.0018879630159225336,6,0.9770039421813403,0.008333333333333333,0.25,1.0,0.16966501757819366,0.1533428595363053,1.573302513268778e-05,0.015453255976014314
2026-04-01,2026-04-02,2026-04-06,CAH,1,211.509994506836,213.1300048828125,0.007659261585977406,6,0.9822834645669292,0.008333333333333333,0.25,1.0,0.321441376461635,0.3449591672488255,6.382717988314505e-05,0.06269218669917989
2026-04-01,2026-04-02,2026-04-06,AMAT,1,338.0,351.0199890136719,0.038520677555242244,6,0.9908015768725361,0.0058520044525433345,0.25,0.7022405343052002,0.5553303832613847,1.7288925780859437,0.0002254231765682637,0.22141463711248371
2026-04-01,2026-04-02,2026-04-06,TSM,1,326.8399963378906,339.75,0.03949946091898404,4,0.9888304862023654,0.007888000434766968,0.25,0.9465600521720361,0.4119923550149028,1.507548340106627,0.000311571764902007,0.30603130658742683
2026-04-01,2026-04-02,2026-04-06,SPG,1,187.5,188.47000122070312,0.005173339843749902,3,0.9802890932982917,0.008333333333333333,0.25,1.0,0.21356665162508523,0.8338804903769286,4.3111165364582516e-05,0.042344550280989934
2026-04-01,2026-04-02,2026-04-06,BAC,1,48.75,49.43000030517578,0.013948724208733942,3,0.9776609724047306,0.008333333333333333,0.25,1.0,0.2603851600179602,0.963258136664385,0.00011623936840611618,0.1141723666822284
2026-04-01,2026-04-02,2026-04-06,WAB,1,252.1699981689453,251.17999267578125,-0.003925944800541981,3,0.9730617608409987,0.008333333333333333,0.25,1.0,0.23868156223069487,1.0628801252893136,-3.271620667118317e-05,-0.03213443771875615
2026-04-01,2026-04-02,2026-04-06,APA,1,43.58000183105469,42.0,-0.03625520341141408,2,0.9842312746386334,0.007432316178340674,0.25,0.891877941400881,0.4372521025072649,1.379531207657925,-0.0002694601348636849,-0.264668517609397
2026-04-01,2026-04-02,2026-04-06,FLEX,1,65.86000061035156,68.91999816894531,0.04646215502938822,0,0.9664914586070958,0.005784579047560128,0.25,0.6941494857072154,0.5618033479634007,1.7213891491809512,0.0002687640084874895,0.2639847699516975
2026-04-02,2026-04-06,2026-04-07,QRVO,1,78.5,78.87000274658203,0.004713410784484395,23,0.9875328083989501,0.008333333333333333,0.25,1.0,0.30628716803394096,1.748186629939706,3.9278423204036626e-05,0.038758175262207664
2026-04-02,2026-04-06,2026-04-07,GS,1,863.0,858.0,-0.005793742757821518,23,0.9803149606299213,0.008333333333333333,0.25,1.0,0.3534049718940512,1.33430955040393,-4.8281189648512654e-05,-0.047641698867194555
2026-04-02,2026-04-06,2026-04-07,NDSN,1,263.07000732421875,262.45001220703125,-0.002356768540411336,23,0.9770039421813403,0.008333333333333333,0.25,1.0,0.23039857377951434,1.0867146666341205,-1.9639737836761133e-05,-0.019379606895797465
2026-04-02,2026-04-06,2026-04-07,PH,1,907.239990234375,907.1799926757812,-6.613195983373732e-05,22,0.973718791064389,0.008333333333333333,0.25,1.0,0.26676547683294716,1.2232085360162828,-5.510996652811443e-07,-0.0005438002768837078
2026-04-02,2026-04-06,2026-04-07,MTSI,1,238.8300018310547,232.82000732421875,-0.025164319644762734,22,0.9849081364829396,0.0055627754574812,0.25,0.6675330548977441,0.5875188847927115,1.7080189577236682,-0.00013998345972409816,-0.1381293601734809
2026-04-02,2026-04-06,2026-04-07,BK,1,122.18000030517578,123.18000030517578,0.008184645584402128,22,0.988173455978975,0.008333333333333333,0.25,1.0,0.2635948749526015,0.8905802119489884,6.820537987001774e-05,0.06730199053805004
2026-04-02,2026-04-06,2026-04-07,KLAC,1,1522.780029296875,1523.6199951171875,0.0005516002338830095,22,0.9724409448818898,0.005388144065942412,0.25,0.6465772879130894,0.6065605509306274,1.7976361696389376,2.972101526969184e-06,0.0029327356467687407
2026-04-02,2026-04-06,2026-04-07,TFC,1,47.2599983215332,47.40999984741211,0.0031739638427061845,21,0.9796587926509186,0.008333333333333333,0.25,1.0,0.26478201200238893,1.084209976284187,2.6449698689218203e-05,0.02609936891061223
2026-04-02,2026-04-06,2026-04-07,ESLT,1,913.0121104910255,922.68167712505,0.01059084159225887,20,0.973753280839895,0.005844306353180533,0.25,0.701316762381664,0.5592170286133293,0.3832935234292517,6.189612280316715e-05,0.06107630042057642
2026-04-02,2026-04-06,2026-04-07,ADI,1,320.0,323.7900085449219,0.011843776702880948,20,0.9796587926509186,0.008333333333333333,0.25,1.0,0.3231860540530633,1.5640400586940488,9.869813919067457e-05,0.0973908692040571
2026-04-02,2026-04-06,2026-04-07,BA,1,207.3699951171875,211.009994506836,0.017553163308855257,19,0.979002624671916,0.008333333333333333,0.25,1.0,0.3273408439743891,1.2112019563973133,0.00014627636090712713,0.1443389110429905
2026-04-02,2026-04-06,2026-04-07,CMI,1,547.5,549.780029296875,0.004164437071917826,18,0.9645203679369251,0.0082337117587667,0.25,0.988045411052004,0.3969334522369968,1.2994747217800475,3.4288774487693766e-05,0.0338346151070487
2026-04-02,2026-04-06,2026-04-07,RL,1,352.3599853515625,355.0,0.0074923792660606114,18,0.973753280839895,0.008333333333333333,0.25,1.0,0.3313761345369624,1.397775533713318,6.243649388383843e-05,0.061609514214380996
2026-04-02,2026-04-06,2026-04-07,JCI,1,132.97000122070312,132.97000122070312,0.0,18,0.9849081364829396,0.008333333333333333,0.25,1.0,0.3247306933040866,1.057855663036084,0.0,0.0
2026-04-02,2026-04-06,2026-04-07,MTZ,1,336.0,336.25,0.0007440476190476719,17,0.9770039421813403,0.007566749233179545,0.25,0.9080099079815455,0.431920701006013,1.4580683019014817,5.6300217508780375e-06,0.005555451363641985
2026-04-02,2026-04-06,2026-04-07,GOOG,1,294.70001220703125,300.1400146484375,0.018459457808181368,15,0.9789750328515112,0.008333333333333333,0.25,1.0,0.25588034785172703,0.977667613319208,0.00015382881506817805,0.15179133194372862
2026-04-02,2026-04-06,2026-04-07,KGC,1,31.450000762939453,31.3799991607666,-0.0022258060564290805,14,0.9829396325459318,0.005211503520949265,0.25,0.6253804225139118,0.6271195289409145,0.5345451315918799,-1.159979610003035e-05,-0.011446155257185717
2026-04-02,2026-04-06,2026-04-07,CAT,1,716.739990234375,719.5900268554688,0.003976388453170943,14,0.973753280839895,0.008333333333333333,0.25,1.0,0.390215566027608,1.2401211466235924,3.313657044309119e-05,0.03269767215833222
2026-04-02,2026-04-06,2026-04-07,PFG,1,89.76000213623047,90.25,0.0054589778532518896,10,0.9763779527559056,0.008333333333333333,0.25,1.0,0.2525107560620211,1.118485611807907,4.5491482110432416e-05,0.0448889413766621
2026-04-02,2026-04-06,2026-04-07,AMAT,1,351.0199890136719,348.1499938964844,-0.008176158643420472,7,0.9934296977660972,0.0058615365410729925,0.25,0.7033843849287591,0.557573190959473,1.7348298878885744,-4.792485265401889e-05,-0.04729008160360801
2026-04-02,2026-04-06,2026-04-07,TSM,1,339.75,339.44000244140625,-0.0009124284285320083,5,0.9816031537450722,0.007930851400454067,0.25,0.9517021680544879,0.41209139701501707,1.508256315221827,-7.236334280237181e-06,-0.007140488069809548
2026-04-02,2026-04-06,2026-04-07,SPG,1,188.47000122070312,190.08999633789065,0.00859550648217211,4,0.9802890932982917,0.008333333333333333,0.25,1.0,0.2139964692516094,0.83338213025533,7.162922068476758e-05,0.07068048212562315
2026-04-02,2026-04-06,2026-04-07,BAC,1,49.43000030517578,49.79999923706055,0.0074853111389932,4,0.9776609724047306,0.008333333333333333,0.25,1.0,0.26157385037863606,0.9630408346763013,6.237759282494334e-05,0.061551393307848506
2026-04-02,2026-04-06,2026-04-07,WAB,1,251.17999267578125,252.4499969482422,0.005056152199591102,4,0.9730617608409987,0.008333333333333333,0.25,1.0,0.24254844787397795,1.0675357025604777,4.213460166325918e-05,0.04157652325768711
2026-04-02,2026-04-06,2026-04-07,APA,1,42.0,43.45000076293945,0.0345238276890345,3,0.9842312746386334,0.007381711530811003,0.25,0.8858053836973203,0.4427476770786993,1.3734395075905101,0.00025484493693987817,0.25146948183976414
2026-04-02,2026-04-06,2026-04-07,FLEX,1,68.91999816894531,67.2300033569336,-0.024521109357388382,1,0.980946123521682,0.0057657354590563105,0.25,0.6918882550867572,0.5668375971010192,1.729287147264623,-0.0001413822297172917,-0.13950960327199052
2026-04-06,2026-04-07,2026-04-08,QRVO,1,78.87000274658203,79.9000015258789,0.013059449010118351,24,0.9875328083989501,0.008333333333333333,0.25,1.0,0.30831708347379244,1.7486708564827877,0.00010882874175098626,0.10746170740444452
2026-04-06,2026-04-07,2026-04-08,GS,1,858.0,903.010009765625,0.05245921884105487,24,0.9803149606299213,0.008333333333333333,0.25,1.0,0.3532551711105367,1.3343666560890617,0.00043716015700879054,0.4316688415717527
2026-04-06,2026-04-07,2026-04-08,NDSN,1,262.45001220703125,274.20001220703125,0.044770430380971504,24,0.9848883048620236,0.008333333333333333,0.25,1.0,0.2306971680107151,1.0870646757859797,0.0003730869198414292,0.3684004498385352
2026-04-06,2026-04-07,2026-04-08,PH,1,907.1799926757812,950.8099975585938,0.04809409955583699,23,0.973718791064389,0.008333333333333333,0.25,1.0,0.26730823954942173,1.2232007625934402,0.00040078416296530824,0.3957497785967268
2026-04-06,2026-04-07,2026-04-08,MTSI,1,232.82000732421875,250.0,0.07379087765364112,23,0.9849081364829396,0.005570533415580299,0.25,0.6684640098696359,0.5890677401643131,1.7080559559471558,0.00041105454973460544,0.4058911555912163
2026-04-06,2026-04-07,2026-04-08,BK,1,123.18000030517578,126.2699966430664,0.02508521131868191,23,0.988173455978975,0.008333333333333333,0.25,1.0,0.26373891130651533,0.8908866083138901,0.00020904342765568258,0.20641756300884134
2026-04-06,2026-04-07,2026-04-08,KLAC,1,1523.6199951171875,1666.18994140625,0.09357316571452379,23,0.9724409448818898,0.0054308176007901495,0.25,0.651698112094818,0.6042223789928524,1.7978133389587687,0.0005081787953240891,0.5017953909383085
2026-04-06,2026-04-07,2026-04-08,TFC,1,47.40999984741211,49.06999969482422,0.03501370708194007,22,0.9796587926509186,0.008333333333333333,0.25,1.0,0.2652418579270103,1.0846108460159383,0.0002917808923495006,0.28811573464310136
2026-04-06,2026-04-07,2026-04-08,ADI,1,323.7900085449219,345.8099975585937,0.06800700587589881,21,0.9796587926509186,0.008333333333333333,0.25,1.0,0.3221865906063822,1.5650241021740887,0.0005667250489658234,0.559606225440743
2026-04-06,2026-04-07,2026-04-08,CMI,1,549.780029296875,581.0,0.056786294589588504,19,0.9645203679369251,0.00827264261477038,0.25,0.9927171137724458,0.3966594090220782,1.2994078070112507,0.0004697727205567346,0.4638717477646497
2026-04-06,2026-04-07,2026-04-08,RL,1,355.0,368.0,0.036619718309859106,19,0.973753280839895,0.008333333333333333,0.25,1.0,0.3313857272813954,1.395856193509926,0.00030516431924882586,0.3013310478258528
2026-04-06,2026-04-07,2026-04-08,JCI,1,132.97000122070312,137.99000549316406,0.03775290837313561,19,0.9849081364829396,0.008333333333333333,0.25,1.0,0.3252570728361854,1.0571141035213931,0.00031460756977613004,0.31065567851426035
2026-04-06,2026-04-07,2026-04-08,MTZ,1,336.25,352.6400146484375,0.048743537987918195,18,0.980946123521682,0.007632571790893877,0.25,0.9159086149072652,0.42992344134130717,1.457531449040595,0.0003720385530349485,0.367365251919328
2026-04-06,2026-04-07,2026-04-08,GOOG,1,300.1400146484375,317.8299865722656,0.05893906530440107,16,0.9789750328515112,0.008333333333333333,0.25,1.0,0.25586531722161143,0.9769428407349482,0.0004911588775366756,0.4849892660498697
2026-04-06,2026-04-07,2026-04-08,KGC,1,31.3799991607666,33.75,0.07552584138359486,15,0.9829396325459318,0.005232331680538005,0.25,0.6278798016645606,0.6271432567685146,0.5348076315144311,0.0003951762525706717,0.3902123110464938
2026-04-06,2026-04-07,2026-04-08,CAT,1,719.5900268554688,764.6199951171875,0.06257725452157104,15,0.973753280839895,0.008333333333333333,0.25,1.0,0.39198802953904205,1.2402365325672726,0.0005214771210130919,0.5149266718955992
2026-04-06,2026-04-07,2026-04-08,PFG,1,90.25,92.87000274658205,0.029030501347169446,11,0.9763779527559056,0.008333333333333333,0.25,1.0,0.251956412715419,1.1181169332718774,0.00024192084455974537,0.23888199564596974
2026-04-06,2026-04-07,2026-04-08,AMAT,1,348.1499938964844,378.8900146484375,0.08829533617942009,8,0.9947437582128777,0.005879990600546929,0.25,0.7055988720656314,0.5580657782548933,1.734969630696596,0.0005191757468071213,0.5126542060233389
2026-04-06,2026-04-07,2026-04-08,TSM,1,339.44000244140625,370.2900085449219,0.09088500436491986,6,0.9901445466491459,0.00796828150776256,0.25,0.9561937809315073,0.41181044211715856,1.5076563819646531,0.0007241972996139105,0.7151004143029488
2026-04-06,2026-04-07,2026-04-08,SPG,1,190.08999633789065,192.6199951171875,0.013309478815495934,5,0.9802890932982917,0.008333333333333333,0.25,1.0,0.21316924387942643,0.8334031910349627,0.00011091232346246612,0.10951911654682554
2026-04-06,2026-04-07,2026-04-08,BAC,1,49.79999923706055,51.93999862670898,0.04297187595247731,5,0.9776609724047306,0.008333333333333333,0.25,1.0,0.2615882655666324,0.9635454140661144,0.0003580989662706443,0.35360076498230103
2026-04-06,2026-04-07,2026-04-08,WAB,1,252.4499969482422,264.94000244140625,0.049475165950288336,5,0.9730617608409987,0.008333333333333333,0.25,1.0,0.24092694562497502,1.0669717468607405,0.0004122930495857361,0.40711409823009365
2026-04-06,2026-04-07,2026-04-08,APA,1,43.45000076293945,36.97999954223633,-0.14890681489289392,4,0.9842312746386334,0.00743377619041012,0.25,0.8920531428492144,0.44142054409155457,1.3735627598672924,-0.001106939935140602,-1.0930352911417003
2026-04-06,2026-04-07,2026-04-08,FLEX,1,67.2300033569336,71.9000015258789,0.06946300663041227,2,0.9848883048620236,0.005807714116990299,0.25,0.6969256940388359,0.5650108570299588,1.7292063566977214,0.00040342128421603607,0.3983537740824431
2026-04-06,2026-04-07,2026-04-08,IVZ,1,22.489999771118164,23.89999961853028,0.0626945247559696,0,0.9914586070959264,0.008333333333333333,0.25,1.0,0.38677747882217456,1.5356973053187453,0.0005224543729664133,0.5158916482591828
2026-04-06,2026-04-07,2026-04-08,EVR,1,302.1199951171875,322.9800109863281,0.06904546606075956,0,0.9776609724047306,0.007435213448100482,0.25,0.8922256137720578,0.4413352156640511,1.7690703582985603,0.0005133677777853249,0.5069191928494986
2026-04-06,2026-04-07,2026-04-08,AVGO,1,326.7300109863281,351.75,0.07657695397536912,0,0.973718791064389,0.008315271152633833,0.25,0.9978325383160601,0.394625920236684,1.740033000361788,0.0006367581363479556,0.6287596037101411
2026-04-07,2026-04-08,2026-04-09,QRVO,1,79.9000015258789,79.37000274658203,-0.006633276209953687,25,0.9875328083989501,0.008333333333333333,0.25,1.0,0.3058584992555243,1.749594244183343,-5.527730174961406e-05,-0.05509302434212851
2026-04-07,2026-04-08,2026-04-09,GS,1,903.010009765625,902.0,-0.001118492325336673,25,0.9803149606299213,0.008333333333333333,0.25,1.0,0.3437922117611532,1.3312753649528593,-9.320769377805608e-06,-0.009289696818864638
2026-04-07,2026-04-08,2026-04-09,NDSN,1,274.20001220703125,273.7200012207031,-0.001750587034860196,25,0.9848883048620236,0.008333333333333333,0.25,1.0,0.23069974159014145,1.0857881238780926,-1.4588225290501632e-05,-0.0145395926646089
2026-04-07,2026-04-08,2026-04-09,PH,1,950.8099975585938,964.030029296875,0.013903967955981145,24,0.973718791064389,0.008333333333333333,0.25,1.0,0.26534411528874663,1.2194376516306114,0.0001158663996331762,0.11548013693468559
2026-04-07,2026-04-08,2026-04-09,MTSI,1,250.0,246.4499969482422,-0.014200012207031265,24,0.9849081364829396,0.005562368620181285,0.25,0.6674842344217542,0.5908315643182327,1.702771447175785,-7.89857023065819e-05,-0.07872238843291614
2026-04-07,2026-04-08,2026-04-09,BK,1,126.2699966430664,127.5500030517578,0.010137059022102157,24,0.988173455978975,0.008333333333333333,0.25,1.0,0.26431863801713323,0.891865897972635,8.447549185085131e-05,0.08419387671875146
2026-04-07,2026-04-08,2026-04-09,KLAC,1,1666.18994140625,1669.8900146484375,0.002220679137616699,24,0.9724409448818898,0.005497091403232029,0.25,0.6596509683878435,0.5978476092364222,1.7995862760829149,1.2207276196729472e-05,0.012166580917857453
2026-04-07,2026-04-08,2026-04-09,TFC,1,49.06999969482422,48.97999954223633,-0.001834117651265954,23,0.9796587926509186,0.008333333333333333,0.25,1.0,0.2651433290101258,1.0841983107076674,-1.5284313760549617e-05,-0.015233360591240672
2026-04-07,2026-04-08,2026-04-09,ADI,1,345.8099975585937,346.0,0.0005494417244953365,22,0.9796587926509186,0.008333333333333333,0.25,1.0,0.3259694562382144,1.5686000849426225,4.578681037461137e-06,0.004563417132665125
2026-04-07,2026-04-08,2026-04-09,CMI,1,581.0,597.0399780273438,0.02760753533105631,20,0.9645203679369251,0.008333333333333333,0.25,1.0,0.394370754381163,1.2982621476860283,0.00023006279442546924,0.2292958363075126
2026-04-07,2026-04-08,2026-04-09,RL,1,368.0,373.8299865722656,0.015842354815939208,20,0.973753280839895,0.008333333333333333,0.25,1.0,0.3331328195819876,1.394869475759768,0.00013201962346616006,0.13157951092123593
2026-04-07,2026-04-08,2026-04-09,JCI,1,137.99000549316406,138.94000244140625,0.006884534462093805,20,0.9849081364829396,0.008333333333333333,0.25,1.0,0.32295686591814077,1.0555296964690097,5.737112051744838e-05,0.05717986296653925
2026-04-07,2026-04-08,2026-04-09,MTZ,1,352.6400146484375,350.07000732421875,-0.007287906129373578,19,0.980946123521682,0.007783342642038832,0.25,0.9340011170446598,0.42223799006688545,1.4533878089873744,-5.672427054792955e-05,-0.05653516939452251
2026-04-07,2026-04-08,2026-04-09,GOOG,1,317.8299865722656,313.19000244140625,-0.014598950152251877,17,0.9789750328515112,0.008333333333333333,0.25,1.0,0.2566943879535838,0.9786956955216568,-0.00012165791793543231,-0.12125234810825841
2026-04-07,2026-04-08,2026-04-09,KGC,1,33.75,33.22999954223633,-0.01540742097077541,16,0.9829396325459318,0.0052390391539679036,0.25,0.6286846984761484,0.6272949784479683,0.5316211926000165,-8.072008172755853e-05,-0.08045098596995166
2026-04-07,2026-04-08,2026-04-09,CAT,1,764.6199951171875,773.0,0.010959698852144317,16,0.973753280839895,0.008333333333333333,0.25,1.0,0.38320226419437786,1.2396163848485597,9.133082376786932e-05,0.09102635508190311
2026-04-07,2026-04-08,2026-04-09,PFG,1,92.87000274658205,93.4800033569336,0.006568327687209052,12,0.9763779527559056,0.008333333333333333,0.25,1.0,0.25147537258749186,1.1179636365809404,5.473606406007543e-05,0.054553590971453236
2026-04-07,2026-04-08,2026-04-09,AMAT,1,378.8900146484375,385.25,0.01678583521781052,9,0.9954007884362681,0.005952926892808954,0.25,0.7143512271370746,0.552068421526612,1.734977748609865,9.992484988636388e-05,0.09959173137844811
2026-04-07,2026-04-08,2026-04-09,TSM,1,370.2900085449219,363.2999877929688,-0.018877151936723346,7,0.988173455978975,0.008226314919877447,0.25,0.9871577903852937,0.39950123295611906,1.507714866268173,-0.0001552893966218607,-0.15477170985869176
2026-04-07,2026-04-08,2026-04-09,SPG,1,192.6199951171875,193.7400054931641,0.005814611174167927,6,0.9802890932982917,0.008333333333333333,0.25,1.0,0.21327024149723833,0.8310424751226133,4.845509311806606e-05,0.04829355884166969
2026-04-07,2026-04-08,2026-04-09,BAC,1,51.93999862670898,51.630001068115234,-0.005968378259338936,6,0.9776609724047306,0.008333333333333333,0.25,1.0,0.26065966895161946,0.9641743857871533,-4.973648549449113e-05,-0.04957067945269331
2026-04-07,2026-04-08,2026-04-09,WAB,1,264.94000244140625,269.3099975585937,0.016494282014487105,6,0.9730617608409987,0.008333333333333333,0.25,1.0,0.24004615019934644,1.0656444125638276,0.00013745235012072588,0.13699412654737247
2026-04-07,2026-04-08,2026-04-09,APA,1,36.97999954223633,39.2599983215332,0.061654916374263236,5,0.9842312746386334,0.007489471493153913,0.25,0.8987365791784695,0.43880572296462583,1.3760736592471334,0.0004617627385978329,0.46022336461160485
2026-04-07,2026-04-08,2026-04-09,FLEX,1,71.9000015258789,73.31999969482422,0.019749626409037102,3,0.9829172141918529,0.005909843697789192,0.25,0.709181243734703,0.5560930409049182,1.7253587040719982,0.0001167172051671389,0.11632810614644892
2026-04-07,2026-04-08,2026-04-09,IVZ,1,23.89999961853028,24.09000015258789,0.007949813267373429,1,0.9908015768725361,0.008292719561416341,0.25,0.995126347369961,0.3963021936093374,1.5255856165487678,6.59255719919548e-05,0.06570579654870491
2026-04-07,2026-04-08,2026-04-09,EVR,1,322.9800109863281,323.1300048828125,0.0004644061284979628,1,0.9776609724047306,0.0075377081915165055,0.25,0.9045249829819807,0.4359976361084317,1.7623708864087924,3.5005578789695612e-06,0.0034888881029444658
2026-04-07,2026-04-08,2026-04-09,AVGO,1,351.75,352.29998779296875,0.001563575815120899,1,0.9809461235216821,0.008331291617541117,0.25,0.9997549941049341,0.39446740121987317,1.7375809806241442,1.3026606081906764e-05,0.012983179410902042
2026-04-07,2026-04-08,2026-04-09,NVDA,1,184.5,181.83999633789065,-0.014417364022272894,0,0.9750328515111695,0.008333333333333333,0.25,1.0,0.3645001817262987,1.7019402264913197,-0.00012014470018560744,-0.11974417495784546
2026-04-08,2026-04-09,2026-04-10,QRVO,1,79.37000274658203,79.83000183105469,0.005795628934792463,26,0.9875328083989501,0.016666666666666666,0.5,1.0,0.3076221625310094,1.6420217825377441,9.659381557987438e-05,0.09636213842617188
2026-04-08,2026-04-09,2026-04-10,GS,1,902.0,903.3699951171876,0.0015188415933344857,26,0.9803149606299213,0.016666666666666666,0.5,1.0,0.3350879490941121,1.2902458955026532,2.531402655557476e-05,0.025253311678686028
2026-04-08,2026-04-09,2026-04-10,NDSN,1,273.7200012207031,276.44000244140625,0.009937166478784176,26,0.9848883048620236,0.016666666666666666,0.5,1.0,0.22804049220668224,1.040417406079397,0.0001656194413130696,0.16522220842056126
2026-04-08,2026-04-09,2026-04-10,PH,1,964.030029296875,986.4299926757812,0.023235752723640646,25,0.973718791064389,0.016666666666666666,0.5,1.0,0.26382780184958227,1.1364259697424788,0.00038726254539401075,0.3863337086593413
2026-04-08,2026-04-09,2026-04-10,MTSI,1,246.4499969482422,252.5599975585937,0.024792049851940945,25,0.9849081364829396,0.01091896212932051,0.5,0.6551377277592306,0.5882647089960517,1.657124112597088,0.00027070345344156935,0.27005417993255343
2026-04-08,2026-04-09,2026-04-10,BK,1,127.5500030517578,128.57000732421875,0.007996897279940018,25,0.988173455978975,0.016666666666666666,0.5,1.0,0.25605170383544834,0.8793971692169519,0.00013328162133233363,0.1329619496588858
2026-04-08,2026-04-09,2026-04-10,KLAC,1,1669.8900146484375,1747.6199951171875,0.0465479641095492,25,0.9724409448818898,0.01095427051159584,0.5,0.6572562306957505,0.5863685831698425,1.7861295693605128,0.0005098989906200563,0.5086760143237639
2026-04-08,2026-04-09,2026-04-10,TFC,1,48.97999954223633,50.369998931884766,0.028378917979568596,24,0.9796587926509186,0.016666666666666666,0.5,1.0,0.26348460505409693,1.001434574090434,0.00047298196632614327,0.4718475343228807
2026-04-08,2026-04-09,2026-04-10,ADI,1,346.0,353.0,0.020231213872832443,23,0.9796587926509186,0.016666666666666666,0.5,1.0,0.32539964266905147,1.5423515470427411,0.0003371868978805407,0.3363781659726253
2026-04-08,2026-04-09,2026-04-10,CMI,1,597.0399780273438,616.2999877929688,0.03225916265986273,21,0.9927726675427069,0.01633966082668895,0.5,0.9803796496013368,0.3931073078978493,1.2764641012063405,0.0005271037764151458,0.525839534994589
2026-04-08,2026-04-09,2026-04-10,RL,1,373.8299865722656,383.1000061035156,0.02479742092454651,21,0.973753280839895,0.016666666666666666,0.5,1.0,0.3362616467549054,1.2535549994557162,0.0004132903487424418,0.41229908516024916
2026-04-08,2026-04-09,2026-04-10,JCI,1,138.94000244140625,142.57000732421875,0.026126420174372278,21,0.9849081364829396,0.016666666666666666,0.5,1.0,0.32278733128061626,1.029858945968925,0.00043544033623953794,0.4343959466261696
2026-04-08,2026-04-09,2026-04-10,MTZ,1,350.07000732421875,357.8299865722656,0.02216693542917536,20,0.980946123521682,0.015250383599761556,0.5,0.9150230159856934,0.4211854762554345,1.4245826207206138,0.0003380542685260693,0.33724345625761365
2026-04-08,2026-04-09,2026-04-10,GOOG,1,313.19000244140625,318.2250061035156,0.01607651464880777,18,0.9789750328515112,0.016666666666666666,0.5,1.0,0.26002059564748076,0.9889337905463881,0.00026794191081346285,0.26729926077544314
2026-04-08,2026-04-09,2026-04-10,KGC,1,33.22999954223633,33.290000915527344,0.0018056387035079169,17,0.9829396325459318,0.010275571578328892,0.5,0.6165342946997335,0.6250980814624665,0.5465696720815637,1.855396974249658e-05,0.01850946864401508
2026-04-08,2026-04-09,2026-04-10,CAT,1,773.0,790.6699829101562,0.0228589688359071,17,0.973753280839895,0.016666666666666666,0.5,1.0,0.3794774649963727,1.1982521995221438,0.000380982813931785,0.3800690389306484
2026-04-08,2026-04-09,2026-04-10,PFG,1,93.4800033569336,91.91000366210938,-0.016795032503684304,13,0.9763779527559056,0.016666666666666666,0.5,1.0,0.2503696132673852,1.0816667291684425,-0.0002799172083947384,-0.2792458359914025
2026-04-08,2026-04-09,2026-04-10,AMAT,1,385.25,402.5,0.04477611940298498,10,0.992772667542707,0.011858667861820693,0.5,0.7115200717092416,0.5416493786982125,1.7348871176240879,0.000530985128141224,0.529711577423638
2026-04-08,2026-04-09,2026-04-10,TSM,1,363.2999877929688,375.5899963378906,0.033828816289213526,8,0.9940867279894876,0.01607117661491354,0.5,0.9642705968948124,0.3996745374313836,1.5015449642679866,0.0005436688812574147,0.5423649089667436
2026-04-08,2026-04-09,2026-04-10,SPG,1,193.7400054931641,199.38999938964844,0.02916276316862043,7,0.9802890932982917,0.016666666666666666,0.5,1.0,0.2129871481603102,0.7410382691513565,0.00048604605281034053,0.4848802870166669
2026-04-08,2026-04-09,2026-04-10,BAC,1,51.630001068115234,52.79999923706055,0.022661207529353744,7,0.9776609724047306,0.016666666666666666,0.5,1.0,0.258281557375592,0.8695722893999557,0.00037768679215589575,0.3767809225567665
2026-04-08,2026-04-09,2026-04-10,WAB,1,269.3099975585937,272.1000061035156,0.01035984022210279,7,0.9730617608409987,0.016666666666666666,0.5,1.0,0.2402738001469162,1.044010569722733,0.00017266400370171317,0.17224987465334346
2026-04-08,2026-04-09,2026-04-10,APA,1,39.2599983215332,38.619998931884766,-0.016301564366023258,6,0.9842312746386334,0.014932603859180639,0.5,0.8959562315508384,0.4301486961093258,1.227550114931061,-0.0002434248029627605,-0.24284095641779851
2026-04-08,2026-04-09,2026-04-10,FLEX,1,73.31999969482422,75.87999725341797,0.03491540601812715,4,0.966491458607096,0.01162766146985316,0.5,0.6976596881911896,0.5524103102070063,1.641226294195939,0.00040598452126125624,0.4050107804708295
2026-04-08,2026-04-09,2026-04-10,IVZ,1,24.09000015258789,23.450000762939453,-0.026567014761088914,2,0.9908015768725361,0.016666666666666666,0.5,1.0,0.38441509426766723,1.4596683728347635,-0.0004427835793514819,-0.44172157720616306
2026-04-08,2026-04-09,2026-04-10,EVR,1,323.1300048828125,335.45001220703125,0.038127091690809634,2,0.9750328515111695,0.014972855652276178,0.5,0.8983713391365706,0.4289923197494511,1.660011580140401,0.0005708714403275912,0.5695022235756576
2026-04-08,2026-04-09,2026-04-10,AVGO,1,352.29998779296875,360.9400024414063,0.02452459536704521,2,0.9809461235216821,0.0155280012118599,0.5,0.931680072711594,0.4136553051424112,1.7053148107197014,0.0003808179465798517,0.3799045670077455
2026-04-08,2026-04-09,2026-04-10,NVDA,1,181.83999633789065,184.3099975585937,0.013583376982219786,1,0.9888304862023654,0.016666666666666666,0.5,1.0,0.3645017933070926,1.7091322854193571,0.00022638961637032977,0.22584662817141024
2026-04-08,2026-04-09,2026-04-10,BCS,1,23.200000762939453,23.89999961853028,0.030172363472894093,0,0.9842312746386335,0.016666666666666666,0.5,1.0,0.345165332567782,1.1425077272542201,0.0005028727245482349,0.5016666005246775
2026-04-08,2026-04-09,2026-04-10,OVV,1,57.119998931884766,55.58000183105469,-0.026960734062101643,0,0.9730617608409986,0.016666666666666666,0.5,1.0,0.3441285757308214,1.1654089585313425,-0.00044934556770169406,-0.44826782683879296
2026-04-09,2026-04-10,2026-04-13,QRVO,1,79.83000183105469,79.54000091552734,-0.0036327309141377384,27,0.9875328083989501,0.016666666666666666,0.5,1.0,0.31034622487729085,1.6638311742169913,-6.054551523562897e-05,-0.06085306299982849
2026-04-09,2026-04-10,2026-04-13,GS,1,903.3699951171876,875.5499877929688,-0.030795806230657474,27,0.9803149606299213,0.016666666666666666,0.5,1.0,0.3489422557329267,1.2922586522477022,-0.0005132634371776245,-0.5158706166183314
2026-04-09,2026-04-10,2026-04-13,NDSN,1,276.44000244140625,274.3999938964844,-0.007379570709395655,27,0.9848883048620236,0.016666666666666666,0.5,1.0,0.23271932296454634,1.062538484545125,-0.00012299284515659425,-0.12361760116689885
2026-04-09,2026-04-10,2026-04-13,PH,1,986.4299926757812,982.5599975585938,-0.003923233423478778,26,0.973718791064389,0.016666666666666666,0.5,1.0,0.2843072077468359,1.147915236732579,-6.53872237246463e-05,-0.06571936549246289
2026-04-09,2026-04-10,2026-04-13,MTSI,1,252.5599975585937,258.1000061035156,0.021935415736756392,26,0.9849081364829396,0.011226727082574712,0.5,0.6736036249544827,0.5927400771202591,1.7857207013890248,0.0002462629259193785,0.24751384618947586
2026-04-09,2026-04-10,2026-04-13,BK,1,128.57000732421875,126.75,-0.014155769001624074,26,0.988173455978975,0.016666666666666666,0.5,1.0,0.26126090121778195,0.818989871322402,-0.00023592948336040125,-0.23712791374511022
2026-04-09,2026-04-10,2026-04-13,KLAC,1,1747.6199951171875,1734.6400146484375,-0.007427232753696944,26,0.9724409448818898,0.011024201839532734,0.5,0.661452110371964,0.6036292852395282,1.8711346474036699,-8.187931298594362e-05,-0.08229522817875382
2026-04-09,2026-04-10,2026-04-13,TFC,1,50.369998931884766,49.119998931884766,-0.024816359470056226,25,0.9796587926509186,0.016666666666666666,0.5,1.0,0.26923521572118003,1.000142771450344,-0.00041360599116760377,-0.41570694938635994
2026-04-09,2026-04-10,2026-04-13,ADI,1,353.0,348.69000244140625,-0.01220962481188026,24,0.9796587926509186,0.016666666666666666,0.5,1.0,0.3260610826439045,1.5537942264749323,-0.000203493746864671,-0.20452741627244217
2026-04-09,2026-04-10,2026-04-13,CMI,1,616.2999877929688,613.739990234375,-0.004153817311860375,22,0.9881889763779528,0.016063761431991747,0.5,0.9638256859195049,0.41425733972123235,1.3315103119433034,-6.672593032980233e-05,-0.06706487220860538
2026-04-09,2026-04-10,2026-04-13,RL,1,383.1000061035156,372.30999755859375,-0.028164991837683173,22,0.973753280839895,0.016666666666666666,0.5,1.0,0.3666984346487906,1.4233758376964427,-0.0004694165306280529,-0.4718009847682333
2026-04-09,2026-04-10,2026-04-13,JCI,1,142.57000732421875,141.61000061035156,-0.006733581149954149,22,0.9849081364829396,0.016666666666666666,0.5,1.0,0.3066329319704027,1.0179383087911793,-0.00011222635249923581,-0.11279641889740061
2026-04-09,2026-04-10,2026-04-13,MTZ,1,357.8299865722656,359.3099975585937,0.004136073112556593,21,0.980946123521682,0.015722228267120046,0.5,0.9433336960272029,0.4232562308391159,1.4691811155232815,6.502828560511246e-05,0.0653586041063218
2026-04-09,2026-04-10,2026-04-13,GOOG,1,318.2250061035156,315.4200134277344,-0.00881449484478547,19,0.9789750328515112,0.016666666666666666,0.5,1.0,0.26927893076670595,1.0420205052533758,-0.00014690824741309116,-0.1476544844028753
2026-04-09,2026-04-10,2026-04-13,KGC,1,33.290000915527344,33.47999954223633,0.0057073782362186964,18,0.9829396325459318,0.010631931365240509,0.5,0.6379158819144305,0.6259004924062451,0.48640209355270925,6.0680453682944614e-05,0.060988686882186095
2026-04-09,2026-04-10,2026-04-13,CAT,1,790.6699829101562,788.4199829101562,-0.0028456878958761367,18,0.973753280839895,0.016666666666666666,0.5,1.0,0.3990505832806773,1.2424420294168972,-4.742813159793561e-05,-0.047669048134467484
2026-04-09,2026-04-10,2026-04-13,PFG,1,91.91000366210938,91.4800033569336,-0.004678492960968672,14,0.9763779527559056,0.016666666666666666,0.5,1.0,0.25808245930080925,1.0542154744651158,-7.79748826828112e-05,-0.07837096488212009
2026-04-09,2026-04-10,2026-04-13,AMAT,1,402.5,397.8500061035156,-0.011552779867041951,11,0.9868766404199475,0.011824262883991299,0.5,0.7094557730394779,0.562786123923455,1.8373830877839463,-0.00013660310618878607,-0.13729699705299905
2026-04-09,2026-04-10,2026-04-13,TSM,1,375.5899963378906,370.260009765625,-0.014190970537646175,9,0.9881889763779528,0.016022746719361422,0.5,0.9613648031616853,0.41531774753028416,1.5530599528496425,-0.00022737832662662484,-0.2285333204475428
2026-04-09,2026-04-10,2026-04-13,WAB,1,272.1000061035156,266.4200134277344,-0.020874651041427716,8,0.9730617608409987,0.016666666666666666,0.5,1.0,0.25887518537466964,1.0402821441604055,-0.0003479108506904619,-0.3496781030435749
2026-04-09,2026-04-10,2026-04-13,APA,1,38.619998931884766,39.630001068115234,0.026152308756192344,7,0.9842312746386334,0.013965740932392645,0.5,0.8379444559435587,0.4764896548595339,0.9758276122589633,0.000365236368872926,0.3670916281471111
2026-04-09,2026-04-10,2026-04-13,FLEX,1,75.87999725341797,75.95999908447266,0.0010543204263371297,5,0.966491458607096,0.011668920713680806,0.5,0.7001352428208484,0.5702781979597796,1.671435675238109,1.2302781461742112e-05,0.012365274825904079
2026-04-09,2026-04-10,2026-04-13,IVZ,1,23.450000762939453,23.290000915527344,-0.006823020989618622,3,0.9855643044619422,0.016372605861772263,0.5,0.9823563517063357,0.4064430019824048,1.500080060589922,-0.00011171063344962504,-0.11227808019478919
2026-04-09,2026-04-10,2026-04-13,EVR,1,335.45001220703125,333.0899963378906,-0.007035372732924761,3,0.9750328515111695,0.014970156173592446,0.5,0.8982093704155467,0.4445198165983143,1.7126282359638978,-0.00010532062855131756,-0.10585561654686086
2026-04-09,2026-04-10,2026-04-13,AVGO,1,360.9400024414063,369.6600036621094,0.02415914324187063,3,0.9809461235216821,0.015637256924706786,0.5,0.9382354154824071,0.42555616427963855,1.8019211274878622,0.0003777827299539246,0.3797017198823834
2026-04-09,2026-04-10,2026-04-13,NVDA,1,184.3099975585937,186.02999877929688,0.009332110267954219,2,0.9711286089238845,0.016666666666666666,0.5,1.0,0.36727249722699046,1.7414129232495457,0.00015553517113257032,0.1563252295530834
2026-04-09,2026-04-10,2026-04-13,BCS,1,23.89999961853028,23.350000381469727,-0.02301252074640725,1,0.9842312746386335,0.016666666666666666,0.5,1.0,0.3767550946295056,1.1498207527589397,-0.00038354201244012083,-0.38549025729266656
2026-04-09,2026-04-10,2026-04-13,OVV,1,55.58000183105469,57.02999877929688,0.02608846528378539,1,0.9730617608409986,0.016666666666666666,0.5,1.0,0.36712222543663314,0.9155122980601212,0.0004348077547297565,0.4370164096945929
2026-04-09,2026-04-10,2026-04-13,DAL,1,68.1500015258789,66.9000015258789,-0.018341892472670485,0,0.9914698162729658,0.014669106362289717,0.5,0.880146381737383,0.45364256774635064,1.9947682737105101,-0.00026905917156728445,-0.2704258879348115
2026-04-09,2026-04-10,2026-04-13,ESI,1,37.459999084472656,37.25,-0.005605955408570784,0,0.9770341207349081,0.01330216430485643,0.5,0.7981298582913858,0.5002592754251247,1.6099823312088681,-7.457133993050712e-05,-0.07495013345104676
2026-04-10,2026-04-13,2026-04-14,QRVO,1,79.54000091552734,79.62999725341797,0.001131460106295501,28,0.9875328083989501,0.016666666666666666,0.5,1.0,0.2717763332868761,1.663364684835736,1.885766843825835e-05,0.01890248142619972
2026-04-10,2026-04-13,2026-04-14,GS,1,875.5499877929688,894.4199829101562,0.021552161932814062,28,0.9803149606299213,0.016666666666666666,0.5,1.0,0.347700664264415,1.2896458039598993,0.00035920269888023437,0.36005630102443
2026-04-10,2026-04-13,2026-04-14,NDSN,1,274.3999938964844,277.7031294477569,0.012037666270935166,28,0.9848883048620236,0.016666666666666666,0.5,1.0,0.23287180425444,1.0592218017657031,0.00020062777118225276,0.20110453902447728
2026-04-10,2026-04-13,2026-04-14,PH,1,982.5599975585938,992.7560734627816,0.010377051711368823,27,0.973718791064389,0.016666666666666666,0.5,1.0,0.2824256061824571,1.1522011134197658,0.00017295086185614705,0.1733618588419189
2026-04-10,2026-04-13,2026-04-14,MTSI,1,258.1000061035156,265.0,0.0267337998191175,27,0.9849081364829396,0.011148557903170016,0.5,0.668913474190201,0.59218527771655,1.784573747490839,0.0002980433152551875,0.2987515794574279
2026-04-10,2026-04-13,2026-04-14,BK,1,126.75,129.04774715807372,0.018128182706695917,27,0.988173455978975,0.016666666666666666,0.5,1.0,0.26084886616986536,0.8199078535921192,0.00030213637844493196,0.3028543693210698
2026-04-10,2026-04-13,2026-04-14,KLAC,1,1734.6400146484375,178.64698508905428,-0.8970120696049658,27,0.9724409448818898,0.0109395250176324,0.5,0.656371501057944,0.6035007779027525,1.878978537364251,-0.009812885976561738,-9.836205123484778
2026-04-10,2026-04-13,2026-04-14,TFC,1,49.119998931884766,49.23979063716566,0.0024387562680328045,26,0.9796587926509186,0.016666666666666666,0.5,1.0,0.272582437717492,1.0039004052455418,4.064593780054674e-05,0.040742527998135866
2026-04-10,2026-04-13,2026-04-14,ADI,1,348.69000244140625,352.42999267578125,0.010725831564394994,25,0.9796587926509186,0.016666666666666666,0.5,1.0,0.3268705332767074,1.5587096847798143,0.00017876385940658325,0.17918867028403443
2026-04-10,2026-04-13,2026-04-14,CMI,1,613.739990234375,618.0587913044039,0.007036857853078171,23,0.9691601049868767,0.015895847093396188,0.5,0.9537508256037712,0.4153293510712325,1.3330243033136893,0.00011185681645049478,0.11212263076275548
2026-04-10,2026-04-13,2026-04-14,RL,1,372.30999755859375,377.84640421255693,0.014870421665461375,23,0.973753280839895,0.016666666666666666,0.5,1.0,0.3698102098606703,1.4237072905161972,0.0002478403610910229,0.2484293239922066
2026-04-10,2026-04-13,2026-04-14,JCI,1,141.61000061035156,141.1294989589811,-0.003393133601436782,23,0.9849081364829396,0.016666666666666666,0.5,1.0,0.30655751545785104,1.0203382334748514,-5.655222669061303e-05,-0.05668661627652825
2026-04-10,2026-04-13,2026-04-14,MTZ,1,359.3099975585937,367.8699951171875,0.02382343273706966,22,0.980946123521682,0.015543943656461494,0.5,0.9326366193876896,0.4247321017072377,1.4727107861012583,0.00037031009616851103,0.37119009371054545
2026-04-10,2026-04-13,2026-04-14,GOOG,1,315.4200134277344,321.87130162031684,0.020453008426684738,20,0.9789750328515112,0.016666666666666666,0.5,1.0,0.2647073103078045,1.0426383692343424,0.00034088347377807894,0.34169354248036016
2026-04-10,2026-04-13,2026-04-14,KGC,1,33.47999954223633,33.89256532778883,0.012322753619874893,19,0.9829396325459318,0.010543428693214334,0.5,0.63260572159286,0.6261731406479543,0.48560327898391487,0.00012992407409519974,0.13023282307892403
2026-04-10,2026-04-13,2026-04-14,CAT,1,788.4199829101562,794.4874583800558,0.007695740343241608,19,0.973753280839895,0.016666666666666666,0.5,1.0,0.38900695411517466,1.2411151412743404,0.0001282623390540268,0.12856713912367373
2026-04-10,2026-04-13,2026-04-14,PFG,1,91.4800033569336,93.5500030517578,0.02262789264171272,15,0.9763779527559056,0.016666666666666666,0.5,1.0,0.2605108795032872,1.0488404484627032,0.00037713154402854536,0.378027751923503
2026-04-10,2026-04-13,2026-04-14,AMAT,1,397.8500061035156,399.5033450238701,0.004155684039186092,12,0.9868766404199475,0.011704167050491734,0.5,0.702250023029504,0.5640736183571817,1.8447474264747343,4.863882020369625e-05,0.048754404527941164
2026-04-10,2026-04-13,2026-04-14,TSM,1,370.260009765625,378.15442125299387,0.021321264190443,10,0.979002624671916,0.016054668843993567,0.5,0.963280130639614,0.4112206811726138,1.5509453485412055,0.00034230583591286095,0.3431192846882091
2026-04-10,2026-04-13,2026-04-14,WAB,1,266.4200134277344,268.6731791457649,0.008457193921137973,9,0.9730617608409987,0.016666666666666666,0.5,1.0,0.25467766966980415,1.040359126850147,0.00014095323201896622,0.14128819047406072
2026-04-10,2026-04-13,2026-04-14,APA,1,39.630001068115234,38.561885995177285,-0.02695218380393416,8,0.9842312746386334,0.013960262212080455,0.5,0.8376157327248273,0.47291460272965014,0.9737685893901857,-0.0003762595530911089,-0.3771536888041586
2026-04-10,2026-04-13,2026-04-14,FLEX,1,75.95999908447266,79.06999969482422,0.040942609897783644,6,0.966491458607096,0.011559569035121441,0.5,0.6935741421072864,0.5711295843269659,1.6785978574141702,0.00047327892559147645,0.4744036162103022
2026-04-10,2026-04-13,2026-04-14,IVZ,1,23.290000915527344,24.359655465751093,0.04592763023511148,4,0.9881889763779528,0.016187964515009385,0.5,0.9712778709005632,0.40783458920399956,1.494179182843419,0.0007434748485044568,0.745241627336624
2026-04-10,2026-04-13,2026-04-14,EVR,1,333.0899963378906,349.85017930283277,0.05031728106280453,4,0.9750328515111695,0.01472597173938619,0.5,0.8835583043631714,0.44832436017583727,1.7158227747665376,0.0007409708589336115,0.7427316873348009
2026-04-10,2026-04-13,2026-04-14,AVGO,1,369.6600036621094,377.30282984172777,0.02067528567846999,4,0.9809461235216821,0.015491679365924138,0.5,0.9295007619554483,0.42616502072394524,1.8074670020394505,0.00032029489652974036,0.3210560389468352
2026-04-10,2026-04-13,2026-04-14,NVDA,1,186.02999877929688,190.83999633789065,0.025856031769909693,3,0.9711286089238845,0.016666666666666666,0.5,1.0,0.36727965404924534,1.7450788660434098,0.0004309338628318282,0.4319579254863307
2026-04-10,2026-04-13,2026-04-14,BCS,1,23.350000381469727,23.950000762939453,0.025695947394753782,2,0.9842312746386335,0.016666666666666666,0.5,1.0,0.3756363231763382,1.1451393608545515,0.00042826578991256303,0.4292835122116844
2026-04-10,2026-04-13,2026-04-14,OVV,1,57.02999877929688,55.249977193492484,-0.031212022162107833,2,0.9730617608409986,0.016666666666666666,0.5,1.0,0.36490084233637593,0.9122567863070762,-0.0005202003693684638,-0.521436563172376
2026-04-10,2026-04-13,2026-04-14,DAL,1,66.9000015258789,68.4184810010984,0.022697749485582674,1,0.9822834645669292,0.014559794402432236,0.5,0.8735876641459341,0.453441283272853,1.992922435281807,0.0003304745659079958,0.33125989908878917
2026-04-10,2026-04-13,2026-04-14,ESI,1,37.25,38.41999816894531,0.03140934681732377,1,0.9770341207349081,0.013204850473562237,0.5,0.7922910284137342,0.4999686949311413,1.610158048666046,0.00041475572819501833,0.41574134545237285
2026-04-13,2026-04-14,2026-04-15,QRVO,1,79.62999725341797,80.25,0.007786045057981195,29,0.9875328083989501,0.016666666666666666,0.5,1.0,0.2695094913009597,1.6227218531742853,0.00012976741763301992,0.12967592657755114
2026-04-13,2026-04-14,2026-04-15,GS,1,894.4199829101562,915.0,0.02300934402525634,29,0.9803149606299213,0.016666666666666666,0.5,1.0,0.34759701450670233,1.2960319321813931,0.00038348906708760564,0.3832186924423476
2026-04-13,2026-04-14,2026-04-15,NDSN,1,277.7031294477569,276.8256028234823,-0.003159945032019107,29,0.9848883048620236,0.016666666666666666,0.5,1.0,0.23252349149100124,1.0575552459613347,-5.266575053365178e-05,-0.05262861913972202
2026-04-13,2026-04-14,2026-04-15,PH,1,992.7560734627816,979.9949517759926,-0.012854236834107247,28,0.973718791064389,0.016666666666666666,0.5,1.0,0.2823337235723917,1.1551065476035918,-0.00021423728056845412,-0.21408623498800342
2026-04-13,2026-04-14,2026-04-15,MTSI,1,265.0,260.69000244140625,-0.01626414173054247,28,0.9849081364829396,0.011014208822006172,0.5,0.6608525293203703,0.5943115892998098,1.7826771097115635,-0.0001791366533308996,-0.179010355052138
2026-04-13,2026-04-14,2026-04-15,BK,1,129.04774715807372,130.58166260146905,0.01188641783506994,28,0.988173455978975,0.016666666666666666,0.5,1.0,0.26133933081004773,0.8224814315952342,0.00019810696391783233,0.19796729083536554
2026-04-13,2026-04-14,2026-04-15,KLAC,1,178.64698508905428,176.37488622838404,-0.012718372266610656,28,0.9724409448818898,0.010903603898984808,0.5,0.6542162339390885,0.6003402187506036,1.889144769625168,-0.0001386760934349562,-0.13857832141800408
2026-04-13,2026-04-14,2026-04-15,TFC,1,49.23979063716566,49.07156753540039,-0.0034164057074259624,27,0.9796587926509186,0.016666666666666666,0.5,1.0,0.27447132761941473,1.010076690957713,-5.694009512376604e-05,-0.0568999501513501
2026-04-13,2026-04-14,2026-04-15,ADI,1,352.42999267578125,347.0,-0.01540729446592981,26,0.9796587926509186,0.016666666666666666,0.5,1.0,0.3250045361497249,1.554818260731748,-0.00025678824109883017,-0.2566071954431592
2026-04-13,2026-04-14,2026-04-15,CMI,1,618.0587913044039,608.2296587738965,-0.01590323229569013,24,0.9717847769028871,0.015765040672985266,0.5,0.945902440379116,0.41521440291006545,1.3258821674932324,-0.00025071510397348774,-0.2505383401147095
2026-04-13,2026-04-14,2026-04-15,RL,1,377.84640421255693,368.888325225438,-0.023708255225526997,24,0.973753280839895,0.016666666666666666,0.5,1.0,0.37043424393913293,1.4050721986905639,-0.0003951375870921166,-0.39485899978909517
2026-04-13,2026-04-14,2026-04-15,JCI,1,141.1294989589811,140.11230528252557,-0.00720751992998403,24,0.9849081364829396,0.016666666666666666,0.5,1.0,0.305256787524564,1.0212342171513635,-0.0001201253321664005,-0.12004063915463446
2026-04-13,2026-04-14,2026-04-15,MTZ,1,367.8699951171875,362.1700134277344,-0.01549455450324877,23,0.980946123521682,0.016607300386257816,0.5,0.996438023175469,0.39415629257257495,1.479419327020473,-0.00025732272098669606,-0.2571412985020031
2026-04-13,2026-04-14,2026-04-15,GOOG,1,321.87130162031684,330.3611774124934,0.02637661621100773,21,0.9789750328515112,0.016666666666666666,0.5,1.0,0.26373930361451037,1.0409912656230647,0.0004396102701834622,0.43930032791638446
2026-04-13,2026-04-14,2026-04-15,KGC,1,33.89256532778883,33.842635408053404,-0.0014731820755535807,20,0.9829396325459318,0.010421730662264999,0.5,0.6253038397358999,0.6280983612048013,0.4851041333014829,-1.5353106807895943e-05,-0.015342282272953344
2026-04-13,2026-04-14,2026-04-15,CAT,1,794.4874583800558,785.6043037102696,-0.011180987913766205,20,0.973753280839895,0.016666666666666666,0.5,1.0,0.38785442759392885,1.2380382072133809,-0.00018634979856277007,-0.1862184147372468
2026-04-13,2026-04-14,2026-04-15,PFG,1,93.5500030517578,94.5,0.010154964374684328,16,0.9763779527559056,0.016666666666666666,0.5,1.0,0.26017040989484586,1.0420679264906723,0.00016924940624473878,0.1691300788581171
2026-04-13,2026-04-14,2026-04-15,AMAT,1,399.5033450238701,388.72672933358473,-0.026975032435939905,13,0.9908136482939633,0.011737502948549288,0.5,0.7042501769129573,0.5576886309277153,1.84294612230411,-0.0003166195227540573,-0.3163962937274868
2026-04-13,2026-04-14,2026-04-15,TSM,1,378.15442125299387,380.51888786713016,0.0062526483395375365,11,0.9783464566929134,0.015898128060675986,0.5,0.9538876836405591,0.4117385345560076,1.5442012971791308,9.940540402034082e-05,0.0993353193604238
2026-04-13,2026-04-14,2026-04-15,WAB,1,268.6731791457649,266.18623489612816,-0.009256391938874842,10,0.9730617608409987,0.016666666666666666,0.5,1.0,0.25254405838366384,1.0457401093634202,-0.00015427319898124735,-0.1541644304007917
2026-04-13,2026-04-14,2026-04-15,APA,1,38.561885995177285,36.47585234766769,-0.054095737116449216,9,0.9842312746386334,0.014604468341182123,0.5,0.8762681004709274,0.4482102187471094,0.9464467963705375,-0.0007900394801100933,-0.7894824716775013
2026-04-13,2026-04-14,2026-04-15,FLEX,1,79.06999969482422,79.4800033569336,0.00518532520161652,7,0.966491458607096,0.011464623410900437,0.5,0.6878774046540262,0.5709626662191739,1.6852632172817539,5.944780069958478e-05,0.05940588769761164
2026-04-13,2026-04-14,2026-04-15,IVZ,1,24.359655465751093,24.66725397254135,0.01262737509661127,5,0.979002624671916,0.01615556212487818,0.5,0.9693337274926906,0.4051776038053416,1.481607628226808,0.00020400234284744298,0.2038585132944962
2026-04-13,2026-04-14,2026-04-15,EVR,1,349.85017930283277,360.4728491729184,0.03036348270923872,5,0.9763779527559056,0.014638503941930519,0.5,0.8783102365158311,0.4471680969485197,1.7259895024623164,0.00044447596132993016,0.4441625885621405
2026-04-13,2026-04-14,2026-04-15,AVGO,1,377.30282984172777,389.2639212714563,0.03170156829925186,5,0.9809461235216821,0.015203003008301536,0.5,0.9121801804980921,0.4305644053554504,1.8262730935764422,0.0004819590382214026,0.4816192384326429
2026-04-13,2026-04-14,2026-04-15,NVDA,1,190.83999633789065,196.5399932861328,0.029867936793239513,4,0.9809711286089239,0.016666666666666666,0.5,1.0,0.3682580458162486,1.7506369071783225,0.0004977989465539919,0.49744797901636034
2026-04-13,2026-04-14,2026-04-15,BCS,1,23.950000762939453,23.920000076293945,-0.0012526382333953867,3,0.9842312746386335,0.016666666666666666,0.5,1.0,0.3763000871784708,1.1496702737174558,-2.087730388992311e-05,-0.02086258458207934
2026-04-13,2026-04-14,2026-04-15,OVV,1,55.249977193492484,54.115929001515106,-0.020525767603591927,3,0.9730617608409986,0.016666666666666666,0.5,1.0,0.35652871136289954,0.893429445822013,-0.0003420961267265321,-0.3418549357074236
2026-04-13,2026-04-14,2026-04-15,DAL,1,68.4184810010984,71.37064464773505,0.04314862890027116,2,0.9835958005249343,0.014439045336138023,0.5,0.8663427201682814,0.45334520375135007,1.9890030486724548,0.0006230250088832106,0.6225857521214913
2026-04-13,2026-04-14,2026-04-15,ESI,1,38.41999816894531,38.04999923706055,-0.009630373490851274,2,0.9691601049868767,0.01312492282373892,0.5,0.7874953694243352,0.4987360335595284,1.5958211129586959,-0.00012639790883120413,-0.1263087934099455
2026-04-14,2026-04-15,2026-04-16,GS,1,915.0,897.989990234375,-0.01859017460724044,30,0.9803149606299213,0.016666666666666666,0.5,1.0,0.34944065416457515,1.382169213923922,-0.0003098362434540073,-0.3095733934752405
2026-04-14,2026-04-15,2026-04-16,NDSN,1,276.8256028234823,273.7443492222643,-0.011130666996805094,30,0.9848883048620236,0.016666666666666666,0.5,1.0,0.22892853312090564,1.0239362698554197,-0.00018551111661341824,-0.18535373801716604
2026-04-14,2026-04-15,2026-04-16,PH,1,979.9949517759926,965.3580054002371,-0.014935736504795072,29,0.973718791064389,0.016666666666666666,0.5,1.0,0.28090502999304257,1.0887682954695368,-0.0002489289417465845,-0.24871776255617373
2026-04-14,2026-04-15,2026-04-16,MTSI,1,260.69000244140625,260.69000244140625,0.0,29,0.9849081364829396,0.011124855760817974,0.5,0.6674913456490784,0.5906324993125411,1.64275873083092,0.0,0.0
2026-04-14,2026-04-15,2026-04-16,BK,1,130.58166260146905,134.1474984629975,0.027307324707690928,29,0.988173455978975,0.016666666666666666,0.5,1.0,0.26156397962637934,0.8663685458985799,0.00045512207846151547,0.4547359750562898
2026-04-14,2026-04-15,2026-04-16,TFC,1,49.07156753540039,48.80439171337405,-0.005444615598097502,28,0.9796587926509186,0.016666666666666666,0.5,1.0,0.27466694829543964,1.1069879235574114,-9.074359330162503e-05,-0.09066661085661905
2026-04-14,2026-04-15,2026-04-16,ADI,1,347.0,346.9700012207031,-8.645181353561515e-05,27,0.9796587926509186,0.016666666666666666,0.5,1.0,0.32499928215895735,1.444772277907753,-1.4408635589269192e-06,-0.0014396412004589498
2026-04-14,2026-04-15,2026-04-16,CMI,1,608.2296587738965,595.7986796958594,-0.020437969274790357,25,0.9717847769028871,0.015850094464948946,0.5,0.9510056678969367,0.4145528203023619,1.4839986108006922,-0.00032394374367715126,-0.32366892558228294
2026-04-14,2026-04-15,2026-04-16,RL,1,368.888325225438,371.76131277927567,0.007788231172894733,25,0.973753280839895,0.016666666666666666,0.5,1.0,0.3700025191135438,1.4272019514565248,0.00012980385288157887,0.12969373361472544
2026-04-14,2026-04-15,2026-04-16,JCI,1,140.11230528252557,136.59203932891893,-0.025124602343158164,25,0.9849081364829396,0.016666666666666666,0.5,1.0,0.30484403607095156,1.0207913384580611,-0.0004187433723859694,-0.4183881309031997
2026-04-14,2026-04-15,2026-04-16,MTZ,1,362.1700134277344,363.0199890136719,0.002346896635347928,24,0.9788918205804749,0.016666666666666666,0.5,1.0,0.3938128924443143,1.5710400853952877,3.911494392246547e-05,0.03908176070908517
2026-04-14,2026-04-15,2026-04-16,GOOG,1,330.3611774124934,335.64798864456304,0.016003125044770083,22,0.9789750328515112,0.016666666666666666,0.5,1.0,0.26397833146836674,1.1059118537618653,0.0002667187507461681,0.266492479548232
2026-04-14,2026-04-15,2026-04-16,CAT,1,785.6043037102696,766.5406541503489,-0.02426622342811313,21,0.973753280839895,0.016666666666666666,0.5,1.0,0.3872431091248795,1.4116613694973295,-0.00040443705713521887,-0.4040939524335371
2026-04-14,2026-04-15,2026-04-16,AMAT,1,388.72672933358473,388.46709136374113,-0.0006679190038944016,14,0.9908136482939633,0.012089914053352179,0.5,0.7253948432011307,0.5434861929958533,2.0144351711997324,-8.075083351683914e-06,-0.008068232844254994
2026-04-14,2026-04-15,2026-04-16,TSM,1,380.51888786713016,367.9981737410995,-0.03290431703984864,12,0.9802110817941952,0.015996136097689944,0.5,0.9597681658613966,0.4107680331284715,1.7534567777320345,-0.0005263419335709571,-0.525895410709329
2026-04-14,2026-04-15,2026-04-16,WAB,1,266.18623489612816,256.6877680888615,-0.035683538673489834,11,0.9730617608409987,0.016666666666666666,0.5,1.0,0.2523687905082546,1.113631253739107,-0.0005947256445581639,-0.5942211082866757
2026-04-14,2026-04-15,2026-04-16,APA,1,36.47585234766769,36.35664703833532,-0.003268060968011688,10,0.9842312746386334,0.014657223277881815,0.5,0.8794333966729089,0.4482910055971396,0.4849646612739308,-4.790069929387789e-05,-0.047860062673539504
2026-04-14,2026-04-15,2026-04-16,FLEX,1,79.4800033569336,77.86000061035156,-0.020382519856055215,8,0.966491458607096,0.01150399403655562,0.5,0.6902396421933372,0.57116696528389,1.914222291909083,-0.0002344803868740357,-0.23428146513388035
2026-04-14,2026-04-15,2026-04-16,IVZ,1,24.66725397254135,24.528337236347696,-0.0056316254881183525,6,0.979002624671916,0.016037168662802807,0.5,0.9622301197681684,0.40971704548719784,1.6589130402141796,-9.03153277986932e-05,-0.09023870867328178
2026-04-14,2026-04-15,2026-04-16,EVR,1,360.4728491729184,356.69254865836126,-0.01048706032432345,6,0.9795514511873351,0.01449656724685565,0.5,0.869794034811339,0.45325912339203245,1.865901887941672,-0.0001520263752133867,-0.15189740344090663
2026-04-14,2026-04-15,2026-04-16,AVGO,1,389.2639212714563,394.3758444183283,0.01313228087045637,6,0.9809461235216821,0.015406798176771869,0.5,0.9244078906063121,0.42648065400180224,1.8624271042872687,0.0002023264009718033,0.20215475710726846
2026-04-14,2026-04-15,2026-04-16,NVDA,1,196.5399932861328,197.42999267578125,0.004528337336171306,5,0.9809711286089239,0.016666666666666666,0.5,1.0,0.3682939122501378,1.7297428056472268,7.547228893618844e-05,0.07540826192203667
2026-04-14,2026-04-15,2026-04-16,BCS,1,23.920000076293945,24.1200008392334,0.008361235882171414,4,0.9842312746386335,0.016666666666666666,0.5,1.0,0.376387259927308,1.261400859683502,0.00013935393136952357,0.13923571028120538
2026-04-14,2026-04-15,2026-04-16,OVV,1,54.115929001515106,54.782427924382816,0.012316131962717414,4,0.9730617608409986,0.016666666666666666,0.5,1.0,0.356299773371659,0.583272154726421,0.00020526886604529024,0.20509472593669606
2026-04-14,2026-04-15,2026-04-16,DAL,1,71.37064464773505,71.67983476491284,0.004332174925753662,3,0.9835958005249343,0.01450877237505353,0.5,0.8705263425032118,0.45287783091842726,1.8450997666173479,6.285453988667431e-05,0.06280121715628476
2026-04-14,2026-04-15,2026-04-16,ESI,1,38.04999923706055,38.0,-0.0013140404221572144,3,0.9795514511873351,0.013187949369274261,0.5,0.7912769621564557,0.4982352584558815,1.920577578084405,-1.732949855658912e-05,-0.01731479705402486
2026-04-15,2026-04-16,2026-04-17,GS,1,897.989990234375,915.5,0.019499114640526116,31,0.9803149606299213,0.016666666666666666,0.5,1.0,0.35134984995994895,1.4022377219476907,0.0003249852440087686,0.3239912596631905
2026-04-15,2026-04-16,2026-04-17,NDSN,1,273.7443492222643,278.221668927862,0.01635584339299867,31,0.9848883048620236,0.016666666666666666,0.5,1.0,0.22882923527987795,1.0432974335970333,0.00027259738988331115,0.27176363652624436
2026-04-15,2026-04-16,2026-04-17,MTSI,1,260.69000244140625,265.8599853515625,0.019831918607305488,30,0.9849081364829396,0.012308322549879763,0.5,0.7384993529927858,0.5356839664687914,1.6318205519527103,0.00024409765100167821,0.24335106558476766
2026-04-15,2026-04-16,2026-04-17,BK,1,134.1474984629975,135.42245733231394,0.009504156871535718,30,0.988173455978975,0.016666666666666666,0.5,1.0,0.2606137446475737,0.868612618323039,0.0001584026145255953,0.1579181318543364
2026-04-15,2026-04-16,2026-04-17,ADI,1,346.9700012207031,359.6700134277344,0.03660262317304186,28,0.9796587926509186,0.016666666666666666,0.5,1.0,0.32093976715401223,1.3529855555352692,0.0006100437195506977,0.6081778689666161
2026-04-15,2026-04-16,2026-04-17,CMI,1,595.7986796958594,613.702483509161,0.030050089776031408,26,0.9717847769028871,0.015937798418902263,0.5,0.9562679051341357,0.4136939664312172,1.5009393412493837,0.00047893227332030443,0.47746743394359814
2026-04-15,2026-04-16,2026-04-17,RL,1,371.76131277927567,376.499721080014,0.012745834861928262,26,0.973753280839895,0.016666666666666666,0.5,1.0,0.3691630501431323,1.396532134988671,0.0002124305810321377,0.2117808510029727
2026-04-15,2026-04-16,2026-04-17,JCI,1,136.59203932891893,138.90563550288667,0.016938001550709014,26,0.9849081364829396,0.016666666666666666,0.5,1.0,0.3058465447953136,1.0329693900411885,0.0002823000258451502,0.28143659646914193
2026-04-15,2026-04-16,2026-04-17,MTZ,1,363.0199890136719,362.7099914550781,-0.0008539407414892564,25,0.9788918205804749,0.016666666666666666,0.5,1.0,0.39314258465710455,1.5831619438030233,-1.4232345691487605e-05,-0.014188815318712238
2026-04-15,2026-04-16,2026-04-17,GOOG,1,335.64798864456304,334.22884980226,-0.004228057042837907,23,0.9789750328515112,0.016666666666666666,0.5,1.0,0.27241156406683525,1.1466935682987012,-7.046761738063178e-05,-0.07025208849174275
2026-04-15,2026-04-16,2026-04-17,CAT,1,766.5406541503489,779.0268691367888,0.016289044708633016,22,0.973753280839895,0.016666666666666666,0.5,1.0,0.38601621184974444,1.4501182600355689,0.0002714840784772169,0.2706537302412435
2026-04-15,2026-04-16,2026-04-17,AMAT,1,388.46709136374113,397.2561353832149,0.022624938417870055,15,0.9908136482939633,0.012148081490325303,0.5,0.7288848894195181,0.5427499847895983,2.020108423127032,0.00027484959561387704,0.2740089537679312
2026-04-15,2026-04-16,2026-04-17,TSM,1,367.9981737410995,372.3280728321357,0.011766088529783003,13,0.9888451443569554,0.016048051534109504,0.5,0.9628830920465702,0.41085181151636435,1.8227954459579598,0.00018882279508085237,0.18824527069825728
2026-04-15,2026-04-16,2026-04-17,WAB,1,256.6877680888615,258.6453725058823,0.007626403204156862,12,0.9730617608409987,0.016666666666666666,0.5,1.0,0.25243891238916566,1.1210289597789551,0.00012710672006928104,0.1267179575260708
2026-04-15,2026-04-16,2026-04-17,FLEX,1,77.86000061035156,81.01000213623047,0.04045725020788282,9,0.966491458607096,0.01152082612763669,0.5,0.6912495676582014,0.5723001954070269,1.9466880963287296,0.00046610094524731136,0.46467535115780706
2026-04-15,2026-04-16,2026-04-17,IVZ,1,24.528337236347696,24.27035282594986,-0.010517810804375971,7,0.979002624671916,0.016081689429166712,0.5,0.9649013657500027,0.4099924372459729,1.6547549432444448,-0.0001691441668307085,-0.16862683056060063
2026-04-15,2026-04-16,2026-04-17,EVR,1,356.69254865836126,362.6073620205891,0.016582385543167044,7,0.9855643044619422,0.014504358704663524,0.5,0.8702615222798115,0.4545785979477273,1.870852967473511,0.0002405168680971215,0.23978123469177964
2026-04-15,2026-04-16,2026-04-17,AVGO,1,394.3758444183283,400.2665109575457,0.01493668190531694,7,0.9809461235216821,0.015524187792174564,0.5,0.9314512675304738,0.4247160065546519,1.8754232552627441,0.00023187985489011594,0.23117063824085327
2026-04-15,2026-04-16,2026-04-17,NVDA,1,197.42999267578125,199.8999938964844,0.012510769955603296,6,0.9809711286089239,0.016666666666666666,0.5,1.0,0.37580762335702306,1.78056657795527,0.00020851283259338825,0.20787508520248088
2026-04-15,2026-04-16,2026-04-17,BCS,1,24.1200008392334,24.43000030517578,0.012852382054570288,5,0.9842312746386335,0.016666666666666666,0.5,1.0,0.3757268758684626,1.3179883086675197,0.00021420636757617147,0.2135512062110969
2026-04-15,2026-04-16,2026-04-17,OVV,1,54.782427924382816,52.23579662592798,-0.04648628027165924,5,0.9730617608409986,0.016666666666666666,0.5,1.0,0.3646851342360869,0.31959867029359557,-0.0007747713378609874,-0.772401659251162
2026-04-15,2026-04-16,2026-04-17,DAL,1,71.67983476491284,74.2230803257306,0.035480628117500634,4,0.9835958005249343,0.013997707675054512,0.5,0.8398624605032707,0.47103220021139514,1.7954647856813055,0.0004966474605160936,0.4951284383139322
2026-04-15,2026-04-16,2026-04-17,ESI,1,38.0,38.06999969482422,0.0018420972322161777,4,0.9835958005249343,0.013234836244435038,0.5,0.7940901746661023,0.498183046795855,1.9408568348369386,2.4379855214708134e-05,0.024305288153964207
2026-04-16,2026-04-17,2026-04-20,GS,1,915.5,923.6799926757812,0.00893500019200566,32,0.9803149606299213,0.03333333333333333,1.0,1.0,0.35123835687068855,1.4090601819368926,0.000297833339733522,0.29816938039129304
2026-04-16,2026-04-17,2026-04-20,MTSI,1,265.8599853515625,276.7799987792969,0.0410743023749669,31,0.9849081364829396,0.02591932951967187,1.0,0.7775798855901561,0.5139471777842103,1.6657313647556364,0.0010646183780474079,1.065819570164967
2026-04-16,2026-04-17,2026-04-20,CMI,1,613.702483509161,624.8674130610399,0.01819273972632085,27,0.9717847769028871,0.031997662471474994,1.0,0.9599298741442499,0.4163168565381852,1.5000157635081726,0.0005821251451942089,0.5827819478103001
2026-04-16,2026-04-17,2026-04-20,RL,1,376.499721080014,384.9290966131277,0.022388796222566842,27,0.973753280839895,0.03333333333333333,1.0,1.0,0.3694528313016074,1.39702246272741,0.0007462932074188948,0.7471352382692203
2026-04-16,2026-04-17,2026-04-20,MTZ,1,362.7099914550781,371.75,0.024923516743104335,26,0.9788918205804749,0.03333333333333333,1.0,1.0,0.393654943048203,1.5901795086533883,0.0008307838914368112,0.8317212517927532
2026-04-16,2026-04-17,2026-04-20,GOOG,1,334.22884980226,338.35637583136406,0.012349400811886957,24,0.9789750328515112,0.03333333333333333,1.0,1.0,0.27252156929225324,1.1435517181670427,0.0004116466937295652,0.41211114819881284
2026-04-16,2026-04-17,2026-04-20,CAT,1,779.0268691367888,790.9000244140625,0.015241008683602786,23,0.973753280839895,0.03333333333333333,1.0,1.0,0.39178705249525236,1.4460237882202356,0.0005080336227867595,0.508606829107193
2026-04-16,2026-04-17,2026-04-20,AMAT,1,397.2561353832149,397.10634473149423,-0.00037706315492436193,16,0.9908136482939633,0.024558492233756817,1.0,0.7367547670127045,0.5424260630456682,2.002111447913528,-9.260102561845787e-06,-0.009270550589453088
2026-04-16,2026-04-17,2026-04-20,TSM,1,372.3280728321357,368.3573563560101,-0.010664563770123814,14,0.9888451443569554,0.03234216294486389,1.0,0.9702648883459166,0.41188235553088764,1.8069471488911746,-0.00034491505918923636,-0.3453042214081767
2026-04-16,2026-04-17,2026-04-20,FLEX,1,81.01000213623047,82.62000274658203,0.019874096628760718,10,0.966491458607096,0.023312258016113706,1.0,0.6993677404834112,0.5714232506986917,1.9612703160237857,0.00046331006844684545,0.4638328138866009
2026-04-16,2026-04-17,2026-04-20,IVZ,1,24.27035282594986,24.37950075697284,0.0044971711703456485,8,0.979002624671916,0.03256815274789367,1.0,0.9770445824368099,0.40902431156633134,1.6714948744315314,0.0001464645576092408,0.14662981125855756
2026-04-16,2026-04-17,2026-04-20,EVR,1,362.6073620205891,360.15367021347873,-0.006766800854338562,8,0.9855643044619422,0.0293547943574911,1.0,0.880643830724733,0.4537986570256752,1.9026256074303611,-0.00019863804753720356,-0.1988621677119714
2026-04-16,2026-04-17,2026-04-20,AVGO,1,400.2665109575457,405.05892006273217,0.01197304539348476,8,0.9809461235216821,0.03082284979684256,1.0,0.9246854939052768,0.43218477021092727,1.8651773813170793,0.0003690433797741585,0.36945976559649907
2026-04-16,2026-04-17,2026-04-20,NVDA,1,199.8999938964844,199.97999572753903,0.00040020927212269797,7,0.9809711286089239,0.03333333333333333,1.0,1.0,0.37636499335606205,1.7805803233752928,1.3340309070756599e-05,0.013355360730987174
2026-04-16,2026-04-17,2026-04-20,BCS,1,24.43000030517578,24.059999465942383,-0.015145347302963796,6,0.9842312746386335,0.03333333333333333,1.0,1.0,0.3754962970598007,1.3100775736698518,-0.0005048449100987932,-0.5054145186450149
2026-04-16,2026-04-17,2026-04-20,OVV,1,52.23579662592798,53.210682843304156,0.018663182728073435,6,0.9730617608409986,0.03333333333333333,1.0,1.0,0.36426574596183225,0.295197326546171,0.0006221060909357811,0.6228080034221015
2026-04-16,2026-04-17,2026-04-20,DAL,1,74.2230803257306,70.86200324789044,-0.04528344907123172,5,0.9835958005249343,0.028437866573607522,1.0,0.8531359972082256,0.4684305773154366,1.7856807652015265,-0.0012877646826804391,-1.2892176472525367
2026-04-16,2026-04-17,2026-04-20,ESI,1,38.06999969482422,38.79999923706055,0.01917519170181592,5,0.9835958005249343,0.026640243021543476,1.0,0.7992072906463042,0.5000392168315336,1.9491596485797453,0.0005108317669210599,0.5114081303433688
2026-04-16,2026-04-17,2026-04-20,LBRT,1,26.780000686645508,26.299999237060547,-0.01792387741888013,0,0.9835958005249343,0.023642437819978133,1.0,0.7092731345993439,0.5634430069405867,1.357549832288953,-0.0004237641573687836,-0.4242422837810564
2026-04-17,2026-04-20,2026-04-21,GS,1,923.6799926757812,944.5,0.022540281795977668,33,0.9803149606299213,0.03333333333333333,1.0,1.0,0.35106431147002276,1.4064880988458657,0.000751342726532589,0.7548962668932325
2026-04-17,2026-04-20,2026-04-21,MTSI,1,276.7799987792969,283.1300048828125,0.02294243128665907,32,0.9849081364829396,0.02587133763432096,1.0,0.7761401290296288,0.5139325257134085,1.6676921657227286,0.0005935513859693655,0.596358638547549
2026-04-17,2026-04-20,2026-04-21,CMI,1,624.8674130610399,634.6167657367683,0.015602274133594607,28,0.9717847769028871,0.031903480032542966,1.0,0.957104400976289,0.4167608637185754,1.503805196792579,0.0004977668412833972,0.5001210725792183
2026-04-17,2026-04-20,2026-04-21,RL,1,384.9290966131277,388.4205706478518,0.00907043417981268,28,0.973753280839895,0.03333333333333333,1.0,1.0,0.36897105354553056,1.3944416625100167,0.000302347805993756,0.30377778607289935
2026-04-17,2026-04-20,2026-04-21,MTZ,1,371.75,374.4200134277344,0.007182282253488603,27,0.9788918205804749,0.03333333333333333,1.0,1.0,0.3970024228239956,1.592111238873046,0.0002394094084496201,0.24054171593806775
2026-04-17,2026-04-20,2026-04-21,GOOG,1,338.35637583136406,335.3831540609058,-0.008787249133854425,25,0.9789750328515112,0.03333333333333333,1.0,1.0,0.27271430159985943,1.1427655216316788,-0.00029290830446181414,-0.29429363960264426
2026-04-17,2026-04-20,2026-04-21,CAT,1,790.9000244140625,804.8800048828125,0.017676040001525006,24,0.973753280839895,0.03333333333333333,1.0,1.0,0.3917869738196742,1.4460734405026792,0.0005892013333841669,0.5919880120126912
2026-04-17,2026-04-20,2026-04-21,AMAT,1,397.10634473149423,392.51202736854077,-0.011569488687117158,17,0.9908136482939633,0.024505770237361366,1.0,0.7351731071208409,0.5425710665368002,2.012669507327132,-0.00028351923153024466,-0.2848601602391854
2026-04-17,2026-04-20,2026-04-21,TSM,1,368.3573563560101,367.2200012207031,-0.003087640617682519,15,0.9888451443569554,0.03193508222115973,1.0,0.958052466634792,0.4163484472002113,1.8173694851523636,-9.860405699508367e-05,-0.09907041340459105
2026-04-17,2026-04-20,2026-04-21,FLEX,1,82.62000274658203,84.5,0.022754746924717795,11,0.966491458607096,0.023253019278683108,1.0,0.6975905783604932,0.5718019554639071,1.9549397494807295,0.000529116568922018,0.531619071464136
2026-04-17,2026-04-20,2026-04-21,IVZ,1,24.37950075697284,24.756556116616686,0.015466082074548027,9,0.979002624671916,0.03223724246510527,1.0,0.9671172739531583,0.4124460058388406,1.6701302807041067,0.0004985838378224231,0.5009419331739853
2026-04-17,2026-04-20,2026-04-21,EVR,1,360.15367021347873,357.97924819322947,-0.006037483996651716,9,0.9855643044619422,0.02930054835974693,1.0,0.8790164507924079,0.4537840633814599,1.8911229643966405,-0.00017690159181509176,-0.17773826318246908
2026-04-17,2026-04-20,2026-04-21,AVGO,1,405.05892006273217,398.778866907118,-0.015504048533585113,9,0.9809461235216821,0.03143372277829267,1.0,0.94301168334878,0.42298909320320455,1.8842236571197615,-0.00048734996354590944,-0.4896549273181826
2026-04-17,2026-04-20,2026-04-21,NVDA,1,199.97999572753903,202.1300048828125,0.01075112111814791,8,0.9809711286089239,0.03333333333333333,1.0,1.0,0.3751009494420469,1.7896935784116665,0.0003583707039382637,0.36006564915506767
2026-04-17,2026-04-20,2026-04-21,BCS,1,24.059999465942383,23.979999542236328,-0.0033250176841981283,7,0.9842312746386335,0.03333333333333333,1.0,1.0,0.3767782263508635,1.3035124202707336,-0.00011083392280660427,-0.11135812142344499
2026-04-17,2026-04-20,2026-04-21,OVV,1,53.210682843304156,53.17088922425153,-0.0007478501858322328,7,0.9730617608409986,0.03333333333333333,1.0,1.0,0.3631376980099614,0.3056627328452909,-2.4928339527741093e-05,-0.02504624026399293
2026-04-17,2026-04-20,2026-04-21,DAL,1,70.86200324789044,70.31345283226328,-0.007741107934928326,6,0.9835958005249343,0.028193275562080792,1.0,0.8457982668624238,0.47160614114217586,1.7988013191729504,-0.00021824718916524448,-0.2192794081086218
2026-04-17,2026-04-20,2026-04-21,ESI,1,38.79999923706055,39.0,0.005154658940003776,6,0.9835958005249343,0.02658796167038887,1.0,0.7976388501116661,0.5000805273763758,1.941338895500145,0.0001370518743207477,0.13770007300518589
2026-04-17,2026-04-20,2026-04-21,LBRT,1,26.299999237060547,26.89999961853028,0.022813703379285455,1,0.9862204724409449,0.023653235725785756,1.0,0.7095970717735727,0.5621269769656108,1.3542640235168046,0.000539617903808394,0.5421700733214448
2026-04-20,2026-04-21,2026-04-22,GS,1,944.5,939.0,-0.0058231868713605195,34,0.9803149606299213,0.03333333333333333,1.0,1.0,0.34330077992292507,1.4156655211462126,-0.00019410622904535065,-0.19567625059097013
2026-04-20,2026-04-21,2026-04-22,MTSI,1,283.1300048828125,289.4599914550781,0.022357173252921747,33,0.9849081364829396,0.025501971485599097,1.0,0.765059144567973,0.5251949509830597,1.6918371888849468,0.0005701519947946092,0.5747636495596725
2026-04-20,2026-04-21,2026-04-22,CMI,1,634.6167657367683,647.4763877468467,0.02026360270382832,29,0.9717847769028871,0.031925712740178046,1.0,0.9577713822053414,0.41952099153905714,1.50986683981259,0.0006469299590035181,0.6521626296866673
2026-04-20,2026-04-21,2026-04-22,RL,1,388.4205706478518,388.14124660957685,-0.0007191278201590379,29,0.973753280839895,0.03333333333333333,1.0,1.0,0.37882268952281173,1.414463744683098,-2.3970927338634596e-05,-0.0241648153584845
2026-04-20,2026-04-21,2026-04-22,MTZ,1,374.4200134277344,378.30999755859375,0.010389359519667352,28,0.9788918205804749,0.03333333333333333,1.0,1.0,0.39431114016592794,1.6017132137943169,0.0003463119839889117,0.34911311653907723
2026-04-20,2026-04-21,2026-04-22,GOOG,1,335.3831540609058,334.6835958687374,-0.0020858477347414084,26,0.9789750328515112,0.03333333333333333,1.0,1.0,0.274917863947706,1.1418803842206742,-6.952825782471361e-05,-0.0700906347425027
2026-04-20,2026-04-21,2026-04-22,CAT,1,804.8800048828125,812.5,0.009467243652421242,25,0.973753280839895,0.03333333333333333,1.0,1.0,0.3945291681864345,1.4481981719526997,0.0003155747884140414,0.31812730421686297
2026-04-20,2026-04-21,2026-04-22,AMAT,1,392.51202736854077,399.37350089158514,0.017480925537606273,18,0.9908136482939633,0.02513685909276442,1.0,0.7541057727829326,0.5328233975025898,2.009719172931655,0.00043941556204991596,0.44296975968330404
2026-04-20,2026-04-21,2026-04-22,TSM,1,367.2200012207031,370.9113743117207,0.010052211422980184,16,0.9888451443569554,0.03274842923859991,1.0,0.9824528771579973,0.4089816512043255,1.8179184835652,0.0003291941344769123,0.33185680989110294
2026-04-20,2026-04-21,2026-04-22,FLEX,1,84.5,85.33000183105469,0.00982250687638686,12,0.966491458607096,0.02359127116928778,1.0,0.7077381350786334,0.5677314532243984,1.9599925497842057,0.0002317254232830363,0.23359972638506174
2026-04-20,2026-04-21,2026-04-22,IVZ,1,24.756556116616686,25.083996182784645,0.01322639807514192,10,0.979002624671916,0.03268907777909935,1.0,0.9806723333729805,0.4097242129269889,1.6804440338573112,0.0004323587554156442,0.43585587431171624
2026-04-20,2026-04-21,2026-04-22,EVR,1,357.97924819322947,357.4705706738686,-0.0014209692934107343,10,0.984251968503937,0.030063877201057985,1.0,0.9019163160317396,0.4455016422126441,1.888527232835074,-4.271984634357445e-05,-0.04306538434879372
2026-04-20,2026-04-21,2026-04-22,AVGO,1,398.778866907118,406.3368957065318,0.01895293213011251,10,0.9809461235216821,0.03157092887230402,1.0,0.9471278661691205,0.42423543249309403,1.8833760910996697,0.0005983616722013876,0.603201499970179
2026-04-20,2026-04-21,2026-04-22,NVDA,1,202.1300048828125,200.9900054931641,-0.005639931539651144,9,0.9809711286089239,0.03333333333333333,1.0,1.0,0.3742318332917048,1.7904207363381237,-0.00018799771798837147,-0.18951833105277796
2026-04-20,2026-04-21,2026-04-22,BCS,1,23.979999542236328,23.57999992370605,-0.01668055154987602,8,0.9842312746386335,0.03333333333333333,1.0,1.0,0.38326411194754584,1.3220168343921928,-0.0005560183849958674,-0.5605157205450532
2026-04-20,2026-04-21,2026-04-22,OVV,1,53.17088922425153,54.94159536942387,0.0333021728808085,8,0.9730617608409986,0.03333333333333333,1.0,1.0,0.37982303282818525,0.26876861161605026,0.0011100724293602834,1.1190512119571396
2026-04-20,2026-04-21,2026-04-22,DAL,1,70.31345283226328,70.30347911924642,-0.00014184644068970798,7,0.9835958005249343,0.028669949769225267,1.0,0.860098493076758,0.46716184618946854,1.8052185863933852,-4.066730329517318e-06,-0.004099623937666672
2026-04-20,2026-04-21,2026-04-22,ESI,1,39.0,38.83000183105469,-0.00435892740885413,7,0.9835958005249343,0.026779331509089826,1.0,0.8033799452726947,0.5001434281436185,1.9544366024485946,-0.00011672916210576266,-0.11767332191150151
2026-04-20,2026-04-21,2026-04-22,LBRT,1,26.89999961853028,28.5,0.05947956892785777,2,0.9822834645669292,0.023247057683304435,1.0,0.6974117304991331,0.5761377137189085,1.3097992189909253,0.001382724969843992,1.3939090931201898
2026-04-21,2026-04-22,2026-04-23,GS,1,939.0,935.0,-0.004259850905218299,35,0.9803149606299213,0.03333333333333333,1.0,1.0,0.3439271353355173,1.4301119540581924,-0.0001419950301739433,-0.14388899852856196
2026-04-21,2026-04-22,2026-04-23,MTSI,1,289.4599914550781,279.82000732421875,-0.033303338683872696,34,0.9849081364829396,0.025567538475745524,1.0,0.7670261542723658,0.5255697716693278,1.7059074425446696,-0.0008514843931706995,-0.8628417237275608
2026-04-21,2026-04-22,2026-04-23,CMI,1,647.4763877468467,642.2129200110438,-0.008129204146145375,30,0.9717847769028871,0.03197648804174594,1.0,0.9592946412523781,0.4202314319603008,1.5181848527559034,-0.00025994339916812905,-0.2634105949665549
2026-04-21,2026-04-22,2026-04-23,RL,1,388.14124660957685,378.075866364029,-0.025932261344212115,30,0.973753280839895,0.03333333333333333,1.0,1.0,0.37730045474132634,1.4463931054242232,-0.0008644087114737371,-0.8759384301053148
2026-04-21,2026-04-22,2026-04-23,MTZ,1,378.30999755859375,379.3800048828125,0.0028283876480241776,29,0.9788918205804749,0.03333333333333333,1.0,1.0,0.39241624426790317,1.6316972944479657,9.427958826747259e-05,0.09553711507278635
2026-04-21,2026-04-22,2026-04-23,GOOG,1,334.6835958687374,339.3707589505945,0.014004758941622564,27,0.9789750328515112,0.03333333333333333,1.0,1.0,0.275434969930576,1.148878362172195,0.00046682529805408546,0.4730519409201546
2026-04-21,2026-04-22,2026-04-23,CAT,1,812.5,817.1099853515625,0.005673828124999947,26,0.973753280839895,0.03333333333333333,1.0,1.0,0.3944901340377274,1.4723070161412568,0.0001891276041666649,0.1916502396197347
2026-04-21,2026-04-22,2026-04-23,AMAT,1,399.37350089158514,405.6657120343602,0.015755204410728085,19,0.9908136482939633,0.025247160085124173,1.0,0.7574148025537252,0.5322390840608575,2.0018746067405884,0.0003977741679315064,0.40307978803260547
2026-04-21,2026-04-22,2026-04-23,TSM,1,370.9113743117207,383.35224217986075,0.033541349038502366,17,0.9835958005249343,0.032788888859338665,1.0,0.9836666657801599,0.40981947929038054,1.8237102233404177,0.00109978356581574,1.1144527783088327
2026-04-21,2026-04-22,2026-04-23,FLEX,1,85.33000183105469,85.41999816894531,0.001054685760687235,13,0.966491458607096,0.0237127680179987,1.0,0.7113830405399609,0.5666789026335874,1.9919785409081794,2.5009518775062896e-05,0.02534310254251015
2026-04-21,2026-04-22,2026-04-23,IVZ,1,25.083996182784645,25.143531706896834,0.0023734465464895216,11,0.979002624671916,0.03277777072308228,1.0,0.9833331216924683,0.4099584890128466,1.6827280348812397,7.779628672432499e-05,0.07883395476793338
2026-04-21,2026-04-22,2026-04-23,EVR,1,357.4705706738686,348.84274435544273,-0.024135766763013655,11,0.9803149606299213,0.03015164347629688,1.0,0.9045493042889063,0.445664773444538,1.9151911081969002,-0.0007277330344654437,-0.7374397357225211
2026-04-21,2026-04-22,2026-04-23,AVGO,1,406.3368957065318,421.7225690077539,0.03786432751687441,11,0.9809461235216821,0.03171862694481115,1.0,0.9515588083443346,0.4236477632598965,1.9084796482910427,0.001201004479023887,1.2170238036033463
2026-04-21,2026-04-22,2026-04-23,NVDA,1,200.9900054931641,202.4600067138672,0.00731380257986558,10,0.9809711286089239,0.03333333333333333,1.0,1.0,0.37404327197674203,1.7490277222225021,0.00024379341932885266,0.24704520230116866
2026-04-21,2026-04-22,2026-04-23,BCS,1,23.57999992370605,23.06999969482422,-0.02162850850432385,9,0.9842312746386335,0.03333333333333333,1.0,1.0,0.3830548848198017,1.3490397867715598,-0.0007209502834774617,-0.7305665145560212
2026-04-21,2026-04-22,2026-04-23,OVV,1,54.94159536942387,55.93637129165015,0.018106061819600727,9,0.9730617608409986,0.03333333333333333,1.0,1.0,0.37941063524237856,0.31069104568947375,0.0006035353939866909,0.6115855133162396
2026-04-21,2026-04-22,2026-04-23,DAL,1,70.30347911924642,68.29880409030176,-0.02851459208077589,8,0.9835958005249343,0.02879593896704295,1.0,0.8638781690112884,0.46664654256364496,1.8524795747833864,-0.0008211044532281488,-0.8320565678785385
2026-04-21,2026-04-22,2026-04-23,ESI,1,38.83000183105469,38.209999084472656,-0.015967105777630386,8,0.9835958005249343,0.02684990665641916,1.0,0.8054971996925747,0.5004682336812425,2.002171026873752,-0.0004287152997025469,-0.4344336210394473
2026-04-21,2026-04-22,2026-04-23,LBRT,1,28.5,27.64999961853028,-0.029824574788411162,3,0.9822834645669292,0.02336652284578942,1.0,0.7009956853736825,0.5750759515023749,1.3492557926420898,-0.0006968966081593646,-0.7061920047706266
2026-04-22,2026-04-23,2026-04-24,GS,1,935.0,930.489990234375,-0.004823539856283476,36,0.9803149606299213,0.03333333333333333,1.0,1.0,0.34324752340105885,1.4334119401387682,-0.00016078466187611587,-0.1627476990787567
2026-04-22,2026-04-23,2026-04-24,MTSI,1,279.82000732421875,290.8999938964844,0.039596834687476656,35,0.9849081364829396,0.02527436382771387,1.0,0.7582309148314161,0.5261248282313747,1.6945229660831995,0.001000784806317126,1.0130034954863198
2026-04-22,2026-04-23,2026-04-24,CMI,1,642.2129200110438,654.6239491143925,0.01932541173904645,31,0.9717847769028871,0.03186793437172239,1.0,0.9560380311516717,0.41726803414383123,1.5126826377300697,0.0006158609530064458,0.6233800655156787
2026-04-22,2026-04-23,2026-04-24,RL,1,378.075866364029,371.3223845685582,-0.017862768815209762,31,0.973753280839895,0.03333333333333333,1.0,1.0,0.3772305069351143,1.445542003579977,-0.0005954256271736587,-0.60269524259536
2026-04-22,2026-04-23,2026-04-24,MTZ,1,379.3800048828125,384.5700073242188,0.013680221346956456,30,0.9788918205804749,0.03333333333333333,1.0,1.0,0.3915127849733433,1.62848780516274,0.0004560073782318819,0.46157482128088123
2026-04-22,2026-04-23,2026-04-24,GOOG,1,339.3707589505945,337.516865979281,-0.005462736321320438,28,0.9789750328515112,0.03333333333333333,1.0,1.0,0.2724185414302445,1.1531353569436087,-0.00018209121071068127,-0.18431438185603838
2026-04-22,2026-04-23,2026-04-24,CAT,1,817.1099853515625,839.260009765625,0.02710776371742951,27,0.973753280839895,0.03333333333333333,1.0,1.0,0.39005622177012284,1.4677485885543247,0.000903592123914317,0.9146241771870586
2026-04-22,2026-04-23,2026-04-24,AMAT,1,405.6657120343602,411.9878148853977,0.015584513710397152,20,0.9908136482939633,0.025150951522776462,1.0,0.7545285456832939,0.5287064513432491,1.9938156425365063,0.0003919653488362439,0.3967508958712247
2026-04-22,2026-04-23,2026-04-24,TSM,1,383.35224217986075,395.2144730265238,0.03094342367534031,18,0.9868766404199475,0.03331885486701455,1.0,0.9995656460104366,0.39909745939911156,1.8167138806431538,0.0010309994425272057,1.043587025434475
2026-04-22,2026-04-23,2026-04-24,FLEX,1,85.41999816894531,88.29000091552734,0.03359872170572609,14,0.966491458607096,0.023480881014702786,1.0,0.7044264304410836,0.5663105366100569,1.982082138480734,0.000788927586618266,0.7985596882419556
2026-04-22,2026-04-23,2026-04-24,IVZ,1,25.143531706896834,25.20306615356103,0.0023677837846409755,12,0.979002624671916,0.03333333333333333,1.0,1.0,0.39735798788712184,1.6776855513683202,7.892612615469918e-05,0.07988974370437177
2026-04-22,2026-04-23,2026-04-24,EVR,1,348.84274435544273,347.93509500926734,-0.002601886841168133,12,0.9901574803149606,0.030104964555981387,1.0,0.9031489366794416,0.4417035702794485,1.9157927097134244,-7.832971113204102e-05,-0.07928604698665619
2026-04-22,2026-04-23,2026-04-24,AVGO,1,421.7225690077539,424.30847323706877,0.006131766282746254,12,0.9809461235216821,0.032614942216404215,1.0,0.9784482664921265,0.4077109883955291,1.9007648639232315,0.00019998720299626473,0.20242886823319034
2026-04-22,2026-04-23,2026-04-24,NVDA,1,202.4600067138672,199.9600067138672,-0.012348117737312925,11,0.9809711286089239,0.03333333333333333,1.0,1.0,0.36343689627126335,1.7493748750238034,-0.00041160392457709747,-0.4166292410921788
2026-04-22,2026-04-23,2026-04-24,BCS,1,23.06999969482422,22.86000061035156,-0.009102691254901596,10,0.9842312746386335,0.03333333333333333,1.0,1.0,0.3846034252571762,1.357441462894583,-0.0003034230418300532,-0.3071275663307159
2026-04-22,2026-04-23,2026-04-24,OVV,1,55.93637129165015,55.86673881045107,-0.0012448515981849928,10,0.9730617608409986,0.03333333333333333,1.0,1.0,0.3816182437307296,0.29797994964542024,-4.1495053272833093e-05,-0.04200167083417048
2026-04-22,2026-04-23,2026-04-24,DAL,1,68.29880409030176,68.58802808304961,0.004234686047583702,9,0.9835958005249343,0.028939851420989888,1.0,0.8681955426296967,0.4594864753821321,1.8533667601187276,0.00012255118503161125,0.12404742560977121
2026-04-22,2026-04-23,2026-04-24,ESI,1,38.209999084472656,38.290000915527344,0.002093740721579751,9,0.9835958005249343,0.02681069429974549,1.0,0.8043208289923647,0.49597635103539495,2.005038282856041,5.6134642429203234e-05,0.056819996306617056
2026-04-22,2026-04-23,2026-04-24,LBRT,1,27.64999961853028,32.59000015258789,0.1786618662644377,4,0.9757217847769029,0.02262071991982089,1.0,0.6786215975946267,0.5878447005509151,1.3154890616561743,0.004041460037120342,4.090802656704081
2026-04-23,2026-04-24,2026-04-27,GS,1,930.489990234375,926.0399780273438,-0.004782439632596502,37,0.9803149606299213,0.03333333333333333,1.0,1.0,0.3431035149902741,1.4563461320268227,-0.0001594146544198834,-0.1626379827675731
2026-04-23,2026-04-24,2026-04-27,MTSI,1,290.8999938964844,286.8599853515625,-0.013887963663414493,36,0.9849081364829396,0.024970041519867262,1.0,0.7491012455960179,0.5297211747855073,1.6959131656052435,-0.00034678302930186777,-0.35379490391850277
2026-04-23,2026-04-24,2026-04-27,CMI,1,654.6239491143925,661.2032930811805,0.010050570217739363,32,0.9717847769028871,0.03196438757284361,1.0,0.9589316271853082,0.4138092650204425,1.5151509958629092,0.00032126032176790016,0.32775613299623874
2026-04-23,2026-04-24,2026-04-27,RL,1,371.3223845685582,369.9457228422046,-0.0037074568718855616,32,0.973753280839895,0.03333333333333333,1.0,1.0,0.3789168729066271,1.4543673088105016,-0.0001235818957295187,-0.12608069378052467
2026-04-23,2026-04-24,2026-04-27,MTZ,1,384.5700073242188,380.6900024414063,-0.010089203029141514,31,0.9788918205804749,0.03333333333333333,1.0,1.0,0.39146690598028067,1.611604398957573,-0.00033630676763805043,-0.34310681460733594
2026-04-23,2026-04-24,2026-04-27,GOOG,1,337.516865979281,343.6731704622599,0.018239990659775884,29,0.9789750328515112,0.03333333333333333,1.0,1.0,0.27321423930074973,1.161927599473094,0.0006079996886591961,0.6202933051963547
2026-04-23,2026-04-24,2026-04-27,CAT,1,839.260009765625,829.760009765625,-0.011319495614539044,28,0.973753280839895,0.03333333333333333,1.0,1.0,0.3877401518367483,1.4715506279259112,-0.00037731652048463477,-0.38494577540448904
2026-04-23,2026-04-24,2026-04-27,AMAT,1,411.9878148853977,415.4834826975592,0.008484881556834134,21,0.9908136482939633,0.02500999094716111,1.0,0.7502997284148333,0.5288750306344433,2.0420776972733177,0.00021220681092415594,0.21649758476620837
2026-04-23,2026-04-24,2026-04-27,TSM,1,395.2144730265238,412.7833122399991,0.04445393681798726,19,0.9940944881889764,0.032147941555856326,1.0,0.9644382466756898,0.4114465526623248,1.858436295866832,0.0014291025627523842,1.4579986941591165
2026-04-23,2026-04-24,2026-04-27,FLEX,1,88.29000091552734,92.0500030517578,0.04258695319108541,15,0.966491458607096,0.02348334974106069,1.0,0.7045004922318207,0.5632569405215331,1.99239391638809,0.0010000843161924392,1.020305795442222
2026-04-23,2026-04-24,2026-04-27,IVZ,1,25.20306615356103,25.32213668472163,0.004724446241386238,13,0.979002624671916,0.03333333333333333,1.0,1.0,0.3893518898586656,1.69953064795444,0.00015748154137954125,0.16066578261767445
2026-04-23,2026-04-24,2026-04-27,EVR,1,347.93509500926734,342.8282161567074,-0.014677676744347723,13,0.9881889763779528,0.030022560612099694,1.0,0.9006768183629908,0.4405740036383229,1.9226870532521043,-0.0004406614397019856,-0.44957151459750916
2026-04-23,2026-04-24,2026-04-27,AVGO,1,424.30847323706877,419.8155805610845,-0.010588741350621045,13,0.9809461235216821,0.031683266912524696,1.0,0.9504980073757409,0.4174809297559577,1.940823698128593,-0.00033548591847941384,-0.34226936806389907
2026-04-23,2026-04-24,2026-04-27,NVDA,1,199.9600067138672,209.6499938964844,0.04845962621157085,12,0.9658792650918635,0.03333333333333333,1.0,1.0,0.3598791796020993,1.7400808781187513,0.0016153208737190283,1.6479822973617975
2026-04-23,2026-04-24,2026-04-27,BCS,1,22.86000061035156,23.07999992370605,0.00962376673143539,11,0.9842312746386335,0.03333333333333333,1.0,1.0,0.3841922934721973,1.3737007470500058,0.0003207922243811797,0.3272785707859637
2026-04-23,2026-04-24,2026-04-27,OVV,1,55.86673881045107,56.185065046008546,0.0056979562855372645,11,0.9730617608409986,0.03333333333333333,1.0,1.0,0.3786206866963703,0.2591848188688398,0.00018993187618457548,0.19377225587152144
2026-04-23,2026-04-24,2026-04-27,DAL,1,68.58802808304961,68.5680866160054,-0.00029074267917517105,10,0.9835958005249343,0.02872044782792207,1.0,0.8616134348376622,0.46054851956338616,1.8450256518930643,-8.350259948600785e-06,-0.008519100320904385
2026-04-23,2026-04-24,2026-04-27,ESI,1,38.290000915527344,40.68000030517578,0.06241836856888772,10,0.9717847769028871,0.02679934106725793,1.0,0.8039802320177378,0.49356287138370175,1.9912810740566713,0.001672771148139434,1.7065942033699373
2026-04-23,2026-04-24,2026-04-27,LBRT,1,32.59000015258789,33.380001068115234,0.02424059256914779,5,0.9632545931758529,0.02267011392660261,1.0,0.6801034177980783,0.5834624286040908,1.3031563356696243,0.000549536995190937,0.5606485092556204
2026-04-23,2026-04-24,2026-04-27,AES,1,14.313512802124023,14.323391229065729,0.0006901469316631381,0,0.9940944881889764,0.029298715216884152,1.0,0.8789614565065246,0.4514586947049638,0.9499297355605204,2.0220418408604692e-05,0.020629270707007145
2026-04-23,2026-04-24,2026-04-27,ZIM,1,26.100000381469727,25.989999771118164,-0.004214582710491466,0,0.9770341207349081,0.021841732354209754,1.0,0.6552519706262926,0.6055911460611589,1.2780264591968877,-9.205378754723449e-05,-0.09391509436368108
2026-04-24,2026-04-27,2026-04-28,GS,1,926.0399780273438,941.239990234375,0.01641399136936883,38,0.9803149606299213,0.03333333333333333,1.0,1.0,0.3431687075225589,1.4582075895965425,0.0005471330456456277,0.5614391199069435
2026-04-24,2026-04-27,2026-04-28,MTSI,1,286.8599853515625,269.2300109863281,-0.06145846498467844,37,0.9849081364829396,0.025435329285507333,1.0,0.76305987856522,0.5310695176632496,1.7504796823734865,-0.0015632162942671186,-1.6040902436113682
2026-04-24,2026-04-27,2026-04-28,CMI,1,661.2032930811805,652.0221511681161,-0.013885505424936162,33,0.9717847769028871,0.032390591295347854,1.0,0.9717177388604357,0.4170324626707386,1.5406377313551438,-0.00044975973114844267,-0.46151975216118646
2026-04-24,2026-04-27,2026-04-28,RL,1,369.9457228422046,370.2050849539272,0.0007010815255006353,33,0.973753280839895,0.03333333333333333,1.0,1.0,0.3782325640312239,1.4738201954469814,2.3369384183354508e-05,0.023980431438184055
2026-04-24,2026-04-27,2026-04-28,MTZ,1,380.6900024414063,377.0299987792969,-0.009614131284345295,32,0.9788918205804749,0.03333333333333333,1.0,1.0,0.391856333935737,1.630925760585875,-0.00032047104281150983,-0.32885050841599145
2026-04-24,2026-04-27,2026-04-28,GOOG,1,343.6731704622599,346.7113473864688,0.008840308715755585,30,0.9789750328515112,0.03333333333333333,1.0,1.0,0.2728555558426104,1.1689047930267973,0.0002946769571918528,0.3023819760464728
2026-04-24,2026-04-27,2026-04-28,CAT,1,829.760009765625,814.3499755859375,-0.0185716761452992,29,0.973753280839895,0.03333333333333333,1.0,1.0,0.39197217862437045,1.4880133387395236,-0.0006190558715099733,-0.6352425364175457
2026-04-24,2026-04-27,2026-04-28,AMAT,1,415.4834826975592,385.52072274237497,-0.07211540579338716,22,0.9908136482939633,0.025646407570212464,1.0,0.7693922271063739,0.5266986426180547,2.0938730354459616,-0.001849501089068468,-1.8978606245364378
2026-04-24,2026-04-27,2026-04-28,TSM,1,412.7833122399991,391.2038526301569,-0.05227793607435249,20,0.9829396325459318,0.032738951169458984,1.0,0.9821685350837696,0.4125950151958862,1.900830394667731,-0.0017115247963783245,-1.7562766186854177
2026-04-24,2026-04-27,2026-04-28,FLEX,1,92.0500030517578,86.79000091552734,-0.0571428784556679,16,0.966491458607096,0.024128689986685863,1.0,0.7238606996005759,0.5598284889363633,2.0303504059490374,-0.0013787827992036814,-1.4148343030794106
2026-04-24,2026-04-27,2026-04-28,IVZ,1,25.32213668472163,24.945081290884087,-0.014890346676986521,14,0.979002624671916,0.03333333333333333,1.0,1.0,0.3894181014181926,1.641937545026879,-0.0004963448892328841,-0.509322988254871
2026-04-24,2026-04-27,2026-04-28,EVR,1,342.8282161567074,347.79545130280826,0.01448899160572692,14,0.9783464566929134,0.030622055056821283,1.0,0.9186616517046384,0.4411176202967253,1.9245819088109144,0.00044368269866839114,0.4552838214412279
2026-04-24,2026-04-27,2026-04-28,AVGO,1,419.8155805610845,399.6774336324243,-0.047969031787113536,14,0.9809461235216821,0.03239061835954475,1.0,0.9717185507863425,0.41703211421648695,1.9899695650144154,-0.0015537466016932655,-1.5943729437575829
2026-04-24,2026-04-27,2026-04-28,NVDA,1,209.6499938964844,209.4900054931641,-0.0007631214308515544,13,0.9658792650918635,0.03333333333333333,1.0,1.0,0.3610346024641954,1.7823710003352786,-2.5437381028385144e-05,-0.026102500901698675
2026-04-24,2026-04-27,2026-04-28,BCS,1,23.07999992370605,22.920000076293945,-0.006932402423787121,12,0.9842312746386335,0.03333333333333333,1.0,1.0,0.38593889256515895,1.357382817812073,-0.00023108008079290401,-0.2371222104402427
2026-04-24,2026-04-27,2026-04-28,OVV,1,56.185065046008546,57.915983312266114,0.030807444377614734,12,0.9730617608409986,0.03333333333333333,1.0,1.0,0.37874324958988875,0.22459932717655465,0.0010269148125871578,1.0537659042655654
2026-04-24,2026-04-27,2026-04-28,DAL,1,68.5680866160054,67.59067728086882,-0.014254580860776578,11,0.9835958005249343,0.029329897944115134,1.0,0.8798969383234541,0.46055148507499627,1.883199064798525,-0.0004180854018827139,-0.4290172234104162
2026-04-24,2026-04-27,2026-04-28,ESI,1,40.68000030517578,39.7599983215332,-0.022615584482321816,11,0.973753280839895,0.02738518848387515,1.0,0.8215556545162545,0.4932567129568598,1.9967134281058774,-0.0006193320437213849,-0.6355259297979158
2026-04-24,2026-04-27,2026-04-28,LBRT,1,33.380001068115234,32.880001068115234,-0.014979028879588685,6,0.9632545931758529,0.022069362304007963,1.0,0.6620808691202389,0.6120669854066043,1.2644812483372176,-0.00033057761530584114,-0.33922134090664713
2026-04-24,2026-04-27,2026-04-28,AES,1,14.323391229065729,14.303634643554688,-0.0013793231780858672,1,0.9914698162729658,0.030113975446554538,1.0,0.9034192633966361,0.44856010722442835,0.959046058966728,-4.153690431774138e-05,-0.04262298391480461
2026-04-24,2026-04-27,2026-04-28,ZIM,1,25.989999771118164,26.14999961853028,0.006156208111625983,1,0.9881889763779528,0.02233264632923088,1.0,0.6699793898769264,0.6048512055456667,1.3272886781704942,0.00013748441848608536,0.14107927044446933
2026-04-27,2026-04-28,2026-04-29,GS,1,941.239990234375,927.5,-0.014597754427065568,39,0.9803149606299213,0.03333333333333333,1.0,1.0,0.3348135676317215,1.4561654154480246,-0.00048659181423551894,-0.4947535592214261
2026-04-27,2026-04-28,2026-04-29,MTSI,1,269.2300109863281,271.29998779296875,0.007688506935230821,38,0.9849081364829396,0.02558035246487843,1.0,0.7674105739463529,0.5284440500278276,1.7279751840083784,0.00019667471733186666,0.19997359914836413
2026-04-27,2026-04-28,2026-04-29,CMI,1,652.0221511681161,643.329388015962,-0.013332005878298525,34,0.9717847769028871,0.03259144434501192,1.0,0.9777433303503575,0.4147648356599624,1.5457521154892884,-0.0004345093275899381,-0.4417974779904103
2026-04-27,2026-04-28,2026-04-29,RL,1,370.2050849539272,362.99273816757403,-0.019482030581105536,34,0.973753280839895,0.03333333333333333,1.0,1.0,0.3777690348242692,1.4774867763777517,-0.0006494010193701846,-0.6602936101590674
2026-04-27,2026-04-28,2026-04-29,MTZ,1,377.0299987792969,376.1700134277344,-0.002280946753167812,33,0.9788918205804749,0.03333333333333333,1.0,1.0,0.3932902402358979,1.6098642838803312,-7.603155843892706e-05,-0.07730685771997757
2026-04-27,2026-04-28,2026-04-29,GOOG,1,346.7113473864688,345.272218826475,-0.004150797402052264,31,0.9789750328515112,0.03333333333333333,1.0,1.0,0.2736245814304704,1.165592583210295,-0.00013835991340174214,-0.14068066417563543
2026-04-27,2026-04-28,2026-04-29,CAT,1,814.3499755859375,822.9299926757812,0.010536031616714014,30,0.973753280839895,0.03333333333333333,1.0,1.0,0.38486627496782977,1.4888588591633405,0.00035120105389046716,0.35709185056393616
2026-04-27,2026-04-28,2026-04-29,AMAT,1,385.52072274237497,383.3933692065124,-0.0055181301817702755,23,0.9908136482939633,0.025527159997533178,1.0,0.7658147999259953,0.5295452004447802,2.0964337999926665,-0.00014086219203726666,-0.14322491425315578
2026-04-27,2026-04-28,2026-04-29,TSM,1,391.2038526301569,391.99201759138424,0.002014716767047009,21,0.9908136482939633,0.03201603540438224,1.0,0.9604810621314672,0.42221920631151644,1.9052591684035545,6.450324334357957e-05,0.06558517486715304
2026-04-27,2026-04-28,2026-04-29,FLEX,1,86.79000091552734,88.5,0.019702719972741978,17,0.966491458607096,0.02388333639524472,1.0,0.7165000918573416,0.5659923234331335,2.0261167644119578,0.0004705666890103035,0.4784596399441346
2026-04-27,2026-04-28,2026-04-29,IVZ,1,24.945081290884087,25.56027450444228,0.02466190454079653,15,0.979002624671916,0.03333333333333333,1.0,1.0,0.38585357638615003,1.660978504852104,0.0008220634846932177,0.8358521928629872
2026-04-27,2026-04-28,2026-04-29,EVR,1,347.79545130280826,331.367698721295,-0.04723394892019561,15,0.9829396325459318,0.030835987857775485,1.0,0.9250796357332646,0.43837690947433317,1.9264342041669207,-0.0014565054753779394,-1.4809358622295736
2026-04-27,2026-04-28,2026-04-29,AVGO,1,399.6774336324243,402.86239534491966,0.00796883047298702,15,0.9809461235216821,0.03258563495306946,1.0,0.9775690485920837,0.41483878025235016,1.9759377910967935,0.00025966940079565087,0.2640249106253161
2026-04-27,2026-04-28,2026-04-29,NVDA,1,209.4900054931641,212.6999969482422,0.015322885917738116,14,0.9658792650918635,0.03333333333333333,1.0,1.0,0.36959811647397134,1.7849614930631779,0.0005107628639246038,0.5193300369054598
2026-04-27,2026-04-28,2026-04-29,BCS,1,22.920000076293945,23.100000381469727,0.007853416430044113,13,0.9842312746386335,0.03333333333333333,1.0,1.0,0.3863214495035112,1.3510573745003078,0.0002617805476681371,0.2661714683738116
2026-04-27,2026-04-28,2026-04-29,OVV,1,57.915983312266114,58.98039251698884,0.018378505273470847,13,0.9730617608409986,0.03333333333333333,1.0,1.0,0.3809401480758339,0.21998655520461255,0.0006126168424490283,0.6228924416183158
2026-04-27,2026-04-28,2026-04-29,DAL,1,67.59067728086882,66.52350514021623,-0.01578874755490345,12,0.9835958005249343,0.02941258444736223,1.0,0.8823775334208669,0.45959188257909034,1.8803373537020565,-0.0004643878707766816,-0.4721771826083705
2026-04-27,2026-04-28,2026-04-29,ESI,1,39.7599983215332,40.68000030517578,0.023138883865201798,12,0.973753280839895,0.026758009540849184,1.0,0.8027402862254756,0.5051864951704731,2.027440685964512,0.000619150475229671,0.6295356649079378
2026-04-27,2026-04-28,2026-04-29,LBRT,1,32.880001068115234,33.709999084472656,0.02524324785263765,7,0.9770341207349081,0.022263967332885996,1.0,0.6679190199865799,0.6071597597842603,1.2820275216907706,0.0005620148455670693,0.5714416828331648
2026-04-27,2026-04-28,2026-04-29,AES,1,14.303634643554688,14.293757021912008,-0.0006905672501311688,2,0.9888451443569554,0.030329527592952595,1.0,0.9098858277885779,0.44569718457536045,0.9568793558627823,-2.094457846764268e-05,-0.0212958879292677
2026-04-27,2026-04-28,2026-04-29,ZIM,1,26.14999961853028,26.049999237060547,-0.0038241064217404697,2,0.9940944881889764,0.02233816652134236,1.0,0.6701449956402709,0.6051429979611128,1.2882451829766923,-8.54235260441733e-05,-0.08685635950945654
2026-04-27,2026-04-28,2026-04-29,ILMN,1,127.97000122070312,125.9000015258789,-0.016175663632714943,0,0.9711286089238845,0.031969667343723765,1.0,0.959090020311713,0.42283158321112374,1.1595889890113826,-0.000517130585401867,-0.5258045660135098
2026-04-28,2026-04-29,2026-04-30,MTSI,1,271.29998779296875,274.82000732421875,0.012974639475237026,39,0.9849081364829396,0.025366287052930418,1.0,0.7609886115879125,0.5325036512802671,1.7156981056323914,0.0003291184293371449,0.3347149657932053
2026-04-28,2026-04-29,2026-04-30,CMI,1,643.329388015962,648.4333891901549,0.007933729236175191,35,0.9717847769028871,0.03257751343062642,1.0,0.9773254029187927,0.4146308005941962,1.542992937801861,0.00025846117074645076,0.26285620680526955
2026-04-28,2026-04-29,2026-04-30,RL,1,362.99273816757403,362.05503646905265,-0.0025832519494880524,35,0.973753280839895,0.03333333333333333,1.0,1.0,0.37570534133893585,1.4719768881488622,-8.61083983162684e-05,-0.08757263959658973
2026-04-28,2026-04-29,2026-04-30,MTZ,1,376.1700134277344,385.0,0.02347339303259477,34,0.9788918205804749,0.03333333333333333,1.0,1.0,0.3948110539401884,1.6099238515577463,0.0007824464344198256,0.7957516449604947
2026-04-28,2026-04-29,2026-04-30,CAT,1,822.9299926757812,856.6300048828125,0.04095125041858627,31,0.973753280839895,0.03333333333333333,1.0,1.0,0.3845780381940196,1.4838903881219623,0.0013650416806195423,1.3882537065915166
2026-04-28,2026-04-29,2026-04-30,AMAT,1,383.3933692065124,385.06131390288124,0.004350478725860363,24,0.9908136482939633,0.025333880874162405,1.0,0.7600164262248722,0.5331848105785097,2.0955611123331175,0.00011021450978652427,0.11208866652472153
2026-04-28,2026-04-29,2026-04-30,TSM,1,391.99201759138424,396.8805548572255,0.012471012282033511,22,0.9881889763779528,0.03202424988647505,1.0,0.9607274965942516,0.42179412548281286,1.9071418902080273,0.00039937481365714066,0.406166033792598
2026-04-28,2026-04-29,2026-04-30,FLEX,1,88.5,92.61000061035156,0.04644068486272945,18,0.966491458607096,0.023806961108049467,1.0,0.714208833241484,0.5673819692401518,2.015957918495361,0.0011056115783581817,1.124412091951377
2026-04-28,2026-04-29,2026-04-30,IVZ,1,25.56027450444228,25.411437948232116,-0.005822963919432711,16,0.979002624671916,0.03333333333333333,1.0,1.0,0.38537054052623543,1.6535417275153028,-0.0001940987973144237,-0.19739937515637396
2026-04-28,2026-04-29,2026-04-30,EVR,1,331.367698721295,326.25086756717457,-0.015441550802524406,16,0.9829396325459318,0.030787177263559572,1.0,0.9236153179067872,0.4387424140730425,1.9038276250231128,-0.00047540176178157946,-0.4834857918872302
2026-04-28,2026-04-29,2026-04-30,AVGO,1,402.86239534491966,414.86340019492565,0.02978933995497668,16,0.9809461235216821,0.032512571436633414,1.0,0.9753771430990024,0.41545900180288825,1.9488969913319603,0.0009685280433363373,0.9849975024127114
2026-04-28,2026-04-29,2026-04-30,NVDA,1,212.6999969482422,209.92999267578125,-0.01302305741515819,15,0.9658792650918635,0.03333333333333333,1.0,1.0,0.3769483062827663,1.7891708979677003,-0.00043410191383860635,-0.4414836553938768
2026-04-28,2026-04-29,2026-04-30,BCS,1,23.100000381469727,23.15999984741211,0.0025973794351326074,14,0.9842312746386335,0.03333333333333333,1.0,1.0,0.3862557294316638,1.3888351435501183,8.657931450442024e-05,0.08805156353933632
2026-04-28,2026-04-29,2026-04-30,OVV,1,58.98039251698884,59.84585095304255,0.014673663553602445,14,0.9730617608409986,0.03333333333333333,1.0,1.0,0.3823311084731341,0.1956333408450445,0.0004891221184534149,0.4974394581201823
2026-04-28,2026-04-29,2026-04-30,DAL,1,66.52350514021623,67.12192765080944,0.008995655134705682,13,0.9835958005249343,0.02940066766194564,1.0,0.8820200298583691,0.45943312003734693,1.9119113679508928,0.00026447826701695657,0.26897562155944504
2026-04-28,2026-04-29,2026-04-30,ESI,1,40.68000030517578,42.869998931884766,0.05383477409734305,13,0.973753280839895,0.026840927004157522,1.0,0.8052278101247257,0.5032479121535761,1.9954755859524118,0.001444975241832095,1.4695465082765333
2026-04-28,2026-04-29,2026-04-30,LBRT,1,33.709999084472656,33.599998474121094,-0.0032631448632174376,8,0.9770341207349081,0.022247356083266688,1.0,0.6674206824980007,0.6071571122677613,1.3080919036315983,-7.25963457232809e-05,-0.07383081957585544
2026-04-28,2026-04-29,2026-04-30,AES,1,14.293757021912008,14.313512933918682,0.0013821357097640874,3,0.9783464566929134,0.03051028894005264,1.0,0.9153086682015792,0.4427241086326306,0.9838722197726657,4.216935985926704e-05,0.04288643413631812
2026-04-28,2026-04-29,2026-04-30,ZIM,1,26.049999237060547,26.11000061035156,0.0023033157408176574,3,0.9927821522309711,0.022477893803163777,1.0,0.6743368140949133,0.6009299889657636,1.294760702788688,5.1773686617254807e-05,0.05265407889793531
2026-04-28,2026-04-29,2026-04-30,ILMN,1,125.9000015258789,121.72000122070312,-0.033200955158976475,1,0.9711286089238845,0.03207830644101189,1.0,0.9623491932303566,0.42108334178887297,1.1695094532291324,-0.0010650304137239418,-1.0831408597090655
2026-04-29,2026-04-30,2026-05-01,CMI,1,648.4333891901549,664.4331798228333,0.02467453234118766,36,0.9717847769028871,0.03231490107263214,1.0,0.9694470321789643,0.41869518350248286,1.5575174519647084,0.0007973550716189416,0.8152147958578361
2026-04-29,2026-04-30,2026-05-01,RL,1,362.05503646905265,360.099800929913,-0.005400382102699441,36,0.973753280839895,0.03333333333333333,1.0,1.0,0.3759428860656605,1.4779176783918322,-0.00018001273675664805,-0.1840447896680753
2026-04-29,2026-04-30,2026-05-01,MTZ,1,385.0,406.8800048828125,0.056831181513798734,35,0.9788918205804749,0.03333333333333333,1.0,1.0,0.40093275933425915,1.6172854067396025,0.0018943727171266244,1.936804220402665
2026-04-29,2026-04-30,2026-05-01,CAT,1,856.6300048828125,896.8400268554688,0.04693977766767232,32,0.973753280839895,0.03333333333333333,1.0,1.0,0.3861983361947419,1.49292756760796,0.0015646592555890774,1.5997056029784742
2026-04-29,2026-04-30,2026-05-01,AMAT,1,385.06131390288124,388.9664595104997,0.010141620221561398,25,0.9908136482939633,0.024946715198361776,1.0,0.7484014559508533,0.542359718579655,2.11819296253477,0.00025300011131723887,0.25866698719395603
2026-04-29,2026-04-30,2026-05-01,TSM,1,396.8805548572255,392.52077768207727,-0.01098511157019677,23,0.9809711286089239,0.03172222107597048,1.0,0.9516666322791144,0.42651784697129275,1.9201864606556573,-0.0003484721377739832,-0.35627746379134334
2026-04-29,2026-04-30,2026-05-01,FLEX,1,92.61000061035156,91.41000366210938,-0.012957530939785578,19,0.966491458607096,0.023665739753943697,1.0,0.7099721926183109,0.5717164802429477,2.025514203904202,-0.00030664955507463896,-0.3135181092314376
2026-04-29,2026-04-30,2026-05-01,IVZ,1,25.411437948232116,26.08616639498043,0.02655215529805366,17,0.979002624671916,0.03333333333333333,1.0,1.0,0.3731658173470699,1.654025870296625,0.0008850718432684553,0.9048963099521499
2026-04-29,2026-04-30,2026-05-01,EVR,1,326.25086756717457,319.44834762314935,-0.020850580397689167,17,0.9875328083989501,0.030703363559679116,1.0,0.9211009067903735,0.44067137491862796,1.9154156185554696,-0.0006401829503805693,-0.6545222220089849
2026-04-29,2026-04-30,2026-05-01,AVGO,1,414.86340019492565,414.43406738629307,-0.0010348775245799802,17,0.9809461235216821,0.03187824811785407,1.0,0.9563474435356221,0.42443026933128386,1.9600470967031889,-3.2990082500151236e-05,-0.03372901775878675
2026-04-29,2026-04-30,2026-05-01,NVDA,1,209.92999267578125,201.27999877929688,-0.041204183290967644,16,0.9658792650918635,0.03333333333333333,1.0,1.0,0.37836214958648584,1.780768711032897,-0.001373472776365588,-1.4042367934373212
2026-04-29,2026-04-30,2026-05-01,BCS,1,23.15999984741211,23.420000076293945,0.01122626211549349,15,0.9842312746386335,0.03333333333333333,1.0,1.0,0.38063983723195244,1.3870369819092814,0.00037420873718311637,0.3825905298019377
2026-04-29,2026-04-30,2026-05-01,OVV,1,59.84585095304255,60.57203767058097,0.012134286771328773,15,0.9730617608409986,0.03333333333333333,1.0,1.0,0.3803544736351351,0.18555596938844351,0.00040447622571095906,0.41353597099823663
2026-04-29,2026-04-30,2026-05-01,DAL,1,67.12192765080944,68.1192767426127,0.014858767122896133,14,0.9835958005249343,0.029508301110012368,1.0,0.8852490333003711,0.4585182109951915,1.9236046428028089,0.0004384569743859712,0.448277844575276
2026-04-29,2026-04-30,2026-05-01,ESI,1,42.869998931884766,42.720001220703125,-0.0034988970123365215,14,0.973753280839895,0.02649708441571858,1.0,0.7949125324715575,0.5106257436551768,2.0196229147462086,-9.271056949778634e-05,-0.0947871665675202
2026-04-29,2026-04-30,2026-05-01,LBRT,1,33.599998474121094,33.459999084472656,-0.004166648690661856,9,0.9770341207349081,0.02252293114543291,1.0,0.6756879343629872,0.6007252496180482,1.3096094450619316,-9.384514156698517e-05,-0.09594715158636503
2026-04-29,2026-04-30,2026-05-01,AES,1,14.313512933918682,14.31999969482422,0.00045319139581501133,4,0.9881889763779528,0.030693874466489142,1.0,0.9208162339946743,0.44080760965000154,0.9885680052404673,1.3910199812438951e-05,0.014221770330519017
2026-04-29,2026-04-30,2026-05-01,ZIM,1,26.11000061035156,26.920000076293945,0.031022575526913343,4,0.9973753280839895,0.02253621025483314,1.0,0.6760863076449942,0.6003712816607494,1.2913305097567682,0.0006991312847209601,0.7147909229377815
2026-04-29,2026-04-30,2026-05-01,ILMN,1,121.72000122070312,133.22000122070312,0.09447913148758658,2,0.9711286089238845,0.03209942238608421,1.0,0.9629826715825263,0.42150582249529456,1.1776613043005681,0.00303272554829043,3.1006546853996273
2026-04-29,2026-04-30,2026-05-01,B,1,39.29436094444615,39.01553672875103,-0.007095781913575738,0,0.9809711286089239,0.026176641132672183,1.0,0.7852992339801654,0.5168766063566043,0.7897557382568097,-0.000185743736707378,-0.1899041566191246
2026-04-29,2026-04-30,2026-05-01,MRNA,1,46.20000076293945,46.6349983215332,0.009415531415806644,0,0.9724409448818898,0.022194851587517796,1.0,0.6658455476255339,0.6096050420125138,1.8104284292739883,0.00020897632239143978,0.2136571222298248
2026-04-30,2026-05-01,2026-05-04,CMI,1,664.4331798228333,654.005881887824,-0.015693523820995314,37,0.9717847769028871,0.03229974731351711,1.0,0.9689924194055133,0.41896198539064583,1.558119303893565,-0.0005068968538768102,-0.5219884501133186
2026-04-30,2026-05-01,2026-05-04,RL,1,360.099800929913,359.70075765082174,-0.0011081463473757713,37,0.973753280839895,0.03333333333333333,1.0,1.0,0.3772248991797174,1.4799464200955885,-3.6938211579192376e-05,-0.0380379551869666
2026-04-30,2026-05-01,2026-05-04,MTZ,1,406.8800048828125,419.0499877929688,0.02991049637266263,36,0.9788918205804749,0.03333333333333333,1.0,1.0,0.4002316866280996,1.618704340757097,0.000997016545755421,1.026700239853305
2026-04-30,2026-05-01,2026-05-04,AMAT,1,388.9664595104997,386.6792815657304,-0.005880141819034068,26,0.9908136482939633,0.02496613666313772,1.0,0.7489840998941316,0.5420288467004879,2.11764633984945,-0.0001468044242526358,-0.15117516176976445
2026-04-30,2026-05-01,2026-05-04,TSM,1,392.52077768207727,403.5748660890813,0.028161791771332156,24,0.9855643044619422,0.031756168031823885,1.0,0.9526850409547165,0.4261334758188105,1.919403824791344,0.0008943105915676592,0.9209364706883295
2026-04-30,2026-05-01,2026-05-04,FLEX,1,91.41000366210938,92.41000366210938,0.010939721692785787,20,0.966491458607096,0.023523907372894764,1.0,0.7057172211868429,0.5752601405700087,2.0221554038664813,0.00025734499978634037,0.2650068086939246
2026-04-30,2026-05-01,2026-05-04,IVZ,1,26.08616639498043,25.540429110902174,-0.020920562869033543,18,0.979002624671916,0.03333333333333333,1.0,1.0,0.37220386384848414,1.6547316627042834,-0.0006973520956344515,-0.7181140241836386
2026-04-30,2026-05-01,2026-05-04,EVR,1,319.44834762314935,312.6159449738393,-0.021388129568196024,18,0.973753280839895,0.030020956833888925,1.0,0.9006287050166677,0.4507639892014168,1.9191706681055218,-0.0006420921145244362,-0.6612088142335325
2026-04-30,2026-05-01,2026-05-04,AVGO,1,414.43406738629307,417.5591412312245,0.007540581460014462,18,0.9809461235216821,0.03184410012620412,1.0,0.9553230037861236,0.42495678032841283,1.9589305359106348,0.00024012303102249893,0.24727209853704857
2026-04-30,2026-05-01,2026-05-04,NVDA,1,201.27999877929688,199.5,-0.008843396214686217,17,0.9658792650918635,0.03333333333333333,1.0,1.0,0.37953827563655185,1.7812846329402257,-0.00029477987382287387,-0.3035562132307031
2026-04-30,2026-05-01,2026-05-04,BCS,1,23.420000076293945,23.6299991607666,0.008966656011466956,16,0.9842312746386335,0.03333333333333333,1.0,1.0,0.37817526211622193,1.3874389696916425,0.0002988885337155652,0.3077871982783039
2026-04-30,2026-05-01,2026-05-04,OVV,1,60.57203767058097,60.88042134190522,0.005091188660374613,16,0.9730617608409986,0.03333333333333333,1.0,1.0,0.3883685576645858,0.18243118778131417,0.00016970628867915376,0.1747588723911145
2026-04-30,2026-05-01,2026-05-04,DAL,1,68.1192767426127,68.48829682660629,0.00541726368275941,15,0.9835958005249343,0.029459507731576524,1.0,0.8837852319472957,0.45935479931942236,1.925115869999265,0.00015958992134623956,0.1643413153191027
2026-04-30,2026-05-01,2026-05-04,ESI,1,42.720001220703125,43.09999847412109,0.008895066539319485,15,0.973753280839895,0.024951821523350782,1.0,0.7485546457005234,0.5423398147274838,2.0113466029717584,0.00022194811272742928,0.22855606714087576
2026-04-30,2026-05-01,2026-05-04,LBRT,1,33.459999084472656,32.97999954223633,-0.014345473860430391,10,0.9908136482939632,0.0225712068206459,1.0,0.677136204619377,0.599541104275791,1.3081833267936718,-0.0003237946574439439,-0.3334348400497529
2026-04-30,2026-05-01,2026-05-04,AES,1,14.31999969482422,14.270000457763672,-0.0034915669082464795,5,0.9980314960629921,0.030806395402274835,1.0,0.9241918620682451,0.43927132939052116,0.9893811449285018,-0.00010756259074893931,-0.11076500003067118
2026-04-30,2026-05-01,2026-05-04,ZIM,1,26.920000076293945,26.25,-0.024888561455984393,5,0.9960629921259843,0.022586919644706757,1.0,0.6776075893412027,0.599124027311029,1.291897746291274,-0.0005621559376786652,-0.5788927360401401
2026-04-30,2026-05-01,2026-05-04,ILMN,1,133.22000122070312,135.4499969482422,0.016739196119992972,3,0.9711286089238845,0.03131225199196266,1.0,0.9393675597588798,0.43217480063589303,1.1817561874968183,0.0005241419270521035,0.5397469525581764
2026-04-30,2026-05-01,2026-05-04,B,1,39.01553672875103,38.39813962015428,-0.015824391008358973,1,0.9809711286089239,0.02621863713235276,1.0,0.7865591139705828,0.5161353808657317,0.7919064769000129,-0.0004148939656886297,-0.42724640418424964
2026-04-30,2026-05-01,2026-05-04,MRNA,1,46.6349983215332,45.31999969482422,-0.028197677153165013,1,0.9724409448818898,0.022083639499982384,1.0,0.6625091849994715,0.6127779011289376,1.8132493048262188,-0.0006227073369873857,-0.6412469030380538
2026-04-30,2026-05-01,2026-05-04,NE,1,50.52000045776367,50.2400016784668,-0.005542335248610364,0,0.9750656167979003,0.029966748557595423,1.0,0.8990024567278627,0.45157939761393867,0.91992716799184,-0.0001660857668170049,-0.1710305584728676
2026-05-01,2026-05-04,2026-05-05,CMI,1,654.005881887824,681.3599738415593,0.04182545250935088,38,0.9717847769028871,0.032101621881423,1.0,0.96304865644269,0.42963159704977705,1.582036914713475,0.0013426648614745969,1.3814977858555544
2026-05-01,2026-05-04,2026-05-05,RL,1,359.70075765082174,356.5484845263306,-0.00876359878994537,38,0.973753280839895,0.03333333333333333,1.0,1.0,0.37710612738850857,1.470230876716334,-0.00029211995966484566,-0.3005687339117376
2026-05-01,2026-05-04,2026-05-05,MTZ,1,419.0499877929688,435.8900146484375,0.04018620056323319,37,0.9788918205804749,0.0331793849482098,1.0,0.9953815484462941,0.41567591136278653,1.645166941950709,0.0013333534180934796,1.371917034334281
2026-05-01,2026-05-04,2026-05-05,AMAT,1,386.6792815657304,403.88792727459423,0.044503666292083466,27,0.9908136482939633,0.025325042854035477,1.0,0.7597512856210643,0.5445941851429537,2.1301785449490764,0.0011270572560087078,1.159654317607183
2026-05-01,2026-05-04,2026-05-05,TSM,1,403.5748660890813,403.6547204596296,0.0001978675513718553,25,0.9855643044619422,0.032403743763422345,1.0,0.9721123129026704,0.4256258529106204,1.9131726213860416,6.411649433749406e-06,0.006597088931543778
2026-05-01,2026-05-04,2026-05-05,FLEX,1,92.41000366210938,93.08999633789062,0.007358431434194124,21,0.966491458607096,0.024018988821567715,1.0,0.7205696646470314,0.5742069817868227,2.0224769754807905,0.00017674208236218114,0.18185386573883533
2026-05-01,2026-05-04,2026-05-05,IVZ,1,25.540429110902174,26.01670767000037,0.018648024942340857,19,0.979002624671916,0.03333333333333333,1.0,1.0,0.3748416836514726,1.66080949310768,0.0006216008314113619,0.6395789425349577
2026-05-01,2026-05-04,2026-05-05,EVR,1,312.6159449738393,319.91714246324875,0.023355166640717684,19,0.9783464566929134,0.030687009010474713,1.0,0.9206102703142414,0.4494367982261194,1.9042308341654743,0.000716700209144842,0.737428810766971
2026-05-01,2026-05-04,2026-05-05,AVGO,1,417.5591412312245,420.9937175205983,0.00822536486507408,19,0.9809461235216821,0.03226045255916354,1.0,0.9678135767749062,0.42751635462988163,1.9707946364119955,0.000265353993011533,0.27302863456987764
2026-05-01,2026-05-04,2026-05-05,NVDA,1,199.5,199.3000030517578,-0.0010024909686324746,18,0.9658792650918635,0.03333333333333333,1.0,1.0,0.3913736980050563,1.747405840802733,-3.341636562108248e-05,-0.03438284298746321
2026-05-01,2026-05-04,2026-05-05,BCS,1,23.6299991607666,22.959999084472656,-0.028353791793880423,17,0.9842312746386335,0.03333333333333333,1.0,1.0,0.37915384063799756,1.3892690762331097,-0.0009451263931293475,-0.972461600006312
2026-05-01,2026-05-04,2026-05-05,OVV,1,60.88042134190522,62.27310590729916,0.02287573795806397,17,0.9730617608409986,0.03333333333333333,1.0,1.0,0.3877829302653807,0.1897395957276223,0.0007625245986021323,0.784578545886949
2026-05-01,2026-05-04,2026-05-05,DAL,1,68.48829682660629,68.74760720687073,0.0037861998659558527,16,0.9835958005249343,0.029870057710120943,1.0,0.8961017313036282,0.4617289732296265,1.9320870383180826,0.0001130940084981535,0.1163649446833195
2026-05-01,2026-05-04,2026-05-05,ESI,1,43.09999847412109,43.52000045776367,0.009744825951554681,16,0.973753280839895,0.02543892478321346,1.0,0.7631677434964038,0.5421562111738606,2.0009545778425966,0.00024789789440710606,0.25506766585486496
2026-05-01,2026-05-04,2026-05-05,LBRT,1,32.97999954223633,33.97999954223633,0.030321407334143125,11,0.9908136482939632,0.02700591332151463,1.0,0.8101773996454389,0.510698190896449,1.3032911483069116,0.0008188572982522072,0.8425405154527377
2026-05-01,2026-05-04,2026-05-05,AES,1,14.270000457763672,14.289999961853027,0.0014015068989345902,6,0.9816272965879265,0.031427381688827846,1.0,0.9428214506648354,0.4388488743148055,0.9797120967574757,4.404569225234284e-05,0.04531959394264526
2026-05-01,2026-05-04,2026-05-05,ZIM,1,26.25,25.920000076293945,-0.012571425664992586,6,0.9901574803149606,0.023000767826233705,1.0,0.6900230347870111,0.5996265507742488,1.2905065280041597,-0.00028915244296525013,-0.29751538987361464
2026-05-01,2026-05-04,2026-05-05,ILMN,1,135.4499969482422,139.5800018310547,0.03049099280814782,4,0.9711286089238845,0.030891585537714338,1.0,0.9267475661314302,0.4464604466470609,1.2080691457388775,0.0009419151124627311,0.9691574417923113
2026-05-01,2026-05-04,2026-05-05,B,1,38.39813962015428,38.83629185822252,0.011410767354944173,2,0.9809711286089239,0.02660686555857318,1.0,0.7982059667571955,0.5183576038463448,0.808703602363772,0.00030360475293315535,0.31238569354658896
2026-05-01,2026-05-04,2026-05-05,MRNA,1,45.31999969482422,47.67499923706055,0.05196380313535798,2,0.9724409448818898,0.022645501399602076,1.0,0.6793650419880622,0.609033592740242,1.804924838459897,0.0011767463766303957,1.2107805607149238
2026-05-01,2026-05-04,2026-05-05,NE,1,50.2400016784668,50.34000015258789,0.001990415421581293,1,0.9750656167979003,0.03087482213174646,1.0,0.9262446639523938,0.44670285120841546,0.9007353358350142,6.145372210960757e-05,0.0632311036528989
2026-05-04,2026-05-05,2026-05-06,CMI,1,681.3599738415593,689.3349296905299,0.011704467763210546,39,0.9717847769028871,0.03190950798939632,1.0,0.9572852396818895,0.4314678911713436,1.5792147902256466,0.0003734838076017986,0.38755231909806703
2026-05-04,2026-05-05,2026-05-06,RL,1,356.5484845263306,366.5639872409284,0.028090156456290316,39,0.973753280839895,0.03333333333333333,1.0,1.0,0.3774313780212582,1.4709670489313356,0.0009363385485430105,0.9716088584371982
2026-05-04,2026-05-05,2026-05-06,MTZ,1,435.8900146484375,437.7699890136719,0.004312955796316409,38,0.9788918205804749,0.03243047867511423,1.0,0.9729143602534268,0.42453669150017487,1.6504909357205269,0.0001398712209791496,0.14513993635660521
2026-05-04,2026-05-05,2026-05-06,AMAT,1,403.88792727459423,420.4772653225129,0.0410741122168774,28,0.9908136482939633,0.025851914660587894,1.0,0.7755574398176368,0.532568991552863,2.1281101253418733,0.0010618444437901252,1.1018423512245417
2026-05-04,2026-05-05,2026-05-06,TSM,1,403.6547204596296,401.4598431080775,-0.005437511913778281,26,0.9855643044619422,0.032668151788412605,1.0,0.9800445536523782,0.4214480271082692,1.9133758624509787,-0.0001776334645506108,-0.18432462059884486
2026-05-04,2026-05-05,2026-05-06,FLEX,1,93.08999633789062,119.8499984741211,0.28746377901981157,22,0.966491458607096,0.024257438881828446,1.0,0.7277231664548534,0.5675755048820796,2.0209961765922477,0.006973135050312517,7.235801405917813
2026-05-04,2026-05-05,2026-05-06,IVZ,1,26.01670767000037,27.13794708251953,0.043096898606123535,20,0.979002624671916,0.03333333333333333,1.0,1.0,0.3743658377042013,1.6587275868257667,0.0014365632868707846,1.4906762275260501
2026-05-04,2026-05-05,2026-05-06,EVR,1,319.91714246324875,330.7193942529664,0.03376577980955986,20,0.9770341207349081,0.030595483292676137,1.0,0.9178644987802841,0.4499987134962401,1.903592255236374,0.0010330803520275699,1.0719947641473173
2026-05-04,2026-05-05,2026-05-06,AVGO,1,420.9937175205983,434.8717344174912,0.032964902608585644,20,0.9809461235216821,0.03219719536520553,1.0,0.965915860956166,0.4276126527274647,1.9712766711712966,0.0010613774094836055,1.1013577245154151
2026-05-04,2026-05-05,2026-05-06,NVDA,1,199.3000030517578,199.88999938964844,0.0029603428442366297,19,0.9658792650918635,0.03333333333333333,1.0,1.0,0.39125613277511173,1.7461090943276847,9.867809480788766e-05,0.1023951338949336
2026-05-04,2026-05-05,2026-05-06,BCS,1,22.959999084472656,24.15999984741211,0.05226484367549422,18,0.9842312746386335,0.03333333333333333,1.0,1.0,0.37913471982682745,1.3886965238205402,0.0017421614558498074,1.8077857693303812
2026-05-04,2026-05-05,2026-05-06,OVV,1,62.27310590729916,59.88564045564944,-0.03833862815841793,18,0.9730617608409986,0.03333333333333333,1.0,1.0,0.3891429948797839,0.1867766181334667,-0.0012779542719472644,-1.3260926758101814
2026-05-04,2026-05-05,2026-05-06,DAL,1,68.74760720687073,74.18318407995399,0.07906568815881676,17,0.9835958005249343,0.029798210847543322,1.0,0.8939463254262997,0.4620387509485338,1.9325159168719324,0.002356016046562531,2.444763237637002
2026-05-04,2026-05-05,2026-05-06,ESI,1,43.52000045776367,44.45000076293945,0.021369492081654506,17,0.973753280839895,0.02555631156893726,1.0,0.7666893470681178,0.5387290761173209,2.0016031710875035,0.0005461253977087002,0.5666970296769077
2026-05-04,2026-05-05,2026-05-06,LBRT,1,33.97999954223633,32.150001525878906,-0.053855151295184034,12,0.9908136482939632,0.02687645669542518,1.0,0.8062937008627554,0.5122672336061137,1.2960777225179836,-0.001447435641610585,-1.5019581257173606
2026-05-04,2026-05-05,2026-05-06,AES,1,14.289999961853027,14.43000030517578,0.009797084933273803,7,0.9940944881889764,0.03144042536877615,1.0,0.9432127610632846,0.4379052751039767,0.9776643769106936,0.0003080245176761563,0.31962728700606463
2026-05-04,2026-05-05,2026-05-06,ZIM,1,25.920000076293945,27.209999084472656,0.049768480107317714,7,0.994750656167979,0.023324634402495475,1.0,0.6997390320748642,0.590274123183125,1.2911692680195903,0.0011608316032710544,1.2045581917427626
2026-05-04,2026-05-05,2026-05-06,ILMN,1,139.5800018310547,139.0399932861328,-0.0038688102725166207,5,0.9711286089238845,0.029563429129522877,1.0,0.8869028738856863,0.4657080902279677,1.2154399758079553,-0.0001143752983071152,-0.11868362484329094
2026-05-04,2026-05-05,2026-05-06,B,1,38.83629185822252,40.1308345616793,0.03333332410268963,3,0.9888451443569554,0.02981737497363449,1.0,0.8945212492090346,0.4617417909079531,0.8070064519277201,0.0009939122238875851,1.0313512380120005
2026-05-04,2026-05-05,2026-05-06,MRNA,1,47.67499923706055,47.10499954223633,-0.01195594554684598,3,0.9724409448818898,0.023047746730425964,1.0,0.6914324019127789,0.5973654727090761,1.8041116553616203,-0.0002755576048864703,-0.2859373998155258
2026-05-04,2026-05-05,2026-05-06,NE,1,50.34000015258789,48.220001220703125,-0.04211360598845326,2,0.9750656167979003,0.030833825751891412,1.0,0.9250147725567424,0.4465202674259588,0.8974822523314097,-0.0012985235888317787,-1.3474368045209926
2026-05-04,2026-05-05,2026-05-06,KGC,1,29.508698946039686,30.327555516780993,0.02774966704695081,0,0.9763779527559056,0.024859859675805552,1.0,0.7457957902741665,0.5538216345565047,0.6576194444005465,0.0006898528288375226,0.7158384331815307
2026-05-05,2026-05-06,2026-05-07,MTZ,1,437.7699890136719,435.510009765625,-0.005162480994046148,39,0.9788918205804749,0.03224287517372487,1.0,0.9672862552117462,0.42439982658054143,1.6291046508047125,-0.00016645323027775704,-0.17553629978374005
2026-05-05,2026-05-06,2026-05-07,AMAT,1,420.4772653225129,425.8306100080117,0.012731591282094001,29,0.9908136482939633,0.025736832749375996,1.0,0.7721049824812799,0.5316843282714596,2.135559478453097,0.0003276708354606668,0.34555127532119906
2026-05-05,2026-05-06,2026-05-07,TSM,1,401.4598431080775,417.1131700589296,0.038991015464124645,27,0.9855643044619422,0.03278061843923934,1.0,0.9834185531771801,0.4174378423503718,1.9005218407196072,0.0012781496004879505,1.3478960490303062
2026-05-05,2026-05-06,2026-05-07,FLEX,1,119.8499984741211,132.30999755859375,0.10396328112730946,23,0.966491458607096,0.02416437131130592,1.0,0.7249311393391775,0.5662829152846419,2.013800339859736,0.002512207327901989,2.649294206508651
2026-05-05,2026-05-06,2026-05-07,IVZ,1,27.13794708251953,27.30662950945417,0.006215740137664794,21,0.979002624671916,0.03333333333333333,1.0,1.0,0.3744513716927396,1.6606184652315998,0.00020719133792215978,0.21849741663414543
2026-05-05,2026-05-06,2026-05-07,EVR,1,330.7193942529664,335.82623928556075,0.015441625502882195,21,0.9770341207349081,0.03039552834077926,1.0,0.9118658502233778,0.4501935442203951,1.9028524916641343,0.00046935636560055556,0.4949683437202443
2026-05-05,2026-05-06,2026-05-07,AVGO,1,434.8717344174912,421.15345839538463,-0.03154556835127986,21,0.9809461235216821,0.03192383667512062,1.0,0.9577151002536187,0.428641167772018,1.9690535809685474,-0.0010070555718701124,-1.0620088806188825
2026-05-05,2026-05-06,2026-05-07,NVDA,1,199.88999938964844,208.33999633789065,0.04227323514955095,20,0.9658792650918635,0.03333333333333333,1.0,1.0,0.3865561049247418,1.7397751956954401,0.001409107838318365,1.486000455034266
2026-05-05,2026-05-06,2026-05-07,BCS,1,24.15999984741211,24.049999237060547,-0.0045530054241016416,19,0.9842312746386335,0.03333333333333333,1.0,1.0,0.37691528704970484,1.4044733063511352,-0.00015176684747005473,-0.16004850605952242
2026-05-05,2026-05-06,2026-05-07,OVV,1,59.88564045564944,58.184572598700164,-0.02840527118031011,19,0.9730617608409986,0.03333333333333333,1.0,1.0,0.3889044537445592,0.16909444135812954,-0.0009468423726770037,-0.9985099496166886
2026-05-05,2026-05-06,2026-05-07,DAL,1,74.18318407995399,74.04355693445964,-0.0018821940204649668,18,0.9835958005249343,0.030262046033295024,1.0,0.9078613809988507,0.452179294722226,1.9391704405105519,-5.695904209090346e-05,-0.060067200084849115
2026-05-05,2026-05-06,2026-05-07,ESI,1,44.45000076293945,44.459999084472656,0.0002249341138715888,18,0.973753280839895,0.025395112021945245,1.0,0.7618533606583574,0.5388387584335887,2.0027290007301364,5.712227019325985e-06,0.006023933526696935
2026-05-05,2026-05-06,2026-05-07,LBRT,1,32.150001525878906,31.950000762939453,-0.00622086324874549,13,0.9908136482939632,0.027082453827167365,1.0,0.812473614815021,0.5052670160360472,1.2757574041592261,-0.0001684762416992721,-0.17766970349576433
2026-05-05,2026-05-06,2026-05-07,AES,1,14.43000030517578,14.34000015258789,-0.006237016679452645,8,0.9803149606299213,0.0312585179512583,1.0,0.937755538537749,0.43776453680639205,0.9749488209981642,-0.00019495989783696794,-0.20559852767898168
2026-05-05,2026-05-06,2026-05-07,ZIM,1,27.209999084472656,27.809999465942383,0.022050731409694047,8,0.994750656167979,0.023191777338265638,1.0,0.6957533201479691,0.5900311318360651,1.304926486904738,0.0005113956529995247,0.5393016434900737
2026-05-05,2026-05-06,2026-05-07,ILMN,1,139.0399932861328,141.3699951171875,0.016757781527360516,6,0.9711286089238845,0.029363088272112994,1.0,0.8808926481633899,0.46602286875876275,1.215697261957419,0.0004920602182326713,0.5189111069530554
2026-05-05,2026-05-06,2026-05-07,B,1,40.1308345616793,42.32160090553474,0.05459060016527517,4,0.9704724409448819,0.029682237754644868,1.0,0.8904671326393461,0.4610120956950269,0.827432071315408,0.001620371173274453,1.7087920706507524
2026-05-05,2026-05-06,2026-05-07,MRNA,1,47.10499954223633,51.68999862670898,0.09733572081582431,4,0.9724409448818898,0.02286150646180092,1.0,0.6858451938540276,0.5985550713839061,1.815043762008557,0.002225241210395018,2.346668836328551
2026-05-05,2026-05-06,2026-05-07,NE,1,48.220001220703125,49.02000045776367,0.01659061005409246,3,0.9750656167979003,0.030651270267195316,1.0,0.9195381080158594,0.44643730954381083,0.8841434160685491,0.0005085232726656358,0.5362725222495843
2026-05-05,2026-05-06,2026-05-07,KGC,1,30.327555516780993,31.52587766155562,0.03951265192183273,1,0.9763779527559056,0.024631541648569035,1.0,0.7389462494570711,0.555542597675036,0.6817766812000982,0.0009732575314580342,1.0263665386590564
2026-05-05,2026-05-06,2026-05-07,WLK,1,98.88605747230238,98.35921765175907,-0.005327746236529651,0,0.9783464566929134,0.02770162199488658,1.0,0.8310486598465974,0.4939736248914513,1.040854103639575,-0.000147587212329024,-0.1556407953417529
2026-05-06,2026-05-07,2026-05-08,AMAT,1,425.8306100080117,422.584645087963,-0.007622666956674795,30,0.9908136482939633,0.02504478908025668,1.0,0.7513436724077004,0.53533904416014,2.1426804597871882,-0.00019090808615896234,-0.20325837046842038
2026-05-06,2026-05-07,2026-05-08,TSM,1,417.1131700589296,415.9758462562264,-0.002726655220554375,28,0.9855643044619422,0.03209597842798366,1.0,0.9628793528395098,0.41773001179883984,1.8773456768872931,-8.751466713946225e-05,-0.09317619275718791
2026-05-06,2026-05-07,2026-05-08,IVZ,1,27.30662950945417,26.879963828131434,-0.015624985177134842,22,0.979002624671916,0.03333333333333333,1.0,1.0,0.37387889920292505,1.6593416050584475,-0.000520832839237828,-0.5545267165989649
2026-05-06,2026-05-07,2026-05-08,EVR,1,335.82623928556075,327.93653082136836,-0.023493424697775267,22,0.9770341207349081,0.03020905735283066,1.0,0.9062717205849199,0.4438223043778826,1.8989592340317842,-0.0007097142141095014,-0.7556272631535186
2026-05-06,2026-05-07,2026-05-08,AVGO,1,421.15345839538463,419.1366316877349,-0.004788816682959052,22,0.9809461235216821,0.031596858734858464,1.0,0.9479057620457538,0.4243286827948336,1.9718061733753405,-0.00015131156423859064,-0.16110025823921764
2026-05-06,2026-05-07,2026-05-08,NVDA,1,208.33999633789065,213.02999877929688,0.022511291753120055,21,0.9658792650918635,0.03333333333333333,1.0,1.0,0.3825292008042526,1.7291116583613637,0.0007503763917706685,0.7989199708506893
2026-05-06,2026-05-07,2026-05-08,BCS,1,24.049999237060547,23.920000076293945,-0.005405370681520694,20,0.9842312746386335,0.03333333333333333,1.0,1.0,0.376885492844676,1.3933299683717033,-0.00018017902271735646,-0.19183521917258023
2026-05-06,2026-05-07,2026-05-08,OVV,1,58.184572598700164,58.43326686443955,0.0042742303437481866,20,0.9730617608409986,0.03333333333333333,1.0,1.0,0.3835623118407849,0.1439067965922643,0.00014247434479160623,0.1516913386884228
2026-05-06,2026-05-07,2026-05-08,DAL,1,74.04355693445964,73.23570494807151,-0.01091049673779454,19,0.9835958005249343,0.029421167324141618,1.0,0.8826350197242485,0.4557077324534095,1.9152484743585194,-0.00032099955011215443,-0.3417657512032501
2026-05-06,2026-05-07,2026-05-08,ESI,1,44.459999084472656,42.95000076293945,-0.03396307585756475,19,0.973753280839895,0.024954403784406335,1.0,0.7486321135321901,0.5372780517318974,2.0165595182842866,-0.0008475283087100932,-0.902356869319978
2026-05-06,2026-05-07,2026-05-08,LBRT,1,31.950000762939453,31.89999961853028,-0.0015649810083000482,14,0.9908136482939632,0.026516840528209552,1.0,0.7955052158462865,0.5056203220422735,1.2586673427274493,-4.1498351826768966e-05,-0.04418297589768318
2026-05-06,2026-05-07,2026-05-08,AES,1,14.34000015258789,14.380000114440918,0.0027893975890793676,9,0.9803149606299213,0.03333333333333333,1.0,1.0,0.39574121813517665,0.9669071960517207,9.297991963597892e-05,0.09899500504005514
2026-05-06,2026-05-07,2026-05-08,ZIM,1,27.809999465942383,26.309999465942383,-0.05393743361401282,9,0.994750656167979,0.02184480569733169,1.0,0.6553441709199507,0.6137593363467007,1.3388713384013635,-0.001178252757110837,-1.254476644906794
2026-05-06,2026-05-07,2026-05-08,ILMN,1,141.3699951171875,138.0,-0.023838121479695662,7,0.9711286089238845,0.0292296087497926,1.0,0.876888262493778,0.45869424945730947,1.2110826785017006,-0.0006967789641815313,-0.7418552020802558
2026-05-06,2026-05-07,2026-05-08,B,1,42.32160090553474,42.19214363818915,-0.0030588934391811984,5,0.9704724409448819,0.029232942290458933,1.0,0.876988268713768,0.45864194285338344,0.8391165538760644,-8.942045538024742e-05,-0.09520527083383536
2026-05-06,2026-05-07,2026-05-08,MRNA,1,51.68999862670898,49.0,-0.05204098855052042,5,0.9724409448818898,0.0223860239104422,1.0,0.671580717313266,0.5989207150432316,1.8081641642197315,-0.0011649908140149987,-1.2403567561313102
2026-05-06,2026-05-07,2026-05-08,NE,1,49.02000045776367,48.54999923706055,-0.009587948109223032,4,0.9750656167979003,0.029870413205421942,1.0,0.8961123961626583,0.44885396647219006,0.8824553154532889,-0.000286395971814636,-0.30492358763311467
2026-05-06,2026-05-07,2026-05-08,KGC,1,31.52587766155562,30.717009665730668,-0.025657271290224215,2,0.9763779527559056,0.024642783313294572,1.0,0.7392834993988372,0.5440722047084557,0.6971599436643761,-0.0006322665768154092,-0.6731693596160082
2026-05-06,2026-05-07,2026-05-08,WLK,1,98.35921765175907,97.29561077191813,-0.010813494710853022,1,0.9783464566929134,0.02672472389625856,1.0,0.8017417168877568,0.5016872578164954,1.1322656199178076,-0.0002889876605011993,-0.30768293863699864
2026-05-06,2026-05-07,2026-05-08,PRIM,1,101.97603136083983,108.11097995889787,0.06016069184286721,0,0.9691601049868765,0.023447279269410672,1.0,0.7034183780823202,0.5718127588862001,1.8674184698669323,0.001410604542680664,1.5018598032661852
2026-05-07,2026-05-08,2026-05-11,AMAT,1,422.584645087963,438.7046141482086,0.038146130598025296,31,0.9908136482939633,0.025648024680395565,1.0,0.7694407404118669,0.5211366198621641,2.155306898858109,0.0009783728990397451,1.0363628251783974
2026-05-07,2026-05-08,2026-05-11,TSM,1,415.9758462562264,405.7896903250927,-0.02448737354057673,29,0.9855643044619422,0.031112350236761843,1.0,0.9333705071028553,0.42960833194431935,1.9041778483419705,-0.0007618597419728381,-0.8070165428290144
2026-05-07,2026-05-08,2026-05-11,IVZ,1,26.879963828131434,27.445544116562726,0.021040961663772118,23,0.979002624671916,0.03333333333333333,1.0,1.0,0.3751331769155967,1.6566623772389517,0.0007013653887924039,0.7429365802391392
2026-05-07,2026-05-08,2026-05-11,EVR,1,327.93653082136836,339.5666084925062,0.0354644163674247,23,0.9770341207349081,0.03084948682832879,1.0,0.9254846048498637,0.43326895395254095,1.8960353024649341,0.0010940590456012362,1.1589058982767444
2026-05-07,2026-05-08,2026-05-11,AVGO,1,419.1366316877349,426.94427311630335,0.018627914713942983,23,0.9809461235216821,0.03216039035883164,1.0,0.9648117107649493,0.4156082914090687,1.9424797012510215,0.00059908100877143,0.6345896205531155
2026-05-07,2026-05-08,2026-05-11,NVDA,1,213.02999877929688,214.0399932861328,0.004741090515999691,22,0.9658792650918635,0.03333333333333333,1.0,1.0,0.39158882493792,1.757968656757413,0.00015803635053332303,0.16740345003459128
2026-05-07,2026-05-08,2026-05-11,BCS,1,23.920000076293945,23.59000015258789,-0.013795983388524391,21,0.9842312746386335,0.03333333333333333,1.0,1.0,0.3860168204242721,1.4273650314143833,-0.000459866112950813,-0.4871232067949501
2026-05-07,2026-05-08,2026-05-11,OVV,1,58.43326686443955,58.56258452815847,0.0022130829005149177,21,0.9730617608409986,0.03333333333333333,1.0,1.0,0.3913582482121333,0.08439699780858179,7.376943001716392e-05,0.07814187717119331
2026-05-07,2026-05-08,2026-05-11,DAL,1,73.23570494807151,72.85670753514597,-0.0051750360455228295,20,0.9835958005249343,0.02900668091358822,1.0,0.8702004274076466,0.4607947020171248,1.9399049736672387,-0.00015011061928879812,-0.1590079464058191
2026-05-07,2026-05-08,2026-05-11,ESI,1,42.95000076293945,44.41999816894531,0.03422578300101642,20,0.973753280839895,0.025000872047893537,1.0,0.7500261614368061,0.5346263467321283,1.9979529928295685,0.0008556744215473812,0.9063917876487606
2026-05-07,2026-05-08,2026-05-11,LBRT,1,31.89999961853028,33.58000183105469,0.05266464679041927,15,0.9717847769028871,0.027442568411683035,1.0,0.8232770523504911,0.48705808755103214,1.1859445868279581,0.001445253172423204,1.53091593434428
2026-05-07,2026-05-08,2026-05-11,AES,1,14.380000114440918,14.359999656677246,-0.0013908524064326633,10,0.9803149606299213,0.03333333333333333,1.0,1.0,0.39372035693044605,0.9588360455379124,-4.6361746881088774e-05,-0.049109691228210364
2026-05-07,2026-05-08,2026-05-11,ZIM,1,26.309999465942383,26.61000061035156,0.011402552280455946,10,0.994750656167979,0.021700215416444325,1.0,0.6510064624933297,0.6159443411770888,1.2926096749310019,0.00024743784078316253,0.26210392783954606
2026-05-07,2026-05-08,2026-05-11,ILMN,1,138.0,140.6699981689453,0.019347812818444332,8,0.9711286089238845,0.02900620841124448,1.0,0.8701862523373345,0.4608022082231617,1.2208914763803078,0.0005612066909135438,0.5944704235726715
2026-05-07,2026-05-08,2026-05-11,B,1,42.19214363818915,44.02442195708492,0.04342700230185326,6,0.9704724409448819,0.027641088506594313,1.0,0.8292326551978294,0.4835600046971363,0.8950374620478168,0.0012003696142016008,1.271517686000149
2026-05-07,2026-05-08,2026-05-11,MRNA,1,49.0,58.08000183105469,0.18530615981744258,6,0.9724409448818898,0.022112169720702953,1.0,0.6633650916210886,0.604469170457226,1.8312216023376953,0.004097521256174996,4.340388730560642
2026-05-07,2026-05-08,2026-05-11,NE,1,48.54999923706055,50.81999969482422,0.04675593189362748,5,0.9750656167979003,0.030329525046118008,1.0,0.9098857513835402,0.44069680839903186,0.8479551209663054,0.0014180852074223624,1.5021376750627171
2026-05-07,2026-05-08,2026-05-11,KGC,1,30.717009665730668,31.50590423009782,0.025682661592130174,3,0.9763779527559056,0.02380216317356656,1.0,0.7140648952069969,0.5615508468964041,0.7580047895559177,0.0006113029019473732,0.647535927378745
2026-05-07,2026-05-08,2026-05-11,WLK,1,97.29561077191813,94.31351679499839,-0.030649830483210683,2,0.9665354330708662,0.026773246327708947,1.0,0.8031973898312684,0.4992343746618969,1.0741866561526885,-0.0008205954614295221,-0.8692336343027858
2026-05-07,2026-05-08,2026-05-11,PRIM,1,108.11097995889787,106.27249830382341,-0.017005503564701985,1,0.9691601049868765,0.011560230873043925,1.0,0.34680692619131775,1.1562160855497923,1.4385409672667426,-0.0001965875473203264,-0.20823964577897497
2026-05-08,2026-05-11,2026-05-12,AMAT,1,438.7046141482086,436.2576341810281,-0.0055777392994408315,32,0.9908136482939633,0.025360946394147106,1.0,0.7608283918244132,0.5290272273926597,2.169092004794278,-0.00014145674737364657,-0.1515802232870714
2026-05-08,2026-05-11,2026-05-12,TSM,1,405.7896903250927,396.8207097656788,-0.02210253432567122,30,0.9855643044619422,0.031174391290024958,1.0,0.9352317387007487,0.4303734764259057,1.9009267255830267,-0.0006890330535696825,-0.7383443070155239
2026-05-08,2026-05-11,2026-05-12,IVZ,1,27.445544116562726,27.77298419560693,0.011930536980923057,24,0.979002624671916,0.03333333333333333,1.0,1.0,0.3682504886346962,1.6621993464044473,0.00039768456603076857,0.4261452100092355
2026-05-08,2026-05-11,2026-05-12,EVR,1,339.5666084925062,333.1431507782931,-0.018916635362734358,24,0.9770341207349081,0.031022036323759404,1.0,0.9306610897127822,0.4324871202821034,1.8879279033111598,-0.0005868325493460568,-0.6288297342723184
2026-05-08,2026-05-11,2026-05-12,AVGO,1,426.94427311630335,422.76089940880604,-0.009798406890347833,24,0.9809461235216821,0.03181781230957529,1.0,0.9545343692872587,0.4216704474968538,1.9568295895749532,-0.0003117638713699366,-0.3340755256465118
2026-05-08,2026-05-11,2026-05-12,NVDA,1,214.0399932861328,218.5500030517578,0.021070874168809706,23,0.9658792650918635,0.03333333333333333,1.0,1.0,0.39121910280053024,1.7589947038974174,0.0007023624722936569,0.7526276572549436
2026-05-08,2026-05-11,2026-05-12,BCS,1,23.59000015258789,22.25,-0.05680373649513892,22,0.9842312746386335,0.03333333333333333,1.0,1.0,0.3828651155021741,1.431625498168456,-0.0018934578831712975,-2.0289648535297866
2026-05-08,2026-05-11,2026-05-12,OVV,1,58.56258452815847,59.59715505595362,0.017666066757994647,22,0.9730617608409986,0.03333333333333333,1.0,1.0,0.39131592746937127,0.09531744980744472,0.0005888688919331549,0.6310118094986487
2026-05-08,2026-05-11,2026-05-12,DAL,1,72.85670753514597,70.32342806972116,-0.03477071022187983,21,0.9835958005249343,0.02918564650748086,1.0,0.8755693952244258,0.4596996387080398,1.939620921122225,-0.0010148056573498362,-1.0874311122661158
2026-05-08,2026-05-11,2026-05-12,ESI,1,44.41999816894531,44.459999084472656,0.0009005159202215562,21,0.973753280839895,0.025528826658604935,1.0,0.765864799758148,0.5255482883866582,2.013392765376829,2.298911483065022e-05,0.024634350951089977
2026-05-08,2026-05-11,2026-05-12,LBRT,1,33.58000183105469,33.380001068115234,-0.005955948541804257,16,0.9717847769028871,0.02744889440066644,1.0,0.8234668320199932,0.4887858490440245,1.1782564024738333,-0.0001634842025797883,-0.17518409260108456
2026-05-08,2026-05-11,2026-05-12,AES,1,14.359999656677246,14.350000381469728,-0.0006963283737174697,11,0.9776609724047307,0.03333333333333333,1.0,1.0,0.39332595975981643,0.974498904100872,-2.3210945790582323e-05,-0.02487205743779206
2026-05-08,2026-05-11,2026-05-12,ZIM,1,26.61000061035156,25.65999984741211,-0.03570089218900241,11,0.994750656167979,0.021675744790148273,1.0,0.6502723437044482,0.6189697878823263,1.25056977828,-0.0007738434278694141,-0.829224209968873
2026-05-08,2026-05-11,2026-05-12,ILMN,1,140.6699981689453,143.5,0.020118019960843725,9,0.9711286089238845,0.02890280702490755,1.0,0.8670842107472265,0.46419820550258234,1.2043251603127123,0.0005814672486515043,0.62308046113843
2026-05-08,2026-05-11,2026-05-12,B,1,44.02442195708492,46.15543672061705,0.04840528662953125,7,0.9704724409448819,0.02901981306553599,1.0,0.8705943919660797,0.4623265878608689,0.9158552727095994,0.0014047123693726855,1.5052418393390194
2026-05-08,2026-05-11,2026-05-12,MRNA,1,58.08000183105469,52.2400016784668,-0.10055096364451754,7,0.9724409448818898,0.022471244202544816,1.0,0.6741373260763445,0.5970577790005109,1.7645028002024272,-0.0022595052588571594,-2.4212087299816387
2026-05-08,2026-05-11,2026-05-12,NE,1,50.81999969482422,51.18999862670898,0.007280577215793338,6,0.9750656167979003,0.03094997238365055,1.0,0.9284991715095166,0.43349412363407813,0.8735200003171674,0.00022533366376583923,0.2414598646008672
2026-05-08,2026-05-11,2026-05-12,KGC,1,31.50590423009782,31.17636623409574,-0.010459563185216125,4,0.9763779527559056,0.024303154854228393,1.0,0.7290946456268518,0.5520530661728149,0.7929649417841402,-0.00025420038379789386,-0.27239245671304385
2026-05-08,2026-05-11,2026-05-12,WLK,1,94.31351679499839,98.42879667410976,0.04363404121655656,3,0.9665354330708662,0.02709192729366938,1.0,0.8127578188100814,0.49522616126629737,1.0905159022891204,0.0011821302721679234,1.2667304595680462
2026-05-08,2026-05-11,2026-05-12,PRIM,1,106.27249830382341,112.57730055398774,0.05932675293037226,2,0.9691601049868765,0.011529278470027179,1.0,0.34587835410081536,1.1637008499559547,1.4079191506717899,0.0006839946552567627,0.7329453313182793
2026-05-11,2026-05-12,2026-05-13,AMAT,1,436.2576341810281,435.36875853250467,-0.0020375016478326735,33,0.9908136482939633,0.02519116339855733,1.0,0.7557349019567199,0.5288020348192264,2.186361419587149,-5.132703693538269e-05,-0.05487258776003974
2026-05-11,2026-05-12,2026-05-13,TSM,1,396.8207097656788,397.33948163077406,0.0013073205413134392,31,0.9855643044619422,0.03185501049496721,1.0,0.9556503148490163,0.41818031944222234,1.8895301473977444,4.164470956382582e-05,0.04452142801773758
2026-05-11,2026-05-12,2026-05-13,IVZ,1,27.77298419560693,28.080580444490057,0.011075376225929023,25,0.979002624671916,0.03333333333333333,1.0,1.0,0.3635984648353806,1.6679495535282922,0.0003691792075309674,0.3946812376862544
2026-05-11,2026-05-12,2026-05-13,EVR,1,333.1431507782931,337.6615216254274,0.01356285079425601,25,0.9822601839684626,0.030617827605639712,1.0,0.9185348281691914,0.43507784537159716,1.8940760553950502,0.00041526502745954414,0.44395055751291546
2026-05-11,2026-05-12,2026-05-13,NVDA,1,218.5500030517578,224.92999267578125,0.02919235660002495,24,0.9658792650918635,0.03333333333333333,1.0,1.0,0.36146678245129127,1.755520733617392,0.000973078553334165,1.0402965279773044
2026-05-11,2026-05-12,2026-05-13,BCS,1,22.25,22.559999465942383,0.013932560267073457,23,0.9842312746386335,0.03333333333333333,1.0,1.0,0.377263710628748,1.4376194742386257,0.0004644186755691152,0.4964996238658812
2026-05-11,2026-05-12,2026-05-13,OVV,1,59.59715505595362,58.313891701630624,-0.021532292155861943,23,0.9730617608409986,0.03333333333333333,1.0,1.0,0.3865403476895851,0.09514159504485599,-0.0007177430718620648,-0.767323072818211
2026-05-11,2026-05-12,2026-05-13,DAL,1,70.32342806972116,70.30347613869543,-0.000283716701153236,22,0.9835958005249343,0.030904177734067995,1.0,0.9271253320220398,0.4310465264356748,1.9330640747631014,-8.76803135856306e-06,-0.009373706314105676
2026-05-11,2026-05-12,2026-05-13,ESI,1,44.459999084472656,44.5,0.000899705720896371,22,0.973753280839895,0.025913508159456877,1.0,0.7774052447837063,0.5140615613544134,2.0229295821326003,2.331453153955814e-05,0.02492504446728939
2026-05-11,2026-05-12,2026-05-13,LBRT,1,33.380001068115234,33.68000030517578,0.008987394471569043,17,0.9717847769028871,0.027688155397349846,1.0,0.8306446619204954,0.4811132512603479,1.1949341793975181,0.00024884437474608656,0.2660339580684786
2026-05-11,2026-05-12,2026-05-13,AES,1,14.350000381469728,14.43000030517578,0.0055749074271354004,12,0.9816031537450722,0.03333333333333333,1.0,1.0,0.3884911082862724,0.9753569716734874,0.00018583024757118,0.19866696340092282
2026-05-11,2026-05-12,2026-05-13,ZIM,1,25.65999984741211,25.850000381469727,0.007404541511592422,12,0.994750656167979,0.02151317739196136,1.0,0.6453953217588408,0.6192083215749583,1.253426842636633,0.0001592952150450295,0.17029895332389913
2026-05-11,2026-05-12,2026-05-13,ILMN,1,143.5,146.13999938964844,0.018397208290233058,10,0.9711286089238845,0.032158804071654154,1.0,0.9647641221496247,0.41422990839272006,1.206042984600811,0.0005916322168710164,0.6325007769841109
2026-05-11,2026-05-12,2026-05-13,MRNA,1,52.2400016784668,52.85200119018555,0.011715151073033336,8,0.9724409448818898,0.020789809197980787,1.0,0.6236942759394236,0.640753281464197,1.8169416164504064,0.00024355575553388294,0.26038001349699635
2026-05-11,2026-05-12,2026-05-13,NE,1,51.18999862670898,51.540000915527344,0.006837317800507892,7,0.9750656167979003,0.03144052621199951,1.0,0.9432157863599853,0.423693241480692,0.8885984201846938,0.0002149688695266392,0.2298184127329869
2026-05-11,2026-05-12,2026-05-13,KGC,1,31.17636623409574,31.44598921996361,0.008648313400071661,5,0.9763779527559056,0.024041034405481724,1.0,0.7212310321644517,0.5541000540968116,0.8011520499875606,0.00020791440000051143,0.2222766370668735
2026-05-11,2026-05-12,2026-05-13,WLK,1,98.42879667410976,96.75883034149471,-0.01696623741265657,4,0.9665354330708662,0.02695259654403217,1.0,0.8085778963209651,0.49424323340640414,1.0726456189729867,-0.0004572841518535968,-0.48887226405551987
2026-05-11,2026-05-12,2026-05-13,PRIM,1,112.57730055398774,113.6064532868927,0.009141742854381407,3,0.9691601049868765,0.01156673712121531,1.0,0.3470021136364593,1.151676425686857,1.3848765211963712,0.00010574013642637822,0.11304441600865524
2026-05-11,2026-05-12,2026-05-13,AAP,1,51.70000076293945,52.0,0.005802693087687549,0,0.9829172141918529,0.030550917596574897,1.0,0.9165275278972469,0.4360307156899989,1.377704628712262,0.00017727759836015707,0.18952351732583542
2026-05-11,2026-05-12,2026-05-13,BBIO,1,64.94000244140625,65.45999908447266,0.0080073394443676,0,0.9704336399474376,0.027625568005539735,1.0,0.8287670401661921,0.4822032423713226,1.2170601443917473,0.0002212073003638179,0.2364877796794752
2026-05-12,2026-05-13,2026-05-14,AMAT,1,435.36875853250467,442.7895476351191,0.01704483603193685,34,0.9908136482939633,0.02527168263161438,1.0,0.7581504789484314,0.5280089124523037,2.1932940598351713,0.00043075168670701346,0.46201502613022255
2026-05-12,2026-05-13,2026-05-14,TSM,1,397.33948163077406,402.2679401856103,0.012403646711896643,32,0.9632063074901445,0.03185643717355399,1.0,0.9556931152066198,0.4188689899458027,1.8919007897035072,0.00039513599220049496,0.4238143956141372
2026-05-12,2026-05-13,2026-05-14,EVR,1,337.6615216254274,339.03797960013543,0.004076443084429782,26,0.9822601839684626,0.03059208064492069,1.0,0.9177624193476207,0.43618065135997797,1.8812110651222673,0.00012470687558330511,0.13375792169660938
2026-05-12,2026-05-13,2026-05-14,NVDA,1,224.92999267578125,229.8500061035156,0.021873532156408082,25,0.9658792650918635,0.03333333333333333,1.0,1.0,0.3602944269404479,1.7604934758123867,0.0007291177385469361,0.7820360579479227
2026-05-12,2026-05-13,2026-05-14,BCS,1,22.559999465942383,23.239999771118164,0.03014185821246773,24,0.9842312746386335,0.03333333333333333,1.0,1.0,0.3788022802358338,1.4300381898124304,0.0010047286070822576,1.0776503679035583
2026-05-12,2026-05-13,2026-05-14,OVV,1,58.313891701630624,57.3091679719381,-0.017229577727950307,24,0.9730617608409986,0.03333333333333333,1.0,1.0,0.38801010918619194,0.08126783849209387,-0.0005743192575983436,-0.6160025253409377
2026-05-12,2026-05-13,2026-05-14,DAL,1,70.30347613869543,72.0,0.02413143637389492,23,0.9835958005249343,0.030685998446321402,1.0,0.920579953389642,0.43484567352437264,1.9086291805142819,0.0007404972190768434,0.7942414448485885
2026-05-12,2026-05-13,2026-05-14,ESI,1,44.5,44.709999084472656,0.0047190805499472965,23,0.973753280839895,0.026011941145765778,1.0,0.7803582343729734,0.5129826177670929,2.022926678588545,0.0001227524455273571,0.13166164191121482
2026-05-12,2026-05-13,2026-05-14,LBRT,1,33.68000030517578,33.310001373291016,-0.010985716405350066,18,0.9717847769028871,0.027744869783710092,1.0,0.8323460935113027,0.48094201797238145,1.174211442565925,-0.00030479727114720526,-0.32691901979545684
2026-05-12,2026-05-13,2026-05-14,AES,1,14.43000030517578,14.4399995803833,0.0006929504501766992,13,0.9678055190538765,0.03333333333333333,1.0,1.0,0.3885111043111474,0.958984037082597,2.3098348339223306e-05,0.024774793322562005
2026-05-12,2026-05-13,2026-05-14,ZIM,1,25.850000381469727,25.82999992370605,-0.0007737120877573389,13,0.994750656167979,0.02158881680431836,1.0,0.6476645041295508,0.6180826760033176,1.2386802956063712,-1.670352852187988e-05,-0.017915846657502125
2026-05-12,2026-05-13,2026-05-14,ILMN,1,146.13999938964844,149.4499969482422,0.02264949755315393,11,0.9711286089238845,0.03243212768845859,1.0,0.9729638306537577,0.411433803860701,1.193790112725721,0.0007345713967233186,0.7878855348104022
2026-05-12,2026-05-13,2026-05-14,MRNA,1,52.85200119018555,49.5,-0.06342240813405575,9,0.9724409448818898,0.020754013067684995,1.0,0.6226203920305499,0.6429442642558238,1.8149898082263163,-0.001316269487198244,-1.4118024381317176
2026-05-12,2026-05-13,2026-05-14,NE,1,51.540000915527344,50.970001220703125,-0.011059365244452168,8,0.9750656167979003,0.03298195514290978,1.0,0.9894586542872934,0.40457497453806973,0.8783146271200316,-0.00036475948840157687,-0.3912332087505607
2026-05-12,2026-05-13,2026-05-14,KGC,1,31.44598921996361,31.156394658950163,-0.009209268596632292,6,0.9763779527559056,0.024609210228223388,1.0,0.7382763068467016,0.5422227506860468,0.8249310761528128,-0.00022663282694269983,-0.24308151237285178
2026-05-12,2026-05-13,2026-05-14,WLK,1,96.75883034149471,93.090865814736,-0.03790831817430218,5,0.980946123521682,0.026666497923110353,1.0,0.7999949376933105,0.5003909287463755,1.0663731457432772,-0.0010108820878636355,-1.0842504594916704
2026-05-12,2026-05-13,2026-05-14,PRIM,1,113.6064532868927,113.38664231056677,-0.0019348458645288558,4,0.9691601049868765,0.011436651598896614,1.0,0.3430995479668984,1.166746538247773,1.385433302608176,-2.2128158050182438e-05,-0.02373418801427127
2026-05-12,2026-05-13,2026-05-14,AAP,1,52.0,49.93000030517578,-0.03980768643892729,1,0.9717477003942181,0.028829670867616074,1.0,0.8648901260284823,0.46284516127262576,1.3756183957288806,-0.0011476424980355377,-1.230936744024152
2026-05-12,2026-05-13,2026-05-14,BBIO,1,65.45999908447266,68.9000015258789,0.05255121432200305,1,0.9704336399474376,0.02826468831451736,1.0,0.8479406494355208,0.4720969682621577,1.2278189168170104,0.001485343693360817,1.593147807607379
2026-05-13,2026-05-14,2026-05-15,AMAT,1,442.7895476351191,427.88808039624536,-0.03365361110816756,35,0.9908136482939633,0.025061315545084856,1.0,0.7518394663525457,0.5318424790120427,2.1976338524443038,-0.0008434037672133601,-0.9053162849469141
2026-05-13,2026-05-14,2026-05-15,TSM,1,402.2679401856103,405.55027471857755,0.008159572774933954,33,0.9632063074901445,0.03176875355078537,1.0,0.9530626065235612,0.41955288442443367,1.8960710706695993,0.00025921945656657473,0.27824821814608086
2026-05-13,2026-05-14,2026-05-15,EVR,1,339.03797960013543,335.95590040753734,-0.009090660569158415,27,0.9822601839684626,0.030479012215038664,1.0,0.9143703664511599,0.43730656665521683,1.878326047656505,-0.0002770743545301497,-0.2974138070619301
2026-05-13,2026-05-14,2026-05-15,NVDA,1,229.8500061035156,229.759994506836,-0.00039161015570765567,26,0.9658792650918635,0.03333333333333333,1.0,1.0,0.35973420792142713,1.7583784712617334,-1.3053671856921856e-05,-0.01401191477893292
2026-05-13,2026-05-14,2026-05-15,BCS,1,23.239999771118164,22.530000686645508,-0.03055073543309661,25,0.9842312746386335,0.03333333333333333,1.0,1.0,0.37849257342773657,1.4349579255971396,-0.001018357847769887,-1.093113380955936
2026-05-13,2026-05-14,2026-05-15,OVV,1,57.3091679719381,58.691909344991046,0.024127751666714436,25,0.9730617608409986,0.03333333333333333,1.0,1.0,0.3895229462946838,0.08782124804479707,0.0008042583888904812,0.863297325755871
2026-05-13,2026-05-14,2026-05-15,LBRT,1,33.310001373291016,33.150001525878906,-0.004803357574773348,19,0.9717847769028871,0.028167104533047015,1.0,0.8450131359914105,0.47319994041855196,1.1773958178165131,-0.0001352966749182441,-0.14522852264148012
2026-05-13,2026-05-14,2026-05-15,AES,1,14.4399995803833,14.43000030517578,-0.000692470602360995,14,0.9678055190538765,0.03333333333333333,1.0,1.0,0.38779269111542763,0.9624459401966412,-2.3082353412033166e-05,-0.024776781004734613
2026-05-13,2026-05-14,2026-05-15,ZIM,1,25.82999992370605,25.670000076293945,-0.006194341768668066,14,0.994750656167979,0.021536479008898397,1.0,0.6460943702669519,0.6188881748633962,1.2435516415515706,-0.00013340431147486237,-0.14319724473055478
2026-05-13,2026-05-14,2026-05-15,ILMN,1,149.4499969482422,141.4600067138672,-0.0534626323019739,12,0.9711286089238845,0.032334944230525874,1.0,0.9700483269157762,0.4122064380806326,1.1823352811650065,-0.0017287112339014372,-1.8556123328599403
2026-05-13,2026-05-14,2026-05-15,MRNA,1,49.5,48.43000030517578,-0.021616155450994268,10,0.9724409448818898,0.02073105436922223,1.0,0.6219316310766669,0.642932672377195,1.8127956896756159,-0.0004481256939081217,-0.4810216697734146
2026-05-13,2026-05-14,2026-05-15,NE,1,50.970001220703125,52.0,0.020207941036471944,9,0.9750656167979003,0.03294604067963856,1.0,0.9883812203891567,0.4045606668311562,0.8798335965550917,0.0006657716474393419,0.7146445604271235
2026-05-13,2026-05-14,2026-05-15,KGC,1,31.156394658950163,29.63852013495895,-0.04871791298725192,7,0.9763779527559056,0.024604409541830748,1.0,0.7381322862549224,0.5417188396307772,0.8284387688683027,-0.0011986754831616213,-1.2866677592137228
2026-05-13,2026-05-14,2026-05-15,WLK,1,93.090865814736,90.64555617414685,-0.026267986866248205,6,0.980946123521682,0.02677012878237638,1.0,0.8031038634712914,0.497893465330494,1.0672552193319282,-0.0007031973912632358,-0.7548176503244695
2026-05-13,2026-05-14,2026-05-15,PRIM,1,113.38664231056677,113.63643543721257,0.002203020757609364,5,0.9691601049868765,0.011423370375262913,1.0,0.3427011112578874,1.1667898132467065,1.386607363394867,2.5165922058564067e-05,0.027013300095396965
2026-05-13,2026-05-14,2026-05-15,AAP,1,49.93000030517578,49.84999847412109,-0.0016022798030386198,2,0.9829172141918527,0.02888792736294698,1.0,0.8666378208884093,0.46139247095646463,1.3703741807236152,-4.628654256529664e-05,-0.04968434145925615
2026-05-13,2026-05-14,2026-05-15,BBIO,1,68.9000015258789,68.9000015258789,0.0,2,0.9704336399474376,0.028125253108684457,1.0,0.8437575932605337,0.4739040795577898,1.2213120949513239,0.0,0.0
2026-05-13,2026-05-14,2026-05-15,PFSI,1,88.03071886445379,86.48614673890359,-0.017545831108439214,0,0.9770039421813403,0.03333333333333333,1.0,1.0,0.3079065823849792,0.8935136373005699,-0.0005848610369479738,-0.6277944701733745
2026-05-14,2026-05-15,2026-05-18,TSM,1,405.55027471857755,405.92938920635714,0.0009348150190322535,34,0.9632063074901445,0.031594608199310294,1.0,0.9478382459793089,0.4146597699248469,1.904861589807124,2.9535114265154844e-05,0.03152888593961474
2026-05-14,2026-05-15,2026-05-18,EVR,1,335.95590040753734,333.74159867103424,-0.006591048806754096,28,0.9822601839684626,0.03058335187791772,1.0,0.9175005563375316,0.42837073644145235,1.8435337213340606,-0.00020157636490149023,-0.21518380325345005
2026-05-14,2026-05-15,2026-05-18,BCS,1,22.530000686645508,22.81999969482422,0.01287168217223389,26,0.9842312746386335,0.03333333333333333,1.0,1.0,0.37870779590385756,1.5163301594439877,0.0004290560724077963,0.45801955757470203
2026-05-14,2026-05-15,2026-05-18,OVV,1,58.691909344991046,59.308667176608765,0.01050839610605303,26,0.9730617608409986,0.03333333333333333,1.0,1.0,0.38749461439907734,-0.024142593052873598,0.0003502798702017677,0.37392555774074265
2026-05-14,2026-05-15,2026-05-18,LBRT,1,33.150001525878906,33.11000061035156,-0.0012066640629296854,20,0.9717847769028871,0.02769187194970329,1.0,0.8307561584910987,0.4730995792045782,1.1623404557224133,-3.3414786716957566e-05,-0.03567045617759642
2026-05-14,2026-05-15,2026-05-18,AES,1,14.43000030517578,14.479999542236328,0.0034649505199673136,15,0.9678055190538765,0.03333333333333333,1.0,1.0,0.38688682158195237,0.8825944330263141,0.00011549835066557711,0.12329508163253809
2026-05-14,2026-05-15,2026-05-18,ZIM,1,25.670000076293945,25.8799991607666,0.008180720056428337,15,0.994750656167979,0.02119264068103862,1.0,0.6357792204311586,0.6181869057268246,1.0259102097688084,0.00017337106066805174,0.1850744963422058
2026-05-14,2026-05-15,2026-05-18,ILMN,1,141.4600067138672,142.22000122070312,0.005372504388276855,13,0.9711286089238845,0.03206358675262846,1.0,0.9619076025788538,0.40859474231209375,1.0982060294791884,0.00017226176053239202,0.18389031275869153
2026-05-14,2026-05-15,2026-05-18,MRNA,1,48.43000030517578,49.97999954223633,0.03200493965090678,11,0.9724409448818898,0.020201692647850374,1.0,0.6060507794355112,0.6485106567634937,1.7964320285426696,0.0006465539540406184,0.6901996615873494
2026-05-14,2026-05-15,2026-05-18,NE,1,52.0,52.650001525878906,0.012500029343825103,10,0.9750656167979003,0.033326141345755574,1.0,0.9997842403726672,0.3931152073943969,0.8693774057433968,0.00041657774473840767,0.4446988787964434
2026-05-14,2026-05-15,2026-05-18,KGC,1,29.63852013495895,28.679859392129437,-0.03234509477748049,8,0.9743421052631579,0.024194809990742853,1.0,0.7258442997222856,0.5414802997752101,1.0890956705264125,-0.0007825834222737094,-0.8354118165105999
2026-05-14,2026-05-15,2026-05-18,WLK,1,90.64555617414685,89.68134592883295,-0.010637148537777974,7,0.9822368421052632,0.02594255211322789,1.0,0.7782765633968367,0.5050009308880444,0.9724892432598783,-0.0002759547802774509,-0.2945831430936427
2026-05-14,2026-05-15,2026-05-18,PRIM,1,113.63643543721257,111.62808832332483,-0.017673443435291536,6,0.9691601049868765,0.011241886804166011,1.0,0.3372566041249803,1.165374922823162,1.405227996594883,-0.00019868285053937834,-0.2120949618334155
2026-05-14,2026-05-15,2026-05-18,AAP,1,49.84999847412109,49.2599983215332,-0.011835509942777156,3,0.9743421052631579,0.02817081851576848,1.0,0.8451245554730544,0.4650561700739529,1.271448244495482,-0.00033341600263954863,-0.3559232926370229
2026-05-14,2026-05-15,2026-05-18,BBIO,1,68.9000015258789,66.20999908447266,-0.03904212455490119,3,0.9704336399474376,0.027268960758358392,1.0,0.8180688227507518,0.48043682643006513,1.2265628304204368,-0.001064638162410541,-1.136506698035861
2026-05-14,2026-05-15,2026-05-18,PFSI,1,86.48614673890359,86.05000305175781,-0.005042931192928091,1,0.9770039421813403,0.03333333333333333,1.0,1.0,0.29646943608841547,0.9201536174251689,-0.00016809770643093634,-0.1794451636513433
2026-05-15,2026-05-18,2026-05-19,TSM,1,405.92938920635714,388.59995521209726,-0.04269075966177538,35,0.9632063074901445,0.03058343415975188,1.0,0.9175030247925564,0.4220627438499122,1.9092944405193355,-0.001305630037345699,-1.3926630409214535
2026-05-15,2026-05-18,2026-05-19,EVR,1,333.74159867103424,328.17589675049544,-0.01667668023015867,29,0.9822601839684626,0.03225684528595592,1.0,0.9677053585786776,0.40016709704212744,1.8427808841928497,-0.000537937094067588,-0.5737958593321305
2026-05-15,2026-05-18,2026-05-19,BCS,1,22.81999969482422,22.850000381469727,0.0013146663911793866,27,0.9842312746386335,0.03333333333333333,1.0,1.0,0.3764645578425409,1.5111101435238272,4.3822213039312884e-05,0.04674339186873204
2026-05-15,2026-05-18,2026-05-19,OVV,1,59.308667176608765,60.35318435102172,0.01761154354223815,27,0.9730617608409986,0.03333333333333333,1.0,1.0,0.37828364145048665,-0.03267157944060808,0.0005870514514079384,0.6261841686464366
2026-05-15,2026-05-18,2026-05-19,LBRT,1,33.11000061035156,33.08000183105469,-0.0009060337887005776,21,0.9717847769028871,0.027276350454148002,1.0,0.81829051362444,0.4732351624355608,1.1599983309599633,-2.4713295143896436e-05,-0.02636067781977303
2026-05-15,2026-05-18,2026-05-19,AES,1,14.479999542236328,14.510000228881836,0.0020718706901887707,16,0.9678055190538765,0.03333333333333333,1.0,1.0,0.38607141902464825,0.8603415332507426,6.906235633962569e-05,0.07366603742410521
2026-05-15,2026-05-18,2026-05-19,ZIM,1,25.8799991607666,25.739999771118164,-0.005409559280846965,16,0.994750656167979,0.02087579974606465,1.0,0.6262739923819396,0.6183297547798788,1.0030301531735875,-0.00011292887626142675,-0.1204566896621109
2026-05-15,2026-05-18,2026-05-19,ILMN,1,142.22000122070312,142.27999877929688,0.000421864421872975,14,0.9711286089238845,0.03165535466484594,1.0,0.9496606399453782,0.4077707634137744,1.096979319624704,1.3354267894869214e-05,0.014244460378345295
2026-05-15,2026-05-18,2026-05-19,MRNA,1,49.97999954223633,47.61000061035156,-0.04741894665048896,12,0.9724409448818898,0.019909657079667024,1.0,0.5972897123900107,0.6483350308931535,1.7935947953920428,-0.0009440949668902604,-1.0070281242770616
2026-05-15,2026-05-18,2026-05-19,NE,1,52.650001525878906,54.36000061035156,0.03247861414841835,11,0.9750656167979003,0.03323271747326026,1.0,0.9969815241978077,0.3884162692444325,0.8828769541037941,0.0010793526079174204,1.1513020091240227
2026-05-15,2026-05-18,2026-05-19,KGC,1,28.679859392129437,27.970852519357816,-0.024721420808854866,9,0.9743421052631579,0.02466729495583977,1.0,0.7400188486751932,0.5232891632798238,1.080066917922627,-0.000609810578819458,-0.6504604143538976
2026-05-15,2026-05-18,2026-05-19,WLK,1,89.68134592883295,90.68531657747845,0.011194865980737934,8,0.9618421052631578,0.0255986659266405,1.0,0.767959977799215,0.5042500329825602,0.9635893591269995,0.000286573634334423,0.3056765681122409
2026-05-15,2026-05-18,2026-05-19,PRIM,1,111.62808832332483,107.44153469478428,-0.03750448199394418,7,0.9691601049868765,0.01106812219400848,1.0,0.3320436658202544,1.1662437323655124,1.3832773217363565,-0.00041510418953196506,-0.44277494110665516
2026-05-15,2026-05-18,2026-05-19,AAP,1,49.2599983215332,50.290000915527344,0.02090951337982272,4,0.9743421052631579,0.0278416202285869,1.0,0.835248606857607,0.4636270458342202,1.2758821360136186,0.0005821547306855807,0.6209610336260402
2026-05-15,2026-05-18,2026-05-19,BBIO,1,66.20999908447266,64.55999755859375,-0.024920730232510402,4,0.9704336399474376,0.027152606810104604,1.0,0.8145782043031381,0.47539185567311226,1.2584246928000744,-0.0006766627894240416,-0.7217689782271486
2026-05-15,2026-05-18,2026-05-19,PFSI,1,86.05000305175781,86.05000305175781,0.0,2,0.9914473684210526,0.03333333333333333,1.0,1.0,0.29541647242057134,0.9174141516233761,0.0,0.0
2026-05-18,2026-05-19,2026-05-20,TSM,1,388.59995521209726,396.0724699406183,0.019229324729187258,36,0.9632063074901445,0.03010506648385938,1.0,0.9031519945157814,0.4274177136515192,1.918568364933627,0.0005789000994119037,0.6162757673292726
2026-05-18,2026-05-19,2026-05-20,EVR,1,328.17589675049544,324.714806366967,-0.010546449077458608,30,0.9822601839684626,0.03196870197958397,1.0,0.9590610593875191,0.402501130451766,1.8421909699709986,-0.00033715628750013256,-0.35892419089254785
2026-05-18,2026-05-19,2026-05-20,BCS,1,22.850000381469727,22.989999771118164,0.006126887847317963,28,0.9842312746386335,0.03333333333333333,1.0,1.0,0.37820747638901564,1.5131521152980938,0.00020422959491059878,0.21741531991916557
2026-05-18,2026-05-19,2026-05-20,OVV,1,60.35318435102172,61.16890705982513,0.013515818884701547,28,0.9730617608409986,0.03333333333333333,1.0,1.0,0.38013702694486873,-0.05641416723887765,0.0004505272961567182,0.479614799554921
2026-05-18,2026-05-19,2026-05-20,LBRT,1,33.08000183105469,33.369998931884766,0.008766538233919707,22,0.9717847769028871,0.027539662650401288,1.0,0.8261898795120386,0.4672329813622703,1.161662618095137,0.00024142750557399343,0.2570148483359297
2026-05-18,2026-05-19,2026-05-20,AES,1,14.510000228881836,14.56999969482422,0.004135042384283194,17,0.9678055190538765,0.03333333333333333,1.0,1.0,0.38587791386526926,0.8507519111211027,0.00013783474614277315,0.14673380438190742
2026-05-18,2026-05-19,2026-05-20,ZIM,1,25.739999771118164,25.11000061035156,-0.0244754920889122,17,0.994750656167979,0.02102310678157497,1.0,0.6306932034472491,0.6120617099816765,0.9960279659777607,-0.0005145508837167946,-0.5477719575703401
2026-05-18,2026-05-19,2026-05-20,ILMN,1,142.27999877929688,141.75999450683594,-0.0036547953115150245,15,0.9711286089238845,0.03163925410901367,1.0,0.9491776232704101,0.4066922261037869,1.091553810483945,-0.00011563499757745564,-0.1231007680505845
2026-05-18,2026-05-19,2026-05-20,MRNA,1,47.61000061035156,46.040000915527344,-0.032976258657784197,13,0.9724409448818898,0.02002776969912703,1.0,0.600833090973811,0.6424798606716065,1.7946889456119193,-0.0006604409139369457,-0.7030811212947049
2026-05-18,2026-05-19,2026-05-20,KGC,1,27.970852519357816,27.78111875971958,-0.006783266956447931,10,0.9743421052631579,0.024190818403244597,1.0,0.7257245520973379,0.5319141531868269,1.143820716497394,-0.00016409277912416158,-0.17468714113310466
2026-05-18,2026-05-19,2026-05-20,WLK,1,90.68531657747845,87.94179135127162,-0.030253246388160848,9,0.950657894736842,0.02536737462683341,1.0,0.7610212388050023,0.5072436101545598,0.9826409804748386,-0.000767445434806371,-0.8169942010704694
2026-05-18,2026-05-19,2026-05-20,PRIM,1,107.44153469478428,107.0618468905513,-0.0035339015336256496,8,0.9691601049868765,0.01103575061705248,1.0,0.33107251851157443,1.1659776604570373,1.386614041119823,-3.899925603031197e-05,-0.04151717448272573
2026-05-18,2026-05-19,2026-05-20,AAP,1,50.290000915527344,49.0099983215332,-0.025452427335290295,5,0.9743421052631579,0.027198078169673227,1.0,0.8159423450901968,0.47310102594696507,1.309399544085622,-0.0006922571082731531,-0.7369514723241182
2026-05-18,2026-05-19,2026-05-20,BBIO,1,64.55999755859375,66.87000274658203,0.035780750857243415,5,0.9704336399474376,0.026512095545268996,1.0,0.7953628663580699,0.48534219650375066,1.29183090163692,0.000948622685408703,1.0098688425690439
2026-05-18,2026-05-19,2026-05-20,PFSI,1,86.05000305175781,85.06999969482422,-0.011388766091549485,3,0.9769736842105263,0.03333333333333333,1.0,1.0,0.2985490643954402,0.928488266865454,-0.00037962553638498284,-0.4041353922224449
2026-05-18,2026-05-19,2026-05-20,WBS,1,71.5199966430664,71.87999725341797,0.005033565817238683,0,0.9493421052631579,0.03333333333333333,1.0,1.0,0.17712597184055248,1.0298628119540285,0.00016778552724128944,0.17861830504506218
2026-05-19,2026-05-20,2026-05-21,TSM,1,396.0724699406183,398.57659636269995,0.006322394541728782,37,0.9632063074901445,0.02979045667582785,1.0,0.8937137002748354,0.42955532243758243,1.9245602519960885,0.00018834702068286173,0.2003052955652305
2026-05-19,2026-05-20,2026-05-21,EVR,1,324.714806366967,334.1505651840983,0.029058603525666582,31,0.9822601839684626,0.03180447785758321,1.0,0.9541343357274963,0.4023536962389379,1.8482929550900151,0.0009241937124043522,0.982871372488485
2026-05-19,2026-05-20,2026-05-21,BCS,1,22.989999771118164,23.51000022888184,0.022618549932172716,29,0.9842312746386335,0.03333333333333333,1.0,1.0,0.3763226707759662,1.511144555790939,0.0007539516644057572,0.8018205461024023
2026-05-19,2026-05-20,2026-05-21,LBRT,1,33.369998931884766,32.290000915527344,-0.0323643407529598,23,0.9717847769028871,0.0275624124599327,1.0,0.8268723737979811,0.4642789974045438,1.1702794488181716,-0.0008920393088268868,-0.9486754649081217
2026-05-19,2026-05-20,2026-05-21,AES,1,14.56999969482422,14.68000030517578,0.0075498018294835045,18,0.9678055190538765,0.03317902476137592,1.0,0.9953707428412776,0.38568491132520527,0.8540198769531582,0.0002504950618439144,0.2663991562933259
2026-05-19,2026-05-20,2026-05-21,ZIM,1,25.11000061035156,25.100000381469727,-0.000398256815561715,18,0.9690789473684212,0.03333333333333333,1.0,1.0,0.3381019117758173,1.001085171001242,-1.32752271853905e-05,-0.014118079996299012
2026-05-19,2026-05-20,2026-05-21,ILMN,1,141.75999450683594,141.02000427246094,-0.005220021607290071,16,0.9711286089238845,0.0314351750763655,1.0,0.9430552522909651,0.4070805774697023,1.0851292188100061,-0.0001640922931275742,-0.1745106195772493
2026-05-19,2026-05-20,2026-05-21,MRNA,1,46.040000915527344,47.630001068115234,0.03453518942158951,14,0.9724409448818898,0.020010663060534097,1.0,0.6003198918160229,0.6394915143109962,1.8039433339619078,0.0006910720392471491,0.7349486526327756
2026-05-19,2026-05-20,2026-05-21,KGC,1,27.78111875971958,28.040000915527344,0.009318636806777025,11,0.9743421052631579,0.024134826272687936,1.0,0.7240447881806381,0.5302150957444152,1.1404141675749468,0.00022490368042983898,0.2391829614234308
2026-05-19,2026-05-20,2026-05-21,WLK,1,87.94179135127162,88.20024093667827,0.0029388710581788047,10,0.950657894736842,0.025099016288350574,1.0,0.7529704886505172,0.5098466440251478,0.9794306234399711,7.37627725585919e-05,0.07844601897864824
2026-05-19,2026-05-20,2026-05-21,PRIM,1,107.0618468905513,106.30246955366933,-0.00709288471044478,9,0.9691601049868765,0.011000000000000001,1.0,0.33,1.1677469486818715,1.3983137924437974,-7.802173181489258e-05,-0.08297538232902486
2026-05-19,2026-05-20,2026-05-21,AAP,1,49.0099983215332,57.59000015258789,0.17506635635375956,6,0.9743421052631579,0.02601417673471619,1.0,0.7804253020414857,0.49191059757316086,1.2891819042816626,0.004554207134489506,4.843356708440934
2026-05-19,2026-05-20,2026-05-21,BBIO,1,66.87000274658203,67.58000183105469,0.010617602143121685,6,0.9704336399474376,0.026362760694397705,1.0,0.7908828208319312,0.48540626572798384,1.2948937251440884,0.00027990930444744117,0.2976809282967571
2026-05-19,2026-05-20,2026-05-21,PFSI,1,85.06999969482422,86.01000213623047,0.011049752495337462,4,0.9927631578947369,0.03333333333333333,1.0,1.0,0.2967086518559392,0.9224128074073438,0.00036832508317791537,0.3917102823424362
2026-05-19,2026-05-20,2026-05-21,WBS,1,71.87999725341797,72.75,0.012103544516213205,1,0.9493421052631579,0.03333333333333333,1.0,1.0,0.17580574831292287,1.0323518059450687,0.0004034514838737735,0.42906688107183044
2026-05-20,2026-05-21,2026-05-22,TSM,1,398.57659636269995,408.47342232875775,0.024830424205468882,38,0.9632063074901445,0.029570263662961966,1.0,0.887107909888859,0.4298067393691626,1.9279403701964062,0.0007342421906189077,0.7867410286863178
2026-05-20,2026-05-21,2026-05-22,EVR,1,334.1505651840983,346.8080193633756,0.03787949355196729,32,0.9822601839684626,0.03177047333157563,1.0,0.9531141999472689,0.40004121042265245,1.8528997795742321,0.0012034494397063678,1.2894969293013263
2026-05-20,2026-05-21,2026-05-22,BCS,1,23.51000022888184,24.0,0.020842184872299496,30,0.9842312746386335,0.03333333333333333,1.0,1.0,0.37502237293584934,1.514680315175953,0.0006947394957433165,0.7444138630734187
2026-05-20,2026-05-21,2026-05-22,LBRT,1,32.290000915527344,32.779998779296875,0.015174910185087764,24,0.9717847769028871,0.02741493588229298,1.0,0.8224480764687894,0.46359760467187694,1.170692622366424,0.00041601918974373575,0.4457648572555437
2026-05-20,2026-05-21,2026-05-22,AES,1,14.68000030517578,14.729999542236328,0.003405942508251769,19,0.9678055190538765,0.03295431433975489,1.0,0.9886294301926466,0.38567024870342503,0.8576634692830464,0.000112240500040062,0.12026577550297357
2026-05-20,2026-05-21,2026-05-22,ZIM,1,25.100000381469727,25.1200008392334,0.0007968309744903479,19,0.980921052631579,0.03333333333333333,1.0,1.0,0.3266796594008427,0.9967523029115182,2.6561032483011596e-05,0.028460165168445347
2026-05-20,2026-05-21,2026-05-22,ILMN,1,141.02000427246094,144.69000244140625,0.026024663577903562,17,0.9711286089238845,0.0315142535083888,1.0,0.945427605251664,0.40329365897500835,1.072231077070233,0.0008201478454645856,0.8787889988612423
2026-05-20,2026-05-21,2026-05-22,MRNA,1,47.630001068115234,47.540000915527344,-0.0018895685611928226,15,0.9724409448818898,0.019966859908657077,1.0,0.5990057972597123,0.6365296629217911,1.8104050537393432,-3.7728750749139805e-05,-0.04042638322160122
2026-05-20,2026-05-21,2026-05-22,KGC,1,28.040000915527344,28.57999992370605,0.019258166567308388,12,0.9743421052631579,0.023940212144441916,1.0,0.7182063643332575,0.5308849616946614,1.1617734552207892,0.00046104459313436153,0.4940096089643747
2026-05-20,2026-05-21,2026-05-22,WLK,1,88.20024093667827,88.23006276855267,0.00033811508401448975,11,0.950657894736842,0.024823671813490898,1.0,0.744710154404727,0.5119910826551007,0.9974578441652744,8.393257880766596e-06,0.00899338177989715
2026-05-20,2026-05-21,2026-05-22,PRIM,1,106.30246955366933,110.73882027488601,0.04173327994959597,10,0.9691601049868765,0.011000000000000001,1.0,0.33,1.1695303793254122,1.4166931842409696,0.0004590660794455557,0.4918896301417344
2026-05-20,2026-05-21,2026-05-22,AAP,1,57.59000015258789,58.0099983215332,0.007292900986846762,7,0.9743421052631579,0.02578829911370116,1.0,0.7736489734110348,0.4928397391091077,1.2933863632351077,0.00018807151205541068,0.20151875873047218
2026-05-20,2026-05-21,2026-05-22,BBIO,1,67.58000183105469,70.55999755859375,0.04409582194136141,7,0.9704336399474376,0.02627755572766153,1.0,0.7883266718298458,0.4836636534609358,1.2885681430726315,0.0011587304184211644,1.2415804662360395
2026-05-20,2026-05-21,2026-05-22,PFSI,1,86.01000213623047,86.87999725341797,0.010115045873496431,5,0.9927631578947369,0.03333333333333333,1.0,1.0,0.2958277398354187,0.9289814103129995,0.00033716819578321434,0.36127596122908623
2026-05-20,2026-05-21,2026-05-22,WBS,1,72.75,72.45999908447266,-0.003986266880100953,2,0.9493421052631579,0.03333333333333333,1.0,1.0,0.17544117369183704,1.0317303521819967,-0.00013287556267003176,-0.14237625976542742
2026-05-20,2026-05-21,2026-05-22,PR,1,21.000698436994348,20.177725710153076,-0.03918787412286928,0,0.9546052631578947,0.03333333333333333,1.0,1.0,0.3356970398904211,-0.019618724722557112,-0.0013062624707623094,-1.3996611650926916
2026-05-21,2026-05-22,2026-05-26,TSM,1,408.47342232875775,412.1547776294235,0.009012472046964204,39,0.9632063074901445,0.029790987205936276,1.0,0.8937296161780883,0.43167061656046063,1.9291934153571946,0.00026849043944496894,0.2891576867771936
2026-05-21,2026-05-22,2026-05-26,EVR,1,346.8080193633756,343.7458786573658,-0.008829497978826706,33,0.9822601839684626,0.03145451872741682,1.0,0.9436355618225046,0.4088409022110451,1.8691114796401718,-0.0002777276095286936,-0.2991058947629188
2026-05-21,2026-05-22,2026-05-26,BCS,1,24.0,24.520000457763672,0.02166668574015307,31,0.9842312746386335,0.03296576141848486,1.0,0.9889728425545458,0.39009849194383817,1.5394773212651631,0.0007142587928391741,0.7692393841829083
2026-05-21,2026-05-22,2026-05-26,LBRT,1,32.779998779296875,31.93000030517578,-0.02593039981007972,25,0.9717847769028871,0.027715597015973138,1.0,0.8314679104791941,0.46399483322404544,1.1535465644145568,-0.0007186765115992359,-0.7739971600654774
2026-05-21,2026-05-22,2026-05-26,AES,1,14.729999542236328,14.699999809265137,-0.002036641812864337,20,0.9678055190538765,0.033289392344567494,1.0,0.9986817703370249,0.3863060545540392,0.8591753081988034,-6.779856837379213e-05,-0.07301741260619209
2026-05-21,2026-05-22,2026-05-26,ZIM,1,25.1200008392334,25.26000022888184,0.005573223924012938,20,0.980921052631579,0.03333333333333333,1.0,1.0,0.32759162094972155,0.9792696446038128,0.00018577413080043126,0.20007422996641486
2026-05-21,2026-05-22,2026-05-26,ILMN,1,144.69000244140625,144.61000061035156,-0.0005529188589729062,18,0.9711286089238845,0.031892021913510746,1.0,0.9567606574053223,0.40323231465244097,1.0654739532362152,-1.763370036675728e-05,-0.018991067309191038
2026-05-21,2026-05-22,2026-05-26,MRNA,1,47.540000915527344,47.209999084472656,-0.006941561310464861,16,0.9724409448818898,0.02037347321746691,1.0,0.6112041965240073,0.6312077316353728,1.8303413428906177,-0.00014142371344616034,-0.15230990690048085
2026-05-21,2026-05-22,2026-05-26,KGC,1,28.57999992370605,28.959999084472656,0.01329598186777492,13,0.9743421052631579,0.02401756896724919,1.0,0.7205270690174757,0.5354369475389995,1.1799373262917539,0.00031933716149657885,0.3439183723309896
2026-05-21,2026-05-22,2026-05-26,WLK,1,88.23006276855267,88.23999786376953,0.00011260442195215603,12,0.950657894736842,0.025501363872776316,1.0,0.7650409161832895,0.5042825897190438,0.9901463343961918,2.871566337885572e-06,0.003092607250398719
2026-05-21,2026-05-22,2026-05-26,PRIM,1,110.73882027488601,119.15188787998495,0.07597216210372526,11,0.9691601049868765,0.011009541831106572,1.0,0.33028625493319713,1.168068027935251,1.418810566457852,0.0008364186966805727,0.9008026356890882
2026-05-21,2026-05-22,2026-05-26,AAP,1,58.0099983215332,56.34000015258789,-0.028788109244357818,8,0.9743421052631579,0.02582133057070269,1.0,0.7746399171210807,0.4980337391955454,1.3062563784667545,-0.0007433472853040652,-0.8005669845636575
2026-05-21,2026-05-22,2026-05-26,BBIO,1,70.55999755859375,68.48999786376953,-0.029336731383887482,8,0.9704336399474376,0.026737493065230798,1.0,0.8021247919569239,0.48096857038007806,1.3003851785051594,-0.0007843906519332302,-0.8447696942637551
2026-05-21,2026-05-22,2026-05-26,PFSI,1,86.87999725341797,86.5,-0.004373817511867162,6,0.9927631578947369,0.03333333333333333,1.0,1.0,0.3013198445695385,0.9436399638513683,-0.00014579391706223872,-0.15701651012621531
2026-05-21,2026-05-22,2026-05-26,WBS,1,72.45999908447266,73.02999877929688,0.007866404941017535,3,0.9493421052631579,0.03333333333333333,1.0,1.0,0.1795439026803006,1.0371058106783018,0.00026221349803391784,0.2823975732245189
2026-05-21,2026-05-22,2026-05-26,PR,1,20.177725710153076,19.95958670541212,-0.010810881656062477,1,0.9546052631578947,0.03333333333333333,1.0,1.0,0.337207366355429,-0.030561454120334914,-0.0003603627218687492,-0.38810190512447795
2026-05-21,2026-05-22,2026-05-26,NYT,1,74.26000213623047,74.41000366210938,0.002019950465443454,0,0.9756578947368422,0.03333333333333333,1.0,1.0,0.32027675424396485,0.32639129928605426,6.733168218144847e-05,0.0725145875087868
2026-05-21,2026-05-22,2026-05-26,CHRD,1,142.30999755859375,141.3699951171875,-0.006605315561327485,0,0.9703947368421053,0.02985248669296423,1.0,0.8955746007889268,0.4307813264401249,-0.16893652274568,-0.00019718509489735829,-0.21236356134441844
2026-05-21,2026-05-22,2026-05-26,YUMC,1,43.910197308153094,44.02940867920828,0.002714890352657262,0,0.9453947368421052,0.03333333333333333,1.0,1.0,0.24192853019158703,0.5555316969178355,9.04963450885754e-05,0.09746236723250835
2026-05-22,2026-05-26,2026-05-27,EVR,1,343.7458786573658,342.6686173700376,-0.00313388859100161,34,0.9822601839684626,0.03139000590969078,1.0,0.9417001772907234,0.41184351769087585,1.8679212723469034,-9.837278139185305e-05,-0.10585958464605118
2026-05-22,2026-05-26,2026-05-27,BCS,1,24.520000457763672,24.670000076293945,0.006117439466962971,32,0.9842312746386335,0.03324231875354135,1.0,0.9972695626062404,0.3888949669856354,1.543099507009562,0.00020335787271627713,0.2188347186657109
2026-05-22,2026-05-26,2026-05-27,LBRT,1,31.93000030517578,31.13999938964844,-0.024741650735258025,26,0.9842105263157894,0.027868384835835182,1.0,0.8360515450750554,0.463886605927767,1.1488280333108476,-0.0006895098441639952,-0.7419859912450226
2026-05-22,2026-05-26,2026-05-27,AES,1,14.699999809265137,14.670000076293944,-0.002040798187785353,21,0.9678055190538765,0.03333333333333333,1.0,1.0,0.3857227399445512,0.847627360568718,-6.802660625951177e-05,-0.07320386982682965
2026-05-22,2026-05-26,2026-05-27,ZIM,1,25.26000022888184,25.209999084472656,-0.0019794593806856664,21,0.9776315789473684,0.03333333333333333,1.0,1.0,0.32745713217236033,0.971775839150654,-6.598197935618888e-05,-0.07100363362653626
2026-05-22,2026-05-26,2026-05-27,ILMN,1,144.61000061035156,144.74000549316406,0.0008990034040785577,19,0.9711286089238845,0.03214887864206825,1.0,0.9644663592620475,0.40212197128604865,1.0717323170294533,2.8901951336527797e-05,0.03110157627604295
2026-05-22,2026-05-26,2026-05-27,MRNA,1,47.209999084472656,47.02000045776367,-0.0040245420545130806,17,0.9724409448818898,0.020448614689516306,1.0,0.6134584406854892,0.6322076409807997,1.8480585838550558,-8.229630977449231e-05,-0.08855958983133935
2026-05-22,2026-05-26,2026-05-27,KGC,1,28.959999084472656,28.68000030517578,-0.009668466441596024,14,0.9743421052631579,0.024139989362734076,1.0,0.7241996808820222,0.5355333948134037,1.189049788207298,-0.0002333966770540794,-0.25115966979011917
2026-05-22,2026-05-26,2026-05-27,WLK,1,88.23999786376953,86.91000366210938,-0.01507246411897567,13,0.9796052631578946,0.025641020632894775,1.0,0.7692306189868433,0.5041831461887847,0.9787207374986214,-0.00038647336346322135,-0.4158864795131958
2026-05-22,2026-05-26,2026-05-27,AAP,1,56.34000015258789,55.66999816894531,-0.011892118953283348,9,0.9743421052631579,0.022437507373881536,1.0,0.673125221216446,0.5761678531739695,1.3149197643910178,-0.0002668295067053715,-0.28713695344879864
2026-05-22,2026-05-26,2026-05-27,BBIO,1,68.48999786376953,68.05999755859375,-0.006278293452878669,9,0.9704336399474376,0.026990865454322433,1.0,0.809725963629673,0.47896835601891097,1.3030335851579506,-0.00016945657386940158,-0.18235331228362894
2026-05-22,2026-05-26,2026-05-27,PFSI,1,86.5,86.83999633789062,0.003930593501625612,7,0.9927631578947369,0.03333333333333333,1.0,1.0,0.2982317295635053,0.9465606245816258,0.0001310197833875204,0.1409912340952388
2026-05-22,2026-05-26,2026-05-27,WBS,1,73.02999877929688,72.95999908447266,-0.0009585060385357558,4,0.9493421052631579,0.03333333333333333,1.0,1.0,0.17843967245222603,1.0382606243808756,-3.195020128452519e-05,-0.03438181770895495
2026-05-22,2026-05-26,2026-05-27,PR,1,19.95958670541212,19.220895552479703,-0.03700934111687393,2,0.9546052631578947,0.03333333333333333,1.0,1.0,0.3407833449880136,-0.03445017699267252,-0.0012336447038957977,-1.3275330239470617
2026-05-22,2026-05-26,2026-05-27,NYT,1,74.41000366210938,74.66000366210938,0.0033597633072999233,1,0.9789473684210526,0.03333333333333333,1.0,1.0,0.3131250756993196,0.32680269577433646,0.00011199211024333078,0.12051543227968141
2026-05-22,2026-05-26,2026-05-27,CHRD,1,141.3699951171875,134.47000122070312,-0.048808050751962484,1,0.9802631578947368,0.02982197460397419,1.0,0.8946592381192258,0.43349813772766166,-0.1724595942195269,-0.0014555524499945086,-1.5663293810224792
2026-05-22,2026-05-26,2026-05-27,YUMC,1,44.02940867920828,42.84999847412109,-0.02678687360260046,1,0.9453947368421052,0.03333333333333333,1.0,1.0,0.24089016025077276,0.5508228929172279,-0.0008928957867533486,-0.9608509160822261
2026-05-26,2026-05-27,2026-05-28,BCS,1,24.670000076293945,24.14999961853028,-0.021078251161553374,33,0.9842312746386335,0.03333333333333333,1.0,1.0,0.383266308343118,1.5537046814588171,-0.0007026083720517791,-0.7521000419688229
2026-05-26,2026-05-27,2026-05-28,LBRT,1,31.13999938964844,30.26000022888184,-0.02825944694973659,27,0.9842105263157894,0.027364926299147347,1.0,0.8209477889744204,0.46870669344626553,1.1094126597787484,-0.0007733176830342061,-0.8277901103950935
2026-05-26,2026-05-27,2026-05-28,ZIM,1,25.209999084472656,25.0,-0.008329991753232457,22,0.9769736842105263,0.03333333333333333,1.0,1.0,0.3253095572131589,0.9410940585276285,-0.00027766639177441524,-0.29722518719358393
2026-05-26,2026-05-27,2026-05-28,ILMN,1,144.74000549316406,150.10000610351562,0.037031922115027927,20,0.9711286089238845,0.03205804437969177,1.0,0.9617413313907532,0.4000906596223704,1.0188988128426957,0.0011871710026288545,1.2707952202361892
2026-05-26,2026-05-27,2026-05-28,MRNA,1,47.02000045776367,47.244998931884766,0.0047851652898898145,18,0.9724409448818898,0.020289252692317072,1.0,0.6086775807695122,0.6321634570075108,1.7846342607115098,9.708742774107913e-05,0.10392625733376468
2026-05-26,2026-05-27,2026-05-28,KGC,1,28.68000030517578,28.18000030517578,-0.017433751557867527,15,0.9743421052631579,0.024669330304106445,1.0,0.7400799091231933,0.519921861029972,1.2307750807913989,-0.0004300789756207643,-0.460373699604091
2026-05-26,2026-05-27,2026-05-28,WLK,1,86.91000366210938,87.44999694824219,0.006213246615800472,14,0.9763157894736842,0.02547259523362804,1.0,0.7641778570088412,0.5035263978576278,0.9578902869677192,0.00015826751613099465,0.1694158655935432
2026-05-26,2026-05-27,2026-05-28,AAP,1,55.66999816894531,58.33000183105469,0.04778163731992402,10,0.9743421052631579,0.022253226562623574,1.0,0.6675967968787072,0.5763714347660851,1.2322141155212494,0.001063295600813379,1.138194046367088
2026-05-26,2026-05-27,2026-05-28,BBIO,1,68.05999755859375,66.44999694824219,-0.023655607818168,10,0.9704336399474376,0.02671183742009726,1.0,0.8013551226029179,0.48016629932106725,1.2908609757350207,-0.0006318847501124853,-0.6763946545231833
2026-05-26,2026-05-27,2026-05-28,PFSI,1,86.83999633789062,86.58999633789062,-0.0028788577906804225,8,0.9927631578947369,0.03333333333333333,1.0,1.0,0.2965751226235318,0.9035825891535216,-9.596192635601408e-05,-0.1027214757333527
2026-05-26,2026-05-27,2026-05-28,WBS,1,72.95999908447266,72.83999633789062,-0.0016447745077832199,5,0.9493421052631579,0.03333333333333333,1.0,1.0,0.17953189568678446,1.0123361529882462,-5.4825816926107325e-05,-0.05868774249114913
2026-05-26,2026-05-27,2026-05-28,PR,1,19.220895552479703,19.424159294861056,0.010575144213565535,3,0.9546052631578947,0.03333333333333333,1.0,1.0,0.3396230540137663,-0.06537798317115256,0.00035250480711885115,0.37733521371812184
2026-05-26,2026-05-27,2026-05-28,NYT,1,74.66000366210938,74.72000122070312,0.0008036104426847324,2,0.9789473684210526,0.03333333333333333,1.0,1.0,0.3059520574536306,0.3207112014893008,2.6787014756157745e-05,0.028673889642808023
2026-05-26,2026-05-27,2026-05-28,CHRD,1,134.47000122070312,136.19000244140625,0.012790966052570463,2,0.986842105263158,0.02959986799146085,1.0,0.8879960397438255,0.4333169366084425,-0.2149744246331594,0.0003786109066393428,0.4052802245179036
2026-05-26,2026-05-27,2026-05-28,YUMC,1,42.84999847412109,43.27999877929688,0.01003501331360579,2,0.9453947368421052,0.03333333333333333,1.0,1.0,0.2321923082062379,0.5261088873335901,0.00033450044378685964,0.3580626246681655
2026-05-26,2026-05-27,2026-05-28,NE,1,49.0,47.52999877929688,-0.030000024912308576,0,0.9677631578947369,0.03333333333333333,1.0,1.0,0.3492854869043074,0.835128917449622,-0.001000000830410286,-1.0704407980851773
2026-05-26,2026-05-27,2026-05-28,VLO,1,235.97000122070312,243.8699951171875,0.03347880601608977,0,0.9664473684210526,0.030146015884546972,1.0,0.9043804765364092,0.42546664113743976,-0.10719684458811041,0.0010092526179567088,1.080344280706131
2026-05-27,2026-05-28,2026-05-29,BCS,1,24.14999961853028,24.6200008392334,0.019461748576695026,34,0.9842312746386335,0.03306748963598553,1.0,0.9920246890795659,0.38790220625797595,1.5613186073290486,0.0006435511693580188,0.689232669483566
2026-05-27,2026-05-28,2026-05-29,LBRT,1,30.26000022888184,29.1200008392334,-0.037673475909638654,28,0.9842105263157894,0.02823445663340234,1.0,0.8470336990020702,0.454301364880414,1.1075476574710263,-0.0010636901218002202,-1.139194545917781
2026-05-27,2026-05-28,2026-05-29,ZIM,1,25.0,24.100000381469727,-0.03599998474121091,23,0.9769736842105263,0.03333333333333333,1.0,1.0,0.32371578547337876,0.9388068038399345,-0.001199999491373697,-1.2851796285965507
2026-05-27,2026-05-28,2026-05-29,ILMN,1,150.10000610351562,159.9600067138672,0.06568954170162833,21,0.9711286089238845,0.032168793074587185,1.0,0.9650637922376156,0.398738993889846,1.0184134100910107,0.0021131532741641475,2.2631522426305186
2026-05-27,2026-05-28,2026-05-29,MRNA,1,47.244998931884766,47.27000045776367,0.0005291888336149686,19,0.9724409448818898,0.0202917690296165,1.0,0.6087530708884951,0.6321258716522046,1.782389756620205,1.07381775847671e-05,0.011500410774671836
2026-05-27,2026-05-28,2026-05-29,KGC,1,28.18000030517578,29.190000534057617,0.03584102973541592,16,0.9743421052631579,0.024355659750620925,1.0,0.7306697925186277,0.5266518056397356,1.2426850065012673,0.0008729319253476772,0.9348956692674398
2026-05-27,2026-05-28,2026-05-29,WLK,1,87.44999694824219,87.5,0.0005717902058637314,15,0.9763157894736842,0.02912430349141658,1.0,0.8737291047424974,0.4404209078851228,0.9552085736013164,1.665299148899488e-05,0.017835078740198435
2026-05-27,2026-05-28,2026-05-29,AAP,1,58.33000183105469,59.04999923706055,0.012343517630793777,11,0.9743421052631579,0.02204075825151651,1.0,0.6612227475454953,0.5819651047771456,1.2362570104252646,0.00027206048807365747,0.29137228768159074
2026-05-27,2026-05-28,2026-05-29,BBIO,1,66.44999694824219,67.95999908447266,0.02272388571223871,11,0.9704336399474376,0.026620698720899675,1.0,0.7986209616269903,0.4818413040053383,1.2790468185215245,0.0006049257153136634,0.647865446380603
2026-05-27,2026-05-28,2026-05-29,PFSI,1,86.58999633789062,86.18000030517578,-0.004734912230680344,9,0.9927631578947369,0.03333333333333333,1.0,1.0,0.2959282193724801,0.9022932044448145,-0.0001578304076893448,-0.16903375892537517
2026-05-27,2026-05-28,2026-05-29,WBS,1,72.83999633789062,72.7300033569336,-0.0015100629665986132,6,0.9493421052631579,0.03333333333333333,1.0,1.0,0.18123184629734507,1.0150867201715743,-5.033543221995377e-05,-0.05390841625410458
2026-05-27,2026-05-28,2026-05-29,PR,1,19.424159294861056,19.295257879665183,-0.0066361386991907745,4,0.9546052631578947,0.03333333333333333,1.0,1.0,0.3499041548454754,-0.0819438747780161,-0.00022120462330635915,-0.23690649676798514
2026-05-27,2026-05-28,2026-05-29,NYT,1,74.72000122070312,75.01000213623047,0.0038811685062847268,3,0.9789473684210526,0.03333333333333333,1.0,1.0,0.30560766358385316,0.31963985659204297,0.00012937228354282422,0.13855557815605496
2026-05-27,2026-05-28,2026-05-29,CHRD,1,136.19000244140625,133.3699951171875,-0.020706419514398777,3,0.986842105263158,0.028918952970227715,1.0,0.8675685891068314,0.44354829161404935,-0.23215033642699084,-0.0005988079721187036,-0.6413134444975462
2026-05-27,2026-05-28,2026-05-29,YUMC,1,43.27999877929688,43.09000015258789,-0.004389986877723295,3,0.9453947368421052,0.03333333333333333,1.0,1.0,0.22942673953737977,0.5217003121848973,-0.00014633289592410985,-0.1567201137893144
2026-05-27,2026-05-28,2026-05-29,NE,1,47.52999877929688,46.72999954223633,-0.016831459238518143,1,0.9677631578947369,0.03333333333333333,1.0,1.0,0.3568402535258451,0.8169593836406438,-0.000561048641283938,-0.6008738250417692
2026-05-27,2026-05-28,2026-05-29,VLO,1,243.8699951171875,245.009994506836,0.004674619315511386,1,0.9664473684210526,0.029934751712565853,1.0,0.8980425513769755,0.4284970294183904,-0.1165360544424001,0.00013993356856059787,0.14986653991413607
2026-05-27,2026-05-28,2026-05-29,WFRD,1,105.66999816894533,103.55999755859376,-0.01996783048087203,0,0.9703947368421053,0.03123171760433912,1.0,0.9369515281301736,0.41070274609006624,1.1015875526177485,-0.0006236296427499102,-0.6678970436342777
2026-05-28,2026-05-29,2026-06-01,BCS,1,24.6200008392334,24.190000534057617,-0.017465487023483384,35,0.9842312746386335,0.03321926150428201,1.0,0.9965778451284604,0.3858679009527749,1.5674621911628104,-0.0005801905807327385,-0.6214659344859972
2026-05-28,2026-05-29,2026-06-01,LBRT,1,29.1200008392334,30.489999771118164,0.04704666526104506,29,0.9842105263157894,0.027253863780086228,1.0,0.8176159134025869,0.4703276867929683,1.1200144683215922,0.001282203406331837,1.3734206734462762
2026-05-28,2026-05-29,2026-06-01,ZIM,1,24.100000381469727,23.489999771118164,-0.025311228244651263,24,0.9973684210526316,0.03333333333333333,1.0,1.0,0.32355976232962474,0.9349517962890546,-0.000843707608155042,-0.9037298338639366
2026-05-28,2026-05-29,2026-06-01,ILMN,1,159.9600067138672,160.85000610351562,0.005563886923563688,22,0.9711286089238845,0.03182037918353068,1.0,0.9546113755059205,0.40283136269139674,1.0172777747964674,0.00017704499164208454,0.18964015416788904
2026-05-28,2026-05-29,2026-06-01,MRNA,1,47.27000045776367,47.06999969482422,-0.004231029426753574,20,0.9724409448818898,0.020291905117494638,1.0,0.6087571535248392,0.6316926199702849,1.7779509424106996,-8.585564767701126e-05,-0.09196350662416672
2026-05-28,2026-05-29,2026-06-01,KGC,1,29.190000534057617,29.489999771118164,0.010277465966830768,17,0.9743421052631579,0.024177435008448028,1.0,0.7253230502534408,0.5301739702073316,1.2581899186791294,0.00024848276546458734,0.26616008458477364
2026-05-28,2026-05-29,2026-06-01,WLK,1,87.5,87.5,0.0,16,0.9763157894736842,0.029122961466867096,1.0,0.8736888440060129,0.44014228163031466,0.9529080775181981,0.0,0.0
2026-05-28,2026-05-29,2026-06-01,AAP,1,59.04999923706055,60.7400016784668,0.028619855431692987,12,0.9743421052631579,0.022175651862487194,1.0,0.6652695558746158,0.5780324649460357,1.230320237925514,0.0006346639504079369,0.6798145956225567
2026-05-28,2026-05-29,2026-06-01,BBIO,1,67.95999908447266,66.5,-0.02148321224457217,12,0.9704336399474376,0.026675960153509502,1.0,0.8002788046052851,0.48051678867769804,1.2908851638976733,-0.0005730853138055947,-0.6138551915727405
2026-05-28,2026-05-29,2026-06-01,PFSI,1,86.18000030517578,83.5,-0.03109770591419725,10,0.9927631578947369,0.03333333333333333,1.0,1.0,0.2954409348197236,0.9010598152252804,-0.0010365901971399083,-1.1103342883143543
2026-05-28,2026-05-29,2026-06-01,WBS,1,72.7300033569336,72.27999877929688,-0.006187330632012378,7,0.9493421052631579,0.03333333333333333,1.0,1.0,0.17704735851085046,1.0177448441313266,-0.0002062443544004126,-0.22091678957979521
2026-05-28,2026-05-29,2026-06-01,PR,1,19.295257879665183,19.53422052289571,0.01238452705430615,5,0.9546052631578947,0.03333333333333333,1.0,1.0,0.3507706761821038,-0.0874782701127892,0.00041281756847687164,0.4421858342507208
2026-05-28,2026-05-29,2026-06-01,NYT,1,75.01000213623047,75.0999984741211,0.001199791165545916,4,0.9789473684210526,0.03333333333333333,1.0,1.0,0.3028547359090278,0.3258049782530215,3.999303885153053e-05,0.04283818470719056
2026-05-28,2026-05-29,2026-06-01,CHRD,1,133.3699951171875,135.50999450683594,0.01604558347451457,4,0.986842105263158,0.02861936008137257,1.0,0.8585808024411771,0.4478872578357057,-0.2345055911064883,0.0004592143311728536,0.4918833102931071
2026-05-28,2026-05-29,2026-06-01,YUMC,1,43.09000015258789,43.0,-0.0020886551930653363,4,0.9453947368421052,0.03333333333333333,1.0,1.0,0.2286456889282749,0.5248432515860042,-6.962183976884454e-05,-0.07457480894973423
2026-05-28,2026-05-29,2026-06-01,NE,1,46.72999954223633,46.928001403808594,0.004237146661927538,2,0.9677631578947369,0.03333333333333333,1.0,1.0,0.37241909773886867,0.8289233208999995,0.00014123822206425126,0.15128605422971114
2026-05-28,2026-05-29,2026-06-01,VLO,1,245.009994506836,248.5,0.014244339298030706,2,0.9664473684210526,0.029894570526967947,1.0,0.8968371158090385,0.4287817647788335,-0.11866649913457532,0.00042582840575504003,0.4561222758546337
2026-05-28,2026-05-29,2026-06-01,WFRD,1,103.55999755859376,104.23999786376952,0.006566244893845274,1,0.9703947368421053,0.031099086650145966,1.0,0.9329725995043789,0.4121743783687119,1.0991554064221771,0.0002042042189197727,0.218731516765899
2026-05-29,2026-06-01,2026-06-02,BCS,1,24.190000534057617,24.89999961853028,0.0293509329804702,36,0.9842312746386335,0.033225693329010944,1.0,0.9967707998703282,0.38537941994219055,1.5869090424181558,0.0009752050981294561,1.0452406900826805
2026-05-29,2026-06-01,2026-06-02,LBRT,1,30.489999771118164,29.709999084472656,-0.025582180797009024,30,0.9842105263157894,0.02699155152669712,1.0,0.8097465458009135,0.4743891217089364,1.1292601431855778,-0.0006905027511477506,-0.7400920826788528
2026-05-29,2026-06-01,2026-06-02,ZIM,1,23.489999771118164,25.0,0.06428268384823221,25,0.9875,0.03333333333333333,1.0,1.0,0.3309829781189067,0.990710040309845,0.002142756128274407,2.2966408794338764
2026-05-29,2026-06-01,2026-06-02,ILMN,1,160.85000610351562,161.24000549316406,0.0024246153239027013,23,0.9711286089238845,0.031363954141738155,1.0,0.9409186242521446,0.4082552335220873,1.0282394100697414,7.604552383023992e-05,0.0815068296489436
2026-05-29,2026-06-01,2026-06-02,MRNA,1,47.06999969482422,45.34999847412109,-0.03654134760685501,21,0.9724409448818898,0.020275377406257802,1.0,0.6082613221877341,0.6315294736935135,1.8012131211794233,-0.0007408896136622407,-0.7940975416810323
2026-05-29,2026-06-01,2026-06-02,KGC,1,29.489999771118164,29.3700008392334,-0.004069139803869692,18,0.9743421052631579,0.02408284533204781,1.0,0.7224853599614344,0.5316854485326113,1.3229639528775399,-9.799646453107317e-05,-0.10503420501860883
2026-05-29,2026-06-01,2026-06-02,WLK,1,87.5,86.30999755859375,-0.013600027901785716,17,0.9763157894736842,0.029281095737921425,1.0,0.8784328721376428,0.437295739780956,0.9559105988151168,-0.0003982237190305902,-0.4268226608794561
2026-05-29,2026-06-01,2026-06-02,AAP,1,60.7400016784668,59.0,-0.028646717655321563,13,0.9743421052631579,0.02217639218705025,1.0,0.6652917656115075,0.577393216818579,1.2461402674595983,-0.0006352808455961076,-0.6809043458866711
2026-05-29,2026-06-01,2026-06-02,BBIO,1,66.5,64.84500122070312,-0.02488719968867481,13,0.9704336399474376,0.02649811993698289,1.0,0.7949435981094868,0.483222902332794,1.3484177987057815,-0.0006594640022461484,-0.7068242466272954
2026-05-29,2026-06-01,2026-06-02,PFSI,1,83.5,81.9800033569336,-0.018203552611573692,11,0.9927631578947369,0.03333333333333333,1.0,1.0,0.2961652601914399,0.8903089761731249,-0.0006067850870524564,-0.6503621282734471
2026-05-29,2026-06-01,2026-06-02,WBS,1,72.27999877929688,72.73999786376953,0.006364126898745992,8,0.9493421052631579,0.03333333333333333,1.0,1.0,0.17665127189568178,1.0101731914025618,0.00021213756329153307,0.22737249166622545
2026-05-29,2026-06-01,2026-06-02,PR,1,19.53422052289571,19.47373594411403,-0.0030963395089548262,6,0.9546052631578947,0.03333333333333333,1.0,1.0,0.34639334126799853,-0.10000189552030284,-0.00010321131696516088,-0.11062356869948
2026-05-29,2026-06-01,2026-06-02,NYT,1,75.0999984741211,76.04000091552734,0.012516677237086382,5,0.9789473684210526,0.03333333333333333,1.0,1.0,0.3004071153167287,0.3357910319830497,0.00041722257456954605,0.44718594334425227
2026-05-29,2026-06-01,2026-06-02,CHRD,1,135.50999450683594,137.10000610351562,0.011733537459478471,5,0.986842105263158,0.028625749563090896,1.0,0.8587724868927269,0.4473070091698506,-0.26173783614148693,0.00033588130480417653,0.3600030470439399
2026-05-29,2026-06-01,2026-06-02,YUMC,1,43.0,43.41999816894531,0.009767399277798017,5,0.9453947368421052,0.03333333333333333,1.0,1.0,0.23049889254174263,0.5110402348041945,0.00032557997592660054,0.34896191515750996
2026-05-29,2026-06-01,2026-06-02,NE,1,46.928001403808594,46.93000030517578,4.259506706860705e-05,3,0.9677631578947369,0.03333333333333333,1.0,1.0,0.3706217254194284,0.7785200112484245,1.4198355689535683e-06,0.001521802862539954
2026-05-29,2026-06-01,2026-06-02,VLO,1,248.5,254.17999267578125,0.022857113383425443,3,0.9664473684210526,0.029884535028910083,1.0,0.8965360508673025,0.4284657067585079,-0.13650191982010193,0.0006830742055667471,0.7321300466678721
2026-05-29,2026-06-01,2026-06-02,WFRD,1,104.23999786376952,100.12999725341795,-0.039428249180539,2,0.9703947368421053,0.030890436972113737,1.0,0.9267131091634121,0.4145133470876626,1.1210978657669024,-0.001217955846232235,-1.3054248912847881
2026-05-29,2026-06-01,2026-06-02,AEO,1,15.800000190734863,15.970000267028809,0.010759498369729892,0,0.9671052631578947,0.023590163134226048,1.0,0.7077048940267814,0.5427897361054617,1.9565596612283525,0.0002538183217843674,0.2720466067357473
2026-06-01,2026-06-02,2026-06-03,BCS,1,24.89999961853028,25.01000022888184,0.004417695262521226,37,0.9842312746386335,0.03333333333333333,1.0,1.0,0.37717273294814013,1.584784036518991,0.00014725650875070754,0.15786972219871337
2026-06-01,2026-06-02,2026-06-03,LBRT,1,29.709999084472656,31.670000076293945,0.06597108893367976,31,0.9842105263157894,0.02665076734268213,1.0,0.799523020280464,0.4744255321531502,1.1284841890809987,0.001758180142514891,1.884897401336676
2026-06-01,2026-06-02,2026-06-03,ZIM,1,25.0,25.100000381469727,0.004000015258789125,26,0.9875,0.03333333333333333,1.0,1.0,0.3353074922222452,0.9764673429686253,0.0001333338419596375,0.14294360750797025
2026-06-01,2026-06-02,2026-06-03,ILMN,1,161.24000549316406,162.88999938964844,0.010233154553907164,24,0.9711286089238845,0.031813673128773756,1.0,0.9544101938632127,0.3974330291149602,1.0440976919740808,0.00032555423405422515,0.34901789351642826
2026-06-01,2026-06-02,2026-06-03,MRNA,1,45.34999847412109,45.29999923706055,-0.0011025190461488865,22,0.9724409448818898,0.02015599548831075,1.0,0.6046798646493224,0.6272974453767072,1.7912831705622199,-2.2222368919953626e-05,-0.02382400097458201
2026-06-01,2026-06-02,2026-06-03,KGC,1,29.3700008392334,28.51000022888184,-0.02928159978813283,19,0.9743421052631579,0.023608000950398413,1.0,0.7082400285119524,0.53557285538098,1.3378725028992717,-0.0006912800356274258,-0.7411026385989476
2026-06-01,2026-06-02,2026-06-03,WLK,1,86.30999755859375,86.45999908447266,0.0017379391741620953,18,0.9763157894736842,0.029777293344306066,1.0,0.893318800329182,0.4246122820044516,0.9427367077913189,5.175112460358574e-05,0.055480981682582683
2026-06-01,2026-06-02,2026-06-03,AAP,1,59.0,57.400001525878906,-0.027118618205442258,14,0.9743421052631579,0.02194831104541484,1.0,0.6584493313624452,0.5760718650596648,1.2809037404174948,-0.0005952078674948963,-0.6381062642941165
2026-06-01,2026-06-02,2026-06-03,BBIO,1,64.84500122070312,63.43000030517578,-0.02182127980399473,14,0.9704336399474376,0.025994158789626718,1.0,0.7798247636888015,0.48640944995255747,1.335001495281507,-0.0005672258122179137,-0.6081074592796315
2026-06-01,2026-06-02,2026-06-03,PFSI,1,81.9800033569336,83.18000030517578,0.014637678691198808,12,0.9927631578947369,0.03333333333333333,1.0,1.0,0.3008429956076037,0.8858984087233055,0.00048792262303996024,0.5230886539907592
2026-06-01,2026-06-02,2026-06-03,WBS,1,72.73999786376953,72.44999694824219,-0.00398681501297915,9,0.9493421052631579,0.03333333333333333,1.0,1.0,0.17378391253095984,1.0041740984249394,-0.00013289383376597166,-0.14247188661842516
2026-06-01,2026-06-02,2026-06-03,PR,1,19.47373594411403,19.701789670869182,0.011710835938703479,7,0.9546052631578947,0.03333333333333333,1.0,1.0,0.34619219898091247,-0.10774386242620605,0.0003903611979567826,0.418495687568704
2026-06-01,2026-06-02,2026-06-03,NYT,1,76.04000091552734,75.36000061035156,-0.008942665662658111,6,0.9789473684210526,0.03333333333333333,1.0,1.0,0.2993951490723367,0.33623334522804255,-0.000298088855421937,-0.31957300356523305
2026-06-01,2026-06-02,2026-06-03,CHRD,1,137.10000610351562,139.4199981689453,0.016921896149866056,6,0.986842105263158,0.02833206640178941,1.0,0.8499619920536823,0.44627187793274425,-0.2713469290312272,0.0004794322853621897,0.5139863924884712
2026-06-01,2026-06-02,2026-06-03,YUMC,1,43.41999816894531,42.900001525878906,-0.011975971096155336,6,0.9453947368421052,0.03333333333333333,1.0,1.0,0.23105258271730392,0.516658485691138,-0.0003991990365385112,-0.42797049539602083
2026-06-01,2026-06-02,2026-06-03,NE,1,46.93000030517578,47.119998931884766,0.004048553707084235,4,0.9677631578947369,0.03333333333333333,1.0,1.0,0.3714613014638485,0.7831862582835843,0.00013495179023614116,0.14467816611668974
2026-06-01,2026-06-02,2026-06-03,VLO,1,254.17999267578125,260.79998779296875,0.026044516909053517,4,0.9664473684210526,0.029506067201075965,1.0,0.885182016032279,0.4285154098198726,-0.15290287325599178,0.0007684712661380923,0.8238572700938847
2026-06-01,2026-06-02,2026-06-03,WFRD,1,100.12999725341795,103.3550033569336,0.032208191271128284,3,0.9703947368421053,0.030509758108972048,1.0,0.9152927432691614,0.414418378332655,1.1183006582087582,0.0009826641248096288,1.0534876435306804
2026-06-01,2026-06-02,2026-06-03,AEO,1,15.970000267028809,15.800000190734863,-0.010644963898023385,1,0.9671052631578947,0.021488964075735757,1.0,0.6446689222720727,0.5883859470507704,1.9486420634189852,-0.0002287492467921286,-0.24523588363332532
2026-06-01,2026-06-02,2026-06-03,GMED,1,78.98999786376953,78.36000061035156,-0.007975658570145705,0,0.9815789473684211,0.03333333333333333,1.0,1.0,0.34664203435704266,1.1512064259025814,-0.0002658552856715235,-0.2850162648163512
2026-06-01,2026-06-02,2026-06-03,PSLV,1,24.100000381469727,23.559999465942383,-0.022406676638169087,0,0.9796052631578946,0.02231188620737412,1.0,0.6693565862212236,0.5666846971755783,1.463427040445086,-0.0004999352194362568,-0.5359670338468177
2026-06-02,2026-06-03,2026-06-04,BCS,1,25.01000022888184,24.75,-0.010395850719808752,38,0.9842312746386335,0.03333333333333333,1.0,1.0,0.3740365648133041,1.5837441430986834,-0.0003465283573269584,-0.3722067751985613
2026-06-02,2026-06-03,2026-06-04,LBRT,1,31.670000076293945,30.229999542236328,-0.04546891476440207,32,0.9842105263157894,0.026967256263188924,1.0,0.8090176878956677,0.47375147899375397,1.1250223199009493,-0.001226171876460725,-1.3170335712121821
2026-06-02,2026-06-03,2026-06-04,ZIM,1,25.100000381469727,24.5,-0.023904397304817637,27,0.9828947368421053,0.03333333333333333,1.0,1.0,0.3527954390784358,0.9812069555106898,-0.0007968132434939213,-0.8558586376137416
2026-06-02,2026-06-03,2026-06-04,ILMN,1,162.88999938964844,171.8000030517578,0.05469951314074106,25,0.9711286089238845,0.03222999048365736,1.0,0.9668997145097207,0.3963940835032966,1.046199765647218,0.0017629647879867751,1.8936038700753233
2026-06-02,2026-06-03,2026-06-04,MRNA,1,45.29999923706055,49.39799880981445,0.0904635682510404,23,0.9724409448818898,0.02032839479530866,1.0,0.6098518438592597,0.6284695701619143,1.7824311008184155,0.0018389791299994994,1.9752510210549512
2026-06-02,2026-06-03,2026-06-04,KGC,1,28.51000022888184,28.559999465942383,0.0017537438323094179,20,0.9743421052631579,0.0236885886256364,1.0,0.710657658769092,0.5393220229787372,1.3361457451497643,4.154371619832487e-05,0.044622185483519136
2026-06-02,2026-06-03,2026-06-04,WLK,1,86.45999908447266,86.29000091552734,-0.0019662059998314385,19,0.9763157894736842,0.030175119156640364,1.0,0.905253574699211,0.4233878074439311,0.9397677852765274,-5.933050033141486e-05,-0.06372700453613099
2026-06-02,2026-06-03,2026-06-04,AAP,1,57.400001525878906,57.41999816894531,0.0003483735633245111,15,0.9743421052631579,0.022132842591692996,1.0,0.6639852777507899,0.5772316631341513,1.2967506078209752,7.710497240168596e-06,0.008281859917838518
2026-06-02,2026-06-03,2026-06-04,BBIO,1,63.43000030517578,66.0,0.04051710046443935,15,0.9704336399474376,0.026273099201931892,1.0,0.7881929760579568,0.48626838580771276,1.327084016357086,0.0010645097998768557,1.1433920237748068
2026-06-02,2026-06-03,2026-06-04,PFSI,1,83.18000030517578,81.1500015258789,-0.024404890260268042,13,0.9927631578947369,0.03333333333333333,1.0,1.0,0.3007584854743531,0.8827172453022313,-0.0008134963420089347,-0.8737779858208904
2026-06-02,2026-06-03,2026-06-04,WBS,1,72.44999694824219,72.95999908447266,0.007039367256216789,10,0.9493421052631579,0.03333333333333333,1.0,1.0,0.17280955632635006,1.0021503037636574,0.0002346455752072263,0.25203326370225104
2026-06-02,2026-06-03,2026-06-04,PR,1,19.701789670869182,19.711703783144014,0.0005032087155762976,8,0.9546052631578947,0.03333333333333333,1.0,1.0,0.3449282015173156,-0.1068481953348804,1.6773623852543253e-05,0.0180165816463272
2026-06-02,2026-06-03,2026-06-04,NYT,1,75.36000061035156,76.02999877929688,0.008890633804656378,7,0.9789473684210526,0.03333333333333333,1.0,1.0,0.300220560950725,0.3341148494703522,0.00029635446015521263,0.3183148957301826
2026-06-02,2026-06-03,2026-06-04,CHRD,1,139.4199981689453,137.89999389648438,-0.01090234035592974,7,0.986842105263158,0.028607786742455187,1.0,0.8582336022736556,0.44658391975949413,-0.267985112829328,-0.00031189182789610097,-0.33500361230887715
2026-06-02,2026-06-03,2026-06-04,YUMC,1,42.900001525878906,42.959999084472656,0.0013985444396209523,7,0.9453947368421052,0.03333333333333333,1.0,1.0,0.22870849040512004,0.5120719351521834,4.661814798736508e-05,0.05007264242947594
2026-06-02,2026-06-03,2026-06-04,NE,1,47.119998931884766,46.09999847412109,-0.021646869288731496,5,0.9677631578947369,0.03333333333333333,1.0,1.0,0.37168174478101945,0.7816791106136308,-0.0007215623096243832,-0.7750314647892278
2026-06-02,2026-06-03,2026-06-04,VLO,1,260.79998779296875,255.8600006103516,-0.018941669531590155,5,0.9664473684210526,0.030292093827923847,1.0,0.9087628148377154,0.421752870952498,-0.1526020178907666,-0.0005737828307084554,-0.6163012422120229
2026-06-02,2026-06-03,2026-06-04,WFRD,1,103.3550033569336,104.23999786376952,0.00856266729322841,4,0.9703947368421053,0.030949584921127243,1.0,0.9284875476338172,0.41279317870166804,1.1162646737266881,0.0002650109985431314,0.2846488233193027
2026-06-02,2026-06-03,2026-06-04,AEO,1,15.800000190734863,16.350000381469727,0.03481013823388324,2,0.9671052631578947,0.022450894498046516,1.0,0.6735268349413955,0.5690542771113626,1.9505122693962766,0.0007815187409513278,0.8394307830117193
2026-06-02,2026-06-03,2026-06-04,GMED,1,78.36000061035156,79.33000183105469,0.012378780157576763,1,0.9664473684210526,0.03333333333333333,1.0,1.0,0.34850168605620835,1.1498826027252451,0.0004126260052525588,0.4432023859831211
2026-06-02,2026-06-03,2026-06-04,PSLV,1,23.559999465942383,23.700000762939453,0.005942330227954873,1,0.9796052631578946,0.02269994508930203,1.0,0.680998352679061,0.5628109446445428,1.4604380483341333,0.00013489056987707522,0.14488622058503164
2026-06-03,2026-06-04,2026-06-05,BCS,1,24.75,24.670000076293945,-0.0032323201497396203,39,0.9842312746386335,0.03333333333333333,1.0,1.0,0.3745003859060689,1.5849008434224354,-0.00010774400499132067,-0.11596581424364977
2026-06-03,2026-06-04,2026-06-05,LBRT,1,30.229999542236328,31.0,0.025471401568758045,33,0.9842105263157894,0.026257746198858536,1.0,0.7877323859657561,0.48764940924917766,1.1199946366713092,0.0006688215977216559,0.7198585310596027
2026-06-03,2026-06-04,2026-06-05,ZIM,1,24.5,25.440000534057617,0.038367368737045604,28,0.986842105263158,0.03333333333333333,1.0,1.0,0.3499338532487374,0.9835541428288516,0.0012789122912348534,1.376504476617596
2026-06-03,2026-06-04,2026-06-05,ILMN,1,171.8000030517578,167.5800018310547,-0.024563452536329522,26,0.9711286089238845,0.03255890829761375,1.0,0.9767672489284126,0.3932740712632141,1.0419530735028601,-0.0007997591986031408,-0.8607878152694722
2026-06-03,2026-06-04,2026-06-05,MRNA,1,49.39799880981445,50.77000045776367,0.027774437851855405,24,0.9724409448818898,0.020704007349990537,1.0,0.621120220499716,0.6184587459632088,1.7801625234669842,0.0005750421654266697,0.6189229084579427
2026-06-03,2026-06-04,2026-06-05,KGC,1,28.559999465942383,27.920000076293945,-0.022408942633617035,21,0.9743421052631579,0.0248422380204885,1.0,0.7452671406146549,0.515435622649123,1.3369987277621784,-0.0005566882866917868,-0.5991684683645812
2026-06-03,2026-06-04,2026-06-05,WLK,1,86.29000091552734,84.29000091552734,-0.023177656492991305,20,0.9664473684210526,0.030509756846810423,1.0,0.9152927054043127,0.4196878554745621,0.9388604145938446,-0.0007071446638800615,-0.7611059821055404
2026-06-03,2026-06-04,2026-06-05,AAP,1,57.41999816894531,56.040000915527344,-0.024033390759742645,16,0.9743421052631579,0.02216470550135109,1.0,0.6649411650405327,0.5777010852369628,1.2949692073124115,-0.0005326930283885882,-0.5733421621367658
2026-06-03,2026-06-04,2026-06-05,BBIO,1,66.0,67.44999694824219,0.021969650730942147,16,0.9704336399474376,0.02626491107008178,1.0,0.7879473321024534,0.4875163821389758,1.3307027532212972,0.0005770309226889527,0.6210634252808713
2026-06-03,2026-06-04,2026-06-05,PFSI,1,81.1500015258789,81.37999725341797,0.0028342048455256563,14,0.9927631578947369,0.03333333333333333,1.0,1.0,0.3031868085935807,0.8823016275151553,9.447349485085521e-05,0.10168264819657684
2026-06-03,2026-06-04,2026-06-05,WBS,1,72.95999908447266,73.0,0.0005482581692610733,11,0.9493421052631579,0.03333333333333333,1.0,1.0,0.1555531840011377,1.0004023163789033,1.8275272308702443e-05,0.01966983530985158
2026-06-03,2026-06-04,2026-06-05,PR,1,19.711703783144014,19.84060430325767,0.006539288614101579,9,0.9546052631578947,0.03333333333333333,1.0,1.0,0.3419610666405122,-0.10954921135108281,0.0002179762871367193,0.23460978293551935
2026-06-03,2026-06-04,2026-06-05,NYT,1,76.02999877929688,75.51000213623047,-0.006839361454889281,8,0.9789473684210526,0.03333333333333333,1.0,1.0,0.30000856509179524,0.3354622516016497,-0.00022797871516297603,-0.2453754836403688
2026-06-03,2026-06-04,2026-06-05,CHRD,1,137.89999389648438,139.85000610351562,0.014140770800142644,8,0.986842105263158,0.028713053168786258,1.0,0.8613915950635878,0.44594959466059014,-0.2701889298009144,0.0004060247038321159,0.43700793734854204
2026-06-03,2026-06-04,2026-06-05,YUMC,1,42.959999084472656,42.900001525878906,-0.0013965912447012618,8,0.9453947368421052,0.03333333333333333,1.0,1.0,0.2276040831733602,0.508514384613454,-4.655304149004206e-05,-0.050105445424513596
2026-06-03,2026-06-04,2026-06-05,NE,1,46.09999847412109,46.34000015258789,0.005206110334288416,6,0.9677631578947369,0.03333333333333333,1.0,1.0,0.3713658495365111,0.7771211488456055,0.00017353701114294722,0.18677940178873356
2026-06-03,2026-06-04,2026-06-05,VLO,1,255.8600006103516,258.44000244140625,0.010083646622762732,6,0.9664473684210526,0.03026064692463549,1.0,0.9078194077390647,0.4231427852146768,-0.15296436959643706,0.0003051376701642161,0.3284223412695123
2026-06-03,2026-06-04,2026-06-05,WFRD,1,104.23999786376952,102.69000244140624,-0.014869488239907303,5,0.9703947368421053,0.032122356559300826,1.0,0.9636706967790248,0.39861877500954146,1.1090926453064098,-0.00047764300309663285,-0.5140913387834908
2026-06-03,2026-06-04,2026-06-05,AEO,1,16.350000381469727,16.40999984741211,0.0036696920209484674,3,0.9671052631578947,0.022508188077466337,1.0,0.6752456423239901,0.5688851709439585,1.9474962799774314,8.259811819388564e-05,0.08890107651111329
2026-06-03,2026-06-04,2026-06-05,GMED,1,79.33000183105469,80.05999755859375,0.00920201324454406,2,0.9664473684210526,0.03333333333333333,1.0,1.0,0.34780898515674746,1.1503827874931436,0.00030673377481813533,0.33014024265831565
2026-06-03,2026-06-04,2026-06-05,PSLV,1,23.700000762939453,22.43000030517578,-0.05358651548018589,2,0.9796052631578946,0.023903827063030673,1.0,0.7171148118909202,0.5356704760423733,1.45895931364885,-0.0012809227989487796,-1.378668403641725
2026-06-03,2026-06-04,2026-06-05,EGO,1,32.22999954223633,31.030000686645508,-0.037232357202433786,0,0.980921052631579,0.022808087491123327,1.0,0.6842426247336998,0.5614050028119023,1.2394477228502723,-0.0008491988605738655,-0.9140001555461099
2026-06-03,2026-06-04,2026-06-05,S,1,16.3799991607666,16.5,0.00732605893660998,0,0.9756578947368422,0.02348755845916472,1.0,0.7046267537749415,0.5451641320808264,1.2772587921594123,0.00017207123754891303,0.18520177685876452
2026-06-03,2026-06-04,2026-06-05,DINO,1,71.68000030517578,72.02999877929688,0.0048827911918385425,0,0.9723684210526315,0.030944065367540588,1.0,0.9283219610262177,0.4137974202807827,0.03189764053092427,0.00015109340981630327,0.16262315752610582
2026-06-04,2026-06-05,2026-06-08,LBRT,1,31.0,28.89999961853028,-0.06774194778934584,34,0.9842105263157894,0.02642796092766676,1.0,0.7928388278300028,0.48733599146859535,1.1174355180777176,-0.0017902815493408735,-1.9256266294758164
2026-06-04,2026-06-05,2026-06-08,ZIM,1,25.440000534057617,25.479999542236328,0.0015722880243325132,29,0.980263157894737,0.03333333333333333,1.0,1.0,0.3469753435797274,0.9944322352239922,5.240960081108377e-05,0.05637176063126852
2026-06-04,2026-06-05,2026-06-08,ILMN,1,167.5800018310547,162.38999938964844,-0.03097029708018817,27,0.9711286089238845,0.03186177140437558,1.0,0.9558531421312673,0.4042241210546463,1.0163327300225662,-0.0009867685258945558,-1.0613681134627841
2026-06-04,2026-06-05,2026-06-08,MRNA,1,50.77000045776367,48.220001220703125,-0.05022649623928854,25,0.9724409448818898,0.023498389187128817,1.0,0.7049516756138645,0.5480927411072237,1.7278125482730635,-0.0011802417561366642,-1.2694678977576477
2026-06-04,2026-06-05,2026-06-08,KGC,1,27.920000076293945,26.459999084472656,-0.05229229899110688,22,0.9743421052631579,0.024867447989986965,1.0,0.7460234396996089,0.5179179040150687,1.3305000661082698,-0.0013003760254381982,-1.3986843040624677
2026-06-04,2026-06-05,2026-06-08,WLK,1,84.29000091552734,84.37999725341797,0.0010676988600442083,21,0.9697368421052632,0.031098931483508032,1.0,0.932967944505241,0.41413951948824207,0.9455811290785688,3.320429369353447e-05,0.03571453449472586
2026-06-04,2026-06-05,2026-06-08,AAP,1,56.040000915527344,56.869998931884766,0.014810813754420282,17,0.9743421052631579,0.022310084257726178,1.0,0.6693025277317853,0.577285876305804,1.2850174410058077,0.0003304305027866063,0.3554110109615065
2026-06-04,2026-06-05,2026-06-08,BBIO,1,67.44999694824219,67.97000122070312,0.007709478072474463,17,0.9704336399474376,0.026495295233459788,1.0,0.7948588570037937,0.4860974911845126,1.302991404208793,0.0002042648976260954,0.21970730049738582
2026-06-04,2026-06-05,2026-06-08,PFSI,1,81.37999725341797,81.25,-0.0015974103932832051,15,0.9927631578947369,0.03333333333333333,1.0,1.0,0.3127095667769391,0.9110396598672239,-5.324701310944017e-05,-0.05727248120349321
2026-06-04,2026-06-05,2026-06-08,WBS,1,73.0,72.55999755859375,-0.0060274307041952024,12,0.9493421052631579,0.03333333333333333,1.0,1.0,0.1516402618487856,1.0032287353650056,-0.00020091435680650674,-0.21610345917548815
2026-06-04,2026-06-05,2026-06-08,PR,1,19.84060430325767,19.295259466242577,-0.02748630176176403,10,0.9546052631578947,0.03333333333333333,1.0,1.0,0.34456738599439996,-0.12519539657805678,-0.0009162100587254677,-0.9854754342549724
2026-06-04,2026-06-05,2026-06-08,NYT,1,75.51000213623047,76.25,0.00979999791861319,9,0.9789473684210526,0.03333333333333333,1.0,1.0,0.29996454135992107,0.33686582744247895,0.00032666659728710636,0.3513625546372283
2026-06-04,2026-06-05,2026-06-08,CHRD,1,139.85000610351562,137.27999877929688,-0.018376883890276363,9,0.986842105263158,0.02884766604010297,1.0,0.8654299812030891,0.44645887550394725,-0.2854130408420632,-0.0005301302093244408,-0.5702079924470936
2026-06-04,2026-06-05,2026-06-08,YUMC,1,42.900001525878906,42.790000915527344,-0.002564116700210506,9,0.9453947368421052,0.03333333333333333,1.0,1.0,0.2275695499763447,0.510507516786365,-8.547055667368353e-05,-0.09193212097145383
2026-06-04,2026-06-05,2026-06-08,NE,1,46.34000015258789,46.13999938964844,-0.004315942215815549,7,0.9677631578947369,0.03333333333333333,1.0,1.0,0.37100110696096444,0.76951543266572,-0.00014386474052718496,-0.1547408984378853
2026-06-04,2026-06-05,2026-06-08,VLO,1,258.44000244140625,260.0,0.006036207800096394,7,0.9664473684210526,0.03079705148787629,1.0,0.9239115446362887,0.41819901318306085,-0.15509708962823568,0.00018589740241108912,0.19995122474728524
2026-06-04,2026-06-05,2026-06-08,WFRD,1,102.69000244140624,98.91999816894533,-0.03671247621804308,6,0.9703947368421053,0.03251317342886232,1.0,0.9753952028658696,0.39612548339389964,1.1050896282888425,-0.001193639106280218,-1.2838780860379977
2026-06-04,2026-06-05,2026-06-08,AEO,1,16.40999984741211,16.489999771118164,0.004875071569161005,4,0.9671052631578947,0.022591200512826363,1.0,0.6777360153847909,0.5701023517482146,1.9490944296418748,0.00011013371933329532,0.11845981590409008
2026-06-04,2026-06-05,2026-06-08,GMED,1,80.05999755859375,79.69000244140625,-0.004621473001129028,3,0.9664473684210526,0.03333333333333333,1.0,1.0,0.34707458761497795,1.1515503346020635,-0.00015404910003763428,-0.16569519436116997
2026-06-04,2026-06-05,2026-06-08,PSLV,1,22.43000030517578,21.700000762939453,-0.0325456768749075,3,0.9796052631578946,0.023934483397683358,1.0,0.7180345019305008,0.5381063099287273,1.4594465622388744,-0.0007789639628288408,-0.837853549223851
2026-06-04,2026-06-05,2026-06-08,EGO,1,31.030000686645508,29.93000030517578,-0.035449576446291764,1,0.9644736842105264,0.022616801199270693,1.0,0.6785040359781208,0.5694570345161405,1.2521594996255137,-0.0008017560230841297,-0.8623686866246472
2026-06-04,2026-06-05,2026-06-08,S,1,16.5,15.9350004196167,-0.03424239881110913,1,0.9756578947368422,0.02299763913600772,1.0,0.6899291740802316,0.5600268995008487,1.3156333133363531,-0.0007874943310091475,-0.8470288122618237
2026-06-04,2026-06-05,2026-06-08,DINO,1,72.02999877929688,72.58999633789062,0.007774504624241452,1,0.9723684210526315,0.03181757455332485,1.0,0.9545272365997455,0.40478561681666364,0.03858910597027388,0.0002473658804969712,0.26606671273804494
2026-06-05,2026-06-08,2026-06-09,LBRT,1,28.89999961853028,28.440000534057617,-0.015916923548252138,35,0.9842105263157894,0.013102668337716207,0.5,0.7861601002629724,0.48763954636238743,1.1013832928798486,-0.00020855417020953278,-0.22220182443235484
2026-06-05,2026-06-08,2026-06-09,ZIM,1,25.479999542236328,25.700000762939453,0.008634270983343129,30,0.9782894736842105,0.016666666666666666,0.5,1.0,0.3553743982426151,1.0068015440630709,0.00014390451638905213,0.15332153777398555
2026-06-05,2026-06-08,2026-06-09,ILMN,1,162.38999938964844,158.75999450683594,-0.02235362335400004,28,0.9711286089238845,0.015737245888009208,0.5,0.9442347532805524,0.4060036482755254,1.0114508668687692,-0.00035178446720984373,-0.37480502232325175
2026-06-05,2026-06-08,2026-06-09,MRNA,1,48.220001220703125,48.41999816894531,0.004147593180821474,26,0.9723684210526315,0.011802229528952272,0.5,0.7081337717371363,0.5413705290739212,1.7307874300131247,4.895084671277228e-05,0.05215415945007733
2026-06-05,2026-06-08,2026-06-09,KGC,1,26.459999084472656,26.239999771118164,-0.00831441122322607,23,0.9743421052631579,0.012418876682173514,0.5,0.7451326009304109,0.5144893059057656,1.3393459476804952,-0.000103255647666124,-0.11001263255156166
2026-06-05,2026-06-08,2026-06-09,WLK,1,84.37999725341797,85.62999725341797,0.014813937434080326,22,0.9697368421052632,0.01541053750596527,0.5,0.9246322503579162,0.4146110570035264,0.9360867691394285,0.00022829073843891779,0.2432299413201491
2026-06-05,2026-06-08,2026-06-09,AAP,1,56.869998931884766,59.02999877929688,0.03798135902902389,18,0.9743421052631579,0.011030050447992351,0.5,0.6618030268795411,0.5792701741907009,1.2670942586733056,0.0004189363061734433,0.4463512355526887
2026-06-05,2026-06-08,2026-06-09,BBIO,1,67.97000122070312,67.80000305175781,-0.0025010764439052924,18,0.9704336399474376,0.013061824602537641,0.5,0.7837094761522585,0.4891643731840821,1.2907887702664447,-3.26686218278295e-05,-0.03480643597076614
2026-06-05,2026-06-08,2026-06-09,PFSI,1,81.25,80.22000122070312,-0.012676908052884572,16,0.9927631578947369,0.016666666666666666,0.5,1.0,0.31058524009750266,0.9085075202004389,-0.00021128180088140954,-0.22510794954632277
2026-06-05,2026-06-08,2026-06-09,WBS,1,72.55999755859375,72.93000030517578,0.005099266249054768,13,0.9493421052631579,0.016666666666666666,0.5,1.0,0.14980908110385296,1.0019114115537766,8.498777081757946e-05,0.09054931728831866
2026-06-05,2026-06-08,2026-06-09,PR,1,19.295259466242577,19.334921813610322,0.0020555487961764207,11,0.9546052631578947,0.016666666666666666,0.5,1.0,0.34322210189204677,-0.13890067766438302,3.4259146602940344e-05,0.03650104369057061
2026-06-05,2026-06-08,2026-06-09,NYT,1,76.25,74.08999633789062,-0.028327916880122928,10,0.9789473684210526,0.016666666666666666,0.5,1.0,0.299129677528436,0.34314791342209006,-0.0004721319480020488,-0.5030279668512794
2026-06-05,2026-06-08,2026-06-09,CHRD,1,137.27999877929688,137.41000366210938,0.000947005273663315,10,0.986842105263158,0.014579180067276619,0.5,0.8747508040365971,0.4382536750939712,-0.3001605457795378,1.3806560409398042e-05,0.01471005307168649
2026-06-05,2026-06-08,2026-06-09,YUMC,1,42.790000915527344,42.59999847412109,-0.004440346747861645,10,0.9453947368421052,0.016666666666666666,0.5,1.0,0.22743395870047586,0.5151344520836415,-7.400577913102742e-05,-0.07884867094688541
2026-06-05,2026-06-08,2026-06-09,NE,1,46.13999938964844,46.86000061035156,0.015604708067348927,8,0.9677631578947369,0.016666666666666666,0.5,1.0,0.37015295136151033,0.7567694788009321,0.0002600784677891488,0.2770978397615316
2026-06-05,2026-06-08,2026-06-09,VLO,1,260.0,257.5,-0.009615384615384581,8,0.9664473684210526,0.015262823465153818,0.5,0.9157694079092291,0.4186236746384563,-0.1637338787575649,-0.0001467579179341708,-0.15636166412833494
2026-06-05,2026-06-08,2026-06-09,WFRD,1,98.91999816894533,103.58999633789062,0.04720984892225144,7,0.9703947368421053,0.01618982145336135,0.5,0.9713892872016808,0.3946540894689224,1.0832184084033467,0.0007643190248914145,0.8143355829739618
2026-06-05,2026-06-08,2026-06-09,AEO,1,16.489999771118164,17.559999465942383,0.06488779318834781,5,0.9671052631578947,0.01272911648250659,0.5,0.7637469889503954,0.5019499391903252,1.9560061631874979,0.000825964277787277,0.8800148625937008
2026-06-05,2026-06-08,2026-06-09,GMED,1,79.69000244140625,79.12000274658203,-0.007152712728843547,4,0.9664473684210526,0.016666666666666666,0.5,1.0,0.3509548668674144,1.1539295581832731,-0.0001192118788140591,-0.12701302946797624
2026-06-05,2026-06-08,2026-06-09,PSLV,1,21.700000762939453,21.56999969482422,-0.005990832421409742,4,0.9796052631578946,0.011892741454003219,0.5,0.7135644872401932,0.5372503277778747,1.4632148600532286,-7.124742108208611e-05,-0.07590980767555097
2026-06-05,2026-06-08,2026-06-09,EGO,1,29.93000030517578,30.190000534057617,0.008686943743093645,2,0.9651315789473685,0.011246317408658914,0.5,0.6747790445195349,0.5681307944786755,1.2570833842086313,9.769612664599468e-05,0.10408929995935488
2026-06-05,2026-06-08,2026-06-09,S,1,15.9350004196167,15.609999656677246,-0.020395403475444107,2,0.9756578947368422,0.011477573985422092,0.5,0.6886544391253255,0.5566837776394239,1.301858898935099,-0.00023408975235194462,-0.24940843907010335
2026-06-05,2026-06-08,2026-06-09,DINO,1,72.58999633789062,72.16000366210938,-0.005923580348175306,2,0.9723684210526315,0.01576387004091548,0.5,0.9458322024549287,0.4053179344765575,0.026368649072000448,-9.337855078555638e-05,-0.09948918463991241
2026-06-08,2026-06-09,2026-06-10,LBRT,1,28.440000534057617,28.030000686645508,-0.01441630941325489,36,0.9842105263157894,0.024403758291089137,1.0,0.7321127487326741,0.5221875202085182,1.231928190890242,-0.0003518121303706254,-0.37513542255788646
2026-06-08,2026-06-09,2026-06-10,ZIM,1,25.700000762939453,25.68000030517578,-0.0007782279054447949,31,0.9848684210526315,0.03333333333333333,1.0,1.0,0.3530905625849651,0.975634975399159,-2.5940930181493163e-05,-0.02766067729082371
2026-06-08,2026-06-09,2026-06-10,ILMN,1,158.75999450683594,166.16000366210938,0.04661129636757955,29,0.9711286089238845,0.031224487796877587,1.0,0.9367346339063276,0.4081200021178961,1.0314112106306708,0.0014554138546261323,1.5519001314042322
2026-06-08,2026-06-09,2026-06-10,MRNA,1,48.41999816894531,47.21500015258789,-0.02488637054782583,27,0.9723684210526315,0.02264352699684409,1.0,0.6793058099053227,0.5627806139727255,1.7971506334200305,-0.0005635152033531598,-0.6008732948036273
2026-06-08,2026-06-09,2026-06-10,KGC,1,26.239999771118164,24.36000061035156,-0.07164631010537892,24,0.9743421052631579,0.02361038181494211,1.0,0.7083114544482633,0.5397345170304332,1.4306969513296353,-0.0016915967372197415,-1.8037406957683852
2026-06-08,2026-06-09,2026-06-10,WLK,1,85.62999725341797,86.5,0.010160023058360057,23,0.9697368421052632,0.03086199247978024,1.0,0.9258597743934073,0.4129136520962124,0.906194546100018,0.00031355855522150193,0.3343458367559454
2026-06-08,2026-06-09,2026-06-10,AAP,1,59.02999877929688,59.9900016784668,0.016262966610573804,19,0.9743421052631579,0.02202852097219058,1.0,0.6608556291657174,0.5784926751042182,1.1762476703965352,0.0003582491010510602,0.381999130508075
2026-06-08,2026-06-09,2026-06-10,BBIO,1,67.80000305175781,67.0999984741211,-0.010324550827856771,19,0.9704336399474376,0.026086904145911225,1.0,0.7826071243773367,0.4884956050942232,1.225964332707899,-0.000269335567795888,-0.28719109806855836
2026-06-08,2026-06-09,2026-06-10,PFSI,1,80.22000122070312,81.54000091552734,0.01645474538441616,17,0.9927631578947369,0.03333333333333333,1.0,1.0,0.3063863587403387,0.8701034214868878,0.0005484915128138719,0.5848536126712989
2026-06-08,2026-06-09,2026-06-10,WBS,1,72.93000030517578,72.56999969482422,-0.004936248578707558,14,0.9493421052631579,0.03333333333333333,1.0,1.0,0.149871897295345,0.9710721263941046,-0.00016454161929025193,-0.17544986244727084
2026-06-08,2026-06-09,2026-06-10,PR,1,19.334921813610322,19.225851179225682,-0.005641121046988773,12,0.9546052631578947,0.03333333333333333,1.0,1.0,0.3577284650437138,-0.039738020256021744,-0.0001880373682329591,-0.20050325585542605
2026-06-08,2026-06-09,2026-06-10,NYT,1,74.08999633789062,73.87000274658203,-0.0029692752352868945,11,0.9789473684210526,0.03333333333333333,1.0,1.0,0.30045356287714814,0.2888907318507025,-9.897584117622982e-05,-0.10553741840439777
2026-06-08,2026-06-09,2026-06-10,CHRD,1,137.41000366210938,134.72999572753906,-0.01950373235678271,11,0.986842105263158,0.028652351456631912,1.0,0.8595705436989574,0.44475714480468276,-0.21597360841190424,-0.0005588277942026221,-0.5958751351024929
2026-06-08,2026-06-09,2026-06-10,YUMC,1,42.59999847412109,43.2400016784668,0.015023549935911484,11,0.9453947368421052,0.03333333333333333,1.0,1.0,0.227051875554814,0.4878695296139657,0.0005007849978637161,0.5339844069229428
2026-06-08,2026-06-09,2026-06-10,NE,1,46.86000061035156,44.81999969482422,-0.043533949828346796,9,0.9697368421052632,0.03333333333333333,1.0,1.0,0.36745364590929436,0.774186157918729,-0.0014511316609448933,-1.547334050824822
2026-06-08,2026-06-09,2026-06-10,VLO,1,257.5,258.0,0.001941747572815622,9,0.9664473684210526,0.030476603246733368,1.0,0.9142980974020011,0.41813511573530737,-0.13179858225921676,5.917787038200922e-05,0.06310105165630307
2026-06-08,2026-06-09,2026-06-10,WFRD,1,103.58999633789062,100.62000274658205,-0.028670660259712988,8,0.9703947368421053,0.03119775827309081,1.0,0.9359327481927243,0.40846966997572676,1.15152100019326,-0.0008944603283124367,-0.9537583393422642
2026-06-08,2026-06-09,2026-06-10,AEO,1,17.559999465942383,17.5,-0.0034168261826403867,6,0.9671052631578947,0.02575505666575355,1.0,0.7726516999726065,0.4947897491033943,1.888432463142226,-8.800055195093355e-05,-0.09383452528104486
2026-06-08,2026-06-09,2026-06-10,GMED,1,79.12000274658203,82.5,0.04271988291309792,5,0.9664473684210526,0.03333333333333333,1.0,1.0,0.3478279311521272,1.1001912934083615,0.0014239960971032639,1.5183995419511447
2026-06-08,2026-06-09,2026-06-10,PSLV,1,21.56999969482422,20.290000915527344,-0.05934162250377839,5,0.9894736842105263,0.022828122570242415,1.0,0.6848436771072725,0.5582297881299916,1.5464596296796094,-0.0013546578320333088,-1.444464514926789
2026-06-08,2026-06-09,2026-06-10,EGO,1,30.190000534057617,28.14999961853028,-0.06757207285326128,3,0.9822368421052632,0.02174592280835779,1.0,0.6523776842507337,0.5860104506990225,1.33652241617751,-0.0014694170802677488,-1.566831697188241
2026-06-08,2026-06-09,2026-06-10,S,1,15.609999656677246,14.949999809265137,-0.0422805805206915,3,0.9756578947368422,0.022702296083148946,1.0,0.6810688824944684,0.5613237524133429,1.3016129150409024,-0.0009598662575481583,-1.0235003373677032
2026-06-08,2026-06-09,2026-06-10,DINO,1,72.16000366210938,69.83000183105469,-0.03228938072072396,3,0.9723684210526315,0.031382869344139495,1.0,0.9414860803241849,0.40606032182878204,0.06395323952354191,-0.0010133334163616567,-1.080512087341592
2026-06-09,2026-06-10,2026-06-11,LBRT,1,28.030000686645508,28.89999961853028,0.031038134519178584,37,0.9723684210526315,0.02458200535460305,1.0,0.7374601606380915,0.5178874603870338,1.229233386142336,0.0007629795889473377,0.8082861691612931
2026-06-09,2026-06-10,2026-06-11,ZIM,1,25.68000030517578,25.5,-0.007009357594886856,32,0.9828947368421053,0.03333333333333333,1.0,1.0,0.3408165132361032,0.9925797002353811,-0.00023364525316289518,-0.24751936926951265
2026-06-09,2026-06-10,2026-06-11,ILMN,1,166.16000366210938,162.47000122070312,-0.022207525036590403,30,0.9711286089238845,0.03085912686535012,1.0,0.9257738059605035,0.41254285579318845,1.0254332275392957,-0.0006853048324695823,-0.7259989988838262
2026-06-09,2026-06-10,2026-06-11,MRNA,1,47.21500015258789,46.43000030517578,-0.016626068937311667,28,0.9723684210526315,0.023212007529739665,1.0,0.6963602258921899,0.548453739212561,1.7831768072321854,-0.00038592443736284917,-0.40884106151793176
2026-06-09,2026-06-10,2026-06-11,KGC,1,24.36000061035156,23.850000381469727,-0.02093596946237808,25,0.9743421052631579,0.02356850048379359,1.0,0.7070550145138077,0.5401579253236692,1.431015675996051,-0.0004934294064027456,-0.522729795698813
2026-06-09,2026-06-10,2026-06-11,WLK,1,86.5,88.43000030517578,0.022312142256367462,24,0.9697368421052632,0.031212052990219428,1.0,0.9363615897065828,0.4078780824928473,0.9075905032683502,0.0006964077664310552,0.7377612374655312
2026-06-09,2026-06-10,2026-06-11,AAP,1,59.9900016784668,60.09999847412109,0.0018335854738569246,20,0.9743421052631579,0.021944523350889165,1.0,0.658335700526675,0.5801316401707128,1.185681267087717,4.0237159246904456e-05,0.042626486706524615
2026-06-09,2026-06-10,2026-06-11,BBIO,1,67.0999984741211,67.58000183105469,0.0071535524269605855,20,0.9704336399474376,0.026059097014094635,1.0,0.781772910422839,0.4885323661610437,1.2303015320242054,0.00018641511668957803,0.19748465453795314
2026-06-09,2026-06-10,2026-06-11,PFSI,1,81.54000091552734,80.41000366210938,-0.013858195250556982,18,0.9927631578947369,0.03333333333333333,1.0,1.0,0.30823458277749477,0.8703345278348935,-0.0004619398416852327,-0.4893703454556008
2026-06-09,2026-06-10,2026-06-11,WBS,1,72.56999969482422,72.31999969482422,-0.0034449497182212907,15,0.9493421052631579,0.03333333333333333,1.0,1.0,0.1498655928293769,0.9761129155482546,-0.00011483165727404303,-0.12165048934603305
2026-06-09,2026-06-10,2026-06-11,PR,1,19.225851179225682,19.830687654631646,0.03145954214289959,13,0.9546052631578947,0.03333333333333333,1.0,1.0,0.3588823005584717,-0.04054941110473031,0.0010486514047633195,1.1109214964861345
2026-06-09,2026-06-10,2026-06-11,NYT,1,73.87000274658203,72.83999633789062,-0.013943500343772008,12,0.9789473684210526,0.03333333333333333,1.0,1.0,0.30907699568890273,0.28487987283799837,-0.0004647833447924003,-0.49238269895336834
2026-06-09,2026-06-10,2026-06-11,CHRD,1,134.72999572753906,140.41000366210938,0.042158451085063886,12,0.986842105263158,0.028511920596916818,1.0,0.8553576179075045,0.4465049024334228,-0.21731700277446536,0.0012020184098263432,1.2733956056155313
2026-06-09,2026-06-10,2026-06-11,YUMC,1,43.2400016784668,43.560001373291016,0.007400547696638338,12,0.9453947368421052,0.03333333333333333,1.0,1.0,0.21785243288010622,0.4888939890467252,0.0002466849232212779,0.2613333495008303
2026-06-09,2026-06-10,2026-06-11,NE,1,44.81999969482422,46.790000915527344,0.043953619681318834,10,0.9697368421052632,0.03333333333333333,1.0,1.0,0.365138601424635,0.7790273410305669,0.0014651206560439612,1.5521211570898161
2026-06-09,2026-06-10,2026-06-11,VLO,1,258.0,264.0400085449219,0.023410885833030415,10,0.9664473684210526,0.03105315536732238,1.0,0.9315946610196714,0.4099651766052904,-0.13162979652741255,0.0007269818750597399,0.7701508708148271
2026-06-09,2026-06-10,2026-06-11,WFRD,1,100.62000274658205,99.75,-0.008646419427886576,9,0.9703947368421053,0.029958197424423516,1.0,0.8987459227327055,0.4249492098592383,1.1596737162943662,-0.00025903114023499707,-0.2744126986711288
2026-06-09,2026-06-10,2026-06-11,AEO,1,17.5,17.84000015258789,0.019428580147879515,7,0.9671052631578947,0.025159747614192207,1.0,0.7547924284257662,0.5059952317301725,1.8911264549008329,0.0004888181730227537,0.5178447421301262
2026-06-09,2026-06-10,2026-06-11,GMED,1,82.5,80.8499984741211,-0.020000018495501926,6,0.9664473684210526,0.03333333333333333,1.0,1.0,0.34961209242180086,1.0991571812397771,-0.0006666672831833975,-0.7062547311035189
2026-06-09,2026-06-10,2026-06-11,PSLV,1,20.290000915527344,20.06999969482422,-0.01084283936797481,6,0.9868421052631579,0.02298903597294807,1.0,0.6896710791884422,0.5537732134264557,1.5596470725423441,-0.00024926642427927046,-0.26406814297509534
2026-06-09,2026-06-10,2026-06-11,EGO,1,28.14999961853028,27.739999771118164,-0.014564826037945178,4,0.9822368421052632,0.02170607926545292,1.0,0.6511823779635876,0.5865044611984743,1.3499092217963158,-0.00031614526846717063,-0.3349183276322684
2026-06-09,2026-06-10,2026-06-11,S,1,14.949999809265137,14.56999969482422,-0.025418068179868136,4,0.9756578947368422,0.022659468216254922,1.0,0.6797840464876477,0.5618274975748715,1.3066055689488447,-0.0005759599080403226,-0.6101610507073939
2026-06-09,2026-06-10,2026-06-11,DINO,1,69.83000183105469,72.0,0.031075441959680372,4,0.9723684210526315,0.03313803609786435,1.0,0.9941410829359305,0.38417220280402486,0.07171888321461431,0.0010297791174169767,1.0909285516374625
2026-06-10,2026-06-11,2026-06-12,LBRT,1,28.89999961853028,27.729999542236328,-0.04048443224005316,38,0.9723684210526315,0.012320880013954809,0.5,0.7392528008372885,0.5184220507230862,1.2178388558994666,-0.0004988038320627786,-0.5300018487338635
2026-06-10,2026-06-11,2026-06-12,ZIM,1,25.5,25.93000030517578,0.016862757065716938,33,0.9828947368421053,0.016666666666666666,0.5,1.0,0.34065909864573046,0.9851564714228492,0.0002810459510952823,0.2986241566021477
2026-06-10,2026-06-11,2026-06-12,ILMN,1,162.47000122070312,167.85000610351562,0.03311383543048163,31,0.9711286089238845,0.015544169980092745,0.5,0.9326501988055647,0.4109203573898018,1.0267534757167986,0.000514727086624224,0.5469210338181589
2026-06-10,2026-06-11,2026-06-12,MRNA,1,46.43000030517578,49.97999954223633,0.07645916893661564,29,0.9723684210526315,0.011655662721983432,0.5,0.6993397633190059,0.548009670140884,1.7611578278182856,0.0008911822851283446,0.9469218725197067
2026-06-10,2026-06-11,2026-06-12,KGC,1,23.850000381469727,25.200000762939453,0.05660378867409199,26,0.9743421052631579,0.011804774439488647,0.5,0.7082864663693188,0.5410874994934868,1.4619364914367834,0.0006681949577181382,0.7099876547473816
2026-06-10,2026-06-11,2026-06-12,WLK,1,88.43000030517578,87.44999694824219,-0.01108224984226569,25,0.9697368421052632,0.015644260929305258,0.5,0.9386556557583156,0.40829131605587426,0.8965011601877243,-0.0001733736082161565,-0.18421737558876367
2026-06-10,2026-06-11,2026-06-12,BBIO,1,67.58000183105469,67.66999816894531,0.0013317007317581453,21,0.9704336399474376,0.015605710242129705,0.5,0.9363426145277823,0.4092999155080974,1.232935837568548,2.0782135749049712e-05,0.022081968220019982
2026-06-10,2026-06-11,2026-06-12,PFSI,1,80.41000366210938,80.7699966430664,0.004476967598083359,19,0.9927631578947369,0.016666666666666666,0.5,1.0,0.30744515710259107,0.8624610220448442,7.461612663472265e-05,0.07928304178863203
2026-06-10,2026-06-11,2026-06-12,WBS,1,72.31999969482422,73.5,0.016316375970065522,16,0.9493421052631579,0.016666666666666666,0.5,1.0,0.14949050833743838,0.9644670859949842,0.000271939599501092,0.2889482422047339
2026-06-10,2026-06-11,2026-06-12,PR,1,19.830687654631646,18.95813936155815,-0.04399990097517892,14,0.9546052631578947,0.016666666666666666,0.5,1.0,0.3581177120056482,-0.05734479682391386,-0.0007333316829196486,-0.7791983996498489
2026-06-10,2026-06-11,2026-06-12,NYT,1,72.83999633789062,74.43000030517578,0.02182872113158041,13,0.9789473684210526,0.016666666666666666,0.5,1.0,0.3055812954425279,0.28823353377742567,0.00036381201885967346,0.3865668829965163
2026-06-10,2026-06-11,2026-06-12,CHRD,1,140.41000366210938,132.16000366210938,-0.05875649729240995,13,0.986842105263158,0.014342136264253442,0.5,0.8605281758552066,0.44536014481103703,-0.22878710035419592,-0.0008426936905779819,-0.8954005266472785
2026-06-10,2026-06-11,2026-06-12,YUMC,1,43.560001373291016,44.09000015258789,0.012167097396416748,13,0.9453947368421052,0.016666666666666666,0.5,1.0,0.21933479203299555,0.4877819852029302,0.0002027849566069458,0.21546827628134732
2026-06-10,2026-06-11,2026-06-12,NE,1,46.790000915527344,45.95000076293945,-0.01795255687437136,11,0.9697368421052632,0.016666666666666666,0.5,1.0,0.37236028342477234,0.7658571471678344,-0.0002992092812395227,-0.3179235242830266
2026-06-10,2026-06-11,2026-06-12,WFRD,1,99.75,100.4499969482422,0.007017513265586084,10,0.9703947368421053,0.015007131012058474,0.5,0.9004278607235084,0.42562538292063595,1.1518977611000554,0.00010531274095550866,0.11189959622167686
2026-06-10,2026-06-11,2026-06-12,AEO,1,17.84000015258789,18.420000076293945,0.032511206207692656,8,0.9671052631578947,0.012621852362883957,0.5,0.7573111417730374,0.5060601011568229,1.8978690192947167,0.0004103516448927731,0.43601736082247866
2026-06-10,2026-06-11,2026-06-12,GMED,1,80.8499984741211,80.6500015258789,-0.002473679060194467,7,0.9664473684210526,0.016666666666666666,0.5,1.0,0.36591635452130006,1.0877777231563337,-4.1227984336574446e-05,-0.043806615974845
2026-06-10,2026-06-11,2026-06-12,PSLV,1,20.06999969482422,21.21999931335449,0.05729943378259428,7,0.9868421052631579,0.01149641799643664,0.5,0.6897850797861984,0.5556005257922375,1.5757290606175796,0.0006587382417238464,0.6999394621759681
2026-06-10,2026-06-11,2026-06-12,EGO,1,27.739999771118164,30.420000076293945,0.09661140329085716,5,0.9822368421052632,0.011053640488030805,0.5,0.6632184292818483,0.5778563081062763,1.375180393876631,0.0010679077190212912,1.1347007159464095
2026-06-10,2026-06-11,2026-06-12,S,1,14.56999969482422,14.739999771118164,0.011667816050423996,5,0.9756578947368422,0.011303402345370955,0.5,0.6782041407222573,0.5650878990575219,1.313021924420874,0.00013188601930971946,0.1401349179039664
2026-06-10,2026-06-11,2026-06-12,DINO,1,72.0,69.98999786376953,-0.027916696336534264,5,0.9723684210526315,0.016214887315240376,0.5,0.9728932389144226,0.3939229277001515,0.07718548700210398,-0.0004526660853106869,-0.48097838599521753
2026-06-11,2026-06-12,2026-06-15,LBRT,1,27.729999542236328,28.21999931335449,0.017670385113848663,39,0.9723684210526315,0.025261658702861754,1.0,0.7578497610858527,0.5056430429437991,1.195729834256007,0.0004463832378941739,0.47551456318840596
2026-06-11,2026-06-12,2026-06-15,ZIM,1,25.93000030517578,25.75,-0.006941777981385178,34,0.9828947368421053,0.03333333333333333,1.0,1.0,0.33602838636434296,0.976695337629492,-0.00023139259937950593,-0.24649346453520063
2026-06-11,2026-06-12,2026-06-15,ILMN,1,167.85000610351562,161.61000061035156,-0.03717608141947737,32,0.9711286089238845,0.031095198895932548,1.0,0.9328559668779765,0.4107830928842704,0.9937921599816171,-0.0011559976459100312,-1.2314389721149261
2026-06-11,2026-06-12,2026-06-15,MRNA,1,49.97999954223633,51.369998931884766,0.027811112492584167,30,0.9723684210526315,0.023187140281266463,1.0,0.6956142084379939,0.5508821623269642,1.7723748787513227,0.0006448601667436313,0.6869442543436121
2026-06-11,2026-06-12,2026-06-15,KGC,1,25.200000762939453,27.290000915527344,0.08293651148064907,27,0.9743421052631579,0.023043753372357867,1.0,0.691312601170736,0.5543099585350116,1.5089371831511535,0.0019111685161238038,2.035892894211891
2026-06-11,2026-06-12,2026-06-15,WLK,1,87.44999694824219,87.6500015258789,0.002287073580518273,26,0.9697368421052632,0.031385717208838995,1.0,0.9415715162651699,0.4069807260203511,0.8677449741948785,7.178144463395338e-05,0.07646595882760092
2026-06-11,2026-06-12,2026-06-15,BBIO,1,67.66999816894531,66.91000366210938,-0.011230892971779483,22,0.9723684210526315,0.031782044576699725,1.0,0.9534613373009917,0.4019056088571229,1.2174062148079274,-0.00035694074106523916,-0.38023497784659627
2026-06-11,2026-06-12,2026-06-15,PFSI,1,80.7699966430664,82.8499984741211,0.025752159434232702,20,0.9927631578947369,0.03333333333333333,1.0,1.0,0.3071548124149457,0.8692494605471384,0.0008584053144744234,0.9144255283342019
2026-06-11,2026-06-12,2026-06-15,WBS,1,73.5,74.26000213623047,0.010340165118781997,17,0.9493421052631579,0.03333333333333333,1.0,1.0,0.15095500127290903,0.9602200083241114,0.0003446721706260665,0.3671657507384036
2026-06-11,2026-06-12,2026-06-15,PR,1,18.95813936155815,18.492116171258925,-0.02458169451186709,15,0.9546052631578947,0.03333333333333333,1.0,1.0,0.3560501876525767,-0.08533518759041518,-0.0008193898170622363,-0.8728638485160793
2026-06-11,2026-06-12,2026-06-15,NYT,1,74.43000030517578,73.76000213623047,-0.009001721969611798,14,0.9789473684210526,0.03333333333333333,1.0,1.0,0.3056187974202279,0.2933201393780693,-0.0003000573989870599,-0.31963938360205013
2026-06-11,2026-06-12,2026-06-15,CHRD,1,132.16000366210938,127.66000366210938,-0.03404963586037013,14,0.986842105263158,0.029070186269359026,1.0,0.8721055880807708,0.43939800928576456,-0.257553509313003,-0.0009898292568648066,-1.0544263017796354
2026-06-11,2026-06-12,2026-06-15,YUMC,1,44.09000015258789,44.79999923706055,0.016103403992185905,14,0.9453947368421052,0.03333333333333333,1.0,1.0,0.2265662891038486,0.45060884422751896,0.0005367801330728635,0.5718108316756949
2026-06-11,2026-06-12,2026-06-15,NE,1,45.95000076293945,45.900001525878906,-0.0010881226600734095,12,0.9697368421052632,0.03333333333333333,1.0,1.0,0.3746046313470097,0.7302440514580893,-3.6270755335780315e-05,-0.03863781368980528
2026-06-11,2026-06-12,2026-06-15,WFRD,1,100.4499969482422,101.9000015258789,0.014435088319453504,11,0.9703947368421053,0.02963762317408831,1.0,0.8891286952226494,0.4309853695518432,1.1700020443799717,0.0004278217080966467,0.4557416931867949
2026-06-11,2026-06-12,2026-06-15,AEO,1,18.420000076293945,18.86000061035156,0.02388710815608963,9,0.9671052631578947,0.025437904066748843,1.0,0.7631371220024653,0.5021397180681819,1.8684892457713187,0.0006076379657066619,0.6472929028490882
2026-06-11,2026-06-12,2026-06-15,GMED,1,80.6500015258789,80.37000274658203,-0.0034717764910026094,8,0.9664473684210526,0.03333333333333333,1.0,1.0,0.36775081387997594,1.0918702480444364,-0.00011572588303342032,-0.123278246243815
2026-06-11,2026-06-12,2026-06-15,PSLV,1,21.21999931335449,22.690000534057617,0.06927432932469535,8,0.9881578947368421,0.022984353362171684,1.0,0.6895306008651505,0.5557424990404788,1.5788180165543226,0.0015922256641262502,1.6961355779086376
2026-06-11,2026-06-12,2026-06-15,EGO,1,30.420000076293945,32.5099983215332,0.0687047416172748,6,0.9822368421052632,0.022050759891980843,1.0,0.6615227967594253,0.5792717366156617,1.401722266964794,0.0015149917608431101,1.6138613286418568
2026-06-11,2026-06-12,2026-06-15,S,1,14.739999771118164,15.1899995803833,0.03052915985432203,6,0.9756578947368422,0.022466354622279635,1.0,0.673990638668389,0.5685560559813964,1.3213435409384533,0.0006858789316074616,0.7306399364412816
2026-06-11,2026-06-12,2026-06-15,DINO,1,69.98999786376953,67.51000213623047,-0.03543357341382114,6,0.9723684210526315,0.03333333333333333,1.0,1.0,0.3773892839865571,0.06068725129184397,-0.001181119113794038,-1.2581998869823143
2026-06-12,2026-06-15,2026-06-16,ZIM,1,25.75,24.690000534057617,-0.04116502780358766,35,0.9828947368421053,0.03333333333333333,1.0,1.0,0.333680098173915,0.9906079376108982,-0.001372167593452922,-1.4682295806160792
2026-06-12,2026-06-15,2026-06-16,ILMN,1,161.61000061035156,166.88999938964844,0.03267123791446025,33,0.9711286089238845,0.032271125385173204,1.0,0.9681337615551961,0.39743428754254245,0.9892702914994185,0.0010543376152263714,1.1281491284429488
2026-06-12,2026-06-15,2026-06-16,MRNA,1,51.369998931884766,52.2400016784668,0.016936008656251555,31,0.9723684210526315,0.022602329315436254,1.0,0.6780698794630876,0.5674482283068539,1.832578781228202,0.0003827932449376767,0.40959163309142516
2026-06-12,2026-06-15,2026-06-16,KGC,1,27.290000915527344,27.65999984741211,0.01355804028845764,28,0.9743421052631579,0.022693569129899914,1.0,0.6808070738969975,0.5651667947089878,1.5434218904213375,0.0003076803245520816,0.32922024688263485
2026-06-12,2026-06-15,2026-06-16,WLK,1,87.6500015258789,86.88999938964844,-0.008670874192809652,27,0.9697368421052632,0.03333333333333333,1.0,1.0,0.38139824185605997,0.8389088647705065,-0.00028902913976032175,-0.3092633397559413
2026-06-12,2026-06-15,2026-06-16,BBIO,1,66.91000366210938,67.5,0.008817759760858301,23,0.9855263157894737,0.032858813755680887,1.0,0.9857644126704267,0.39032607266398867,1.1898932951145471,0.00028974112572438017,0.3100251700588881
2026-06-12,2026-06-15,2026-06-16,PFSI,1,82.8499984741211,82.29000091552734,-0.006759174036299664,21,0.9927631578947369,0.03333333333333333,1.0,1.0,0.2999933326320906,0.8604916361663978,-0.00022530580120998882,-0.24107889123695522
2026-06-12,2026-06-15,2026-06-16,WBS,1,74.26000213623047,75.0,0.009964958826852666,18,0.9493421052631579,0.03333333333333333,1.0,1.0,0.15284258283350843,0.9579716261134147,0.00033216529422842216,0.3554193474377117
2026-06-12,2026-06-15,2026-06-16,PR,1,18.492116171258925,18.420000076293945,-0.003899829218954598,16,0.9546052631578947,0.03333333333333333,1.0,1.0,0.35813939532223754,-0.11662915627911324,-0.0001299943072984866,-0.13909488039070425
2026-06-12,2026-06-15,2026-06-16,NYT,1,73.76000213623047,73.38999938964844,-0.005016306071936594,15,0.9789473684210526,0.03333333333333333,1.0,1.0,0.3075577029302749,0.30711092123163286,-0.00016721020239788645,-0.17891616629977025
2026-06-12,2026-06-15,2026-06-16,CHRD,1,127.66000366210938,124.70999908447266,-0.023108291500952727,15,0.986842105263158,0.028839966357221167,1.0,0.865198990716635,0.44471798499310616,-0.2965429690917773,-0.0006664423494603365,-0.7130982949325246
2026-06-12,2026-06-15,2026-06-16,NE,1,45.900001525878906,44.560001373291016,-0.029193902135981054,13,0.9697368421052632,0.03333333333333333,1.0,1.0,0.37435465974896925,0.7062659788123785,-0.0009731300711993685,-1.0412564493864533
2026-06-12,2026-06-15,2026-06-16,WFRD,1,101.9000015258789,100.0999984741211,-0.017664406524083076,12,0.9703947368421053,0.032010374668095275,1.0,0.9603112400428582,0.40067171529971785,1.1684330699148588,-0.0005654442711254458,-0.6050295962515466
2026-06-12,2026-06-15,2026-06-16,AEO,1,18.86000061035156,18.36000061035156,-0.026511133818604926,10,0.9671052631578947,0.025408580239715355,1.0,0.7622574071914606,0.5047764024848974,1.8821913429079171,-0.0006736102708758546,-0.720768024420387
2026-06-12,2026-06-15,2026-06-16,GMED,1,80.37000274658203,77.69999694824219,-0.03322142226072522,9,0.9664473684210526,0.03333333333333333,1.0,1.0,0.3628788850008785,1.062983997289525,-0.001107380742024174,-1.1849056705625065
2026-06-12,2026-06-15,2026-06-16,PSLV,1,22.690000534057617,22.51000022888184,-0.00793302339969526,9,0.9881578947368421,0.022476088150709634,1.0,0.674282644521289,0.5706354077120589,1.6202414323269887,-0.0001783033332331929,-0.19078589920393835
2026-06-12,2026-06-15,2026-06-16,EGO,1,32.5099983215332,34.209999084472656,0.052291628751437,7,0.9822368421052632,0.021630478479384888,1.0,0.6489143543815467,0.5929435050581967,1.463265298873507,0.0011310929503599422,1.2102779107075299
2026-06-12,2026-06-15,2026-06-16,S,1,15.1899995803833,15.149999618530272,-0.0026333089504944063,7,0.9756578947368422,0.022671423326699334,1.0,0.68014269980098,0.565718858530953,1.2973474586961184,-5.970086196664502e-05,-0.06388036851033023
2026-06-12,2026-06-15,2026-06-16,DINO,1,67.51000213623047,66.38999938964844,-0.016590174953956316,7,0.9723684210526315,0.03333333333333333,1.0,1.0,0.3779224678550782,0.039073322822566876,-0.0005530058317985439,-0.5917203732064957
2026-06-12,2026-06-15,2026-06-16,LBRT,1,28.21999931335449,27.75,-0.016654830786337782,0,0.975,0.02539031665116771,1.0,0.7617094995350313,0.5051394947869826,1.1526739017036602,-0.0004228714274367328,-0.4524755879109446
2026-06-15,2026-06-16,2026-06-17,ZIM,1,24.690000534057617,24.39999961853028,-0.011745682837361882,36,0.9967061923583662,0.03333333333333333,1.0,1.0,0.33421413064881417,0.989228197190997,-0.00039152276124539603,-0.41726250651302316
2026-06-15,2026-06-16,2026-06-17,ILMN,1,166.88999938964844,163.24000549316406,-0.0218706567789152,34,0.9711286089238845,0.03175754330380268,1.0,0.9527262991140804,0.40160720760652113,0.9765591714113697,-0.0006945583297390049,-0.7402204374134684
2026-06-15,2026-06-16,2026-06-17,MRNA,1,52.2400016784668,56.209999084472656,0.07599535372224686,32,0.9723684210526315,0.02250410636877183,1.0,0.6751231910631549,0.5667436012647777,1.8323421475988453,0.0017102075236978835,1.8226411045061577
2026-06-15,2026-06-16,2026-06-17,KGC,1,27.65999984741211,27.950000762939453,0.01048448724248563,29,0.9743421052631579,0.022895206566015527,1.0,0.6868561969804658,0.5570623811542648,1.5575893828953775,0.00024004450115546302,0.2558256636426258
2026-06-15,2026-06-16,2026-06-17,WLK,1,86.88999938964844,83.66999816894531,-0.03705836394661932,28,0.9697368421052632,0.03333333333333333,1.0,1.0,0.3818277036230095,0.84348252264358,-0.0012352787982206441,-1.3164893043469308
2026-06-15,2026-06-16,2026-06-17,BBIO,1,67.5,66.66999816894531,-0.01229632342303244,24,0.9940711462450593,0.03281708374967158,1.0,0.9845125124901474,0.38864081842162485,1.17821914145797,-0.0004035294755867039,-0.43005857411610143
2026-06-15,2026-06-16,2026-06-17,PFSI,1,82.29000091552734,83.91000366210938,0.019686507820616095,22,0.9927631578947369,0.03333333333333333,1.0,1.0,0.30088754157356845,0.8647749576097986,0.0006562169273538698,0.6993583694929307
2026-06-15,2026-06-16,2026-06-17,WBS,1,75.0,75.5,0.006666666666666599,19,0.9493421052631579,0.03333333333333333,1.0,1.0,0.1521600740205048,0.9551312353664999,0.00022222222222221996,0.23683170079917773
2026-06-15,2026-06-16,2026-06-17,PR,1,18.420000076293945,18.64999961853028,0.01248640289270897,17,0.9546052631578947,0.03333333333333333,1.0,1.0,0.35787969612831083,-0.10842028866834007,0.00041621342975696566,0.4435764050916102
2026-06-15,2026-06-16,2026-06-17,NYT,1,73.38999938964844,74.0199966430664,0.008584238433810842,16,0.9789473684210526,0.03333333333333333,1.0,1.0,0.3063845382726178,0.3047291570153709,0.0002861412811270281,0.3049529682517668
2026-06-15,2026-06-16,2026-06-17,CHRD,1,124.70999908447266,126.08000183105467,0.010985508432680202,16,0.986842105263158,0.028649730840489197,1.0,0.8594919252146759,0.44517201078408425,-0.2883780515681096,0.0003147318597422121,0.335423167372967
2026-06-15,2026-06-16,2026-06-17,NE,1,44.560001373291016,43.31999969482422,-0.027827684924849327,14,0.9697368421052632,0.03333333333333333,1.0,1.0,0.37503020968568346,0.7128835259397225,-0.0009275894974949775,-0.9885716925083657
2026-06-15,2026-06-16,2026-06-17,WFRD,1,100.0999984741211,100.91999816894533,0.008191805267971475,13,0.9703947368421053,0.03190690441735244,1.0,0.9572071325205731,0.39972722266805444,1.1712616086839829,0.00026137514769073003,0.27855864348404624
2026-06-15,2026-06-16,2026-06-17,AEO,1,18.36000061035156,17.68000030517578,-0.037037052427568384,11,0.9671052631578947,0.025132933387832495,1.0,0.7539880016349748,0.5074639752500175,1.8810387224170948,-0.000930849771543736,-0.9920463056245408
2026-06-15,2026-06-16,2026-06-17,GMED,1,77.69999694824219,76.83000183105469,-0.011196848794820746,10,0.9664473684210526,0.03333333333333333,1.0,1.0,0.3628118227116365,1.058513518322995,-0.00037322829316069155,-0.3977653115502972
2026-06-15,2026-06-16,2026-06-17,PSLV,1,22.51000022888184,22.36000061035156,-0.006663688005556834,10,0.9881578947368421,0.022660384067903837,1.0,0.6798115220371151,0.5628350450047408,1.6201603758066276,-0.00015100172951460197,-0.16092898391052424
2026-06-15,2026-06-16,2026-06-17,EGO,1,34.209999084472656,34.630001068115234,0.012277170268420345,8,0.9822368421052632,0.02174127920235412,1.0,0.6522383760706235,0.5866286968662991,1.4713106063617785,0.0002669213866205676,0.28446950687861045
2026-06-15,2026-06-16,2026-06-17,S,1,15.149999618530272,14.920000076293944,-0.015181488318653846,8,0.9756578947368422,0.022944442579641882,1.0,0.6883332773892564,0.5558669922972883,1.2960710176622907,-0.00034833078700085716,-0.3712309772675848
2026-06-15,2026-06-16,2026-06-17,DINO,1,66.38999938964844,66.5999984741211,0.0031631132158949082,8,0.9723684210526315,0.03333333333333333,1.0,1.0,0.3740364868460918,0.05193162740796733,0.00010543710719649695,0.11236882241111332
2026-06-15,2026-06-16,2026-06-17,LBRT,1,27.75,27.540000915527344,-0.007567534575591228,1,0.975,0.025065163165428665,1.0,0.7519548949628599,0.5088360367936686,1.1703217143273832,-0.0001896814888972171,-0.2021516533154193
2026-06-15,2026-06-16,2026-06-17,HUM,1,379.56448078788503,366.86447329806856,-0.03345942028994464,0,0.9894598155467721,0.028952840336495676,1.0,0.8685852100948702,0.4405114710146971,0.4884079465178481,-0.0009687452534064711,-1.032433137024243
2026-06-16,2026-06-17,2026-06-18,ZIM,1,24.39999961853028,24.100000381469727,-0.012295050891423909,37,0.9953886693017128,0.03333333333333333,1.0,1.0,0.34845517415770016,0.9180076884936488,-0.0004098350297141303,-0.4358316756097731
2026-06-16,2026-06-17,2026-06-18,ILMN,1,163.24000549316406,161.30999755859375,-0.011823130786718372,35,0.9711286089238845,0.031679518963296106,1.0,0.9503855688988831,0.406527327698145,0.9955305787553766,-0.00037455109596337466,-0.39830961220923244
2026-06-16,2026-06-17,2026-06-18,MRNA,1,56.209999084472656,63.959999084472656,0.13787582505299922,33,0.9723684210526315,0.022473192571046192,1.0,0.6741957771313858,0.5730645588604031,1.8485296252968109,0.0030985099673079266,3.29505457814905
2026-06-16,2026-06-17,2026-06-18,KGC,1,27.950000762939453,27.420000076293945,-0.018962456965234353,30,0.9743421052631579,0.02244150553410321,1.0,0.6732451660230963,0.5738737165980482,1.599253839739254,-0.0004255460829255007,-0.4525393119762449
2026-06-16,2026-06-17,2026-06-18,WLK,1,83.66999816894531,82.94000244140625,-0.00872470112960999,29,0.9697368421052632,0.03333333333333333,1.0,1.0,0.38188839782140716,0.8187794107664739,-0.0002908233709869997,-0.3092708721657051
2026-06-16,2026-06-17,2026-06-18,BBIO,1,66.66999816894531,68.08000183105469,0.021148998062612057,25,0.9934123847167325,0.03323867519008024,1.0,0.9971602557024072,0.3874579872171008,1.1717334827337451,0.0007029646771987984,0.7475551159493099
2026-06-16,2026-06-17,2026-06-18,PFSI,1,83.91000366210938,81.77999877929688,-0.025384397447885343,23,0.9927631578947369,0.03333333333333333,1.0,1.0,0.29608286014265767,0.8572445844937078,-0.0008461465815961781,-0.8998193315143779
2026-06-16,2026-06-17,2026-06-18,WBS,1,75.5,75.58999633789062,0.001192004475372599,20,0.9493421052631579,0.03333333333333333,1.0,1.0,0.15130523981623045,0.946131564592744,3.973348251241996e-05,0.04225385583384296
2026-06-16,2026-06-17,2026-06-18,PR,1,18.64999961853028,18.3700008392334,-0.015013339679571969,18,0.9546052631578947,0.03333333333333333,1.0,1.0,0.36322451036717135,-0.1439975655353984,-0.0005004446559857323,-0.5321888495484508
2026-06-16,2026-06-17,2026-06-18,NYT,1,74.0199966430664,74.16000366210938,0.0018914756200016924,17,0.9789473684210526,0.03333333333333333,1.0,1.0,0.3064000353187851,0.3049289873163564,6.304918733338975e-05,0.06704852189065653
2026-06-16,2026-06-17,2026-06-18,CHRD,1,126.08000183105467,125.41000366210938,-0.005314071694280997,17,0.986842105263158,0.02810383243385084,1.0,0.8431149730155252,0.45825031931941484,-0.3482969723427865,-0.000149345780437543,-0.1588190784441857
2026-06-16,2026-06-17,2026-06-18,NE,1,43.31999969482422,42.63999938964844,-0.015697144736061208,15,0.9697368421052632,0.03333333333333333,1.0,1.0,0.382803685344775,0.6576163581992714,-0.0005232381578687069,-0.5564281883028775
2026-06-16,2026-06-17,2026-06-18,WFRD,1,100.91999816894533,94.66999816894533,-0.061930242899303045,14,0.9703947368421053,0.032131041849092205,1.0,0.9639312554727663,0.4008145844569099,1.1341831878251676,-0.0019898832263219516,-2.1161054519927394
2026-06-16,2026-06-17,2026-06-18,AEO,1,17.68000030517578,17.3700008392334,-0.01753390614205086,12,0.9671052631578947,0.025330335950734813,1.0,0.7599100785220444,0.5084255578749194,1.8265023917994216,-0.0004441397331068008,-0.472312394135353
2026-06-16,2026-06-17,2026-06-18,GMED,1,76.83000183105469,76.23999786376953,-0.007679343397421046,11,0.9664473684210526,0.03333333333333333,1.0,1.0,0.36960673275537625,0.9989229594034696,-0.0002559781132473682,-0.2722153108626338
2026-06-16,2026-06-17,2026-06-18,PSLV,1,22.36000061035156,21.43000030517578,-0.04159214131439848,11,0.9881578947368421,0.02265413802677352,1.0,0.6796241408032057,0.5684873188152675,1.6298629784460883,-0.0009422341101654526,-1.0020018819195
2026-06-16,2026-06-17,2026-06-18,EGO,1,34.630001068115234,34.41999816894531,-0.0060641897976514425,9,0.9822368421052632,0.020764452654369225,1.0,0.6229335796310768,0.6202229551281517,1.5518257031049951,-0.00012591958194044226,-0.13390690987899448
2026-06-16,2026-06-17,2026-06-18,S,1,14.920000076293944,14.75,-0.011394106931946535,9,0.9756578947368422,0.023141921201576706,1.0,0.6942576360473012,0.5565047981424304,1.299319740065346,-0.0002636815247814456,-0.28040736501464336
2026-06-16,2026-06-17,2026-06-18,DINO,1,66.5999984741211,65.77999877929688,-0.01231230801218186,9,0.9723684210526315,0.03282696846547732,1.0,0.9848090539643196,0.3923173777211661,-0.012919773173617526,-0.0004041757468531377,-0.42981341325241307
2026-06-16,2026-06-17,2026-06-18,LBRT,1,27.540000915527344,27.290000915527344,-0.009077704854361435,2,0.975,0.02517044517807665,1.0,0.7551133553422995,0.5116552407316447,1.1205548657473072,-0.00022848987237946477,-0.24298343655120683
2026-06-16,2026-06-17,2026-06-18,HUM,1,366.86447329806856,362.6743430383963,-0.011421466412387948,1,0.9894598155467721,0.02926119455823191,1.0,0.8778358367469573,0.4401252368997493,0.4778349253708417,-0.0003342057508331948,-0.3554050821025551
2026-06-17,2026-06-18,2026-06-22,ZIM,1,24.100000381469727,24.34000015258789,0.009958496569265618,38,0.9934123847167325,0.03333333333333333,1.0,1.0,0.3461856764010407,0.9769746481217103,0.00033194988564218725,0.35138074820335113
2026-06-17,2026-06-18,2026-06-22,ILMN,1,161.30999755859375,161.8300018310547,0.00322363325479591,36,0.9711286089238845,0.03144128002614377,1.0,0.9432384007843131,0.4084518660561536,0.9972839204781326,0.00010135515586562747,0.10728803365433445
2026-06-17,2026-06-18,2026-06-22,MRNA,1,63.959999084472656,64.06999969482422,0.0017198344578817082,34,0.9723684210526315,0.021909791869427465,1.0,0.6572937560828239,0.586142012411918,1.8109881998234088,3.7681215022057845e-05,0.03988690492255233
2026-06-17,2026-06-18,2026-06-22,KGC,1,27.420000076293945,26.100000381469727,-0.048140032500051944,31,0.9743421052631579,0.022292781297558843,1.0,0.6687834389267653,0.5760721072196933,1.6112902283989468,-0.001073175216181033,-1.1359940964747242
2026-06-17,2026-06-18,2026-06-22,WLK,1,82.94000244140625,79.29000091552734,-0.044007733523488635,30,0.9697368421052632,0.03320362471469789,1.0,0.9961087414409368,0.3867725168025933,0.8266785239664303,-0.0014612162684583463,-1.5467493374926153
2026-06-17,2026-06-18,2026-06-22,BBIO,1,68.08000183105469,66.3499984741211,-0.025411329471270006,26,0.9749670619235837,0.032976621079995785,1.0,0.9892986323998735,0.3894349717249483,1.1902627731067987,-0.0008379797831130006,-0.8870313740277026
2026-06-17,2026-06-18,2026-06-22,PFSI,1,81.77999877929688,81.70999908447266,-0.000855951282331624,24,0.9927631578947369,0.03333333333333333,1.0,1.0,0.29685197099219185,0.834921807948242,-2.8531709411054133e-05,-0.030201828149395406
2026-06-17,2026-06-18,2026-06-22,PR,1,18.3700008392334,18.71999931335449,0.01905271954988641,19,0.9546052631578947,0.03333333333333333,1.0,1.0,0.3603804749219187,-0.11832167920521615,0.0006350906516628803,0.6722660196931114
2026-06-17,2026-06-18,2026-06-22,NYT,1,74.16000366210938,72.80999755859375,-0.01820396489820275,18,0.9789473684210526,0.03333333333333333,1.0,1.0,0.30608257172006564,0.3067126644524576,-0.0006067988299400917,-0.6423181211850064
2026-06-17,2026-06-18,2026-06-22,CHRD,1,125.41000366210938,122.5,-0.02320391976025904,18,0.986842105263158,0.028016469750154756,1.0,0.8404940925046427,0.45838214494535146,-0.3193631618556552,-0.0006500919160483156,-0.6881453910432568
2026-06-17,2026-06-18,2026-06-22,NE,1,42.63999938964844,41.91999816894531,-0.016885582340742666,16,0.9697368421052632,0.03333333333333333,1.0,1.0,0.3842805268928097,0.6788156210642842,-0.0005628527446914222,-0.5957996285353941
2026-06-17,2026-06-18,2026-06-22,WFRD,1,94.66999816894533,91.62999725341795,-0.03211155565992807,15,0.9703947368421053,0.03181140060198117,1.0,0.9543420180594351,0.4036995936944912,1.1592976026297397,-0.0010215135610507876,-1.0813083989696002
2026-06-17,2026-06-18,2026-06-22,AEO,1,17.3700008392334,17.739999771118164,0.021301031318838648,13,0.9671052631578947,0.024765218028384314,1.0,0.7429565408515294,0.5185599207385747,1.799711397063669,0.0005275246848404818,0.5584036219695808
2026-06-17,2026-06-18,2026-06-22,GMED,1,76.23999786376953,78.77999877929688,0.03331585764293932,12,0.9664473684210526,0.03333333333333333,1.0,1.0,0.3648668825993149,0.9865424614859694,0.0011105285880979772,1.1755339678221772
2026-06-17,2026-06-18,2026-06-22,PSLV,1,21.43000030517578,21.21999931335449,-0.009799392852578359,12,0.9881578947368421,0.02265904112169777,1.0,0.6797712336509332,0.5667605009805579,1.6394020825015234,-0.00022204484561424425,-0.23504235838397575
2026-06-17,2026-06-18,2026-06-22,EGO,1,34.41999816894531,31.51000022888184,-0.08454381449354509,10,0.9822368421052632,0.020641729993477534,1.0,0.619251899804326,0.622149863501288,1.5581613951351831,-0.0017451305913944103,-1.8472827358576225
2026-06-17,2026-06-18,2026-06-22,S,1,14.75,14.789999961853027,0.0027118618205441702,10,0.9756578947368422,0.023079175495030947,1.0,0.6923752648509284,0.5564431667256695,1.284540177090321,6.258753487461303e-05,0.06625112941340296
2026-06-17,2026-06-18,2026-06-22,DINO,1,65.77999877929688,64.94000244140625,-0.012769783421689551,10,0.9723684210526315,0.033053552696214766,1.0,0.9916065808864429,0.3885285680453697,-0.00024850513390595094,-0.0004220867092480653,-0.4467937785709739
2026-06-17,2026-06-18,2026-06-22,LBRT,1,27.290000915527344,27.40999984741211,0.00439717581015131,3,0.975,0.02526996913407912,1.0,0.7580990740223735,0.5082020254846064,1.1755621371806786,0.00011111649699964295,0.11762076006724753
2026-06-17,2026-06-18,2026-06-22,HUM,1,362.6743430383963,362.3750736153279,-0.0008251739578851724,2,0.9894598155467721,0.028689924029122165,1.0,0.8606977208736649,0.44762229014049537,0.4940583107736772,-2.367417816253565e-05,-0.02505995873370472
2026-06-18,2026-06-22,2026-06-23,ZIM,1,24.34000015258789,25.0,0.027115852229850468,39,0.9953886693017128,0.03333333333333333,1.0,1.0,0.34774398425467146,0.9737844270092297,0.0009038617409950156,0.9512486359578147
2026-06-18,2026-06-22,2026-06-23,ILMN,1,161.8300018310547,160.60000610351562,-0.007600542010888334,37,0.9711286089238845,0.03106297784662159,1.0,0.9318893353986477,0.4142135981042946,1.000688675364582,-0.00023609546810654102,-0.2484732805981301
2026-06-18,2026-06-22,2026-06-23,MRNA,1,64.06999969482422,59.04999923706055,-0.07835181023372473,35,0.9723684210526315,0.0205525474344942,1.0,0.616576423034826,0.6260395633530269,1.7169879363169787,-0.0016103292964071154,-1.6947542717804043
2026-06-18,2026-06-22,2026-06-23,KGC,1,26.100000381469727,25.200000762939453,-0.03448274350100189,32,0.9743421052631579,0.022855839699876628,1.0,0.6856751909962988,0.5629505627724792,1.6337415465354506,-0.0007881320578708617,-0.8294515753913485
2026-06-18,2026-06-22,2026-06-23,WLK,1,79.29000091552734,77.37000274658203,-0.02421488392957405,31,0.9697368421052632,0.03333333333333333,1.0,1.0,0.38581407822104186,0.8373480376496885,-0.0008071627976524683,-0.8494800426197465
2026-06-18,2026-06-22,2026-06-23,BBIO,1,66.3499984741211,68.56999969482422,0.03345894908451297,27,0.9894598155467721,0.033032098155777706,1.0,0.9909629446733311,0.38952136073840593,1.1564805948188777,0.001105219290348801,1.16316278773034
2026-06-18,2026-06-22,2026-06-23,PFSI,1,81.70999908447266,80.04000091552734,-0.020438112687026888,25,0.9927631578947369,0.03333333333333333,1.0,1.0,0.3021550319034674,0.8568881738779783,-0.0006812704229008963,-0.7169874894687626
2026-06-18,2026-06-22,2026-06-23,PR,1,18.71999931335449,18.88999938964844,0.009081200989824678,20,0.9546052631578947,0.03333333333333333,1.0,1.0,0.3603284458622118,-0.10596191864355156,0.0003027066996608226,0.3185767491725676
2026-06-18,2026-06-22,2026-06-23,NYT,1,72.80999755859375,72.70999908447266,-0.0013734168036555472,19,0.9789473684210526,0.03333333333333333,1.0,1.0,0.30662455965837493,0.29489610968513974,-4.5780560121851575e-05,-0.048180704408790985
2026-06-18,2026-06-22,2026-06-23,CHRD,1,122.5,123.87000274658205,0.01118369589046564,19,0.986842105263158,0.02827575293703765,1.0,0.8482725881111295,0.45504386215050585,-0.3155374463887329,0.0003162274219217697,0.3328063243659283
2026-06-18,2026-06-22,2026-06-23,NE,1,41.91999816894531,42.119998931884766,0.004771010774700324,17,0.9697368421052632,0.03333333333333333,1.0,1.0,0.3827480245486968,0.6842287863655245,0.0001590336924900108,0.1673713757216012
2026-06-18,2026-06-22,2026-06-23,WFRD,1,91.62999725341795,89.2300033569336,-0.02619222927451126,16,0.9703947368421053,0.03126092827514314,1.0,0.9378278482542942,0.41159071504328854,1.200631477207902,-0.0008187934007166008,-0.8617204050538766
2026-06-18,2026-06-22,2026-06-23,AEO,1,17.739999771118164,17.489999771118164,-0.014092446630524558,14,0.9671052631578947,0.024740572718314712,1.0,0.7422171815494414,0.5200650756220481,1.7906014967197914,-0.00034865520064146196,-0.3669341991007205
2026-06-18,2026-06-22,2026-06-23,GMED,1,78.77999877929688,80.30999755859375,0.019421157692362856,13,0.9664473684210526,0.03333333333333333,1.0,1.0,0.3669703425233331,1.005863427966217,0.0006473719230787619,0.6813117879158639
2026-06-18,2026-06-22,2026-06-23,PSLV,1,21.21999931335449,19.600000381469727,-0.0763430247080753,13,0.9881578947368421,0.022743493876918913,1.0,0.6823048163075673,0.5657313643767291,1.6654996592290061,-0.0017363071149935798,-1.8273367483430185
2026-06-18,2026-06-22,2026-06-23,EGO,1,31.51000022888184,31.01000022888184,-0.015867978304287766,11,0.9822368421052632,0.021172980562267223,1.0,0.6351894168680167,0.6076946882298249,1.5691835608709892,-0.0003359723961991629,-0.3535864713690704
2026-06-18,2026-06-22,2026-06-23,S,1,14.789999961853027,14.670000076293944,-0.008113582546896092,11,0.9756578947368422,0.023093744336613823,1.0,0.6928123300984147,0.5571512195743713,1.2777392368743292,-0.0001873730009920304,-0.19719643339785314
2026-06-18,2026-06-22,2026-06-23,DINO,1,64.94000244140625,65.0,0.0009238921518039955,11,0.9723684210526315,0.033296497609028176,1.0,0.9988949282708453,0.3864282656021569,-0.012756784024523293,3.076237282354163e-05,0.032375156354118875
2026-06-18,2026-06-22,2026-06-23,LBRT,1,27.40999984741211,27.09000015258789,-0.011674560255586108,4,0.975,0.025376649171156836,1.0,0.7612994751347051,0.507029424369686,1.1901290743728505,-0.00029626121983353975,-0.3117933512083538
2026-06-18,2026-06-22,2026-06-23,HUM,1,362.3750736153279,361.04816760636925,-0.0036616922784462602,3,0.9894598155467721,0.028495349690396545,1.0,0.8548604907118964,0.45153710908904676,0.5113655674341216,-0.00010434120193295106,-0.10981151376498625
2026-06-22,2026-06-23,2026-06-24,ILMN,1,160.60000610351562,166.1199951171875,0.0343710386294378,38,0.9711286089238845,0.031521862120411456,1.0,0.9456558636123437,0.411971142737084,1.0030101087364933,0.0010834391406124742,1.1350740040982952
2026-06-22,2026-06-23,2026-06-24,MRNA,1,59.04999923706055,61.16999816894531,0.035901760529646554,36,0.9723684210526315,0.020640588295360262,1.0,0.6192176488608079,0.6291534607986835,1.7224776712370269,0.0007410334581710497,0.776349850220037
2026-06-22,2026-06-23,2026-06-24,KGC,1,25.200000762939453,23.809999465942383,-0.055158779956915094,33,0.9743421052631579,0.02341406102827189,1.0,0.7024218308481568,0.5546281588343996,1.6177890782578834,-0.0012914910401562304,-1.3530413026969854
2026-06-22,2026-06-23,2026-06-24,WLK,1,77.37000274658203,75.73999786376953,-0.02106765962192636,32,0.9697368421052632,0.033174267669096674,1.0,0.9952280300729003,0.3914509187807586,0.7869004707737197,-0.0006989041794592051,-0.7322127618643461
2026-06-22,2026-06-23,2026-06-24,BBIO,1,68.56999969482422,69.25,0.009916877762901732,28,0.9894598155467721,0.0332226341744012,1.0,0.996679025232036,0.3908810328156578,1.1271920570061151,0.00032946480206913844,0.3451665331960074
2026-06-22,2026-06-23,2026-06-24,PFSI,1,80.04000091552734,80.70999908447266,0.00837079162021026,26,0.9927631578947369,0.03333333333333333,1.0,1.0,0.3030424848640273,0.8493977052441334,0.000279026387340342,0.2923243095578426
2026-06-22,2026-06-23,2026-06-24,PR,1,18.88999938964844,18.700000762939453,-0.010058159494335639,21,0.9546052631578947,0.03333333333333333,1.0,1.0,0.3584654992006782,-0.11100820725231896,-0.0003352719831445213,-0.3512504746272099
2026-06-22,2026-06-23,2026-06-24,NYT,1,72.70999908447266,71.5999984741211,-0.015266134291405886,20,0.9789473684210526,0.03333333333333333,1.0,1.0,0.3076875199938139,0.25698243434100104,-0.0005088711430468629,-0.5331230747135044
2026-06-22,2026-06-23,2026-06-24,CHRD,1,123.87000274658205,121.0500030517578,-0.022765799889368776,20,0.986842105263158,0.028288542840802792,1.0,0.8486562852240838,0.4590585535645137,-0.3288748707827976,-0.0006440113054755521,-0.6747037870327137
2026-06-22,2026-06-23,2026-06-24,NE,1,42.119998931884766,41.0099983215332,-0.02635329151234367,18,0.9697368421052632,0.03333333333333333,1.0,1.0,0.3841834325683484,0.6605157637630591,-0.0008784430504114556,-0.9203081495091515
2026-06-22,2026-06-23,2026-06-24,WFRD,1,89.2300033569336,87.4000015258789,-0.020508817238686028,17,0.9703947368421053,0.031296476906450994,1.0,0.9388943071935298,0.4149380007776513,1.1794745304355987,-0.0006418537250891613,-0.6724433800411774
2026-06-22,2026-06-23,2026-06-24,AEO,1,17.489999771118164,17.8700008392334,0.02172676232636328,15,0.9671052631578947,0.02469787804188658,1.0,0.7409363412565975,0.525798108522636,1.8185236624697363,0.0005366049261815763,0.5621786026997991
2026-06-22,2026-06-23,2026-06-24,GMED,1,80.30999755859375,80.91000366210938,0.007471125909048526,14,0.9664473684210526,0.03333333333333333,1.0,1.0,0.38164251242501296,1.0276202927847828,0.0002490375303016175,0.26090623468745017
2026-06-22,2026-06-23,2026-06-24,PSLV,1,19.600000381469727,18.420000076293945,-0.06020409603110921,14,0.9881578947368421,0.02315224617384044,1.0,0.6945673852152132,0.560900115757218,1.663110568005572,-0.0013938600519857707,-1.46028904721474
2026-06-22,2026-06-23,2026-06-24,EGO,1,31.01000022888184,30.0,-0.03257014580545392,12,0.9822368421052632,0.021770247357132018,1.0,0.6531074207139606,0.5965066609448704,1.5435805304953316,-0.0007090601306425876,-0.7428527283774925
2026-06-22,2026-06-23,2026-06-24,S,1,14.670000076293944,15.100000381469728,0.029311540759338284,12,0.9756578947368422,0.02329900704861236,1.0,0.6989702114583708,0.557366995591348,1.2946001503402733,0.0006829297947575112,0.7154770652048106
2026-06-22,2026-06-23,2026-06-24,DINO,1,65.0,65.0,0.0,12,0.9723684210526315,0.03333333333333333,1.0,1.0,0.3888590374569625,-0.015655914621698616,0.0,0.0
2026-06-22,2026-06-23,2026-06-24,LBRT,1,27.09000015258789,26.31999969482422,-0.028423789347602257,5,0.975,0.02561566595967564,1.0,0.7684699787902692,0.506959201427342,1.1914857331604827,-0.0007280942932363663,-0.7627940267302221
2026-06-22,2026-06-23,2026-06-24,HUM,1,361.04816760636925,361.07811386207885,8.294255004304141e-05,4,0.9894598155467721,0.029057404898966844,1.0,0.8717221469690053,0.4469118148747151,0.522270246735469,2.410095259953474e-06,0.0025249562937399886
2026-06-22,2026-06-23,2026-06-24,ZIM,1,25.0,25.43000030517578,0.017200012207031268,0,0.9934123847167325,0.03333333333333333,1.0,1.0,0.3490626583999305,0.9594558462763534,0.0005733337402343756,0.6006578494520671
2026-06-23,2026-06-24,2026-06-25,ILMN,1,166.1199951171875,178.24000549316406,0.07295937113064954,39,0.9711286089238845,0.031559647051855225,1.0,0.9467894115556568,0.40982834037927096,1.004077010279399,0.002302572002008615,2.4040603796931994
2026-06-23,2026-06-24,2026-06-25,MRNA,1,61.16999816894531,60.33000183105469,-0.01373216222061413,37,0.9723684210526315,0.020027787591418652,1.0,0.6008336277425596,0.6458046209636882,1.740477170449154,-0.00027502482812536365,-0.28714684802531737
2026-06-23,2026-06-24,2026-06-25,KGC,1,23.809999465942383,24.377345071517055,0.023828039407820967,34,0.9743421052631579,0.023452070747773664,1.0,0.7035621224332099,0.5515094131056731,1.619955786446245,0.0005588168659729562,0.5834473301238734
2026-06-23,2026-06-24,2026-06-25,WLK,1,75.73999786376953,74.72564093541918,-0.013392618919462307,33,0.9697368421052632,0.03333333333333333,1.0,1.0,0.3856539260813969,0.7919992877932265,-0.00044642063064874357,-0.4660971078794002
2026-06-23,2026-06-24,2026-06-25,BBIO,1,69.25,69.58999633789062,0.004909694409972909,29,0.9894598155467721,0.032601310561392705,1.0,0.9780393168417811,0.3967336757784883,1.115688607519593,0.00016006247222106053,0.16711740063143318
2026-06-23,2026-06-24,2026-06-25,PFSI,1,80.70999908447266,83.6770490987269,0.03676186405539261,27,0.9927631578947369,0.03333333333333333,1.0,1.0,0.298545928278616,0.85828824738819,0.001225395468513087,1.2794061131369892
2026-06-23,2026-06-24,2026-06-25,PR,1,18.700000762939453,18.51000022888184,-0.010160455952181846,22,0.9546052631578947,0.03333333333333333,1.0,1.0,0.3639435243979573,-0.11887696072221084,-0.0003386818650727282,-0.35360963845285975
2026-06-23,2026-06-24,2026-06-25,NYT,1,71.5999984741211,70.78846146807487,-0.011334315968449915,21,0.9789473684210526,0.03333333333333333,1.0,1.0,0.308583196722143,0.26092262683595996,-0.00037781053228166386,-0.39446294443640517
2026-06-23,2026-06-24,2026-06-25,NE,1,41.0099983215332,38.90999984741211,-0.051206987565723505,19,0.9697368421052632,0.03333333333333333,1.0,1.0,0.3836686628597801,0.655297207125032,-0.0017068995855241168,-1.7821330503861132
2026-06-23,2026-06-24,2026-06-25,WFRD,1,87.4000015258789,84.39402100181177,-0.03439336924012615,18,0.9703947368421053,0.03127602915055683,1.0,0.9382808745167048,0.41354475377789784,1.1775549332899689,-0.00107568801894005,-1.1231001440947628
2026-06-23,2026-06-24,2026-06-25,AEO,1,17.8700008392334,18.4010615699637,0.029718002562393098,16,0.9671052631578947,0.02465073567210004,1.0,0.7395220701630012,0.5246917555023016,1.8160069469959865,0.0007325706258683439,0.7648594768983672
2026-06-23,2026-06-24,2026-06-25,GMED,1,80.91000366210938,82.66999816894531,0.02175249570109905,15,0.9664473684210526,0.03333333333333333,1.0,1.0,0.3816422544655654,1.026070683736519,0.000725083190036635,0.7570420241486576
2026-06-23,2026-06-24,2026-06-25,PSLV,1,18.420000076293945,18.51000022888184,0.004886001748920732,15,0.9881578947368421,0.023655168036402465,1.0,0.709655041092074,0.5467742928020399,1.6660627197420907,0.00011557919239687623,0.12067347162906569
2026-06-23,2026-06-24,2026-06-25,EGO,1,30.0,30.6299991607666,0.02099997202555337,13,0.9822368421052632,0.02173996478134469,1.0,0.6521989434403407,0.5949429037399464,1.5471820726955732,0.000456538652244754,0.47666109233618587
2026-06-23,2026-06-24,2026-06-25,S,1,15.100000381469728,15.039999961853027,-0.003973537622577239,13,0.9756578947368422,0.02326489023376481,1.0,0.6979467070129443,0.5559466494041716,1.297451654957993,-9.244391662899425e-05,-0.09651848329501005
2026-06-23,2026-06-24,2026-06-25,DINO,1,65.0,65.8617422057624,0.013257572396344619,13,0.9723684210526315,0.03311268976532645,1.0,0.9933806929597935,0.3906066787652237,-0.02116683121610025,0.00043899388180151493,0.4583430169593423
2026-06-23,2026-06-24,2026-06-25,LBRT,1,26.31999969482422,26.38999938964844,0.0026595629040979674,6,0.975,0.025384322488458406,1.0,0.7615296746537522,0.5095285793070959,1.1823369743411478,6.751120243596378e-05,0.07048683247262913
2026-06-23,2026-06-24,2026-06-25,HUM,1,361.07811386207885,357.7060509826988,-0.009338873639591738,5,0.9894598155467721,0.028914996921344104,1.0,0.8674499076403231,0.44731243822716427,0.5226876662241922,-0.0002700335025376167,-0.28193552430680446
2026-06-23,2026-06-24,2026-06-25,ZIM,1,25.43000030517578,25.850000381469727,0.016515928873522823,1,0.9736495388669302,0.03333333333333333,1.0,1.0,0.35738575537191936,0.9499723352016,0.0005505309624507607,0.5747962163474992
2026-06-24,2026-06-25,2026-06-26,MRNA,1,60.33000183105469,59.46500015258789,-0.01433783610497985,38,0.9723684210526315,0.02001816448377346,1.0,0.6005449345132038,0.6476126686313034,1.694768793449747,-0.00028701716149087247,-0.30048204927121486
2026-06-24,2026-06-25,2026-06-26,KGC,1,24.377345071517055,24.127680084787873,-0.010241680789960017,35,0.9743421052631579,0.023497835071790443,1.0,0.7049350521537133,0.5517111207406692,1.6463595321763609,-0.00024065732606040494,-0.2519473265331595
2026-06-24,2026-06-25,2026-06-26,WLK,1,74.72564093541918,75.47041528619141,0.00996678437881715,34,0.9697368421052632,0.03333333333333333,1.0,1.0,0.38272631303907895,0.8022636483086475,0.0003322261459605717,0.34781193097014507
2026-06-24,2026-06-25,2026-06-26,BBIO,1,69.58999633789062,69.52999877929688,-0.0008621578064530455,30,0.9894598155467721,0.03276672529378441,1.0,0.9830017588135322,0.3956457902400177,1.114588345065668,-2.825008800393869e-05,-0.02957538946947467
2026-06-24,2026-06-25,2026-06-26,PFSI,1,83.6770490987269,84.24485725552373,0.006785709617064706,28,0.9927631578947369,0.03333333333333333,1.0,1.0,0.29761511740849766,0.8418895886658322,0.00022619032056882352,0.23680162780787073
2026-06-24,2026-06-25,2026-06-26,PR,1,18.51000022888184,18.790000915527344,0.015126995309735713,23,0.9546052631578947,0.03333333333333333,1.0,1.0,0.3642223005201994,-0.12488337064322995,0.0005042331769911905,0.5278883588208938
2026-06-24,2026-06-25,2026-06-26,NYT,1,70.78846146807487,68.6152595967385,-0.030699944966546155,22,0.9789473684210526,0.03333333333333333,1.0,1.0,0.3060711773116976,0.24954800550546957,-0.001023331498884872,-1.071339233763863
2026-06-24,2026-06-25,2026-06-26,NE,1,38.90999984741211,38.650001525878906,-0.0066820437561758705,20,0.9697368421052632,0.03333333333333333,1.0,1.0,0.38030046867541,0.6552671712871757,-0.00022273479187252901,-0.23318398927160822
2026-06-24,2026-06-25,2026-06-26,WFRD,1,84.39402100181177,82.46011622111648,-0.022915187091912204,19,0.9703947368421053,0.032593763069071864,1.0,0.9778128920721558,0.3977453261522427,1.18765404897116,-0.0007468921787572403,-0.7819312660325198
2026-06-24,2026-06-25,2026-06-26,AEO,1,18.4010615699637,17.597130494223983,-0.043689385673921444,17,0.9671052631578947,0.024789596341265138,1.0,0.7436878902379541,0.5229620016384378,1.799179626454398,-0.0010830422352543646,-1.1338511906607993
2026-06-24,2026-06-25,2026-06-26,GMED,1,82.66999816894531,84.62000274658203,0.02358781445297331,16,0.9664473684210526,0.03333333333333333,1.0,1.0,0.38160669119625173,1.0035565321824982,0.000786260481765777,0.8231464613291656
2026-06-24,2026-06-25,2026-06-26,PSLV,1,18.51000022888184,18.600000381469727,0.004862244812263938,16,0.9881578947368421,0.02327183066670735,1.0,0.6981549200012205,0.5570690638009503,1.6961896284239857,0.00011315333793108265,0.1184617208490206
2026-06-24,2026-06-25,2026-06-26,EGO,1,30.6299991607666,30.700000762939453,0.0022853935387145974,14,0.9822368421052632,0.02198145548693656,1.0,0.6594436646080968,0.5897706332568079,1.5540978395328897,5.023627634138735e-05,0.05259301981946179
2026-06-24,2026-06-25,2026-06-26,S,1,15.039999961853027,14.9350004196167,-0.006981352560016307,14,0.9756578947368422,0.023250200030249964,1.0,0.6975060009074989,0.5575873285206111,1.2491781153358992,-0.00016231784350207682,-0.16993268972294345
2026-06-24,2026-06-25,2026-06-26,DINO,1,65.8617422057624,66.97484376951475,0.016900578795423504,14,0.9723684210526315,0.033317239408754355,1.0,0.9995171822626308,0.38910837609884674,-0.014240996573240848,0.0005630806298736422,0.5894965328571096
2026-06-24,2026-06-25,2026-06-26,LBRT,1,26.38999938964844,27.059999465942383,0.025388408176953314,7,0.975,0.02641514836847015,1.0,0.7924544510541045,0.4907796368053385,1.1940465446365587,0.0006706385688335025,0.7021003567754047
2026-06-24,2026-06-25,2026-06-26,HUM,1,357.7060509826988,374.3299865722656,0.04647373323402593,6,0.9894598155467721,0.028934519449288407,1.0,0.8680355834786522,0.44804673342365586,0.5177994826442002,0.0013446951381409643,1.4077790632964846
2026-06-24,2026-06-25,2026-06-26,ZIM,1,25.850000381469727,25.420000076293945,-0.01663444096055111,2,0.9736495388669302,0.03333333333333333,1.0,1.0,0.3576051924940386,0.9173478282738149,-0.0005544813653517036,-0.5804938494901796
2026-06-25,2026-06-26,2026-06-29,MRNA,1,59.46500015258789,67.94499969482422,0.14260488557095008,39,0.9723684210526315,0.02010454609831872,1.0,0.6031363829495615,0.648125101971368,1.7122244628280276,0.002867006495806632,3.002133170990927
2026-06-25,2026-06-26,2026-06-29,KGC,1,24.127680084787873,23.81809406867029,-0.012831155545400708,36,0.9743421052631579,0.023224996583670828,1.0,0.6967498975101248,0.5610446892044876,1.6526344799476549,-0.0002980035437064804,-0.3120489349928594
2026-06-25,2026-06-26,2026-06-29,WLK,1,75.47041528619141,75.90734900433816,0.005789470171720268,35,0.9697368421052632,0.03333333333333333,1.0,1.0,0.36494344098985243,0.7951875524835487,0.00019298233905734225,0.2020779103036049
2026-06-25,2026-06-26,2026-06-29,BBIO,1,69.52999877929688,71.29000091552734,0.02531284578066928,31,0.9894598155467721,0.032993423235672684,1.0,0.9898026970701804,0.3949351025804589,1.114753000372722,0.0008351574341409331,0.8745197611869205
2026-06-25,2026-06-26,2026-06-29,PFSI,1,84.24485725552373,85.63947073708847,0.016554286243666283,29,0.9927631578947369,0.03333333333333333,1.0,1.0,0.3066889433848729,0.8329823122678437,0.0005518095414555427,0.5778172218639819
2026-06-25,2026-06-26,2026-06-29,PR,1,18.790000915527344,18.600000381469727,-0.010111789505055757,24,0.9546052631578947,0.03333333333333333,1.0,1.0,0.3589644342695957,-0.09757098370805084,-0.00033705965016852526,-0.3529458192206955
2026-06-25,2026-06-26,2026-06-29,NYT,1,68.6152595967385,70.87817369189189,0.032979749817356296,23,0.9789473684210526,0.03333333333333333,1.0,1.0,0.30610266580011786,0.25117394296865947,0.0010993249939118765,1.1511379673361006
2026-06-25,2026-06-26,2026-06-29,NE,1,38.650001525878906,38.59000015258789,-0.0015524287431357697,21,0.9697368421052632,0.033234760246988036,1.0,0.9970428074096411,0.39206724806272003,0.6798273458233192,-5.159459707865028e-05,-0.054026334282911426
2026-06-25,2026-06-26,2026-06-29,WFRD,1,82.46011622111648,82.54982524772957,0.0010879080787677964,20,0.9703947368421053,0.03172685835416465,1.0,0.9518057506249396,0.4107012690826496,1.2454979580603733,3.451590551741728e-05,0.036142696234622
2026-06-25,2026-06-26,2026-06-29,AEO,1,17.597130494223983,17.468104547782396,-0.007332215129275621,18,0.9671052631578947,0.02482180801032847,1.0,0.7446542403098542,0.5249521301848331,1.8098552985063703,-0.00018199883622930523,-0.19057673713851048
2026-06-25,2026-06-26,2026-06-29,GMED,1,84.62000274658203,85.98999786376953,0.01618996777027215,17,0.9664473684210526,0.03333333333333333,1.0,1.0,0.384851770551933,1.008175648717459,0.000539665592342405,0.5651009086945835
2026-06-25,2026-06-26,2026-06-29,PSLV,1,18.600000381469727,18.56999969482422,-0.0016129401091515838,17,0.9881578947368421,0.022777693011088965,1.0,0.683330790332669,0.5720623674977666,1.706675838536253,-3.67390546515271e-05,-0.03847062600015714
2026-06-25,2026-06-26,2026-06-29,EGO,1,30.700000762939453,30.86000061035156,0.005211721284556381,15,0.9822368421052632,0.021744061973169915,1.0,0.6523218591950974,0.5992560638457974,1.5630935892237692,0.00011332399059828267,0.11866513443264776
2026-06-25,2026-06-26,2026-06-29,S,1,14.9350004196167,16.190000534057617,0.08403080543556674,15,0.9756578947368422,0.024893489237813406,1.0,0.7468046771344021,0.5234405215588588,1.2511859476054386,0.0020918199507550727,2.1904108243520235
2026-06-25,2026-06-26,2026-06-29,DINO,1,66.97484376951475,68.41590666436844,0.021516480125178372,15,0.9723684210526315,0.03333333333333333,1.0,1.0,0.3826686811435212,-0.0013395948898077333,0.0007172160041726124,0.7510195599631421
2026-06-25,2026-06-26,2026-06-29,LBRT,1,27.059999465942383,26.850000381469727,-0.0077604984707024816,8,0.975,0.0264519970819181,1.0,0.793559912457543,0.4926002732310913,1.248722124793679,-0.00020528068290125192,-0.2149558950783361
2026-06-25,2026-06-26,2026-06-29,HUM,1,374.3299865722656,381.3800048828125,0.018833699044802144,7,0.9894598155467721,0.029074040312420946,1.0,0.8722212093726284,0.44817510225760154,0.5333080209992228,0.0005475717252605814,0.5733796705050769
2026-06-25,2026-06-26,2026-06-29,ZIM,1,25.420000076293945,25.36000061035156,-0.00236032516767537,3,0.9736495388669302,0.03333333333333333,1.0,1.0,0.3552992778413893,0.9276627022010974,-7.8677505589179e-05,-0.08238570428269762
2026-06-26,2026-06-29,2026-06-30,KGC,1,23.81809406867029,23.63833605346133,-0.007547120046242917,37,0.9743421052631579,0.02353426438664116,1.0,0.7060279315992348,0.5555879042107182,1.6821366397971618,-0.00017761591852600024,-0.18754973170858255
2026-06-26,2026-06-29,2026-06-30,WLK,1,75.90734900433816,74.15961139205021,-0.023024616657183805,36,0.9697368421052632,0.03333333333333333,1.0,1.0,0.3649998453017945,0.7809756612005659,-0.0007674872219061268,-0.8104117229627058
2026-06-26,2026-06-29,2026-06-30,BBIO,1,71.29000091552734,72.52999877929688,0.017393713674359823,32,0.9894598155467721,0.03333333333333333,1.0,1.0,0.3845949219932097,1.088141105142502,0.0005797904558119941,0.6122173357948121
2026-06-26,2026-06-29,2026-06-30,PFSI,1,85.63947073708847,85.7988571880288,0.0018611330682980487,30,0.9927631578947369,0.03333333333333333,1.0,1.0,0.3027749775783184,0.8272074788769346,6.203776894326829e-05,0.06550745573745291
2026-06-26,2026-06-29,2026-06-30,PR,1,18.600000381469727,18.6299991607666,0.0016128375635282577,25,0.9546052631578947,0.03333333333333333,1.0,1.0,0.3585689974917294,-0.09273518233713633,5.376125211760859e-05,0.05676804474875361
2026-06-26,2026-06-29,2026-06-30,NYT,1,70.87817369189189,70.28004728087541,-0.008438795469202454,24,0.9789473684210526,0.03333333333333333,1.0,1.0,0.31381875759337696,0.25155752012628774,-0.0002812931823067484,-0.29702552176009683
2026-06-26,2026-06-29,2026-06-30,NE,1,38.59000015258789,38.369998931884766,-0.005700990407702111,22,0.9697368421052632,0.03333333333333333,1.0,1.0,0.3920280713037238,0.7071219090175264,-0.00019003301359007038,-0.20066129776185504
2026-06-26,2026-06-29,2026-06-30,WFRD,1,82.54982524772957,80.66577026193556,-0.022823246204822567,21,0.9703947368421053,0.03254746930803233,1.0,0.9764240792409699,0.4017317753330845,1.2371350520693098,-0.0007428389053611279,-0.7843848600922697
2026-06-26,2026-06-29,2026-06-30,AEO,1,17.468104547782396,16.97185307053406,-0.028409005447092794,19,0.9671052631578947,0.024716677700632118,1.0,0.7415003310189635,0.5290093104778605,1.817540729391478,-0.0007021762314312948,-0.7414479789310386
2026-06-26,2026-06-29,2026-06-30,GMED,1,85.98999786376953,83.0,-0.03477146107744378,18,0.9664473684210526,0.03333333333333333,1.0,1.0,0.3890477804404682,1.0075652238199866,-0.0011590487025814591,-1.2238726968298868
2026-06-26,2026-06-29,2026-06-30,PSLV,1,18.56999969482422,18.799999237060547,0.012385543673457011,18,0.9881578947368421,0.023054881270403074,1.0,0.6916464381120923,0.5671403150750777,1.7255808220850988,0.0002855472388609433,0.30151750182603665
2026-06-26,2026-06-29,2026-06-30,EGO,1,30.86000061035156,31.299999237060547,0.014257894297040163,16,0.9822368421052632,0.021951203835327115,1.0,0.6585361150598135,0.595655378438613,1.595669315807701,0.00031297794397687663,0.3304823684200038
2026-06-26,2026-06-29,2026-06-30,S,1,16.190000534057617,16.459999084472656,0.016676871001150673,16,0.9756578947368422,0.025036671752504992,1.0,0.7511001525751497,0.5222480350810479,1.2477304634211044,0.0004175333451146787,0.4408854088389711
2026-06-26,2026-06-29,2026-06-30,DINO,1,68.41590666436844,70.82100661800492,0.03515410481125847,16,0.9723684210526315,0.03333333333333333,1.0,1.0,0.384831915179119,6.134476575753818e-05,0.0011718034937086156,1.2373408458209751
2026-06-26,2026-06-29,2026-06-30,LBRT,1,26.850000381469727,26.649999618530277,-0.0074488178807430305,9,0.975,0.026369722843067024,1.0,0.7910916852920107,0.4958471769130711,1.2589247135956114,-0.00019642326302367558,-0.20740894502663632
2026-06-26,2026-06-29,2026-06-30,HUM,1,381.3800048828125,389.3599853515625,0.02092396131570151,8,0.9894598155467721,0.028958599408532328,1.0,0.8687579822559698,0.45151881979010355,0.5282142988782307,0.0006059286137810271,0.6398173648638906
2026-06-26,2026-06-29,2026-06-30,ZIM,1,25.36000061035156,26.0,0.025236568385065494,4,0.9907651715039578,0.03333333333333333,1.0,1.0,0.35574225188964226,0.9677312334555643,0.0008412189461688498,0.8882671608009569
2026-06-29,2026-06-30,2026-07-01,KGC,1,23.63833605346133,23.42861559638055,-0.008872048210435302,38,0.9743421052631579,0.023828377284530966,1.0,0.714851318535929,0.5510390639802598,1.67152321391402,-0.00021140651204480014,-0.22324812287223905
2026-06-29,2026-06-30,2026-07-01,WLK,1,74.15961139205021,71.3592591341366,-0.03776115064990493,37,0.9697368421052632,0.03333333333333333,1.0,1.0,0.3652838810591124,0.7772465524019151,-0.0012587050216634975,-1.3292094487453066
2026-06-29,2026-06-30,2026-07-01,BBIO,1,72.52999877929688,74.4800033569336,0.026885490286170155,33,0.9894598155467721,0.03333333333333333,1.0,1.0,0.3839427357830936,1.0805713932883274,0.0008961830095390052,0.9463813233301857
2026-06-29,2026-06-30,2026-07-01,PFSI,1,85.7988571880288,86.55593807011948,0.008823904034427121,31,0.9927631578947369,0.03333333333333333,1.0,1.0,0.30578385455198587,0.8125306444728145,0.00029413013448090404,0.31060538186782954
2026-06-29,2026-06-30,2026-07-01,PR,1,18.6299991607666,18.270000457763672,-0.019323602749325985,26,0.9546052631578947,0.03333333333333333,1.0,1.0,0.35445828376339317,-0.08805316715704035,-0.0006441200916441995,-0.6801994885256377
2026-06-29,2026-06-30,2026-07-01,NYT,1,70.28004728087541,70.19033295167146,-0.0012765263068961197,25,0.9789473684210526,0.03333333333333333,1.0,1.0,0.31891165181161457,0.23369845215942503,-4.255087689653732e-05,-0.04493429886259425
2026-06-29,2026-06-30,2026-07-01,NE,1,38.369998931884766,36.81999969482422,-0.04039612406067927,23,0.9697368421052632,0.03333333333333333,1.0,1.0,0.39286255238822354,0.716292758087653,-0.001346537468689309,-1.421961695287421
2026-06-29,2026-06-30,2026-07-01,WFRD,1,80.66577026193556,80.11750115543144,-0.006796799989931324,22,0.9703947368421053,0.032509721988086916,1.0,0.9752916596426076,0.40389046451544586,1.2458765971616406,-0.00022096207808129927,-0.2333389292527827
2026-06-29,2026-06-30,2026-07-01,AEO,1,16.97185307053406,16.942076477542194,-0.0017544691712870764,20,0.9671052631578947,0.02495288618847925,1.0,0.7485865856543775,0.5262063320394064,1.8164125279874825,-4.3779069552321925e-05,-0.04623128684218533
2026-06-29,2026-06-30,2026-07-01,GMED,1,83.0,79.47000122070312,-0.0425301057746611,19,0.9664473684210526,0.03333333333333333,1.0,1.0,0.39040905368788187,0.9943479108077764,-0.0014176701924887031,-1.4970788092750873
2026-06-29,2026-06-30,2026-07-01,PSLV,1,18.799999237060547,18.809999465942383,0.0005319270897694572,19,0.9881578947368421,0.023907811310441895,1.0,0.7172343393132569,0.549208229249394,1.7098617408178196,1.2717212493120671e-05,0.01342954760378872
2026-06-29,2026-06-30,2026-07-01,EGO,1,31.299999237060547,31.26000022888184,-0.0012779236151336804,17,0.9822368421052632,0.022136148445757946,1.0,0.6640844533727384,0.5931640161887631,1.5742804690250674,-2.8288306846938792e-05,-0.029872832874110734
2026-06-29,2026-06-30,2026-07-01,S,1,16.459999084472656,17.299999237060547,0.0510328189131124,17,0.9756578947368422,0.024479171711488543,1.0,0.7343751513446563,0.5363893382419511,1.2093361911150668,0.0012492411370953786,1.3192154592296743
2026-06-29,2026-06-30,2026-07-01,DINO,1,70.82100661800492,69.25073631698324,-0.02217238042790637,17,0.9723684210526315,0.03333333333333333,1.0,1.0,0.37793808668571294,-0.002710156421071204,-0.0007390793475968789,-0.780477741242317
2026-06-29,2026-06-30,2026-07-01,LBRT,1,26.649999618530277,25.88999938964844,-0.028517832636417495,10,0.975593667546174,0.026754520312353702,1.0,0.8026356093706111,0.49077189804720883,1.2622851831107984,-0.0007629809325353352,-0.8057181367229017
2026-06-29,2026-06-30,2026-07-01,HUM,1,389.3599853515625,395.6700134277344,0.016206154493442426,9,0.9808707124010554,0.029066224079542177,1.0,0.8719867223862653,0.4517396782982224,0.5150840851657721,0.0004710517179740769,0.4974369559210681
2026-06-29,2026-06-30,2026-07-01,ZIM,1,26.0,25.90999984741211,-0.0034615443303034343,5,0.9947229551451188,0.03333333333333333,1.0,1.0,0.35586022795253935,0.9691950850790217,-0.00011538481101011447,-0.12184791384532806
2026-06-30,2026-07-01,2026-07-02,KGC,1,23.42861559638055,24.197585411363146,0.03282182047074911,39,0.9743421052631579,0.02391007453436226,1.0,0.7173022360308677,0.5482962749222978,1.6137488189320288,0.0007847721738090681,0.8254911868536302
2026-06-30,2026-07-01,2026-07-02,WLK,1,71.3592591341366,72.37214833437137,0.014194222481077379,38,0.9697368421052632,0.03333333333333333,1.0,1.0,0.36706982720594167,0.7353248836259197,0.00047314074936924595,0.497690325651964
2026-06-30,2026-07-01,2026-07-02,BBIO,1,74.4800033569336,75.02999877929688,0.007384470966354861,34,0.9894598155467721,0.03333333333333333,1.0,1.0,0.3787403174407845,1.0835320089401692,0.0002461490322118287,0.25892082253269494
2026-06-30,2026-07-01,2026-07-02,PFSI,1,86.55593807011948,84.17512476486621,-0.027506065537924784,32,0.9927631578947369,0.03333333333333333,1.0,1.0,0.304925988133904,0.7925860987927722,-0.0009168688512641595,-0.96444188705819
2026-06-30,2026-07-01,2026-07-02,PR,1,18.270000457763672,18.040000915527344,-0.012588918252522063,27,0.9546052631578947,0.03333333333333333,1.0,1.0,0.35449811705641754,-0.10800773395884485,-0.0004196306084174021,-0.44140373543222783
2026-06-30,2026-07-01,2026-07-02,NYT,1,70.19033295167146,71.55605675906664,0.019457434520727013,26,0.9789473684210526,0.03333333333333333,1.0,1.0,0.3189167374398712,0.22218907490265496,0.0006485811506909004,0.6822337000763545
2026-06-30,2026-07-01,2026-07-02,NE,1,36.81999969482422,37.630001068115234,0.021998951113649134,24,0.9697368421052632,0.03333333333333333,1.0,1.0,0.392812396935937,0.7036001922225339,0.0007332983704549711,0.7713465924850462
2026-06-30,2026-07-01,2026-07-02,WFRD,1,80.11750115543144,80.82526979111944,0.008834132686126761,23,0.9703947368421053,0.03230155713350463,1.0,0.969046714005139,0.40585674387527404,1.1849837162782793,0.0002853562416858843,0.3001623534662718
2026-06-30,2026-07-01,2026-07-02,AEO,1,16.942076477542194,17.07110310282056,0.0076157503744833654,21,0.9671052631578947,0.024517748740245107,1.0,0.7355324622073532,0.5347067114194702,1.7497243299178298,0.00018672105415001075,0.19640933986320738
2026-06-30,2026-07-01,2026-07-02,GMED,1,79.47000122070312,77.06999969482422,-0.03020009423698955,20,0.9664473684210526,0.03333333333333333,1.0,1.0,0.3889791046731863,0.9491992142316781,-0.0010066698078996517,-1.0589022932087009
2026-06-30,2026-07-01,2026-07-02,PSLV,1,18.809999465942383,19.5,0.036682645063703445,20,0.9881578947368421,0.02428396142383786,1.0,0.7285188427151358,0.5398544566718158,1.6709785068241383,0.0008907999376513108,0.9370203510297084
2026-06-30,2026-07-01,2026-07-02,EGO,1,31.26000022888184,32.63999938964844,0.04414584615042916,18,0.9822368421052632,0.022164863553071002,1.0,0.66494590659213,0.5914678774771398,1.5432574382095343,0.000978486656359127,1.0292568190304539
2026-06-30,2026-07-01,2026-07-02,S,1,17.299999237060547,17.549999237060547,0.01445086768931425,18,0.9756578947368422,0.02479947500450423,1.0,0.7439842501351269,0.5286323520124615,1.238875321305266,0.0003583739320545466,0.37696866986658123
2026-06-30,2026-07-01,2026-07-02,DINO,1,69.25073631698324,72.2421995562405,0.043197565807305605,18,0.9723684210526315,0.03333333333333333,1.0,1.0,0.38433805666230697,0.025896618720133418,0.0014399188602435202,1.5146310847720517
2026-06-30,2026-07-01,2026-07-02,LBRT,1,25.88999938964844,24.3799991607666,-0.058323687310922856,11,0.975593667546174,0.02677115213092169,1.0,0.8031345639276507,0.4896989392235757,1.2151610001566646,-0.0015613923058370228,-1.6424073517202946
2026-06-30,2026-07-01,2026-07-02,HUM,1,395.6700134277344,412.2200012207031,0.0418277535100382,10,0.9808707124010554,0.029569781075789538,1.0,0.8870934322736861,0.44335143255555126,0.5178479843145931,0.001236837514183917,1.3010125761380271
2026-06-30,2026-07-01,2026-07-02,ZIM,1,25.90999984741211,25.6299991607666,-0.010806664928385668,6,0.9940633245382586,0.03333333333333333,1.0,1.0,0.3567875098305529,0.9594567453020665,-0.00036022216427952227,-0.3789128002319215
2026-06-30,2026-07-01,2026-07-02,CVLT,1,144.99000549316406,147.02000427246094,0.01400095663416323,0,0.9742744063324538,0.027855054649586077,1.0,0.8356516394875823,0.47064365750580683,1.0859790551292625,0.0003899974121911015,0.4102329789509119
2026-07-01,2026-07-02,2026-07-06,WLK,1,72.37214833437137,73.4346950260316,0.014681707205250971,39,0.9697368421052632,0.016666666666666666,0.5,1.0,0.36328166580337423,0.7234629706842461,0.00024469512008751617,0.2585122359325175
2026-07-01,2026-07-02,2026-07-06,BBIO,1,75.02999877929688,77.4800033569336,0.03265366676658865,35,0.970976253298153,0.016666666666666666,0.5,1.0,0.384417162993869,1.0976612210501278,0.0005442277794431441,0.5749585037499645
2026-07-01,2026-07-02,2026-07-06,PFSI,1,84.17512476486621,83.26862053209499,-0.010769265092311353,33,0.9927631578947369,0.016666666666666666,0.5,1.0,0.305348456644444,0.7977984327711631,-0.00017948775153852256,-0.18962282515535478
2026-07-01,2026-07-02,2026-07-06,PR,1,18.040000915527344,18.0,-0.0022173455375444906,28,0.9546052631578947,0.016666666666666666,0.5,1.0,0.35435173165378664,-0.10609535551471276,-3.695575895907484e-05,-0.03904252718924983
2026-07-01,2026-07-02,2026-07-06,NYT,1,71.55605675906664,73.38034792761627,0.02549457378139386,27,0.9789473684210526,0.016666666666666666,0.5,1.0,0.318824995172206,0.2185697135410473,0.00042490956302323096,0.44890278632020997
2026-07-01,2026-07-02,2026-07-06,NE,1,37.630001068115234,37.81999969482422,0.005049126264042858,25,0.9697368421052632,0.016666666666666666,0.5,1.0,0.3933164791835081,0.6937060668770536,8.41521044007143e-05,0.08890389256342657
2026-07-01,2026-07-02,2026-07-06,WFRD,1,80.82526979111944,83.0083804005115,0.027010248342306475,24,0.9703947368421053,0.016380973452828337,0.5,0.9828584071697003,0.40112773020861603,1.1854943442945192,0.00044245416104962297,0.46743806917635233
2026-07-01,2026-07-02,2026-07-06,AEO,1,17.07110310282056,16.267172233069275,-0.047093082673635656,22,0.9671052631578947,0.01228689383163391,0.5,0.7372136298980345,0.5347863170122985,1.7419199660582976,-0.0005786277070153196,-0.6113008802935554
2026-07-01,2026-07-02,2026-07-06,GMED,1,77.06999969482422,79.98999786376953,0.03788761100957183,21,0.9664473684210526,0.016164977356548364,0.5,0.9698986413929018,0.4064875907220989,0.9219711967421356,0.0006124523740634411,0.6470355132733856
2026-07-01,2026-07-02,2026-07-06,PSLV,1,19.5,19.75,0.012820512820512775,21,0.9881578947368421,0.0121351696659285,0.5,0.7281101799557099,0.5414726683376676,1.6819290991999665,0.00015557909828113405,0.16436413013318915
2026-07-01,2026-07-02,2026-07-06,EGO,1,32.63999938964844,34.20000076293945,0.04779416061465236,19,0.9822368421052632,0.011221723448872031,0.5,0.6733034069323218,0.5855484435771858,1.5485507556093445,0.0005363328528886005,0.5666177770717694
2026-07-01,2026-07-02,2026-07-06,S,1,17.549999237060547,17.479999542236328,-0.003988586773063796,19,0.9756578947368422,0.012423042007510448,0.5,0.7453825204506268,0.5289254190534138,1.245062154859972,-4.9550381032372075e-05,-0.05234832548930843
2026-07-01,2026-07-02,2026-07-06,DINO,1,72.2421995562405,72.20244170335536,-0.0005503411182017359,19,0.9723684210526315,0.016666666666666666,0.5,1.0,0.3852432303628015,0.02086798809020922,-9.172351970028933e-06,-0.009690284038701525
2026-07-01,2026-07-02,2026-07-06,LBRT,1,24.3799991607666,23.850000381469727,-0.02173908111325007,12,0.9887862796833773,0.01342069649847205,0.5,0.805241789908323,0.489606683266306,1.2099886393827897,-0.00029175360977659506,-0.30822796130039637
2026-07-01,2026-07-02,2026-07-06,HUM,1,412.2200012207031,398.0,-0.03449614569548676,11,0.9676781002638523,0.014974409947934853,0.5,0.8984645968760911,0.4388061180765808,0.522689031444859,-0.0005165594272679069,-0.5457278121741342
2026-07-01,2026-07-02,2026-07-06,ZIM,1,25.6299991607666,23.950000762939453,-0.06554812535455812,7,0.9967018469656992,0.016666666666666666,0.5,1.0,0.3560230874943586,0.9441843751518874,-0.001092468755909302,-1.1541568163497578
2026-07-01,2026-07-02,2026-07-06,CVLT,1,147.02000427246094,149.97999572753906,0.020133256489318185,1,0.9742744063324538,0.013928499071694033,0.5,0.835709944301642,0.4717566958161455,1.0772744947077801,0.0002804260443216462,0.2962607660723777
2026-07-02,2026-07-06,2026-07-07,BBIO,1,77.4800033569336,78.05000305175781,0.007356732964999502,36,0.970976253298153,0.016666666666666666,0.5,1.0,0.35774880767010425,1.1087566052399298,0.00012261221608332503,0.12960532038291717
2026-07-02,2026-07-06,2026-07-07,PFSI,1,83.26862053209499,81.93377316872429,-0.016030616994023528,34,0.9927631578947369,0.016666666666666666,0.5,1.0,0.3041599388300026,0.800686620271735,-0.0002671769499003921,-0.2824152054085595
2026-07-02,2026-07-06,2026-07-07,PR,1,18.0,18.309999465942383,0.017222192552354576,29,0.9546052631578947,0.016666666666666666,0.5,1.0,0.3573892054213865,-0.09975555971603772,0.0002870365425392429,0.3034074763979632
2026-07-02,2026-07-06,2026-07-07,NYT,1,73.38034792761627,73.76913071681949,0.005298186778655234,28,0.9789473684210526,0.016666666666666666,0.5,1.0,0.32345904338388354,0.21388669650542344,8.830311297758723e-05,0.093339420930877
2026-07-02,2026-07-06,2026-07-07,NE,1,37.81999969482422,37.880001068115234,0.0015864985133573484,26,0.9697368421052632,0.016557889359860432,0.5,0.9934733615916259,0.3930242047442168,0.6977970441582728,2.626906685375403e-05,0.0277673052041352
2026-07-02,2026-07-06,2026-07-07,WFRD,1,83.0083804005115,83.54668280721603,0.006484916391661377,25,0.9703947368421053,0.01629548086694707,0.5,0.9777288520168242,0.3993531305419569,1.188247355710827,0.00010567483098406942,0.11170192305139784
2026-07-02,2026-07-06,2026-07-07,AEO,1,16.267172233069275,16.435897525164933,0.010372134116380716,23,0.9671052631578947,0.012284607509565816,0.5,0.737076450573949,0.5297402699137499,1.7502947418764703,0.00012741759665631434,0.13468477256654687
2026-07-02,2026-07-06,2026-07-07,GMED,1,79.98999786376953,81.30000305175781,0.016377112426222862,22,0.9664473684210526,0.015945500251865075,0.5,0.9567300151119045,0.4081183528337848,0.9267846825993167,0.0002611412503171593,0.27603526380724047
2026-07-02,2026-07-06,2026-07-07,PSLV,1,19.75,19.61000061035156,-0.007088576691060333,22,0.9881578947368421,0.01255651207359672,0.5,0.7533907244158031,0.5182690272393301,1.6821266638730266,-8.900779880591536e-05,-0.09408429803584427
2026-07-02,2026-07-06,2026-07-07,EGO,1,34.20000076293945,33.13999938964844,-0.030994191510067992,20,0.9822368421052632,0.011336172013599682,0.5,0.6801703208159809,0.5740607402653057,1.5420220532419266,-0.00035135548638058167,-0.37139480742852315
2026-07-02,2026-07-06,2026-07-07,S,1,17.479999542236328,18.450000762939453,0.05549206213417479,20,0.9756578947368422,0.0122402764782919,0.5,0.734416588697514,0.5316588485107487,1.2348697850347496,0.0006792381828728524,0.7179780703720496
2026-07-02,2026-07-06,2026-07-07,DINO,1,72.20244170335536,74.37894657891124,0.030144477447148876,20,0.9723684210526315,0.016575921909392877,0.5,0.9945553145635726,0.3925966430991849,0.016536330708699802,0.0004996725041633946,0.5281709853822509
2026-07-02,2026-07-06,2026-07-07,LBRT,1,23.850000381469727,23.38999938964844,-0.01928725301734935,13,0.9887862796833773,0.012769431676803032,0.5,0.7661659006081819,0.5096273242703263,1.2251810332396054,-0.0002462872596382556,-0.26033408587896717
2026-07-02,2026-07-06,2026-07-07,HUM,1,398.0,395.1499938964844,-0.007160819355566894,12,0.9676781002638523,0.014932598516720155,0.5,0.8959559110032093,0.4358016651030431,0.5170575614291741,-0.00010692964048743917,-0.11302829976082168
2026-07-02,2026-07-06,2026-07-07,ZIM,1,23.950000762939453,24.170000076293945,0.009185774795252621,8,0.991424802110818,0.016666666666666666,0.5,1.0,0.35910034304773486,0.9566230743083984,0.00015309624658754368,0.16182798682079413
2026-07-02,2026-07-06,2026-07-07,CVLT,1,149.97999572753906,151.50999450683594,0.010201352332856128,2,0.9742744063324538,0.013786102266989415,0.5,0.8271661360193648,0.4720443220187286,1.0727844308035952,0.00014063688652234563,0.14865801563359426
2026-07-02,2026-07-06,2026-07-07,AGX,1,723.02719782359,704.1327268425215,-0.026132448458292323,0,0.9815303430079155,0.011755547101657394,0.5,0.7053328260994437,0.5535813213648195,1.6661544525422212,-0.00030720122873308955,-0.3247222417456381
2026-07-06,2026-07-07,2026-07-08,BBIO,1,78.05000305175781,77.11000061035156,-0.012043592628470545,37,0.970976253298153,0.016666666666666666,0.5,1.0,0.364720525338004,1.1031428168384323,-0.00020072654380784243,-0.21239900270969087
2026-07-06,2026-07-07,2026-07-08,PFSI,1,81.93377316872429,79.99127528401908,-0.023708146342840353,35,0.9927631578947369,0.016666666666666666,0.5,1.0,0.3056626632184631,0.804030338435787,-0.0003951357723806725,-0.4181133316823404
2026-07-06,2026-07-07,2026-07-08,PR,1,18.309999465942383,19.489999771118164,0.06444567665720835,30,0.9546052631578947,0.016666666666666666,0.5,1.0,0.3533396152707841,-0.09971391587800077,0.0010740946109534725,1.136554338327912
2026-07-06,2026-07-07,2026-07-08,NYT,1,73.76913071681949,73.88999938964844,0.0016384722397357887,29,0.9789473684210526,0.016666666666666666,0.5,1.0,0.32557359921251305,0.21052226284651243,2.7307870662263143e-05,0.02889585196237162
2026-07-06,2026-07-07,2026-07-08,NE,1,37.880001068115234,38.56999969482422,0.018215380339304588,27,0.9697368421052632,0.01653812948620103,0.5,0.9922877691720617,0.3968611346817554,0.6968724271508171,0.00030124831869181973,0.31876622415900796
2026-07-06,2026-07-07,2026-07-08,WFRD,1,83.54668280721603,83.88562411201785,0.004056909184340984,26,0.9703947368421053,0.016157221486511428,0.5,0.9694332891906857,0.4062171728528216,1.186042645710383,6.55483802420597e-05,0.06936008725371742
2026-07-06,2026-07-07,2026-07-08,AEO,1,16.435897525164933,16.36642277181196,-0.004227013051559925,24,0.9671052631578947,0.01230123220806642,0.5,0.7380739324839852,0.5335514948741221,1.7609858371880924,-5.199746909376607e-05,-0.055021176419580174
2026-07-06,2026-07-07,2026-07-08,GMED,1,81.30000305175781,77.16999816894531,-0.05079956614741121,23,0.9664473684210526,0.015565651199022376,0.5,0.9339390719413426,0.4216553968406896,0.9206911048761989,-0.0007907283277122679,-0.8367100087229493
2026-07-06,2026-07-07,2026-07-08,PSLV,1,19.61000061035156,18.600000381469727,-0.05150434459184472,23,0.9881578947368421,0.012560506005595155,0.5,0.7536303603357093,0.5225379320294784,1.677829330284302,-0.000646920629560108,-0.6845397421998746
2026-07-06,2026-07-07,2026-07-08,EGO,1,33.13999938964844,31.020000457763672,-0.0639710009333001,21,0.9715608465608465,0.011340251831834779,0.5,0.6804151099100867,0.5787649984088256,1.533244671855918,-0.0007254472605181609,-0.7676327790510912
2026-07-06,2026-07-07,2026-07-08,S,1,18.450000762939453,18.0,-0.02439028424559042,21,0.9756578947368422,0.012407492661501431,0.5,0.7444495596900859,0.5289820443555521,1.2348541998136748,-0.0003026222727890971,-0.3202200751270691
2026-07-06,2026-07-07,2026-07-08,DINO,1,74.37894657891124,75.04482437574839,0.008952503732096995,21,0.9723684210526315,0.016666666666666666,0.5,1.0,0.38905518784025334,0.01863699875263027,0.0001492083955349499,0.15788502011908925
2026-07-06,2026-07-07,2026-07-08,LBRT,1,23.38999938964844,24.290000915527344,0.03847804828405477,14,0.9761904761904763,0.012923022500009667,0.5,0.77538135000058,0.5078797033281206,1.2309293562652204,0.0004972526837312981,0.5261684484556876
2026-07-06,2026-07-07,2026-07-08,HUM,1,395.1499938964844,396.2000122070313,0.002657265156941868,13,0.9768518518518519,0.014756445677522292,0.5,0.8853867406513375,0.44477789413782237,0.523735930789662,3.9211788939185426e-05,0.04149199556347103
2026-07-06,2026-07-07,2026-07-08,ZIM,1,24.170000076293945,23.959999084472656,-0.008688497772379344,9,0.9973544973544973,0.016666666666666666,0.5,1.0,0.3588929298501629,0.955243422330076,-0.0001448082962063224,-0.15322905040280327
2026-07-06,2026-07-07,2026-07-08,CVLT,1,151.50999450683594,151.9199981689453,0.00270611627598516,3,0.9742744063324538,0.013894744413255087,0.5,0.8336846647953052,0.4723613935025926,1.0690728192101375,3.760079400736346e-05,0.03978731958789643
2026-07-06,2026-07-07,2026-07-08,AGX,1,704.1327268425215,650.7564205624112,-0.07580432530023251,1,0.9887566137566137,0.011504389107730988,0.5,0.6902633464638592,0.5705075490707238,1.6710640113446864,-0.0008720824543028915,-0.9227949630412395
2026-07-07,2026-07-08,2026-07-09,BBIO,1,77.11000061035156,84.0,0.089352863897183,38,0.970976253298153,0.03333333333333333,1.0,1.0,0.3630269959851548,1.102356727114157,0.0029784287965727665,3.1455165589570604
2026-07-07,2026-07-08,2026-07-09,PFSI,1,79.99127528401908,80.88780907240682,0.011207894676069197,36,0.9927631578947369,0.03333333333333333,1.0,1.0,0.300441233796994,0.8004216125595155,0.00037359648920230656,0.3945549897000425
2026-07-07,2026-07-08,2026-07-09,PR,1,19.489999771118164,19.549999237060547,0.0030784744303227196,31,0.9787798408488063,0.03333333333333333,1.0,1.0,0.34810067750373563,-0.10307789438525085,0.00010261581434409065,0.10837248941509645
2026-07-07,2026-07-08,2026-07-09,NYT,1,73.88999938964844,72.51000213623047,-0.018676373864083384,30,0.9641909814323608,0.03333333333333333,1.0,1.0,0.3255641952444998,0.2048786757364608,-0.0006225457954694461,-0.6574701770985903
2026-07-07,2026-07-08,2026-07-09,NE,1,38.56999969482422,39.18999862670898,0.01607464186648566,28,0.9697368421052632,0.03333333333333333,1.0,1.0,0.3922694418686514,0.6794537481805714,0.0005358213955495221,0.5658805992890975
2026-07-07,2026-07-08,2026-07-09,WFRD,1,83.88562411201785,83.99527382739556,0.0013071335707210974,27,0.9703947368421053,0.03224970736297797,1.0,0.9674912208893391,0.40607878231142164,1.1728154038895486,4.215467514007986e-05,0.044519522791062034
2026-07-07,2026-07-08,2026-07-09,AEO,1,16.36642277181196,16.277097944980532,-0.005457810058852375,25,0.9671052631578947,0.024679241677594253,1.0,0.7403772503278275,0.5306452307952106,1.7532099103989942,-0.00013469461347282268,-0.14225088663143853
2026-07-07,2026-07-08,2026-07-09,GMED,1,77.16999816894531,77.08000183105469,-0.0011662088898020118,24,0.9664473684210526,0.031049819073898033,1.0,0.931494572216941,0.4217712787533388,0.9183554017889493,-3.621057503072395e-05,-0.03824196284281276
2026-07-07,2026-07-08,2026-07-09,PSLV,1,18.600000381469727,19.15999984741211,0.0301074975514668,24,0.9881578947368421,0.025160613905505023,1.0,0.7548184171651507,0.5204929396811123,1.6788690523907257,0.000757523121553394,0.8000196363199608
2026-07-07,2026-07-08,2026-07-09,EGO,1,31.020000457763672,30.420000076293945,-0.019342371779996537,22,0.9715608465608465,0.02262919749150115,1.0,0.6788759247450344,0.5787179108219026,1.5197396165180383,-0.00043770235096358024,-0.4622571452554581
2026-07-07,2026-07-08,2026-07-09,S,1,18.0,17.3799991607666,-0.0344444910685221,22,0.9756578947368422,0.024584252190147305,1.0,0.7375275657044191,0.532695556267775,1.2499391104987945,-0.0008467920549898236,-0.8942964941880535
2026-07-07,2026-07-08,2026-07-09,DINO,1,75.04482437574839,76.7741013636756,0.023043254512379763,22,0.9723684210526315,0.03333333333333333,1.0,1.0,0.39175806477894287,0.02330772886943811,0.000768108483745992,0.8111988298926555
2026-07-07,2026-07-08,2026-07-09,LBRT,1,24.290000915527344,24.459999084472656,0.006998689276979109,15,0.96684350132626,0.025729484906410947,1.0,0.7718845471923284,0.5089850008071755,1.2093166838083553,0.00018007267011669413,0.19017462036340987
2026-07-07,2026-07-08,2026-07-09,HUM,1,396.2000122070313,394.9599914550781,-0.0031297847393937372,14,0.9768518518518519,0.029305508427455818,1.0,0.8791652528236745,0.4468757786023751,0.5247542084901399,-9.171993305642578e-05,-0.09686535684432025
2026-07-07,2026-07-08,2026-07-09,ZIM,1,23.959999084472656,24.600000381469727,0.026711240461266383,10,0.9946949602122016,0.03333333333333333,1.0,1.0,0.3861372589199718,0.9159897975411002,0.0008903746820422127,0.940324075990206
2026-07-07,2026-07-08,2026-07-09,CVLT,1,151.9199981689453,144.67999267578125,-0.04765669813339968,4,0.9893899204244032,0.02771770277348555,1.0,0.8315310832045665,0.47247501002807485,1.0687434509724882,-0.001320934194027296,-1.3950376740201336
2026-07-07,2026-07-08,2026-07-09,AGX,1,650.7564205624112,686.4572331305767,0.054860484568575396,2,0.9940318302387268,0.022881184896633783,1.0,0.6864355468990135,0.572344568474879,1.6751135244757656,0.0012552728909324981,1.3256928179654761
2026-07-07,2026-07-08,2026-07-09,CVE,1,25.82999992370605,26.5,0.0259388338471902,0,0.9741379310344828,0.03333333333333333,1.0,1.0,0.3816658705544588,0.08880190726271162,0.00086462779490634,0.9131328065797447
2026-07-08,2026-07-09,2026-07-10,BBIO,1,84.0,90.80999755859376,0.08107139950706865,39,0.970976253298153,0.03333333333333333,1.0,1.0,0.3620485563125556,1.092974353710457,0.002702379983568955,2.868892696365004
2026-07-08,2026-07-09,2026-07-10,PFSI,1,80.88780907240682,82.20273080496739,0.01625611754898082,37,0.9927631578947369,0.03333333333333333,1.0,1.0,0.30642000937875463,0.8135822002789919,0.0005418705849660273,0.5752590579549048
2026-07-08,2026-07-09,2026-07-10,PR,1,19.549999237060547,19.200000762939453,-0.017902735947815773,32,0.9801061007957559,0.03333333333333333,1.0,1.0,0.3631033606449203,-0.11606219940379506,-0.0005967578649271924,-0.6335283308037836
2026-07-08,2026-07-09,2026-07-10,NYT,1,72.51000213623047,74.97000122070312,0.03392634135978723,31,0.9854111405835544,0.03333333333333333,1.0,1.0,0.3258915479028918,0.19931825991305552,0.001130878045326241,1.2005594270392879
2026-07-08,2026-07-09,2026-07-10,NE,1,39.18999862670898,39.2400016784668,0.001275913587905686,29,0.9697368421052632,0.03333333333333333,1.0,1.0,0.39667757389037683,0.6705598612513233,4.253045293018953e-05,0.04515105445066769
2026-07-08,2026-07-09,2026-07-10,WFRD,1,83.99527382739556,82.57973426576825,-0.01685260964249191,28,0.9703947368421053,0.03256103498020695,1.0,0.9768310494062087,0.40615537327269324,1.187644913294822,-0.0005487384120769521,-0.58255006038914
2026-07-08,2026-07-09,2026-07-10,AEO,1,16.277097944980532,16.549999237060547,0.016765967312015295,26,0.9671052631578947,0.02518683775187621,1.0,0.7556051325562864,0.5250694607561855,1.758530082319112,0.00042228169844098933,0.4483014556916588
2026-07-08,2026-07-09,2026-07-10,GMED,1,77.08000183105469,76.69999694824219,-0.004930006146670829,25,0.9664473684210526,0.03124929600492811,1.0,0.9374788801478433,0.4232043920108018,0.9384910731670651,-0.00015405922138343175,-0.16355189785371976
2026-07-08,2026-07-09,2026-07-10,PSLV,1,19.15999984741211,19.040000915527344,-0.006262992319437499,25,0.9881578947368421,0.025273269314948364,1.0,0.7581980794484509,0.523273785901102,1.6893184016372897,-0.00015828629160659702,-0.16803942772146435
2026-07-08,2026-07-09,2026-07-10,EGO,1,30.420000076293945,30.3700008392334,-0.001643630405494645,23,0.9715608465608465,0.022625748049629434,1.0,0.678772441488883,0.5845039592734161,1.5369440475706984,-3.7188367441432096e-05,-0.03947980535348734
2026-07-08,2026-07-09,2026-07-10,S,1,17.3799991607666,18.940000534057617,0.08975842627268604,23,0.9756578947368422,0.024833926623705833,1.0,0.745017798711175,0.5325311424536096,1.2436699799953235,0.002229054171915195,2.366401939213546
2026-07-08,2026-07-09,2026-07-10,DINO,1,76.7741013636756,77.28096247103396,0.006601980333933,23,0.9723684210526315,0.03333333333333333,1.0,1.0,0.3922018082888749,0.021531102635506557,0.0002200660111311,0.23362583200397763
2026-07-08,2026-07-09,2026-07-10,LBRT,1,24.459999084472656,24.290000915527344,-0.006950048050215485,16,0.96684350132626,0.025950872127303418,1.0,0.7785261638191026,0.5096105923398646,1.2141464633584123,-0.0001803598082297565,-0.19147304956898864
2026-07-08,2026-07-09,2026-07-10,HUM,1,394.9599914550781,398.6600036621094,0.009368068379280503,15,0.9768518518518519,0.029634051796655948,1.0,0.8890215538996784,0.4462717217098046,0.5333941672767084,0.0002776138235862132,0.294719571540272
2026-07-08,2026-07-09,2026-07-10,ZIM,1,24.600000381469727,24.18000030517578,-0.017073173568335265,11,0.9980106100795756,0.03333333333333333,1.0,1.0,0.38666945539199965,0.9263734250892203,-0.0005691057856111755,-0.6041724116246248
2026-07-08,2026-07-09,2026-07-10,CVLT,1,144.67999267578125,153.49000549316406,0.06089309692685352,5,0.9893899204244032,0.028075309708592504,1.0,0.8422592912577751,0.47104874189450846,1.0508034112097384,0.001709592555336755,1.8149326244224868
2026-07-08,2026-07-09,2026-07-10,AGX,1,686.4572331305767,678.6436123416208,-0.011382531076731373,3,0.9820954907161804,0.022052274271970655,1.0,0.6615682281591196,0.5997041009661526,1.701365321173925,-0.0002510106972133097,-0.26647723870190393
2026-07-08,2026-07-09,2026-07-10,CVE,1,26.5,26.100000381469727,-0.015094325227557492,1,0.9940318302387268,0.03333333333333333,1.0,1.0,0.38755032286005814,0.08138882286601867,-0.0005031441742519164,-0.5341464396222989
2026-07-08,2026-07-09,2026-07-10,UNM,1,87.33682054613182,88.102321236397,0.008764925096635956,0,0.9801061007957559,0.03333333333333333,1.0,1.0,0.2062398283203278,0.22435852881013676,0.0002921641698878652,0.310166467420274
2026-07-08,2026-07-09,2026-07-10,PFE,1,23.695474576386236,23.931347752180447,0.009954355420645156,0,0.9754641909814323,0.03333333333333333,1.0,1.0,0.20865461437025667,0.2767601313086284,0.00033181184735483853,0.3522571182556223
2026-07-08,2026-07-09,2026-07-10,PEN,1,317.1199951171875,318.239990234375,0.0035317707316866453,0,0.9655172413793103,0.03333333333333333,1.0,1.0,0.08537392750168142,0.1436223018014128,0.00011772569105622151,0.12497960216522556
2026-07-09,2026-07-10,2026-07-13,PFSI,1,82.20273080496739,82.0832015059297,-0.0014540794188612205,38,0.9927631578947369,0.03333333333333333,1.0,1.0,0.3037845251644631,0.8052909058638659,-4.8469313962040685e-05,-0.0518118900609147
2026-07-09,2026-07-10,2026-07-13,PR,1,19.200000762939453,19.450000762939453,0.013020832815932026,33,0.9801061007957559,0.03333333333333333,1.0,1.0,0.3634029262432638,-0.1312823780045545,0.00043402776053106756,0.4639594987796252
2026-07-09,2026-07-10,2026-07-13,NYT,1,74.97000122070312,75.4800033569336,0.00680274947213988,32,0.9854111405835544,0.03333333333333333,1.0,1.0,0.3252105007725421,0.19504587319474959,0.00022675831573799597,0.24239618771201146
2026-07-09,2026-07-10,2026-07-13,NE,1,39.2400016784668,40.18000030517578,0.02395511178647114,30,0.9697368421052632,0.03333333333333333,1.0,1.0,0.39813503762251556,0.6676257332313709,0.0007985037262157046,0.853570721226213
2026-07-09,2026-07-10,2026-07-13,WFRD,1,82.57973426576825,84.17470997250913,0.019314371993590207,29,0.9703947368421053,0.032775220528089406,1.0,0.9832566158426822,0.4050634702750402,1.1775988557243147,0.0006330328014514728,0.6766884701409883
2026-07-09,2026-07-10,2026-07-13,AEO,1,16.549999237060547,16.68000030517578,0.007855049795055136,27,0.9671052631578947,0.025266637519611848,1.0,0.7579991255883555,0.5254377261649013,1.747702502389633,0.00019847069587015944,0.21215777641893802
2026-07-09,2026-07-10,2026-07-13,GMED,1,76.69999694824219,78.41999816894531,0.02242504940207235,26,0.9664473684210526,0.031131891318307056,1.0,0.9339567395492117,0.426445166160871,0.9209996229047376,0.000698134200792983,0.746279439555898
2026-07-09,2026-07-10,2026-07-13,PSLV,1,19.040000915527344,18.81999969482422,-0.011554685405698262,26,0.9881578947368421,0.025217571440820433,1.0,0.756527143224613,0.5264600755585569,1.7022036046799103,-0.00029138110469440116,-0.31147554046417053
2026-07-09,2026-07-10,2026-07-13,EGO,1,30.3700008392334,29.75,-0.020414910177824264,24,0.9715608465608465,0.022120627518778944,1.0,0.6636188255633683,0.6001658205612455,1.5621442985415728,-0.00045159062387297973,-0.48273354508320343
2026-07-09,2026-07-10,2026-07-13,S,1,18.940000534057617,17.889999389648438,-0.055438284836427765,24,0.9756578947368422,0.024862658708364273,1.0,0.7458797612509281,0.533975256703794,1.2454062954693828,-0.0013783431552651898,-1.473397458910672
2026-07-09,2026-07-10,2026-07-13,DINO,1,77.28096247103396,79.01024187889675,0.022376525247223,24,0.9723684210526315,0.03240487867051885,1.0,0.9721463601155654,0.4096927719163425,0.00746611621104104,0.0007251085857040631,0.775114051627532
2026-07-09,2026-07-10,2026-07-13,LBRT,1,24.290000915527344,24.81999969482422,0.021819627802404762,17,0.96684350132626,0.0259838721730673,1.0,0.779516165192019,0.5109340316066696,1.1999233060254784,0.0005669584196815907,0.6060574187754759
2026-07-09,2026-07-10,2026-07-13,HUM,1,398.6600036621094,399.7099914550781,0.002633792663732315,16,0.9768518518518519,0.031205602737149507,1.0,0.9361680821144852,0.42543785095145187,0.5280070522690284,8.218908755644942e-05,0.08785707121864039
2026-07-09,2026-07-10,2026-07-13,ZIM,1,24.18000030517578,23.989999771118164,-0.00785775565176261,12,0.9940318302387268,0.03333333333333333,1.0,1.0,0.3911858019644865,0.9258091206981334,-0.000261925188392087,-0.27998826382777664
2026-07-09,2026-07-10,2026-07-13,CVLT,1,153.49000549316406,151.02000427246094,-0.016092260944072567,6,0.9893899204244032,0.02745077507609282,1.0,0.8235232522827846,0.48363095502173575,1.0608304976735143,-0.0004417450356415291,-0.4722089782318455
2026-07-09,2026-07-10,2026-07-13,AGX,1,678.6436123416208,614.8958620271503,-0.0939340607576229,4,0.98342175066313,0.02214089190013709,1.0,0.6642267570041127,0.5996165206901818,1.7007183188322748,-0.002079783884975438,-2.223211454637073
2026-07-09,2026-07-10,2026-07-13,CVE,1,26.100000381469727,26.8799991607666,0.029885010264239398,2,0.9940318302387268,0.0329152243444989,1.0,0.9874567303349671,0.40334054622223614,0.06247988754882034,0.000983671817385092,1.0515085090391645
2026-07-09,2026-07-10,2026-07-13,UNM,1,88.102321236397,87.71460329800362,-0.004400768707932823,1,0.9801061007957559,0.03333333333333333,1.0,1.0,0.20954274561368927,0.22654163414004982,-0.00014669229026442743,-0.15680859072848954
2026-07-09,2026-07-10,2026-07-13,PFE,1,23.931347752180447,23.86255040108705,-0.0028747796323811414,1,0.9754641909814323,0.03333333333333333,1.0,1.0,0.20301622659321045,0.2749816107909409,-9.582598774603805e-05,-0.10243440924219854
2026-07-09,2026-07-10,2026-07-13,PEN,1,318.239990234375,317.6300048828125,-0.00191674638725714,1,0.9641909814323608,0.03333333333333333,1.0,1.0,0.08552444348407384,0.1389412468337066,-6.389154624190467e-05,-0.06829768154548145
2026-07-10,2026-07-13,2026-07-14,PFSI,1,82.0832015059297,82.28242661681799,0.002427111847896235,39,0.9927631578947369,0.03333333333333333,1.0,1.0,0.29574601099671666,0.8090918890716929,8.090372826320783e-05,0.08648772922679915
2026-07-10,2026-07-13,2026-07-14,PR,1,19.450000762939453,19.790000915527344,0.017480726953786885,34,0.9801061007957559,0.03333333333333333,1.0,1.0,0.3565572900606434,-0.13514718840710993,0.0005826908984595628,0.6229084089293959
2026-07-10,2026-07-13,2026-07-14,NYT,1,75.4800033569336,74.5,-0.01298361570413964,33,0.9854111405835544,0.03333333333333333,1.0,1.0,0.3263662582098648,0.20105697126594488,-0.000432787190137988,-0.462658299154104
2026-07-10,2026-07-13,2026-07-14,NE,1,40.18000030517578,42.209999084472656,0.050522617319029184,31,0.9697368421052632,0.032876004509142936,1.0,0.986280135274288,0.39866231368268346,0.6620573385387821,0.0016609817947941066,1.7756232846456421
2026-07-10,2026-07-13,2026-07-14,WFRD,1,84.17470997250913,82.4999935651727,-0.019895719366106346,30,0.9703947368421053,0.03333333333333333,1.0,1.0,0.38516189747627977,1.1723863813927735,-0.0006631906455368782,-0.7089642740608283
2026-07-10,2026-07-13,2026-07-14,AEO,1,16.68000030517578,16.209999084472656,-0.028177530701680165,28,0.9671052631578947,0.02542646665318702,1.0,0.7627939995956106,0.5154638354210519,1.7514799849691225,-0.0007164550447554241,-0.7659049989932379
2026-07-10,2026-07-13,2026-07-14,GMED,1,78.41999816894531,78.44000244140625,0.0002550914680952143,27,0.9664473684210526,0.03091361184530852,1.0,0.9274083553592557,0.4239693533011187,0.9205256223517179,7.885798629745358e-06,0.008430078950226095
2026-07-10,2026-07-13,2026-07-14,PSLV,1,18.81999969482422,19.01000022888184,0.010095671473888235,27,0.9881578947368421,0.02485309098335392,1.0,0.7455927295006176,0.5273558943246,1.7082751848037816,0.00025090864167859507,0.26822643564166787
2026-07-10,2026-07-13,2026-07-14,EGO,1,29.75,30.18000030517578,0.014453791770614455,25,0.9715608465608465,0.021747438282873108,1.0,0.6524231484861932,0.602665189884872,1.5653522528044637,0.00031433294448493705,0.33602830392723615
2026-07-10,2026-07-13,2026-07-14,S,1,17.889999389648438,18.155000686645508,0.014812817553834456,25,0.9756578947368422,0.02406192647656604,1.0,0.7218577942969813,0.5446955394457559,1.2708283221983108,0.00035642492689115155,0.381025488298323
2026-07-10,2026-07-13,2026-07-14,DINO,1,79.01024187889675,82.21040278316197,0.04050311488946301,25,0.9723684210526315,0.032776449737049684,1.0,0.9832934921114905,0.39987320553031347,0.0001820864887363103,0.001327548309368433,1.4191761143888668
2026-07-10,2026-07-13,2026-07-14,LBRT,1,24.81999969482422,26.18000030517578,0.054794545812793416,18,0.96684350132626,0.02565197128399541,1.0,0.7695591385198622,0.510932429993578,1.194897871826007,0.0014055881157093476,1.5026022528947025
2026-07-10,2026-07-13,2026-07-14,HUM,1,399.7099914550781,410.0,0.02574368608466049,17,0.9742063492063492,0.030795370329289664,1.0,0.92386110987869,0.4255972206897495,0.5265282542576667,0.0007927863466181008,0.8475047115003127
2026-07-10,2026-07-13,2026-07-14,ZIM,1,23.989999771118164,24.190000534057617,0.008336838884852149,13,0.9947089947089947,0.03333333333333333,1.0,1.0,0.39258844292060074,0.915520791758672,0.0002778946294950716,0.29707500488925503
2026-07-10,2026-07-13,2026-07-14,CVLT,1,151.02000427246094,144.97999572753906,-0.03999475813829845,7,0.9893899204244032,0.02703984393028158,1.0,0.8111953179084473,0.4847078280499814,1.0717591951395824,-0.001081452018088949,-1.1560941790959187
2026-07-10,2026-07-13,2026-07-14,AGX,1,614.8958620271503,617.7635589398287,0.004663711515677349,5,0.98342175066313,0.021780897676271564,1.0,0.6534269302881469,0.6017393872859332,1.7044734370903503,0.0001015798233146177,0.1085908949110328
2026-07-10,2026-07-13,2026-07-14,CVE,1,26.8799991607666,28.0,0.04166669918904331,3,0.9847883597883598,0.033074313133786275,1.0,0.9922293940135883,0.3962719941980806,0.05236823547926492,0.001378097456229697,1.4732141793858156
2026-07-10,2026-07-13,2026-07-14,UNM,1,87.71460329800362,88.49998390303773,0.008953818127248825,2,0.9801061007957559,0.03333333333333333,1.0,1.0,0.205141479060095,0.2284856406847827,0.0002984606042416275,0.3190604497302959
2026-07-10,2026-07-13,2026-07-14,PFE,1,23.86255040108705,23.951004591208346,0.0037068204627979107,2,0.9754641909814323,0.03333333333333333,1.0,1.0,0.2016100727414772,0.27932159094636094,0.0001235606820932637,0.13208887952844367
2026-07-10,2026-07-13,2026-07-14,PEN,1,317.6300048828125,317.32000732421875,-0.0009759706382529432,2,0.996031746031746,0.03333333333333333,1.0,1.0,0.08531873527251399,0.13858590007153024,-3.253235460843144e-05,-0.034777748033198844
2026-07-10,2026-07-13,2026-07-14,PHYS,1,30.63999938964844,30.75,0.0035900983205867654,0,0.9768518518518519,0.03333333333333333,1.0,1.0,0.24373938559828534,0.6693029965355713,0.00011966994401955885,0.12792960147989405
2026-07-10,2026-07-13,2026-07-14,UTHR,1,541.469970703125,535.5700073242188,-0.010896196831090887,0,0.966931216931217,0.03333333333333333,1.0,1.0,0.22065390424419545,0.06270697250588475,-0.0003632065610363629,-0.38827519298137636
2026-07-13,2026-07-14,2026-07-15,PR,1,19.790000915527344,19.6299991607666,-0.008084979654306323,35,0.9801061007957559,0.03333333333333333,1.0,1.0,0.35637719791749883,-0.12790671033285136,-0.0002694993218102108,-0.2897490551020439
2026-07-13,2026-07-14,2026-07-15,NYT,1,74.5,72.72000122070312,-0.02389260106438762,34,0.9854111405835544,0.03333333333333333,1.0,1.0,0.323225876985986,0.20563651723693882,-0.0007964200354795873,-0.8562617196753316
2026-07-13,2026-07-14,2026-07-15,NE,1,42.209999084472656,42.130001068115234,-0.0018952385238703018,32,0.9697368421052632,0.032506747424733265,1.0,0.975202422741998,0.4029614378680963,0.6638105553841759,-6.160804000507621e-05,-0.06623716623202061
2026-07-13,2026-07-14,2026-07-15,WFRD,1,82.4999935651727,82.37039434588553,-0.0015708997502501543,31,0.9703947368421053,0.03333333333333333,1.0,1.0,0.38673605357512375,1.182049167068522,-5.236332500833847e-05,-0.0562978186410874
2026-07-13,2026-07-14,2026-07-15,AEO,1,16.209999084472656,16.31999969482422,0.006785972644312466,29,0.9671052631578947,0.025395525464258946,1.0,0.7618657639277684,0.5157981748052712,1.7568443811120638,0.00017233334108840184,0.1852821833002876
2026-07-13,2026-07-14,2026-07-15,GMED,1,78.44000244140625,75.55999755859375,-0.03671602235050708,28,0.9664473684210526,0.030740427895378744,1.0,0.9222128368613624,0.4261152683777294,0.9216795098567045,-0.0011286662376708773,-1.2134723519676223
2026-07-13,2026-07-14,2026-07-15,PSLV,1,19.01000022888184,18.739999771118164,-0.014203074934921123,28,0.9881578947368421,0.024898793924149096,1.0,0.7469638177244728,0.5260883608495187,1.7119600066513623,-0.00035363943589384835,-0.3802113181910802
2026-07-13,2026-07-14,2026-07-15,EGO,1,30.18000030517578,29.489999771118164,-0.022862840526190586,26,0.9715608465608465,0.02172476883936245,1.0,0.6517430651808734,0.6029507508016351,1.5636169749396192,-0.0004966899254426982,-0.5340103849206561
2026-07-13,2026-07-14,2026-07-15,S,1,18.155000686645508,20.190000534057617,0.11209032059739976,26,0.9756578947368422,0.024089348837455622,1.0,0.7226804651236687,0.5437658681050965,1.2603697156797267,0.002700182834173,2.9030701062593285
2026-07-13,2026-07-14,2026-07-15,DINO,1,82.21040278316197,82.44892309096252,0.002901339729835417,26,0.9723684210526315,0.03328297620018872,1.0,0.9984892860056616,0.3935635324166497,0.003055054318956074,9.656522117677416e-05,0.10382097217815743
2026-07-13,2026-07-14,2026-07-15,LBRT,1,26.18000030517578,25.649999618530277,-0.020244487412810375,19,0.96684350132626,0.025814416827795113,1.0,0.7744325048338534,0.5074283014048773,1.206798447559389,-0.0005225996365393385,-0.5618669088547138
2026-07-13,2026-07-14,2026-07-15,HUM,1,410.0,401.8299865722656,-0.01992686201886429,18,0.9946949602122016,0.03065458375107192,1.0,0.9196375125321575,0.42730854834156784,0.5253028173169881,-0.0006108496606533294,-0.6567478938160372
2026-07-13,2026-07-14,2026-07-15,ZIM,1,24.190000534057617,24.559999465942383,0.015295532191652361,14,0.996684350132626,0.03333333333333333,1.0,1.0,0.3927631290866783,0.9280002598914349,0.0005098510730550787,0.5481604393962339
2026-07-13,2026-07-14,2026-07-15,CVLT,1,144.97999572753906,150.63999938964844,0.03903989397783003,8,0.9893899204244032,0.02698081962199324,1.0,0.8094245886597973,0.485491762896929,1.0651323078434447,0.0010533283374775722,1.1324736865618708
2026-07-13,2026-07-14,2026-07-15,AGX,1,617.7635589398287,616.3746617719463,-0.002248266586436398,6,0.98342175066313,0.021051478486529725,1.0,0.6315443545958918,0.6222349509117485,1.6815955066077277,-4.7329335676349456e-05,-0.05088558367685706
2026-07-13,2026-07-14,2026-07-15,CVE,1,28.0,27.6299991607666,-0.013214315686907119,4,0.9847883597883598,0.03302165983939382,1.0,0.9906497951818146,0.3966779909427476,0.05920430863645357,-0.0004363586376234126,-0.469145903921932
2026-07-13,2026-07-14,2026-07-15,UNM,1,88.49998390303773,87.59530212045804,-0.010222394882815733,3,0.9801061007957559,0.03333333333333333,1.0,1.0,0.20481508185257674,0.2331892292852802,-0.0003407464960938578,-0.36634962421930245
2026-07-13,2026-07-14,2026-07-15,PFE,1,23.951004591208346,23.921519821168875,-0.0012310452334969302,3,0.9754641909814323,0.03333333333333333,1.0,1.0,0.2011330010313158,0.27962408423820573,-4.103484111656434e-05,-0.044118131206876146
2026-07-13,2026-07-14,2026-07-15,PEN,1,317.32000732421875,316.0,-0.004159861634157935,3,0.9741379310344828,0.03333333333333333,1.0,1.0,0.08493924519568588,0.1434774804801516,-0.00013866205447193118,-0.14908089189940205
2026-07-13,2026-07-14,2026-07-15,PHYS,1,30.75,30.56999969482422,-0.005853668461000994,1,0.9768518518518519,0.03333333333333333,1.0,1.0,0.2425950558934997,0.6684766494062597,-0.00019512228203336646,-0.2097834475751931
2026-07-13,2026-07-14,2026-07-15,UTHR,1,535.5700073242188,524.8099975585938,-0.02009076239982799,1,0.986737400530504,0.03333333333333333,1.0,1.0,0.2202636278523573,0.05403791145984301,-0.0006696920799942663,-0.7200116352215219
2026-07-13,2026-07-14,2026-07-15,TEVA,1,32.040000915527344,31.81999969482422,-0.006866454881919393,0,0.9741379310344828,0.03297044901792247,1.0,0.9891134705376741,0.3972941246740395,0.8441167077416378,-0.00022639010061818819,-0.24340067833184192
2026-07-14,2026-07-15,2026-07-16,PR,1,19.6299991607666,19.63999938964844,0.0005094360320618829,36,0.9761273209549072,0.03333333333333333,1.0,1.0,0.3588078321613584,-0.13984549268364674,1.698120106872943e-05,0.01822204879501903
2026-07-14,2026-07-15,2026-07-16,NYT,1,72.72000122070312,74.41999816894531,0.023377295375487384,35,0.96684350132626,0.03333333333333333,1.0,1.0,0.312452136862275,0.20384812928423052,0.0007792431791829127,0.8361839175442508
2026-07-14,2026-07-15,2026-07-16,NE,1,42.130001068115234,40.16999816894531,-0.046522735567962936,33,0.9697368421052632,0.03165946773014415,1.0,0.9497840319043246,0.41387646082881463,0.6370595037822958,-0.001472885045431952,-1.5805114761133325
2026-07-14,2026-07-15,2026-07-16,WFRD,1,82.37039434588553,80.84519939800954,-0.01851630018270234,32,0.9703947368421053,0.03331978026808843,1.0,0.9995934080426528,0.39325314724315436,1.1970798453520028,-0.0006169590534656075,-0.6620413910227744
2026-07-14,2026-07-15,2026-07-16,AEO,1,16.31999969482422,17.290000915527344,0.05943635041921924,30,0.9671052631578947,0.025019785186258366,1.0,0.750593555587751,0.5237098703418428,1.7750543082483488,0.0014870847197440429,1.5957487468541387
2026-07-14,2026-07-15,2026-07-16,GMED,1,75.55999755859375,78.5,0.0389095094812093,29,0.9664473684210526,0.03059803213057107,1.0,0.9179409639171321,0.4282336981659865,0.9064799210439649,0.0011905544212908019,1.2775504318028696
2026-07-14,2026-07-15,2026-07-16,PSLV,1,18.739999771118164,18.100000381469727,-0.034151515339653105,29,0.9881578947368421,0.024811610478555398,1.0,0.7443483143566619,0.528103907934598,1.7206794913992431,-0.0008473540958598823,-0.9092718247033454
2026-07-14,2026-07-15,2026-07-16,EGO,1,29.489999771118164,28.71999931335449,-0.026110561673106436,27,0.9715608465608465,0.021659682603947027,1.0,0.6497904781184108,0.6049538534552837,1.5775782377282117,-0.0005655464784502694,-0.6068720041922843
2026-07-14,2026-07-15,2026-07-16,S,1,20.190000534057617,19.65999984741211,-0.026250652433192023,27,0.9756578947368422,0.02482481694820298,1.0,0.7447445084460894,0.5278229637388983,1.2392861987764623,-0.0006516676414248912,-0.6992861996108396
2026-07-14,2026-07-15,2026-07-16,DINO,1,82.44892309096252,83.969494335991,0.018442584669673634,27,0.9723684210526315,0.032661134738265644,1.0,0.9798340421479694,0.4011835032946538,-0.02384163920797175,0.0006023557428180829,0.64637098949399
2026-07-14,2026-07-15,2026-07-16,LBRT,1,25.649999618530277,24.799999237060547,-0.03313841692440678,20,0.96684350132626,0.025682436244556406,1.0,0.7704730873366922,0.5101972543065666,1.1863963179686223,-0.000851075279906606,-0.9132649225413725
2026-07-14,2026-07-15,2026-07-16,HUM,1,401.8299865722656,424.5400085449219,0.05651649386940916,19,0.9927055702917772,0.03097586585962088,1.0,0.9292759757886264,0.4230102401417262,0.5083804565447262,0.0017506473329549038,1.8785703670112093
2026-07-14,2026-07-15,2026-07-16,ZIM,1,24.559999465942383,24.90999984741211,0.014250830174287188,15,0.9893899204244032,0.03333333333333333,1.0,1.0,0.3929333601094133,0.9278765128304178,0.0004750276724762396,0.5097388218779283
2026-07-14,2026-07-15,2026-07-16,CVLT,1,150.63999938964844,149.72000122070312,-0.00610726349358004,9,0.9893899204244032,0.02911168814349093,1.0,0.873350644304728,0.4500978573036083,1.0718942828343874,-0.00017779275023522905,-0.1907843948772806
2026-07-14,2026-07-15,2026-07-16,AGX,1,616.3746617719463,597.4201356307873,-0.030751630975012434,7,0.98342175066313,0.020802947502618616,1.0,0.6240884250785584,0.6298678807042486,1.7029115729879047,-0.0006397245647930842,-0.6864704203107409
2026-07-14,2026-07-15,2026-07-16,CVE,1,27.6299991607666,27.38999938964844,-0.008686202620626582,5,0.9794429708222812,0.03222878675154425,1.0,0.9668636025463276,0.40656536520873804,0.03713650874519898,-0.0002799457719408789,-0.30040192655510717
2026-07-14,2026-07-15,2026-07-16,UNM,1,87.59530212045804,88.63916718582229,0.011916906958420626,4,0.9827586206896551,0.03333333333333333,1.0,1.0,0.2085484496174641,0.21891800248981375,0.00039723023194735416,0.42625657867809486
2026-07-14,2026-07-15,2026-07-16,PFE,1,23.921519821168875,24.511203426109116,0.024650758369391346,4,0.9754641909814323,0.03333333333333333,1.0,1.0,0.20247447131029533,0.27046335453474585,0.0008216919456463782,0.8817344937758713
2026-07-14,2026-07-15,2026-07-16,PEN,1,316.0,318.5199890136719,0.007974648777442583,4,0.9754641909814323,0.03333333333333333,1.0,1.0,0.08513986286314136,0.142555579875167,0.00026582162591475277,0.28524570309162145
2026-07-14,2026-07-15,2026-07-16,PHYS,1,30.56999969482422,30.18000030517578,-0.01275758565723728,2,0.9768518518518519,0.03333333333333333,1.0,1.0,0.24746539017729852,0.68019100347287,-0.00042525285524124267,-0.45632686681371964
2026-07-14,2026-07-15,2026-07-16,UTHR,1,524.8099975585938,533.6099853515625,0.01676794998934117,2,0.9940318302387268,0.03333333333333333,1.0,1.0,0.22381105800108717,0.06707960106970881,0.0005589316663113723,0.5997738355128713
2026-07-14,2026-07-15,2026-07-16,TEVA,1,31.81999969482422,31.63999938964844,-0.005656829255251572,1,0.9741379310344828,0.03274204031270492,1.0,0.9822612093811475,0.40019217894590764,0.8563941136048839,-0.0001852161315175355,-0.1987502163408351
2026-07-14,2026-07-15,2026-07-16,BIIB,1,191.2100067138672,198.25999450683597,0.03687039143049975,0,0.9794429708222812,0.03333333333333333,1.0,1.0,0.3645162407591249,0.26952257932413526,0.0012290130476833249,1.3188193010587943
2026-07-14,2026-07-15,2026-07-16,SU,1,61.5,60.66999816894531,-0.01349596473259651,0,0.9734748010610079,0.03333333333333333,1.0,1.0,0.35128156380348596,-0.1394533174401623,-0.00044986549108655036,-0.4827379934196652
2026-07-15,2026-07-16,2026-07-17,PR,1,19.63999938964844,20.0,0.01832997054680674,37,0.9761273209549072,0.03333333333333333,1.0,1.0,0.358708610568227,-0.14152273625956407,0.0006109990182268913,0.6571830925486609
2026-07-15,2026-07-16,2026-07-17,NYT,1,74.41999816894531,75.80999755859375,0.018677767049831262,36,0.96684350132626,0.03333333333333333,1.0,1.0,0.31684721279499195,0.1965785301704078,0.0006225922349943753,0.6696526151183566
2026-07-15,2026-07-16,2026-07-17,NE,1,40.16999816894531,40.43999862670898,0.00672144560794119,34,0.9697368421052632,0.03166625789993738,1.0,0.9499877369981213,0.41292333549929716,0.6304706188880185,0.0002128430300814671,0.22893136742230194
2026-07-15,2026-07-16,2026-07-17,WFRD,1,80.84519939800954,79.92809397087389,-0.011343968893200995,33,0.9703947368421053,0.03321713160347969,1.0,0.9965139481043906,0.3936443697460425,1.2034175016300768,-0.00037681410763123726,-0.40529665872082005
2026-07-15,2026-07-16,2026-07-17,AEO,1,17.290000915527344,17.229999542236328,-0.0034702932396684094,31,0.9671052631578947,0.02497815014210013,1.0,0.7493445042630039,0.5234869980537206,1.7737097313674195,-8.668150557755261e-05,-0.0932335702724094
2026-07-15,2026-07-16,2026-07-17,GMED,1,78.5,80.73999786376953,0.02853500463400671,30,0.9664473684210526,0.0301105776294716,1.0,0.903317328884148,0.4342572565603941,0.894561782030927,0.0008592054721895909,0.9241509274219586
2026-07-15,2026-07-16,2026-07-17,PSLV,1,18.100000381469727,17.68000030517578,-0.023204423615588943,30,0.9881578947368421,0.024700303019374665,1.0,0.74100909058124,0.5293755637154183,1.7313999519555303,-0.0005731562946949803,-0.6164799206297659
2026-07-15,2026-07-16,2026-07-17,EGO,1,28.71999931335449,27.43000030517578,-0.04491640108009587,28,0.9715608465608465,0.021614877341085106,1.0,0.6484463202325532,0.6049415237702517,1.5872181049485705,-0.0009708624999492548,-1.0442478647637445
2026-07-15,2026-07-16,2026-07-17,S,1,19.65999984741211,19.270000457763672,-0.019837202068939686,28,0.9756578947368422,0.024710642646381654,1.0,0.7413192793914496,0.5291540581093618,1.2430276976559007,-0.0004901900114296314,-0.5272423981672617
2026-07-15,2026-07-16,2026-07-17,DINO,1,83.969494335991,86.71249397588701,0.03266662091497574,28,0.9723684210526315,0.03260275256028101,1.0,0.9780825768084301,0.4010623584817469,-0.02713422011126113,0.0010650217586714544,1.1455244151233817
2026-07-15,2026-07-16,2026-07-17,LBRT,1,24.799999237060547,23.51000022888184,-0.05201609063967072,21,0.96684350132626,0.025647645814257665,1.0,0.76942937442773,0.5098221072420704,1.184591460132303,-0.001334090269368598,-1.4349312237964316
2026-07-15,2026-07-16,2026-07-17,HUM,1,424.5400085449219,387.5,-0.08724739199933984,20,0.9913793103448276,0.031010252529669973,1.0,0.9303075758900992,0.42165850865975746,0.5060379828171806,-0.002705563658454636,-2.9100712752540248
2026-07-15,2026-07-16,2026-07-17,ZIM,1,24.90999984741211,24.5,-0.016459247287177514,16,0.9854111405835544,0.032994260628174135,1.0,0.9898278188452241,0.3963033747650525,0.9301969545362802,-0.000543060694736703,-0.5841094603464018
2026-07-15,2026-07-16,2026-07-17,CVLT,1,149.72000122070312,146.8300018310547,-0.019302694136291598,10,0.9893899204244032,0.02902906724861411,1.0,0.8708720174584234,0.45043599654230587,1.0644376293723619,-0.0005603392061618381,-0.6026940165146917
2026-07-15,2026-07-16,2026-07-17,AGX,1,597.4201356307873,528.2368898226813,-0.11580333785545871,8,0.98342175066313,0.020648020864044138,1.0,0.6194406259213241,0.6332682885647806,1.712808851391495,-0.002391109736165464,-2.5718484713716876
2026-07-15,2026-07-16,2026-07-17,CVE,1,27.38999938964844,27.75,0.013143505599624516,6,0.980106100795756,0.03225155461752354,1.0,0.9675466385257063,0.40542966036491607,0.04079893946094712,0.0004238984887120166,0.45594004479237615
2026-07-15,2026-07-16,2026-07-17,UNM,1,88.63916718582229,88.97718395587648,0.0038134019168476474,5,0.9827586206896551,0.03333333333333333,1.0,1.0,0.2099350938133688,0.21551232539325876,0.00012711339722825492,0.1367216198436018
2026-07-15,2026-07-16,2026-07-17,PFE,1,24.511203426109116,24.963293144961238,0.018444207368886634,5,0.9754641909814323,0.03333333333333333,1.0,1.0,0.19994817089763128,0.26761519092654606,0.0006148069122962211,0.6612788169703498
2026-07-15,2026-07-16,2026-07-17,PEN,1,318.5199890136719,318.82000732421875,0.0009419136032118303,5,0.9754641909814323,0.03333333333333333,1.0,1.0,0.0857765237347874,0.1339374438737788,3.1397120107061007e-05,0.033770359482669245
2026-07-15,2026-07-16,2026-07-17,PHYS,1,30.18000030517578,29.90999984741211,-0.008946337144912775,3,0.9768518518518519,0.03333333333333333,1.0,1.0,0.24967293942631477,0.6856295821882002,-0.00029821123816375916,-0.3207523709251667
2026-07-15,2026-07-16,2026-07-17,UTHR,1,533.6099853515625,529.2899780273438,-0.00809581425162531,3,0.9940318302387268,0.03333333333333333,1.0,1.0,0.22479090198574558,0.05877499424770114,-0.000269860475054177,-0.29025863587705086
2026-07-15,2026-07-16,2026-07-17,TEVA,1,31.63999938964844,32.130001068115234,0.015486779011351759,2,0.9741379310344828,0.03265448072583709,1.0,0.9796344217751127,0.40042703311087235,0.8515720609398657,0.0005057127267314844,0.5439384414382118
2026-07-15,2026-07-16,2026-07-17,BIIB,1,198.25999450683597,208.6000061035156,0.052153797453692086,1,0.9827586206896551,0.032641532498116674,1.0,0.9792459749435002,0.4005858743175599,0.2523774238740134,0.0017023798744848849,1.8310590315729878
2026-07-15,2026-07-16,2026-07-17,SU,1,60.66999816894531,61.95000076293945,0.021097785274853065,1,0.9734748010610079,0.03333333333333333,1.0,1.0,0.35105451535379006,-0.136243543870833,0.0007032595091617689,0.7564173514327319
2026-07-15,2026-07-16,2026-07-17,SO,1,94.00378214625464,96.50314419969973,0.026587888235778623,0,0.9814323607427056,0.03333333333333333,1.0,1.0,0.20159752552408403,-0.23281249513792193,0.0008862629411926208,0.9532536111014724
2026-07-16,2026-07-17,2026-07-20,PR,1,20.0,20.229999542236328,0.011499977111816495,38,0.9761273209549072,0.03333333333333333,1.0,1.0,0.3517992533073174,-0.14044471035381967,0.0003833325703938832,0.41137281407849263
2026-07-16,2026-07-17,2026-07-20,NYT,1,75.80999755859375,75.91000366210938,0.0013191677448389783,37,0.96684350132626,0.03333333333333333,1.0,1.0,0.32109577434997855,0.20214781746611626,4.3972258161299275e-05,0.04718876760879668
2026-07-16,2026-07-17,2026-07-20,NE,1,40.43999862670898,41.130001068115234,0.017062375490550563,35,0.9697368421052632,0.03181871529756906,1.0,0.9545614589270718,0.40985360473163035,0.6279365758545684,0.0005429028680340486,0.5826154567689582
2026-07-16,2026-07-17,2026-07-20,WFRD,1,79.92809397087389,80.19723848768975,0.0033673331046020216,34,0.9703947368421053,0.03333333333333333,1.0,1.0,0.38609033596272513,1.20489178073335,0.00011224443682006739,0.12045496105870031
2026-07-16,2026-07-17,2026-07-20,AEO,1,17.229999542236328,17.489999771118164,0.015089973058008077,32,0.9671052631578947,0.023890648107179672,1.0,0.7167194432153902,0.5458627620369593,1.786151213549941,0.0003605092362756929,0.38687998485397285
2026-07-16,2026-07-17,2026-07-20,GMED,1,80.73999786376953,76.87000274658203,-0.04793157319272212,31,0.9664473684210526,0.029729630207950768,1.0,0.891888906238523,0.43865379661367315,0.9007596468482192,-0.0014249879463049547,-1.5292238300989287
2026-07-16,2026-07-17,2026-07-20,PSLV,1,17.68000030517578,18.21999931335449,0.030542929799646235,31,0.9881578947368421,0.02524810016122109,1.0,0.7574430048366327,0.5165147111808447,1.7274590252666362,0.0007711509507986125,0.8275595689230599
2026-07-16,2026-07-17,2026-07-20,EGO,1,27.43000030517578,27.739999771118164,0.01130147511824453,29,0.9715608465608465,0.02157836163228792,1.0,0.6473508489686376,0.6043561316131039,1.5857046791459455,0.00024386731707978437,0.26170587170769605
2026-07-16,2026-07-17,2026-07-20,S,1,19.270000457763672,19.36000061035156,0.004670480044105307,29,0.9756578947368422,0.02455776092980294,1.0,0.7367328278940882,0.5310343723890464,1.2368191199808807,0.00011469653235055363,0.12308642396238452
2026-07-16,2026-07-17,2026-07-20,DINO,1,86.71249397588701,87.57714155408867,0.009971430166016093,29,0.9723684210526315,0.03307426889848765,1.0,0.9922280669546294,0.3942948883515446,-0.024074040704987663,0.00032979776261330763,0.35392200966284476
2026-07-16,2026-07-17,2026-07-20,LBRT,1,23.51000022888184,23.850000381469727,0.014461937442697304,22,0.960212201591512,0.025672949633543628,1.0,0.7701884890063089,0.507967154097443,1.1835236619429923,0.0003712805915698266,0.3984392497873805
2026-07-16,2026-07-17,2026-07-20,HUM,1,387.5,400.3200073242188,0.03308388986895183,21,0.9920424403183024,0.031109273359871407,1.0,0.9332782007961422,0.4192002497705416,0.5068442588736776,0.0010292157737411029,1.1045014742754735
2026-07-16,2026-07-17,2026-07-20,ZIM,1,24.5,24.40999984741211,-0.003673475615832311,17,0.993368700265252,0.032789019554635826,1.0,0.9836705866390747,0.39772507198356793,0.9334621115029764,-0.00012044966380100353,-0.12926038896646241
2026-07-16,2026-07-17,2026-07-20,CVLT,1,146.8300018310547,147.27000427246094,0.0029966793973925654,11,0.9893899204244032,0.028790662773438398,1.0,0.863719883203152,0.4529598802660941,1.0585799533912355,8.627638597043995e-05,0.09258738345325954
2026-07-16,2026-07-17,2026-07-20,AGX,1,528.2368898226813,565.5363513325456,0.0706112394429419,9,0.98342175066313,0.02055823186717045,1.0,0.6167469560151135,0.6343451735975123,1.7047291283100432,0.0014516422328962912,1.5578278406349133
2026-07-16,2026-07-17,2026-07-20,CVE,1,27.75,27.90999984741211,0.0057657602671030705,7,0.980106100795756,0.03248896467481673,1.0,0.9746689402445019,0.40139829918146547,0.040500634478231226,0.00018732358164137356,0.2010260407663594
2026-07-16,2026-07-17,2026-07-20,UNM,1,88.97718395587648,88.50992722124596,-0.0052514219247737914,6,0.9827586206896551,0.03333333333333333,1.0,1.0,0.2099267366655984,0.2153444166854938,-0.00017504739749245972,-0.18785187084311133
2026-07-16,2026-07-17,2026-07-20,PFE,1,24.963293144961238,24.6586250124812,-0.012204645064689101,6,0.9754641909814323,0.03333333333333333,1.0,1.0,0.20112815450387891,0.2729478121951107,-0.0004068215021563034,-0.4365799284879879
2026-07-16,2026-07-17,2026-07-20,PEN,1,318.82000732421875,318.44000244140625,-0.0011919104011125503,6,0.9754641909814323,0.03333333333333333,1.0,1.0,0.08570539165394735,0.13358657046119482,-3.9730346703751673e-05,-0.042636566235534495
2026-07-16,2026-07-17,2026-07-20,PHYS,1,29.90999984741211,30.26000022888184,0.011701784796231296,4,0.9768518518518519,0.03333333333333333,1.0,1.0,0.2447425977777888,0.685315257047272,0.00039005949320770986,0.4185918019280491
2026-07-16,2026-07-17,2026-07-20,UTHR,1,529.2899780273438,535.5499877929688,0.011827183633735139,4,0.9927055702917772,0.03333333333333333,1.0,1.0,0.22581608034617795,0.05982811231997185,0.00039423945445783796,0.42307752152249267
2026-07-16,2026-07-17,2026-07-20,TEVA,1,32.130001068115234,32.2400016784668,0.0034236105413865126,3,0.9741379310344828,0.03269474079302275,1.0,0.9808422237906826,0.3988719545200119,0.8490091338673167,0.00011193405922689231,0.12012187977682504
2026-07-16,2026-07-17,2026-07-20,BIIB,1,208.6000061035156,204.0800018310547,-0.02166828446887914,2,0.9827586206896551,0.032351249206200056,1.0,0.9705374761860016,0.40310700460181503,0.25807176420845673,-0.0007009960707235433,-0.7522729570701555
2026-07-16,2026-07-17,2026-07-20,SU,1,61.95000076293945,62.18000030517578,0.0037126640743145867,2,0.9748010610079576,0.03333333333333333,1.0,1.0,0.349134992325276,-0.13726585504524821,0.00012375546914381955,0.13280800936634807
2026-07-16,2026-07-17,2026-07-20,SO,1,96.50314419969973,94.98567045732052,-0.015724604156306166,1,0.9814323607427056,0.03333333333333333,1.0,1.0,0.20297610240070066,-0.23555451925543086,-0.0005241534718768722,-0.5624945683938201
2026-07-16,2026-07-17,2026-07-20,HAL,1,35.290000915527344,35.25,-0.0011334914845452237,0,0.9734748010610079,0.03333333333333333,1.0,1.0,0.33070669010428505,0.36311099056559504,-3.778304948484079e-05,-0.040546826936921083
2026-07-16,2026-07-17,2026-07-20,TGT,1,139.67790121377323,140.23363329668368,0.003978668623177084,0,0.9728116710875332,0.03333333333333333,1.0,1.0,0.34927460912905056,0.4928228998036111,0.00013262228743923614,0.1423234230718942
2026-07-17,2026-07-20,2026-07-21,PR,1,20.229999542236328,20.56999969482422,0.01680673061203164,39,0.9761273209549072,0.03333333333333333,1.0,1.0,0.35195935314093435,-0.15142151338256435,0.0005602243537343879,0.6034189330200139
2026-07-17,2026-07-20,2026-07-21,NYT,1,75.91000366210938,74.97000122070312,-0.012383116796969018,38,0.96684350132626,0.03333333333333333,1.0,1.0,0.3235822976030493,0.18383893505849377,-0.00041277055989896727,-0.4445961143531412
2026-07-17,2026-07-20,2026-07-21,NE,1,41.130001068115234,40.9900016784668,-0.003403826550273714,36,0.9697368421052632,0.03195872459024885,1.0,0.9587617377074654,0.4098228966979345,0.6145995629884565,-0.00010878195527317446,-0.11716929288277851
2026-07-17,2026-07-20,2026-07-21,WFRD,1,80.19723848768975,79.0109855531667,-0.014791693041963372,35,0.9703947368421053,0.03333333333333333,1.0,1.0,0.38700532522468983,1.1988205765450117,-0.0004930564347321124,-0.5310722138041192
2026-07-17,2026-07-20,2026-07-21,AEO,1,17.489999771118164,17.290000915527344,-0.011435040492172255,33,0.9671052631578947,0.02555410508781281,1.0,0.7666231526343843,0.5125367153864322,1.7799082438938825,-0.0002922122264203645,-0.3147424575647393
2026-07-17,2026-07-20,2026-07-21,GMED,1,76.87000274658203,74.83000183105469,-0.026538322396743363,32,0.9664473684210526,0.029536136381324088,1.0,0.8860840914397227,0.44343704664869044,0.8798629463349784,-0.0007838395096417595,-0.8442753290072269
2026-07-17,2026-07-20,2026-07-21,PSLV,1,18.21999931335449,18.82999992370605,0.033479727406161786,32,0.9881578947368421,0.0251840280100091,1.0,0.755520840300273,0.5200683973644675,1.7370525358616695,0.0008431543927642477,0.9081635253117883
2026-07-17,2026-07-20,2026-07-21,EGO,1,27.739999771118164,28.600000381469727,0.031002185199978438,30,0.9715608465608465,0.021617418928543693,1.0,0.6485225678563108,0.6058733065978302,1.6014231363830904,0.000670187225168231,0.721860193401004
2026-07-17,2026-07-20,2026-07-21,S,1,19.36000061035156,19.299999237060547,-0.003099244390464051,30,0.9756578947368422,0.024855088110872368,1.0,0.745652643326171,0.5269511428775859,1.2319490398703619,-7.703199240211092e-05,-0.08297133524067712
2026-07-17,2026-07-20,2026-07-21,DINO,1,87.57714155408867,90.55865675439397,0.03404444524446926,30,0.9723684210526315,0.032949081403504436,1.0,0.9884724421051332,0.3975047718615385,-0.03726593799018763,0.001121733197697167,1.2082213934035275
2026-07-17,2026-07-20,2026-07-21,LBRT,1,23.850000381469727,24.489999771118164,0.02683435553089919,23,0.960212201591512,0.02505059875017016,1.0,0.7515179625051047,0.5228384844996301,1.1817042878922797,0.000672216673123965,0.7240461164368478
2026-07-17,2026-07-20,2026-07-21,HUM,1,400.3200073242188,399.4200134277344,-0.0022481861511246537,22,0.9920424403183024,0.02987022087907388,1.0,0.8961066263722164,0.4384774099719806,0.5194033620390344,-6.715381691136837e-05,-0.07233152982151754
2026-07-17,2026-07-20,2026-07-21,ZIM,1,24.40999984741211,24.530000686645508,0.004916052436850782,18,0.9940476190476191,0.032948512749634735,1.0,0.988455382489042,0.3975116323419633,0.9338062792231214,0.00016197661639345088,0.1744653840676629
2026-07-17,2026-07-20,2026-07-21,CVLT,1,147.27000427246094,145.75999450683594,-0.010253342308806923,12,0.9893899204244032,0.02913159074073263,1.0,0.8739477222219789,0.4495949844590569,1.0424335540273573,-0.0002986961718648019,-0.3217263300361195
2026-07-17,2026-07-20,2026-07-21,AGX,1,565.5363513325456,624.7478063534779,0.10469964464957093,10,0.98342175066313,0.019652902438542792,1.0,0.5895870731562838,0.6664367834371863,1.7459320212212457,0.0020576519016481166,2.216301570509349
2026-07-17,2026-07-20,2026-07-21,CVE,1,27.90999984741211,28.84000015258789,0.03332140129918404,8,0.980106100795756,0.03267239574273155,1.0,0.9801718722819466,0.4008710346642089,0.038293132290931495,0.00108869000994931,1.1726305002881503
2026-07-17,2026-07-20,2026-07-21,UNM,1,88.50992722124596,87.67483880131586,-0.009434969004580185,7,0.9827586206896551,0.03333333333333333,1.0,1.0,0.20776755591530804,0.20303029838719047,-0.0003144989668193395,-0.338747556633352
2026-07-17,2026-07-20,2026-07-21,PFE,1,24.6586250124812,24.334298230038975,-0.01315267101381623,7,0.9754641909814323,0.03333333333333333,1.0,1.0,0.20296393349061362,0.25820713008085344,-0.0004384223671272077,-0.4722257346017438
2026-07-17,2026-07-20,2026-07-21,PEN,1,318.44000244140625,317.25,-0.003736975355742911,7,0.9754641909814323,0.03333333333333333,1.0,1.0,0.08787731978632551,0.12606071686901757,-0.00012456584519143036,-0.13417015682218333
2026-07-17,2026-07-20,2026-07-21,PHYS,1,30.26000022888184,30.57999992370605,0.010575006358353845,5,0.9768518518518519,0.03333333333333333,1.0,1.0,0.24627235673626005,0.6905506396928803,0.00035250021194512817,0.3796787846929362
2026-07-17,2026-07-20,2026-07-21,UTHR,1,535.5499877929688,526.3699951171875,-0.017141243366678993,5,0.9927055702917772,0.03333333333333333,1.0,1.0,0.22595066878841025,0.057196440087848195,-0.0005713747788892998,-0.6154290814629473
2026-07-17,2026-07-20,2026-07-21,TEVA,1,32.2400016784668,31.1299991607666,-0.03442935669701186,4,0.9741379310344828,0.032673342309666134,1.0,0.9802002692899839,0.40085942118240325,0.8327730982113292,-0.0011249221568630646,-1.2116562286164263
2026-07-17,2026-07-20,2026-07-21,BIIB,1,204.0800018310547,199.47000122070312,-0.02258918350151673,3,0.9827586206896551,0.03126380310729754,1.0,0.9379140932189262,0.4189323046014871,0.22095311662801634,-0.0007062237853460331,-0.7606752548085461
2026-07-17,2026-07-20,2026-07-21,SU,1,62.18000030517578,62.70000076293945,0.008362824947113934,3,0.9748010610079576,0.03333333333333333,1.0,1.0,0.3486850062255447,-0.140686166816144,0.0002787608315704645,0.3002539293994573
2026-07-17,2026-07-20,2026-07-21,SO,1,94.98567045732052,93.24009129526242,-0.01837728947591566,2,0.9814323607427056,0.03333333333333333,1.0,1.0,0.20344782437446915,-0.24222500521243992,-0.0006125763158638553,-0.6598073511940743
2026-07-17,2026-07-20,2026-07-21,HAL,1,35.25,33.33000183105469,-0.05446803316156912,1,0.9734748010610079,0.03333333333333333,1.0,1.0,0.3308522916224369,0.35608704759030774,-0.0018156011053856373,-1.9555881041208483
2026-07-17,2026-07-20,2026-07-21,TGT,1,140.23363329668368,137.92137763035316,-0.016488595581336862,1,0.9728116710875332,0.03333333333333333,1.0,1.0,0.3462443945020261,0.47883369748635357,-0.0005496198527112288,-0.5919968007082897
2026-07-20,2026-07-21,2026-07-22,NE,1,40.9900016784668,43.0099983215332,0.04928022835694512,37,0.9697368421052632,0.03187809142735287,1.0,0.9563427428205862,0.4108746147846424,0.5985702294676691,0.0015709596251235242,1.6904187680825917
2026-07-20,2026-07-21,2026-07-22,WFRD,1,79.0109855531667,87.41449855475237,0.10635879229643219,36,0.9703947368421053,0.03333333333333333,1.0,1.0,0.3872039941129292,1.192838101538793,0.0035452930765477396,3.8148847743164254
2026-07-20,2026-07-21,2026-07-22,AEO,1,17.290000915527344,17.420000076293945,0.007518748055695967,34,0.9671052631578947,0.025458222881129873,1.0,0.7637466864338962,0.5144859716422562,1.7916952762386036,0.00019141396378896983,0.20596949258738206
2026-07-20,2026-07-21,2026-07-22,GMED,1,74.83000183105469,75.56999969482422,0.00988905312925481,33,0.9664473684210526,0.028990842311036255,1.0,0.8697252693310876,0.4517943423222686,0.9057933477852869,0.00028669197987568585,0.3084926535922333
2026-07-20,2026-07-21,2026-07-22,PSLV,1,18.82999992370605,19.149999618530277,0.01699414212006256,33,0.9881578947368421,0.02514783059886955,1.0,0.7544349179660865,0.520836120785385,1.7202619031288457,0.00042736580720844714,0.4598636208012802
2026-07-20,2026-07-21,2026-07-22,EGO,1,28.600000381469727,31.190000534057617,0.09055944468679034,31,0.9715608465608465,0.021640172266250857,1.0,0.6492051679875257,0.605258515234196,1.5939487605964944,0.001959721983358159,2.1087434507632183
2026-07-20,2026-07-21,2026-07-22,S,1,19.299999237060547,18.799999237060547,-0.025906736775402672,31,0.9756578947368422,0.025201784927812023,1.0,0.7560535478343607,0.5197210662975196,1.2255735531417777,-0.0006528960083951365,-0.7025436227303212
2026-07-20,2026-07-21,2026-07-22,DINO,1,90.55865675439397,92.8842359264684,0.02568036293185849,31,0.9723684210526315,0.03313482920336849,1.0,0.9940448761010547,0.3952909627176134,-0.04291097351655835,0.0008509144396276465,0.9156198006463431
2026-07-20,2026-07-21,2026-07-22,LBRT,1,24.489999771118164,24.90999984741211,0.0171498603601159,24,0.960212201591512,0.025003135507771015,1.0,0.7500940652331305,0.5238502399514002,1.1669055924706009,0.0004288002825233284,0.4614071766991193
2026-07-20,2026-07-21,2026-07-22,HUM,1,399.4200134277344,400.6799926757813,0.003154522071225463,23,0.9946380697050938,0.029694933136442704,1.0,0.8908479940932811,0.4410819339144766,0.4912738982288581,9.367332198247287e-05,0.10079644251542426
2026-07-20,2026-07-21,2026-07-22,ZIM,1,24.530000686645508,24.920000076293945,0.015898873980087602,19,0.9939678284182305,0.032973915644113415,1.0,0.9892174693234025,0.3972199928163973,0.9350558090150383,0.0005242481294557983,0.5641130828518856
2026-07-20,2026-07-21,2026-07-22,CVLT,1,145.75999450683594,145.6199951171875,-0.0009604788345534132,13,0.9893899204244032,0.02903586177172466,1.0,0.8710758531517397,0.4510938451993202,1.0423209802709255,-2.7888330674760104e-05,-0.030009019219320223
2026-07-20,2026-07-21,2026-07-22,AGX,1,624.7478063534779,600.2079174775849,-0.03927967193534809,11,0.98342175066313,0.01965296811771041,1.0,0.5895890435313124,0.6664590537589057,1.7399387503715875,-0.0007719621402195204,-0.8306637988698631
2026-07-20,2026-07-21,2026-07-22,CVE,1,28.84000015258789,29.030000686645508,0.006588090605144092,9,0.980106100795756,0.03254772099870721,1.0,0.9764316299612162,0.4024213718620566,0.025617905438234268,0.00021442733493043405,0.23073284988329126
2026-07-20,2026-07-21,2026-07-22,UNM,1,87.67483880131586,88.02278708612317,0.0039686218938572715,8,0.9827586206896551,0.03333333333333333,1.0,1.0,0.2083593168130005,0.2031132151019994,0.00013228739646190904,0.1423468141279636
2026-07-20,2026-07-21,2026-07-22,PFE,1,24.334298230038975,24.747077757649812,0.016962869597007213,8,0.9754641909814323,0.03333333333333333,1.0,1.0,0.2029660831186114,0.25913916590488406,0.0005654289865669071,0.6084254207586425
2026-07-20,2026-07-21,2026-07-22,PEN,1,317.25,318.3699951171875,0.00353032345843185,8,0.9754641909814323,0.03333333333333333,1.0,1.0,0.08802646407345553,0.13043749876292374,0.000117677448614395,0.12662589447657302
2026-07-20,2026-07-21,2026-07-22,PHYS,1,30.57999992370605,31.209999084472656,0.020601673065349546,6,0.9768518518518519,0.03333333333333333,1.0,1.0,0.24766451913147403,0.678774229843401,0.0006867224355116516,0.7389422839947308
2026-07-20,2026-07-21,2026-07-22,UTHR,1,526.3699951171875,535.8300170898438,0.017972190779130814,6,0.9651474530831099,0.03333333333333333,1.0,1.0,0.2272885757531016,0.04797393449947272,0.0005990730259710272,0.6446278251573951
2026-07-20,2026-07-21,2026-07-22,TEVA,1,31.1299991607666,30.86000061035156,-0.008673259161385505,5,0.9698391420911527,0.03271368716657919,1.0,0.9814106149973758,0.4003797697455589,0.8339417149161757,-0.0002837342869202324,-0.30531005131387684
2026-07-20,2026-07-21,2026-07-22,BIIB,1,199.47000122070312,203.6999969482422,0.021206174871672978,4,0.9827586206896551,0.03144412725474375,1.0,0.9433238176423125,0.41654514463610165,0.22949491402848263,0.0006668096612512343,0.717515299624108
2026-07-20,2026-07-21,2026-07-22,SU,1,62.70000076293945,64.33999633789062,0.02615622894729741,4,0.9748010610079576,0.03333333333333333,1.0,1.0,0.35249024159467945,-0.15643116965031031,0.000871874298243247,0.9381734919147502
2026-07-20,2026-07-21,2026-07-22,SO,1,93.24009129526242,94.03353657347348,0.008509700786311747,3,0.9814323607427056,0.03333333333333333,1.0,1.0,0.2040634530083038,-0.23642789868505326,0.0002836566928770582,0.30522655685305466
2026-07-20,2026-07-21,2026-07-22,HAL,1,33.33000183105469,33.560001373291016,0.00690067595562005,2,0.9734748010610079,0.03333333333333333,1.0,1.0,0.32925664950842615,0.35325439214533894,0.00023002253185400168,0.24751393906594274
2026-07-20,2026-07-21,2026-07-22,TGT,1,137.92137763035316,138.1595619835272,0.0017269574685687683,2,0.9728116710875332,0.03333333333333333,1.0,1.0,0.3462747541340238,0.4811746991723295,5.7565248952292275e-05,0.06194263408306894
2026-07-21,2026-07-22,2026-07-23,NE,1,43.0099983215332,42.91999816894531,-0.0020925402487828038,38,0.9697368421052632,0.03191233900411279,1.0,0.9573701701233838,0.40717179103937523,0.6007130438665095,-6.677785379890735e-05,-0.07275408886138
2026-07-21,2026-07-22,2026-07-23,WFRD,1,87.41449855475237,87.20516064249017,-0.0023947733582327935,37,0.9703947368421053,0.03333333333333333,1.0,1.0,0.3848350322574552,1.1938941102706726,-7.982577860775978e-05,-0.08696972813392259
2026-07-21,2026-07-22,2026-07-23,AEO,1,17.420000076293945,17.440000534057617,0.0011481318987414113,35,0.9671052631578947,0.025108286869366347,1.0,0.7532486060809904,0.5175105850974467,1.7834794903393931,2.882762507746963e-05,0.03140753224661272
2026-07-21,2026-07-22,2026-07-23,GMED,1,75.56999969482422,75.23999786376953,-0.004366836474624103,34,0.9664473684210526,0.02898723251584546,1.0,0.8696169754753638,0.448259564670668,0.9042041133616799,-0.00012658250424860376,-0.13791091265274563
2026-07-21,2026-07-22,2026-07-23,EGO,1,31.190000534057617,30.90999984741211,-0.008977258154893697,32,0.9715608465608465,0.0214837225344681,1.0,0.6445116760340429,0.6048208920829848,1.6020275040755843,-0.0001928649233200272,-0.2101252282189712
2026-07-21,2026-07-22,2026-07-23,S,1,18.799999237060547,18.309999465942383,-0.026063818670387207,32,0.9756578947368422,0.024976890144083084,1.0,0.7493067043224925,0.5202330695936738,1.2286309527567467,-0.0006509931356655629,-0.7092532890168407
2026-07-21,2026-07-22,2026-07-23,DINO,1,92.8842359264684,92.297880397124,-0.006312756125900543,32,0.9723684210526315,0.03333333333333333,1.0,1.0,0.37962771792823313,-0.05116245337063739,-0.00021042520419668474,-0.2292570535570302
2026-07-21,2026-07-22,2026-07-23,LBRT,1,24.90999984741211,26.0,0.04375753349115863,25,0.960212201591512,0.025420491400029,1.0,0.76261474200087,0.5111547225458236,1.1553354778349378,0.001112338003798479,1.2118858778532464
2026-07-21,2026-07-22,2026-07-23,HUM,1,400.6799926757813,394.5,-0.015423761577189499,24,0.9859249329758712,0.029417847255660923,1.0,0.8825354176698277,0.44169799766908163,0.4985396694018162,-0.0004537338621854925,-0.49434044149230516
2026-07-21,2026-07-22,2026-07-23,ZIM,1,24.920000076293945,25.0,0.00321026980181105,20,0.9932975871313673,0.03271593946657102,1.0,0.9814781839971306,0.39717044475636476,0.9416752953912473,0.00010502699250741124,0.11442630619333737
2026-07-21,2026-07-22,2026-07-23,CVLT,1,145.6199951171875,141.13999938964844,-0.030764976498823482,14,0.9893899204244032,0.028799006133392487,1.0,0.8639701840017746,0.4511893281446954,1.0409564194042245,-0.0008860007468832931,-0.9652927340868042
2026-07-21,2026-07-22,2026-07-23,AGX,1,600.2079174775849,604.02001953125,0.006351302511445889,12,0.98342175066313,0.018785337162426124,1.0,0.5635601148727837,0.6916992820629349,1.7461498420221655,0.00011931135909807483,0.129989041698363
2026-07-21,2026-07-22,2026-07-23,CVE,1,29.030000686645508,29.65999984741211,0.02170165848657435,10,0.980106100795756,0.03333333333333333,1.0,1.0,0.38594221982176957,0.023543166234283562,0.000723388616219145,0.7881277500203149
2026-07-21,2026-07-22,2026-07-23,UNM,1,88.02278708612317,86.63096379990287,-0.01581207926145889,9,0.9827586206896551,0.03333333333333333,1.0,1.0,0.20813792214442967,0.20157659912037082,-0.0005270693087152963,-0.5742389900378355
2026-07-21,2026-07-22,2026-07-23,PFE,1,24.747077757649812,24.46206227507719,-0.011517136906579517,9,0.9754641909814323,0.03333333333333333,1.0,1.0,0.20212937949099094,0.26186559620252736,-0.0003839045635526506,-0.4182618209789764
2026-07-21,2026-07-22,2026-07-23,PEN,1,318.3699951171875,315.70001220703125,-0.008386415023731941,9,0.9754641909814323,0.03333333333333333,1.0,1.0,0.08786760187309718,0.13770690759512808,-0.0002795471674577314,-0.30456503623810155
2026-07-21,2026-07-22,2026-07-23,PHYS,1,31.209999084472656,30.65999984741211,-0.017622532944391422,7,0.9768518518518519,0.03333333333333333,1.0,1.0,0.24530736084904078,0.6809147379746971,-0.0005874177648130474,-0.6399882869649961
2026-07-21,2026-07-22,2026-07-23,UTHR,1,535.8300170898438,523.22998046875,-0.023514988371734047,7,0.9651474530831099,0.03333333333333333,1.0,1.0,0.2262673139129224,0.05207309084098956,-0.0007838329457244682,-0.8539815004753613
2026-07-21,2026-07-22,2026-07-23,TEVA,1,30.86000061035156,29.940000534057617,-0.029812056322038427,6,0.9698391420911527,0.032567741907484994,1.0,0.9770322572245498,0.39897774507891115,0.8350605561764786,-0.0009709113560275539,-1.0578023559377618
2026-07-21,2026-07-22,2026-07-23,BIIB,1,203.6999969482422,197.0399932861328,-0.03269515837941617,5,0.9827586206896551,0.030838541164670354,1.0,0.9251562349401107,0.4213495106391883,0.2346089560448213,-0.0010082709875690423,-1.0985054603110014
2026-07-21,2026-07-22,2026-07-23,SU,1,64.33999633789062,65.80999755859375,0.02284739360231236,5,0.9748010610079576,0.03333333333333333,1.0,1.0,0.3422833716316541,-0.15473153501339773,0.0007615797867437453,0.829736811348254
2026-07-21,2026-07-22,2026-07-23,SO,1,94.03353657347348,94.23190125039818,0.002109509906284446,4,0.9946380697050938,0.03333333333333333,1.0,1.0,0.20467845324105152,-0.2354767671416609,7.03169968761482e-05,0.07660996495332668
2026-07-21,2026-07-22,2026-07-23,HAL,1,33.560001373291016,33.5,-0.0017878835171553087,3,0.9798927613941019,0.03333333333333333,1.0,1.0,0.3253007556885183,0.3505742781168084,-5.959611723851029e-05,-0.06492962805334639
2026-07-21,2026-07-22,2026-07-23,TGT,1,138.1595619835272,134.0610121781709,-0.029665335837160245,3,0.9728116710875332,0.03333333333333333,1.0,1.0,0.3410421945164756,0.4749152791266953,-0.0009888445279053414,-1.0773404438836836
2026-07-22,2026-07-23,2026-07-24,NE,1,42.91999816894531,43.22999954223633,0.0072227722860276344,39,0.9697368421052632,0.030982995003456137,1.0,0.9294898501036841,0.4198271917810451,0.621146070354707,0.00022378311764909567,0.2425013707227871
2026-07-22,2026-07-23,2026-07-24,WFRD,1,87.20516064249017,86.11858376636302,-0.012460006588162043,38,0.9703947368421053,0.031932651243334345,1.0,0.9579795373000304,0.40734180466716935,1.2195948826881677,-0.0003978810448694268,-0.4311616523135014
2026-07-22,2026-07-23,2026-07-24,AEO,1,17.440000534057617,16.850000381469727,-0.0338302829426933,36,0.9671052631578947,0.02523987186845294,1.0,0.7571961560535881,0.5153553810835739,1.7694461555050554,-0.000853872006747088,-0.9252938033631087
2026-07-22,2026-07-23,2026-07-24,GMED,1,75.23999786376953,76.54000091552734,0.01727808464470737,35,0.9664473684210526,0.029127738315425387,1.0,0.8738321494627617,0.44656758600370505,0.8986854598959636,0.0005032715281228059,0.5453674821301934
2026-07-22,2026-07-23,2026-07-24,EGO,1,30.90999984741211,32.209999084472656,0.04205756206658107,33,0.9715608465608465,0.020468075851427233,1.0,0.614042275542817,0.63550203153855,1.6404200640390505,0.0008608373705048899,0.9328417823017989
2026-07-22,2026-07-23,2026-07-24,S,1,18.309999465942383,17.639999389648438,-0.03659203144927359,33,0.9756578947368422,0.02477364207500162,1.0,0.7432092622500487,0.5250541582011732,1.2095315515263696,-0.0009065178899215067,-0.9823432312503686
2026-07-22,2026-07-23,2026-07-24,DINO,1,92.297880397124,88.66042489412386,-0.039409957058054834,33,0.9805630026809651,0.03333333333333333,1.0,1.0,0.37970466432590483,-0.045611779458878926,-0.0013136652352684945,-1.423546260192027
2026-07-22,2026-07-23,2026-07-24,LBRT,1,26.0,19.6200008392334,-0.24538458310640776,26,0.960212201591512,0.02523845756027222,1.0,0.7571537268081666,0.515384260476449,1.1631874331100929,-0.006193128386676164,-6.71115023603409
2026-07-22,2026-07-23,2026-07-24,HUM,1,394.5,395.489990234375,0.0025094809489860648,25,0.9946380697050938,0.029506727119893224,1.0,0.8852018135967967,0.440831805317289,0.5011879507431127,7.40465695743025e-05,0.0802401664956925
2026-07-22,2026-07-23,2026-07-24,ZIM,1,25.0,25.6299991607666,0.025199966430664134,21,0.9932975871313673,0.03256706984556064,1.0,0.9770120953668192,0.39940663519780095,0.9494224016292895,0.0008206890668532223,0.8893352891846965
2026-07-22,2026-07-23,2026-07-24,CVLT,1,141.13999938964844,142.74000549316406,0.01133630516107953,15,0.9893899204244032,0.02883809018595729,1.0,0.8651427055787188,0.4510528853121191,1.0372200708240285,0.00032691739061074457,0.3542622704029646
2026-07-22,2026-07-23,2026-07-24,AGX,1,604.02001953125,595.280029296875,-0.014469702910108295,13,0.98342175066313,0.01883999700498493,1.0,0.5651999101495478,0.6904196312677464,1.7409087005235302,-0.000272609159489462,-0.29541144811219666
2026-07-22,2026-07-23,2026-07-24,CVE,1,29.65999984741211,29.649999618530277,-0.0003371621353094323,11,0.980106100795756,0.03333333333333333,1.0,1.0,0.386323438171757,0.03084277352775846,-1.1238737843647742e-05,-0.012178797761465772
2026-07-22,2026-07-23,2026-07-24,UNM,1,86.63096379990287,85.25,-0.01594076458727356,10,0.9827586206896551,0.03333333333333333,1.0,1.0,0.20817426615829587,0.19818177743099086,-0.0005313588195757853,-0.5758041243076353
2026-07-22,2026-07-23,2026-07-24,PFE,1,24.46206227507719,24.6200008392334,0.006456469711350499,10,0.9754641909814323,0.03333333333333333,1.0,1.0,0.20298680663625343,0.26402290592976285,0.0002152156570450166,0.23321728816138285
2026-07-22,2026-07-23,2026-07-24,PEN,1,315.70001220703125,318.489990234375,0.008837434017944013,10,0.9754641909814323,0.03333333333333333,1.0,1.0,0.08687800724505648,0.1355656450935865,0.0002945811339314671,0.3192212599319928
2026-07-22,2026-07-23,2026-07-24,PHYS,1,30.65999984741211,30.549999237060547,-0.0035877563894002318,8,0.9768518518518519,0.03333333333333333,1.0,1.0,0.2492979155965367,0.6877314376558766,-0.00011959187964667439,-0.1295950965662593
2026-07-22,2026-07-23,2026-07-24,UTHR,1,523.22998046875,533.9400024414062,0.020469052562816392,8,0.9711796246648794,0.03333333333333333,1.0,1.0,0.2226623490164431,0.05449346163786134,0.0006823017520938798,0.7393726205422438
2026-07-22,2026-07-23,2026-07-24,TEVA,1,29.940000534057617,31.229999542236328,0.04308613844917275,7,0.9698391420911527,0.03260214858891518,1.0,0.9780644576674554,0.39897688797387204,0.8344501849983993,0.0014047006878425013,1.5221963382921215
2026-07-22,2026-07-23,2026-07-24,BIIB,1,197.0399932861328,202.2400054931641,0.026390643444044626,6,0.9827586206896551,0.03116066997302785,1.0,0.9348200991908355,0.41743337985114626,0.23756546333408265,0.0008223501307357256,0.8911352921187732
2026-07-22,2026-07-23,2026-07-24,SU,1,65.80999755859375,66.06999969482422,0.0039507999677248495,6,0.9748010610079576,0.03333333333333333,1.0,1.0,0.34498387890984206,-0.1448403024607802,0.00013169333225749498,0.14270877054081932
2026-07-22,2026-07-23,2026-07-24,SO,1,94.23190125039818,96.21551989141979,0.0210503939186224,5,0.9839142091152815,0.03333333333333333,1.0,1.0,0.20397099334936666,-0.23704317960537777,0.0007016797972874134,0.7603715348961346
2026-07-22,2026-07-23,2026-07-24,HAL,1,33.5,32.9900016784668,-0.01522383049352849,4,0.9798927613941019,0.03333333333333333,1.0,1.0,0.34201691295932346,0.32065589740958633,-0.0005074610164509496,-0.549907398603227
2026-07-22,2026-07-23,2026-07-24,TGT,1,134.0610121781709,133.4854302976622,-0.004293432304865341,4,0.9728116710875332,0.03333333333333333,1.0,1.0,0.33987234733687965,0.4684689399734917,-0.00014311441016217802,-0.15508516012781356
2026-07-22,2026-07-23,2026-07-24,NYT,1,72.2699966430664,70.76000213623047,-0.02089379517054135,0,0.9731903485254692,0.03333333333333333,1.0,1.0,0.3115679209122638,0.18833400653246454,-0.000696459839018045,-0.7547149552187413
2026-07-23,2026-07-24,2026-07-27,WFRD,1,86.11858376636302,87.4643365559343,0.01562674083473392,39,0.9703947368421053,0.030889932295635383,1.0,0.9266979688690615,0.4184949805934895,1.2144719347192903,0.0004827089663863716,0.5205123550017317
2026-07-23,2026-07-24,2026-07-27,AEO,1,16.850000381469727,17.510000228881836,0.03916912952345819,37,0.971736204576043,0.025082128295457164,1.0,0.752463848863715,0.5153981139207195,1.7667288574301412,0.0009824451319287572,1.0593853955281782
2026-07-23,2026-07-24,2026-07-27,GMED,1,76.54000091552734,75.72000122070312,-0.010713348380139265,36,0.9664473684210526,0.029169997173358553,1.0,0.8750999152007566,0.4431704788920185,0.9054309253680335,-0.0003125083419658678,-0.3369824560170691
2026-07-23,2026-07-24,2026-07-27,EGO,1,32.209999084472656,32.189998626708984,-0.0006209394080148867,34,0.9715608465608465,0.02032244579090509,1.0,0.6096733737271527,0.6361085545314377,1.631693012824745,-1.2619007458819231e-05,-0.013607265966791581
2026-07-23,2026-07-24,2026-07-27,S,1,17.639999389648438,18.559999465942383,0.05215420114094926,34,0.9756578947368422,0.024394843837310484,1.0,0.7318453151193145,0.5299186050465556,1.2062584458908951,0.0012722935922931376,1.3719333596302787
2026-07-23,2026-07-24,2026-07-27,DINO,1,88.66042489412386,85.7087166462491,-0.03329228628669012,34,0.9791386271870794,0.03333333333333333,1.0,1.0,0.37865674446070435,-0.044607142846836256,-0.001109742876223004,-1.1966524721375873
2026-07-23,2026-07-24,2026-07-27,LBRT,1,19.6200008392334,17.079999923706055,-0.1294597760897236,27,0.960212201591512,0.02598091113324901,1.0,0.7794273339974703,0.4975684474765196,1.1631212425961637,-0.003363482937917424,-3.626894354438431
2026-07-23,2026-07-24,2026-07-27,HUM,1,395.489990234375,390.5799865722656,-0.01241498845318334,26,0.993943472409152,0.02926098047164037,1.0,0.8778294141492111,0.44179249663644066,0.5027185270967561,-0.00036327473468423843,-0.3917246225581211
2026-07-23,2026-07-24,2026-07-27,ZIM,1,25.6299991607666,24.8700008392334,-0.029652686165381525,22,0.9851951547779274,0.032413348949172534,1.0,0.9724004684751759,0.39882585526313385,0.9495580391734716,-0.0009611428639588122,-1.0364148388573107
2026-07-23,2026-07-24,2026-07-27,CVLT,1,142.74000549316406,145.8000030517578,0.021437560885762208,16,0.9893899204244032,0.028233237616509328,1.0,0.8469971284952799,0.45787457294791206,1.0436118498639755,0.0006052517504061106,0.652652086268973
2026-07-23,2026-07-24,2026-07-27,AGX,1,595.280029296875,568.6500244140625,-0.04473525663924416,14,0.98342175066313,0.018722652255140766,1.0,0.561679567654223,0.6904620905431083,1.7405638681143125,-0.0008375626536010456,-0.9031564351311964
2026-07-23,2026-07-24,2026-07-27,CVE,1,29.649999618530277,28.63999938964844,-0.03406408910206593,12,0.980106100795756,0.03333333333333333,1.0,1.0,0.3830768085727094,0.030698596910631287,-0.0011354696367355311,-1.2243940258136845
2026-07-23,2026-07-24,2026-07-27,UNM,1,85.25,86.58999633789062,0.015718432116019088,11,0.9827586206896551,0.03333333333333333,1.0,1.0,0.2083478948860197,0.20024316640934978,0.0005239477372006362,0.5649807432204171
2026-07-23,2026-07-24,2026-07-27,PFE,1,24.6200008392334,24.56999969482422,-0.002030915625701346,11,0.9754641909814323,0.03333333333333333,1.0,1.0,0.20271861278985692,0.26523885684867665,-6.76971875233782e-05,-0.07299889780083914
2026-07-23,2026-07-24,2026-07-27,PEN,1,318.489990234375,318.8999938964844,0.0012873361006029427,11,0.9754641909814323,0.03333333333333333,1.0,1.0,0.08561086384342756,0.13663841584741596,4.291120335343142e-05,0.04627179743658353
2026-07-23,2026-07-24,2026-07-27,PHYS,1,30.549999237060547,30.809999465942383,0.008510646002453104,9,0.9768518518518519,0.03333333333333333,1.0,1.0,0.2448871775408844,0.6852521098449906,0.00028368820008177015,0.3059052625771437
2026-07-23,2026-07-24,2026-07-27,UTHR,1,533.9400024414062,529.7100219726562,-0.00792220183805048,9,0.9711796246648794,0.03333333333333333,1.0,1.0,0.22476011794292922,0.05673149366231148,-0.0002640733946016827,-0.28475432214657154
2026-07-23,2026-07-24,2026-07-27,TEVA,1,31.229999542236328,31.270000457763672,0.0012808490590352495,8,0.9698391420911527,0.03201886426668068,1.0,0.9605659280004204,0.4037395426935384,0.838408084412682,4.101133216735532e-05,0.04422313769722236
2026-07-23,2026-07-24,2026-07-27,BIIB,1,202.2400054931641,202.75,0.0025217290990093844,7,0.9827586206896551,0.030738539097989372,1.0,0.9221561729396812,0.42055614859854273,0.24249112638050493,7.751426850443748e-05,0.08358480420930593
2026-07-23,2026-07-24,2026-07-27,SU,1,66.06999969482422,64.4000015258789,-0.025276194591478673,7,0.9748010610079576,0.03333333333333333,1.0,1.0,0.3452526847700803,-0.14607088485662326,-0.0008425398197159558,-0.9085233883806894
2026-07-23,2026-07-24,2026-07-27,SO,1,96.21551989141979,96.05683009596974,-0.001649315990072342,6,0.9798115746971736,0.03333333333333333,1.0,1.0,0.20505842036852617,-0.2400208785916465,-5.4977199669078064e-05,-0.059282743151381774
2026-07-23,2026-07-24,2026-07-27,HAL,1,32.9900016784668,32.599998474121094,-0.01182186070030622,5,0.9798927613941019,0.03333333333333333,1.0,1.0,0.3315373578733987,0.32172698513284903,-0.0003940620233435406,-0.42492302001930393
2026-07-23,2026-07-24,2026-07-27,TGT,1,133.4854302976622,137.1274606727822,0.027284104092847983,5,0.9728116710875332,0.03333333333333333,1.0,1.0,0.33891224017144767,0.4703700201226031,0.000909470136428266,0.9806953578258377
2026-07-23,2026-07-24,2026-07-27,NYT,1,70.76000213623047,72.41000366210938,0.02331827976350609,1,0.9731903485254692,0.03333333333333333,1.0,1.0,0.3126449929633984,0.19139385003483936,0.0007772759921168696,0.8381484192676514
2026-07-24,2026-07-27,2026-07-28,AEO,1,17.510000228881836,17.940000534057617,0.024557412881498264,38,0.9730458221024259,0.02520790411987776,1.0,0.7562371235963328,0.5183140730723512,1.7852158423003326,0.0006190409093490592,0.6650152914060508
2026-07-24,2026-07-27,2026-07-28,GMED,1,75.72000122070312,79.0999984741211,0.04463810352519948,37,0.9664473684210526,0.029555626231946693,1.0,0.8866687869584008,0.44206850348745164,0.8989293254151449,0.001319307103493738,1.4172882351289702
2026-07-24,2026-07-27,2026-07-28,EGO,1,32.189998626708984,32.0,-0.005902411768086813,35,0.9715608465608465,0.02054187918149827,1.0,0.6162563754449482,0.6360475272271644,1.619685268983938,-0.0001212466294194929,-0.1302512667219221
2026-07-24,2026-07-27,2026-07-28,S,1,18.559999465942383,18.049999237060547,-0.02747846139854082,35,0.9756578947368422,0.024234618622725492,1.0,0.7270385586817648,0.5391300627169411,1.230045908026303,-0.000665930032332921,-0.715386734252495
2026-07-24,2026-07-27,2026-07-28,DINO,1,85.7087166462491,91.04563711678865,0.0622681178691189,35,0.9791386271870794,0.03333333333333333,1.0,1.0,0.38197771269517833,-0.025466679505626224,0.00207560392897063,2.2297530434933366
2026-07-24,2026-07-27,2026-07-28,LBRT,1,17.079999923706055,16.559999465942383,-0.030444991808339594,28,0.960212201591512,0.019918788565268127,1.0,0.5975636569580438,0.6559440808952263,1.3321310718480133,-0.0006064273547016365,-0.6514649644521465
2026-07-24,2026-07-27,2026-07-28,HUM,1,390.5799865722656,378.6799926757813,-0.030467495277776036,27,0.993943472409152,0.029506578530664653,1.0,0.8851973559199396,0.44280333771713765,0.5071323100427715,-0.000898991542046353,-0.9657570497791189
2026-07-24,2026-07-27,2026-07-28,ZIM,1,24.8700008392334,24.399999618530277,-0.01889831945488618,23,0.9966307277628033,0.03255021906590362,1.0,0.9765065719771087,0.4013985722043076,0.9232533594056298,-0.0006151444382339735,-0.6608294406247531
2026-07-24,2026-07-27,2026-07-28,CVLT,1,145.8000030517578,126.95999908447266,-0.12921813150166472,17,0.9893899204244032,0.028590502263884546,1.0,0.8577150679165364,0.4569913231113674,1.0268878943023536,-0.003694411281233276,-3.9687845466410163
2026-07-24,2026-07-27,2026-07-28,AGX,1,568.6500244140625,520.8200073242188,-0.08411151857265431,15,0.98342175066313,0.019202137520080324,1.0,0.5760641256024097,0.6804248456364815,1.7361029316740257,-0.0016151209466548984,-1.7350713188327933
2026-07-24,2026-07-27,2026-07-28,CVE,1,28.63999938964844,28.07999992370605,-0.019553054395133662,13,0.980106100795756,0.03333333333333333,1.0,1.0,0.38527552711435653,0.013027532961461558,-0.0006517684798377887,-0.7001734441175741
2026-07-24,2026-07-27,2026-07-28,UNM,1,86.58999633789062,86.6500015258789,0.000692980604296789,12,0.9827586206896551,0.03333333333333333,1.0,1.0,0.20715110100311143,0.21125221819025403,2.309935347655963e-05,0.024814875804668048
2026-07-24,2026-07-27,2026-07-28,PFE,1,24.56999969482422,24.96999931335449,0.01628000095639126,12,0.9754641909814323,0.03333333333333333,1.0,1.0,0.20045319980253395,0.2577546894541772,0.0005426666985463754,0.5829689883495028
2026-07-24,2026-07-27,2026-07-28,PEN,1,318.8999938964844,319.9800109863281,0.0033866952352288315,12,0.9754641909814323,0.03333333333333333,1.0,1.0,0.07950664965805922,0.13322208013044207,0.00011288984117429439,0.12127384392777574
2026-07-24,2026-07-27,2026-07-28,UTHR,1,529.7100219726562,530.8400268554688,0.0021332518471226525,10,0.9711796246648794,0.03333333333333333,1.0,1.0,0.22500869253103922,0.055037623349858095,7.110839490408842e-05,0.07638941020599734
2026-07-24,2026-07-27,2026-07-28,TEVA,1,31.270000457763672,31.18000030517578,-0.00287816281644937,9,0.9698391420911527,0.03190287480770947,1.0,0.9570862442312842,0.40954338869905793,0.803849300768416,-9.182166800938874e-05,-0.09864099833541333
2026-07-24,2026-07-27,2026-07-28,BIIB,1,202.75,201.00999450683597,-0.00858202462719626,8,0.9827586206896551,0.03116055804101919,1.0,0.9348167412305757,0.41929966211746955,0.2312475498223248,-0.00026742067650520514,-0.2872812384905471
2026-07-24,2026-07-27,2026-07-28,SU,1,64.4000015258789,64.01000213623047,-0.006055891000122382,8,0.9748010610079576,0.03333333333333333,1.0,1.0,0.3479668618678792,-0.16363753834232786,-0.00020186303333741273,-0.21685481833526724
2026-07-24,2026-07-27,2026-07-28,SO,1,96.05683009596974,96.49322926374123,0.004543135218344041,7,0.9798115746971736,0.03333333333333333,1.0,1.0,0.20560317592429417,-0.24373073148950114,0.00015143784061146803,0.16268469205054087
2026-07-24,2026-07-27,2026-07-28,HAL,1,32.599998474121094,32.16999816894531,-0.013190194027681623,6,0.9798927613941019,0.03333333333333333,1.0,1.0,0.32720081540186197,0.3281464740863664,-0.0004396731342560541,-0.47232638923356135
2026-07-24,2026-07-27,2026-07-28,TGT,1,137.1274606727822,140.8290731602222,0.026993954888969274,6,0.9728116710875332,0.03333333333333333,1.0,1.0,0.3419906662166673,0.48846919056702137,0.0008997984962989758,0.9666239341955682
2026-07-24,2026-07-27,2026-07-28,NYT,1,72.41000366210938,73.20999908447266,0.011048133985689823,2,0.9731903485254692,0.03333333333333333,1.0,1.0,0.32035575679524947,0.22198145609152636,0.00036827113285632743,0.3956215672247142
2026-07-27,2026-07-28,2026-07-29,AEO,1,17.940000534057617,17.729999542236328,-0.011705740555727373,39,0.9724091520861373,0.025162790208521767,1.0,0.754883706255653,0.5154961282915504,1.763135363816722,-0.0002945490938391529,-0.3152367813455694
2026-07-27,2026-07-28,2026-07-29,GMED,1,79.0999984741211,79.95999908447266,0.01087232145311523,38,0.9664473684210526,0.029255012425373823,1.0,0.8776503727612147,0.44338798223360376,0.8940100495224018,0.00031806989920354445,0.3404095730221086
2026-07-27,2026-07-28,2026-07-29,EGO,1,32.0,32.279998779296875,0.008749961853027344,36,0.9715608465608465,0.020391846488018214,1.0,0.6117553946405464,0.6361033041871496,1.6277780520419014,0.000178427878882949,0.19095978028061175
2026-07-27,2026-07-28,2026-07-29,S,1,18.049999237060547,18.26000022888184,0.011634404470783233,36,0.9756578947368422,0.024262068134534635,1.0,0.727862044036039,0.5346337689589671,1.2295772533352478,0.00028227471397487716,0.30210030908217106
2026-07-27,2026-07-28,2026-07-29,DINO,1,91.04563711678865,90.2306907699133,-0.008950965391455123,36,0.9791386271870794,0.03333333333333333,1.0,1.0,0.3831078437112186,-0.034099775930803426,-0.0002983655130485041,-0.31932124717141996
2026-07-27,2026-07-28,2026-07-29,LBRT,1,16.559999465942383,18.270000457763672,0.10326093278795745,29,0.960212201591512,0.019730965738447747,1.0,0.5919289721534324,0.657409328131851,1.2494312601369009,0.002037437926959344,2.180537600420479
2026-07-27,2026-07-28,2026-07-29,HUM,1,378.6799926757813,388.2000122070313,0.025140011924001726,28,0.993943472409152,0.029268697591604984,1.0,0.8780609277481495,0.44318066729508376,0.49735902895619255,0.0007358154064529499,0.7874954812163714
2026-07-27,2026-07-28,2026-07-29,ZIM,1,24.399999618530277,24.1200008392334,-0.011475359986654943,24,0.9973082099596231,0.0320885791775378,1.0,0.962657375326134,0.40423481693404206,0.9006628713487398,-0.0003682279975225263,-0.39409053080880907
2026-07-27,2026-07-28,2026-07-29,CVLT,1,126.95999908447266,121.08000183105467,-0.046313778322459975,18,0.9893899204244032,0.029585050684054166,1.0,0.887551520521625,0.4384417342403549,1.0301555286754633,-0.0013701954790400275,-1.4664313069070247
2026-07-27,2026-07-28,2026-07-29,AGX,1,520.8200073242188,522.3400268554688,0.0029185121728700913,16,0.98342175066313,0.01882504726782434,1.0,0.5647514180347302,0.6890458624067315,1.718111813417329,5.494112960600019e-05,0.058799925794180405
2026-07-27,2026-07-28,2026-07-29,CVE,1,28.07999992370605,29.200000762939453,0.03988606988164056,14,0.980106100795756,0.03333333333333333,1.0,1.0,0.385071562180265,0.0033341638808485194,0.0013295356627213521,1.422915743985617
2026-07-27,2026-07-28,2026-07-29,UNM,1,86.6500015258789,83.5,-0.03635316180505921,13,0.9827586206896551,0.03333333333333333,1.0,1.0,0.2070332639624365,0.2107570209230769,-0.0012117720601686403,-1.296881002053435
2026-07-27,2026-07-28,2026-07-29,PFE,1,24.96999931335449,25.350000381469727,0.01521830510872313,13,0.9754641909814323,0.03333333333333333,1.0,1.0,0.20030730930155183,0.2545343320128704,0.0005072768369574377,0.5429054805408725
2026-07-27,2026-07-28,2026-07-29,PEN,1,319.9800109863281,318.5,-0.004625323256181035,13,0.9754641909814323,0.03333333333333333,1.0,1.0,0.07954448894049111,0.1312849680095996,-0.0001541774418727012,-0.1650061112005481
2026-07-27,2026-07-28,2026-07-29,UTHR,1,530.8400268554688,526.0800170898438,-0.008966938295557392,11,0.9711796246648794,0.03333333333333333,1.0,1.0,0.2249989166681665,0.04380658955424565,-0.0002988979431852464,-0.31989107259648025
2026-07-27,2026-07-28,2026-07-29,TEVA,1,31.18000030517578,33.66999816894531,0.07985881460546995,10,0.9698391420911527,0.03161694705660349,1.0,0.9485084116981048,0.41026481482488125,0.7993118731954904,0.002524891913384257,2.702227970374796
2026-07-27,2026-07-28,2026-07-29,BIIB,1,201.00999450683597,210.5,0.047211610131362436,9,0.9827586206896551,0.03098010062703748,1.0,0.9294030188111244,0.4186984763433904,0.22128744247359275,0.0014626204326340705,1.565347737126668
2026-07-27,2026-07-28,2026-07-29,SU,1,64.01000213623047,65.44000244140625,0.022340263356535495,9,0.9748010610079576,0.03333333333333333,1.0,1.0,0.3468250048595078,-0.17063159750764612,0.0007446754452178498,0.796977805763495
2026-07-27,2026-07-28,2026-07-29,SO,1,96.49322926374123,96.49322460631817,-4.8266837970878385e-08,8,0.9798115746971736,0.03333333333333333,1.0,1.0,0.20136493731969057,-0.24077865397932424,-1.6088945990292794e-09,-1.7218954854406117e-06
2026-07-27,2026-07-28,2026-07-29,HAL,1,32.16999816894531,32.0,-0.005284369866996652,7,0.9798927613941019,0.03333333333333333,1.0,1.0,0.3286600021221695,0.31750559318999305,-0.00017614566223322174,-0.18851727189731943
2026-07-27,2026-07-28,2026-07-29,TGT,1,140.8290731602222,142.8138334000871,0.01409339843916202,7,0.9728116710875332,0.03333333333333333,1.0,1.0,0.34344720167163884,0.4871692836821287,0.0004697799479720673,0.5027749934965797
2026-07-27,2026-07-28,2026-07-29,ETSY,1,84.37999725341797,86.23999786376953,0.022043146135279246,0,0.9825033647375505,0.026849986325417886,1.0,0.8054995897625365,0.4831034463963968,1.1594182785734088,0.0005918581723014358,0.6334273951331897
2026-07-28,2026-07-29,2026-07-30,GMED,1,79.95999908447266,81.30999755859375,0.016883422831144745,39,0.9664473684210526,0.02931851410030131,1.0,0.8795554230090393,0.44614030143408684,0.8930461433875163,0.0004949968703362663,0.533470631795295
2026-07-28,2026-07-29,2026-07-30,EGO,1,32.279998779296875,32.689998626708984,0.012701358826415765,37,0.9715608465608465,0.020537597064358554,1.0,0.6161279119307567,0.6368890516898688,1.6267132723276017,0.000260855389746761,0.2811304432710409
2026-07-28,2026-07-29,2026-07-30,S,1,18.26000022888184,18.420000076293945,0.008762313549100398,37,0.9756578947368422,0.024521100620572996,1.0,0.7356330186171899,0.533425106837733,1.2295490302866665,0.00021486157220650093,0.23156174420995035
2026-07-28,2026-07-29,2026-07-30,DINO,1,90.2306907699133,88.56104169868765,-0.018504225746018288,37,0.9791386271870794,0.03333333333333333,1.0,1.0,0.3853730548265623,-0.03578824432099563,-0.0006168075248672763,-0.6647490513697699
2026-07-28,2026-07-29,2026-07-30,LBRT,1,18.270000457763672,17.6299991607666,-0.0350301741084581,30,0.960212201591512,0.019906914516735996,1.0,0.5972074355020799,0.6570667045016587,1.2497948493257292,-0.000697342681483454,-0.751543824137887
2026-07-28,2026-07-29,2026-07-30,HUM,1,388.2000122070313,363.7699890136719,-0.06293153638627558,29,0.993943472409152,0.029251746822288305,1.0,0.8775524046686491,0.4471586192022401,0.49725320642364734,-0.0018408573695089575,-1.9839384909440674
2026-07-28,2026-07-29,2026-07-30,ZIM,1,24.1200008392334,24.780000686645508,0.027363176801327382,25,0.9979811574697173,0.03229934054525509,1.0,0.9689802163576525,0.4049671138016311,0.9009776508281526,0.0008838125659060969,0.9525071291910397
2026-07-28,2026-07-29,2026-07-30,CVLT,1,121.08000183105467,121.91999816894533,0.006937531592233759,19,0.9872139973082099,0.02963176019555231,1.0,0.8889528058665693,0.44142402044247336,1.0285382910159506,0.00020557127249013895,0.22154935351364463
2026-07-28,2026-07-29,2026-07-30,AGX,1,522.3400268554688,522.0,-0.0006509684075250988,17,0.98342175066313,0.01882373565062018,1.0,0.5647120695186054,0.6948764560384699,1.7203113474316871,-1.2253657220157648e-05,-0.013206075938621026
2026-07-28,2026-07-29,2026-07-30,CVE,1,29.200000762939453,28.8700008392334,-0.011301366954924563,15,0.980106100795756,0.03312505063535392,1.0,0.9937515190606176,0.3948724746807681,0.004211101590164079,-0.0003743583526305917,-0.4034554536880589
2026-07-28,2026-07-29,2026-07-30,UNM,1,83.5,82.73999786376953,-0.00910182199078402,14,0.9827586206896551,0.03333333333333333,1.0,1.0,0.20703317476264893,0.21049384028467083,-0.00030339406635946736,-0.32697544967057646
2026-07-28,2026-07-29,2026-07-30,PFE,1,25.350000381469727,24.84000015258789,-0.02011835192139222,14,0.9754641909814323,0.03333333333333333,1.0,1.0,0.1988845437014834,0.2543717932419392,-0.0006706117307130739,-0.72273520321413
2026-07-28,2026-07-29,2026-07-30,PEN,1,318.5,319.29998779296875,0.002511735613716537,14,0.9754641909814323,0.03333333333333333,1.0,1.0,0.07779523122673607,0.1309242965266996,8.37245204572179e-05,0.09023203074946341
2026-07-28,2026-07-29,2026-07-30,UTHR,1,526.0800170898438,522.2999877929688,-0.007185274433697875,12,0.9711796246648794,0.03333333333333333,1.0,1.0,0.22429472261081912,0.0439111384334135,-0.00023950914778992914,-0.2581250590644087
2026-07-28,2026-07-29,2026-07-30,TEVA,1,33.66999816894531,34.349998474121094,0.02019603035805817,11,0.9698391420911527,0.03198850663472437,1.0,0.959655199041731,0.40890219939523786,0.7987425961674739,0.0006460408511038386,0.6962545455485566
2026-07-28,2026-07-29,2026-07-30,BIIB,1,210.5,204.3800048828125,-0.029073611008016642,10,0.9827586206896551,0.031338678635837273,1.0,0.9401603590751182,0.41738105394622965,0.22186355607539962,-0.0009111285521635745,-0.9819462576384352
2026-07-28,2026-07-29,2026-07-30,SU,1,65.44000244140625,65.05999755859375,-0.005806920364233581,10,0.9748010610079576,0.03333333333333333,1.0,1.0,0.3508794850734002,-0.16981125645175488,-0.00019356401214111937,-0.20860882570753828
2026-07-28,2026-07-29,2026-07-30,SO,1,96.49322460631817,96.40396095899787,-0.0009250768402080389,9,0.9798115746971736,0.03333333333333333,1.0,1.0,0.20183740445438458,-0.24057585497684209,-3.0835894673601295e-05,-0.0332326226675418
2026-07-28,2026-07-29,2026-07-30,HAL,1,32.0,31.209999084472656,-0.024687528610229492,8,0.9798927613941019,0.03333333333333333,1.0,1.0,0.33304862658216977,0.3190363928753869,-0.0008229176203409831,-0.8868791080245768
2026-07-28,2026-07-29,2026-07-30,TGT,1,142.8138334000871,143.00239047652408,0.0013202998053329917,8,0.9728116710875332,0.03333333333333333,1.0,1.0,0.3466406573439229,0.4860918745537789,4.400999351109972e-05,0.047430681789409825
2026-07-28,2026-07-29,2026-07-30,ETSY,1,86.23999786376953,84.94999694824219,-0.014958267016252913,1,0.9825033647375505,0.026841725216482027,1.0,0.8052517564944608,0.48730737733192125,1.1586534485597977,-0.0004015056929650272,-0.4327128281638509
2026-07-28,2026-07-29,2026-07-30,NE,1,40.09999847412109,41.2599983215332,0.02892767809357233,0,0.9831763122476447,0.03143827773663174,1.0,0.9431483320989523,0.41605875575897067,0.6016951805797787,0.0009094363781816048,0.9801225589902889
2026-07-29,2026-07-30,2026-07-31,EGO,1,32.689998626708984,31.25,-0.04405012808818076,38,0.9715608465608465,0.010323098537324596,0.5,0.6193859122394757,0.6370403951429043,1.6244921840569126,-0.00045473381283605993,-0.4883930116549013
2026-07-29,2026-07-30,2026-07-31,S,1,18.420000076293945,18.309999465942383,-0.005971802925947345,38,0.9756578947368422,0.012371565130967285,0.5,0.7422939078580371,0.5315601301613345,1.2304709084245993,-7.388054884765858e-05,-0.07934915490314227
2026-07-29,2026-07-30,2026-07-31,DINO,1,88.56104169868765,92.46682950732979,0.0441027762741415,38,0.9791386271870794,0.016666666666666666,0.5,1.0,0.38619692417116824,-0.03370226959399553,0.0007350462712356916,0.7894540761672545
2026-07-29,2026-07-30,2026-07-31,LBRT,1,17.6299991607666,18.57999992370605,0.053885468415311166,31,0.960212201591512,0.009855401178012972,0.5,0.5913240706807783,0.6672717480022752,1.2530374339039394,0.0005310629088980384,0.5703719541709829
2026-07-29,2026-07-30,2026-07-31,HUM,1,363.7699890136719,371.6900024414063,0.02177203636069258,30,0.993943472409152,0.014822717906348128,0.5,0.8893630743808877,0.44365890337156005,0.49149504490493773,0.00032272075322130046,0.34660840285064115
2026-07-29,2026-07-30,2026-07-31,ZIM,1,24.780000686645508,24.71999931335449,-0.002421362858288978,26,0.988544474393531,0.016161940928747735,0.5,0.9697164557248641,0.40689610241175034,0.89622995423341,-3.9133923482730234e-05,-0.04203059945861906
2026-07-29,2026-07-30,2026-07-31,CVLT,1,121.91999816894533,115.97000122070312,-0.048802469140437954,20,0.9872139973082099,0.01117870404673411,0.5,0.6707222428040467,0.5882820355403953,1.0101940358706816,-0.0005455483592708303,-0.5859296112728882
2026-07-29,2026-07-30,2026-07-31,AGX,1,522.0,594.7899780273438,0.13944440235123334,18,0.98342175066313,0.009425871913598095,0.5,0.5655523148158857,0.6976787751411405,1.7065517201124654,0.0013143850756309626,1.4116752865991322
2026-07-29,2026-07-30,2026-07-31,CVE,1,28.8700008392334,30.399999618530277,0.0529961459930981,16,0.980106100795756,0.016666666666666666,0.5,1.0,0.3944144809726865,0.0018594580693278464,0.0008832690998849682,0.9486482940516564
2026-07-29,2026-07-30,2026-07-31,UNM,1,82.73999786376953,86.83999633789062,0.04955279888780861,15,0.9827586206896551,0.016666666666666666,0.5,1.0,0.2089604657516448,0.20918282113927844,0.0008258799814634769,0.8870112580738706
2026-07-29,2026-07-30,2026-07-31,PFE,1,24.84000015258789,24.81999969482422,-0.0008051714026091616,15,0.9754641909814323,0.016666666666666666,0.5,1.0,0.20437958097256953,0.2582304979649616,-1.3419523376819361e-05,-0.01441283065383352
2026-07-29,2026-07-30,2026-07-31,PEN,1,319.29998779296875,323.04998779296875,0.011744441413607198,15,0.9754641909814323,0.016666666666666666,0.5,1.0,0.07714916873997095,0.1285314630586167,0.00019574069022678663,0.21022933088491144
2026-07-29,2026-07-30,2026-07-31,UTHR,1,522.2999877929688,525.8400268554688,0.006777788905297122,13,0.9711796246648794,0.016666666666666666,0.5,1.0,0.22474045288820896,0.04473507481115737,0.0001129631484216187,0.12132463147961231
2026-07-29,2026-07-30,2026-07-31,TEVA,1,34.349998474121094,35.599998474121094,0.036390103508788796,12,0.9698391420911527,0.016091992017414056,0.5,0.9655195210448433,0.40866480446919723,0.7987382255704938,0.0005855892551763005,0.6289343168580505
2026-07-29,2026-07-30,2026-07-31,BIIB,1,204.3800048828125,207.50999450683597,0.015314558906181386,11,0.9827586206896551,0.015728368226991456,0.5,0.9437020936194874,0.4181127168698229,0.22693658510349157,0.00024087302171037233,0.258702337892689
2026-07-29,2026-07-30,2026-07-31,SU,1,65.05999755859375,67.19999694824219,0.0328927062704103,11,0.9748010610079576,0.016666666666666666,0.5,1.0,0.3505989452237448,-0.16750109554821158,0.000548211771173505,0.5887901677648546
2026-07-29,2026-07-30,2026-07-31,SO,1,96.40396095899787,93.12106885917798,-0.03405349808413116,10,0.9798115746971736,0.016666666666666666,0.5,1.0,0.2018430993011188,-0.24118253665616687,-0.000567558301402186,-0.6095687197368949
2026-07-29,2026-07-30,2026-07-31,HAL,1,31.209999084472656,32.0,0.025312429948784576,9,0.9798927613941019,0.016666666666666666,0.5,1.0,0.3366461480982055,0.3161229771797967,0.00042187383247974293,0.4531007498610145
2026-07-29,2026-07-30,2026-07-31,TGT,1,143.00239047652408,143.92529969213624,0.006453802712925061,9,0.9728116710875332,0.016666666666666666,0.5,1.0,0.35048624124479744,0.48901783156767253,0.00010756337854875101,0.1155251729920069
2026-07-29,2026-07-30,2026-07-31,ETSY,1,84.94999694824219,83.04000091552734,-0.02248376811453634,2,0.9825033647375505,0.013532748396446996,0.5,0.8119649037868197,0.48594938579091423,1.1681772758176363,-0.0003042671768980777,-0.3267889008433173
2026-07-29,2026-07-30,2026-07-31,NE,1,41.2599983215332,41.869998931884766,0.014784310110677046,1,0.9811320754716981,0.015733800795893798,0.5,0.9440280477536279,0.4179683508534479,0.5954151056753612,0.00023261339018611124,0.24983133203953958
2026-07-30,2026-07-31,2026-08-03,EGO,1,31.25,30.479999542236328,-0.024640014648437458,39,0.9715608465608465,0.02116976361316144,1.0,0.6350929083948432,0.632807101578293,1.6086467819345722,-0.0005216232855322562,-0.5630493019740308
2026-07-30,2026-07-31,2026-08-03,S,1,18.309999465942383,19.280000686645508,0.05297658377911918,39,0.9756578947368422,0.025197772716332768,1.0,0.755933181489983,0.5316492415402652,1.2017627060196112,0.0013348919173540063,1.4409056940585347
2026-07-30,2026-07-31,2026-08-03,DINO,1,92.46682950732979,90.27044464480024,-0.02375321911902961,39,0.9791386271870794,0.03333333333333333,1.0,1.0,0.3857916260155906,-0.03563297448415572,-0.0007917739706343204,-0.8546546786767113
2026-07-30,2026-07-31,2026-08-03,LBRT,1,18.57999992370605,17.950000762939453,-0.033907382311815226,32,0.960212201591512,0.020038972563594028,1.0,0.6011691769078208,0.6685161482520459,1.2687830174807426,-0.0006794691038497588,-0.7334308403144882
2026-07-30,2026-07-31,2026-08-03,HUM,1,371.6900024414063,365.0,-0.01799887647626719,31,0.993943472409152,0.028927501493417298,1.0,0.867825044802519,0.46310175651328767,0.5435801748852259,-0.0005206625261470525,-0.5620122414818943
2026-07-30,2026-07-31,2026-08-03,ZIM,1,24.71999931335449,25.06999969482422,0.014158591876685334,27,0.9959623149394348,0.03269931902039621,1.0,0.9809795706118863,0.4096836617541273,0.8609766705974826,0.000462976312655324,0.4997447332227482
2026-07-30,2026-07-31,2026-08-03,CVLT,1,115.97000122070312,119.6999969482422,0.032163453378261986,21,0.9872139973082099,0.024354891893984598,1.0,0.730646756819538,0.5500487052644675,0.9911813985624279,0.0007833374299647844,0.8455481290520895
2026-07-30,2026-07-31,2026-08-03,AGX,1,594.7899780273438,572.4600219726562,-0.03754258961918988,19,0.98342175066313,0.019104362424510492,1.0,0.5731308727353148,0.7012208235724755,1.7409981201913458,-0.0007172272384396688,-0.7741876314976067
2026-07-30,2026-07-31,2026-08-03,CVE,1,30.399999618530277,29.32999992370605,-0.03519735882404451,17,0.980106100795756,0.033124809381731984,1.0,0.9937442814519595,0.4044212480972125,-0.04358630927369051,-0.0011659058017868967,-1.258499123929525
2026-07-30,2026-07-31,2026-08-03,PFE,1,24.81999969482422,25.149999618530277,0.013295726340193159,16,0.9754641909814323,0.03333333333333333,1.0,1.0,0.20328250434878514,0.2573313257014379,0.00044319087800643865,0.4783879888493822
2026-07-30,2026-07-31,2026-08-03,PEN,1,323.04998779296875,321.3599853515625,-0.0052313960850211005,16,0.9754641909814323,0.03333333333333333,1.0,1.0,0.07629212295058453,0.12677008329283918,-0.00017437986950070335,-0.18822868250696997
2026-07-30,2026-07-31,2026-08-03,UTHR,1,525.8400268554688,516.2899780273438,-0.01816150985164522,14,0.9899057873485868,0.03333333333333333,1.0,1.0,0.22461567142357186,0.043286748526479214,-0.0006053836617215073,-0.6534617177048919
2026-07-30,2026-07-31,2026-08-03,BIIB,1,207.50999450683597,203.33999633789065,-0.02009540879636007,12,0.9827586206896551,0.032013182379766233,1.0,0.9603954713929871,0.4184643873959064,0.2070256150525238,-0.0006433179867938336,-0.6944086919777813
2026-07-30,2026-07-31,2026-08-03,SU,1,67.19999694824219,65.7699966430664,-0.021279767412447637,12,0.9748010610079576,0.03333333333333333,1.0,1.0,0.354920487204598,-0.19123621388322845,-0.0007093255804149212,-0.7656584435593575
2026-07-30,2026-07-31,2026-08-03,SO,1,93.12106885917798,92.14910279634877,-0.010437660077753819,11,0.9798115746971736,0.03333333333333333,1.0,1.0,0.20208200480103922,-0.23038696545251092,-0.00034792200259179393,-0.37555309767436096
2026-07-30,2026-07-31,2026-08-03,HAL,1,32.0,31.75,-0.0078125,10,0.9798927613941019,0.03333333333333333,1.0,1.0,0.33405590649842454,0.3148504089275261,-0.00026041666666666666,-0.28109830687380877
2026-07-30,2026-07-31,2026-08-03,TGT,1,143.92529969213624,146.39633969500738,0.017168906426853647,10,0.9728116710875332,0.03333333333333333,1.0,1.0,0.34818228320953376,0.47131943335673393,0.0005722968808951215,0.617747267515317
2026-07-30,2026-07-31,2026-08-03,ETSY,1,83.04000091552734,81.9800033569336,-0.012764903021521334,3,0.9825033647375505,0.027792977943066885,1.0,0.8337893382920065,0.4820058066675833,1.1619156457547932,-0.00035477466812253026,-0.382949984758889
2026-07-30,2026-07-31,2026-08-03,NE,1,41.869998931884766,41.619998931884766,-0.005970862344818917,2,0.9872139973082099,0.031875451371806335,1.0,0.9562635411541901,0.4202725350264789,0.5435799520299492,-0.00019032393232002492,-0.2054389829096616
2026-07-30,2026-07-31,2026-08-03,FTI,1,69.96613696734556,70.3858731787003,0.0059991337173672665,0,0.9872139973082099,0.03333333333333333,1.0,1.0,0.34275723958832904,0.479348636830237,0.00019997112391224222,0.21585233032467416
2026-07-30,2026-07-31,2026-08-03,MDGL,1,490.0,462.1499938964844,-0.05683674715003184,0,0.984522207267833,0.03229732137018392,1.0,0.9689196411055176,0.4147829041175378,0.4232700485232081,-0.0018356746883404634,-1.9814593799562656
2026-07-31,2026-08-03,2026-08-04,LBRT,1,17.950000762939453,18.709999084472656,0.042339737561590374,33,0.960212201591512,0.019883489944882617,1.0,0.5965046983464786,0.6760419229993538,1.2926577250177553,0.000841861746074851,0.903399879100709
2026-07-31,2026-08-03,2026-08-04,HUM,1,365.0,374.6199951171875,0.02635615100599309,32,0.993943472409152,0.029762228319612127,1.0,0.8928668495883638,0.45164873523327453,0.5369027961168552,0.0007844177838665412,0.841756897036242
2026-07-31,2026-08-03,2026-08-04,ZIM,1,25.06999969482422,26.350000381469727,0.05105706829784151,28,0.9966442953020134,0.03279377138577686,1.0,0.9838131415733058,0.4098971301637721,0.8492722902691608,0.0016743538253874098,1.7967451906198233
2026-07-31,2026-08-03,2026-08-04,CVLT,1,119.6999969482422,126.13999938964844,0.0538011913583496,22,0.9872139973082099,0.02436951133619922,1.0,0.7310853400859766,0.5515938581135804,0.9820953896945919,0.0013111087427083242,1.4069477383585391
2026-07-31,2026-08-03,2026-08-04,AGX,1,572.4600219726562,602.8499755859375,0.05308659547711225,20,0.98342175066313,0.017039043461916932,1.0,0.511171303857508,0.7888983209838293,1.8840538688866642,0.0009045448075797186,0.9706649264189711
2026-07-31,2026-08-03,2026-08-04,CVE,1,29.32999992370605,28.8799991607666,-0.015342678626321327,18,0.980106100795756,0.03333333333333333,1.0,1.0,0.40195389409434135,-0.002487547486382276,-0.0005114226208773776,-0.5488064234111332
2026-07-31,2026-08-03,2026-08-04,PFE,1,25.149999618530277,25.040000915527344,-0.004373705951147944,17,0.9754641909814323,0.03333333333333333,1.0,1.0,0.2034907050419948,0.2436347286115136,-0.00014579019837159812,-0.15644712234170083
2026-07-31,2026-08-03,2026-08-04,PEN,1,321.3599853515625,321.57000732421875,0.0006535411446029205,17,0.9754641909814323,0.03333333333333333,1.0,1.0,0.0760079514238906,0.11952556480571787,2.178470482009735e-05,0.023377116008037234
2026-07-31,2026-08-03,2026-08-04,UTHR,1,516.2899780273438,517.8599853515625,0.0030409409266813903,15,0.9953020134228188,0.03333333333333333,1.0,1.0,0.22452110963627078,0.041212166643568804,0.00010136469755604635,0.10877422087910184
2026-07-31,2026-08-03,2026-08-04,BIIB,1,203.33999633789065,200.9600067138672,-0.011704483460640125,13,0.9827586206896551,0.03333333333333333,1.0,1.0,0.4020867145792882,0.19317305737823245,-0.0003901494486880042,-0.41866846476786396
2026-07-31,2026-08-03,2026-08-04,SU,1,65.7699966430664,64.80999755859375,-0.014596307335738024,13,0.9748010610079576,0.03333333333333333,1.0,1.0,0.35133116768001366,-0.17656618087019854,-0.0004865435778579341,-0.5221087802877833
2026-07-31,2026-08-03,2026-08-04,SO,1,92.14910279634877,91.33580925634715,-0.008825843283564172,12,0.9798115746971736,0.03333333333333333,1.0,1.0,0.20439028376677332,-0.2425420748120737,-0.00029419477611880573,-0.3156997291027389
2026-07-31,2026-08-03,2026-08-04,HAL,1,31.75,31.489999771118164,-0.008188983586829512,11,0.9798927613941019,0.03333333333333333,1.0,1.0,0.3311519097939325,0.32442995976210254,-0.00027296611956098376,-0.2929193071899683
2026-07-31,2026-08-03,2026-08-04,TGT,1,146.39633969500738,146.24747319314918,-0.0010168731142345955,11,0.9728116710875332,0.03333333333333333,1.0,1.0,0.3489343462196948,0.44887957546846996,-3.389577047448652e-05,-0.03637347235629579
2026-07-31,2026-08-03,2026-08-04,ETSY,1,81.9800033569336,84.0,0.02464011417847245,4,0.9825033647375505,0.030167867687343197,1.0,0.9050360306202959,0.4455758331211565,1.1067642396210557,0.000743339704337186,0.7976761055600495
2026-07-31,2026-08-03,2026-08-04,NE,1,41.619998931884766,39.869998931884766,-0.04204709382294913,3,0.9731543624161074,0.031958207289839495,1.0,0.9587462186951848,0.420614105677649,0.5389096521794245,-0.0013437497403291383,-1.4419747168878003
2026-07-31,2026-08-03,2026-08-04,FTI,1,70.3858731787003,68.95677003105693,-0.020303834890490813,1,0.9872139973082099,0.03333333333333333,1.0,1.0,0.3485990751108695,0.43444675577169695,-0.0006767944963496938,-0.7262665978458376
2026-07-31,2026-08-03,2026-08-04,MDGL,1,462.1499938964844,492.7300109863281,0.06616903060414892,1,0.984522207267833,0.029219392986711813,1.0,0.8765817896013544,0.46003942602058345,0.31806556829774757,0.0019334189087723882,2.0747473282634497
2026-07-31,2026-08-03,2026-08-04,AEO,1,17.329999923706055,17.68000030517578,0.020196213676317187,0,0.963758389261745,0.025601313903536826,1.0,0.7680394171061048,0.5250540198415261,1.7153828811677838,0.0005170496059902998,0.5548447280311218
2026-08-03,2026-08-04,2026-08-05,LBRT,1,18.709999084472656,19.850000381469727,0.0609300562683166,34,0.960212201591512,0.019640608366069526,1.0,0.5892182509820858,0.6836453913509832,1.2998614207709531,0.001196703372888586,1.2900154339373897
2026-08-03,2026-08-04,2026-08-05,HUM,1,374.6199951171875,362.7999877929688,-0.03155199262794606,33,0.993943472409152,0.030023731837009394,1.0,0.9007119551102818,0.4472199347398133,0.546333100746294,-0.0009473085655847497,-1.0211742508552202
2026-08-03,2026-08-04,2026-08-05,ZIM,1,26.350000381469727,27.770000457763672,0.05388994518924339,29,0.9939353099730458,0.03272800632055215,1.0,0.9818401896165646,0.41026670739675125,0.8501971150828759,0.0017637104667677667,1.9012344869016768
2026-08-03,2026-08-04,2026-08-05,CVLT,1,126.13999938964844,132.10000610351562,0.04724914176871553,23,0.9872139973082099,0.02443967690650755,1.0,0.7331903071952265,0.5494021645277043,0.9851792414515456,0.0011547537589371782,1.244794829841984
2026-08-03,2026-08-04,2026-08-05,AGX,1,602.8499755859375,620.7999877929688,0.029775255758424546,21,0.98342175066313,0.017239187000500797,1.0,0.5171756100150239,0.778877298123336,1.8720982732456752,0.000513301202007219,0.55332548386623
2026-08-03,2026-08-04,2026-08-05,CVE,1,28.8799991607666,28.899999618530277,0.0006925366462906535,19,0.980106100795756,0.03333333333333333,1.0,1.0,0.40080935925704053,-0.006497734942390482,2.3084554876355117e-05,0.024884555981647776
2026-08-03,2026-08-04,2026-08-05,PFE,1,25.040000915527344,25.5,0.018370569794484704,18,0.9754641909814323,0.03333333333333333,1.0,1.0,0.20067623276673832,0.24204626950113625,0.0006123523264828235,0.6601000465667226
2026-08-03,2026-08-04,2026-08-05,UTHR,1,517.8599853515625,505.0,-0.024832938854760456,16,0.9979784366576819,0.03333333333333333,1.0,1.0,0.22628000187468747,0.02743948222607288,-0.0008277646284920152,-0.8923089636194791
2026-08-03,2026-08-04,2026-08-05,BIIB,1,200.9600067138672,210.6000061035156,0.04796974058313075,14,0.9827586206896551,0.03333333333333333,1.0,1.0,0.4014736467533099,0.18106789787925684,0.001598991352771025,1.7236715217306309
2026-08-03,2026-08-04,2026-08-05,SU,1,64.80999755859375,65.23999786376953,0.0066347835422617685,14,0.9748010610079576,0.03333333333333333,1.0,1.0,0.3492426796668756,-0.1751894650102506,0.0002211594514087256,0.23840419617915104
2026-08-03,2026-08-04,2026-08-05,HAL,1,31.489999771118164,32.59000015258789,0.034931736724832296,12,0.9743935309973046,0.03333333333333333,1.0,1.0,0.33296908467728603,0.32688227541292525,0.0011643912241610765,1.2551837692939172
2026-08-03,2026-08-04,2026-08-05,ETSY,1,84.0,87.13999938964844,0.03738094511486234,5,0.9825033647375505,0.03210975303926723,1.0,0.963292591178017,0.4181661371351181,1.099672196090884,0.0012002929160126327,1.2938848690335965
2026-08-03,2026-08-04,2026-08-05,NE,1,39.869998931884766,41.209999084472656,0.03360923472501698,4,0.9919137466307277,0.031787351652732374,1.0,0.9536205495819713,0.42240736313869104,0.5400204636943955,0.0010683485629833388,1.1516522525934658
2026-08-03,2026-08-04,2026-08-05,FTI,1,68.95677003105693,70.55576926369123,0.023188429967269775,2,0.9824797843665769,0.03333333333333333,1.0,1.0,0.35645744959564196,0.44525573501427257,0.0007729476655756591,0.8332176885335046
2026-08-03,2026-08-04,2026-08-05,MDGL,1,492.7300109863281,510.8800048828125,0.036835576262449266,2,0.984522207267833,0.028471013002144933,1.0,0.854130390064348,0.47160989290340405,0.293793273249082,0.0010487461707096944,1.1305213782698997
2026-08-03,2026-08-04,2026-08-05,AEO,1,17.68000030517578,18.07999992370605,0.02262441242227653,1,0.9710242587601078,0.025615435100008462,1.0,0.7684630530002539,0.524184396648744,1.7044537801563322,0.0005795341680786497,0.6247229165160264
2026-08-03,2026-08-04,2026-08-05,EXPE,1,299.6480133699243,322.5350481005562,0.07637973124946829,0,0.977088948787062,0.03002825628498328,1.0,0.9008476885494984,0.4471525507629213,1.100111023966574,0.00229355014493718,2.472388022385693
2026-08-04,2026-08-05,2026-08-06,HUM,1,362.7999877929688,366.4599914550781,0.010088213300045279,34,0.993943472409152,0.03014920759808494,1.0,0.9044762279425482,0.44761875948998614,0.5505330471422752,0.0003041516370768267,0.3322294104366425
2026-08-04,2026-08-05,2026-08-06,ZIM,1,27.770000457763672,26.90999984741211,-0.0309686926962629,30,0.9952956989247312,0.03243017768073344,1.0,0.9729053304220031,0.41613558326812217,0.8658965355446536,-0.0010043202066798377,-1.097034076034146
2026-08-04,2026-08-05,2026-08-06,CVLT,1,132.10000610351562,132.39999389648438,0.0022709143005918975,24,0.9872139973082099,0.024050499697672662,1.0,0.7215149909301799,0.5611255929940938,1.0208688966612633,5.461662369982596e-05,0.05965856000719064
2026-08-04,2026-08-05,2026-08-06,AGX,1,620.7999877929688,589.9400024414062,-0.04971002892779375,22,0.98342175066313,0.01737509633842809,1.0,0.5212528901528427,0.7767065368618128,1.8854493626427138,-0.0008637165416064636,-0.9434505766931284
2026-08-04,2026-08-05,2026-08-06,CVE,1,28.899999618530277,28.290000915527344,-0.021107221835802714,20,0.980106100795756,0.03333333333333333,1.0,1.0,0.40309750081202517,-0.023337206033391057,-0.0007035740611934238,-0.768524535311846
2026-08-04,2026-08-05,2026-08-06,UTHR,1,505.0,519.7899780273438,0.02928708520266099,17,0.991263440860215,0.03333333333333333,1.0,1.0,0.22629331526451218,0.014983311381810138,0.0009762361734220329,1.0663574638626758
2026-08-04,2026-08-05,2026-08-06,BIIB,1,210.6000061035156,208.75,-0.008784454178060508,15,0.9827586206896551,0.03333333333333333,1.0,1.0,0.40084190515858054,0.17547826923576262,-0.0002928151392686836,-0.31984638327488396
2026-08-04,2026-08-05,2026-08-06,SU,1,65.23999786376953,63.20000076293945,-0.03126911660987308,15,0.9748010610079576,0.03333333333333333,1.0,1.0,0.350379378537579,-0.1930437081153385,-0.0010423038869957694,-1.1385242216695888
2026-08-04,2026-08-05,2026-08-06,HAL,1,32.59000015258789,32.290000915527344,-0.00920525423921259,13,0.9899193548387097,0.03333333333333333,1.0,1.0,0.33252813088354655,0.3128436140317985,-0.000306841807973753,-0.3351679245924413
2026-08-04,2026-08-05,2026-08-06,ETSY,1,87.13999938964844,81.98999786376953,-0.059100316295052524,6,0.9825033647375505,0.03239352767822785,1.0,0.9718058303468354,0.41660639862114385,1.0856184884972482,-0.0019144677316958042,-2.091201914657501
2026-08-04,2026-08-05,2026-08-06,NE,1,41.209999084472656,40.619998931884766,-0.0143169173912987,5,0.9899193548387097,0.031287473988461774,1.0,0.9386242196538532,0.43133398719365057,0.4926467408763192,-0.00044794018047521406,-0.4892918003021399
2026-08-04,2026-08-05,2026-08-06,FTI,1,70.55576926369123,70.2959280100941,-0.003682778266168585,3,0.9865591397849462,0.03333333333333333,1.0,1.0,0.36274794953758516,0.40728149419199094,-0.00012275927553895283,-0.13409180410767876
2026-08-04,2026-08-05,2026-08-06,MDGL,1,510.8800048828125,513.280029296875,0.004697824129196393,3,0.984522207267833,0.02835666082243242,1.0,0.8506998246729726,0.4759146709539555,0.3256010572061355,0.00013321460543506104,0.14551231829819497
2026-08-04,2026-08-05,2026-08-06,AEO,1,18.07999992370605,17.739999771118164,-0.018805318253463432,2,0.9710242587601078,0.02560620085603453,1.0,0.7681860256810359,0.5270344859253278,1.706099203454547,-0.00048153275635983713,-0.525985476484384
2026-08-04,2026-08-05,2026-08-06,EXPE,1,322.5350481005562,324.53215489713693,0.006191906300855976,1,0.977088948787062,0.030196967706073767,1.0,0.905909031182213,0.44691079700517133,1.0964828355742688,0.0001869767946059826,0.20423756661085438
2026-08-04,2026-08-05,2026-08-06,TEVA,1,34.25,34.540000915527344,0.008467180015396814,0,0.980510752688172,0.03333333333333333,1.0,1.0,0.3864333901715609,0.6492791658723784,0.00028223933384656047,0.30829427185423397
2026-08-04,2026-08-05,2026-08-06,TRGP,1,263.989990234375,268.3800048828125,0.016629473884748336,0,0.9791666666666667,0.03333333333333333,1.0,1.0,0.2974656629055531,-0.04989022506039519,0.0005543157961582779,0.605487486187244
2026-08-04,2026-08-05,2026-08-06,DAR,1,61.13999938964844,59.400001525878906,-0.02845923914196391,0,0.969758064516129,0.03333333333333333,1.0,1.0,0.29100027703164294,0.42793495287575084,-0.0009486413047321303,-1.036215173510291
2026-08-05,2026-08-06,2026-08-07,HUM,1,366.4599914550781,364.0,-0.006712851368331885,35,0.993943472409152,0.02987291252222431,1.0,0.8961873756667293,0.4544562265678558,0.5017313281173809,-0.00020053242170087215,-0.21777328487968975
2026-08-05,2026-08-06,2026-08-07,ZIM,1,26.90999984741211,26.40999984741211,-0.018580453468418856,31,0.9838709677419355,0.03186422357211094,1.0,0.9559267071633282,0.4260556065556858,0.8803978250982497,-0.0005920517233889026,-0.6429536307770127
2026-08-05,2026-08-06,2026-08-07,CVLT,1,132.39999389648438,137.0,0.03474325011761015,25,0.9872139973082099,0.023818358816733505,1.0,0.7145507645020052,0.5699776044982572,1.0259123570769102,0.000827527197760757,0.8986742126540674
2026-08-05,2026-08-06,2026-08-07,AGX,1,589.9400024414062,607.0,0.0289181908126126,23,0.98342175066313,0.017371457625175488,1.0,0.5211437287552646,0.7815078846214302,1.835902834361938,0.0005023511262980388,0.5455409853880003
2026-08-05,2026-08-06,2026-08-07,CVE,1,28.290000915527344,27.96999931335449,-0.01131147372982999,21,0.980106100795756,0.03333333333333333,1.0,1.0,0.40427724127943576,-0.0856183657334926,-0.00037704912432766634,-0.4094660886723303
2026-08-05,2026-08-06,2026-08-07,UTHR,1,519.7899780273438,534.8400268554688,0.028954095816239978,18,0.991263440860215,0.03333333333333333,1.0,1.0,0.2228125827484455,0.08757202431858123,0.0009651365272079993,1.048114564740969
2026-08-05,2026-08-06,2026-08-07,BIIB,1,208.75,207.3800048828125,-0.0065628508607784575,16,0.9827586206896551,0.03333333333333333,1.0,1.0,0.40570359068709433,0.23684776254135448,-0.00021876169535928192,-0.23756982836074536
2026-08-05,2026-08-06,2026-08-07,SU,1,63.20000076293945,60.869998931884766,-0.03686711713492574,16,0.9748010610079576,0.03333333333333333,1.0,1.0,0.3520060585145995,-0.23236324465435673,-0.0012289039044975248,-1.3345594583359015
2026-08-05,2026-08-06,2026-08-07,HAL,1,32.290000915527344,32.189998626708984,-0.0030970048306896425,14,0.9899193548387097,0.03333333333333333,1.0,1.0,0.33383402703348225,0.28741011983359804,-0.00010323349435632141,-0.11210903945058802
2026-08-05,2026-08-06,2026-08-07,ETSY,1,81.98999786376953,83.83000183105469,0.02244181016253255,7,0.9825033647375505,0.032176371543335164,1.0,0.9652911463000549,0.42192237503093327,1.1306634037616288,0.0007220960218946422,0.7841785450590242
2026-08-05,2026-08-06,2026-08-07,NE,1,40.619998931884766,40.619998931884766,0.0,6,0.9758064516129032,0.031454145875195266,1.0,0.9436243762558579,0.4316102289125481,0.4557599470107876,0.0,0.0
2026-08-05,2026-08-06,2026-08-07,FTI,1,70.2959280100941,68.52704027797915,-0.025163445197863288,4,0.9751344086021505,0.03333333333333333,1.0,1.0,0.3624727820361464,0.38402913737458616,-0.0008387815065954429,-0.9108961156420838
2026-08-05,2026-08-06,2026-08-07,MDGL,1,513.280029296875,511.9700012207031,-0.002552267770804195,4,0.984522207267833,0.02784980438392896,1.0,0.8354941315178688,0.48746953171692115,0.3741047985312077,-7.108015815230327e-05,-0.07719130602075415
2026-08-05,2026-08-06,2026-08-07,AEO,1,17.739999771118164,17.75,0.0005637107672411545,3,0.9710242587601078,0.025955503788014308,1.0,0.7786651136404292,0.5230463339228568,1.7065443668108977,1.4631396954472239e-05,0.015889337744631894
2026-08-05,2026-08-06,2026-08-07,EXPE,1,324.53215489713693,311.0316242235583,-0.04159997852249098,2,0.977088948787062,0.029991520082139667,1.0,0.89974560246419,0.4526589870823636,1.1272975241480545,-0.001247646591273867,-1.354913555853577
2026-08-05,2026-08-06,2026-08-07,TEVA,1,34.540000915527344,35.0,0.013317865439484322,1,0.980510752688172,0.03333333333333333,1.0,1.0,0.3857434630934382,0.636620947638272,0.0004439288479828107,0.4820958259920753
2026-08-05,2026-08-06,2026-08-07,TRGP,1,268.3800048828125,263.760009765625,-0.017214378989242496,1,0.9791666666666667,0.03333333333333333,1.0,1.0,0.2955868846783151,-0.0820953737116275,-0.0005738126329747498,-0.6231464265403203
2026-08-05,2026-08-06,2026-08-07,DAR,1,59.400001525878906,60.06999969482422,0.011279430163876558,1,0.9616935483870968,0.03333333333333333,1.0,1.0,0.2906206907756125,0.40065861483597953,0.0003759810054625519,0.4083061378178749
2026-08-05,2026-08-06,2026-08-07,BAX,1,27.39942956223936,26.919615459556113,-0.017511828178514488,0,0.9724462365591398,0.031449296858477215,1.0,0.9434789057543164,0.43167677683014055,1.1283092231924456,-0.0005507346829207485,-0.5980843395774148
2026-08-06,2026-08-07,2026-08-10,HUM,1,364.0,385.0,0.05769230769230771,36,0.993943472409152,0.029752504548279442,1.0,0.8925751364483833,0.4544834943504891,0.5087008795013924,0.001716490647016122,1.859995062207444
2026-08-06,2026-08-07,2026-08-10,ZIM,1,26.40999984741211,26.15999984741211,-0.009466111376161046,32,0.9892761394101877,0.03333333333333333,1.0,1.0,0.3841993768899912,0.8792616324080166,-0.00031553704587203486,-0.3419170085696343
2026-08-06,2026-08-07,2026-08-10,CVLT,1,137.0,134.19000244140625,-0.020510931084625872,26,0.9872139973082099,0.0237252032852844,1.0,0.7117560985585321,0.5699433665619177,1.003496503467503,-0.00048662600955320766,-0.5273095874330024
2026-08-06,2026-08-07,2026-08-10,AGX,1,607.0,603.72998046875,-0.005387182094316323,24,0.98342175066313,0.017334523317344096,1.0,0.5200356995203229,0.7800631136623971,1.8747193270752835,-9.338423362870491e-05,-0.10119147094646887
2026-08-06,2026-08-07,2026-08-10,CVE,1,27.96999931335449,28.65999984741211,0.02466930822297786,22,0.980106100795756,0.03307998408342323,1.0,0.9923995225026969,0.40876749513180405,-0.08225812593481488,0.0008160603233651695,0.8842857224775595
2026-08-06,2026-08-07,2026-08-10,UTHR,1,534.8400268554688,528.5999755859375,-0.011667135884011803,19,0.991263440860215,0.03333333333333333,1.0,1.0,0.22107851919255697,0.0960509689633663,-0.0003889045294670601,-0.42141826157707407
2026-08-06,2026-08-07,2026-08-10,BIIB,1,207.3800048828125,206.6999969482422,-0.0032790429094384788,17,0.9827586206896551,0.03331236672537026,1.0,0.9993710017611078,0.4059159874246541,0.24167831343120766,-0.00010923267990743966,-0.11836490085903495
2026-08-06,2026-08-07,2026-08-10,SU,1,60.869998931884766,61.22999954223633,0.005914253600602271,17,0.9748010610079576,0.03333333333333333,1.0,1.0,0.3537297510708308,-0.22738741780902175,0.00019714178668674235,0.21362350586035553
2026-08-06,2026-08-07,2026-08-10,HAL,1,32.189998626708984,32.310001373291016,0.0037279512799501813,15,0.9899193548387097,0.03333333333333333,1.0,1.0,0.33478499296364134,0.2929058490296651,0.00012426504266500605,0.1346540199119056
2026-08-06,2026-08-07,2026-08-10,ETSY,1,83.83000183105469,84.20999908447266,0.004532950556100257,8,0.9825033647375505,0.032179153063500304,1.0,0.9653745919050091,0.42021063158801475,1.1690012624730366,0.00014586650977402898,0.15806144262583885
2026-08-06,2026-08-07,2026-08-10,NE,1,40.619998931884766,41.4900016784668,0.021418088859158413,7,0.9758064516129032,0.03128620185568307,1.0,0.9385860556704921,0.4322040206463929,0.4608248428482569,0.0006700906514105869,0.7261124929644633
2026-08-06,2026-08-07,2026-08-10,FTI,1,68.52704027797915,70.38587811301717,0.02712561096317101,5,0.985254691689008,0.03333333333333333,1.0,1.0,0.36276754783910053,0.3843937479857569,0.0009041870321057003,0.9797801216989738
2026-08-06,2026-08-07,2026-08-10,MDGL,1,511.9700012207031,502.9200134277344,-0.017676793115594003,5,0.984522207267833,0.02794289467952932,1.0,0.8382868403858796,0.48391630100824723,0.3503258610768606,-0.0004939407683008721,-0.5352358847160932
2026-08-06,2026-08-07,2026-08-10,AEO,1,17.75,18.100000381469727,0.019718331350407237,4,0.9710242587601078,0.025839498076339885,1.0,0.7751849422901965,0.5233082389151512,1.5272605373220982,0.0005095117849974802,0.5521086909965044
2026-08-06,2026-08-07,2026-08-10,EXPE,1,311.0316242235583,307.087300572787,-0.01268142318523946,3,0.977088948787062,0.029759572540301767,1.0,0.892787176209053,0.4543755530919916,1.105521454801175,-0.0003773937331953984,-0.4089451238617099
2026-08-06,2026-08-07,2026-08-10,TEVA,1,35.0,35.029998779296875,0.0008571079799106762,2,0.980510752688172,0.03333333333333333,1.0,1.0,0.3850085702352204,0.6288829971270018,2.857026599702254e-05,0.03095883672468158
2026-08-06,2026-08-07,2026-08-10,TRGP,1,263.760009765625,258.7300109863281,-0.01907036166614673,2,0.9537533512064342,0.03333333333333333,1.0,1.0,0.29640636109584334,-0.08911356899108716,-0.0006356787222048909,-0.6888236102578247
2026-08-06,2026-08-07,2026-08-10,DAR,1,60.06999969482422,61.84000015258789,0.02946563120952006,2,0.9616935483870968,0.03333333333333333,1.0,1.0,0.2999597204920061,0.4123711034513089,0.000982187706984002,1.0643019164286402
2026-08-06,2026-08-07,2026-08-10,BAX,1,26.919615459556113,27.109541796130962,0.0070553138792117664,1,0.9724462365591398,0.030669060789457036,1.0,0.9200718236837111,0.4409010867861094,1.130456975048799,0.0002163798502502456,0.23446993651044512
2026-08-07,2026-08-10,2026-08-11,HUM,1,385.0,386.510009765625,0.003922103287337553,37,0.993943472409152,0.02959531943358,1.0,0.8878595830074,0.45244844390655287,0.5181400371881513,0.00011607589964024907,0.126209154257767
2026-08-07,2026-08-10,2026-08-11,ZIM,1,26.15999984741211,25.030000686645508,-0.04319568682560171,33,0.9865410497981157,0.03333333333333333,1.0,1.0,0.3813464505249398,0.884807245942832,-0.001439856227520057,-1.5655535498005586
2026-08-07,2026-08-10,2026-08-11,CVLT,1,134.19000244140625,140.0,0.04329679896332572,27,0.9872139973082099,0.023552618531200983,1.0,0.7065785559360295,0.5685294060574181,0.9989013224926311,0.001019752989605309,1.1087759196249924
2026-08-07,2026-08-10,2026-08-11,AGX,1,603.72998046875,588.6300048828125,-0.025011140865016435,25,0.98342175066313,0.017159257425562662,1.0,0.5147777227668798,0.7803575581710557,1.8953846071414377,-0.000429172604609827,-0.46663873918947013
2026-08-07,2026-08-10,2026-08-11,CVE,1,28.65999984741211,29.559999465942383,0.03140263863649473,23,0.980106100795756,0.03333333333333333,1.0,1.0,0.3998109483315812,-0.08071838978678388,0.001046754621216491,1.1381347537997775
2026-08-07,2026-08-10,2026-08-11,UTHR,1,528.5999755859375,528.0599975585938,-0.0010215248813532085,20,0.9683714670255721,0.03333333333333333,1.0,1.0,0.21002156537998207,0.1066183479422721,-3.405082937844028e-05,-0.03702341649685836
2026-08-07,2026-08-10,2026-08-11,BIIB,1,206.6999969482422,206.6300048828125,-0.000338616673744907,18,0.9827586206896551,0.03300088765357469,1.0,0.9900266296072405,0.4057574561389163,0.24381713835582786,-1.117465080788283e-05,-0.012150181320668661
2026-08-07,2026-08-10,2026-08-11,SU,1,61.22999954223633,62.7400016784668,0.02466114890608284,18,0.9748010610079576,0.03333333333333333,1.0,1.0,0.322437742236678,-0.22230481444399594,0.000822038296869428,0.8938010261986462
2026-08-07,2026-08-10,2026-08-11,HAL,1,32.310001373291016,33.689998626708984,0.042711148089233486,16,0.9899193548387097,0.03333333333333333,1.0,1.0,0.33392237959435095,0.2899459818505043,0.0014237049363077829,1.5479922747177057
2026-08-07,2026-08-10,2026-08-11,ETSY,1,84.20999908447266,79.66000366210938,-0.05403153392507576,9,0.9825033647375505,0.03135622313042828,1.0,0.9406866939128485,0.42703983094336845,1.1685327748036174,-0.0016942248338339808,-1.8421281597937198
2026-08-07,2026-08-10,2026-08-11,NE,1,41.4900016784668,43.84000015258789,0.056640115185648154,8,0.9663526244952894,0.030879573286314056,1.0,0.9263871985894216,0.43363151752408735,0.47226130049903264,0.001749022587820492,1.9017096767778419
2026-08-07,2026-08-10,2026-08-11,FTI,1,70.38587811301717,73.95363917157255,0.05068859200458786,6,0.9966352624495289,0.03333333333333333,1.0,1.0,0.3619143199054433,0.3816973574261039,0.001689619733486262,1.8371210409864647
2026-08-07,2026-08-10,2026-08-11,MDGL,1,502.9200134277344,516.969970703125,0.027936763103999063,6,0.984522207267833,0.029070998516475884,1.0,0.8721299554942765,0.4606087478230821,0.3825151337811493,0.000812149598751495,0.883049059338663
2026-08-07,2026-08-10,2026-08-11,AEO,1,18.100000381469727,17.969999313354492,-0.007182379302506869,5,0.9710242587601078,0.025613374154312925,1.0,0.7684012246293878,0.5227876711583463,1.4961528029927977,-0.00018396496839330153,-0.20002483845427468
2026-08-07,2026-08-10,2026-08-11,EXPE,1,307.087300572787,310.4624405339182,0.010990815819591937,4,0.977088948787062,0.02893742654860676,1.0,0.8681227964582028,0.46273486697749683,1.106926044557957,0.00031804592548870687,0.3458108650931352
2026-08-07,2026-08-10,2026-08-11,TEVA,1,35.029998779296875,36.16999816894531,0.03254351782399123,3,0.980510752688172,0.03333333333333333,1.0,1.0,0.38406146995805196,0.6293383080610666,0.0010847839274663743,1.1794839623235347
2026-08-07,2026-08-10,2026-08-11,TRGP,1,258.7300109863281,265.9100036621094,0.027750907783792744,3,0.9537533512064342,0.03333333333333333,1.0,1.0,0.29170238155193323,-0.0969863027013262,0.0009250302594597581,1.0057840350244156
2026-08-07,2026-08-10,2026-08-11,DAR,1,61.84000015258789,62.47999954223633,0.01034927859102952,3,0.9616935483870968,0.03333333333333333,1.0,1.0,0.3108912048055822,0.40687099776214747,0.00034497595303431734,0.37509184427316933
2026-08-07,2026-08-10,2026-08-11,BAX,1,27.109541796130962,27.53937555439933,0.0158554416559602,2,0.9724462365591398,0.03025851485134946,1.0,0.9077554455404838,0.44253183906821697,1.1403940314800758,0.0004797621168215766,0.5216446411066322
2026-08-07,2026-08-10,2026-08-11,VTRS,1,16.178659339754677,16.138958090825778,-0.0024539269969882094,0,0.9831763122476447,0.03333333333333333,1.0,1.0,0.36982964232660265,0.6862181161237846,-8.179756656627365e-05,-0.08893837332873109
2026-08-07,2026-08-10,2026-08-11,OVV,1,60.40999984741211,63.310001373291016,0.04800532251620493,0,0.9784656796769852,0.03333333333333333,1.0,1.0,0.3571650189392512,-0.2754737542014329,0.0016001774172068309,1.739870542584396
2026-08-07,2026-08-10,2026-08-11,SO,1,91.59367998786598,90.44318849049583,-0.012560817487872189,0,0.9777927321668909,0.03333333333333333,1.0,1.0,0.18857673879125053,-0.2633156230470405,-0.0004186939162624063,-0.45524527682426347
2026-08-07,2026-08-10,2026-08-11,SBUX,1,104.87753775660822,103.96278495521113,-0.008722104093633276,0,0.9751009421265142,0.03333333333333333,1.0,1.0,0.22477184478994316,0.5505318969492424,-0.0002907368031211092,-0.3161176966730022
2026-08-07,2026-08-10,2026-08-11,DVA,1,182.3300018310547,183.17999267578125,0.004661826557289084,0,0.9623149394347241,0.030824100776039684,1.0,0.9247230232811905,0.43441190132136087,-0.01628065237344115,0.00014369661160229684,0.15624111358378953
2026-08-10,2026-08-11,2026-08-12,HUM,1,386.510009765625,371.9800109863281,-0.0375928136715209,38,0.993943472409152,0.02910050787733157,1.0,0.873015236319947,0.45994669646833825,0.5308204516200672,-0.0010939699703791518,-1.1999693225453654
2026-08-10,2026-08-11,2026-08-12,ZIM,1,25.030000686645508,24.649999618530277,-0.015181824118685516,34,1.0,0.03333333333333333,1.0,1.0,0.3617816007299968,0.8954355062246457,-0.0005060608039561839,-0.5550951639738333
2026-08-10,2026-08-11,2026-08-12,CVLT,1,140.0,139.42999267578125,-0.004071480887276824,28,0.9872139973082099,0.023569814475036383,1.0,0.7070944342510915,0.567873899809678,0.9993195581832565,-9.596404915177125e-05,-0.10526240954260441
2026-08-10,2026-08-11,2026-08-12,AGX,1,588.6300048828125,602.3200073242188,0.023257398243115013,26,0.98342175066313,0.01728752908396841,1.0,0.5186258725190523,0.7742391870300187,1.9071674237830163,0.0004020629485452866,0.44102051888980637
2026-08-10,2026-08-11,2026-08-12,CVE,1,29.559999465942383,29.649999618530277,0.0030446601560865094,24,0.980106100795756,0.03333333333333333,1.0,1.0,0.39788865393349754,-0.07319218133451873,0.00010148867186955031,0.1113223361945896
2026-08-10,2026-08-11,2026-08-12,UTHR,1,528.0599975585938,510.4400024414063,-0.03336741127646636,21,0.9892183288409704,0.03333333333333333,1.0,1.0,0.1910731050265294,0.11375014933651531,-0.0011122470425488787,-1.2200173371193108
2026-08-10,2026-08-11,2026-08-12,BIIB,1,206.6300048828125,203.5200042724609,-0.015051060043846931,19,0.9827586206896551,0.03297175846617146,1.0,0.9891527539851437,0.4059438466850956,0.257847201920146,-0.0004962599164255651,-0.5443446272233741
2026-08-10,2026-08-11,2026-08-12,SU,1,62.7400016784668,62.959999084472656,0.0035064934670119285,19,0.9748010610079576,0.03333333333333333,1.0,1.0,0.32444434079265816,-0.22864832302933286,0.00011688311556706429,0.12820841229800056
2026-08-10,2026-08-11,2026-08-12,HAL,1,33.689998626708984,33.59000015258789,-0.002968194663024337,17,0.9899193548387097,0.03333333333333333,1.0,1.0,0.33048842757332897,0.29312642221433877,-9.893982210081124e-05,-0.10852651765013385
2026-08-10,2026-08-11,2026-08-12,ETSY,1,79.66000366210938,79.5999984741211,-0.0007532661967076804,10,0.9973045822102425,0.03103675378182702,1.0,0.9311026134548106,0.43125265476593283,1.1811596886664688,-2.3378937479389554e-05,-0.02564422107423157
2026-08-10,2026-08-11,2026-08-12,NE,1,43.84000015258789,44.06999969482422,0.005246339905013775,9,0.9710242587601079,0.030891544710397525,1.0,0.9267463413119258,0.4332798048530241,0.4650483454266158,0.00016206754374167574,0.17777094978474392
2026-08-10,2026-08-11,2026-08-12,FTI,1,73.95363917157255,75.42271862855108,0.019864870389545874,7,0.9966352624495289,0.03333333333333333,1.0,1.0,0.3532838954980998,0.3814687991173198,0.0006621623463181958,0.7263220414095175
2026-08-10,2026-08-11,2026-08-12,MDGL,1,516.969970703125,536.0,0.0368107054090443,7,0.984522207267833,0.029079376099581788,1.0,0.8723812829874537,0.46028093649237556,0.3839079935835713,0.0010704323470805087,1.1741510399153479
2026-08-10,2026-08-11,2026-08-12,AEO,1,17.969999313354492,17.229999542236328,-0.04117973285442644,6,0.9710242587601078,0.02563064977628452,1.0,0.7689194932885356,0.5222139345103167,1.475132773802675,-0.0010554633106727614,-1.157731590603466
2026-08-10,2026-08-11,2026-08-12,EXPE,1,310.4624405339182,319.6691773261079,0.029654913413540207,5,0.977088948787062,0.029022008312688086,1.0,0.8706602493806426,0.46119077355090826,1.1052038347663828,0.0008606451435998093,0.9440366718288332
2026-08-10,2026-08-11,2026-08-12,TEVA,1,36.16999816894531,36.79999923706055,0.01741777992834237,4,0.980510752688172,0.03333333333333333,1.0,1.0,0.38499793198514315,0.6275334684423165,0.0005805926642780789,0.6368487297572828
2026-08-10,2026-08-11,2026-08-12,TRGP,1,265.9100036621094,266.8900146484375,0.003685498750823246,4,0.9537533512064342,0.03333333333333333,1.0,1.0,0.30365533430161235,-0.10891186520761326,0.00012284995836077487,0.13475340758925344
2026-08-10,2026-08-11,2026-08-12,DAR,1,62.47999954223633,62.369998931884766,-0.0017605731619316778,4,0.9616935483870968,0.03333333333333333,1.0,1.0,0.3118588764762464,0.4259774069732134,-5.868577206438926e-05,-0.06437208337880619
2026-08-10,2026-08-11,2026-08-12,BAX,1,27.53937555439933,27.18951120889968,-0.012704149547928312,3,0.9724462365591398,0.030355465618732355,1.0,0.9106639685619706,0.4409315485995979,1.1542776491794455,-0.00038564037481737205,-0.42300669291256593
2026-08-10,2026-08-11,2026-08-12,VTRS,1,16.138958090825778,16.03970208892439,-0.006150087344102495,1,0.9743935309973046,0.03333333333333333,1.0,1.0,0.32235337131321895,0.7005310433468568,-0.00020500291147008317,-0.2248665058980775
2026-08-10,2026-08-11,2026-08-12,OVV,1,63.310001373291016,63.11000061035156,-0.003159070582864132,1,0.9784656796769852,0.03333333333333333,1.0,1.0,0.35343666664836965,-0.2723059356896737,-0.00010530235276213773,-0.11550554067093939
2026-08-10,2026-08-11,2026-08-12,SO,1,90.44318849049583,91.00852053100007,0.006250686756401169,1,0.9777927321668909,0.03333333333333333,1.0,1.0,0.18718114450744855,-0.26559253702082725,0.0002083562252133723,0.22854473631551947
2026-08-10,2026-08-11,2026-08-12,SBUX,1,103.96278495521113,106.29936864897286,0.02247519335662629,1,0.9751009421265142,0.03333333333333333,1.0,1.0,0.22104721488664944,0.558027756103665,0.000749173111887543,0.8217636460618064
2026-08-10,2026-08-11,2026-08-12,DVA,1,183.17999267578125,178.0,-0.0282781574565818,1,0.9743935309973046,0.030761265005673024,1.0,0.9228379501701908,0.4351148257804447,0.026560925608708593,-0.0008698718953940613,-0.9541574424163527
2026-08-10,2026-08-11,2026-08-12,TRP,1,63.43999862670898,63.52999877929688,0.001418665739850944,0,0.9629380053908356,0.03333333333333333,1.0,1.0,0.20383072526429502,-0.01357826504946242,4.7288857995031466e-05,0.051870874364654596
2026-08-11,2026-08-12,2026-08-13,HUM,1,371.9800109863281,390.2699890136719,0.04916924965631009,39,0.993943472409152,0.032746252261020264,1.0,0.9823875678306079,0.40736584189788977,0.5304767362395137,0.001610108652730614,1.76425362381406
2026-08-11,2026-08-12,2026-08-13,ZIM,1,24.649999618530277,26.420000076293945,0.07180529351542453,35,0.9986595174262735,0.03333333333333333,1.0,1.0,0.38127632764085645,0.9008209427683939,0.002393509783847484,2.622654255429207
2026-08-11,2026-08-12,2026-08-13,CVLT,1,139.42999267578125,142.6300048828125,0.022950673277823963,29,0.9872139973082099,0.023412805022602116,1.0,0.7023841506780635,0.5697610606005299,0.997355179119213,0.0005373396385911371,0.5887822557785861
2026-08-11,2026-08-12,2026-08-13,AGX,1,602.3200073242188,569.0999755859375,-0.05515345884965672,27,0.98342175066313,0.01720070199107619,1.0,0.5160210597322856,0.7755325700213807,1.9114043324307293,-0.000948678209450029,-1.039500636194441
2026-08-11,2026-08-12,2026-08-13,CVE,1,29.649999618530277,29.75,0.003372694190769021,25,0.980106100795756,0.03266481071323467,1.0,0.97994432139704,0.40838150688889197,-0.07757151413755857,0.00011016841733509626,0.12071547419093484
2026-08-11,2026-08-12,2026-08-13,UTHR,1,510.4400024414063,515.6199951171875,0.010148093117713364,22,0.9832439678284182,0.03333333333333333,1.0,1.0,0.19337784250229656,0.11385751410119059,0.00033826977059044544,0.3706542832241976
2026-08-11,2026-08-12,2026-08-13,BIIB,1,203.5200042724609,212.97999572753903,0.04648187527754577,20,0.9827586206896551,0.03288407002371273,1.0,0.9865221007113819,0.40565856390927046,0.2568008951804207,0.0015285132414602966,1.674846614059706
2026-08-11,2026-08-12,2026-08-13,SU,1,62.959999084472656,63.40999984741211,0.007147407393314875,20,0.9748010610079576,0.03333333333333333,1.0,1.0,0.3363144882274917,-0.23237443245271616,0.00023824691311049583,0.2610556617436119
2026-08-11,2026-08-12,2026-08-13,HAL,1,33.59000015258789,32.88999938964844,-0.020839558194688523,18,0.9899193548387097,0.03333333333333333,1.0,1.0,0.3477631654089607,0.2875206104582711,-0.0006946519398229508,-0.761154969289611
2026-08-11,2026-08-12,2026-08-13,ETSY,1,79.5999984741211,79.94000244140625,0.004271406706065406,11,0.9966487935656836,0.02960998493291568,1.0,0.8882995479874705,0.4505137254049133,1.1934146101024832,0.00012647628820895167,0.13858459143162385
2026-08-11,2026-08-12,2026-08-13,NE,1,44.06999969482422,44.16999816894531,0.0022690827050955154,10,0.9711796246648794,0.029647835767476198,1.0,0.8894350730242859,0.44993856300111146,0.45684227786765885,6.727339138349246e-05,0.07371386044867471
2026-08-11,2026-08-12,2026-08-13,FTI,1,75.42271862855108,74.60323240989092,-0.010865243703240712,8,0.9966352624495289,0.03333333333333333,1.0,1.0,0.3753713159759335,0.3754866345197053,-0.00036217479010802376,-0.396847867886766
2026-08-11,2026-08-12,2026-08-13,MDGL,1,536.0,539.72998046875,0.006958918784981449,8,0.984522207267833,0.02957146937479545,1.0,0.8871440812438636,0.45110050002050217,0.38442382338518005,0.0002057854537317677,0.22548647997063753
2026-08-11,2026-08-12,2026-08-13,AEO,1,17.229999542236328,16.389999389648438,-0.048752186587630364,7,0.9710242587601078,0.02548594129504297,1.0,0.7645782388512892,0.5234142410861542,1.472030540395319,-0.0012424953653773288,-1.3614466000300922
2026-08-11,2026-08-12,2026-08-13,EXPE,1,319.6691773261079,325.18122769998166,0.0172429835743928,6,0.977088948787062,0.031763676305215024,1.0,0.9529102891564508,0.4199672762412912,1.10584894654581,0.0005477005487931524,0.60013507556433
2026-08-11,2026-08-12,2026-08-13,TEVA,1,36.79999923706055,36.900001525878906,0.0027174535568372793,5,0.980510752688172,0.03333333333333333,1.0,1.0,0.387167803396539,0.62772795255779,9.058178522790931e-05,0.09925370102748182
2026-08-11,2026-08-12,2026-08-13,TRGP,1,266.8900146484375,267.17999267578125,0.0010865075927464218,5,0.9537533512064342,0.03333333333333333,1.0,1.0,0.3098496156597931,-0.10912703933071231,3.621691975821406e-05,0.039684173995618265
2026-08-11,2026-08-12,2026-08-13,DAR,1,62.369998931884766,63.13999938964844,0.012345686563256075,5,0.9616935483870968,0.03333333333333333,1.0,1.0,0.331726144140713,0.42474883935003865,0.0004115228854418692,0.4509203404950012
2026-08-11,2026-08-12,2026-08-13,BAX,1,27.18951120889968,27.009580736518377,-0.006617642774041865,4,0.9724462365591398,0.03039541984886529,1.0,0.9118625954659587,0.4388721948122453,1.1585573568374552,-0.00020114603052681206,-0.22040289807206892
2026-08-11,2026-08-12,2026-08-13,VTRS,1,16.03970208892439,16.15881025823108,0.007425834260907926,2,0.9792225201072386,0.03333333333333333,1.0,1.0,0.32189927811042507,0.708757456771858,0.00024752780869693086,0.27122507089673903
2026-08-11,2026-08-12,2026-08-13,OVV,1,63.11000061035156,62.150001525878906,-0.015211520760391117,2,0.9784656796769852,0.03333333333333333,1.0,1.0,0.3797297159111125,-0.2791121835847656,-0.0005070506920130373,-0.5555935739642889
2026-08-11,2026-08-12,2026-08-13,SO,1,91.00852053100007,92.0598358022426,0.01155183344491828,2,0.9879356568364611,0.03333333333333333,1.0,1.0,0.18897999083834216,-0.2638469337303973,0.00038506111483060934,0.4219252322367621
2026-08-11,2026-08-12,2026-08-13,SBUX,1,106.29936864897286,108.54645420942258,0.021139218313423358,2,0.9751009421265142,0.03333333333333333,1.0,1.0,0.22142981698368214,0.5610492445728449,0.0007046406104474453,0.772099912860011
2026-08-11,2026-08-12,2026-08-13,DVA,1,178.0,182.8800048828125,0.027415757768609605,2,0.9743935309973046,0.030712951794817568,1.0,0.921388553844527,0.4343348275486209,0.026436895180485788,0.0008420188467657021,0.9226301586584104
2026-08-11,2026-08-12,2026-08-13,TRP,1,63.52999877929688,63.56999969482422,0.0006296382228228037,1,0.9752010723860589,0.03333333333333333,1.0,1.0,0.20359262065616412,-0.013852013289345502,2.0987940760760123e-05,0.022997237162081758
2026-08-11,2026-08-12,2026-08-13,KIM,1,24.0,24.309999465942383,0.012916644414265877,0,0.9698391420911527,0.03333333333333333,1.0,1.0,0.20812368664608205,0.14071363298367398,0.00043055481380886257,0.47177430493565775
2026-08-11,2026-08-12,2026-08-13,DINO,1,86.63999938964844,87.5,0.009926138231878934,0,0.9671581769436997,0.03333333333333333,1.0,1.0,0.3861642237326528,-0.11766599590705014,0.00033087127439596444,0.36254748639421275
2026-08-12,2026-08-13,2026-08-14,ZIM,1,26.420000076293945,27.25,0.03141559126832827,36,0.9865951742627346,0.03333333333333333,1.0,1.0,0.3848182607146504,0.922271702105657,0.0010471863756109424,1.1556787602042309
2026-08-12,2026-08-13,2026-08-14,CVLT,1,142.6300048828125,151.44000244140625,0.06176819222457586,30,0.9872139973082099,0.023241920821171498,1.0,0.697257624635145,0.5689876598637724,1.0041249935675571,0.001435611432950493,1.584346091209696
2026-08-12,2026-08-13,2026-08-14,AGX,1,569.0999755859375,557.1199951171875,-0.021050748519916174,28,0.98342175066313,0.01705355405066516,1.0,0.5116066215199548,0.7754610035825144,1.912217328384496,-0.0003589900776913501,-0.39618277851439304
2026-08-12,2026-08-13,2026-08-14,CVE,1,29.75,31.0,0.04201680672268915,26,0.980106100795756,0.03259803489519401,1.0,0.9779410468558202,0.4056798571231407,-0.08260389273612939,0.001369665331730843,1.5115677298092582
2026-08-12,2026-08-13,2026-08-14,UTHR,1,515.6199951171875,498.9100036621094,-0.03240757071742406,23,0.9879356568364611,0.03333333333333333,1.0,1.0,0.19908276503122324,0.11945257210568412,-0.0010802523572474687,-1.1921704999294944
2026-08-12,2026-08-13,2026-08-14,BIIB,1,212.97999572753903,210.00999450683597,-0.013944977370093148,21,0.9827586206896551,0.032685000579050064,1.0,0.9805500173715018,0.4046004560040857,0.2528925133131704,-0.00045579159341633456,-0.5030132895718665
2026-08-12,2026-08-13,2026-08-14,SU,1,63.40999984741211,65.9800033569336,0.04052994032023127,21,0.9748010610079576,0.03333333333333333,1.0,1.0,0.3349417157874582,-0.23566046788506143,0.0013509980106743758,1.4909664051956848
2026-08-12,2026-08-13,2026-08-14,HAL,1,32.88999938964844,33.04999923706055,0.004864695967810473,19,0.9899193548387097,0.03333333333333333,1.0,1.0,0.34703786796187314,0.28799240976518364,0.0001621565322603491,0.17895654921247947
2026-08-12,2026-08-13,2026-08-14,ETSY,1,79.94000244140625,80.55999755859375,0.007755755544815557,12,0.9959785522788204,0.031053092228265584,1.0,0.9315927668479675,0.4258631005752203,1.1967428886753042,0.00024084019223303969,0.265792127599869
2026-08-12,2026-08-13,2026-08-14,NE,1,44.16999816894531,44.540000915527344,0.00837678881413595,11,0.9711796246648794,0.029341641037646582,1.0,0.8802492311293975,0.4507030169788401,0.45113462130780196,0.0002457887304325502,0.27125335267348316
2026-08-12,2026-08-13,2026-08-14,FTI,1,74.60323240989092,76.90178916877343,0.030810417787979993,9,0.9966352624495289,0.03333333333333333,1.0,1.0,0.3756434887748012,0.37645828629900296,0.0010270139262659997,1.1334163704403792
2026-08-12,2026-08-13,2026-08-14,AEO,1,16.389999389648438,16.299999237060547,-0.0054911626564631,8,0.9710242587601078,0.02568136090455484,1.0,0.7704408271366452,0.5149402396518632,1.494664296043924,-0.00014102052996624296,-0.1556307788474137
2026-08-12,2026-08-13,2026-08-14,EXPE,1,325.18122769998166,328.5363948179236,0.010317837661396378,7,0.977088948787062,0.03206892479778239,1.0,0.9620677439334716,0.4123732311627717,1.0869007363700542,0.0003308819600390474,0.3651625558332717
2026-08-12,2026-08-13,2026-08-14,TEVA,1,36.900001525878906,36.2599983215332,-0.017344259563156217,6,0.980510752688172,0.03333333333333333,1.0,1.0,0.38754789330240086,0.626880728547325,-0.0005781419854385406,-0.6380396350781584
2026-08-12,2026-08-13,2026-08-14,TRGP,1,267.17999267578125,269.5899963378906,0.009020150191537235,6,0.9638069705093834,0.03333333333333333,1.0,1.0,0.3075084607074934,-0.10269164437446453,0.00030067167305124117,0.33182237129247016
2026-08-12,2026-08-13,2026-08-14,DAR,1,63.13999938964844,66.3499984741211,0.05083939048942909,6,0.9616935483870968,0.03333333333333333,1.0,1.0,0.3313135980844782,0.43031171994789735,0.0016946463496476363,1.8702179840745259
2026-08-12,2026-08-13,2026-08-14,BAX,1,27.009580736518377,26.999584946256945,-0.00037008313305342266,5,0.9724462365591398,0.030424910119520556,1.0,0.9127473035856167,0.43465588186874327,1.1603157109279927,-1.1259746059900951e-05,-0.012426297428792513
2026-08-12,2026-08-13,2026-08-14,VTRS,1,16.15881025823108,15.781637106659442,-0.02334164121888327,3,0.9792225201072386,0.03333333333333333,1.0,1.0,0.32065528724501474,0.6978032689593869,-0.000778054707296109,-0.8586640548817671
2026-08-12,2026-08-13,2026-08-14,OVV,1,62.150001525878906,63.02999877929688,0.01415924749497477,3,0.9784656796769852,0.03333333333333333,1.0,1.0,0.377621917562892,-0.28858957001384555,0.00047197491649915896,0.5208732648273998
2026-08-12,2026-08-13,2026-08-14,SO,1,92.0598358022426,91.83171408900837,-0.002477972193262068,3,0.9879356568364611,0.03333333333333333,1.0,1.0,0.18723697301365455,-0.26301398420117794,-8.25990731087356e-05,-0.09115664281693002
2026-08-12,2026-08-13,2026-08-14,SBUX,1,108.54645420942258,107.62000274658205,-0.008535068875240248,3,0.9751009421265142,0.03333333333333333,1.0,1.0,0.2242202903848696,0.5528214419505024,-0.0002845022958413416,-0.3139777867539163
2026-08-12,2026-08-13,2026-08-14,DVA,1,182.8800048828125,179.0,-0.021216124120834068,3,0.9743935309973046,0.030194736276003033,1.0,0.9058420882800909,0.4379692545712808,0.02883710579979071,-0.0006406152726275314,-0.7069853860600063
2026-08-12,2026-08-13,2026-08-14,TRP,1,63.56999969482422,63.27000045776367,-0.0047191951942855415,2,0.9752010723860589,0.03333333333333333,1.0,1.0,0.2024285024722505,-0.011380581525378538,-0.0001573065064761847,-0.17360404280507746
2026-08-12,2026-08-13,2026-08-14,KIM,1,24.309999465942383,24.36000061035156,0.00205681388348955,1,0.9698391420911527,0.03333333333333333,1.0,1.0,0.20849936118051948,0.15048804149930586,6.8560462782985e-05,0.07566358049859302
2026-08-12,2026-08-13,2026-08-14,DINO,1,87.5,92.87999725341795,0.06148568289620515,1,0.9631367292225201,0.03333333333333333,1.0,1.0,0.3859774435161774,-0.11833166160034177,0.0020495227632068382,2.2618609076262683
2026-08-12,2026-08-13,2026-08-14,CZR,1,29.670000076293945,29.790000915527344,0.004044517658403413,0,0.9892761394101877,0.03333333333333333,1.0,1.0,0.24074402390491081,0.7855745286415894,0.00013481725528011375,0.14878482194285636
2026-08-12,2026-08-13,2026-08-14,PFGC,1,107.83000183105467,104.45999908447266,-0.031252923021016454,0,0.9731903485254692,0.03333333333333333,1.0,1.0,0.23628270575969218,0.3774787497641487,-0.0010417641007005485,-1.149694717542986
2026-08-13,2026-08-14,2026-08-17,ZIM,1,27.25,28.82999992370605,0.057981648576368894,37,0.9865951742627346,0.03333333333333333,1.0,1.0,0.38599425562672424,0.9505531351886154,0.0019327216192122963,2.146154717818629
2026-08-13,2026-08-14,2026-08-17,CVLT,1,151.44000244140625,143.97999572753906,-0.04926047671422573,31,0.9872139973082099,0.023241158702676776,1.0,0.6972347610803032,0.5675861662529179,1.0081850079590455,-0.001144870557084834,-1.271300182579148
2026-08-13,2026-08-14,2026-08-17,AGX,1,557.1199951171875,587.3699951171875,0.054297099844059726,29,0.98342175066313,0.017006020010502207,1.0,0.5101806003150662,0.7756876776095475,1.9025488371263577,0.000923377566460316,1.025347417283179
2026-08-13,2026-08-14,2026-08-17,CVE,1,31.0,31.3799991607666,0.012258037444083936,27,0.980106100795756,0.03282860041487451,1.0,0.9848580124462353,0.4018252377689241,-0.08662799423503337,0.00040241421312240116,0.4468533664780448
2026-08-13,2026-08-14,2026-08-17,UTHR,1,498.9100036621094,502.2900085449219,0.006774778733644293,24,0.9879356568364611,0.03333333333333333,1.0,1.0,0.19415146084664495,0.11745504197810033,0.0002258259577881431,0.250764227964947
2026-08-13,2026-08-14,2026-08-17,BIIB,1,210.00999450683597,208.3600006103516,-0.007856739867828866,22,0.9827586206896551,0.0323974511285925,1.0,0.9719235338577749,0.40717277772774735,0.2513696158573247,-0.00025453834589804996,-0.28264736446498295
2026-08-13,2026-08-14,2026-08-17,SU,1,65.9800033569336,66.33000183105469,0.005304614372747096,22,0.9748010610079576,0.03333333333333333,1.0,1.0,0.3324596109559742,-0.23722938012042896,0.00017682047909156986,0.1963470070583606
2026-08-13,2026-08-14,2026-08-17,HAL,1,33.04999923706055,34.5,0.04387294391563845,20,0.9899193548387097,0.03333333333333333,1.0,1.0,0.3390360360428497,0.28266120504311537,0.001462431463854615,1.623929775731055
2026-08-13,2026-08-14,2026-08-17,ETSY,1,80.55999755859375,81.16000366210938,0.007447940934695474,13,0.9953083109919572,0.03168095213804826,1.0,0.9504285641414478,0.4163814303890621,1.1992855292873554,0.00023595786027909773,0.2620150103410985
2026-08-13,2026-08-14,2026-08-17,NE,1,44.540000915527344,45.20000076293945,0.014818137266405573,12,0.9711796246648794,0.029266292829269673,1.0,0.8779887848780902,0.45073560372959387,0.44620799453656323,0.00043367194442293916,0.4815629319074922
2026-08-13,2026-08-14,2026-08-17,FTI,1,76.90178916877343,78.67068108017156,0.023001960429243073,10,0.9966352624495289,0.03333333333333333,1.0,1.0,0.37147620064174475,0.3757190266565259,0.0007667320143081024,0.8514032820104573
2026-08-13,2026-08-14,2026-08-17,AEO,1,16.299999237060547,16.010000228881836,-0.017791351027756752,9,0.9710242587601078,0.024806505820881793,1.0,0.7441951746264538,0.5317701841032216,1.4899723632209934,-0.00044134125283139914,-0.4900791725598479
2026-08-13,2026-08-14,2026-08-17,EXPE,1,328.5363948179236,330.02422932814954,0.004528674855187598,8,0.977088948787062,0.03198154244082099,1.0,0.9594462732246297,0.41246791619689366,1.0856665040061895,0.00014483400708186102,0.160828225083961
2026-08-13,2026-08-14,2026-08-17,TEVA,1,36.2599983215332,36.52999877929688,0.007446234701101506,7,0.980510752688172,0.03333333333333333,1.0,1.0,0.3877576276331145,0.6273692663859085,0.0002482078233700502,0.27561775365364377
2026-08-13,2026-08-14,2026-08-17,TRGP,1,269.5899963378906,276.8500061035156,0.02692981885175616,7,0.9725201072386058,0.03333333333333333,1.0,1.0,0.3080209653799151,-0.10100937227892576,0.000897660628391872,0.9967905224801213
2026-08-13,2026-08-14,2026-08-17,DAR,1,66.3499984741211,66.66000366210938,0.0046722712150353285,7,0.9616935483870968,0.03333333333333333,1.0,1.0,0.3329130955667334,0.4263367859566654,0.00015574237383451096,0.17294121773493418
2026-08-13,2026-08-14,2026-08-17,BAX,1,26.999584946256945,26.459790741253936,-0.019992685297847257,6,0.9724462365591398,0.03009298253602827,1.0,0.9027894760808481,0.43835336532478414,1.1563237617996591,-0.0006016395295164266,-0.6680794077442502
2026-08-13,2026-08-14,2026-08-17,VTRS,1,15.781637106659442,16.0000005979461,0.013836555093166947,4,0.9725201072386058,0.03333333333333333,1.0,1.0,0.31984364980051583,0.6991025084672244,0.00046121850310556486,0.5121514948379775
2026-08-13,2026-08-14,2026-08-17,OVV,1,63.02999877929688,63.310001373291016,0.004442370290606901,4,0.9784656796769852,0.03333333333333333,1.0,1.0,0.37593746221126717,-0.2938537868101634,0.0001480790096868967,0.16443157777630033
2026-08-13,2026-08-14,2026-08-17,SO,1,91.83171408900837,91.5999984741211,-0.0025232635281389193,4,0.9879356568364611,0.03333333333333333,1.0,1.0,0.1875340371261168,-0.2626573406885289,-8.410878427129731e-05,-0.09339703265046685
2026-08-13,2026-08-14,2026-08-17,SBUX,1,107.62000274658205,106.45999908447266,-0.010778699428589555,4,0.9751009421265142,0.03333333333333333,1.0,1.0,0.22625531024740583,0.5537986150098834,-0.0003592899809529852,-0.39896686621712346
2026-08-13,2026-08-14,2026-08-17,DVA,1,179.0,177.97000122070312,-0.00575418312456355,4,0.9743935309973046,0.030032776185778275,1.0,0.9009832855733483,0.43923212711765847,0.02958197313189384,-0.0001728140939119994,-0.1918981912697536
2026-08-13,2026-08-14,2026-08-17,TRP,1,63.27000045776367,64.81999969482422,0.024498170157202015,3,0.9752010723860589,0.03333333333333333,1.0,1.0,0.20088052332744125,-0.009645775053954767,0.0008166056719067338,0.906784556005725
2026-08-13,2026-08-14,2026-08-17,KIM,1,24.36000061035156,24.34000015258789,-0.000821036833437927,2,0.9698391420911527,0.03333333333333333,1.0,1.0,0.20908526078208467,0.15112649136839815,-2.73678944479309e-05,-0.030390168559364286
2026-08-13,2026-08-14,2026-08-17,DINO,1,92.87999725341795,94.5,0.017441890552192474,2,0.9631367292225201,0.03333333333333333,1.0,1.0,0.38627084317485444,-0.11763057227873983,0.0005813963517397492,0.6456007480877374
2026-08-13,2026-08-14,2026-08-17,CZR,1,29.790000915527344,29.700000762939453,-0.0030211530655234187,1,0.9892761394101877,0.03333333333333333,1.0,1.0,0.16563929266599345,0.78480514438624,-0.00010070510218411396,-0.11182610470768631
2026-08-13,2026-08-14,2026-08-17,PFGC,1,104.45999908447266,105.80999755859376,0.012923592628307556,1,0.9731903485254692,0.03333333333333333,1.0,1.0,0.26509512013523845,0.3725095575508788,0.0004307864209435852,0.4783587561136105
2026-08-13,2026-08-14,2026-08-17,CYTK,1,72.69999694824219,73.9000015258789,0.01650625348018986,0,0.967828418230563,0.03333333333333333,1.0,1.0,0.372295974150967,0.7442757920837006,0.000550208449339662,0.6109687228599688
2026-08-14,2026-08-17,2026-08-18,ZIM,1,28.82999992370605,29.125,0.010232399482296817,38,0.9865951742627346,0.032654081972246125,1.0,0.9796224591673838,0.40502262760615293,0.9932201357501607,0.00033412961146768905,0.37391262791299046
2026-08-14,2026-08-17,2026-08-18,CVLT,1,143.97999572753906,143.4499969482422,-0.0036810584457844797,32,0.9872139973082099,0.02292591754966732,1.0,0.6877775264900196,0.5768860528183202,1.013889407333716,-8.43916424235615e-05,-0.09443970156933765
2026-08-14,2026-08-17,2026-08-18,AGX,1,587.3699951171875,568.5599975585938,-0.03202410357178853,30,0.98342175066313,0.017230976654934362,1.0,0.5169292996480309,0.767550345364693,1.87294679727721,-0.0005518065810406883,-0.6175072239491067
2026-08-14,2026-08-17,2026-08-18,CVE,1,31.3799991607666,32.880001068115234,0.04780120928824094,28,0.980106100795756,0.03289759163356577,1.0,0.9869277490069732,0.40202462933400773,-0.09451023417841088,0.0015725446627551617,1.7597791012251842
2026-08-14,2026-08-17,2026-08-18,UTHR,1,502.2900085449219,510.4200134277344,0.016185878167005896,25,0.9932975871313673,0.03333333333333333,1.0,1.0,0.19760748276879414,0.10885907759616013,0.0005395292722335298,0.6037681219891842
2026-08-14,2026-08-17,2026-08-18,BIIB,1,208.3600006103516,211.0,0.012670375225163344,23,0.9827586206896551,0.03271004210747579,1.0,0.9813012632242736,0.40432971743081775,0.25160225732781494,0.00041444850713261096,0.4637946626635813
2026-08-14,2026-08-17,2026-08-18,SU,1,66.33000183105469,67.70999908447266,0.02080502359901759,23,0.9748010610079576,0.03333333333333333,1.0,1.0,0.33578225598219785,-0.2292643704417104,0.0006935007866339197,0.7760721968070484
2026-08-14,2026-08-17,2026-08-18,HAL,1,34.5,35.0,0.01449275362318847,21,0.9899193548387097,0.03333333333333333,1.0,1.0,0.3386482133483692,0.26536742854741036,0.0004830917874396157,0.5406109293075875
2026-08-14,2026-08-17,2026-08-18,ETSY,1,81.16000366210938,78.41000366210938,-0.03388368501619321,14,0.9919571045576407,0.03176397599276618,1.0,0.9529192797829854,0.4163723737065472,1.1630446093317446,-0.0010762805574008123,-1.2044274969275273
2026-08-14,2026-08-17,2026-08-18,NE,1,45.20000076293945,45.52999877929688,0.007300840946622422,13,0.9711796246648794,0.029330032730106235,1.0,0.879900981903187,0.4509249002265921,0.4332721038914808,0.00021413390392173543,0.23962967660645837
2026-08-14,2026-08-17,2026-08-18,FTI,1,78.67068108017156,79.62000274658203,0.012067032512951492,11,0.9966352624495289,0.03333333333333333,1.0,1.0,0.3728438026053861,0.382197446607541,0.0004022344170983831,0.4501263065959969
2026-08-14,2026-08-17,2026-08-18,AEO,1,16.010000228881836,16.549999237060547,0.03372885699305361,10,0.9710242587601078,0.024919418101542034,1.0,0.747582543046261,0.5307363931442453,1.4990067608444722,0.0008405034894970228,0.9405777211645348
2026-08-14,2026-08-17,2026-08-18,EXPE,1,330.02422932814954,316.3140056190395,-0.04154308226708314,9,0.977088948787062,0.0322944621315086,1.0,0.968833863945258,0.40953281799860136,1.0604308812849976,-0.001341611497100463,-1.501349965109649
2026-08-14,2026-08-17,2026-08-18,TEVA,1,36.52999877929688,36.470001220703125,-0.001642418850223426,8,0.980510752688172,0.03333333333333333,1.0,1.0,0.38725966125405026,0.621580667125113,-5.474729500744754e-05,-0.061265761084279134
2026-08-14,2026-08-17,2026-08-18,TRGP,1,276.8500061035156,293.4100036621094,0.05981577458373577,8,0.9752010723860589,0.03333333333333333,1.0,1.0,0.301910700682104,-0.11035722395367528,0.001993859152791192,2.2312572424626826
2026-08-14,2026-08-17,2026-08-18,DAR,1,66.66000366210938,67.51000213623047,0.0127512515365229,8,0.9616935483870968,0.03333333333333333,1.0,1.0,0.33834556078138833,0.41505599687455885,0.0004250417178840967,0.4756491500666148
2026-08-14,2026-08-17,2026-08-18,BAX,1,26.459790741253936,26.069941887838354,-0.014733633278806058,7,0.9724462365591398,0.030680481613645155,1.0,0.9204144484093546,0.4310767428299993,1.1487804311275223,-0.0004520349649125996,-0.5058563378941087
2026-08-14,2026-08-17,2026-08-18,VTRS,1,16.0000005979461,16.238215365242088,0.014888422399594425,5,0.9718498659517426,0.03333333333333333,1.0,1.0,0.3188840380041191,0.6849050371851025,0.0004962807466531475,0.5553702269864339
2026-08-14,2026-08-17,2026-08-18,OVV,1,63.310001373291016,65.0,0.026694022903969605,5,0.9784656796769852,0.03333333333333333,1.0,1.0,0.3770206776534296,-0.31060585851006445,0.0008898007634656535,0.9957445565060348
2026-08-14,2026-08-17,2026-08-18,SO,1,91.5999984741211,93.16000366210938,0.01703062460671334,5,0.985254691689008,0.03333333333333333,1.0,1.0,0.1874971029122725,-0.2586284750071477,0.0005676874868904447,0.6352789838773508
2026-08-14,2026-08-17,2026-08-18,SBUX,1,106.45999908447266,109.06999969482422,0.02451625617881703,5,0.9751009421265142,0.03333333333333333,1.0,1.0,0.2258934287639468,0.5455343933915614,0.000817208539293901,0.9145091664821438
2026-08-14,2026-08-17,2026-08-18,DVA,1,177.97000122070312,178.1300048828125,0.0008990484970046175,5,0.9743935309973046,0.030106012042781415,1.0,0.9031803612834425,0.4393023580696061,0.011194041469294444,2.7066764877865548e-05,0.03028945905192369
2026-08-14,2026-08-17,2026-08-18,TRP,1,64.81999969482422,64.31999969482422,-0.007713668657112427,4,0.9812332439678284,0.03333333333333333,1.0,1.0,0.1998781695502737,-0.013652326094792673,-0.00025712228857041424,-0.2877364570953715
2026-08-14,2026-08-17,2026-08-18,KIM,1,24.34000015258789,24.530000686645508,0.007806102418508543,3,0.9698391420911527,0.03333333333333333,1.0,1.0,0.20550914833029046,0.14559817665960362,0.0002602034139502847,0.2911844355090662
2026-08-14,2026-08-17,2026-08-18,DINO,1,94.5,95.41000366210938,0.009629668382109768,3,0.9631367292225201,0.03333333333333333,1.0,1.0,0.3896617501159339,-0.11562333391658518,0.0003209889460703256,0.3592073741353599
2026-08-14,2026-08-17,2026-08-18,CZR,1,29.700000762939453,29.68000030517578,-0.0006734160690200497,2,0.9892761394101877,0.03333333333333333,1.0,1.0,0.12786585261851618,0.7723017901819774,-2.2447202300668324e-05,-0.0251198699949677
2026-08-14,2026-08-17,2026-08-18,PFGC,1,105.80999755859376,105.0500030517578,-0.007182634196878257,2,0.9731903485254692,0.03333333333333333,1.0,1.0,0.2711721593178394,0.3581975289539255,-0.0002394211398959419,-0.2679277278155048
2026-08-14,2026-08-17,2026-08-18,CYTK,1,73.9000015258789,75.56999969482422,0.022598080303970036,1,0.967828418230563,0.03333333333333333,1.0,1.0,0.3711786709611789,0.7174791807763873,0.0007532693434656679,0.8429570743650706
2026-08-14,2026-08-17,2026-08-18,XEL,1,78.77999877929688,80.0999984741211,0.016755518091872812,0,0.9973190348525469,0.03333333333333333,1.0,1.0,0.20556291566388823,-0.006922932937437076,0.0005585172697290937,0.6250169182607416
2026-08-14,2026-08-17,2026-08-18,BALL,1,62.43000030517578,61.72999954223633,-0.011212570230941021,0,0.9644772117962466,0.03333333333333333,1.0,1.0,0.2480116544769923,0.2107946442202185,-0.00037375234103136735,-0.4182530228608156
2026-08-17,2026-08-18,2026-08-19,ZIM,1,29.125,26.799999237060547,-0.0798283523756036,39,0.9906166219839142,0.031808018198050896,1.0,0.954240545941527,0.41626428591732756,0.9848969902183554,-0.0025391816850836185,-2.864478464230709
2026-08-17,2026-08-18,2026-08-19,CVLT,1,143.4499969482422,142.8000030517578,-0.004531153086876016,33,0.9872139973082099,0.022829728061634122,1.0,0.6848918418490236,0.5799693253424271,1.019264637517106,-0.00010344499277901347,-0.11669742097963628
2026-08-17,2026-08-18,2026-08-19,AGX,1,568.5599975585938,554.0,-0.025608550761774707,31,0.98342175066313,0.017228008054803887,1.0,0.5168402416441166,0.768547468722886,1.8747815716007015,-0.00044118431879570886,-0.49770482646852676
2026-08-17,2026-08-18,2026-08-19,CVE,1,32.880001068115234,32.70000076293945,-0.005474461658407148,29,0.980106100795756,0.032966735540627574,1.0,0.9890020662188272,0.4016333969537149,-0.09810908213163137,-0.0001804751297200139,-0.2035959559133316
2026-08-17,2026-08-18,2026-08-19,UTHR,1,510.4200134277344,525.469970703125,0.029485437246714374,26,0.9892761394101877,0.03333333333333333,1.0,1.0,0.19742745104243734,0.1057638279335333,0.0009828479082238124,1.10876141052057
2026-08-17,2026-08-18,2026-08-19,BIIB,1,211.0,215.3300018310547,0.02052133569220227,24,0.9827586206896551,0.03333333333333333,1.0,1.0,0.3822224212171691,0.2452347823440156,0.000684044523073409,0.7716780632238295
2026-08-17,2026-08-18,2026-08-19,SU,1,67.70999908447266,68.16000366210938,0.006646057948919815,24,0.9748010610079576,0.03333333333333333,1.0,1.0,0.33527974700059965,-0.2299356903134792,0.0002215352649639938,0.24991634087661063
2026-08-17,2026-08-18,2026-08-19,HAL,1,35.0,35.11000061035156,0.0031428745814732206,22,0.9899193548387097,0.03333333333333333,1.0,1.0,0.35343664907902766,0.25609347420107315,0.00010476248604910736,0.11818369946105522
2026-08-17,2026-08-18,2026-08-19,ETSY,1,78.41000366210938,80.5,0.026654715473512836,15,0.9926273458445041,0.03176917247680984,1.0,0.9530751743042952,0.41677327262213254,1.156411148489402,0.0008467982531983213,0.9552823155917239
2026-08-17,2026-08-18,2026-08-19,NE,1,45.52999877929688,45.720001220703125,0.004173126433129504,14,0.9711796246648794,0.029453094384370448,1.0,0.8835928315311135,0.4495467202482884,0.42758132173119234,0.00012291148671287447,0.1386577844208157
2026-08-17,2026-08-18,2026-08-19,FTI,1,79.62000274658203,79.37999725341797,-0.003014386898829491,12,0.9966352624495289,0.03333333333333333,1.0,1.0,0.37591756822291356,0.37940393004607015,-0.00010047956329431635,-0.11335208773861226
2026-08-17,2026-08-18,2026-08-19,AEO,1,16.549999237060547,16.6200008392334,0.004229704253768007,11,0.9710242587601078,0.024938030896547194,1.0,0.7481409268964159,0.5309377487173713,1.4884401687935942,0.00010548049536372366,0.1189936935748745
2026-08-17,2026-08-18,2026-08-19,EXPE,1,316.3140056190395,323.66341986182596,0.023234552097695982,10,0.977088948787062,0.03234517515904355,1.0,0.9703552547713067,0.40935137672163835,1.053781594244804,0.0007515256573418993,0.8478042644285242
2026-08-17,2026-08-18,2026-08-19,TEVA,1,36.470001220703125,37.0,0.014532458501701706,9,0.980510752688172,0.03333333333333333,1.0,1.0,0.3837314446603402,0.6156489170753137,0.00048441528339005684,0.5464741476226181
2026-08-17,2026-08-18,2026-08-19,TRGP,1,293.4100036621094,298.29998779296875,0.016666044340092334,9,0.9711796246648794,0.03333333333333333,1.0,1.0,0.3075312021154077,-0.11413550540645163,0.0005555348113364111,0.626704860290931
2026-08-17,2026-08-18,2026-08-19,BAX,1,26.069941887838354,26.029959308625386,-0.0015336658357347766,8,0.9724462365591398,0.030728109405439668,1.0,0.92184328216319,0.4308934795485042,1.1501503110483868,-4.7126651591843276e-05,-0.053164088008808015
2026-08-17,2026-08-18,2026-08-19,VTRS,1,16.238215365242088,16.29776670076356,0.0036673571683834005,6,0.9805630026809651,0.03333333333333333,1.0,1.0,0.31973490750388295,0.678973549324217,0.00012224523894611335,0.13790618307186922
2026-08-17,2026-08-18,2026-08-19,OVV,1,65.0,65.75,0.011538461538461497,6,0.9784656796769852,0.03333333333333333,1.0,1.0,0.3772569747902361,-0.3112599695533058,0.00038461538461538326,0.43388879681774145
2026-08-17,2026-08-18,2026-08-19,SO,1,93.16000366210938,92.55999755859376,-0.006440597680650861,6,0.985254691689008,0.03333333333333333,1.0,1.0,0.1871281024150693,-0.26001455734781803,-0.0002146865893550287,-0.24219027546521152
2026-08-17,2026-08-18,2026-08-19,DVA,1,178.1300048828125,178.77000427246094,0.003592878078398254,6,0.9743935309973046,0.030361676970675378,1.0,0.9108503091202613,0.43609389542103705,0.007723420468019432,0.00010908580361134867,0.12306088100494415
2026-08-17,2026-08-18,2026-08-19,TRP,1,64.31999969482422,64.18000030517578,-0.002176607436453426,5,0.9872654155495979,0.03333333333333333,1.0,1.0,0.19918173355750005,-0.018680589761016678,-7.25535812151142e-05,-0.08184848375143518
2026-08-17,2026-08-18,2026-08-19,KIM,1,24.530000686645508,24.34000015258789,-0.007745639165883,4,0.9698391420911527,0.03333333333333333,1.0,1.0,0.2053947944160847,0.14268653457978928,-0.0002581879721961,-0.29126465838334464
2026-08-17,2026-08-18,2026-08-19,DINO,1,95.41000366210938,96.25,0.008804069863213027,4,0.9631367292225201,0.03333333333333333,1.0,1.0,0.3896534548531158,-0.12049276047202058,0.0002934689954404342,0.33106556427090045
2026-08-17,2026-08-18,2026-08-19,CZR,1,29.68000030517578,29.670000076293945,-0.00033693493190745105,3,0.9892761394101877,0.03333333333333333,1.0,1.0,0.12549393751956348,0.7650126944131727,-1.1231164396915035e-05,-0.012669998658303315
2026-08-17,2026-08-18,2026-08-19,PFGC,1,105.0500030517578,104.72000122070312,-0.003141378595601596,3,0.9731903485254692,0.03333333333333333,1.0,1.0,0.27524971712657104,0.3490719314892886,-0.00010471261985338654,-0.11812744486353094
2026-08-17,2026-08-18,2026-08-19,CYTK,1,75.56999969482422,77.2300033569336,0.021966437327153532,2,0.967828418230563,0.03333333333333333,1.0,1.0,0.3697339439906307,0.7051282414548433,0.0007322145775717844,0.826019225395087
2026-08-17,2026-08-18,2026-08-19,XEL,1,80.0999984741211,79.5999984741211,-0.006242197372344993,1,0.9973190348525469,0.03333333333333333,1.0,1.0,0.20559741319112465,-0.008330948697636679,-0.0002080732457448331,-0.2347296906400893
2026-08-17,2026-08-18,2026-08-19,BALL,1,61.72999954223633,62.09000015258789,0.005831858302627113,1,0.9644772117962466,0.03333333333333333,1.0,1.0,0.24808505004837342,0.20719192464962075,0.0001943952767542371,0.21929942511866507
2026-08-18,2026-08-19,2026-08-20,CVLT,1,142.8000030517578,136.05999755859375,-0.04719891701067502,34,0.9872139973082099,0.02252452910780152,1.0,0.6757358732340456,0.5816711670411494,1.0218378756998592,-0.0010631333800636578,-1.2021482092428806
2026-08-18,2026-08-19,2026-08-20,AGX,1,554.0,524.0,-0.054151624548736454,32,0.98342175066313,0.017050500161449166,1.0,0.511515004843475,0.7684155308716578,1.8654123356294936,-0.0009233122831109656,-1.0440441703065906
2026-08-18,2026-08-19,2026-08-20,CVE,1,32.70000076293945,33.400001525878906,0.021406750660776686,30,0.980106100795756,0.03230396508552393,1.0,0.9691189525657179,0.4055808349996783,-0.1089273656598274,0.0006915229259402464,0.7819461439727229
2026-08-18,2026-08-19,2026-08-20,UTHR,1,525.469970703125,524.1500244140625,-0.0025119347682157622,27,0.9892761394101877,0.03333333333333333,1.0,1.0,0.2001449389386454,0.1006718763776946,-8.37311589405254e-05,-0.09467980656590476
2026-08-18,2026-08-19,2026-08-20,BIIB,1,215.3300018310547,217.97999572753903,0.012306663604468415,25,0.9827586206896551,0.03333333333333333,1.0,1.0,0.3821183433696533,0.24638127403639137,0.0004102221201489472,0.46386257489097577
2026-08-18,2026-08-19,2026-08-20,SU,1,68.16000366210938,69.12000274658203,0.01408449285348734,25,0.9748010610079576,0.03333333333333333,1.0,1.0,0.3331927077466904,-0.233090701249895,0.00046948309511624466,0.5308724875424421
2026-08-18,2026-08-19,2026-08-20,HAL,1,35.11000061035156,35.41999816894531,0.008829323645820564,23,0.9899193548387097,0.03333333333333333,1.0,1.0,0.35308520416087014,0.2535581597320906,0.0002943107881940188,0.3327947307675688
2026-08-18,2026-08-19,2026-08-20,ETSY,1,80.5,81.69000244140625,0.014782639023680044,16,0.9966487935656836,0.031273008123613624,1.0,0.9381902437084086,0.4189513551558314,1.1597448138115705,0.0004622975902759938,0.5227474094118915
2026-08-18,2026-08-19,2026-08-20,NE,1,45.720001220703125,46.560001373291016,0.01837270625897358,15,0.9711796246648794,0.029166711980188727,1.0,0.8750013594056618,0.44920624381955004,0.4266366188121244,0.0005358714317520931,0.6059417323785133
2026-08-18,2026-08-19,2026-08-20,FTI,1,79.37999725341797,77.87000274658203,-0.019022355241652744,13,0.9966352624495289,0.03333333333333333,1.0,1.0,0.3733921102316249,0.37528476527774374,-0.0006340785080550914,-0.7169903205674754
2026-08-18,2026-08-19,2026-08-20,AEO,1,16.6200008392334,16.43000030517578,-0.01143204118312069,12,0.9710242587601078,0.02471070237369978,1.0,0.7413210712109934,0.5302103086770976,1.4796476612994418,-0.00028249376719997405,-0.31943252157258917
2026-08-18,2026-08-19,2026-08-20,EXPE,1,323.66341986182596,326.2097352615215,0.007867170781247212,11,0.977088948787062,0.03110470985207544,1.0,0.9331412955622632,0.421218175494829,1.0663765681603192,0.0002447060645074202,0.27670371634916935
2026-08-18,2026-08-19,2026-08-20,TEVA,1,37.0,37.119998931884766,0.00324321437526387,10,0.980510752688172,0.03333333333333333,1.0,1.0,0.3794284169535599,0.6191514315582625,0.000108107145842129,0.12224318624319046
2026-08-18,2026-08-19,2026-08-20,TRGP,1,298.29998779296875,300.0,0.005699001932950587,10,0.9711796246648794,0.03333333333333333,1.0,1.0,0.3061226843217695,-0.11621664632623747,0.0001899667310983529,0.21480669301525898
2026-08-18,2026-08-19,2026-08-20,BAX,1,26.029959308625386,25.890011062769254,-0.0053764296823067825,9,0.9724462365591398,0.0303192962276797,1.0,0.909578886830391,0.43212972474031336,1.1592081122494893,-0.0001630095641851492,-0.1843246194216062
2026-08-18,2026-08-19,2026-08-20,VTRS,1,16.29776670076356,15.950372976562885,-0.021315418890147653,7,0.9785522788203753,0.03333333333333333,1.0,1.0,0.306729963909949,0.6794827619410868,-0.0007105139630049218,-0.8034204402624298
2026-08-18,2026-08-19,2026-08-20,OVV,1,65.75,66.69999694824219,0.014448622786953358,7,0.9784656796769852,0.03333333333333333,1.0,1.0,0.3738489341870454,-0.31410826683279525,0.0004816207595651119,0.5445972673821298
2026-08-18,2026-08-19,2026-08-20,SO,1,92.55999755859376,91.75,-0.008751054234643951,7,0.985254691689008,0.03333333333333333,1.0,1.0,0.18561027110188252,-0.2607117928706671,-0.00029170180782146505,-0.32984460132790483
2026-08-18,2026-08-19,2026-08-20,DVA,1,178.77000427246094,176.69000244140625,-0.011635071775713435,7,0.9743935309973046,0.030422443541446416,1.0,0.9126733062433925,0.43066458863955964,0.014345253071975803,-0.00035396731419731867,-0.40025191652560055
2026-08-18,2026-08-19,2026-08-20,TRP,1,64.18000030517578,62.83000183105469,-0.02103456634001022,6,0.9872654155495979,0.03333333333333333,1.0,1.0,0.20028820911327827,-0.01430205223217713,-0.000701152211333674,-0.7928345502715679
2026-08-18,2026-08-19,2026-08-20,KIM,1,24.34000015258789,24.299999237060547,-0.0016434229776737252,5,0.9698391420911527,0.03333333333333333,1.0,1.0,0.20473130888555283,0.14258668853442055,-5.4780765922457504e-05,-0.0619438735435929
2026-08-18,2026-08-19,2026-08-20,DINO,1,96.25,95.18000030517578,-0.011116879946225677,5,0.9631367292225201,0.03333333333333333,1.0,1.0,0.38908307766258293,-0.1245335976076281,-0.00037056266487418924,-0.4190172675832101
2026-08-18,2026-08-19,2026-08-20,CZR,1,29.670000076293945,29.61000061035156,-0.0020222266864881044,4,0.9892761394101877,0.03333333333333333,1.0,1.0,0.11748516918542741,0.7645839373795337,-6.740755621627015e-05,-0.07622173709753696
2026-08-18,2026-08-19,2026-08-20,PFGC,1,104.72000122070312,101.94000244140624,-0.0265469704630531,4,0.9731903485254692,0.03333333333333333,1.0,1.0,0.27930826145776066,0.3563923468094331,-0.0008848990154351033,-1.0006080015119092
2026-08-18,2026-08-19,2026-08-20,CYTK,1,77.2300033569336,77.36000061035156,0.001683248061212117,3,0.967828418230563,0.03333333333333333,1.0,1.0,0.36595546498787684,0.6990737202203626,5.610826870707056e-05,0.0634449599784784
2026-08-18,2026-08-19,2026-08-20,XEL,1,79.5999984741211,79.18000030517578,-0.005276359007492459,2,0.9973190348525469,0.03333333333333333,1.0,1.0,0.198476074879955,-0.00865153422894302,-0.00017587863358308197,-0.1988764423832941
2026-08-18,2026-08-19,2026-08-20,BALL,1,62.09000015258789,61.810001373291016,-0.004509563192281685,2,0.9644772117962466,0.03333333333333333,1.0,1.0,0.24337201320409066,0.20951340384758538,-0.00015031877307605617,-0.16997438633536996
2026-08-18,2026-08-19,2026-08-20,CRL,1,284.2200012207031,285.7200012207031,0.005277601835048884,0,0.985254691689008,0.0276103420922717,1.0,0.828310262768151,0.4745275914873413,1.2543731529029682,0.00014571639209250056,0.16477020014256732
2026-08-18,2026-08-19,2026-08-20,ZIM,1,26.799999237060547,27.450000762939453,0.024253788969517798,0,0.9805630026809651,0.0313154142885986,1.0,0.9394624286579581,0.4183840268706715,0.9747218838077785,0.0007595174496486929,0.8588316001602965
2026-08-19,2026-08-20,2026-08-21,CVLT,1,136.05999755859375,132.4499969482422,-0.026532417133088182,35,0.9872139973082099,0.02252076479471751,1.0,0.6756229438415253,0.5819046042199757,1.020204748034385,-0.000597530325689612,-0.6742026753017921
2026-08-19,2026-08-20,2026-08-21,AGX,1,524.0,521.280029296875,-0.005190783784589703,33,0.98342175066313,0.017202884620566856,1.0,0.5160865386170057,0.7617871661438506,1.8891056478416917,-8.929645453660602e-05,-0.10075456584410686
2026-08-19,2026-08-20,2026-08-21,CVE,1,33.400001525878906,32.63999938964844,-0.02275455393741843,31,0.980106100795756,0.032480952768402585,1.0,0.9744285830520776,0.4034652806536425,-0.11441835327861907,-0.0007390895917073571,-0.8339261767873017
2026-08-19,2026-08-20,2026-08-21,UTHR,1,524.1500244140625,523.22998046875,-0.0017553065009221491,28,0.9892761394101877,0.03333333333333333,1.0,1.0,0.2044629193327294,0.09284379504234234,-5.851021669740497e-05,-0.06601797922867132
2026-08-19,2026-08-20,2026-08-21,BIIB,1,217.97999572753903,217.75999450683597,-0.0010092725250717693,26,0.9827586206896551,0.03333333333333333,1.0,1.0,0.3829684034849017,0.24390586197030567,-3.364241750239231e-05,-0.03795925814736779
2026-08-19,2026-08-20,2026-08-21,SU,1,69.12000274658203,68.29000091552734,-0.01200812786564498,26,0.9748010610079576,0.03333333333333333,1.0,1.0,0.3318912130471228,-0.23934459320279683,-0.00040027092885483266,-0.4516318577940136
2026-08-19,2026-08-20,2026-08-21,ETSY,1,81.69000244140625,82.08999633789062,0.004896485304566767,17,0.9953020134228188,0.03122601373446461,1.0,0.9367804120339384,0.41968010505731457,1.142738523640826,0.00015289771737100598,0.17251685088970142
2026-08-19,2026-08-20,2026-08-21,NE,1,46.560001373291016,47.150001525878906,0.012671824209316673,16,0.9691275167785235,0.029438930120081405,1.0,0.8831679036024421,0.445156691195849,0.42226703099883117,0.00037304494739202936,0.4209123633168848
2026-08-19,2026-08-20,2026-08-21,FTI,1,77.87000274658203,78.18000030517578,0.003980962471551441,14,0.9966352624495289,0.03333333333333333,1.0,1.0,0.37103890825950253,0.3803180371649452,0.00013269874905171472,0.14972604363906442
2026-08-19,2026-08-20,2026-08-21,AEO,1,16.43000030517578,16.239999771118164,-0.011564244097899579,13,0.9710242587601078,0.02487791280366497,1.0,0.7463373841099491,0.5267699436051829,1.4811618597827032,-0.00028769425630784296,-0.3246098631861945
2026-08-19,2026-08-20,2026-08-21,EXPE,1,326.2097352615215,327.9772127181157,0.005418224122518245,12,0.977088948787062,0.031241336173806512,1.0,0.9372400852141953,0.41947427125696213,1.0599358587267076,0.0001692725612766203,0.1909928396289728
2026-08-19,2026-08-20,2026-08-21,TEVA,1,37.119998931884766,36.790000915527344,-0.008890033024057109,11,0.980510752688172,0.03333333333333333,1.0,1.0,0.3790224432257665,0.6201907609229664,-0.00029633443413523697,-0.3343587089867643
2026-08-19,2026-08-20,2026-08-21,BAX,1,25.890011062769254,26.4997761261924,0.02355213607073381,10,0.9724462365591398,0.03047381831631847,1.0,0.9142145494895542,0.43003920902106557,1.1534417513402624,0.0007177235155807529,0.8098185038108158
2026-08-19,2026-08-20,2026-08-21,VTRS,1,15.950372976562885,16.010000228881836,0.003738298308545218,8,0.9778523489932887,0.03333333333333333,1.0,1.0,0.3068043394010373,0.6783369079877746,0.00012460994361817394,0.1405993198079434
2026-08-19,2026-08-20,2026-08-21,SO,1,91.75,91.4800033569336,-0.0029427427037210796,8,0.985254691689008,0.03333333333333333,1.0,1.0,0.18080365953082655,-0.2590968662117262,-9.809142345736931e-05,-0.11067806482088492
2026-08-19,2026-08-20,2026-08-21,DVA,1,176.69000244140625,175.25,-0.008149880703543388,8,0.9743935309973046,0.030406475637156694,1.0,0.9121942691147008,0.43099163747169145,0.01296059148593237,-0.0002478091490580255,-0.2796068819877236
2026-08-19,2026-08-20,2026-08-21,TRP,1,62.83000183105469,63.65999984741211,0.013210217924061629,7,0.9872654155495979,0.03333333333333333,1.0,1.0,0.19904587447960048,-0.01987784811354766,0.000440340597468721,0.4968430824239293
2026-08-19,2026-08-20,2026-08-21,KIM,1,24.299999237060547,24.209999084472656,-0.0037037100993250194,6,0.9698391420911527,0.03333333333333333,1.0,1.0,0.20129376143587077,0.14546158439714246,-0.00012345700331083397,-0.13929843949065612
2026-08-19,2026-08-20,2026-08-21,DINO,1,95.18000030517578,94.0,-0.012397565679684197,6,0.9631367292225201,0.03333333333333333,1.0,1.0,0.3891050512160997,-0.12549185855331263,-0.0004132521893228066,-0.4662788140404546
2026-08-19,2026-08-20,2026-08-21,CZR,1,29.61000061035156,29.690000534057617,0.0027017873035128925,5,0.9892761394101877,0.03333333333333333,1.0,1.0,0.11656643625078714,0.7616581177239682,9.005957678376308e-05,0.10161560843641684
2026-08-19,2026-08-20,2026-08-21,PFGC,1,101.94000244140624,104.41999816894533,0.024327993605498976,5,0.9731903485254692,0.03333333333333333,1.0,1.0,0.2793666781596217,0.3509939200762169,0.0008109331201832992,0.9149883371817541
2026-08-19,2026-08-20,2026-08-21,CYTK,1,77.36000061035156,77.30000305175781,-0.0007755630573990091,4,0.967828418230563,0.03333333333333333,1.0,1.0,0.36552552174177916,0.6963314737846545,-2.5852101913300304e-05,-0.02916932500790839
2026-08-19,2026-08-20,2026-08-21,XEL,1,79.18000030517578,78.94999694824219,-0.002904816317846892,3,0.9973190348525469,0.03333333333333333,1.0,1.0,0.1984491106544407,-0.009459195020625796,-9.682721059489641e-05,-0.10925163396476648
2026-08-19,2026-08-20,2026-08-21,BALL,1,61.810001373291016,62.95000076293945,0.01844360725319527,3,0.9644772117962466,0.03333333333333333,1.0,1.0,0.2430032696656906,0.20617640764057588,0.0006147869084398423,0.6936735435683435
2026-08-19,2026-08-20,2026-08-21,CRL,1,285.7200012207031,291.7799987792969,0.021209567173117616,1,0.985254691689008,0.027357214686146943,1.0,0.8207164405844083,0.4790303718761724,1.2645106843423455,0.0005802346825552334,0.6546877346018278
2026-08-19,2026-08-20,2026-08-21,ZIM,1,27.450000762939453,27.5,0.00182146578035991,1,0.9805630026809651,0.031259364180425034,1.0,0.9377809254127509,0.4192323506313579,0.9704902795627167,5.69378621704525e-05,0.06424386738360172
2026-08-20,2026-08-21,2026-08-24,CVLT,1,132.4499969482422,132.6300048828125,0.001359063334978039,36,0.9906166219839142,0.022790909520546517,1.0,0.6837272856163955,0.5821981953420307,1.0170370236044788,3.097428950017669e-05,0.03497169048738849
2026-08-20,2026-08-21,2026-08-24,AGX,1,521.280029296875,496.3200073242188,-0.047882175740212696,34,0.98342175066313,0.017382462568417207,1.0,0.5214738770525162,0.7633456042744067,1.8851014797558092,-0.0008323101274986216,-0.9397242886954552
2026-08-20,2026-08-21,2026-08-24,CVE,1,32.63999938964844,32.47999954223633,-0.004901956201103785,32,0.980106100795756,0.03290268225133713,1.0,0.9870804675401138,0.4032749151484894,-0.1153478326934178,-0.0001612875072948895,-0.18210253973919605
2026-08-20,2026-08-21,2026-08-24,UTHR,1,523.22998046875,513.1199951171875,-0.019322259291230215,29,0.9892761394101877,0.03333333333333333,1.0,1.0,0.2092749268745331,0.09436562010852231,-0.0006440753097076738,-0.727196741075761
2026-08-20,2026-08-21,2026-08-24,BIIB,1,217.75999450683597,216.3999938964844,-0.006245410748799696,27,0.9827586206896551,0.03333333333333333,1.0,1.0,0.39095100446471615,0.2458203127377959,-0.00020818035829332318,-0.23504716890265417
2026-08-20,2026-08-21,2026-08-24,SU,1,68.29000091552734,67.72000122070312,-0.008346751898997473,27,0.9748010610079576,0.03333333333333333,1.0,1.0,0.3319355442472048,-0.24038565608843035,-0.00027822506329991576,-0.31413152509933184
2026-08-20,2026-08-21,2026-08-24,ETSY,1,82.08999633789062,80.80999755859375,-0.015592628047250368,18,0.9986595174262735,0.03186928125447421,1.0,0.9560784376342264,0.41635160476682676,1.1416519231217084,-0.000496925848734225,-0.5610568396416975
2026-08-20,2026-08-21,2026-08-24,NE,1,47.150001525878906,46.0,-0.02439027547534034,17,0.9691275167785235,0.029728248542357432,1.0,0.8918474562707229,0.4463373068938113,0.42415387561589274,-0.0007250801713474827,-0.8186557218935443
2026-08-20,2026-08-21,2026-08-24,FTI,1,78.18000030517578,76.68000030517578,-0.019186492634238217,15,0.9966352624495289,0.03333333333333333,1.0,1.0,0.3725281839074929,0.37859634802982783,-0.0006395497544746072,-0.7220871382584476
2026-08-20,2026-08-21,2026-08-24,EXPE,1,327.9772127181157,323.0842260841352,-0.014918678628401683,13,0.977088948787062,0.0316244259044554,1.0,0.9487327771336619,0.4195752496236244,1.0605527885021568,-0.0004717946468762713,-0.5326823191237232
2026-08-20,2026-08-21,2026-08-24,TEVA,1,36.790000915527344,37.29999923706055,0.01386241665783583,12,0.980510752688172,0.03333333333333333,1.0,1.0,0.3817797407664949,0.6223426985094981,0.0004620805552611943,0.5217145710071225
2026-08-20,2026-08-21,2026-08-24,BAX,1,26.4997761261924,26.35983135704976,-0.005280979298701305,11,0.9724462365591398,0.030906067920387914,1.0,0.9271820376116374,0.4293275491157707,1.1540083304405935,-0.00016321430489182507,-0.18427800107436212
2026-08-20,2026-08-21,2026-08-24,VTRS,1,16.010000228881836,16.25,0.014990616345226915,9,0.9792225201072386,0.03333333333333333,1.0,1.0,0.3042865342774388,0.6785388981623345,0.0004996872115075638,0.5641745713408234
2026-08-20,2026-08-21,2026-08-24,SO,1,91.4800033569336,89.05999755859375,-0.0264539321112347,9,0.985254691689008,0.03333333333333333,1.0,1.0,0.180568032602625,-0.25930408091513185,-0.0008817977370411567,-0.9955985441443944
2026-08-20,2026-08-21,2026-08-24,DVA,1,175.25,174.02999877929688,-0.006961490560360217,9,0.9743935309973046,0.030970183689564387,1.0,0.9291055106869316,0.42843873727286635,0.011507150950051866,-0.00021559864140752446,-0.2434228219104879
2026-08-20,2026-08-21,2026-08-24,TRP,1,63.65999984741211,61.79999923706055,-0.029217728790603692,8,0.9872654155495979,0.03333333333333333,1.0,1.0,0.20504187711040614,-0.022837655662472305,-0.0009739242930201231,-1.0996145346111685
2026-08-20,2026-08-21,2026-08-24,KIM,1,24.209999084472656,24.059999465942383,-0.006195771342530798,7,0.9698391420911527,0.03333333333333333,1.0,1.0,0.20108025960945247,0.14539429647965313,-0.00020652571141769327,-0.23317898082363064
2026-08-20,2026-08-21,2026-08-24,DINO,1,94.0,96.04000091552734,0.021702137399226995,7,0.9631367292225201,0.03333333333333333,1.0,1.0,0.3890274256149403,-0.12711214177767902,0.0007234045799742331,0.8167638863152564
2026-08-20,2026-08-21,2026-08-24,CZR,1,29.690000534057617,29.71999931335449,0.0010104000928683465,6,0.9892761394101877,0.03333333333333333,1.0,1.0,0.11614661369757834,0.7622059428731194,3.368000309561155e-05,0.03802659117870305
2026-08-20,2026-08-21,2026-08-24,PFGC,1,104.41999816894533,105.0,0.005554509109608086,6,0.9731903485254692,0.03333333333333333,1.0,1.0,0.2760472726304448,0.35045056281884657,0.00018515030365360286,0.20904496011063814
2026-08-20,2026-08-21,2026-08-24,CYTK,1,77.30000305175781,77.19999694824219,-0.0012937399685309936,5,0.967828418230563,0.03333333333333333,1.0,1.0,0.3664943636218145,0.6979910652820914,-4.312466561769979e-05,-0.04869013890845561
2026-08-20,2026-08-21,2026-08-24,XEL,1,78.94999694824219,76.43000030517578,-0.031918894749526805,4,0.9973190348525469,0.03333333333333333,1.0,1.0,0.1941345588067859,-0.009056545745475956,-0.0010639631583175603,-1.2012734065281394
2026-08-20,2026-08-21,2026-08-24,BALL,1,62.95000076293945,63.880001068115234,0.01477363453382674,4,0.9644772117962466,0.03333333333333333,1.0,1.0,0.24281533806646227,0.20616386206169646,0.0004924544844608914,0.5560084214230165
2026-08-20,2026-08-21,2026-08-24,CRL,1,291.7799987792969,297.6300048828125,0.020049373253786973,2,0.985254691689008,0.02751546524081541,1.0,0.8254639572244623,0.48223158419953616,1.2672781516557705,0.0005516678328647095,0.6228635753754072
2026-08-20,2026-08-21,2026-08-24,ZIM,1,27.5,28.440000534057617,0.034181837602095255,2,0.9658176943699732,0.03109964642977135,1.0,0.9329893928931404,0.4266552169018741,0.9664994396983527,0.0010630430637450258,1.2002345687330187
2026-08-20,2026-08-21,2026-08-24,EAT,1,233.30999755859372,248.8800048828125,0.06673527704404747,0,0.9932975871313673,0.02970826519220776,1.0,0.8912479557662328,0.44663753696887,0.7399109278764538,0.001982589308100017,2.238453270932461
2026-08-20,2026-08-21,2026-08-24,VRNS,1,40.93999862670898,41.22999954223633,0.007083559483515911,0,0.989946380697051,0.024240607807484417,1.0,0.7272182342245325,0.5473801027781517,0.9531580302823611,0.00017170978732089607,0.1938698718434664
2026-08-21,2026-08-24,2026-08-25,CVLT,1,132.6300048828125,130.97000122070312,-0.012516049166823917,37,0.9906166219839142,0.022439877007869858,1.0,0.6731963102360957,0.588228497972801,1.02950291572488,-0.0002808586039279807,-0.31649954209246717
2026-08-21,2026-08-24,2026-08-25,AGX,1,496.3200073242188,478.010009765625,-0.03689151613554209,35,0.98342175066313,0.017277685577824907,1.0,0.5183305673347472,0.7639782011066901,1.8734598585154698,-0.0006374000162791504,-0.7182860359649609
2026-08-21,2026-08-24,2026-08-25,CVE,1,32.47999954223633,31.559999465942383,-0.028325125900867,33,0.980106100795756,0.03333333333333333,1.0,1.0,0.3947204821046417,-0.1166815473556612,-0.0009441708633622333,-1.0639860831460366
2026-08-21,2026-08-24,2026-08-25,UTHR,1,513.1199951171875,516.0700073242188,0.005749166345305978,30,0.963758389261745,0.03333333333333333,1.0,1.0,0.2110982202045479,0.10204660865927086,0.00019163887817686594,0.2159578390756557
2026-08-21,2026-08-24,2026-08-25,BIIB,1,216.3999938964844,218.92999267578125,0.01169130707326671,28,0.9827586206896551,0.03333333333333333,1.0,1.0,0.3958138913606481,0.27177747275824593,0.000389710235775557,0.43916443878407774
2026-08-21,2026-08-24,2026-08-25,SU,1,67.72000122070312,66.5,-0.018015375054809546,28,0.9748010610079576,0.03333333333333333,1.0,1.0,0.3280401199382777,-0.24530252428455965,-0.0006005125018269849,-0.676717498381425
2026-08-21,2026-08-24,2026-08-25,ETSY,1,80.80999755859375,87.0,0.07659946328940292,19,0.9966442953020134,0.03273767098681884,1.0,0.9821301296045652,0.40319835679050897,1.1250609444183082,0.0025076880269353807,2.82591347082011
2026-08-21,2026-08-24,2026-08-25,NE,1,46.0,45.20000076293945,-0.017391287762185792,18,0.9691275167785235,0.029371309025931283,1.0,0.8811392707779385,0.44941051607130905,0.3988952072248172,-0.0005108048872220558,-0.5756259934476894
2026-08-21,2026-08-24,2026-08-25,FTI,1,76.68000030517578,75.33000183105469,-0.01760561383344139,16,0.9966352624495289,0.03333333333333333,1.0,1.0,0.3698131891119459,0.3722075936609118,-0.0005868537944480463,-0.6613255019442513
2026-08-21,2026-08-24,2026-08-25,EXPE,1,323.0842260841352,336.51488509608606,0.04157014774362078,14,0.977088948787062,0.0314057199169735,1.0,0.9421715975092051,0.4202984418739511,1.0640942138533347,0.0013055404169433622,1.4712134090495537
2026-08-21,2026-08-24,2026-08-25,TEVA,1,37.29999923706055,37.130001068115234,-0.004557591753953871,13,0.980510752688172,0.03333333333333333,1.0,1.0,0.38356383376213443,0.6205863268439479,-0.0001519197251317957,-0.17119832815004807
2026-08-21,2026-08-24,2026-08-25,BAX,1,26.35983135704976,26.41980684521049,0.0022752606929972163,12,0.9724462365591398,0.03078145960981847,1.0,0.9234437882945541,0.4288222623082922,1.1672245500627603,7.00358451233014e-05,0.07892338921284338
2026-08-21,2026-08-24,2026-08-25,VTRS,1,16.25,16.59000015258789,0.020923086313100914,10,0.9765100671140939,0.03333333333333333,1.0,1.0,0.3001753949444539,0.68322858982099,0.0006974362104366971,0.7859408191693609
2026-08-21,2026-08-24,2026-08-25,SO,1,89.05999755859375,90.0,0.010554709939081253,10,0.985254691689008,0.03333333333333333,1.0,1.0,0.18097132115267786,-0.2486043964113083,0.00035182366463604176,0.39647006428599374
2026-08-21,2026-08-24,2026-08-25,DVA,1,174.02999877929688,175.61000061035156,0.009078905028657935,10,0.9743935309973046,0.03083035597665109,1.0,0.9249106792995327,0.4281421582361984,0.027785055309903606,0.0002799058739117318,0.3154259107005023
2026-08-21,2026-08-24,2026-08-25,TRP,1,61.79999923706055,61.72999954223633,-0.0011326811600061992,9,0.9872654155495979,0.03333333333333333,1.0,1.0,0.20515740299503382,-0.02297452195657975,-3.775603866687331e-05,-0.042547277463342775
2026-08-21,2026-08-24,2026-08-25,KIM,1,24.059999465942383,24.309999465942383,0.01039069017245331,8,0.9698391420911527,0.03333333333333333,1.0,1.0,0.1978435157138007,0.15928555286927715,0.000346356339081777,0.39030893548240914
2026-08-21,2026-08-24,2026-08-25,DINO,1,96.04000091552734,94.12999725341795,-0.019887584796977942,8,0.9631367292225201,0.03333333333333333,1.0,1.0,0.3911284599732559,-0.10732761075506735,-0.0006629194932325981,-0.7470439328470395
2026-08-21,2026-08-24,2026-08-25,CZR,1,29.71999931335449,29.65999984741211,-0.0020188246072878613,7,0.9892761394101877,0.03333333333333333,1.0,1.0,0.11614407289026873,0.7534858695372135,-6.729415357626204e-05,-0.07583377719077673
2026-08-21,2026-08-24,2026-08-25,PFGC,1,105.0,105.29000091552734,0.0027619134812129076,7,0.9731903485254692,0.03333333333333333,1.0,1.0,0.2759135550719273,0.34819023942597144,9.206378270709692e-05,0.10374667061140963
2026-08-21,2026-08-24,2026-08-25,CYTK,1,77.19999694824219,77.93000030517578,0.00945600240661948,6,0.9751677852348993,0.03333333333333333,1.0,1.0,0.3617404318459397,0.6899662713058379,0.0003152000802206493,0.3551989494433491
2026-08-21,2026-08-24,2026-08-25,XEL,1,76.43000030517578,77.33000183105469,0.011775500749513501,5,0.9973190348525469,0.03333333333333333,1.0,1.0,0.19492869767026783,0.0012212533345297807,0.00039251669165045006,0.4423270337228966
2026-08-21,2026-08-24,2026-08-25,BALL,1,63.880001068115234,64.55000305175781,0.010488446656852002,5,0.9644772117962466,0.03333333333333333,1.0,1.0,0.23573336923245788,0.20789501867944452,0.0003496148885617334,0.3939809946747147
2026-08-21,2026-08-24,2026-08-25,CRL,1,297.6300048828125,299.92999267578125,0.007727674479172109,3,0.985254691689008,0.02740579400766318,1.0,0.8221738202298954,0.4816417704717028,1.2650879505628778,0.00021178305493446665,0.23865831052443215
2026-08-21,2026-08-24,2026-08-25,ZIM,1,28.440000534057617,28.459999084472656,0.0007031838973101667,3,0.9658176943699732,0.030996167916403475,1.0,0.9298850374921043,0.4258518402221013,0.954977865803596,2.1796006157136947e-05,0.024561917889285568
2026-08-21,2026-08-24,2026-08-25,EAT,1,248.8800048828125,252.97999572753903,0.016473765526712647,1,0.9852348993288591,0.02976180032912686,1.0,0.8928540098738058,0.4435140012049441,0.7341734726696637,0.0004902889202748752,0.5525065516589952
2026-08-21,2026-08-24,2026-08-25,VRNS,1,41.22999954223633,41.130001068115234,-0.002425381402652027,1,0.989946380697051,0.024111532794822213,1.0,0.7233459838446664,0.5474465376945359,0.9675074756830087,-5.8479663229996246e-05,-0.06590072860563541
2026-08-24,2026-08-25,2026-08-26,CVLT,1,130.97000122070312,129.52999877929688,-0.010994902863134648,38,0.9906166219839142,0.022396492086793854,1.0,0.6718947626038156,0.5884232249405278,1.0333555217349353,-0.00024624725496926223,-0.278460155503391
2026-08-24,2026-08-25,2026-08-26,AGX,1,478.010009765625,449.4299926757813,-0.05978957868237289,36,0.98342175066313,0.01724492754881535,1.0,0.5173478264644605,0.7642024626523619,1.867962758864739,-0.0010310669525517152,-1.1659462517776966
2026-08-24,2026-08-25,2026-08-26,CVE,1,31.559999465942383,30.399999618530277,-0.036755382352395394,34,0.980106100795756,0.03333333333333333,1.0,1.0,0.3950760961373618,-0.11362152570136391,-0.001225179411746513,-1.385451584250443
2026-08-24,2026-08-25,2026-08-26,UTHR,1,516.0700073242188,515.5999755859375,-0.0009107906516759856,31,0.963758389261745,0.03333333333333333,1.0,1.0,0.21270987668253388,0.09354214820291241,-3.035968838919952e-05,-0.03433119914756514
2026-08-24,2026-08-25,2026-08-26,BIIB,1,218.92999267578125,219.33999633789065,0.0018727615028817368,29,0.9827586206896551,0.03327876153917555,1.0,0.9983628461752664,0.3960068070908368,0.2734441187914062,6.232318347414935e-05,0.0704760073928307
2026-08-24,2026-08-25,2026-08-26,SU,1,66.5,64.7300033569336,-0.026616490873179077,29,0.9748010610079576,0.03333333333333333,1.0,1.0,0.3283036342926459,-0.24359537671578044,-0.0008872163624393026,-1.0032778082372515
2026-08-24,2026-08-25,2026-08-26,ETSY,1,87.0,84.04000091552734,-0.03402297798244436,20,0.9966442953020134,0.03268665427026861,1.0,0.9805996281080583,0.40318033140067694,1.1288972912369963,-0.0011120973185571197,-1.2575766267890978
2026-08-24,2026-08-25,2026-08-26,NE,1,45.20000076293945,45.34000015258789,0.0030973315771096743,19,0.9691275167785235,0.029512816540410783,1.0,0.8853844962123235,0.44653874641280916,0.3946863824353631,9.141097860005901e-05,0.10336893021961568
2026-08-24,2026-08-25,2026-08-26,FTI,1,75.33000183105469,74.41999816894531,-0.012080228859548847,17,0.9966352624495289,0.03333333333333333,1.0,1.0,0.3689421601108219,0.3699834312845465,-0.0004026742953182949,-0.4553502409825735
2026-08-24,2026-08-25,2026-08-26,EXPE,1,336.51488509608606,338.51201602172836,0.005934747656324513,15,0.977088948787062,0.03128654710164762,1.0,0.9385964130494286,0.4212230917732764,1.059296294326881,0.00018567776208598967,0.20996724820522464
2026-08-24,2026-08-25,2026-08-26,TEVA,1,37.130001068115234,37.70000076293945,0.015351459155052316,14,0.980510752688172,0.03333333333333333,1.0,1.0,0.3842340503872365,0.6227635411357798,0.0005117153051684105,0.578655479706555
2026-08-24,2026-08-25,2026-08-26,BAX,1,26.41980684521049,26.47978405367483,0.0022701607477957353,13,0.9724462365591398,0.03073144093036303,1.0,0.9219432279108909,0.42883170141383187,1.165943547441612,6.97653109233134e-05,0.07889167873515271
2026-08-24,2026-08-25,2026-08-26,VTRS,1,16.59000015258789,16.719999313354492,0.007835995151954434,11,0.9765100671140939,0.03333333333333333,1.0,1.0,0.3024813770423639,0.6858783708940898,0.0002611998383984811,0.29536876513397325
2026-08-24,2026-08-25,2026-08-26,SO,1,90.0,89.91999816894531,-0.0008889092339410265,11,0.985254691689008,0.03333333333333333,1.0,1.0,0.18822124310708527,-0.25238307450576003,-2.9630307798034215e-05,-0.033506404439244845
2026-08-24,2026-08-25,2026-08-26,DVA,1,175.61000061035156,173.3699951171875,-0.012755569075671547,11,0.9743935309973046,0.030805473856531318,1.0,0.9241642156959395,0.427801116205591,0.026743752025839587,-0.0003929413496857792,-0.4443440774634119
2026-08-24,2026-08-25,2026-08-26,TRP,1,61.72999954223633,62.56999969482422,0.013607648773966918,10,0.9872654155495979,0.03333333333333333,1.0,1.0,0.20651330806181997,-0.023729390415126377,0.0004535882924655639,0.5129245662870219
2026-08-24,2026-08-25,2026-08-26,KIM,1,24.309999465942383,24.049999237060547,-0.010695196815865393,9,0.9698391420911527,0.03333333333333333,1.0,1.0,0.19720300064657628,0.1572058944878572,-0.00035650656052884646,-0.4031430616159899
2026-08-24,2026-08-25,2026-08-26,DINO,1,94.12999725341795,92.0,-0.02262825151990122,9,0.9631367292225201,0.03333333333333333,1.0,1.0,0.39149164289929583,-0.09397466334620622,-0.000754275050663374,-0.8529457431972952
2026-08-24,2026-08-25,2026-08-26,CZR,1,29.65999984741211,29.63999938964844,-0.0006743242706190866,8,0.9892761394101877,0.03333333333333333,1.0,1.0,0.11392451242656514,0.753392637463491,-2.2477475687302887e-05,-0.025417872682444078
2026-08-24,2026-08-25,2026-08-26,PFGC,1,105.29000091552734,105.11000061035156,-0.0017095669447300121,8,0.9731903485254692,0.03333333333333333,1.0,1.0,0.27625181288386713,0.3537191236154109,-5.698556482433374e-05,-0.06444014673143579
2026-08-24,2026-08-25,2026-08-26,CYTK,1,77.93000030517578,77.91000366210938,-0.0002565974976016516,7,0.9730820995962315,0.03333333333333333,1.0,1.0,0.361394492619545,0.6848250983877824,-8.553249920055053e-06,-0.009672145596486737
2026-08-24,2026-08-25,2026-08-26,XEL,1,77.33000183105469,77.22000122070312,-0.0014224829658207039,6,0.9973190348525469,0.03333333333333333,1.0,1.0,0.2040715546894829,-0.00521382433834131,-4.741609886069013e-05,-0.053618848517763405
2026-08-24,2026-08-25,2026-08-26,BALL,1,64.55000305175781,64.29000091552734,-0.0040279182639541,6,0.9644772117962466,0.03333333333333333,1.0,1.0,0.2365252045662449,0.210651832905943,-0.00013426394213180334,-0.151827715639661
2026-08-24,2026-08-25,2026-08-26,CRL,1,299.92999267578125,293.1700134277344,-0.022538523699276336,4,0.985254691689008,0.027374900633118704,1.0,0.8212470189935611,0.4814123812790208,1.2680141219404546,-0.0006169898466848807,-0.6977015385342307
2026-08-24,2026-08-25,2026-08-26,ZIM,1,28.459999084472656,27.920000076293945,-0.018973964355231687,4,0.9858681022880216,0.030453958311718765,1.0,0.913618749351563,0.43273902085808935,0.9589093357043023,-0.0005778323194822636,-0.6534216089352993
2026-08-24,2026-08-25,2026-08-26,EAT,1,252.97999572753903,248.75999450683597,-0.016681165673067766,2,0.9744279946164199,0.029375333992639325,1.0,0.8812600197791798,0.44862863872010644,0.7427628156638137,-0.0004900148130329158,-0.5541162318871051
2026-08-24,2026-08-25,2026-08-26,VRNS,1,41.130001068115234,40.33000183105469,-0.019450503678219544,2,0.9697173620457604,0.024130714724852766,1.0,0.7239214417455829,0.5461345116103543,0.9697073289970778,-0.00046935455551381524,-0.5307532972536734
2026-08-24,2026-08-25,2026-08-26,MMYT,1,60.41999816894531,60.209999084472656,-0.003475655260456345,0,0.9744279946164198,0.02272156004443554,1.0,0.6816468013330662,0.5800048973439068,1.2411937849091665,-7.897230969421709e-05,-0.08930309351330076
2026-08-24,2026-08-25,2026-08-26,AVTR,1,14.260000228881836,14.229999542236328,-0.0021038349343602825,0,0.9663526244952894,0.024178744196268535,1.0,0.725362325888056,0.5450496516316213,0.9148677406395147,-5.086808670907067e-05,-0.05752240907999525
2026-08-25,2026-08-26,2026-08-27,CVLT,1,129.52999877929688,136.0,0.04994982846967533,39,0.9932705248990579,0.022248350720634937,1.0,0.6674505216190482,0.5902426644540036,1.038599148348643,0.0011113013022288926,1.2473105841665857
2026-08-25,2026-08-26,2026-08-27,AGX,1,449.4299926757813,467.5299987792969,0.04027324922342901,37,0.98342175066313,0.016988509882672573,1.0,0.5096552964801772,0.7729886788039382,1.8867270845906166,0.0006841824924395593,0.7679178118569022
2026-08-25,2026-08-26,2026-08-27,CVE,1,30.399999618530277,31.5,0.0361842235287142,35,0.980106100795756,0.03301960961765565,1.0,0.9905882885296695,0.3977008196375844,-0.1041848250133035,0.0011947889352361331,1.3410160518809555
2026-08-25,2026-08-26,2026-08-27,UTHR,1,515.5999755859375,513.97998046875,-0.0031419611984009332,32,0.963758389261745,0.03333333333333333,1.0,1.0,0.21237276814182052,0.09752532766353404,-0.00010473203994669778,-0.11754992247815028
2026-08-25,2026-08-26,2026-08-27,BIIB,1,219.33999633789065,219.38999938964844,0.0002279705142365085,30,0.9827586206896551,0.03333333333333333,1.0,1.0,0.3939577742716415,0.272335567735996,7.5990171412169495e-06,0.008529041125474156
2026-08-25,2026-08-26,2026-08-27,SU,1,64.7300033569336,65.91000366210938,0.018229572748035272,30,0.9748010610079576,0.03333333333333333,1.0,1.0,0.3295887857720896,-0.23707790435534093,0.0006076524249345091,0.6820214280278016
2026-08-25,2026-08-26,2026-08-27,ETSY,1,84.04000091552734,81.38999938964844,-0.03153262133519663,21,0.9966442953020134,0.030964395046655786,1.0,0.9289318513996736,0.4240976059525177,1.1034530628883037,-0.0009763885438796351,-1.0958862034962589
2026-08-25,2026-08-26,2026-08-27,NE,1,45.34000015258789,44.970001220703125,-0.00816054103748487,20,0.9690444145356663,0.02940891638876374,1.0,0.8822674916629122,0.44652872059142,0.3973586101046361,-0.00023999266905846785,-0.2693647489106964
2026-08-25,2026-08-26,2026-08-27,FTI,1,74.41999816894531,75.41000366210938,0.013302949711401446,18,0.9966352624495289,0.03333333333333333,1.0,1.0,0.3713288367826943,0.3792787002961779,0.0004434316570467149,0.4977021066020263
2026-08-25,2026-08-26,2026-08-27,EXPE,1,338.51201602172836,333.3699951171875,-0.015190069070430856,16,0.977088948787062,0.03058265766623037,1.0,0.9174797299869111,0.42939125671720485,1.0469210521102004,-0.000464552682307381,-0.5214080793235921
2026-08-25,2026-08-26,2026-08-27,TEVA,1,37.70000076293945,37.720001220703125,0.0005305161103161815,15,0.980510752688172,0.03333333333333333,1.0,1.0,0.3849783635641502,0.6451242633106479,1.7683870343872717e-05,0.019848153335825878
2026-08-25,2026-08-26,2026-08-27,VTRS,1,16.719999313354492,16.75,0.0017942995142079532,12,0.9765100671140939,0.03333333333333333,1.0,1.0,0.3012903775726532,0.6841660487776894,5.980998380693177e-05,0.06712997248504307
2026-08-25,2026-08-26,2026-08-27,SO,1,89.91999816894531,89.0,-0.010231296571167392,12,0.985254691689008,0.03333333333333333,1.0,1.0,0.19009426274892866,-0.256428656692001,-0.00034104321903891306,-0.382782613421129
2026-08-25,2026-08-26,2026-08-27,DVA,1,173.3699951171875,178.0,0.02670591805509881,12,0.9743935309973046,0.030598332528163588,1.0,0.9179499758449077,0.4291712888918935,0.023513456384852815,0.0008171565611198012,0.9171662316615957
2026-08-25,2026-08-26,2026-08-27,TRP,1,62.56999969482422,62.75,0.0028767829000113654,11,0.9872654155495979,0.03333333333333333,1.0,1.0,0.20611751319680166,-0.02591291708639081,9.589276333371218e-05,0.10762882974331765
2026-08-25,2026-08-26,2026-08-27,KIM,1,24.049999237060547,23.850000381469727,-0.008315960995234684,10,0.9698391420911527,0.03333333333333333,1.0,1.0,0.197840019520056,0.15428318375632696,-0.0002771986998411561,-0.31112432923063055
2026-08-25,2026-08-26,2026-08-27,DINO,1,92.0,97.0,0.05434782608695654,10,0.9631367292225201,0.033331183400539484,1.0,0.9999355020161844,0.3939831853927566,-0.0895066742203184,0.0018114773587249726,2.0331793708727335
2026-08-25,2026-08-26,2026-08-27,CZR,1,29.63999938964844,29.65999984741211,0.0006747792906720562,9,0.9892761394101877,0.03333333333333333,1.0,1.0,0.10721372488454689,0.751954429780903,2.2492643022401873e-05,0.02524545922105296
2026-08-25,2026-08-26,2026-08-27,CYTK,1,77.91000366210938,78.83999633789062,0.01193675564199137,8,0.9542395693135935,0.03333333333333333,1.0,1.0,0.3602659541761088,0.6899520333716147,0.00039789185473304567,0.4465888060841852
2026-08-25,2026-08-26,2026-08-27,XEL,1,77.22000122070312,77.0,-0.002849018612086529,7,0.9973190348525469,0.03333333333333333,1.0,1.0,0.20471501014498594,-0.008342250068183097,-9.496728706955097e-05,-0.10659008684130901
2026-08-25,2026-08-26,2026-08-27,BALL,1,64.29000091552734,64.48999786376953,0.0031108562046058275,7,0.9644772117962466,0.03333333333333333,1.0,1.0,0.23754716666867656,0.20544007816650553,0.00010369520682019425,0.11638619403644994
2026-08-25,2026-08-26,2026-08-27,CRL,1,293.1700134277344,297.010009765625,0.013098189316818276,5,0.985254691689008,0.02727799002847038,1.0,0.8183397008541115,0.4814110495439276,1.2567035022107615,0.0003572922775751862,0.40102035205635417
2026-08-25,2026-08-26,2026-08-27,ZIM,1,27.920000076293945,27.82999992370605,-0.0032235011583796602,5,0.9730820995962315,0.030345214951065205,1.0,0.9103564485319562,0.4327511217248355,0.9461972666073053,-9.781783554603847e-05,-0.10978950654708244
2026-08-25,2026-08-26,2026-08-27,EAT,1,248.75999450683597,236.22000122070312,-0.050410007891314,3,0.9744279946164199,0.029132922009402835,1.0,0.8739876602820851,0.4507589662587332,0.7349496177990155,-0.0014685908283910323,-1.648327848071592
2026-08-25,2026-08-26,2026-08-27,VRNS,1,40.33000183105469,42.59999847412109,0.05628555764950316,3,0.9670255720053835,0.024036083745884194,1.0,0.7210825123765259,0.5463421557308958,0.9725007564773365,0.0013528843773472506,1.5184603848068579
2026-08-25,2026-08-26,2026-08-27,MMYT,1,60.209999084472656,59.08000183105469,-0.018767601239000564,1,0.9744279946164198,0.022651170294922,1.0,0.67953510884766,0.5797460192155576,1.2384166781967827,-0.0004251081316917909,-0.4771360125386055
2026-08-25,2026-08-26,2026-08-27,AVTR,1,14.229999542236328,14.510000228881836,0.0196767881695592,1,0.9663526244952894,0.02407911406846049,1.0,0.7223734220538147,0.5453658208403642,0.9111948305137563,0.00047379962683574987,0.5317867333918479
2026-08-26,2026-08-27,2026-08-28,AGX,1,467.5299987792969,452.2999877929688,-0.03257547328747468,38,0.98342175066313,0.016955495783590215,1.0,0.5086648735077064,0.7743385584695924,1.8920201532231777,-0.0005523332999742325,-0.6230328222323293
2026-08-26,2026-08-27,2026-08-28,CVE,1,31.5,31.65999984741211,0.005079360235304975,36,0.980106100795756,0.03279261710025153,1.0,0.983778513007546,0.4003734780625908,-0.17919422804296473,0.00016656551531059956,0.18788616057620725
2026-08-26,2026-08-27,2026-08-28,UTHR,1,513.97998046875,527.9400024414062,0.027160633688348534,33,0.963758389261745,0.03333333333333333,1.0,1.0,0.2103622095382599,0.09765723452744807,0.0009053544562782845,1.0212412361195502
2026-08-26,2026-08-27,2026-08-28,BIIB,1,219.38999938964844,221.1699981689453,0.008113399809694721,31,0.9827586206896551,0.03329919918287754,1.0,0.9989759754863263,0.39428257992323085,0.2779055106164928,0.00027016971631334524,0.30475186059624493
2026-08-26,2026-08-27,2026-08-28,SU,1,65.91000366210938,66.55000305175781,0.00971020109374332,31,0.9748010610079576,0.03333333333333333,1.0,1.0,0.3307751436336453,-0.2646274006185513,0.000323673369791444,0.36510406501295417
2026-08-26,2026-08-27,2026-08-28,ETSY,1,81.38999938964844,83.68000030517578,0.02813614611991988,22,0.9717362045760431,0.030768684302941822,1.0,0.9230605290882546,0.42670963873314516,1.118085130333153,0.0008657121974652563,0.9765247064641815
2026-08-26,2026-08-27,2026-08-28,NE,1,44.970001220703125,46.630001068115234,0.036913493492365834,21,0.9865410497981157,0.029816935357024343,1.0,0.8945080607107303,0.44033010119899757,0.33790895906842927,0.001100647249263811,1.2415318106351243
2026-08-26,2026-08-27,2026-08-28,FTI,1,75.41000366210938,76.16999816894531,0.010078165626953961,19,0.9966352624495289,0.03333333333333333,1.0,1.0,0.3717301962737559,0.3646643966277461,0.0003359388542317987,0.37893955055633427
2026-08-26,2026-08-27,2026-08-28,EXPE,1,333.3699951171875,319.3900146484375,-0.04193532913433229,17,0.977088948787062,0.030875143395716943,1.0,0.9262543018715083,0.4252383218088574,1.0202427254469915,-0.0012947593003690958,-1.4604905064716305
2026-08-26,2026-08-27,2026-08-28,TEVA,1,37.720001220703125,37.369998931884766,-0.00927895751568153,16,0.980510752688172,0.03333333333333333,1.0,1.0,0.3886505240355706,0.6764964328384887,-0.00030929858385605097,-0.3488892840994526
2026-08-26,2026-08-27,2026-08-28,VTRS,1,16.75,16.93000030517578,0.010746286876166078,13,0.9765100671140939,0.03333333333333333,1.0,1.0,0.2982124446353978,0.6892306765029891,0.0003582095625388693,0.40406094419730154
2026-08-26,2026-08-27,2026-08-28,SO,1,89.0,89.37000274658203,0.004157334231258858,13,0.985254691689008,0.03333333333333333,1.0,1.0,0.18991218995086845,-0.2586261156175296,0.0001385778077086286,0.15631598283048256
2026-08-26,2026-08-27,2026-08-28,DVA,1,178.0,180.0,0.011235955056179803,13,0.9743935309973046,0.03062901696757885,1.0,0.9188705090273654,0.4286554210048596,0.007824658561997126,0.00034414625806268454,0.388197514854695
2026-08-26,2026-08-27,2026-08-28,TRP,1,62.75,62.25,-0.007968127490039834,12,0.9872654155495979,0.03333333333333333,1.0,1.0,0.2030308275538331,-0.021243297767277527,-0.00026560424966799446,-0.29960200711286245
2026-08-26,2026-08-27,2026-08-28,KIM,1,23.850000381469727,23.950000762939453,0.004192888044874943,11,0.9698391420911527,0.03333333333333333,1.0,1.0,0.1949772179511408,0.12870443755249802,0.00013976293482916477,0.15765280806742948
2026-08-26,2026-08-27,2026-08-28,DINO,1,97.0,97.0,0.0,11,0.9631367292225201,0.03331034135322224,1.0,0.9993102405966674,0.39415069404362163,-0.13799759070054235,0.0,0.0
2026-08-26,2026-08-27,2026-08-28,CZR,1,29.65999984741211,29.63999938964844,-0.0006743242706190866,10,0.9892761394101877,0.03333333333333333,1.0,1.0,0.10694034377480276,0.6995833933290783,-2.2477475687302887e-05,-0.025354627567760638
2026-08-26,2026-08-27,2026-08-28,CYTK,1,78.83999633789062,73.87999725341797,-0.06291221860558194,9,0.9542395693135935,0.03333333333333333,1.0,1.0,0.35993490887384383,0.695169312091033,-0.002097073953519398,-2.3655026842525193
2026-08-26,2026-08-27,2026-08-28,BALL,1,64.48999786376953,63.90999984741211,-0.008993611964178139,8,0.9644772117962466,0.03333333333333333,1.0,1.0,0.23800031123469811,0.19063129161427853,-0.00029978706547260464,-0.3381602765555842
2026-08-26,2026-08-27,2026-08-28,CRL,1,297.010009765625,291.6600036621094,-0.018012881477420195,6,0.985254691689008,0.027487415956284338,1.0,0.8246224786885301,0.47764745089473576,1.2320884072574034,-0.0004951275657410984,-0.5585046649606152
2026-08-26,2026-08-27,2026-08-28,ZIM,1,27.82999992370605,28.149999618530277,0.01149837210569471,6,0.9912516823687751,0.03028705530061164,1.0,0.9086116590183492,0.4334952352709362,0.9791688506439282,0.000348251831832186,0.39282860845816747
2026-08-26,2026-08-27,2026-08-28,EAT,1,236.22000122070312,234.3999938964844,-0.007704713042136824,4,0.9744279946164199,0.02887185786672819,1.0,0.8661557360018457,0.454743654662163,0.7535457254433985,-0.00022244937985650134,-0.2509232467828631
2026-08-26,2026-08-27,2026-08-28,VRNS,1,42.59999847412109,44.52000045776367,0.04507047071395931,4,0.9757738896366084,0.02401479651930357,1.0,0.7204438955791072,0.5467168606924864,0.9748273347483459,0.0010823581832249635,1.2209017156712534
2026-08-26,2026-08-27,2026-08-28,MMYT,1,59.08000183105469,58.369998931884766,-0.012017651949305042,2,0.9818304172274562,0.02268014252568879,1.0,0.6804042757706638,0.5788894028479552,1.2323937958014142,-0.0002725620590343601,-0.3074504269099008
2026-08-26,2026-08-27,2026-08-28,AVTR,1,14.510000228881836,14.5,-0.0006891956391517073,2,0.9663526244952894,0.02408225438500028,1.0,0.7224676315500084,0.545185427963095,0.8745380732039082,-1.6597384703084273e-05,-0.01872187578355442
2026-08-26,2026-08-27,2026-08-28,CVLT,1,136.0,140.0,0.02941176470588225,0,0.9979811574697174,0.022244229225480718,1.0,0.6673268767644216,0.5902337199511916,1.0280598552607971,0.0006542420360435482,0.7379860351679922
2026-08-26,2026-08-27,2026-08-28,ICLR,1,168.83999633789062,169.41000366210938,0.0033760207094415406,0,0.9838492597577388,0.02385733896450721,1.0,0.7157201689352163,0.550325171752603,1.3029641889193053,8.054287041634294e-05,0.09085248321715884
2026-08-27,2026-08-28,2026-08-31,AGX,1,452.2999877929688,421.2900085449219,-0.06856064577707022,39,0.98342175066313,0.016897648403760943,1.0,0.5069294521128282,0.774740166050542,1.9003619052350638,-0.00115851368667573,-1.3082855247033165
2026-08-27,2026-08-28,2026-08-31,CVE,1,31.65999984741211,32.34000015258789,0.021478215680767354,37,0.980106100795756,0.032806497015647466,1.0,0.984194910469424,0.39904555868763963,-0.1750511416502059,0.0007046250186325268,0.7957184475445624
2026-08-27,2026-08-28,2026-08-31,UTHR,1,527.9400024414062,510.9500122070313,-0.032181668666527274,34,0.963758389261745,0.03333333333333333,1.0,1.0,0.2090727522344364,0.09027008418343861,-0.0010727222888842424,-1.2114030750908904
2026-08-27,2026-08-28,2026-08-31,BIIB,1,221.1699981689453,216.47000122070312,-0.02125060807140755,32,0.9827586206896551,0.03333333333333333,1.0,1.0,0.392638826088428,0.27097887058020037,-0.0007083536023802517,-0.7999290599878126
2026-08-27,2026-08-28,2026-08-31,SU,1,66.55000305175781,66.88999938964844,0.005108885383914963,32,0.9748010610079576,0.03333333333333333,1.0,1.0,0.3271386902355441,-0.2627973940027702,0.0001702961794638321,0.19231195027493078
2026-08-27,2026-08-28,2026-08-31,ETSY,1,83.68000030517578,83.02999877929688,-0.007767704630836425,23,0.9717362045760431,0.03028886169112573,1.0,0.9086658507337719,0.43221455674674675,1.0937042843013713,-0.00023527493122092134,-0.2656911095501416
2026-08-27,2026-08-28,2026-08-31,NE,1,46.630001068115234,46.68999862670898,0.0012866728976930197,22,0.9865410497981157,0.03053906012997949,1.0,0.9161718038993847,0.42867353724949814,0.3370639121587552,3.929378099026208e-05,0.04437365347657845
2026-08-27,2026-08-28,2026-08-31,FTI,1,76.16999816894531,76.5,0.00433243847955378,20,0.9966352624495289,0.03333333333333333,1.0,1.0,0.3532717784854357,0.3669631748049442,0.000144414615985126,0.163084436396315
2026-08-27,2026-08-28,2026-08-31,EXPE,1,319.3900146484375,325.239990234375,0.01831608791018957,18,0.977088948787062,0.0306760688705242,1.0,0.9202820661157259,0.42675894963752964,1.019540917124176,0.000561865574171551,0.6345031620878105
2026-08-27,2026-08-28,2026-08-31,TEVA,1,37.369998931884766,36.16999816894531,-0.03211134057367049,17,0.980510752688172,0.03333333333333333,1.0,1.0,0.38881771786332453,0.6709890412291788,-0.0010703780191223496,-1.2087557397760316
2026-08-27,2026-08-28,2026-08-31,VTRS,1,16.93000030517578,16.290000915527344,-0.03780268033738776,14,0.9765100671140939,0.03333333333333333,1.0,1.0,0.298547234785465,0.6865067998796834,-0.0012600893445795921,-1.422992812520655
2026-08-27,2026-08-28,2026-08-31,SO,1,89.37000274658203,88.04000091552734,-0.014881971468950761,14,0.985254691689008,0.03333333333333333,1.0,1.0,0.18984105679483937,-0.2634950168735421,-0.000496065715631692,-0.5601967439200305
2026-08-27,2026-08-28,2026-08-31,DVA,1,180.0,179.74000549316406,-0.0014444139268663392,14,0.9743935309973046,0.030479435185854307,1.0,0.9143830555756292,0.429512123514322,0.00015846818561635672,-4.4024920665467885e-05,-0.049716431575456285
2026-08-27,2026-08-28,2026-08-31,TRP,1,62.25,62.16999816894531,-0.0012851699767820746,13,0.9872654155495979,0.03333333333333333,1.0,1.0,0.2029961492834698,-0.02499604113905708,-4.2838999226069155e-05,-0.04837719504295345
2026-08-27,2026-08-28,2026-08-31,KIM,1,23.950000762939453,23.729999542236328,-0.009185854434023977,12,0.9698391420911527,0.03333333333333333,1.0,1.0,0.19476006708295712,0.128807885702267,-0.0003061951478007992,-0.3457798420592196
2026-08-27,2026-08-28,2026-08-31,DINO,1,97.0,102.9800033569336,0.06164951914364525,12,0.9631367292225201,0.032900193699027726,1.0,0.9870058109708318,0.3979091141515164,-0.13520045233474814,0.0020282811212778465,2.2904958840935623
2026-08-27,2026-08-28,2026-08-31,CZR,1,29.63999938964844,29.75,0.0037112217482020426,11,0.9892761394101877,0.03333333333333333,1.0,1.0,0.10343496138175942,0.7004746021441949,0.00012370739160673475,0.1397001965529616
2026-08-27,2026-08-28,2026-08-31,CYTK,1,73.87999725341797,71.54000091552734,-0.03167293482516165,10,0.96164199192463,0.03333333333333333,1.0,1.0,0.36198685401549857,0.6835131760985687,-0.0010557644941720549,-1.1922529885550073
2026-08-27,2026-08-28,2026-08-31,BALL,1,63.90999984741211,63.52999877929688,-0.005945878094546941,9,0.9644772117962466,0.03333333333333333,1.0,1.0,0.23798933864629815,0.1864422189929269,-0.00019819593648489803,-0.2238185683435846
2026-08-27,2026-08-28,2026-08-31,CRL,1,291.6600036621094,285.9100036621094,-0.01971473608929053,7,0.985254691689008,0.027704154938952213,1.0,0.8311246481685663,0.47253875669699624,1.2380394016437126,-0.0005461801031982576,-0.616789884412691
2026-08-27,2026-08-28,2026-08-31,ZIM,1,28.149999618530277,27.51000022888184,-0.022735324984770044,7,0.9798115746971736,0.030111245792499287,1.0,0.9033373737749786,0.4347640419930572,0.9752608369433299,-0.0006845889587887609,-0.7730921399168086
2026-08-27,2026-08-28,2026-08-31,EAT,1,234.3999938964844,229.72000122070312,-0.019965839580388667,5,0.9744279946164199,0.028339032672427857,1.0,0.8501709801728357,0.46195249786808873,0.7581967832292995,-0.0005658125802010878,-0.6389604342924894
2026-08-27,2026-08-28,2026-08-31,VRNS,1,44.52000045776367,43.33000183105469,-0.026729528626980636,5,0.9757738896366084,0.02409345226682926,1.0,0.7228035680048779,0.5433545506559431,0.9698027047932305,-0.0006440066220890043,-0.7272633471510752
2026-08-27,2026-08-28,2026-08-31,MMYT,1,58.369998931884766,58.130001068115234,-0.004111664693528527,3,0.9818304172274562,0.022932041610990543,1.0,0.6879612483297163,0.5708731543518227,1.2326203455524054,-9.428886584243687e-05,-0.10647846438164775
2026-08-27,2026-08-28,2026-08-31,AVTR,1,14.5,14.539999961853027,0.0027586180588294873,3,0.9663526244952894,0.024093365118073282,1.0,0.7228009535421984,0.5433565160382345,0.8740826646732788,6.64643921126894e-05,0.07505686217548806
2026-08-27,2026-08-28,2026-08-31,CVLT,1,140.0,136.30999755859375,-0.026357160295758963,1,0.9979811574697174,0.02214671294438424,1.0,0.6644013883315272,0.5911164768816402,1.0227529892530738,-0.0005837244630992953,-0.6591879528668686
2026-08-27,2026-08-28,2026-08-31,ICLR,1,169.41000366210938,169.91000366210938,0.00295141956904299,1,0.9838492597577388,0.023966859402229996,1.0,0.7190057820668999,0.5462245474254899,1.2974490242237315,7.073625784824359e-05,0.07988099172145686
2026-08-27,2026-08-28,2026-08-31,DAR,1,62.119998931884766,65.37999725341797,0.05247904664499159,0,0.990578734858681,0.03333333333333333,1.0,1.0,0.3526224592756681,0.33533213897285086,0.001749301554833053,1.975450034687132
2026-08-27,2026-08-28,2026-08-31,CNI,1,126.88999938964844,125.7699966430664,-0.008826564362592326,0,0.9663526244952894,0.03333333333333333,1.0,1.0,0.18122607872286994,0.34741507719440623,-0.0002942188120864109,-0.3322552140515168
