signal_date,exec_entry_date,exec_exit_date,ticker,side,entry_price,exit_price,position_return,holding_age,score,weight,regime_exposure,position_risk_scale,rolling_vol,rolling_beta,contribution_return,contribution_pnl
2026-06-01,2026-06-02,2026-06-03,LBRT,1,29.709999084472656,31.670000076293945,0.06597108893367976,0,0.9953947368421052,0.02665076734268213,1.0,0.799523020280464,0.4744255321531502,1.1284841890809987,0.001758180142514891,1.758180142514891
2026-06-01,2026-06-02,2026-06-03,NE,1,46.93000030517578,47.119998931884766,0.004048553707084235,0,0.9763157894736842,0.03333333333333333,1.0,1.0,0.3714613014638485,0.7831862582835843,0.00013495179023614116,0.13495179023614115
2026-06-01,2026-06-02,2026-06-03,ZIM,1,25.0,25.100000381469727,0.004000015258789125,0,0.975,0.03333333333333333,1.0,1.0,0.3353074922222452,0.9764673429686253,0.0001333338419596375,0.1333338419596375
2026-06-01,2026-06-02,2026-06-03,PSLV,1,24.100000381469727,23.559999465942383,-0.022406676638169087,0,0.9657894736842105,0.02231188620737412,1.0,0.6693565862212236,0.5666846971755783,1.463427040445086,-0.0004999352194362568,-0.4999352194362568
2026-06-01,2026-06-02,2026-06-03,WLK,1,86.30999755859375,86.45999908447266,0.0017379391741620953,0,0.9592105263157895,0.029777293344306066,1.0,0.893318800329182,0.4246122820044516,0.9427367077913189,5.175112460358574e-05,0.051751124603585746
2026-06-02,2026-06-03,2026-06-04,LBRT,1,31.670000076293945,30.229999542236328,-0.04546891476440207,1,0.9960526315789473,0.026967256263188924,1.0,0.8090176878956677,0.47375147899375397,1.1250223199009493,-0.001226171876460725,-1.2279027590903144
2026-06-02,2026-06-03,2026-06-04,NE,1,47.119998931884766,46.09999847412109,-0.021646869288731496,1,0.9822368421052632,0.03333333333333333,1.0,1.0,0.37168174478101945,0.7816791106136308,-0.0007215623096243832,-0.7225808778136165
2026-06-02,2026-06-03,2026-06-04,ZIM,1,25.100000381469727,24.5,-0.023904397304817637,1,0.9776315789473684,0.03333333333333333,1.0,1.0,0.3527954390784358,0.9812069555106898,-0.0007968132434939213,-0.7979380370311628
2026-06-02,2026-06-03,2026-06-04,PSLV,1,23.559999465942383,23.700000762939453,0.005942330227954873,1,0.9657894736842105,0.02269994508930203,1.0,0.680998352679061,0.5628109446445428,1.4604380483341333,0.00013489056987707522,0.13508098343065433
2026-06-02,2026-06-03,2026-06-04,WLK,1,86.45999908447266,86.29000091552734,-0.0019662059998314385,1,0.9592105263157895,0.030175119156640364,1.0,0.905253574699211,0.4233878074439311,0.9397677852765274,-5.933050033141486e-05,-0.05941425215642402
2026-06-03,2026-06-04,2026-06-05,LBRT,1,30.229999542236328,31.0,0.025471401568758045,2,0.9960526315789474,0.026257746198858536,1.0,0.7877323859657561,0.48764940924917766,1.1199946366713092,0.0006688215977216559,0.6679781200990909
2026-06-03,2026-06-04,2026-06-05,NE,1,46.09999847412109,46.34000015258789,0.005206110334288416,2,0.9697368421052632,0.03333333333333333,1.0,1.0,0.3713658495365111,0.7771211488456055,0.00017353701114294722,0.1733181566889575
2026-06-03,2026-06-04,2026-06-05,ZIM,1,24.5,25.440000534057617,0.038367368737045604,2,0.9796052631578946,0.03333333333333333,1.0,1.0,0.3499338532487374,0.9835541428288516,0.0012789122912348534,1.2772994038781134
2026-06-03,2026-06-04,2026-06-05,PSLV,1,23.700000762939453,22.43000030517578,-0.05358651548018589,2,0.9657894736842105,0.023903827063030673,1.0,0.7171148118909202,0.5356704760423733,1.45895931364885,-0.0012809227989487796,-1.279307376060483
2026-06-03,2026-06-04,2026-06-05,WLK,1,86.29000091552734,84.29000091552734,-0.023177656492991305,2,0.9782894736842105,0.030509756846810423,1.0,0.9152927054043127,0.4196878554745621,0.9388604145938446,-0.0007071446638800615,-0.7062528555085452
2026-06-04,2026-06-05,2026-06-08,LBRT,1,31.0,28.89999961853028,-0.06774194778934584,3,0.9973684210526317,0.02642796092766676,1.0,0.7928388278300028,0.48733599146859535,1.1174355180777176,-0.0017902815493408735,-1.7882619247039697
2026-06-04,2026-06-05,2026-06-08,NE,1,46.34000015258789,46.13999938964844,-0.004315942215815549,3,0.9723684210526315,0.03333333333333333,1.0,1.0,0.37100110696096444,0.76951543266572,-0.00014386474052718496,-0.1437024460688315
2026-06-04,2026-06-05,2026-06-08,ZIM,1,25.440000534057617,25.479999542236328,0.0015722880243325132,3,0.9743421052631579,0.03333333333333333,1.0,1.0,0.3469753435797274,0.9944322352239922,5.240960081108377e-05,0.052350477305595305
2026-06-04,2026-06-05,2026-06-08,PSLV,1,22.43000030517578,21.700000762939453,-0.0325456768749075,3,0.9657894736842105,0.023934483397683358,1.0,0.7180345019305008,0.5381063099287273,1.4594465622388744,-0.0007789639628288408,-0.7780852100923404
2026-06-04,2026-06-05,2026-06-08,WLK,1,84.29000091552734,84.37999725341797,0.0010676988600442083,3,0.9618421052631579,0.031098931483508032,1.0,0.932967944505241,0.41413951948824207,0.9455811290785688,3.320429369353447e-05,0.033166835781051854
2026-06-05,2026-06-08,2026-06-09,LBRT,1,28.89999961853028,28.440000534057617,-0.015916923548252138,4,0.9973684210526317,0.013102668337716207,0.5,0.7861601002629724,0.48763954636238743,1.1013832928798486,-0.00020855417020953278,-0.20777154216642854
2026-06-05,2026-06-08,2026-06-09,NE,1,46.13999938964844,46.86000061035156,0.015604708067348927,4,0.9723684210526315,0.016666666666666666,0.5,1.0,0.37015295136151033,0.7567694788009321,0.0002600784677891488,0.2591024877735256
2026-06-05,2026-06-08,2026-06-09,ZIM,1,25.479999542236328,25.700000762939453,0.008634270983343129,4,0.9743421052631579,0.016666666666666666,0.5,1.0,0.3553743982426151,1.0068015440630709,0.00014390451638905213,0.14336449501262857
2026-06-05,2026-06-08,2026-06-09,PSLV,1,21.700000762939453,21.56999969482422,-0.005990832421409742,4,0.9657894736842105,0.011892741454003219,0.5,0.7135644872401932,0.5372503277778747,1.4632148600532286,-7.124742108208611e-05,-0.07098005539152392
2026-06-05,2026-06-08,2026-06-09,WLK,1,84.37999725341797,85.62999725341797,0.014813937434080326,4,0.9618421052631579,0.01541053750596527,0.5,0.9246322503579162,0.4146110570035264,0.9360867691394285,0.00022829073843891779,0.22743404622459396
2026-06-08,2026-06-09,2026-06-10,LBRT,1,28.440000534057617,28.030000686645508,-0.01441630941325489,5,0.9973684210526317,0.024403758291089137,1.0,0.7321127487326741,0.5221875202085182,1.231928190890242,-0.0003518121303706254,-0.35061544587131616
2026-06-08,2026-06-09,2026-06-10,NE,1,46.86000061035156,44.81999969482422,-0.043533949828346796,5,0.9723684210526315,0.03333333333333333,1.0,1.0,0.36745364590929436,0.774186157918729,-0.0014511316609448933,-1.446195655005359
2026-06-08,2026-06-09,2026-06-10,ZIM,1,25.700000762939453,25.68000030517578,-0.0007782279054447949,5,0.9848684210526316,0.03333333333333333,1.0,1.0,0.3530905625849651,0.975634975399159,-2.5940930181493163e-05,-0.02585269243649798
2026-06-08,2026-06-09,2026-06-10,PSLV,1,21.56999969482422,20.290000915527344,-0.05934162250377839,5,0.9657894736842105,0.022828122570242415,1.0,0.6848436771072725,0.5582297881299916,1.5464596296796094,-0.0013546578320333088,-1.3500499805992088
2026-06-08,2026-06-09,2026-06-10,WLK,1,85.62999725341797,86.5,0.010160023058360057,5,0.9618421052631579,0.03086199247978024,1.0,0.9258597743934073,0.4129136520962124,0.906194546100018,0.00031355855522150193,0.31249198977288006
2026-06-09,2026-06-10,2026-06-11,LBRT,1,28.030000686645508,28.89999961853028,0.031038134519178584,6,0.9973684210526317,0.02458200535460305,1.0,0.7374601606380915,0.5178874603870338,1.229233386142336,0.0007629795889473377,0.758202032711488
2026-06-09,2026-06-10,2026-06-11,NE,1,44.81999969482422,46.790000915527344,0.043953619681318834,6,0.9723684210526315,0.03333333333333333,1.0,1.0,0.365138601424635,0.7790273410305669,0.0014651206560439612,1.4559464966982147
2026-06-09,2026-06-10,2026-06-11,ZIM,1,25.68000030517578,25.5,-0.007009357594886856,6,0.9651315789473685,0.03333333333333333,1.0,1.0,0.3408165132361032,0.9925797002353811,-0.00023364525316289518,-0.23218223455480222
2026-06-09,2026-06-10,2026-06-11,PSLV,1,20.290000915527344,20.06999969482422,-0.01084283936797481,6,0.9657894736842105,0.02298903597294807,1.0,0.6896710791884422,0.5537732134264557,1.5596470725423441,-0.00024926642427927046,-0.24770559044183266
2026-06-09,2026-06-10,2026-06-11,WLK,1,86.5,88.43000030517578,0.022312142256367462,6,0.9618421052631579,0.031212052990219428,1.0,0.9363615897065828,0.4078780824928473,0.9075905032683502,0.0006964077664310552,0.6920470635821138
2026-06-10,2026-06-11,2026-06-12,LBRT,1,28.89999961853028,27.729999542236328,-0.04048443224005316,7,0.9973684210526317,0.012320880013954809,0.5,0.7392528008372885,0.5184220507230862,1.2178388558994666,-0.0004988038320627786,-0.496890719180468
2026-06-10,2026-06-11,2026-06-12,NE,1,46.790000915527344,45.95000076293945,-0.01795255687437136,7,0.9723684210526315,0.016666666666666666,0.5,1.0,0.37236028342477234,0.7658571471678344,-0.0002992092812395227,-0.29806169356346374
2026-06-10,2026-06-11,2026-06-12,ZIM,1,25.5,25.93000030517578,0.016862757065716938,7,0.9651315789473685,0.016666666666666666,0.5,1.0,0.34065909864573046,0.9851564714228492,0.0002810459510952823,0.27996802707986707
2026-06-10,2026-06-11,2026-06-12,PSLV,1,20.06999969482422,21.21999931335449,0.05729943378259428,7,0.9657894736842105,0.01149641799643664,0.5,0.6897850797861984,0.5556005257922375,1.5757290606175796,0.0006587382417238464,0.6562117161935576
2026-06-10,2026-06-11,2026-06-12,WLK,1,88.43000030517578,87.44999694824219,-0.01108224984226569,7,0.9618421052631579,0.015644260929305258,0.5,0.9386556557583156,0.40829131605587426,0.8965011601877243,-0.0001733736082161565,-0.172708650848128
2026-06-11,2026-06-12,2026-06-15,LBRT,1,27.729999542236328,28.21999931335449,0.017670385113848663,8,0.9973684210526317,0.025261658702861754,1.0,0.7578497610858527,0.5056430429437991,1.195729834256007,0.0004463832378941739,0.4446571262949079
2026-06-11,2026-06-12,2026-06-15,NE,1,45.95000076293945,45.900001525878906,-0.0010881226600734095,8,0.9723684210526315,0.03333333333333333,1.0,1.0,0.3746046313470097,0.7302440514580893,-3.6270755335780315e-05,-0.03613050058115606
2026-06-11,2026-06-12,2026-06-15,ZIM,1,25.93000030517578,25.75,-0.006941777981385178,8,0.9651315789473685,0.03333333333333333,1.0,1.0,0.33602838636434296,0.976695337629492,-0.00023139259937950593,-0.23049783135090005
2026-06-11,2026-06-12,2026-06-15,PSLV,1,21.21999931335449,22.690000534057617,0.06927432932469535,8,0.9657894736842105,0.022984353362171684,1.0,0.6895306008651505,0.5557424990404788,1.5788180165543226,0.0015922256641262502,1.5860687143257541
2026-06-11,2026-06-12,2026-06-15,WLK,1,87.44999694824219,87.6500015258789,0.002287073580518273,8,0.9618421052631579,0.031385717208838995,1.0,0.9415715162651699,0.4069807260203511,0.8677449741948785,7.178144463395338e-05,0.07150387421088092
2026-06-12,2026-06-15,2026-06-16,LBRT,1,28.21999931335449,27.75,-0.016654830786337782,9,0.9973684210526317,0.02539031665116771,1.0,0.7617094995350313,0.5051394947869826,1.1526739017036602,-0.0004228714274367328,-0.4220124566264601
2026-06-12,2026-06-15,2026-06-16,NE,1,45.900001525878906,44.560001373291016,-0.029193902135981054,9,0.9723684210526315,0.03333333333333333,1.0,1.0,0.37435465974896925,0.7062659788123785,-0.0009731300711993685,-0.971153370312232
2026-06-12,2026-06-15,2026-06-16,ZIM,1,25.75,24.690000534057617,-0.04116502780358766,9,0.9651315789473685,0.03333333333333333,1.0,1.0,0.333680098173915,0.9906079376108982,-0.001372167593452922,-1.3693803351207083
2026-06-12,2026-06-15,2026-06-16,PSLV,1,22.690000534057617,22.51000022888184,-0.00793302339969526,9,0.9657894736842105,0.022476088150709634,1.0,0.674282644521289,0.5706354077120589,1.6202414323269887,-0.0001783033332331929,-0.17794114901197464
2026-06-12,2026-06-15,2026-06-16,WLK,1,87.6500015258789,86.88999938964844,-0.008670874192809652,9,0.9618421052631579,0.03333333333333333,1.0,1.0,0.38139824185605997,0.8389088647705065,-0.00028902913976032175,-0.2884420402821725
2026-06-15,2026-06-16,2026-06-17,LBRT,1,27.75,27.540000915527344,-0.007567534575591228,10,0.9973684210526317,0.025065163165428665,1.0,0.7519548949628599,0.5088360367936686,1.1703217143273832,-0.0001896814888972171,-0.18868372431459993
2026-06-15,2026-06-16,2026-06-17,NE,1,44.560001373291016,43.31999969482422,-0.027827684924849327,10,0.9723684210526315,0.03333333333333333,1.0,1.0,0.37503020968568346,0.7128835259397225,-0.0009275894974949775,-0.922710181367774
2026-06-15,2026-06-16,2026-06-17,ZIM,1,24.690000534057617,24.39999961853028,-0.011745682837361882,10,0.9940711462450593,0.03333333333333333,1.0,1.0,0.33421413064881417,0.989228197190997,-0.00039152276124539603,-0.38946326905809664
2026-06-15,2026-06-16,2026-06-17,PSLV,1,22.51000022888184,22.36000061035156,-0.006663688005556834,10,0.9657894736842105,0.022660384067903837,1.0,0.6798115220371151,0.5628350450047408,1.6201603758066276,-0.00015100172951460197,-0.15020742861312997
2026-06-15,2026-06-16,2026-06-17,WLK,1,86.88999938964844,83.66999816894531,-0.03705836394661932,10,0.9618421052631579,0.03333333333333333,1.0,1.0,0.3818277036230095,0.84348252264358,-0.0012352787982206441,-1.2287809715656122
2026-06-16,2026-06-17,2026-06-18,LBRT,1,27.540000915527344,27.290000915527344,-0.009077704854361435,11,0.9973684210526317,0.02517044517807665,1.0,0.7551133553422995,0.5116552407316447,1.1205548657473072,-0.00022848987237946477,-0.22662995197796149
2026-06-16,2026-06-17,2026-06-18,NE,1,43.31999969482422,42.63999938964844,-0.015697144736061208,11,0.9723684210526315,0.03333333333333333,1.0,1.0,0.382803685344775,0.6576163581992714,-0.0005232381578687069,-0.5189789698594949
2026-06-16,2026-06-17,2026-06-18,ZIM,1,24.39999961853028,24.100000381469727,-0.012295050891423909,11,0.976943346508564,0.03333333333333333,1.0,1.0,0.34845517415770016,0.9180076884936488,-0.0004098350297141303,-0.40649894954095706
2026-06-16,2026-06-17,2026-06-18,PSLV,1,22.36000061035156,21.43000030517578,-0.04159214131439848,11,0.9657894736842105,0.02265413802677352,1.0,0.6796241408032057,0.5684873188152675,1.6298629784460883,-0.0009422341101654526,-0.9345642715584329
2026-06-16,2026-06-17,2026-06-18,WLK,1,83.66999816894531,82.94000244140625,-0.00872470112960999,11,0.9618421052631579,0.03333333333333333,1.0,1.0,0.38188839782140716,0.8187794107664739,-0.0002908233709869997,-0.2884560524039057
2026-06-17,2026-06-18,2026-06-22,LBRT,1,27.290000915527344,27.40999984741211,0.00439717581015131,12,0.9973684210526317,0.02526996913407912,1.0,0.7580990740223735,0.5082020254846064,1.1755621371806786,0.00011111649699964295,0.10994808654471466
2026-06-17,2026-06-18,2026-06-22,NE,1,42.63999938964844,41.91999816894531,-0.016885582340742666,12,0.9723684210526315,0.03333333333333333,1.0,1.0,0.3842805268928097,0.6788156210642842,-0.0005628527446914222,-0.5569342442955301
2026-06-17,2026-06-18,2026-06-22,ZIM,1,24.100000381469727,24.34000015258789,0.009958496569265618,12,0.976943346508564,0.03333333333333333,1.0,1.0,0.3461856764010407,0.9769746481217103,0.00033194988564218725,0.3284593713858044
2026-06-17,2026-06-18,2026-06-22,PSLV,1,21.43000030517578,21.21999931335449,-0.009799392852578359,12,0.9657894736842105,0.02265904112169777,1.0,0.6797712336509332,0.5667605009805579,1.6394020825015234,-0.00022204484561424425,-0.21971000311934943
2026-06-17,2026-06-18,2026-06-22,WLK,1,82.94000244140625,79.29000091552734,-0.044007733523488635,12,0.9618421052631579,0.03320362471469789,1.0,0.9961087414409368,0.3867725168025933,0.8266785239664303,-0.0014612162684583463,-1.445851309959128
2026-06-18,2026-06-22,2026-06-23,LBRT,1,27.40999984741211,27.09000015258789,-0.011674560255586108,13,0.9973684210526317,0.025376649171156836,1.0,0.7612994751347051,0.507029424369686,1.1901290743728505,-0.00029626121983353975,-0.29261742236220245
2026-06-18,2026-06-22,2026-06-23,NE,1,41.91999816894531,42.119998931884766,0.004771010774700324,13,0.9723684210526315,0.03333333333333333,1.0,1.0,0.3827480245486968,0.6842287863655245,0.0001590336924900108,0.15707769377077874
2026-06-18,2026-06-22,2026-06-23,ZIM,1,24.34000015258789,25.0,0.027115852229850468,13,0.9664031620553359,0.03333333333333333,1.0,1.0,0.34774398425467146,0.9737844270092297,0.0009038617409950156,0.8927448991480582
2026-06-18,2026-06-22,2026-06-23,PSLV,1,21.21999931335449,19.600000381469727,-0.0763430247080753,13,0.9657894736842105,0.022743493876918913,1.0,0.6823048163075673,0.5657313643767291,1.6654996592290061,-0.0017363071149935798,-1.714951800657693
2026-06-18,2026-06-22,2026-06-23,WLK,1,79.29000091552734,77.37000274658203,-0.02421488392957405,13,0.9618421052631579,0.03333333333333333,1.0,1.0,0.38581407822104186,0.8373480376496885,-0.0008071627976524683,-0.7972352824593015
2026-06-22,2026-06-23,2026-06-24,LBRT,1,27.09000015258789,26.31999969482422,-0.028423789347602257,14,0.9973684210526317,0.02561566595967564,1.0,0.7684699787902692,0.506959201427342,1.1914857331604827,-0.0007280942932363663,-0.7178614708092244
2026-06-22,2026-06-23,2026-06-24,NE,1,42.119998931884766,41.0099983215332,-0.02635329151234367,14,0.9723684210526315,0.03333333333333333,1.0,1.0,0.3841834325683484,0.6605157637630591,-0.0008784430504114556,-0.866097188301671
2026-06-22,2026-06-23,2026-06-24,ZIM,1,25.0,25.43000030517578,0.017200012207031268,14,0.9723320158102767,0.03333333333333333,1.0,1.0,0.3490626583999305,0.9594558462763534,0.0005733337402343756,0.5652759619908057
2026-06-22,2026-06-23,2026-06-24,PSLV,1,19.600000381469727,18.420000076293945,-0.06020409603110921,14,0.9657894736842105,0.02315224617384044,1.0,0.6945673852152132,0.560900115757218,1.663110568005572,-0.0013938600519857707,-1.3742703882117864
2026-06-22,2026-06-23,2026-06-24,WLK,1,77.37000274658203,75.73999786376953,-0.02106765962192636,14,0.9618421052631579,0.033174267669096674,1.0,0.9952280300729003,0.3914509187807586,0.7869004707737197,-0.0006989041794592051,-0.689081602317165
2026-06-23,2026-06-24,2026-06-25,LBRT,1,26.31999969482422,26.38999938964844,0.0026595629040979674,15,0.9973684210526317,0.025384322488458406,1.0,0.7615296746537522,0.5095285793070959,1.1823369743411478,6.751120243596378e-05,0.06635431095410578
2026-06-23,2026-06-24,2026-06-25,NE,1,41.0099983215332,38.90999984741211,-0.051206987565723505,15,0.9723684210526315,0.03333333333333333,1.0,1.0,0.3836686628597801,0.655297207125032,-0.0017068995855241168,-1.6776496607764002
2026-06-23,2026-06-24,2026-06-25,ZIM,1,25.43000030517578,25.850000381469727,0.016515928873522823,15,0.9723320158102767,0.03333333333333333,1.0,1.0,0.35738575537191936,0.9499723352016,0.0005505309624507607,0.5410969047243782
2026-06-23,2026-06-24,2026-06-25,PSLV,1,18.420000076293945,18.51000022888184,0.004886001748920732,15,0.9657894736842105,0.023655168036402465,1.0,0.709655041092074,0.5467742928020399,1.6660627197420907,0.00011557919239687623,0.11359859394300033
2026-06-23,2026-06-24,2026-06-25,WLK,1,75.73999786376953,74.72564093541918,-0.013392618919462307,15,0.9618421052631579,0.03333333333333333,1.0,1.0,0.3856539260813969,0.7919992877932265,-0.00044642063064874357,-0.4387706376655333
2026-06-24,2026-06-25,2026-06-26,LBRT,1,26.38999938964844,27.059999465942383,0.025388408176953314,16,0.9973684210526317,0.02641514836847015,1.0,0.7924544510541045,0.4907796368053385,1.1940465446365587,0.0006706385688335025,0.6582105231744413
2026-06-24,2026-06-25,2026-06-26,NE,1,38.90999984741211,38.650001525878906,-0.0066820437561758705,16,0.9723684210526315,0.03333333333333333,1.0,1.0,0.38030046867541,0.6552671712871757,-0.00022273479187252901,-0.21860714653285196
2026-06-24,2026-06-25,2026-06-26,ZIM,1,25.850000381469727,25.420000076293945,-0.01663444096055111,16,0.9723320158102767,0.03333333333333333,1.0,1.0,0.3576051924940386,0.9173478282738149,-0.0005544813653517036,-0.5442059054453701
2026-06-24,2026-06-25,2026-06-26,PSLV,1,18.51000022888184,18.600000381469727,0.004862244812263938,16,0.9657894736842105,0.02327183066670735,1.0,0.6981549200012205,0.5570690638009503,1.6961896284239857,0.00011315333793108265,0.11105641879216593
2026-06-24,2026-06-25,2026-06-26,WLK,1,74.72564093541918,75.47041528619141,0.00996678437881715,16,0.9618421052631579,0.03333333333333333,1.0,1.0,0.38272631303907895,0.8022636483086475,0.0003322261459605717,0.32606944411994576
2026-06-25,2026-06-26,2026-06-29,LBRT,1,27.059999465942383,26.850000381469727,-0.0077604984707024816,17,0.9973684210526317,0.0264519970819181,1.0,0.793559912457543,0.4926002732310913,1.248722124793679,-0.00020528068290125192,-0.20154475178441486
2026-06-25,2026-06-26,2026-06-29,NE,1,38.650001525878906,38.59000015258789,-0.0015524287431357697,17,0.9723684210526315,0.033234760246988036,1.0,0.9970428074096411,0.39206724806272003,0.6798273458233192,-5.159459707865028e-05,-0.05065561997684708
2026-06-25,2026-06-26,2026-06-29,ZIM,1,25.420000076293945,25.36000061035156,-0.00236032516767537,17,0.9723320158102767,0.03333333333333333,1.0,1.0,0.3552992778413893,0.9276627022010974,-7.8677505589179e-05,-0.07724564294544876
2026-06-25,2026-06-26,2026-06-29,PSLV,1,18.600000381469727,18.56999969482422,-0.0016129401091515838,17,0.9657894736842105,0.022777693011088965,1.0,0.683330790332669,0.5720623674977666,1.706675838536253,-3.67390546515271e-05,-0.03607043559036662
2026-06-25,2026-06-26,2026-06-29,WLK,1,75.47041528619141,75.90734900433816,0.005789470171720268,17,0.9618421052631579,0.03333333333333333,1.0,1.0,0.36494344098985243,0.7951875524835487,0.00019298233905734225,0.18947022717572337
2026-06-26,2026-06-29,2026-06-30,LBRT,1,26.850000381469727,26.649999618530277,-0.0074488178807430305,18,0.9973684210526317,0.026369722843067024,1.0,0.7910916852920107,0.4958471769130711,1.2589247135956114,-0.00019642326302367558,-0.19281394972439203
2026-06-26,2026-06-29,2026-06-30,NE,1,38.59000015258789,38.369998931884766,-0.005700990407702111,18,0.9723684210526315,0.03333333333333333,1.0,1.0,0.3920280713037238,0.7071219090175264,-0.00019003301359007038,-0.18654112229015393
2026-06-26,2026-06-29,2026-06-30,ZIM,1,25.36000061035156,26.0,0.025236568385065494,18,0.9723320158102767,0.03333333333333333,1.0,1.0,0.35574225188964226,0.9677312334555643,0.0008412189461688498,0.8257613945363298
2026-06-26,2026-06-29,2026-06-30,PSLV,1,18.56999969482422,18.799999237060547,0.012385543673457011,18,0.9657894736842105,0.023054881270403074,1.0,0.6916464381120923,0.5671403150750777,1.7255808220850988,0.0002855472388609433,0.2803002562432568
2026-06-26,2026-06-29,2026-06-30,WLK,1,75.90734900433816,74.15961139205021,-0.023024616657183805,18,0.9618421052631579,0.03333333333333333,1.0,1.0,0.3649998453017945,0.7809756612005659,-0.0007674872219061268,-0.7533845041607135
2026-06-29,2026-06-30,2026-07-01,LBRT,1,26.649999618530277,25.88999938964844,-0.028517832636417495,19,0.9973684210526317,0.026754520312353702,1.0,0.8026356093706111,0.49077189804720883,1.2622851831107984,-0.0007629809325353352,-0.7489406639309734
2026-06-29,2026-06-30,2026-07-01,NE,1,38.369998931884766,36.81999969482422,-0.04039612406067927,19,0.9723684210526315,0.03333333333333333,1.0,1.0,0.39286255238822354,0.716292758087653,-0.001346537468689309,-1.3217586741742051
2026-06-29,2026-06-30,2026-07-01,ZIM,1,26.0,25.90999984741211,-0.0034615443303034343,19,0.9723320158102767,0.03333333333333333,1.0,1.0,0.35586022795253935,0.9691950850790217,-0.00011538481101011447,-0.11326151582623317
2026-06-29,2026-06-30,2026-07-01,PSLV,1,18.799999237060547,18.809999465942383,0.0005319270897694572,19,0.9657894736842105,0.023907811310441895,1.0,0.7172343393132569,0.549208229249394,1.7098617408178196,1.2717212493120671e-05,0.012483192124212053
2026-06-29,2026-06-30,2026-07-01,WLK,1,74.15961139205021,71.3592591341366,-0.03776115064990493,19,0.9618421052631579,0.03333333333333333,1.0,1.0,0.3652838810591124,0.7772465524019151,-0.0012587050216634975,-1.2355425075766908
2026-06-30,2026-07-01,2026-07-02,LBRT,1,25.88999938964844,24.3799991607666,-0.058323687310922856,20,0.9973684210526317,0.02677115213092169,1.0,0.8031345639276507,0.4896989392235757,1.2151610001566646,-0.0015613923058370228,-1.527340087525285
2026-06-30,2026-07-01,2026-07-02,NE,1,36.81999969482422,37.630001068115234,0.021998951113649134,20,0.9723684210526315,0.03333333333333333,1.0,1.0,0.392812396935937,0.7036001922225339,0.0007332983704549711,0.7173059538758538
2026-06-30,2026-07-01,2026-07-02,ZIM,1,25.90999984741211,25.6299991607666,-0.010806664928385668,20,0.9723320158102767,0.03333333333333333,1.0,1.0,0.3567875098305529,0.9594567453020665,-0.00036022216427952227,-0.35236612212220086
2026-06-30,2026-07-01,2026-07-02,PSLV,1,18.809999465942383,19.5,0.036682645063703445,20,0.9657894736842105,0.02428396142383786,1.0,0.7285188427151358,0.5398544566718158,1.6709785068241383,0.0008907999376513108,0.8713725882045465
2026-06-30,2026-07-01,2026-07-02,WLK,1,71.3592591341366,72.37214833437137,0.014194222481077379,20,0.9618421052631579,0.03333333333333333,1.0,1.0,0.36706982720594167,0.7353248836259197,0.00047314074936924595,0.46282207927623314
2026-07-01,2026-07-02,2026-07-06,LBRT,1,24.3799991607666,23.850000381469727,-0.02173908111325007,21,0.9775725593667546,0.01342069649847205,0.5,0.805241789908323,0.489606683266306,1.2099886393827897,-0.00029175360977659506,-0.2854409117865816
2026-07-01,2026-07-02,2026-07-06,NE,1,37.630001068115234,37.81999969482422,0.005049126264042858,21,0.9723684210526315,0.016666666666666666,0.5,1.0,0.3933164791835081,0.6937060668770536,8.41521044007143e-05,0.08233129806788925
2026-07-01,2026-07-02,2026-07-06,ZIM,1,25.6299991607666,23.950000762939453,-0.06554812535455812,21,0.9723320158102767,0.016666666666666666,0.5,1.0,0.3560230874943586,0.9441843751518874,-0.001092468755909302,-1.0688309153188738
2026-07-01,2026-07-02,2026-07-06,PSLV,1,19.5,19.75,0.012820512820512775,21,0.9657894736842105,0.0121351696659285,0.5,0.7281101799557099,0.5414726683376676,1.6819290991999665,0.00015557909828113405,0.15221281992811053
2026-07-01,2026-07-02,2026-07-06,WLK,1,72.37214833437137,73.4346950260316,0.014681707205250971,21,0.9618421052631579,0.016666666666666666,0.5,1.0,0.36328166580337423,0.7234629706842461,0.00024469512008751617,0.2394006306931077
2026-07-02,2026-07-06,2026-07-07,LBRT,1,23.850000381469727,23.38999938964844,-0.01928725301734935,22,0.9775725593667546,0.012769431676803032,0.5,0.7661659006081819,0.5096273242703263,1.2251810332396054,-0.0002462872596382556,-0.2407415076394926
2026-07-02,2026-07-06,2026-07-07,NE,1,37.81999969482422,37.880001068115234,0.0015864985133573484,22,0.9723684210526315,0.016557889359860432,0.5,0.9934733615916259,0.3930242047442168,0.6977970441582728,2.626906685375403e-05,0.025677555420219787
2026-07-02,2026-07-06,2026-07-07,ZIM,1,23.950000762939453,24.170000076293945,0.009185774795252621,22,0.9723320158102767,0.016666666666666666,0.5,1.0,0.35910034304773486,0.9566230743083984,0.00015309624658754368,0.1496489151390431
2026-07-02,2026-07-06,2026-07-07,PSLV,1,19.75,19.61000061035156,-0.007088576691060333,22,0.9657894736842105,0.01255651207359672,0.5,0.7533907244158031,0.5182690272393301,1.6821266638730266,-8.900779880591536e-05,-0.08700357341943611
2026-07-02,2026-07-06,2026-07-07,WLK,1,73.4346950260316,74.51710062674904,0.01473970308358652,22,0.9618421052631579,0.016666666666666666,0.5,1.0,0.36226149677786895,0.7251231732116308,0.0002456617180597753,0.24013005163922804
2026-07-02,2026-07-06,2026-07-07,AGX,1,723.02719782359,704.1327268425215,-0.026132448458292323,0,0.9696569920844327,0.011755547101657394,0.5,0.7053328260994437,0.5535813213648195,1.6661544525422212,-0.00030720122873308955,-0.3002838517206883
2026-07-06,2026-07-07,2026-07-08,LBRT,1,23.38999938964844,24.290000915527344,0.03847804828405477,23,0.9834656084656085,0.012923022500009667,0.5,0.77538135000058,0.5078797033281206,1.2309293562652204,0.0004972526837312981,0.4859339355086142
2026-07-06,2026-07-07,2026-07-08,NE,1,37.880001068115234,38.56999969482422,0.018215380339304588,23,0.9723684210526315,0.01653812948620103,0.5,0.9922877691720617,0.3968611346817554,0.6968724271508171,0.00030124831869181973,0.2943911332339287
2026-07-06,2026-07-07,2026-07-08,ZIM,1,24.170000076293945,23.959999084472656,-0.008688497772379344,23,0.9953703703703705,0.016666666666666666,0.5,1.0,0.3588929298501629,0.955243422330076,-0.0001448082962063224,-0.14151208745986363
2026-07-06,2026-07-07,2026-07-08,PSLV,1,19.61000061035156,18.600000381469727,-0.05150434459184472,23,0.9657894736842105,0.012560506005595155,0.5,0.7536303603357093,0.5225379320294784,1.677829330284302,-0.000646920629560108,-0.6321950544840611
2026-07-06,2026-07-07,2026-07-08,WLK,1,74.51710062674904,77.17843165054093,0.035714366251611285,23,0.9618421052631579,0.016666666666666666,0.5,1.0,0.3685020091227415,0.7257145825805092,0.0005952394375268547,0.5816902591191637
2026-07-06,2026-07-07,2026-07-08,AGX,1,704.1327268425215,650.7564205624112,-0.07580432530023251,1,0.9847883597883598,0.011504389107730988,0.5,0.6902633464638592,0.5705075490707238,1.6710640113446864,-0.0008720824543028915,-0.852231617791351
2026-07-07,2026-07-08,2026-07-09,LBRT,1,24.290000915527344,24.459999084472656,0.006998689276979109,24,0.9814323607427056,0.025729484906410947,1.0,0.7718845471923284,0.5089850008071755,1.2093166838083553,0.00018007267011669413,0.17592622825013446
2026-07-07,2026-07-08,2026-07-09,NE,1,38.56999969482422,39.18999862670898,0.01607464186648566,24,0.9723684210526315,0.03333333333333333,1.0,1.0,0.3922694418686514,0.6794537481805714,0.0005358213955495221,0.523483308564611
2026-07-07,2026-07-08,2026-07-09,ZIM,1,23.959999084472656,24.600000381469727,0.026711240461266383,24,0.9946949602122016,0.03333333333333333,1.0,1.0,0.3861372589199718,0.9159897975411002,0.0008903746820422127,0.869872476703934
2026-07-07,2026-07-08,2026-07-09,PSLV,1,18.600000381469727,19.15999984741211,0.0301074975514668,24,0.9657894736842105,0.025160613905505023,1.0,0.7548184171651507,0.5204929396811123,1.6788690523907257,0.000757523121553394,0.7400800215868057
2026-07-07,2026-07-08,2026-07-09,WLK,1,77.17843165054093,74.69584751923927,-0.032166812387982247,24,0.9618421052631579,0.03333333333333333,1.0,1.0,0.3633894667515064,0.7196160040569904,-0.0010722270795994083,-1.0475374515152083
2026-07-07,2026-07-08,2026-07-09,AGX,1,650.7564205624112,686.4572331305767,0.054860484568575396,2,0.9920424403183024,0.022881184896633783,1.0,0.6864355468990135,0.572344568474879,1.6751135244757656,0.0012552728909324981,1.2263683599698212
2026-07-07,2026-07-08,2026-07-09,SHEL,1,81.2677845756561,81.17855856694992,-0.0010979259391907803,0,0.993368700265252,0.03333333333333333,1.0,1.0,0.24174398837780708,0.10354268844241923,-3.659753130635934e-05,-0.035754818550875256
2026-07-08,2026-07-09,2026-07-10,LBRT,1,24.459999084472656,24.290000915527344,-0.006950048050215485,25,0.9940318302387268,0.025950872127303418,1.0,0.7785261638191026,0.5096105923398646,1.2141464633584123,-0.0001803598082297565,-0.1766432022912194
2026-07-08,2026-07-09,2026-07-10,NE,1,39.18999862670898,39.2400016784668,0.001275913587905686,25,0.9681697612732095,0.03333333333333333,1.0,1.0,0.39667757389037683,0.6705598612513233,4.253045293018953e-05,0.041654044070142095
2026-07-08,2026-07-09,2026-07-10,ZIM,1,24.600000381469727,24.18000030517578,-0.017073173568335265,25,0.9973474801061009,0.03333333333333333,1.0,1.0,0.38666945539199965,0.9263734250892203,-0.0005691057856111755,-0.5573784392405036
2026-07-08,2026-07-09,2026-07-10,PSLV,1,19.15999984741211,19.040000915527344,-0.006262992319437499,25,0.9657894736842105,0.025273269314948364,1.0,0.7581980794484509,0.523273785901102,1.6893184016372897,-0.00015828629160659702,-0.15502454622580417
2026-07-08,2026-07-09,2026-07-10,WLK,1,74.69584751923927,74.77529548472899,0.0010636195736215548,25,0.9618421052631579,0.03333333333333333,1.0,1.0,0.3669982441238836,0.7177426241920289,3.545398578738516e-05,0.03472339899304599
2026-07-08,2026-07-09,2026-07-10,AGX,1,686.4572331305767,678.6436123416208,-0.011382531076731373,3,0.9907161803713528,0.022052274271970655,1.0,0.6615682281591196,0.5997041009661526,1.701365321173925,-0.0002510106972133097,-0.2458382152892276
2026-07-08,2026-07-09,2026-07-10,SHEL,1,81.17855856694992,81.00012313526136,-0.002198061099365267,1,0.993368700265252,0.03333333333333333,1.0,1.0,0.2627505671078346,0.08893678592977294,-7.326870331217557e-05,-0.07175888302287889
2026-07-08,2026-07-09,2026-07-10,CVE,1,26.5,26.100000381469727,-0.015094325227557492,0,0.98342175066313,0.03333333333333333,1.0,1.0,0.38755032286005814,0.08138882286601867,-0.0005031441742519164,-0.49277607370712717
2026-07-08,2026-07-09,2026-07-10,UTHR,1,552.1799926757812,550.5900268554688,-0.0028794339552358217,0,0.9675066312997347,0.03333333333333333,1.0,1.0,0.22664042499455256,0.06886340411293013,-9.598113184119405e-05,-0.09400328517962481
2026-07-09,2026-07-10,2026-07-13,LBRT,1,24.290000915527344,24.81999969482422,0.021819627802404762,26,0.9688328912466844,0.0259838721730673,1.0,0.779516165192019,0.5109340316066696,1.1999233060254784,0.0005669584196815907,0.5542648116744529
2026-07-09,2026-07-10,2026-07-13,NE,1,39.2400016784668,40.18000030517578,0.02395511178647114,26,0.9681697612732095,0.03333333333333333,1.0,1.0,0.39813503762251556,0.6676257332313709,0.0007985037262157046,0.7806260601630275
2026-07-09,2026-07-10,2026-07-13,ZIM,1,24.18000030517578,23.989999771118164,-0.00785775565176261,26,0.9940318302387268,0.03333333333333333,1.0,1.0,0.3911858019644865,0.9258091206981334,-0.000261925188392087,-0.2560609564603836
2026-07-09,2026-07-10,2026-07-13,PSLV,1,19.040000915527344,18.81999969482422,-0.011554685405698262,26,0.9657894736842105,0.025217571440820433,1.0,0.756527143224613,0.5264600755585569,1.7022036046799103,-0.00029138110469440116,-0.2848573855021635
2026-07-09,2026-07-10,2026-07-13,WLK,1,74.77529548472899,76.1754643329775,0.018725019261668585,26,0.9618421052631579,0.03333333333333333,1.0,1.0,0.3582397043786055,0.7060983119304077,0.0006241673087222861,0.6101928533252916
2026-07-09,2026-07-10,2026-07-13,AGX,1,678.6436123416208,614.8958620271503,-0.0939340607576229,4,0.9820954907161803,0.02214089190013709,1.0,0.6642267570041127,0.5996165206901818,1.7007183188322748,-0.002079783884975438,-2.0332196918018592
2026-07-09,2026-07-10,2026-07-13,SHEL,1,81.00012313526136,82.22934640855108,0.015175572896809708,2,0.993368700265252,0.03333333333333333,1.0,1.0,0.2625139912214395,0.07288875746265518,0.0005058524298936569,0.49452692129968556
2026-07-09,2026-07-10,2026-07-13,CVE,1,26.100000381469727,26.8799991607666,0.029885010264239398,1,0.98342175066313,0.0329152243444989,1.0,0.9874567303349671,0.40334054622223614,0.06247988754882034,0.000983671817385092,0.9616484307942946
2026-07-09,2026-07-10,2026-07-13,UTHR,1,550.5900268554688,541.469970703125,-0.0165641506520382,1,0.9675066312997347,0.03333333333333333,1.0,1.0,0.22805900414397232,0.0650515592852074,-0.00055213835506794,-0.5397765528587507
2026-07-10,2026-07-13,2026-07-14,LBRT,1,24.81999969482422,26.18000030517578,0.054794545812793416,27,0.9688328912466844,0.02565197128399541,1.0,0.7695591385198622,0.510932429993578,1.194897871826007,0.0014055881157093476,1.3745223510147553
2026-07-10,2026-07-13,2026-07-14,NE,1,40.18000030517578,42.209999084472656,0.050522617319029184,27,0.9681697612732095,0.032876004509142936,1.0,0.986280135274288,0.39866231368268346,0.6620573385387821,0.0016609817947941066,1.624271417819245
2026-07-10,2026-07-13,2026-07-14,ZIM,1,23.989999771118164,24.190000534057617,0.008336838884852149,27,0.9927248677248677,0.03333333333333333,1.0,1.0,0.39258844292060074,0.915520791758672,0.0002778946294950716,0.27175270991472
2026-07-10,2026-07-13,2026-07-14,PSLV,1,18.81999969482422,19.01000022888184,0.010095671473888235,27,0.9657894736842105,0.02485309098335392,1.0,0.7455927295006176,0.5273558943246,1.7082751848037816,0.00025090864167859507,0.24536315595976246
2026-07-10,2026-07-13,2026-07-14,WLK,1,76.1754643329775,76.56274567876771,0.005084069380888012,27,0.9618421052631579,0.03333333333333333,1.0,1.0,0.3577782267250532,0.6997860166781881,0.00016946897936293373,0.16572344155062466
2026-07-10,2026-07-13,2026-07-14,AGX,1,614.8958620271503,617.7635589398287,0.004663711515677349,5,0.9820954907161803,0.021780897676271564,1.0,0.6534269302881469,0.6017393872859332,1.7044734370903503,0.0001015798233146177,0.09933474536216387
2026-07-10,2026-07-13,2026-07-14,SHEL,1,82.22934640855108,83.96414779724,0.021097107838723206,3,0.9867724867724867,0.03333333333333333,1.0,1.0,0.25970403080727467,0.06901308756629544,0.0007032369279574402,0.6876942574664844
2026-07-10,2026-07-13,2026-07-14,CVE,1,26.8799991607666,28.0,0.04166669918904331,2,0.9861111111111112,0.033074313133786275,1.0,0.9922293940135883,0.3962719941980806,0.05236823547926492,0.001378097456229697,1.3476392794544598
2026-07-10,2026-07-13,2026-07-14,UTHR,1,541.469970703125,535.5700073242188,-0.010896196831090887,2,0.9894179894179894,0.03333333333333333,1.0,1.0,0.22065390424419545,0.06270697250588475,-0.0003632065610363629,-0.35517911015329
2026-07-10,2026-07-13,2026-07-14,PEN,1,317.6300048828125,317.32000732421875,-0.0009759706382529432,0,0.9953703703703703,0.03333333333333333,1.0,1.0,0.08531873527251399,0.13858590007153024,-3.253235460843144e-05,-0.03181333709403211
2026-07-10,2026-07-13,2026-07-14,PEP,1,138.02000427246094,138.25,0.0016663941488150869,0,0.9887566137566137,0.03333333333333333,1.0,1.0,0.2336021386428811,-0.1837765688063813,5.554647162716956e-05,0.0543188050028586
2026-07-10,2026-07-13,2026-07-14,SU,1,60.36000061035156,61.79999923706055,0.023856835854008107,0,0.9841269841269842,0.03333333333333333,1.0,1.0,0.34641398075586616,-0.12179377454551926,0.0007952278618002703,0.7776520432819104
2026-07-13,2026-07-14,2026-07-15,LBRT,1,26.18000030517578,25.649999618530277,-0.020244487412810375,28,0.9854111405835544,0.025814416827795113,1.0,0.7744325048338534,0.5074283014048773,1.206798447559389,-0.0005225996365393385,-0.5142703791650521
2026-07-13,2026-07-14,2026-07-15,NE,1,42.209999084472656,42.130001068115234,-0.0018952385238703018,28,0.9801061007957559,0.032506747424733265,1.0,0.975202422741998,0.4029614378680963,0.6638105553841759,-6.160804000507621e-05,-0.06062612347538688
2026-07-13,2026-07-14,2026-07-15,ZIM,1,24.190000534057617,24.559999465942383,0.015295532191652361,28,0.9980106100795756,0.03333333333333333,1.0,1.0,0.3927631290866783,0.9280002598914349,0.0005098510730550787,0.501725003855809
2026-07-13,2026-07-14,2026-07-15,PSLV,1,19.01000022888184,18.739999771118164,-0.014203074934921123,28,0.9657894736842105,0.024898793924149096,1.0,0.7469638177244728,0.5260883608495187,1.7119600066513623,-0.00035363943589384835,-0.3480030870078009
2026-07-13,2026-07-14,2026-07-15,WLK,1,76.56274567876771,75.96692917525901,-0.007782068135442133,28,0.9618421052631579,0.03333333333333333,1.0,1.0,0.35730537952719416,0.693856824798327,-0.0002594022711814044,-0.25526788583346954
2026-07-13,2026-07-14,2026-07-15,AGX,1,617.7635589398287,616.3746617719463,-0.002248266586436398,6,0.9820954907161803,0.021051478486529725,1.0,0.6315443545958918,0.6222349509117485,1.6815955066077277,-4.7329335676349456e-05,-0.04657499489491909
2026-07-13,2026-07-14,2026-07-15,SHEL,1,83.96414779724,84.56884812731944,0.007201887304801646,4,0.9867724867724867,0.03333333333333333,1.0,1.0,0.26030006717191145,0.06924202259308271,0.00024006291016005486,0.23623675793005275
2026-07-13,2026-07-14,2026-07-15,CVE,1,28.0,27.6299991607666,-0.013214315686907119,3,0.9861111111111112,0.03302165983939382,1.0,0.9906497951818146,0.3966779909427476,0.05920430863645357,-0.0004363586376234126,-0.4294038999119087
2026-07-13,2026-07-14,2026-07-15,UTHR,1,535.5700073242188,524.8099975585938,-0.02009076239982799,3,0.9953580901856764,0.03333333333333333,1.0,1.0,0.2202636278523573,0.05403791145984301,-0.0006696920799942663,-0.6590184451392341
2026-07-13,2026-07-14,2026-07-15,PEN,1,317.32000732421875,316.0,-0.004159861634157935,1,0.9927055702917772,0.03333333333333333,1.0,1.0,0.08493924519568588,0.1434774804801516,-0.00013866205447193118,-0.13645204156914362
2026-07-13,2026-07-14,2026-07-15,PEP,1,138.25,135.08999633789062,-0.022857169346179873,1,0.9887566137566137,0.03333333333333333,1.0,1.0,0.2303698130136335,-0.18332242989120293,-0.0007619056448726624,-0.7497622988629139
2026-07-13,2026-07-14,2026-07-15,SU,1,61.79999923706055,61.5,-0.004854356646668778,1,0.9841269841269842,0.03333333333333333,1.0,1.0,0.34593163762419793,-0.12231102621824308,-0.0001618118882222926,-0.1592329104178921
2026-07-13,2026-07-14,2026-07-15,HUM,1,410.0,401.8299865722656,-0.01992686201886429,0,0.9893899204244032,0.03065458375107192,1.0,0.9196375125321575,0.42730854834156784,0.5253028173169881,-0.0006108496606533294,-0.6011138635252078
2026-07-13,2026-07-14,2026-07-15,APA,1,34.556779173792314,33.94111211530233,-0.01781610072494555,0,0.9847480106100795,0.027232161560183994,1.0,0.8169648468055198,0.4810108684812404,-0.5149882993804428,-0.00048517093331422836,-0.4774382192219315
2026-07-13,2026-07-14,2026-07-15,TRP,1,68.5,68.69000244140625,0.002773758268704407,0,0.9688328912466844,0.03333333333333333,1.0,1.0,0.21528537862857516,-0.008913312288401613,9.245860895681357e-05,0.09098499225939394
2026-07-13,2026-07-14,2026-07-15,ENB,1,54.50026188931058,55.16117165034833,0.01212672633353673,0,0.96684350132626,0.03333333333333333,1.0,1.0,0.20775075573385376,-0.12530015100422348,0.00040422421111789103,0.3977816358539388
2026-07-14,2026-07-15,2026-07-16,LBRT,1,25.649999618530277,24.799999237060547,-0.03313841692440678,29,0.9807692307692307,0.025682436244556406,1.0,0.7704730873366922,0.5101972543065666,1.1863963179686223,-0.000851075279906606,-0.8346667466602913
2026-07-14,2026-07-15,2026-07-16,NE,1,42.130001068115234,40.16999816894531,-0.046522735567962936,29,0.9801061007957559,0.03165946773014415,1.0,0.9497840319043246,0.41387646082881463,0.6370595037822958,-0.001472885045431952,-1.4444881646782048
2026-07-14,2026-07-15,2026-07-16,ZIM,1,24.559999465942383,24.90999984741211,0.014250830174287188,29,0.9940318302387268,0.03333333333333333,1.0,1.0,0.3929333601094133,0.9278765128304178,0.0004750276724762396,0.46586924954848025
2026-07-14,2026-07-15,2026-07-16,PSLV,1,18.739999771118164,18.100000381469727,-0.034151515339653105,29,0.9657894736842105,0.024811610478555398,1.0,0.7443483143566619,0.528103907934598,1.7206794913992431,-0.0008473540958598823,-0.8310173061756095
2026-07-14,2026-07-15,2026-07-16,WLK,1,75.96692917525901,75.93713488694596,-0.00039220077257984265,29,0.9618421052631579,0.03333333333333333,1.0,1.0,0.35691174769724,0.6852530590167657,-1.3073359085994754e-05,-0.012821307766601368
2026-07-14,2026-07-15,2026-07-16,AGX,1,616.3746617719463,597.4201356307873,-0.030751630975012434,7,0.9820954907161803,0.020802947502618616,1.0,0.6240884250785584,0.6298678807042486,1.7029115729879047,-0.0006397245647930842,-0.6273908241267551
2026-07-14,2026-07-15,2026-07-16,SHEL,1,84.56884812731944,84.43998054572893,-0.0015238185743821075,5,0.993368700265252,0.03333333333333333,1.0,1.0,0.26286173920778766,0.05699328903599832,-5.079395247940358e-05,-0.049814656901624045
2026-07-14,2026-07-15,2026-07-16,CVE,1,27.6299991607666,27.38999938964844,-0.008686202620626582,4,0.9754641909814323,0.03222878675154425,1.0,0.9668636025463276,0.40656536520873804,0.03713650874519898,-0.0002799457719408789,-0.2745484826357998
2026-07-14,2026-07-15,2026-07-16,UTHR,1,524.8099975585938,533.6099853515625,0.01676794998934117,4,0.9980106100795756,0.03333333333333333,1.0,1.0,0.22381105800108717,0.06707960106970881,0.0005589316663113723,0.5481555939172891
2026-07-14,2026-07-15,2026-07-16,PEN,1,316.0,318.5199890136719,0.007974648777442583,2,0.9860742705570291,0.03333333333333333,1.0,1.0,0.08513986286314136,0.142555579875167,0.00026582162591475277,0.2606966468566249
2026-07-14,2026-07-15,2026-07-16,PEP,1,135.08999633789062,137.0399932861328,0.014434799031046053,2,0.9887566137566137,0.03333333333333333,1.0,1.0,0.231255228783268,-0.18820056355454662,0.0004811599677015351,0.4718833155495742
2026-07-14,2026-07-15,2026-07-16,SU,1,61.5,60.66999816894531,-0.01349596473259651,2,0.9841269841269842,0.03333333333333333,1.0,1.0,0.35128156380348596,-0.1394533174401623,-0.00044986549108655036,-0.4411921891576383
2026-07-14,2026-07-15,2026-07-16,HUM,1,401.8299865722656,424.5400085449219,0.05651649386940916,1,0.9893899204244032,0.03097586585962088,1.0,0.9292759757886264,0.4230102401417262,0.5083804565447262,0.0017506473329549038,1.7168952599672886
2026-07-14,2026-07-15,2026-07-16,APA,1,33.94111211530233,33.98083467236469,0.0011703375224541013,1,0.9681697612732095,0.026904161724343584,1.0,0.8071248517303076,0.48702905484024406,-0.5305233578864775,3.1486949976172735e-05,0.030879888911532514
2026-07-14,2026-07-15,2026-07-16,TRP,1,68.69000244140625,69.12000274658203,0.006260012955197958,1,0.9688328912466844,0.03333333333333333,1.0,1.0,0.21551466239459696,-0.014569110982671012,0.00020866709850659858,0.20464404542998557
2026-07-14,2026-07-15,2026-07-16,ENB,1,55.16117165034833,55.407778202778594,0.004470654720560185,1,0.96684350132626,0.03333333333333333,1.0,1.0,0.20819408913293305,-0.13018284439313146,0.00014902182401867284,0.14614871794736833
2026-07-14,2026-07-15,2026-07-16,CZR,1,29.989999771118164,30.1200008392334,0.004334813908215995,0,0.9655172413793103,0.03333333333333333,1.0,1.0,0.27693212702804537,0.8755648593298971,0.00014449379694053316,0.14170799017706429
2026-07-14,2026-07-15,2026-07-16,NYT,1,72.72000122070312,74.41999816894531,0.023377295375487384,0,0.963527851458886,0.03333333333333333,1.0,1.0,0.312452136862275,0.20384812928423052,0.0007792431791829127,0.7642195521143532
2026-07-15,2026-07-16,2026-07-17,LBRT,1,24.799999237060547,23.51000022888184,-0.05201609063967072,30,0.9807692307692307,0.025647645814257665,1.0,0.76942937442773,0.5098221072420704,1.184591460132303,-0.001334090269368598,-1.3085958204059762
2026-07-15,2026-07-16,2026-07-17,NE,1,40.16999816894531,40.43999862670898,0.00672144560794119,30,0.9801061007957559,0.03166625789993738,1.0,0.9499877369981213,0.41292333549929716,0.6304706188880185,0.0002128430300814671,0.20877560234284043
2026-07-15,2026-07-16,2026-07-17,ZIM,1,24.90999984741211,24.5,-0.016459247287177514,30,0.976790450928382,0.032994260628174135,1.0,0.9898278188452241,0.3963033747650525,0.9301969545362802,-0.000543060694736703,-0.5326828114079208
2026-07-15,2026-07-16,2026-07-17,PSLV,1,18.100000381469727,17.68000030517578,-0.023204423615588943,30,0.9657894736842105,0.024700303019374665,1.0,0.74100909058124,0.5293755637154183,1.7313999519555303,-0.0005731562946949803,-0.5622032848138556
2026-07-15,2026-07-16,2026-07-17,WLK,1,75.93713488694596,77.65507807470162,0.022623228942115325,30,0.9618421052631579,0.03333333333333333,1.0,1.0,0.35637076492207637,0.6844053036792775,0.0007541076314038442,0.7396966436599278
2026-07-15,2026-07-16,2026-07-17,AGX,1,597.4201356307873,528.2368898226813,-0.11580333785545871,8,0.9820954907161803,0.020648020864044138,1.0,0.6194406259213241,0.6332682885647806,1.712808851391495,-0.002391109736165464,-2.345415657936747
2026-07-15,2026-07-16,2026-07-17,SHEL,1,84.43998054572893,86.29373512637687,0.02195351738201823,6,0.9946949602122016,0.03333333333333333,1.0,1.0,0.2629464971058808,0.05757758568052775,0.0007317839127339409,0.7177995309846512
2026-07-15,2026-07-16,2026-07-17,CVE,1,27.38999938964844,27.75,0.013143505599624516,5,0.9794429708222812,0.03225155461752354,1.0,0.9675466385257063,0.40542966036491607,0.04079893946094712,0.0004238984887120166,0.4157977937036377
2026-07-15,2026-07-16,2026-07-17,UTHR,1,533.6099853515625,529.2899780273438,-0.00809581425162531,5,0.9953580901856764,0.03333333333333333,1.0,1.0,0.22479090198574558,0.05877499424770114,-0.000269860475054177,-0.2647034446295763
2026-07-15,2026-07-16,2026-07-17,PEN,1,318.5199890136719,318.82000732421875,0.0009419136032118303,3,0.9946949602122016,0.03333333333333333,1.0,1.0,0.0857765237347874,0.1339374438737788,3.1397120107061007e-05,0.030797121520367458
2026-07-15,2026-07-16,2026-07-17,PEP,1,137.0399932861328,140.88999938964844,0.02809403307162306,3,0.9887566137566137,0.03333333333333333,1.0,1.0,0.23446255986221004,-0.19392663510045427,0.0009364677690541019,0.9185718812783897
2026-07-15,2026-07-16,2026-07-17,SU,1,60.66999816894531,61.95000076293945,0.021097785274853065,3,0.9814323607427056,0.03333333333333333,1.0,1.0,0.35105451535379006,-0.136243543870833,0.0007032595091617689,0.6898202284208271
2026-07-15,2026-07-16,2026-07-17,HUM,1,424.5400085449219,387.5,-0.08724739199933984,2,0.9893899204244032,0.031010252529669973,1.0,0.9303075758900992,0.42165850865975746,0.5060379828171806,-0.002705563658454636,-2.653860369562317
2026-07-15,2026-07-16,2026-07-17,APA,1,33.98083467236469,34.90433216584001,0.027177010287694925,2,0.9681697612732095,0.02697812175182642,1.0,0.8093436525547927,0.4846792877246127,-0.53669062228852,0.0007331846923920728,0.7191735417604054
2026-07-15,2026-07-16,2026-07-17,TRP,1,69.12000274658203,70.73999786376953,0.023437428426138274,2,0.9688328912466844,0.03333333333333333,1.0,1.0,0.21122336101036893,-0.013590753268155656,0.0007812476142046092,0.7663179817165946
2026-07-15,2026-07-16,2026-07-17,ENB,1,55.407778202778594,56.12787288388424,0.01299627424998473,2,0.96684350132626,0.03333333333333333,1.0,1.0,0.2077725202168886,-0.12774897911629832,0.00043320914166615764,0.4249305201920829
2026-07-15,2026-07-16,2026-07-17,CZR,1,30.1200008392334,29.93000030517578,-0.006308118484848357,1,0.9655172413793103,0.03333333333333333,1.0,1.0,0.2767637354046242,0.8642610137781522,-0.00021027061616161192,-0.20625234722197833
2026-07-15,2026-07-16,2026-07-17,NYT,1,74.41999816894531,75.80999755859375,0.018677767049831262,1,0.963527851458886,0.03333333333333333,1.0,1.0,0.31684721279499195,0.1965785301704078,0.0006225922349943753,0.6106945048901741
2026-07-15,2026-07-16,2026-07-17,OKE,1,90.25387681259707,92.40819118870647,0.023869494056001805,0,0.9562334217506632,0.03333333333333333,1.0,1.0,0.30250964230785654,-0.28858540274990824,0.0007956498018667268,0.7804449437461352
2026-07-16,2026-07-17,2026-07-20,LBRT,1,23.51000022888184,23.850000381469727,0.014461937442697304,31,0.9807692307692307,0.025672949633543628,1.0,0.7701884890063089,0.507967154097443,1.1835236619429923,0.0003712805915698266,0.3638573642068737
2026-07-16,2026-07-17,2026-07-20,NE,1,40.43999862670898,41.130001068115234,0.017062375490550563,31,0.9801061007957559,0.03181871529756906,1.0,0.9545614589270718,0.40985360473163035,0.6279365758545684,0.0005429028680340486,0.5320482973483681
2026-07-16,2026-07-17,2026-07-20,ZIM,1,24.5,24.40999984741211,-0.003673475615832311,31,0.976790450928382,0.032789019554635826,1.0,0.9836705866390747,0.39772507198356793,0.9334621115029764,-0.00012044966380100353,-0.11804144408662094
2026-07-16,2026-07-17,2026-07-20,PSLV,1,17.68000030517578,18.21999931335449,0.030542929799646235,31,0.9657894736842105,0.02524810016122109,1.0,0.7574430048366327,0.5165147111808447,1.7274590252666362,0.0007711509507986125,0.7557328843310611
2026-07-16,2026-07-17,2026-07-20,WLK,1,77.65507807470162,76.54289042537106,-0.014322149650801697,31,0.9618421052631579,0.03333333333333333,1.0,1.0,0.3548576766856505,0.6856797512511439,-0.00047740498836005657,-0.4678599546220405
2026-07-16,2026-07-17,2026-07-20,AGX,1,528.2368898226813,565.5363513325456,0.0706112394429419,9,0.9820954907161803,0.02055823186717045,1.0,0.6167469560151135,0.6343451735975123,1.7047291283100432,0.0014516422328962912,1.4226187110933015
2026-07-16,2026-07-17,2026-07-20,SHEL,1,86.29373512637687,85.37181160974387,-0.010683550958628052,7,0.9960212201591512,0.03333333333333333,1.0,1.0,0.25964638488834335,0.05912595126060901,-0.0003561183652876017,-0.3489982850742092
2026-07-16,2026-07-17,2026-07-20,CVE,1,27.75,27.90999984741211,0.0057657602671030705,6,0.9913793103448276,0.03248896467481673,1.0,0.9746689402445019,0.40139829918146547,0.040500634478231226,0.00018732358164137356,0.18357831305330338
2026-07-16,2026-07-17,2026-07-20,UTHR,1,529.2899780273438,535.5499877929688,0.011827183633735139,6,0.9986737400530503,0.03333333333333333,1.0,1.0,0.22581608034617795,0.05982811231997185,0.00039423945445783796,0.38635719728540335
2026-07-16,2026-07-17,2026-07-20,PEN,1,318.82000732421875,318.44000244140625,-0.0011919104011125503,4,0.9927055702917772,0.03333333333333333,1.0,1.0,0.08570539165394735,0.13358657046119482,-3.9730346703751673e-05,-0.03893599492914396
2026-07-16,2026-07-17,2026-07-20,PEP,1,140.88999938964844,137.57000732421875,-0.023564426714545172,4,0.9847480106100795,0.03333333333333333,1.0,1.0,0.2344787036561136,-0.1940791828641653,-0.000785480890484839,-0.7697763172544685
2026-07-16,2026-07-17,2026-07-20,SU,1,61.95000076293945,62.18000030517578,0.0037126640743145867,4,0.9827586206896552,0.03333333333333333,1.0,1.0,0.349134992325276,-0.13726585504524821,0.00012375546914381955,0.12128115455339286
2026-07-16,2026-07-17,2026-07-20,HUM,1,387.5,400.3200073242188,0.03308388986895183,3,0.9893899204244032,0.031109273359871407,1.0,0.9332782007961422,0.4192002497705416,0.5068442588736776,0.0010292157737411029,1.0086380681796183
2026-07-16,2026-07-17,2026-07-20,APA,1,34.90433216584001,34.48726859009819,-0.011948762513496525,3,0.9681697612732095,0.028014621867816357,1.0,0.8404386560344907,0.46550744908036307,-0.5360563979905075,-0.0003347400636039441,-0.32804741212675514
2026-07-16,2026-07-17,2026-07-20,TRP,1,70.73999786376953,69.79000091552734,-0.013429417259407939,3,0.9688328912466844,0.03333333333333333,1.0,1.0,0.20488570115211543,-0.01386152188035652,-0.0004476472419802646,-0.4386971720572228
2026-07-16,2026-07-17,2026-07-20,ENB,1,56.12787288388424,55.920723096267174,-0.003690675897260687,3,0.96684350132626,0.03333333333333333,1.0,1.0,0.20303771437508575,-0.12790183080475756,-0.00012302252990868955,-0.12056286939582343
2026-07-16,2026-07-17,2026-07-20,CZR,1,29.93000030517578,29.850000381469727,-0.0026729008650300257,2,0.9655172413793103,0.03333333333333333,1.0,1.0,0.2765490765573183,0.8637385737681328,-8.909669550100086e-05,-0.08731533379503266
2026-07-16,2026-07-17,2026-07-20,NYT,1,75.80999755859375,75.91000366210938,0.0013191677448389783,2,0.963527851458886,0.03333333333333333,1.0,1.0,0.32109577434997855,0.20214781746611626,4.3972258161299275e-05,0.04309309540028974
2026-07-16,2026-07-17,2026-07-20,OKE,1,92.40819118870647,92.46748010793492,0.0006415980928289322,1,0.9562334217506632,0.03333333333333333,1.0,1.0,0.3009130049309071,-0.2906110738578391,2.138660309429774e-05,0.020959008383195407
2026-07-16,2026-07-17,2026-07-20,ELV,1,371.7000122070313,376.4200134277344,0.012698415565491228,0,0.9787798408488064,0.03333333333333333,1.0,1.0,0.37285509463297084,0.2891225653432082,0.0004232805188497076,0.4148176268993238
2026-07-16,2026-07-17,2026-07-20,WMT,1,116.68066042641807,113.68782844769807,-0.025649768931564787,0,0.976790450928382,0.03333333333333333,1.0,1.0,0.27030680126610124,-0.05858759687617947,-0.0008549922977188262,-0.8378979427655948
2026-07-16,2026-07-17,2026-07-20,DRI,1,202.6000061035156,198.7400054931641,-0.01905232228067799,0,0.9761273209549071,0.03333333333333333,1.0,1.0,0.2517360524091648,0.2788467987940469,-0.000635077409355933,-0.6223799398146587
2026-07-17,2026-07-20,2026-07-21,LBRT,1,23.850000381469727,24.489999771118164,0.02683435553089919,32,0.9807692307692307,0.02505059875017016,1.0,0.7515179625051047,0.5228384844996301,1.1817042878922797,0.000672216673123965,0.6594330551738516
2026-07-17,2026-07-20,2026-07-21,NE,1,41.130001068115234,40.9900016784668,-0.003403826550273714,32,0.9801061007957559,0.03195872459024885,1.0,0.9587617377074654,0.4098228966979345,0.6145995629884565,-0.00010878195527317446,-0.10671323693922423
2026-07-17,2026-07-20,2026-07-21,ZIM,1,24.40999984741211,24.530000686645508,0.004916052436850782,32,0.996031746031746,0.032948512749634735,1.0,0.988455382489042,0.3975116323419633,0.9338062792231214,0.00016197661639345088,0.15889628937448078
2026-07-17,2026-07-20,2026-07-21,WLK,1,76.54289042537106,76.7216348457812,0.0023352191094012653,32,0.9618421052631579,0.03333333333333333,1.0,1.0,0.3535705685911079,0.6787711390765817,7.784063698004217e-05,0.07636033307814413
2026-07-17,2026-07-20,2026-07-21,AGX,1,565.5363513325456,624.7478063534779,0.10469964464957093,10,0.9820954907161803,0.019652902438542792,1.0,0.5895870731562838,0.6664367834371863,1.7459320212212457,0.0020576519016481166,2.018521310520778
2026-07-17,2026-07-20,2026-07-21,SHEL,1,85.37181160974387,86.23425391571864,0.010102190520651089,8,0.9960212201591512,0.03333333333333333,1.0,1.0,0.2579944650631656,0.05390379494386895,0.00033673968402170296,0.33033586864299475
2026-07-17,2026-07-20,2026-07-21,CVE,1,27.90999984741211,28.84000015258789,0.03332140129918404,7,0.9913793103448276,0.03267239574273155,1.0,0.9801718722819466,0.4008710346642089,0.038293132290931495,0.00108869000994931,1.0679862730297551
2026-07-17,2026-07-20,2026-07-21,UTHR,1,535.5499877929688,526.3699951171875,-0.017141243366678993,7,0.9854497354497354,0.03333333333333333,1.0,1.0,0.22595066878841025,0.057196440087848195,-0.0005713747788892998,-0.560508882264471
2026-07-17,2026-07-20,2026-07-21,PEN,1,318.44000244140625,317.25,-0.003736975355742911,5,0.9874338624338624,0.03333333333333333,1.0,1.0,0.08787731978632551,0.12606071686901757,-0.00012456584519143036,-0.12219696289763081
2026-07-17,2026-07-20,2026-07-21,PEP,1,137.57000732421875,134.89999389648438,-0.019408397801722987,5,0.9847480106100795,0.03333333333333333,1.0,1.0,0.24285717892622616,-0.20987138783065143,-0.0006469465933907662,-0.6346435393091104
2026-07-17,2026-07-20,2026-07-21,SU,1,62.18000030517578,62.70000076293945,0.008362824947113934,5,0.9827586206896552,0.03333333333333333,1.0,1.0,0.3486850062255447,-0.140686166816144,0.0002787608315704645,0.2734596063662578
2026-07-17,2026-07-20,2026-07-21,HUM,1,400.3200073242188,399.4200134277344,-0.0022481861511246537,4,0.96494708994709,0.02987022087907388,1.0,0.8961066263722164,0.4384774099719806,0.5194033620390344,-6.715381691136837e-05,-0.06587674543484985
2026-07-17,2026-07-20,2026-07-21,APA,1,34.48726859009819,34.795102953079024,0.008926029099017185,4,0.9681697612732095,0.028166911766752584,1.0,0.8450073530025776,0.46499301005398497,-0.5491315938905548,0.00025141867405948314,0.24663741765332467
2026-07-17,2026-07-20,2026-07-21,ENB,1,55.920723096267174,55.07239456788463,-0.015170199550570085,4,0.96684350132626,0.03333333333333333,1.0,1.0,0.2025518701840117,-0.1294814122669433,-0.0005056733183523361,-0.4960568735841026
2026-07-17,2026-07-20,2026-07-21,CZR,1,29.850000381469727,29.850000381469727,0.0,3,0.9655172413793103,0.03333333333333333,1.0,1.0,0.272318267407656,0.8553671542347431,0.0,0.0
2026-07-17,2026-07-20,2026-07-21,NYT,1,75.91000366210938,74.97000122070312,-0.012383116796969018,3,0.963527851458886,0.03333333333333333,1.0,1.0,0.3235822976030493,0.18383893505849377,-0.00041277055989896727,-0.4049208570430703
2026-07-17,2026-07-20,2026-07-21,ELV,1,376.4200134277344,386.0899963378906,0.0256893431943217,1,0.9787798408488064,0.03333333333333333,1.0,1.0,0.3847900911778901,0.3030009715957977,0.0008563114398107233,0.8400268715598656
2026-07-17,2026-07-20,2026-07-21,WMT,1,113.68782844769807,111.24368590747916,-0.021498717792321376,1,0.976790450928382,0.03333333333333333,1.0,1.0,0.27419795459846874,-0.06830559333505118,-0.0007166239264107125,-0.7029958108708659
2026-07-17,2026-07-20,2026-07-21,DRI,1,198.7400054931641,192.9199981689453,-0.029284528345346006,1,0.9761273209549071,0.03333333333333333,1.0,1.0,0.2566320954160564,0.26395242979697386,-0.0009761509448448668,-0.957587375627598
2026-07-20,2026-07-21,2026-07-22,LBRT,1,24.489999771118164,24.90999984741211,0.0171498603601159,33,0.9807692307692307,0.025003135507771015,1.0,0.7500940652331305,0.5238502399514002,1.1669055924706009,0.0004288002825233284,0.4212983997745277
2026-07-20,2026-07-21,2026-07-22,NE,1,40.9900016784668,43.0099983215332,0.04928022835694512,33,0.9801061007957559,0.03187809142735287,1.0,0.9563427428205862,0.4108746147846424,0.5985702294676691,0.0015709596251235242,1.5434756065929733
2026-07-20,2026-07-21,2026-07-22,ZIM,1,24.530000686645508,24.920000076293945,0.015898873980087602,33,0.9959785522788204,0.032973915644113415,1.0,0.9892174693234025,0.3972199928163973,0.9350558090150383,0.0005242481294557983,0.5150763817710436
2026-07-20,2026-07-21,2026-07-22,WLK,1,76.7216348457812,76.44358872929998,-0.003624090089322518,33,0.9618421052631579,0.03333333333333333,1.0,1.0,0.34584400202673393,0.6705168117250003,-0.00012080300297741726,-0.11868954829705497
2026-07-20,2026-07-21,2026-07-22,AGX,1,624.7478063534779,600.2079174775849,-0.03927967193534809,11,0.9820954907161803,0.01965296811771041,1.0,0.5895890435313124,0.6664590537589057,1.7399387503715875,-0.0007719621402195204,-0.7584566233192954
2026-07-20,2026-07-21,2026-07-22,SHEL,1,86.23425391571864,87.78070674977529,0.017933161868230352,9,0.9960212201591512,0.03333333333333333,1.0,1.0,0.2608321423985198,0.03600455564808794,0.0005977720622743451,0.5873140096459704
2026-07-20,2026-07-21,2026-07-22,CVE,1,28.84000015258789,29.030000686645508,0.006588090605144092,8,0.9913793103448276,0.03254772099870721,1.0,0.9764316299612162,0.4024213718620566,0.025617905438234268,0.00021442733493043405,0.21067591780141567
2026-07-20,2026-07-21,2026-07-22,UTHR,1,526.3699951171875,535.8300170898438,0.017972190779130814,8,0.9854497354497354,0.03333333333333333,1.0,1.0,0.2272885757531016,0.04797393449947272,0.0005990730259710272,0.5885922129166202
2026-07-20,2026-07-21,2026-07-22,PEN,1,317.25,318.3699951171875,0.00353032345843185,6,0.9874338624338624,0.03333333333333333,1.0,1.0,0.08802646407345553,0.13043749876292374,0.000117677448614395,0.11561867566655959
2026-07-20,2026-07-21,2026-07-22,SU,1,62.70000076293945,64.33999633789062,0.02615622894729741,6,0.9827586206896552,0.03333333333333333,1.0,1.0,0.35249024159467945,-0.15643116965031031,0.000871874298243247,0.8566208130574999
2026-07-20,2026-07-21,2026-07-22,HUM,1,399.4200134277344,400.6799926757813,0.003154522071225463,5,0.9617962466487935,0.029694933136442704,1.0,0.8908479940932811,0.4410819339144766,0.4912738982288581,9.367332198247287e-05,0.09203450245076014
2026-07-20,2026-07-21,2026-07-22,APA,1,34.795102953079024,36.310001373291016,0.04353769041163136,5,0.9681697612732095,0.028306839398387518,1.0,0.8492051819516255,0.46271144407698644,-0.5569341155273133,0.001232414410258765,1.2108532574785296
2026-07-20,2026-07-21,2026-07-22,ENB,1,55.07239456788463,55.18089964360826,0.0019702262190521846,5,0.96684350132626,0.03333333333333333,1.0,1.0,0.20261506996545808,-0.1306815090440121,6.567420730173949e-05,0.06452523370522309
2026-07-20,2026-07-21,2026-07-22,CZR,1,29.850000381469727,30.14800071716309,0.009983260699666596,4,0.9655172413793103,0.03333333333333333,1.0,1.0,0.27116445951729784,0.8501705901209972,0.0003327753566555532,0.3269534348680262
2026-07-20,2026-07-21,2026-07-22,ELV,1,386.0899963378906,392.7999877929688,0.017379345537888113,2,0.9787798408488064,0.03333333333333333,1.0,1.0,0.384085575327737,0.2971117211784213,0.0005793115179296038,0.5691764334633262
2026-07-20,2026-07-21,2026-07-22,WMT,1,111.24368590747916,109.26840509292805,-0.017756340941399107,2,0.976790450928382,0.03333333333333333,1.0,1.0,0.2743594740197342,-0.06255696895829574,-0.0005918780313799702,-0.5815230951218255
2026-07-20,2026-07-21,2026-07-22,DRI,1,192.9199981689453,194.0,0.005598184953894192,2,0.9761273209549071,0.03333333333333333,1.0,1.0,0.2562177103981267,0.26999482243019196,0.0001866061651298064,0.18334148078125775
2026-07-20,2026-07-21,2026-07-22,SLAB,1,217.88999938964844,217.94000244140625,0.00022948759418928155,0,0.9946380697050938,0.03333333333333333,1.0,1.0,0.05239454026818097,0.7913564455724138,7.649586472976051e-06,0.007515756568622021
2026-07-21,2026-07-22,2026-07-23,LBRT,1,24.90999984741211,26.0,0.04375753349115863,34,0.9807692307692307,0.025420491400029,1.0,0.76261474200087,0.5111547225458236,1.1553354778349378,0.001112338003798479,1.0992581341155103
2026-07-21,2026-07-22,2026-07-23,NE,1,43.0099983215332,42.91999816894531,-0.0020925402487828038,34,0.9801061007957559,0.03191233900411279,1.0,0.9573701701233838,0.40717179103937523,0.6007130438665095,-6.677785379890735e-05,-0.06599261979412162
2026-07-21,2026-07-22,2026-07-23,ZIM,1,24.920000076293945,25.0,0.00321026980181105,34,0.985254691689008,0.03271593946657102,1.0,0.9814781839971306,0.39717044475636476,0.9416752953912473,0.00010502699250741124,0.1037919907628876
2026-07-21,2026-07-22,2026-07-23,WLK,1,76.44358872929998,77.62528814989805,0.015458450345426478,34,0.9618421052631579,0.03333333333333333,1.0,1.0,0.3323711686722065,0.6639055532945496,0.0005152816781808826,0.509222533228888
2026-07-21,2026-07-22,2026-07-23,AGX,1,600.2079174775849,604.02001953125,0.006351302511445889,12,0.9820954907161803,0.018785337162426124,1.0,0.5635601148727837,0.6916992820629349,1.7461498420221655,0.00011931135909807483,0.11790838893669264
2026-07-21,2026-07-22,2026-07-23,SHEL,1,87.78070674977529,88.37549237461141,0.006775812668398773,10,0.9912868632707774,0.03333333333333333,1.0,1.0,0.2493553708359804,0.04003903948871314,0.00022586042227995908,0.2232045524994842
2026-07-21,2026-07-22,2026-07-23,CVE,1,29.030000686645508,29.65999984741211,0.02170165848657435,9,0.9913793103448276,0.03333333333333333,1.0,1.0,0.38594221982176957,0.023543166234283562,0.000723388616219145,0.7148823629058728
2026-07-21,2026-07-22,2026-07-23,UTHR,1,535.8300170898438,523.22998046875,-0.023514988371734047,9,0.9959785522788204,0.03333333333333333,1.0,1.0,0.2262673139129224,0.05207309084098956,-0.0007838329457244682,-0.7746159336757179
2026-07-21,2026-07-22,2026-07-23,PEN,1,318.3699951171875,315.70001220703125,-0.008386415023731941,7,0.9953083109919572,0.03333333333333333,1.0,1.0,0.08786760187309718,0.13770690759512808,-0.0002795471674577314,-0.2762600006899828
2026-07-21,2026-07-22,2026-07-23,SU,1,64.33999633789062,65.80999755859375,0.02284739360231236,7,0.9827586206896552,0.03333333333333333,1.0,1.0,0.3422833716316541,-0.15473153501339773,0.0007615797867437453,0.7526244473327258
2026-07-21,2026-07-22,2026-07-23,HUM,1,400.6799926757813,394.5,-0.015423761577189499,6,0.9617962466487935,0.029417847255660923,1.0,0.8825354176698277,0.44169799766908163,0.4985396694018162,-0.0004537338621854925,-0.4483984517546074
2026-07-21,2026-07-22,2026-07-23,APA,1,36.310001373291016,37.43999862670898,0.031120826512806676,6,0.9681697612732095,0.028945524941785112,1.0,0.8683657482535534,0.44890546136901294,-0.5677055743301986,0.0009008086600354131,0.8902161424352615
2026-07-21,2026-07-22,2026-07-23,ENB,1,55.18089964360826,55.58533429842487,0.007329250835500956,6,0.9865951742627346,0.03333333333333333,1.0,1.0,0.205975468809542,-0.1241433936819385,0.00024430836118336516,0.24143556396181398
2026-07-21,2026-07-22,2026-07-23,CZR,1,30.14800071716309,29.850000381469727,-0.009884580357055417,5,0.9655172413793103,0.03333333333333333,1.0,1.0,0.2687934462308397,0.8479794336019588,-0.0003294860119018472,-0.3256116193311354
2026-07-21,2026-07-22,2026-07-23,ELV,1,392.7999877929688,387.6900024414063,-0.013009128081378107,3,0.9787798408488064,0.03333333333333333,1.0,1.0,0.38442429553222396,0.33573041038001256,-0.0004336376027126036,-0.42853850215706474
2026-07-21,2026-07-22,2026-07-23,WMT,1,109.26840509292805,107.25323944858003,-0.0184423451832596,3,0.976790450928382,0.03333333333333333,1.0,1.0,0.2723815825676097,-0.059366668213173275,-0.0006147448394419867,-0.607516117272358
2026-07-21,2026-07-22,2026-07-23,DRI,1,194.0,192.47000122070312,-0.007886591645860141,3,0.9761273209549071,0.03333333333333333,1.0,1.0,0.254964944149831,0.2750034389514658,-0.00026288638819533806,-0.25979513383984604
2026-07-21,2026-07-22,2026-07-23,SLAB,1,217.94000244140625,217.0,-0.004313124854896544,1,0.9946380697050938,0.03333333333333333,1.0,1.0,0.05217864195107831,0.7820565330939465,-0.00014377082849655146,-0.1420802419171793
2026-07-21,2026-07-22,2026-07-23,SO,1,94.03353657347348,94.23190125039818,0.002109509906284446,0,0.9872654155495979,0.03333333333333333,1.0,1.0,0.20467845324105152,-0.2354767671416609,7.03169968761482e-05,0.06949014644714464
2026-07-21,2026-07-22,2026-07-23,AEP,1,130.70488595263723,131.34005083215547,0.0048595343233641675,0,0.9812332439678284,0.03333333333333333,1.0,1.0,0.219978797333459,-0.05004736950784761,0.00016198447744547224,0.16007971841681784
2026-07-21,2026-07-22,2026-07-23,COST,1,929.4023530939539,919.0487881025269,-0.01114002450818019,0,0.9684986595174263,0.03333333333333333,1.0,1.0,0.22922308274497524,-0.1208120569396955,-0.000371334150272673,-0.36696766969049704
2026-07-21,2026-07-22,2026-07-23,WMB,1,73.7300033569336,75.37000274658203,0.02224331093149501,0,0.9597855227882037,0.03333333333333333,1.0,1.0,0.2592216075809915,-0.01075796395571762,0.0007414436977165003,0.732725136532514
2026-07-22,2026-07-23,2026-07-24,LBRT,1,26.0,19.6200008392334,-0.24538458310640776,35,0.9807692307692307,0.02523845756027222,1.0,0.7571537268081666,0.515384260476449,1.1631874331100929,-0.006193128386676164,-6.131372980524214
2026-07-22,2026-07-23,2026-07-24,NE,1,42.91999816894531,43.22999954223633,0.0072227722860276344,35,0.9801061007957559,0.030982995003456137,1.0,0.9294898501036841,0.4198271917810451,0.621146070354707,0.00022378311764909567,0.22155164165546032
2026-07-22,2026-07-23,2026-07-24,ZIM,1,25.0,25.6299991607666,0.025199966430664134,35,0.985254691689008,0.03256706984556064,1.0,0.9770120953668192,0.39940663519780095,0.9494224016292895,0.0008206890668532223,0.8125054828091675
2026-07-22,2026-07-23,2026-07-24,WLK,1,77.62528814989805,74.57668244726415,-0.03927335762988615,35,0.9618421052631579,0.03333333333333333,1.0,1.0,0.3305974508796363,0.6549928117304641,-0.001309111920996205,-1.2960579790573605
2026-07-22,2026-07-23,2026-07-24,AGX,1,604.02001953125,595.280029296875,-0.014469702910108295,13,0.9820954907161803,0.01883999700498493,1.0,0.5651999101495478,0.6904196312677464,1.7409087005235302,-0.000272609159489462,-0.26989080968078816
2026-07-22,2026-07-23,2026-07-24,SHEL,1,88.37549237461141,87.62209022808385,-0.008525012153075107,11,0.9953083109919572,0.03333333333333333,1.0,1.0,0.25042605803814366,0.044776664084173835,-0.00028416707176917024,-0.2813334710690992
2026-07-22,2026-07-23,2026-07-24,CVE,1,29.65999984741211,29.649999618530277,-0.0003371621353094323,10,0.9671581769436997,0.03333333333333333,1.0,1.0,0.386323438171757,0.03084277352775846,-1.1238737843647742e-05,-0.01112666963242465
2026-07-22,2026-07-23,2026-07-24,UTHR,1,523.22998046875,533.9400024414062,0.020469052562816392,10,0.9993297587131367,0.03333333333333333,1.0,1.0,0.2226623490164431,0.05449346163786134,0.0006823017520938798,0.6754981111570318
2026-07-22,2026-07-23,2026-07-24,PEN,1,315.70001220703125,318.489990234375,0.008837434017944013,8,0.9986595174262735,0.03333333333333333,1.0,1.0,0.08687800724505648,0.1355656450935865,0.0002945811339314671,0.2916436883571467
2026-07-22,2026-07-23,2026-07-24,SU,1,65.80999755859375,66.06999969482422,0.0039507999677248495,8,0.9827586206896552,0.03333333333333333,1.0,1.0,0.34498387890984206,-0.1448403024607802,0.00013169333225749498,0.13038013887391164
2026-07-22,2026-07-23,2026-07-24,HUM,1,394.5,395.489990234375,0.0025094809489860648,7,0.9617962466487935,0.029506727119893224,1.0,0.8852018135967967,0.440831805317289,0.5011879507431127,7.40465695743025e-05,0.07330820671587097
2026-07-22,2026-07-23,2026-07-24,APA,1,37.43999862670898,36.34999847412109,-0.02911325300664691,7,0.9681697612732095,0.02878359749751681,1.0,0.8635079249255043,0.45190681207897354,-0.5548261642694446,-0.0008379841563866958,-0.8296281126079338
2026-07-22,2026-07-23,2026-07-24,ENB,1,55.58533429842487,55.79248877071685,0.003726782880891122,7,0.9865951742627346,0.03333333333333333,1.0,1.0,0.2054840396043973,-0.12587737103154217,0.00012422609602970406,0.12298736294748826
2026-07-22,2026-07-23,2026-07-24,CZR,1,29.850000381469727,29.920000076293945,0.002345048372852654,6,0.9655172413793103,0.03333333333333333,1.0,1.0,0.267539598383713,0.8471577133595134,7.816827909508846e-05,0.07738881619325332
2026-07-22,2026-07-23,2026-07-24,ELV,1,387.6900024414063,380.55999755859375,-0.018390994964824103,4,0.9787798408488064,0.03333333333333333,1.0,1.0,0.3868301768487384,0.33984828353018415,-0.0006130331654941368,-0.6069202432751895
2026-07-22,2026-07-23,2026-07-24,WMT,1,107.25323944858003,107.86178281776183,0.0056738926703798764,4,0.976790450928382,0.03333333333333333,1.0,1.0,0.2736474151155258,-0.06732305517815047,0.0001891297556793292,0.18724382918981483
2026-07-22,2026-07-23,2026-07-24,DRI,1,192.47000122070312,193.9199981689453,0.007533625702945246,4,0.9761273209549071,0.03333333333333333,1.0,1.0,0.25519154527363896,0.27166829663294295,0.00025112085676484155,0.24861677974036028
2026-07-22,2026-07-23,2026-07-24,SLAB,1,217.0,217.22000122070312,0.0010138305101525802,2,0.9946380697050938,0.03333333333333333,1.0,1.0,0.05133574226837341,0.7809712403972231,3.379435033841934e-05,0.03345736655567066
2026-07-22,2026-07-23,2026-07-24,SO,1,94.23190125039818,96.21551989141979,0.0210503939186224,1,0.9785522788203753,0.03333333333333333,1.0,1.0,0.20397099334936666,-0.23704317960537777,0.0007016797972874134,0.6946829262127998
2026-07-22,2026-07-23,2026-07-24,AEP,1,131.34005083215547,134.40669968186458,0.023348923883302675,1,0.9812332439678284,0.03333333333333333,1.0,1.0,0.2200723187909253,-0.05118759661077643,0.0007782974627767558,0.7705365909007237
2026-07-22,2026-07-23,2026-07-24,COST,1,919.0487881025269,925.010009765625,0.006486295113239393,1,0.9684986595174263,0.03333333333333333,1.0,1.0,0.22953653505653207,-0.12403600043814292,0.00021620983710797978,0.2140538788473088
2026-07-22,2026-07-23,2026-07-24,WMB,1,75.37000274658203,75.4000015258789,0.00039802014334200386,1,0.9597855227882037,0.03333333333333333,1.0,1.0,0.26014156742790945,-0.014463564573117366,1.3267338111400128e-05,0.013135041507411188
2026-07-22,2026-07-23,2026-07-24,NI,1,45.89248158564147,46.6672879444033,0.016883078273201235,0,0.9845844504021448,0.03333333333333333,1.0,1.0,0.19552048345872922,0.12606887862200042,0.0005627692757733745,0.5571575650150454
2026-07-22,2026-07-23,2026-07-24,HAL,1,33.5,32.9900016784668,-0.01522383049352849,0,0.9752010723860589,0.03333333333333333,1.0,1.0,0.34201691295932346,0.32065589740958633,-0.0005074610164509496,-0.5024008175949674
2026-07-23,2026-07-24,2026-07-27,NE,1,43.22999954223633,42.83000183105469,-0.009252780833153507,36,0.9801061007957559,0.03077050352117695,1.0,0.9231151056353085,0.4201192745415846,0.6202420451004697,-0.0002847127252072286,-0.28048696578340515
2026-07-23,2026-07-24,2026-07-27,ZIM,1,25.6299991607666,24.8700008392334,-0.029652686165381525,36,0.9925975773889637,0.032413348949172534,1.0,0.9724004684751759,0.39882585526313385,0.9495580391734716,-0.0009611428639588122,-0.9468774021251045
2026-07-23,2026-07-24,2026-07-27,AGX,1,595.280029296875,568.6500244140625,-0.04473525663924416,14,0.9820954907161803,0.018722652255140766,1.0,0.561679567654223,0.6904620905431083,1.7405638681143125,-0.0008375626536010456,-0.8251313923220807
2026-07-23,2026-07-24,2026-07-27,SHEL,1,87.62209022808385,86.30364449387434,-0.015046955976255938,12,0.9953083109919572,0.03333333333333333,1.0,1.0,0.25031589373185276,0.04413696847415078,-0.0005015651992085312,-0.4941208748788945
2026-07-23,2026-07-24,2026-07-27,UTHR,1,533.9400024414062,529.7100219726562,-0.00792220183805048,11,0.9932705248990579,0.03333333333333333,1.0,1.0,0.22476011794292922,0.05673149366231148,-0.0002640733946016827,-0.2601539679761011
2026-07-23,2026-07-24,2026-07-27,PEN,1,318.489990234375,318.8999938964844,0.0012873361006029427,9,0.9986595174262735,0.03333333333333333,1.0,1.0,0.08561086384342756,0.13663841584741596,4.291120335343142e-05,0.04227430726167302
2026-07-23,2026-07-24,2026-07-27,HUM,1,395.489990234375,390.5799865722656,-0.01241498845318334,8,0.9617962466487935,0.02926098047164037,1.0,0.8778294141492111,0.44179249663644066,0.5027185270967561,-0.00036327473468423843,-0.3578829432481108
2026-07-23,2026-07-24,2026-07-27,ENB,1,55.79248877071685,55.71357070478734,-0.0014144926614375608,8,0.9865951742627346,0.03333333333333333,1.0,1.0,0.20642712957040005,-0.12661046956521282,-4.714975538125203e-05,-0.04644994990895262
2026-07-23,2026-07-24,2026-07-27,CZR,1,29.920000076293945,29.979999542236328,0.002005329738950179,7,0.9655172413793103,0.03333333333333333,1.0,1.0,0.26766418174737167,0.8477707760591372,6.684432463167263e-05,0.06585220868555251
2026-07-23,2026-07-24,2026-07-27,ELV,1,380.55999755859375,378.7999877929688,-0.00462478919727749,5,0.9787798408488064,0.03333333333333333,1.0,1.0,0.3848851691220655,0.3416289197271779,-0.00015415963990924968,-0.15187157375187793
2026-07-23,2026-07-24,2026-07-27,WMT,1,107.86178281776183,109.65747628216533,0.01664809738438522,5,0.976790450928382,0.03333333333333333,1.0,1.0,0.27224507909803874,-0.06647666587064603,0.0005549365794795073,0.546700107159371
2026-07-23,2026-07-24,2026-07-27,DRI,1,193.9199981689453,200.02999877929688,0.03150784172877552,5,0.9761273209549071,0.03333333333333333,1.0,1.0,0.25066834078782374,0.27219332044589895,0.0010502613909591841,1.0346732153091727
2026-07-23,2026-07-24,2026-07-27,SLAB,1,217.22000122070312,217.8000030517578,0.002670112456473861,3,0.9952893674293405,0.03333333333333333,1.0,1.0,0.051147981837075876,0.7829046899438694,8.90037485491287e-05,0.08768273829602764
2026-07-23,2026-07-24,2026-07-27,SO,1,96.21551989141979,96.05683009596974,-0.001649315990072342,2,0.9785522788203753,0.03333333333333333,1.0,1.0,0.20505842036852617,-0.2400208785916465,-5.4977199669078064e-05,-0.05416121780726302
2026-07-23,2026-07-24,2026-07-27,COST,1,925.010009765625,938.1099853515624,0.014161982516553095,2,0.9684986595174263,0.03333333333333333,1.0,1.0,0.22881077805109928,-0.12351506163601007,0.00047206608388510317,0.4650595909326264
2026-07-23,2026-07-24,2026-07-27,WMB,1,75.4000015258789,72.81999969482422,-0.034217530223380366,2,0.9597855227882037,0.03333333333333333,1.0,1.0,0.2613005774455941,-0.01411813837487861,-0.0011405843407793455,-1.1236555750446715
2026-07-23,2026-07-24,2026-07-27,NI,1,46.6672879444033,46.23021782588731,-0.009365663567951321,1,0.9845844504021448,0.03333333333333333,1.0,1.0,0.19982489254425934,0.12152445724880648,-0.0003121887855983774,-0.30755522135640634
2026-07-23,2026-07-24,2026-07-27,HAL,1,32.9900016784668,32.599998474121094,-0.01182186070030622,1,0.9752010723860589,0.03333333333333333,1.0,1.0,0.3315373578733987,0.32172698513284903,-0.0003940620233435406,-0.38821328122109816
2026-07-24,2026-07-27,2026-07-28,NE,1,42.83000183105469,40.25,-0.06023819100525951,37,0.9801061007957559,0.031156618965054735,1.0,0.934698568951642,0.41935267342857496,0.6206798457953273,-0.001876818364295058,-1.8429726918900737
2026-07-24,2026-07-27,2026-07-28,ZIM,1,24.8700008392334,24.399999618530277,-0.01889831945488618,37,0.9952830188679245,0.03255021906590362,1.0,0.9765065719771087,0.4013985722043076,0.9232533594056298,-0.0006151444382339735,-0.6040512085777114
2026-07-24,2026-07-27,2026-07-28,AGX,1,568.6500244140625,520.8200073242188,-0.08411151857265431,15,0.9820954907161803,0.019202137520080324,1.0,0.5760641256024097,0.6804248456364815,1.7361029316740257,-0.0016151209466548984,-1.5859946041729278
2026-07-24,2026-07-27,2026-07-28,SHEL,1,86.30364449387434,85.92694403600335,-0.004364826770412167,13,0.9953083109919572,0.03333333333333333,1.0,1.0,0.24962674370949153,0.04323925410272516,-0.00014549422568040557,-0.14287045025659387
2026-07-24,2026-07-27,2026-07-28,UTHR,1,529.7100219726562,530.8400268554688,0.0021332518471226525,12,0.9892183288409704,0.03333333333333333,1.0,1.0,0.22500869253103922,0.055037623349858095,7.110839490408842e-05,0.06982605907183434
2026-07-24,2026-07-27,2026-07-28,PEN,1,318.8999938964844,319.9800109863281,0.0033866952352288315,10,0.967654986522911,0.03333333333333333,1.0,1.0,0.07950664965805922,0.13322208013044207,0.00011288984117429439,0.11085403810729329
2026-07-24,2026-07-27,2026-07-28,HUM,1,390.5799865722656,378.6799926757813,-0.030467495277776036,9,0.9617962466487935,0.029506578530664653,1.0,0.8851973559199396,0.44280333771713765,0.5071323100427715,-0.000898991542046353,-0.8827795452938697
2026-07-24,2026-07-27,2026-07-28,ENB,1,55.71357070478734,54.9046994059974,-0.014518389120595998,9,0.9865951742627346,0.03333333333333333,1.0,1.0,0.20638864642397772,-0.12614472064277016,-0.0004839463040198666,-0.4752190407006953
2026-07-24,2026-07-27,2026-07-28,CZR,1,29.979999542236328,30.0,0.0006671266867597225,8,0.9655172413793103,0.03333333333333333,1.0,1.0,0.26736421167403024,0.8404039068334562,2.2237556225324084e-05,0.0218365344443099
2026-07-24,2026-07-27,2026-07-28,ELV,1,378.7999877929688,374.510009765625,-0.01132517995140081,6,0.9787798408488064,0.03333333333333333,1.0,1.0,0.38896726427053674,0.36039565204297125,-0.000377505998380027,-0.37069823019363357
2026-07-24,2026-07-27,2026-07-28,DRI,1,200.02999877929688,207.5,0.03734440467074718,6,0.9761273209549071,0.03333333333333333,1.0,1.0,0.24900614086827041,0.26894281801758113,0.0012448134890249059,1.2223650995822402
2026-07-24,2026-07-27,2026-07-28,SLAB,1,217.8000030517578,217.0,-0.003673108542462722,4,0.9851752021563343,0.03333333333333333,1.0,1.0,0.05121945198378155,0.7767853501852514,-0.00012243695141542406,-0.12022898018778322
2026-07-24,2026-07-27,2026-07-28,SO,1,96.05683009596974,96.49322926374123,0.004543135218344041,3,0.9785522788203753,0.03333333333333333,1.0,1.0,0.20560317592429417,-0.24373073148950114,0.00015143784061146803,0.1487068807910812
2026-07-24,2026-07-27,2026-07-28,COST,1,938.1099853515624,970.5499877929688,0.03458016964743127,3,0.9684986595174263,0.03333333333333333,1.0,1.0,0.22880358124857048,-0.12132919925579284,0.0011526723215810424,1.1318855632411227
2026-07-24,2026-07-27,2026-07-28,WMB,1,72.81999969482422,70.77999877929688,-0.028014294480590896,3,0.9597855227882037,0.03333333333333333,1.0,1.0,0.2613940420974108,-0.021508348739093974,-0.0009338098160196965,-0.9169699226539726
2026-07-24,2026-07-27,2026-07-28,NI,1,46.23021782588731,46.0017469239232,-0.004942025210103451,2,0.9845844504021448,0.03333333333333333,1.0,1.0,0.1999480351772826,0.11784159219635992,-0.00016473417367011503,-0.16176343394270476
2026-07-24,2026-07-27,2026-07-28,HAL,1,32.599998474121094,32.16999816894531,-0.013190194027681623,2,0.9752010723860589,0.03333333333333333,1.0,1.0,0.32720081540186197,0.3281464740863664,-0.0004396731342560541,-0.4317442727581049
2026-07-24,2026-07-27,2026-07-28,ACI,1,11.050000190734863,11.300000190734863,0.022624433998618354,0,0.9838274932614555,0.024358715847881927,1.0,0.7307614754364579,0.536383425940216,-0.24326437349163305,0.0005511021589915036,0.5411638381130675
2026-07-24,2026-07-27,2026-07-28,AES,1,14.654236793518066,14.664118501055336,0.0006743242706190866,0,0.9723719676549865,0.03333333333333333,1.0,1.0,0.0512871239794875,0.5115227789416199,2.2477475687302887e-05,0.02207212730992317
2026-07-27,2026-07-28,2026-07-29,NE,1,40.25,40.09999847412109,-0.0037267459845692352,38,0.9801061007957559,0.031106223154717325,1.0,0.9331866946415197,0.41700083179459796,0.6014830482032761,-0.00011592499223695736,-0.11332846770408739
2026-07-27,2026-07-28,2026-07-29,ZIM,1,24.399999618530277,24.1200008392334,-0.011475359986654943,38,0.9966352624495289,0.0320885791775378,1.0,0.962657375326134,0.40423481693404206,0.9006628713487398,-0.0003682279975225263,-0.35998031071395203
2026-07-27,2026-07-28,2026-07-29,AGX,1,520.8200073242188,522.3400268554688,0.0029185121728700913,16,0.9820954907161803,0.01882504726782434,1.0,0.5647514180347302,0.6890458624067315,1.718111813417329,5.494112960600019e-05,0.05371054085949442
2026-07-27,2026-07-28,2026-07-29,SHEL,1,85.92694403600335,87.40400374842118,0.017189715391239035,14,0.9953083109919572,0.03333333333333333,1.0,1.0,0.2497829795521356,0.0329306020028251,0.0005729905130413012,0.5601564908386308
2026-07-27,2026-07-28,2026-07-29,UTHR,1,530.8400268554688,526.0800170898438,-0.008966938295557392,13,0.9831763122476447,0.03333333333333333,1.0,1.0,0.2249989166681665,0.04380658955424565,-0.0002988979431852464,-0.29220313279683174
2026-07-27,2026-07-28,2026-07-29,PEN,1,319.9800109863281,318.5,-0.004625323256181035,11,0.967654986522911,0.03333333333333333,1.0,1.0,0.07954448894049111,0.1312849680095996,-0.0001541774418727012,-0.15072412691004572
2026-07-27,2026-07-28,2026-07-29,HUM,1,378.6799926757813,388.2000122070313,0.025140011924001726,10,0.9617962466487935,0.029268697591604984,1.0,0.8780609277481495,0.44318066729508376,0.49735902895619255,0.0007358154064529499,0.7193343809410958
2026-07-27,2026-07-28,2026-07-29,ENB,1,54.9046994059974,55.07239331563487,0.003054272429349636,10,0.9804845222072678,0.03333333333333333,1.0,1.0,0.20538822263924442,-0.12901675583989325,0.00010180908097832119,0.09952872907725044
2026-07-27,2026-07-28,2026-07-29,CZR,1,30.0,29.81999969482422,-0.006000010172526049,9,0.9655172413793103,0.03333333333333333,1.0,1.0,0.26572893996136715,0.8451526811638936,-0.00020000033908420164,-0.19552066841963128
2026-07-27,2026-07-28,2026-07-29,ELV,1,374.510009765625,386.2799987792969,0.031427702082082565,7,0.9787798408488064,0.03333333333333333,1.0,1.0,0.3742722351208207,0.3365918983904149,0.0010475900694027521,1.0241258166725455
2026-07-27,2026-07-28,2026-07-29,DRI,1,207.5,206.66000366210935,-0.00404817512236455,7,0.9761273209549071,0.03333333333333333,1.0,1.0,0.24864089986721774,0.2719152672429821,-0.00013493917074548502,-0.1319167606462926
2026-07-27,2026-07-28,2026-07-29,SLAB,1,217.0,217.5,0.0023041474654377225,5,0.9831763122476447,0.03333333333333333,1.0,1.0,0.051170634366436214,0.7899295803987956,7.680491551459075e-05,0.07508461479659714
2026-07-27,2026-07-28,2026-07-29,SO,1,96.49322926374123,96.49322460631817,-4.8266837970878385e-08,4,0.9785522788203753,0.03333333333333333,1.0,1.0,0.20136493731969057,-0.24077865397932424,-1.6088945990292794e-09,-1.5728580704380814e-06
2026-07-27,2026-07-28,2026-07-29,COST,1,970.5499877929688,968.0700073242188,-0.00255523208484032,4,0.9684986595174263,0.03333333333333333,1.0,1.0,0.2289438955823233,-0.1213273400977534,-8.517440282801066e-05,-0.08326663969386768
2026-07-27,2026-07-28,2026-07-29,WMB,1,70.77999877929688,71.19000244140625,0.0057926486179780134,4,0.9597855227882037,0.03333333333333333,1.0,1.0,0.2634288163874457,-0.02432045654730116,0.00019308828726593378,0.18876343491769262
2026-07-27,2026-07-28,2026-07-29,NI,1,46.0017469239232,45.425608423644036,-0.012524274376622513,3,0.9845844504021448,0.03333333333333333,1.0,1.0,0.18997678942568386,0.12315020938722707,-0.00041747581255408375,-0.408125057654219
2026-07-27,2026-07-28,2026-07-29,HAL,1,32.16999816894531,32.0,-0.005284369866996652,3,0.9752010723860589,0.03333333333333333,1.0,1.0,0.3286600021221695,0.31750559318999305,-0.00017614566223322174,-0.17220029614329088
2026-07-27,2026-07-28,2026-07-29,ACI,1,11.300000190734863,11.949999809265137,0.05752208916449608,1,0.9838274932614555,0.024142429730908015,1.0,0.7242728919272404,0.5372831597351261,-0.2510275346777749,0.0013887229956288719,1.357617940041372
2026-07-27,2026-07-28,2026-07-29,AES,1,14.664118501055336,14.674000897930222,0.0006739168722740274,1,0.9723719676549865,0.03333333333333333,1.0,1.0,0.05091778770435373,0.5091768505150676,2.246389574246758e-05,0.021960742321676965
2026-07-27,2026-07-28,2026-07-29,TEVA,1,31.18000030517578,33.66999816894531,0.07985881460546995,0,0.9697173620457604,0.03161694705660349,1.0,0.9485084116981048,0.41026481482488125,0.7993118731954904,0.002524891913384257,2.468338588087961
2026-07-28,2026-07-29,2026-07-30,NE,1,40.09999847412109,41.2599983215332,0.02892767809357233,39,0.9801061007957559,0.03143827773663174,1.0,0.9431483320989523,0.41605875575897067,0.6016951805797787,0.0009094363781816048,0.8932761049647253
2026-07-28,2026-07-29,2026-07-30,ZIM,1,24.1200008392334,24.780000686645508,0.027363176801327382,39,0.9959623149394348,0.03229934054525509,1.0,0.9689802163576525,0.4049671138016311,0.9009776508281526,0.0008838125659060969,0.8681076162469337
2026-07-28,2026-07-29,2026-07-30,AGX,1,522.3400268554688,522.0,-0.0006509684075250988,17,0.9820954907161803,0.01882373565062018,1.0,0.5647120695186054,0.6948764560384699,1.7203113474316871,-1.2253657220157648e-05,-0.012035915272139605
2026-07-28,2026-07-29,2026-07-30,SHEL,1,87.40400374842118,89.21810719707885,0.020755381571298415,15,0.9953083109919572,0.03333333333333333,1.0,1.0,0.2538686026175839,0.03348301787661742,0.0006918460523766138,0.6795522608606195
2026-07-28,2026-07-29,2026-07-30,UTHR,1,526.0800170898438,522.2999877929688,-0.007185274433697875,14,0.9872139973082099,0.03333333333333333,1.0,1.0,0.22429472261081912,0.0439111384334135,-0.00023950914778992914,-0.23525317853349115
2026-07-28,2026-07-29,2026-07-30,PEN,1,318.5,319.29998779296875,0.002511735613716537,12,0.967654986522911,0.03333333333333333,1.0,1.0,0.07779523122673607,0.1309242965266996,8.37245204572179e-05,0.08223677358673734
2026-07-28,2026-07-29,2026-07-30,ENB,1,55.07239331563487,54.37202741972514,-0.012717186483901965,11,0.9757738896366084,0.03333333333333333,1.0,1.0,0.2108252694440763,-0.12824764422829232,-0.0004239062161300655,-0.4163735943487676
2026-07-28,2026-07-29,2026-07-30,CZR,1,29.81999969482422,29.739999771118164,-0.0026827607151163058,10,0.9655172413793103,0.03333333333333333,1.0,1.0,0.2654889071598165,0.8442356444053207,-8.942535717054353e-05,-0.08783630900943683
2026-07-28,2026-07-29,2026-07-30,ELV,1,386.2799987792969,371.4700012207031,-0.03834005800299156,8,0.9787798408488064,0.03333333333333333,1.0,1.0,0.37406443595033073,0.33535374315219874,-0.001278001933433052,-1.2552924169550843
2026-07-28,2026-07-29,2026-07-30,DRI,1,206.66000366210935,212.8600006103516,0.030000952474477316,8,0.9761273209549071,0.03333333333333333,1.0,1.0,0.2608787118555544,0.2701623895383798,0.001000031749149244,0.982261637155133
2026-07-28,2026-07-29,2026-07-30,SLAB,1,217.5,217.2400054931641,-0.0011953770429237176,6,0.9831763122476447,0.03333333333333333,1.0,1.0,0.050513005637773195,0.7892755783199649,-3.984590143079059e-05,-0.03913785777964269
2026-07-28,2026-07-29,2026-07-30,SO,1,96.49322460631817,96.40396095899787,-0.0009250768402080389,5,0.9785522788203753,0.03333333333333333,1.0,1.0,0.20183740445438458,-0.24057585497684209,-3.0835894673601295e-05,-0.03028795476843862
2026-07-28,2026-07-29,2026-07-30,COST,1,968.0700073242188,955.0399780273438,-0.013459800632487862,5,0.9684986595174263,0.03333333333333333,1.0,1.0,0.23198560934215884,-0.12201176701888373,-0.00044866002108292873,-0.44068753538064337
2026-07-28,2026-07-29,2026-07-30,WMB,1,71.19000244140625,70.19999694824219,-0.013906524219870597,5,0.9597855227882037,0.03333333333333333,1.0,1.0,0.2774341968913171,-0.022658313694223668,-0.0004635508073290199,-0.4553137190883666
2026-07-28,2026-07-29,2026-07-30,NI,1,45.425608423644036,44.90906797010197,-0.011371129005576575,4,0.9845844504021448,0.03333333333333333,1.0,1.0,0.19310170267005436,0.12380479307135352,-0.00037903763351921916,-0.37230230616251336
2026-07-28,2026-07-29,2026-07-30,HAL,1,32.0,31.209999084472656,-0.024687528610229492,4,0.9752010723860589,0.03333333333333333,1.0,1.0,0.33304862658216977,0.3190363928753869,-0.0008229176203409831,-0.808294746329406
2026-07-28,2026-07-29,2026-07-30,ACI,1,11.949999809265137,12.279999732971191,0.02761505681784171,2,0.965006729475101,0.024120526967260945,1.0,0.7236158090178283,0.5422837874173235,-0.2522096066675367,0.0006660897226771942,0.6542536094936181
2026-07-28,2026-07-29,2026-07-30,AES,1,14.674000897930222,14.67400074005127,-1.0759093838075273e-08,2,0.9723719676549865,0.03333333333333333,1.0,1.0,0.050916453548028255,0.5089778766567563,-3.5863646126917575e-10,-3.522636535184753e-07
2026-07-28,2026-07-29,2026-07-30,TEVA,1,33.66999816894531,34.349998474121094,0.02019603035805817,1,0.9697173620457604,0.03198850663472437,1.0,0.959655199041731,0.40890219939523786,0.7987425961674739,0.0006460408511038386,0.6345609973025443
2026-07-29,2026-07-30,2026-07-31,AGX,1,522.0,594.7899780273438,0.13944440235123334,18,0.9820954907161803,0.009425871913598095,0.5,0.5655523148158857,0.6976787751411405,1.7065517201124654,0.0013143850756309626,1.291829102977761
2026-07-29,2026-07-30,2026-07-31,SHEL,1,89.21810719707885,90.23915698520103,0.011444423337369614,16,0.9953083109919572,0.016666666666666666,0.5,1.0,0.24895442070127438,0.0345860974304124,0.00019074038895616023,0.18746712065988805
2026-07-29,2026-07-30,2026-07-31,UTHR,1,522.2999877929688,525.8400268554688,0.006777788905297122,15,0.9872139973082099,0.016666666666666666,0.5,1.0,0.22474045288820896,0.04473507481115737,0.0001129631484216187,0.11102460412903807
2026-07-29,2026-07-30,2026-07-31,PEN,1,319.29998779296875,323.04998779296875,0.011744441413607198,13,0.967654986522911,0.016666666666666666,0.5,1.0,0.07714916873997095,0.1285314630586167,0.00019574069022678663,0.19238161248181548
2026-07-29,2026-07-30,2026-07-31,ENB,1,54.37202741972514,54.6284992340398,0.004716980890464573,12,0.9757738896366084,0.016666666666666666,0.5,1.0,0.20817534691000056,-0.12602757456232097,7.861634817440954e-05,0.07726722436557042
2026-07-29,2026-07-30,2026-07-31,CZR,1,29.739999771118164,29.75,0.00033625517682578376,11,0.9655172413793103,0.016666666666666666,0.5,1.0,0.2653684074662091,0.8377860213165137,5.604252947096396e-06,0.005508079170811202
2026-07-29,2026-07-30,2026-07-31,ELV,1,371.4700012207031,376.010009765625,0.012221736694760788,9,0.9787798408488064,0.016666666666666666,0.5,1.0,0.37045005605379316,0.3309674345600374,0.00020369561157934646,0.20020002057672093
2026-07-29,2026-07-30,2026-07-31,SLAB,1,217.2400054931641,217.2100067138672,-0.00013809049225899095,7,0.9831763122476447,0.016666666666666666,0.5,1.0,0.05027086660676007,0.7922060728670245,-2.301508204316516e-06,-0.0022620123540667237
2026-07-29,2026-07-30,2026-07-31,SO,1,96.40396095899787,93.12106885917798,-0.03405349808413116,6,0.9785522788203753,0.016666666666666666,0.5,1.0,0.2018430993011188,-0.24118253665616687,-0.000567558301402186,-0.557818515274913
2026-07-29,2026-07-30,2026-07-31,COST,1,955.0399780273438,945.739990234375,-0.009737799471157271,6,0.9684986595174263,0.016666666666666666,0.5,1.0,0.23298645257848122,-0.12077139128475581,-0.00016229665785262118,-0.15951150832216687
2026-07-29,2026-07-30,2026-07-31,WMB,1,70.19999694824219,70.80000305175781,0.008547095863237875,6,0.9597855227882037,0.016666666666666666,0.5,1.0,0.27755680695641355,-0.020011765267378644,0.00014245159772063125,0.14000700640400437
2026-07-29,2026-07-30,2026-07-31,NI,1,44.90906797010197,44.75,-0.003542001143463258,5,0.9845844504021448,0.016666666666666666,0.5,1.0,0.19279222673977797,0.12226471109833802,-5.90333523910543e-05,-0.05802028954756437
2026-07-29,2026-07-30,2026-07-31,HAL,1,31.209999084472656,32.0,0.025312429948784576,5,0.9752010723860589,0.016666666666666666,0.5,1.0,0.3366461480982055,0.3161229771797967,0.00042187383247974293,0.41463411650537646
2026-07-29,2026-07-30,2026-07-31,ACI,1,12.279999732971191,11.550000190734863,-0.05944621808714823,3,0.965006729475101,0.01208063323439851,0.5,0.7248379940639106,0.5443614290508527,-0.24636128674234076,-0.0007181479578829046,-0.7058239243867215
2026-07-29,2026-07-30,2026-07-31,AES,1,14.67400074005127,14.699999809265137,0.0017717778317201116,3,0.9723719676549865,0.016666666666666666,0.5,1.0,0.050916453548028255,0.5093557332777845,2.9529630528668527e-05,0.02902287679948148
2026-07-29,2026-07-30,2026-07-31,TEVA,1,34.349998474121094,35.599998474121094,0.036390103508788796,2,0.9697173620457604,0.016091992017414056,0.5,0.9655195210448433,0.40866480446919723,0.7987382255704938,0.0005855892551763005,0.5755400424526818
2026-07-29,2026-07-30,2026-07-31,ZIM,1,24.780000686645508,24.71999931335449,-0.002421362858288978,0,0.9892183288409704,0.016161940928747735,0.5,0.9697164557248641,0.40689610241175034,0.89622995423341,-3.9133923482730234e-05,-0.03846235186779448
2026-07-30,2026-07-31,2026-08-03,AGX,1,594.7899780273438,572.4600219726562,-0.03754258961918988,19,0.9820954907161803,0.019104362424510492,1.0,0.5731308727353148,0.7012208235724755,1.7409981201913458,-0.0007172272384396688,-0.7060464420173791
2026-07-30,2026-07-31,2026-08-03,SHEL,1,90.23915698520103,90.14993607093479,-0.0009887161765139707,17,0.9953083109919572,0.03333333333333333,1.0,1.0,0.2534099042229737,0.010617089500176386,-3.2957205883799026e-05,-0.032443438712273454
2026-07-30,2026-07-31,2026-08-03,UTHR,1,525.8400268554688,516.2899780273438,-0.01816150985164522,16,0.9973082099596231,0.03333333333333333,1.0,1.0,0.22461567142357186,0.043286748526479214,-0.0006053836617215073,-0.5959463856166375
2026-07-30,2026-07-31,2026-08-03,PEN,1,323.04998779296875,321.3599853515625,-0.0052313960850211005,14,0.9912516823687753,0.03333333333333333,1.0,1.0,0.07629212295058453,0.12677008329283918,-0.00017437986950070335,-0.17166147605921275
2026-07-30,2026-07-31,2026-08-03,ENB,1,54.6284992340398,53.55329174451599,-0.01968217147824991,13,0.9865410497981157,0.03333333333333333,1.0,1.0,0.20718039383919548,-0.12162322283229318,-0.0006560723826083304,-0.6458449242031135
2026-07-30,2026-07-31,2026-08-03,CZR,1,29.75,29.799999237060547,0.0016806466238838969,12,0.9655172413793103,0.03333333333333333,1.0,1.0,0.2601339487057032,0.8307452418843758,5.6021554129463226e-05,0.05514823873036535
2026-07-30,2026-07-31,2026-08-03,ELV,1,376.010009765625,375.8399963378906,-0.0004521513345890904,10,0.9787798408488064,0.03333333333333333,1.0,1.0,0.37266189875941585,0.3514034653441409,-1.507171115296968e-05,-0.014836759487576283
2026-07-30,2026-07-31,2026-08-03,SLAB,1,217.2100067138672,217.83999633789065,0.0029003710904229596,8,0.9710632570659489,0.03333333333333333,1.0,1.0,0.050456650057878055,0.7863334190311594,9.667903634743198e-05,0.09517191480244522
2026-07-30,2026-07-31,2026-08-03,SO,1,93.12106885917798,92.14910279634877,-0.010437660077753819,7,0.9785522788203753,0.03333333333333333,1.0,1.0,0.20208200480103922,-0.23038696545251092,-0.00034792200259179393,-0.34249827511279163
2026-07-30,2026-07-31,2026-08-03,COST,1,945.739990234375,965.1500244140624,0.020523647493088548,7,0.9684986595174263,0.03333333333333333,1.0,1.0,0.2334217611731943,-0.12632530159375263,0.0006841215831029515,0.6734568680184978
2026-07-30,2026-07-31,2026-08-03,WMB,1,70.80000305175781,70.6500015258789,-0.002118665528435759,7,0.9597855227882037,0.03333333333333333,1.0,1.0,0.2745566817329576,-0.01866172422280482,-7.062218428119197e-05,-0.06952126085967882
2026-07-30,2026-07-31,2026-08-03,NI,1,44.75,44.34999847412109,-0.008938581583886385,6,0.9946164199192462,0.03333333333333333,1.0,1.0,0.19613783953535174,0.13938739552013402,-0.0002979527194628795,-0.2933079590281958
2026-07-30,2026-07-31,2026-08-03,HAL,1,32.0,31.75,-0.0078125,6,0.9752010723860589,0.03333333333333333,1.0,1.0,0.33405590649842454,0.3148504089275261,-0.00026041666666666666,-0.2563570526713789
2026-07-30,2026-07-31,2026-08-03,ACI,1,11.550000190734863,11.59000015258789,0.0034632001032446347,4,0.9764468371467026,0.024260329854519726,1.0,0.7278098956355918,0.5521926879591269,-0.2857516905408968,8.401837685692161e-05,0.08270862129129068
2026-07-30,2026-07-31,2026-08-03,AES,1,14.699999809265137,14.670000076293944,-0.002040798187785353,4,0.9723719676549865,0.03333333333333333,1.0,1.0,0.050915111162763864,0.5014654599155969,-6.802660625951177e-05,-0.06696614509027128
2026-07-30,2026-07-31,2026-08-03,ZIM,1,24.71999931335449,25.06999969482422,0.014158591876685334,1,0.9959623149394348,0.03269931902039621,1.0,0.9809795706118863,0.4096836617541273,0.8609766705974826,0.000462976312655324,0.45575901300088967
2026-07-30,2026-07-31,2026-08-03,AEP,1,127.03284793038125,127.13209443755494,0.0007812664896569288,0,0.9885598923283984,0.03333333333333333,1.0,1.0,0.22662215938305014,-0.031661493347084964,2.6042216321897626e-05,0.025636246353838668
2026-07-30,2026-07-31,2026-08-03,LIN,1,474.9800109863281,483.0700073242188,0.017032287992690964,0,0.9811574697173621,0.03333333333333333,1.0,1.0,0.19998233378696256,0.1467936871112781,0.0005677429330896988,0.5588924352072157
2026-07-30,2026-07-31,2026-08-03,TRP,1,69.0,66.80999755859375,-0.03173916581748193,0,0.9791386271870794,0.03333333333333333,1.0,1.0,0.214488100791483,0.0014954949281704515,-0.0010579721939160643,-1.041479552411884
2026-07-31,2026-08-03,2026-08-04,AGX,1,572.4600219726562,602.8499755859375,0.05308659547711225,20,0.9820954907161803,0.017039043461916932,1.0,0.511171303857508,0.7888983209838293,1.8840538688866642,0.0009045448075797186,0.8882536761933123
2026-07-31,2026-08-03,2026-08-04,SHEL,1,90.14993607093479,89.34202165630562,-0.008961896700552918,18,0.9953083109919572,0.03333333333333333,1.0,1.0,0.25635859582612,0.03572351173026039,-0.0002987298900184306,-0.29334967242549725
2026-07-31,2026-08-03,2026-08-04,UTHR,1,516.2899780273438,517.8599853515625,0.0030409409266813903,17,0.9986577181208054,0.03333333333333333,1.0,1.0,0.22452110963627078,0.041212166643568804,0.00010136469755604635,0.09953908804285111
2026-07-31,2026-08-03,2026-08-04,PEN,1,321.3599853515625,321.57000732421875,0.0006535411446029205,15,0.9865771812080537,0.03333333333333333,1.0,1.0,0.0760079514238906,0.11952556480571787,2.178470482009735e-05,0.021392355557280973
2026-07-31,2026-08-03,2026-08-04,ENB,1,53.55329174451599,53.11925813429433,-0.008104704605130242,14,0.9651006711409396,0.03333333333333333,1.0,1.0,0.20697314437606287,-0.11375930910041504,-0.00027015682017100806,-0.2652912123918691
2026-07-31,2026-08-03,2026-08-04,CZR,1,29.799999237060547,29.7450008392334,-0.0018455838669535485,13,0.9655172413793103,0.03333333333333333,1.0,1.0,0.2604868645612382,0.8058816166949138,-6.151946223178494e-05,-0.060411477714444446
2026-07-31,2026-08-03,2026-08-04,ELV,1,375.8399963378906,381.0199890136719,0.013782441268236578,11,0.9787798408488064,0.03333333333333333,1.0,1.0,0.3648383835287353,0.3474812512682718,0.00045941470894121926,0.4511405081260768
2026-07-31,2026-08-03,2026-08-04,SLAB,1,217.83999633789065,218.1499938964844,0.00142305161497025,9,0.9710632570659489,0.03333333333333333,1.0,1.0,0.04874626296338725,0.7752648885072454,4.743505383234166e-05,0.046580733860762114
2026-07-31,2026-08-03,2026-08-04,SO,1,92.14910279634877,91.33580925634715,-0.008825843283564172,8,0.9785522788203753,0.03333333333333333,1.0,1.0,0.20439028376677332,-0.2425420748120737,-0.00029419477611880573,-0.28889623732804115
2026-07-31,2026-08-03,2026-08-04,COST,1,965.1500244140624,945.0,-0.020877608562767547,8,0.9684986595174263,0.03333333333333333,1.0,1.0,0.2366557846048511,-0.14444369561150142,-0.0006959202854255849,-0.6833865461245229
2026-07-31,2026-08-03,2026-08-04,WMB,1,70.6500015258789,69.56999969482422,-0.015286649790928641,8,0.9597855227882037,0.03333333333333333,1.0,1.0,0.2753971538294515,-0.003882068922860657,-0.0005095549930309547,-0.5003777502116873
2026-07-31,2026-08-03,2026-08-04,NI,1,44.34999847412109,44.52000045776367,0.00383319029293272,7,0.9946308724832216,0.03333333333333333,1.0,1.0,0.1963152565377905,0.14685121899913767,0.000127773009764424,0.12547177839117846
2026-07-31,2026-08-03,2026-08-04,HAL,1,31.75,31.489999771118164,-0.008188983586829512,7,0.9752010723860589,0.03333333333333333,1.0,1.0,0.3311519097939325,0.32442995976210254,-0.00027296611956098376,-0.268049915432076
2026-07-31,2026-08-03,2026-08-04,ACI,1,11.59000015258789,11.5600004196167,-0.0025884152352226852,5,0.9731543624161074,0.02416285656730444,1.0,0.7248856970191332,0.5563114088284444,-0.316907393853449,-6.254350606531132e-05,-0.06141707820221545
2026-07-31,2026-08-03,2026-08-04,AES,1,14.670000076293944,14.710000038146973,0.002726650418882315,5,0.9723719676549865,0.03333333333333333,1.0,1.0,0.0507726507262684,0.493856607804307,9.088834729607717e-05,0.08925142008706964
2026-07-31,2026-08-03,2026-08-04,ZIM,1,25.06999969482422,26.350000381469727,0.05105706829784151,2,0.991275167785235,0.03279377138577686,1.0,0.9838131415733058,0.4098971301637721,0.8492722902691608,0.0016743538253874098,1.6441981958064902
2026-07-31,2026-08-03,2026-08-04,AEP,1,127.13209443755494,127.07253286288997,-0.00046850148208821274,1,0.9885598923283984,0.03333333333333333,1.0,1.0,0.22733233054851032,-0.042000665924490775,-1.561671606960709e-05,-0.015335454189396972
2026-07-31,2026-08-03,2026-08-04,LIN,1,483.0700073242188,481.989990234375,-0.0022357361737818104,1,0.9811574697173621,0.03333333333333333,1.0,1.0,0.19899512781375006,0.1409740744272202,-7.452453912606034e-05,-0.07318232915675817
2026-07-31,2026-08-03,2026-08-04,TRP,1,66.80999755859375,65.69999694824219,-0.01661428904226603,1,0.9718120805369128,0.03333333333333333,1.0,1.0,0.21356070163246685,0.012405421512067253,-0.0005538096347422009,-0.543835352156042
2026-07-31,2026-08-03,2026-08-04,NEE,1,86.10251880639075,85.48714272622982,-0.007147016007100326,0,0.9832214765100671,0.03333333333333333,1.0,1.0,0.2269928254519587,0.1465198064629318,-0.00023823386690334422,-0.23394320137313282
2026-07-31,2026-08-03,2026-08-04,SRE,1,88.33999633789062,87.48999786376953,-0.009621898453220923,0,0.9731543624161074,0.03333333333333333,1.0,1.0,0.2061018460182073,0.207349181098385,-0.0003207299484406974,-0.3149535030000527
2026-07-31,2026-08-03,2026-08-04,YUM,1,153.14999389648438,148.5,-0.03036235117075714,0,0.9711409395973154,0.03333333333333333,1.0,1.0,0.24220955679312534,0.11297695090927473,-0.0010120783723585713,-0.9938505282548058
2026-07-31,2026-08-03,2026-08-04,ETR,1,106.36503963670357,107.31934377215593,0.008971971793663158,0,0.9704697986577182,0.03333333333333333,1.0,1.0,0.2295997246580774,0.21921502109912008,0.0002990657264554386,0.2936794603445393
2026-08-03,2026-08-04,2026-08-05,AGX,1,602.8499755859375,620.7999877929688,0.029775255758424546,21,0.9820954907161803,0.017239187000500797,1.0,0.5171756100150239,0.778877298123336,1.8720982732456752,0.000513301202007219,0.5035084345470577
2026-08-03,2026-08-04,2026-08-05,SHEL,1,89.34202165630562,89.43619347987669,0.0010540596891051024,19,0.9953083109919572,0.03333333333333333,1.0,1.0,0.2553632334689747,0.039190208545843784,3.513532297017008e-05,0.03446501079061726
2026-08-03,2026-08-04,2026-08-05,UTHR,1,517.8599853515625,505.0,-0.024832938854760456,18,0.9966307277628033,0.03333333333333333,1.0,1.0,0.22628000187468747,0.02743948222607288,-0.0008277646284920152,-0.8119725234143904
2026-08-03,2026-08-04,2026-08-05,PEN,1,321.57000732421875,323.3599853515625,0.00556637119934833,16,0.9912398921832883,0.03333333333333333,1.0,1.0,0.07578169938432322,0.13438928792130886,0.00018554570664494434,0.18200586307687944
2026-08-03,2026-08-04,2026-08-05,ENB,1,53.11925813429433,52.84306207617113,-0.005199546601816762,15,0.9811320754716981,0.03333333333333333,1.0,1.0,0.19616999534038904,-0.12108097191221329,-0.00017331822006055875,-0.17001165265135515
2026-08-03,2026-08-04,2026-08-05,CZR,1,29.7450008392334,29.950000762939453,0.006891911848113441,14,0.9655172413793103,0.03333333333333333,1.0,1.0,0.2590357854767535,0.8031039085203284,0.0002297303949371147,0.22534759527221437
2026-08-03,2026-08-04,2026-08-05,ELV,1,381.0199890136719,375.2000122070313,-0.015274728293668938,12,0.9787798408488064,0.03333333333333333,1.0,1.0,0.36485218320445717,0.34739443892697247,-0.0005091576097889645,-0.49944389383868565
2026-08-03,2026-08-04,2026-08-05,SLAB,1,218.1499938964844,218.8999938964844,0.003438001471390839,10,0.9710632570659489,0.03333333333333333,1.0,1.0,0.048804483274182346,0.7718428576134335,0.0001146000490463613,0.11241370771919194
2026-08-03,2026-08-04,2026-08-05,SO,1,91.33580925634715,92.73426531592783,0.015311147631655864,9,0.9785522788203753,0.03333333333333333,1.0,1.0,0.19249743724373428,-0.24157281947930312,0.0005103715877218621,0.5006347114837207
2026-08-03,2026-08-04,2026-08-05,COST,1,945.0,956.989990234375,0.012687820353836088,9,0.9684986595174263,0.03333333333333333,1.0,1.0,0.23429643421204055,-0.1460404504971236,0.0004229273451278696,0.4148587313642838
2026-08-03,2026-08-04,2026-08-05,WMB,1,69.56999969482422,71.5199966430664,0.028029279240995297,9,0.9811320754716981,0.03333333333333333,1.0,1.0,0.2631931464835897,-0.00016475011645197674,0.0009343093080331766,0.9164845420796685
2026-08-03,2026-08-04,2026-08-05,NI,1,44.52000045776367,42.959999084472656,-0.03504046175316189,8,0.9858490566037736,0.03333333333333333,1.0,1.0,0.19582044301897986,0.1441704226082576,-0.001168015391772063,-1.1457319779074835
2026-08-03,2026-08-04,2026-08-05,HAL,1,31.489999771118164,32.59000015258789,0.034931736724832296,8,0.9752010723860589,0.03333333333333333,1.0,1.0,0.33296908467728603,0.32688227541292525,0.0011643912241610765,1.1421769522165086
2026-08-03,2026-08-04,2026-08-05,ACI,1,11.5600004196167,12.029999732971191,0.040657378572143354,6,0.9764150943396226,0.02425539209428059,1.0,0.7276617628284178,0.5535763487393438,-0.31718419666040343,0.000986160658792939,0.967346672049571
2026-08-03,2026-08-04,2026-08-05,AES,1,14.710000038146973,14.68000030517578,-0.0020394108017264267,6,0.9723719676549865,0.03333333333333333,1.0,1.0,0.05076470835726598,0.4893734914842574,-6.798036005754756e-05,-0.0666834298043193
2026-08-03,2026-08-04,2026-08-05,ZIM,1,26.350000381469727,27.770000457763672,0.05388994518924339,3,0.9878706199460916,0.03272800632055215,1.0,0.9818401896165646,0.41026670739675125,0.8501971150828759,0.0017637104667677667,1.7300623739899395
2026-08-03,2026-08-04,2026-08-05,AEP,1,127.07253286288997,127.91611715876257,0.006638604558097727,2,0.9885598923283984,0.03333333333333333,1.0,1.0,0.2234780358622951,-0.03765581824059543,0.00022128681860325756,0.2170651056049114
2026-08-03,2026-08-04,2026-08-05,LIN,1,481.989990234375,490.4299926757813,0.017510742157326176,2,0.9811574697173621,0.03333333333333333,1.0,1.0,0.23170946590866312,0.11583691152621668,0.0005836914052442058,0.5725557325091732
2026-08-03,2026-08-04,2026-08-05,TRP,1,65.69999694824219,66.12999725341797,0.006544906014448237,2,0.9905660377358491,0.03333333333333333,1.0,1.0,0.1938616195712707,0.007681463777199073,0.00021816353381494123,0.21400140688715993
2026-08-03,2026-08-04,2026-08-05,NEE,1,85.48714272622982,86.2513999466589,0.008940025319089218,1,0.988544474393531,0.03333333333333333,1.0,1.0,0.21243627182303707,0.13960769632140818,0.00029800084396964057,0.29231557973001887
2026-08-03,2026-08-04,2026-08-05,SRE,1,87.48999786376953,86.66999816894531,-0.009372496454978063,1,0.9690026954177897,0.03333333333333333,1.0,1.0,0.1997576766867621,0.20213444866023986,-0.0003124165484992688,-0.3064562612484384
2026-08-03,2026-08-04,2026-08-05,YUM,1,148.5,148.17999267578125,-0.0021549314762205896,1,0.9711409395973154,0.03333333333333333,1.0,1.0,0.2467631470307101,0.1047054294123399,-7.183104920735298e-05,-0.0704606554530498
2026-08-03,2026-08-04,2026-08-05,ETR,1,107.31934377215593,107.83626523928966,0.004816666306040496,1,0.9743935309973046,0.03333333333333333,1.0,1.0,0.22190493605884173,0.2181695570732926,0.0001605555435346832,0.15749246264547687
2026-08-03,2026-08-04,2026-08-05,XEL,1,77.52999877929688,77.81999969482422,0.003740499420783916,0,0.9919137466307277,0.03333333333333333,1.0,1.0,0.20626065087243103,-0.004845817265541287,0.00012468331402613054,0.12230460402964978
2026-08-04,2026-08-05,2026-08-06,AGX,1,620.7999877929688,589.9400024414062,-0.04971002892779375,22,0.9820954907161803,0.01737509633842809,1.0,0.5212528901528427,0.7767065368618128,1.8854493626427138,-0.0008637165416064636,-0.8517312375811932
2026-08-04,2026-08-05,2026-08-06,SHEL,1,89.43619347987669,88.47462119331736,-0.0107514894042946,20,0.9953083109919572,0.03333333333333333,1.0,1.0,0.2532914211166192,0.03154849234769374,-0.00035838298014315335,-0.3534099030193679
2026-08-04,2026-08-05,2026-08-06,UTHR,1,505.0,519.7899780273438,0.02928708520266099,19,0.9946236559139785,0.03333333333333333,1.0,1.0,0.22629331526451218,0.014983311381810138,0.0009762361734220329,0.9626894983552714
2026-08-04,2026-08-05,2026-08-06,PEN,1,323.3599853515625,324.44000244140625,0.003339983729494289,17,0.9690860215053764,0.03333333333333333,1.0,1.0,0.07640338486606231,0.13440634065163506,0.00011133279098314297,0.10978788905798934
2026-08-04,2026-08-05,2026-08-06,ENB,1,52.84306207617113,51.71852948217697,-0.02128060997625747,16,0.9825268817204301,0.03333333333333333,1.0,1.0,0.19546285140725042,-0.12429128504099966,-0.000709353665875249,-0.6995103678284823
2026-08-04,2026-08-05,2026-08-06,CZR,1,29.950000762939453,30.149999618530277,0.006677757946447427,15,0.9655172413793103,0.03333333333333333,1.0,1.0,0.25595731905181557,0.7822237323675825,0.00022259193154824757,0.21950314970297236
2026-08-04,2026-08-05,2026-08-06,ELV,1,375.2000122070313,391.8299865722656,0.04432295795357821,13,0.9787798408488064,0.03333333333333333,1.0,1.0,0.36602765233815326,0.34776660095689765,0.0014774319317859405,1.456930447761839
2026-08-04,2026-08-05,2026-08-06,SLAB,1,218.8999938964844,218.3999938964844,-0.0022841480764793642,11,0.9710632570659489,0.03333333333333333,1.0,1.0,0.048768142938927554,0.7562636432572664,-7.613826921597881e-05,-0.0750817416857614
2026-08-04,2026-08-05,2026-08-06,SO,1,92.73426531592783,93.25000579380313,0.0055614877210519165,10,0.9785522788203753,0.03333333333333333,1.0,1.0,0.19534873193895305,-0.2541671461019107,0.00018538292403506387,0.18281047045958723
2026-08-04,2026-08-05,2026-08-06,COST,1,956.989990234375,959.5499877929688,0.0026750515519673446,10,0.9684986595174263,0.03333333333333333,1.0,1.0,0.23438051457507214,-0.13943715706687665,8.916838506557815e-05,0.08793104601628125
2026-08-04,2026-08-05,2026-08-06,WMB,1,71.5199966430664,73.0,0.02069356021253488,10,0.9811320754716981,0.03333333333333333,1.0,1.0,0.26419569296106515,-0.010400845668955534,0.0006897853404178293,0.6802135809124414
2026-08-04,2026-08-05,2026-08-06,NI,1,42.959999084472656,43.27999877929688,0.007448782626717554,9,0.9879032258064516,0.03333333333333333,1.0,1.0,0.19585317820724452,0.14591408012478216,0.00024829275422391846,0.24484733665542951
2026-08-04,2026-08-05,2026-08-06,HAL,1,32.59000015258789,32.290000915527344,-0.00920525423921259,9,0.9752010723860589,0.03333333333333333,1.0,1.0,0.33252813088354655,0.3128436140317985,-0.000306841807973753,-0.3025839384308252
2026-08-04,2026-08-05,2026-08-06,ACI,1,12.029999732971191,11.880000114440918,-0.012468796497074108,7,0.9764150943396226,0.02438951444099071,1.0,0.7316854332297213,0.5533259359185775,-0.32134508935390055,-0.0003041078922271633,-0.2998879596807198
2026-08-04,2026-08-05,2026-08-06,AES,1,14.68000030517578,14.699999809265137,0.0013623640104629686,7,0.9723719676549865,0.03333333333333333,1.0,1.0,0.05086452282260519,0.4868375771505929,4.541213368209895e-05,0.044781975288230684
2026-08-04,2026-08-05,2026-08-06,ZIM,1,27.770000457763672,26.90999984741211,-0.0309686926962629,4,0.9946236559139785,0.03243017768073344,1.0,0.9729053304220031,0.41613558326812217,0.8658965355446536,-0.0010043202066798377,-0.9903838254298132
2026-08-04,2026-08-05,2026-08-06,AEP,1,127.91611715876257,127.01300208008277,-0.007060213354966871,3,0.9885598923283984,0.03333333333333333,1.0,1.0,0.22367268391031367,-0.03526244128001698,-0.00023534044516556238,-0.2320747594354899
2026-08-04,2026-08-05,2026-08-06,LIN,1,490.4299926757813,497.9299926757813,0.015292702550837145,3,0.9811574697173621,0.03333333333333333,1.0,1.0,0.23015116923843879,0.11450322865749521,0.0005097567516945715,0.5026831466937569
2026-08-04,2026-08-05,2026-08-06,TRP,1,66.12999725341797,64.69999694824219,-0.021624079306942212,3,0.9926075268817205,0.03333333333333333,1.0,1.0,0.19923936477947152,-0.007797517908061065,-0.0007208026435647404,-0.7108004745553639
2026-08-04,2026-08-05,2026-08-06,NEE,1,86.2513999466589,86.0628190292048,-0.002186409931557387,2,0.988544474393531,0.03333333333333333,1.0,1.0,0.21193317739733875,0.13407901896562432,-7.28803310519129e-05,-0.07186901207972454
2026-08-04,2026-08-05,2026-08-06,SRE,1,86.66999816894531,84.63999938964844,-0.023422162480490782,2,0.9690026954177897,0.03333333333333333,1.0,1.0,0.20031126390425447,0.19386372995404727,-0.0007807387493496928,-0.7699048810323611
2026-08-04,2026-08-05,2026-08-06,YUM,1,148.17999267578125,152.6699981689453,0.030301023856764697,2,0.9711409395973154,0.03333333333333333,1.0,1.0,0.2529676965347704,0.07458442929072695,0.0010100341285588232,0.9960184584592777
2026-08-04,2026-08-05,2026-08-06,ETR,1,107.83626523928966,107.30940560623112,-0.0048857370188909455,2,0.9743935309973046,0.03333333333333333,1.0,1.0,0.22184986188211045,0.221877736885711,-0.00016285790062969818,-0.16059801401419607
2026-08-04,2026-08-05,2026-08-06,XEL,1,77.81999969482422,77.9800033569336,0.002056073795127622,1,0.980510752688172,0.03333333333333333,1.0,1.0,0.20645315624751476,-0.0066062748966333245,6.853579317092073e-05,0.0675847608840564
2026-08-04,2026-08-05,2026-08-06,OKE,1,87.8499984741211,88.81999969482422,0.01104156218043495,0,0.9845430107526882,0.03333333333333333,1.0,1.0,0.3025004283811392,-0.34441643768592817,0.00036805207268116497,0.362944823050389
2026-08-04,2026-08-05,2026-08-06,NE,1,41.209999084472656,40.619998931884766,-0.0143169173912987,0,0.9831989247311828,0.031287473988461774,1.0,0.9386242196538532,0.43133398719365057,0.4926467408763192,-0.00044794018047521406,-0.44172436893345
2026-08-04,2026-08-05,2026-08-06,APA,1,35.849998474121094,36.560001373291016,0.01980482369287828,0,0.9758064516129032,0.02995385865311167,1.0,0.89861575959335,0.4505379777926849,-0.6012901059466954,0.0005932308895462732,0.5849989613315264
2026-08-04,2026-08-05,2026-08-06,KMI,1,31.31999969482422,31.5,0.00574713623657952,0,0.965725806451613,0.03333333333333333,1.0,1.0,0.2125490712189169,-0.1466805652578527,0.00019157120788598398,0.18891288300924686
2026-08-05,2026-08-06,2026-08-07,AGX,1,589.9400024414062,607.0,0.0289181908126126,23,0.9820954907161803,0.017371457625175488,1.0,0.5211437287552646,0.7815078846214302,1.835902834361938,0.0005023511262980388,0.495682496782038
2026-08-05,2026-08-06,2026-08-07,SHEL,1,88.47462119331736,88.2168733831962,-0.002913240052850652,21,0.9663978494623656,0.03333333333333333,1.0,1.0,0.25479338016618264,0.012357520817114555,-9.710800176168839e-05,-0.09581890882870339
2026-08-05,2026-08-06,2026-08-07,UTHR,1,519.7899780273438,534.8400268554688,0.028954095816239978,20,0.9926075268817205,0.03333333333333333,1.0,1.0,0.2228125827484455,0.08757202431858123,0.0009651365272079993,0.9523244967468766
2026-08-05,2026-08-06,2026-08-07,PEN,1,324.44000244140625,324.92999267578125,0.001510264550264484,18,0.9690860215053764,0.03333333333333333,1.0,1.0,0.07667096694525408,0.09780302800026615,5.03421516754828e-05,0.049673867797956586
2026-08-05,2026-08-06,2026-08-07,ENB,1,51.71852948217697,50.95897763110229,-0.014686261552282365,17,0.9825268817204301,0.03333333333333333,1.0,1.0,0.19705232258279737,-0.11821962259763005,-0.0004895420517427454,-0.4830434606086262
2026-08-05,2026-08-06,2026-08-07,ELV,1,391.8299865722656,390.3900146484375,-0.003674991637125591,14,0.9787798408488064,0.03333333333333333,1.0,1.0,0.36694152632867144,0.30113957713237816,-0.0001224997212375197,-0.12087355735735406
2026-08-05,2026-08-06,2026-08-07,SLAB,1,218.3999938964844,218.6499938964844,0.0011446886766786069,12,0.9710632570659489,0.03333333333333333,1.0,1.0,0.04751106932161557,0.7294508476720097,3.815628922262023e-05,0.037649770687654176
2026-08-05,2026-08-06,2026-08-07,SO,1,93.25000579380313,91.44490807091314,-0.019357615128533734,11,0.9785522788203753,0.03333333333333333,1.0,1.0,0.1949930501983648,-0.24532273824813702,-0.0006452538376177911,-0.6366881978459438
2026-08-05,2026-08-06,2026-08-07,COST,1,959.5499877929688,943.510009765625,-0.01671614635130869,11,0.9684986595174263,0.03333333333333333,1.0,1.0,0.23462355904667326,-0.13080194201089915,-0.0005572048783769564,-0.5498080742216898
2026-08-05,2026-08-06,2026-08-07,WMB,1,73.0,71.44000244140625,-0.0213698295697774,11,0.9811320754716981,0.03333333333333333,1.0,1.0,0.2661639084894807,0.009085148409048054,-0.0007123276523259132,-0.7028716185704601
2026-08-05,2026-08-06,2026-08-07,NI,1,43.27999877929688,43.150001525878906,-0.003003633481620138,10,0.9966397849462365,0.03333333333333333,1.0,1.0,0.19585317820724452,0.14872018706967355,-0.00010012111605400461,-0.09879202451874138
2026-08-05,2026-08-06,2026-08-07,HAL,1,32.290000915527344,32.189998626708984,-0.0030970048306896425,10,0.9752010723860589,0.03333333333333333,1.0,1.0,0.33383402703348225,0.28741011983359804,-0.00010323349435632141,-0.10186308650518816
2026-08-05,2026-08-06,2026-08-07,ACI,1,11.880000114440918,11.960000038146973,0.0067340002470883675,8,0.9764150943396226,0.02410637570346032,1.0,0.7231912711038097,0.5631676560775151,-0.24624596882202804,0.0001623323399435068,0.16017740452706566
2026-08-05,2026-08-06,2026-08-07,AES,1,14.699999809265137,14.720000267028809,0.001360575375726647,8,0.9723719676549865,0.03333333333333333,1.0,1.0,0.05110507950783557,0.5035755658984775,4.5352512524221565e-05,0.044750465295080116
2026-08-05,2026-08-06,2026-08-07,ZIM,1,26.90999984741211,26.40999984741211,-0.018580453468418856,5,0.9952956989247312,0.03186422357211094,1.0,0.9559267071633282,0.4260556065556858,0.8803978250982497,-0.0005920517233889026,-0.5841923330324291
2026-08-05,2026-08-06,2026-08-07,AEP,1,127.01300208008277,124.04558470096785,-0.02336309929312541,4,0.9885598923283984,0.03333333333333333,1.0,1.0,0.22145157242974145,-0.032305334331659975,-0.0007787699764375136,-0.768431931633439
2026-08-05,2026-08-06,2026-08-07,LIN,1,497.9299926757813,486.5799865722656,-0.02279438127943023,4,0.9811574697173621,0.03333333333333333,1.0,1.0,0.22398521294966828,0.12092885114184918,-0.000759812709314341,-0.7497263191487499
2026-08-05,2026-08-06,2026-08-07,TRP,1,64.69999694824219,63.7599983215332,-0.01452857296826382,4,0.9952956989247312,0.03333333333333333,1.0,1.0,0.1991568319609483,-0.0076280771748325,-0.00048428576560879396,-0.47785695081839613
2026-08-05,2026-08-06,2026-08-07,NEE,1,86.0628190292048,83.26386642643261,-0.03252220452855936,3,0.980510752688172,0.03333333333333333,1.0,1.0,0.2110654232179327,0.13024004413287824,-0.001084073484285312,-1.0696825850589216
2026-08-05,2026-08-06,2026-08-07,SRE,1,84.63999938964844,83.83999633789062,-0.009451831965108126,3,0.9690026954177897,0.03333333333333333,1.0,1.0,0.20154531250007607,0.17138172771908217,-0.0003150610655036042,-0.3108786810900506
2026-08-05,2026-08-06,2026-08-07,YUM,1,152.6699981689453,151.5,-0.007663576229630875,3,0.9711409395973154,0.03333333333333333,1.0,1.0,0.24854207805283884,0.07501029467410612,-0.0002554525409876958,-0.25206145004435176
2026-08-05,2026-08-06,2026-08-07,ETR,1,107.30940560623112,106.58373937332306,-0.006762373053960213,3,0.9743935309973046,0.03333333333333333,1.0,1.0,0.22250755864111893,0.2190427070955478,-0.00022541243513200712,-0.22242012170917805
2026-08-05,2026-08-06,2026-08-07,XEL,1,77.9800033569336,76.69000244140625,-0.016542714285644355,2,0.9798387096774194,0.03333333333333333,1.0,1.0,0.20379139457414402,-0.006193353533336637,-0.0005514238095214785,-0.5441037481152284
2026-08-05,2026-08-06,2026-08-07,OKE,1,88.81999969482422,86.87000274658203,-0.021954480465460113,1,0.9845430107526882,0.03333333333333333,1.0,1.0,0.3012325122959977,-0.3792490086390547,-0.0007318160155153371,-0.7221012769074807
2026-08-05,2026-08-06,2026-08-07,NE,1,40.619998931884766,40.619998931884766,0.0,1,0.9831989247311828,0.031454145875195266,1.0,0.9436243762558579,0.4316102289125481,0.4557599470107876,0.0,0.0
2026-08-05,2026-08-06,2026-08-07,APA,1,36.560001373291016,35.9900016784668,-0.015590800695117979,1,0.9758064516129032,0.0306310476140426,1.0,0.918931428421278,0.4432081877349148,-0.6820008698574215,-0.0004775625584332073,-0.4712229931248275
2026-08-05,2026-08-06,2026-08-07,KMI,1,31.5,31.059999465942383,-0.013968270922463999,1,0.965725806451613,0.03333333333333333,1.0,1.0,0.21197099264984082,-0.14713914095763234,-0.00046560903074879996,-0.4594281465767083
2026-08-05,2026-08-06,2026-08-07,FTI,1,70.2959280100941,68.52704027797915,-0.025163445197863288,0,0.9905913978494624,0.03333333333333333,1.0,1.0,0.3624727820361464,0.38402913737458616,-0.0008387815065954429,-0.8276468184867923
2026-08-05,2026-08-06,2026-08-07,DAR,1,59.400001525878906,60.06999969482422,0.011279430163876558,0,0.9899193548387097,0.03333333333333333,1.0,1.0,0.2906206907756125,0.40065861483597953,0.0003759810054625519,0.37098991875202725
2026-08-05,2026-08-06,2026-08-07,FRO,1,38.84000015258789,39.86000061035156,0.026261597676531245,0,0.9778225806451613,0.02865728512564628,1.0,0.8597185537693883,0.47373402755769745,0.44389884590805934,0.0007525860924713657,0.7425956344692696
2026-08-06,2026-08-07,2026-08-10,AGX,1,607.0,603.72998046875,-0.005387182094316323,24,0.9820954907161803,0.017334523317344096,1.0,0.5200356995203229,0.7800631136623971,1.8747193270752835,-9.338423362870491e-05,-0.0914416483593435
2026-08-06,2026-08-07,2026-08-10,UTHR,1,534.8400268554688,528.5999755859375,-0.011667135884011803,21,0.9926075268817205,0.03333333333333333,1.0,1.0,0.22107851919255697,0.0960509689633663,-0.0003889045294670601,-0.3808145106193987
2026-08-06,2026-08-07,2026-08-10,PEN,1,324.92999267578125,324.8999938964844,-9.232382350987667e-05,19,0.9690860215053764,0.03333333333333333,1.0,1.0,0.07677063509655786,0.11023347876717286,-3.0774607836625554e-06,-0.0030134432321650543
2026-08-06,2026-08-07,2026-08-10,ENB,1,50.95897763110229,51.037895004503,0.0015486451469257645,18,0.9906166219839142,0.03333333333333333,1.0,1.0,0.20424428291721478,-0.12202896378320952,5.162150489752548e-05,0.05054767079192142
2026-08-06,2026-08-07,2026-08-10,ELV,1,390.3900146484375,395.30999755859375,0.012602737584328061,15,0.9787798408488064,0.03333333333333333,1.0,1.0,0.3729295175844738,0.299446481831404,0.00042009125281093537,0.4113524855930904
2026-08-06,2026-08-07,2026-08-10,SLAB,1,218.6499938964844,219.2100067138672,0.002561229512990204,13,0.9710632570659489,0.03333333333333333,1.0,1.0,0.04607741348091179,0.7087543861987847,8.537431709967346e-05,0.08359835466645352
2026-08-06,2026-08-07,2026-08-10,SO,1,91.44490807091314,91.59367998786598,0.001626902143501141,12,0.9772117962466488,0.03333333333333333,1.0,1.0,0.19500539767219746,-0.2571340269732609,5.423007145003803e-05,0.05310197376307604
2026-08-06,2026-08-07,2026-08-10,WMB,1,71.44000244140625,71.0,-0.0061590485214096935,12,0.9811320754716981,0.03333333333333333,1.0,1.0,0.2655706837718383,0.009523925990339483,-0.00020530161738032313,-0.2010309189743719
2026-08-06,2026-08-07,2026-08-10,NI,1,43.150001525878906,42.34000015258789,-0.018771757697510716,11,0.9966487935656836,0.03333333333333333,1.0,1.0,0.20799327436749052,0.14201987332075608,-0.0006257252565836905,-0.6127088766352318
2026-08-06,2026-08-07,2026-08-10,HAL,1,32.189998626708984,32.310001373291016,0.0037279512799501813,11,0.9752010723860589,0.03333333333333333,1.0,1.0,0.33478499296364134,0.2929058490296651,0.00012426504266500605,0.12168007267598849
2026-08-06,2026-08-07,2026-08-10,ACI,1,11.960000038146973,12.0,0.0033444784051375187,9,0.9764150943396226,0.02398510884909639,1.0,0.7195532654728917,0.5637673907529624,-0.23214581891906308,8.021767859067567e-05,0.07854898490741226
2026-08-06,2026-08-07,2026-08-10,AES,1,14.720000267028809,14.720000267028809,0.0,9,0.9723719676549865,0.03333333333333333,1.0,1.0,0.04973999412781314,0.49697794130383766,0.0,0.0
2026-08-06,2026-08-07,2026-08-10,ZIM,1,26.40999984741211,26.15999984741211,-0.009466111376161046,6,0.9617962466487935,0.03333333333333333,1.0,1.0,0.3841993768899912,0.8792616324080166,-0.00031553704587203486,-0.3089732224788276
2026-08-06,2026-08-07,2026-08-10,AEP,1,124.04558470096785,125.0500030517578,0.008097171319811691,5,0.9772117962466488,0.03333333333333333,1.0,1.0,0.2199988396281678,-0.04035514995883111,0.0002699057106603897,0.26429111344979345
2026-08-06,2026-08-07,2026-08-10,LIN,1,486.5799865722656,489.2900085449219,0.005569530287809599,5,0.9664879356568364,0.03333333333333333,1.0,1.0,0.22387880663887838,0.10531940649213971,0.0001856510095936533,0.18178908448633146
2026-08-06,2026-08-07,2026-08-10,TRP,1,63.7599983215332,63.560001373291016,-0.0031367150800981625,5,0.9959785522788204,0.03333333333333333,1.0,1.0,0.2043508016248084,-0.005412152671728389,-0.00010455716933660542,-0.10238216388796635
2026-08-06,2026-08-07,2026-08-10,NEE,1,83.26386642643261,83.55170216776712,0.003456910586644657,4,0.9886058981233243,0.03333333333333333,1.0,1.0,0.21181650865044788,0.13378593115011783,0.00011523035288815523,0.11283332313906662
2026-08-06,2026-08-07,2026-08-10,SRE,1,83.83999633789062,83.8499984741211,0.00011930029421947097,4,0.9690026954177897,0.03333333333333333,1.0,1.0,0.20619010246361086,0.15630499207650556,3.976676473982366e-06,0.003893953375669123
2026-08-06,2026-08-07,2026-08-10,YUM,1,151.5,149.60000610351562,-0.012541213838180743,4,0.9711409395973154,0.03333333333333333,1.0,1.0,0.2566974051677037,0.06084293201933519,-0.00041804046127269143,-0.40934435476188363
2026-08-06,2026-08-07,2026-08-10,ETR,1,106.58373937332306,106.11652692201343,-0.004383524673244432,4,0.9743935309973046,0.03333333333333333,1.0,1.0,0.2243438408988677,0.20690030574270601,-0.00014611748910814772,-0.14307794302089136
2026-08-06,2026-08-07,2026-08-10,XEL,1,76.69000244140625,77.69000244140625,0.013039509299325402,3,0.9946380697050938,0.03333333333333333,1.0,1.0,0.20405279677290367,-0.01372999828702049,0.0004346503099775134,0.42560868424824094
2026-08-06,2026-08-07,2026-08-10,OKE,1,86.87000274658203,87.31999969482422,0.005180118959532187,2,0.9845430107526882,0.03333333333333333,1.0,1.0,0.30108378015397264,-0.3914736612569457,0.00017267063198440625,0.1690787255874668
2026-08-06,2026-08-07,2026-08-10,NE,1,40.619998931884766,41.4900016784668,0.021418088859158413,2,0.9831989247311828,0.03128620185568307,1.0,0.9385860556704921,0.4322040206463929,0.4608248428482569,0.0006700906514105869,0.656151379458722
2026-08-06,2026-08-07,2026-08-10,APA,1,35.9900016784668,38.2400016784668,0.06251736301935762,2,0.9758064516129032,0.03027190312318291,1.0,0.9081570936954874,0.4466855677278311,-0.6723930796441964,0.0018925195568388518,1.8531512344760983
2026-08-06,2026-08-07,2026-08-10,FTI,1,68.52704027797915,70.38587811301717,0.02712561096317101,1,0.9725201072386058,0.03333333333333333,1.0,1.0,0.36276754783910053,0.3843937479857569,0.0009041870321057003,0.8853780710952174
2026-08-06,2026-08-07,2026-08-10,DAR,1,60.06999969482422,61.84000015258789,0.02946563120952006,1,0.9899193548387097,0.03333333333333333,1.0,1.0,0.2999597204920061,0.4123711034513089,0.000982187706984002,0.9617561705544039
2026-08-06,2026-08-07,2026-08-10,FRO,1,39.86000061035156,39.84999847412109,-0.00025093166275258483,1,0.9778225806451613,0.0285355969629831,1.0,0.856067908889493,0.47386505529643824,0.4373025514951016,-7.160484793558959e-06,-0.0070115318949705374
2026-08-06,2026-08-07,2026-08-10,AEE,1,107.88999938964844,108.31999969482422,0.003985543679751347,0,0.985254691689008,0.03333333333333333,1.0,1.0,0.21904539624790062,-0.10948959285954539,0.00013285145599171156,0.13008787084040196
2026-08-06,2026-08-07,2026-08-10,ATO,1,169.9353722264753,171.23752433285324,0.00766263132458711,0,0.985254691689008,0.03333333333333333,1.0,1.0,0.17504553900271796,-0.142935478088057,0.0002554210441529037,0.2501077579741132
2026-08-06,2026-08-07,2026-08-10,EVRG,1,82.24328164971179,82.17386063113457,-0.0008440934892760543,0,0.9819034852546917,0.03333333333333333,1.0,1.0,0.18628542781593846,-0.03651188319041026,-2.8136449642535143e-05,-0.027551153276287328
2026-08-07,2026-08-10,2026-08-11,AGX,1,603.72998046875,588.6300048828125,-0.025011140865016435,25,0.9820954907161803,0.017159257425562662,1.0,0.5147777227668798,0.7803575581710557,1.8953846071414377,-0.000429172604609827,-0.4220516433930082
2026-08-07,2026-08-10,2026-08-11,UTHR,1,528.5999755859375,528.0599975585938,-0.0010215248813532085,22,0.9926075268817205,0.03333333333333333,1.0,1.0,0.21002156537998207,0.1066183479422721,-3.405082937844028e-05,-0.03348584775379807
2026-08-07,2026-08-10,2026-08-11,PEN,1,324.8999938964844,325.7900085449219,0.002739349538803282,20,0.9690860215053764,0.03333333333333333,1.0,1.0,0.07742760466327006,0.10894250448186668,9.131165129344273e-05,0.08979658085203972
2026-08-07,2026-08-10,2026-08-11,ENB,1,51.037895004503,50.781422249307056,-0.00502514367360396,19,0.9973082099596231,0.03333333333333333,1.0,1.0,0.20291297494587607,-0.12073689428250166,-0.000167504789120132,-0.16472549916978607
2026-08-07,2026-08-10,2026-08-11,ELV,1,395.30999755859375,398.2200012207031,0.007361320685237871,16,0.9787798408488064,0.03333333333333333,1.0,1.0,0.3718420266200006,0.30149463227585954,0.0002453773561745957,0.24130598111934637
2026-08-07,2026-08-10,2026-08-11,SLAB,1,219.2100067138672,218.6000061035156,-0.0027827224655296856,14,0.9710632570659489,0.03333333333333333,1.0,1.0,0.04321293537002855,0.6909859443151444,-9.275741551765619e-05,-0.09121835652046303
2026-08-07,2026-08-10,2026-08-11,SO,1,91.59367998786598,90.44318849049583,-0.012560817487872189,13,0.9872139973082099,0.03333333333333333,1.0,1.0,0.18857673879125053,-0.2633156230470405,-0.0004186939162624063,-0.4117468206011323
2026-08-07,2026-08-10,2026-08-11,WMB,1,71.0,72.12999725341797,0.015915454273492502,13,0.9811320754716981,0.03333333333333333,1.0,1.0,0.2583187851741935,0.0019149413550920804,0.0005305151424497501,0.521712675298441
2026-08-07,2026-08-10,2026-08-11,NI,1,42.34000015258789,41.72999954223633,-0.014407194335219642,12,0.9959623149394348,0.03333333333333333,1.0,1.0,0.20798243917487821,0.137029529573897,-0.00048023981117398804,-0.47227152747318807
2026-08-07,2026-08-10,2026-08-11,HAL,1,32.310001373291016,33.689998626708984,0.042711148089233486,12,0.9752010723860589,0.03333333333333333,1.0,1.0,0.33392237959435095,0.2899459818505043,0.0014237049363077829,1.4000823948716674
2026-08-07,2026-08-10,2026-08-11,ACI,1,12.0,12.079999923706056,0.006666660308838113,10,0.9764150943396226,0.02366953234353531,1.0,0.7100859703060594,0.565721199316295,-0.2347688155523516,0.0001577967318034068,0.15517852086626097
2026-08-07,2026-08-10,2026-08-11,AES,1,14.720000267028809,14.720000267028809,0.0,10,0.9723719676549865,0.03333333333333333,1.0,1.0,0.04949618153500815,0.47891205357078404,0.0,0.0
2026-08-07,2026-08-10,2026-08-11,AEP,1,125.0500030517578,122.52999877929688,-0.02015197289853643,6,0.9751009421265142,0.03333333333333333,1.0,1.0,0.2112245834647343,-0.04461801170745149,-0.0006717324299512144,-0.6605868429999905
2026-08-07,2026-08-10,2026-08-11,LIN,1,489.2900085449219,491.0400085449219,0.0035766109453252426,6,0.9664879356568364,0.03333333333333333,1.0,1.0,0.22379964984602133,0.10761172631128167,0.00011922036484417476,0.11724222461529837
2026-08-07,2026-08-10,2026-08-11,TRP,1,63.560001373291016,63.43999862670898,-0.0018880230331849157,6,0.9973082099596231,0.03333333333333333,1.0,1.0,0.20310509405619864,-0.003018300075040298,-6.293410110616385e-05,-0.06188987953102446
2026-08-07,2026-08-10,2026-08-11,NEE,1,83.55170216776712,83.85938162678961,0.0036825037795722437,5,0.9865410497981157,0.03333333333333333,1.0,1.0,0.21300697689704248,0.13944025015199227,0.00012275012598574145,0.1207134188960642
2026-08-07,2026-08-10,2026-08-11,SRE,1,83.8499984741211,84.3499984741211,0.005963029327356706,5,0.9690026954177897,0.03333333333333333,1.0,1.0,0.20589051485122134,0.15442883257597306,0.00019876764424522352,0.19546963157939767
2026-08-07,2026-08-10,2026-08-11,YUM,1,149.60000610351562,145.16000366210938,-0.02967915949371014,5,0.9711409395973154,0.03333333333333333,1.0,1.0,0.25516385972588773,0.042572389488579505,-0.0009893053164570047,-0.972890464450112
2026-08-07,2026-08-10,2026-08-11,ETR,1,106.11652692201343,105.36103157099409,-0.007119488103625726,5,0.977792732166891,0.03333333333333333,1.0,1.0,0.21213420833877822,0.20282610434920492,-0.00023731627012085754,-0.23337864703518302
2026-08-07,2026-08-10,2026-08-11,XEL,1,77.69000244140625,76.4800033569336,-0.015574707767389229,4,0.9959623149394348,0.03333333333333333,1.0,1.0,0.20301668030961598,-0.01585209912139165,-0.0005191569255796409,-0.5105429173862325
2026-08-07,2026-08-10,2026-08-11,OKE,1,87.31999969482422,90.27999877929688,0.03389829471847916,3,0.9845430107526882,0.03333333333333333,1.0,1.0,0.284684755341991,-0.41214289503518625,0.0011299431572826387,1.1111947998297333
2026-08-07,2026-08-10,2026-08-11,NE,1,41.4900016784668,43.84000015258789,0.056640115185648154,3,0.9831989247311828,0.030879573286314056,1.0,0.9263871985894216,0.43363151752408735,0.47226130049903264,0.001749022587820492,1.720002277853287
2026-08-07,2026-08-10,2026-08-11,APA,1,38.2400016784668,40.4900016784668,0.05883890955127735,3,0.9758064516129032,0.03080264008443818,1.0,0.9240792025331455,0.43471456303531536,-0.676008600146469,0.0018123937538688083,1.7823219704132038
2026-08-07,2026-08-10,2026-08-11,FTI,1,70.38587811301717,73.95363917157255,0.05068859200458786,2,0.9744279946164198,0.03333333333333333,1.0,1.0,0.3619143199054433,0.3816973574261039,0.001689619733486262,1.661585053583369
2026-08-07,2026-08-10,2026-08-11,DAR,1,61.84000015258789,62.47999954223633,0.01034927859102952,2,0.9899193548387097,0.03333333333333333,1.0,1.0,0.3108912048055822,0.40687099776214747,0.00034497595303431734,0.3392520080389796
2026-08-07,2026-08-10,2026-08-11,FRO,1,39.84999847412109,38.29999923706055,-0.03889584181708616,2,0.9778225806451613,0.02788450041161413,1.0,0.836535012348424,0.4802078583793969,0.4551235934168028,-0.0010845911171586172,-1.0665952544254538
2026-08-07,2026-08-10,2026-08-11,AEE,1,108.31999969482422,107.0,-0.012186112431158858,1,0.9892328398384926,0.03333333333333333,1.0,1.0,0.216280270849937,-0.11318728355552997,-0.00040620374770529525,-0.3994638926855053
2026-08-07,2026-08-10,2026-08-11,ATO,1,171.23752433285324,166.7843591109396,-0.026005779044419808,1,0.9791386271870794,0.03333333333333333,1.0,1.0,0.1733323904054619,-0.1494595199648626,-0.0008668593014806602,-0.8524761106619118
2026-08-07,2026-08-10,2026-08-11,EVRG,1,82.17386063113457,81.61849933725667,-0.006758369262591102,1,0.9819034852546917,0.03333333333333333,1.0,1.0,0.1855942505186789,-0.037031445186310484,-0.0002252789754197034,-0.22154107875598972
2026-08-07,2026-08-10,2026-08-11,KIM,1,24.32999992370605,23.989999771118164,-0.013974523372546566,0,0.9697173620457604,0.03333333333333333,1.0,1.0,0.20741303707258896,0.14054354378074216,-0.0004658174457515522,-0.45808846228502814
2026-08-10,2026-08-11,2026-08-12,AGX,1,588.6300048828125,602.3200073242188,0.023257398243115013,26,0.9820954907161803,0.01728752908396841,1.0,0.5186258725190523,0.7742391870300187,1.9071674237830163,0.0004020629485452866,0.39633959950397923
2026-08-10,2026-08-11,2026-08-12,UTHR,1,528.0599975585938,510.4400024414063,-0.03336741127646636,23,0.9764150943396226,0.03333333333333333,1.0,1.0,0.1910731050265294,0.11375014933651531,-0.0011122470425488787,-1.0964142530125605
2026-08-10,2026-08-11,2026-08-12,ENB,1,50.781422249307056,50.988569955156805,0.004079202524749581,20,0.9979784366576819,0.03333333333333333,1.0,1.0,0.20336194936765353,-0.12579056524896073,0.0001359734174916527,0.13403784165344168
2026-08-10,2026-08-11,2026-08-12,ELV,1,398.2200012207031,386.9400024414063,-0.028326047774393848,17,0.9787798408488064,0.03333333333333333,1.0,1.0,0.371850594482753,0.30443490192174494,-0.0009442015924797949,-0.9307609228068683
2026-08-10,2026-08-11,2026-08-12,SLAB,1,218.6000061035156,218.32000732421875,-0.001280872696610369,15,0.9710632570659489,0.03333333333333333,1.0,1.0,0.04255475560338351,0.7028450176356896,-4.269575655367897e-05,-0.042087984267713485
2026-08-10,2026-08-11,2026-08-12,SO,1,90.44318849049583,91.00852053100007,0.006250686756401169,14,0.9872139973082099,0.03333333333333333,1.0,1.0,0.18718114450744855,-0.26559253702082725,0.0002083562252133723,0.20539028317335103
2026-08-10,2026-08-11,2026-08-12,WMB,1,72.12999725341797,72.31999969482422,0.0026341667633607013,14,0.9811320754716981,0.03333333333333333,1.0,1.0,0.26015762946250875,-0.0015093345822155576,8.780555877869004e-05,0.08655565036888574
2026-08-10,2026-08-11,2026-08-12,NI,1,41.72999954223633,41.81999969482422,0.0021567254630998622,13,0.9818059299191375,0.03333333333333333,1.0,1.0,0.20980776905242268,0.1417307970028814,7.189084876999541e-05,0.07086748558302376
2026-08-10,2026-08-11,2026-08-12,HAL,1,33.689998626708984,33.59000015258789,-0.002968194663024337,13,0.9752010723860589,0.03333333333333333,1.0,1.0,0.33048842757332897,0.29312642221433877,-9.893982210081124e-05,-0.09753141792425972
2026-08-10,2026-08-11,2026-08-12,ACI,1,12.079999923706056,12.0600004196167,-0.0016555880973235793,11,0.9764150943396226,0.02368547090352401,1.0,0.7105641271057203,0.5651009649860113,-0.24364184067344272,-3.9213383707378315e-05,-0.038655182851367924
2026-08-10,2026-08-11,2026-08-12,AES,1,14.720000267028809,14.710000038146973,-0.0006793633628007223,11,0.9723719676549865,0.03333333333333333,1.0,1.0,0.048964389364331395,0.4766253976891313,-2.264544542669074e-05,-0.022323088470294322
2026-08-10,2026-08-11,2026-08-12,AEP,1,122.52999877929688,123.62000274658205,0.008895813091849503,7,0.9871967654986523,0.03333333333333333,1.0,1.0,0.21114884809358464,-0.04433361633352744,0.0002965271030616501,0.2923060523103437
2026-08-10,2026-08-11,2026-08-12,TRP,1,63.43999862670898,63.52999877929688,0.001418665739850944,7,0.9966307277628033,0.03333333333333333,1.0,1.0,0.20383072526429502,-0.01357826504946242,4.7288857995031466e-05,0.04661570310461038
2026-08-10,2026-08-11,2026-08-12,NEE,1,83.85938162678961,84.85191883818928,0.011835732533980403,6,0.9804582210242587,0.03333333333333333,1.0,1.0,0.20923094681937018,0.143568581589011,0.00039452441779934676,0.38890837942387857
2026-08-10,2026-08-11,2026-08-12,YUM,1,145.16000366210938,144.61000061035156,-0.003788943496020214,6,0.9711409395973154,0.03333333333333333,1.0,1.0,0.2553706266500557,0.034056181725770726,-0.00012629811653400714,-0.12450026819508611
2026-08-10,2026-08-11,2026-08-12,ETR,1,105.36103157099409,107.34916769502796,0.01886974808797537,6,0.9818059299191375,0.03333333333333333,1.0,1.0,0.21210671677138992,0.20573772820019867,0.0006289916029325123,0.620037934108615
2026-08-10,2026-08-11,2026-08-12,XEL,1,76.4800033569336,77.66000366210938,0.015428873605937143,5,0.9966307277628033,0.03333333333333333,1.0,1.0,0.20515289715119356,-0.008887031848479193,0.0005142957868645714,0.5069748081239298
2026-08-10,2026-08-11,2026-08-12,OKE,1,90.27999877929688,90.93000030517578,0.007199839772571659,4,0.9845430107526882,0.03333333333333333,1.0,1.0,0.28683379883006044,-0.4154359194277565,0.00023999465908572197,0.23657834527971994
2026-08-10,2026-08-11,2026-08-12,NE,1,43.84000015258789,44.06999969482422,0.005246339905013775,4,0.9831989247311828,0.030891544710397525,1.0,0.9267463413119258,0.4332798048530241,0.4650483454266158,0.00016206754374167574,0.159760519121633
2026-08-10,2026-08-11,2026-08-12,APA,1,40.4900016784668,40.11000061035156,-0.009385059332248091,4,0.9758064516129032,0.03148596326073002,1.0,0.9445788978219005,0.4250999835353037,-0.655140865889167,-0.0002954976333349348,-0.2912912370415803
2026-08-10,2026-08-11,2026-08-12,FTI,1,73.95363917157255,75.42271862855108,0.019864870389545874,3,0.9744279946164198,0.03333333333333333,1.0,1.0,0.3532838954980998,0.3814687991173198,0.0006621623463181958,0.6527364933673034
2026-08-10,2026-08-11,2026-08-12,DAR,1,62.47999954223633,62.369998931884766,-0.0017605731619316778,3,0.9899193548387097,0.03333333333333333,1.0,1.0,0.3118588764762464,0.4259774069732134,-5.868577206438926e-05,-0.05785038258495984
2026-08-10,2026-08-11,2026-08-12,FRO,1,38.29999923706055,38.25,-0.0013054631346354206,3,0.9778225806451613,0.027892156434346897,1.0,0.8367646930304069,0.47987262997160635,0.4720410102564267,-3.641218197052401e-05,-0.0358938561025799
2026-08-10,2026-08-11,2026-08-12,AEE,1,107.0,107.98999786376952,0.009252316483827183,2,0.97911051212938,0.03333333333333333,1.0,1.0,0.2159876461431922,-0.11002866877411013,0.0003084105494609061,0.30402033835348463
2026-08-10,2026-08-11,2026-08-12,ATO,1,166.7843591109396,168.0467555892865,0.0075690339614351565,2,0.9791386271870794,0.03333333333333333,1.0,1.0,0.17183677859813054,-0.15392320361815578,0.00025230113204783856,0.24870963612051836
2026-08-10,2026-08-11,2026-08-12,EVRG,1,81.61849933725667,81.70775141996712,0.0010935276124308668,2,0.9946091644204852,0.03333333333333333,1.0,1.0,0.18080611678103506,-0.03681846711993025,3.6450920414362224e-05,0.03593204310631101
2026-08-10,2026-08-11,2026-08-12,KIM,1,23.989999771118164,24.0,0.0004168498948413646,1,0.9784366576819408,0.03333333333333333,1.0,1.0,0.20601473337057943,0.14038909679031106,1.3894996494712153e-05,0.013697201808196734
2026-08-10,2026-08-11,2026-08-12,FE,1,46.59000015258789,46.7599983215332,0.0036488123715077148,0,0.9865229110512129,0.03333333333333333,1.0,1.0,0.18821526436437672,-0.08672952212034461,0.00012162707905025715,0.11989572273205393
2026-08-10,2026-08-11,2026-08-12,PNW,1,99.2300033569336,100.4000015258789,0.011790770224372471,0,0.9824797843665768,0.03333333333333333,1.0,1.0,0.18965117227982112,-0.14426614725218517,0.000393025674145749,0.38743097032270357
2026-08-10,2026-08-11,2026-08-12,CPT,1,108.66999816894533,107.91000366210938,-0.006993600070319461,0,0.9804582210242587,0.03333333333333333,1.0,1.0,0.205376144595373,0.09750054945272667,-0.00023312000234398204,-0.2298015489854908
2026-08-11,2026-08-12,2026-08-13,AGX,1,602.3200073242188,569.0999755859375,-0.05515345884965672,27,0.9820954907161803,0.01720070199107619,1.0,0.5160210597322856,0.7755325700213807,1.9114043324307293,-0.000948678209450029,-0.9368269173260263
2026-08-11,2026-08-12,2026-08-13,UTHR,1,510.4400024414063,515.6199951171875,0.010148093117713364,24,0.9912868632707774,0.03333333333333333,1.0,1.0,0.19337784250229656,0.11385751410119059,0.00033826977059044544,0.33404396058653396
2026-08-11,2026-08-12,2026-08-13,ENB,1,50.988569955156805,50.732101384783434,-0.005029922796401798,21,0.9953083109919572,0.03333333333333333,1.0,1.0,0.20298822614610154,-0.12581532664187944,-0.00016766409321339326,-0.16556956197236278
2026-08-11,2026-08-12,2026-08-13,ELV,1,386.9400024414063,400.7999877929688,0.035819468817161804,18,0.9787798408488064,0.03333333333333333,1.0,1.0,0.37130224059206324,0.30647634872536544,0.0011939822939053934,1.1790665587119362
2026-08-11,2026-08-12,2026-08-13,SLAB,1,218.32000732421875,219.1499938964844,0.0038016972536698557,16,0.9710632570659489,0.03333333333333333,1.0,1.0,0.04314365337656407,0.7035521242307577,0.00012672324178899518,0.12514016109589834
2026-08-11,2026-08-12,2026-08-13,SO,1,91.00852053100007,92.0598358022426,0.01155183344491828,15,0.9772117962466488,0.03333333333333333,1.0,1.0,0.18897999083834216,-0.2638469337303973,0.00038506111483060934,0.3802507674314662
2026-08-11,2026-08-12,2026-08-13,WMB,1,72.31999969482422,73.5,0.016316375970065522,15,0.9811320754716981,0.03333333333333333,1.0,1.0,0.26204948471265216,-0.004334674741685987,0.000543879199002184,0.5370848284734457
2026-08-11,2026-08-12,2026-08-13,NI,1,41.81999969482422,42.18999862670898,0.008847415939377656,14,0.9839142091152815,0.03333333333333333,1.0,1.0,0.21266837964965138,0.14444043948613589,0.00029491386464592186,0.29122967507929987
2026-08-11,2026-08-12,2026-08-13,HAL,1,33.59000015258789,32.88999938964844,-0.020839558194688523,14,0.9752010723860589,0.03333333333333333,1.0,1.0,0.3477631654089607,0.2875206104582711,-0.0006946519398229508,-0.6859740520193303
2026-08-11,2026-08-12,2026-08-13,ACI,1,12.0600004196167,12.050000190734863,-0.0008292063460934029,12,0.9764150943396226,0.023582457749587397,1.0,0.7074737324876219,0.5656621868237881,-0.24289157486187982,-1.955472362243742e-05,-0.01931043768886676
2026-08-11,2026-08-12,2026-08-13,AES,1,14.710000038146973,14.739999771118164,0.0020394108017263157,12,0.9723719676549865,0.03333333333333333,1.0,1.0,0.04874650590405218,0.4767227857015885,6.798036005754386e-05,0.06713112045478763
2026-08-11,2026-08-12,2026-08-13,AEP,1,123.62000274658205,124.73999786376952,0.009059982950198053,8,0.9785522788203753,0.03333333333333333,1.0,1.0,0.213077074736916,-0.043029531495173724,0.0003019994316732684,0.2982267261864231
2026-08-11,2026-08-12,2026-08-13,TRP,1,63.52999877929688,63.56999969482422,0.0006296382228228037,8,0.9926273458445041,0.03333333333333333,1.0,1.0,0.20359262065616412,-0.013852013289345502,2.0987940760760123e-05,0.020725750468457288
2026-08-11,2026-08-12,2026-08-13,NEE,1,84.85191883818928,85.10998045594168,0.003041317406675459,7,0.9805630026809651,0.03333333333333333,1.0,1.0,0.20926944369213882,0.14651757246442518,0.00010137724688918197,0.10011079915628067
2026-08-11,2026-08-12,2026-08-13,YUM,1,144.61000061035156,152.0,0.051102962163458,7,0.9711409395973154,0.03333333333333333,1.0,1.0,0.25663317950840286,0.03750572707674048,0.0017034320721152666,1.6821520733770887
2026-08-11,2026-08-12,2026-08-13,ETR,1,107.34916769502796,107.3000030517578,-0.0004579881178942147,7,0.9818059299191375,0.03333333333333333,1.0,1.0,0.21375370664684887,0.20703384850610035,-1.5266270596473823e-05,-0.01507555784405615
2026-08-11,2026-08-12,2026-08-13,XEL,1,77.66000366210938,78.95999908447266,0.016739574569419657,6,0.9953083109919572,0.03333333333333333,1.0,1.0,0.20582190375038142,-0.007907125369606732,0.0005579858189806552,0.5510152225487794
2026-08-11,2026-08-12,2026-08-13,OKE,1,90.93000030517578,91.95999908447266,0.011327381236555967,5,0.9845430107526882,0.03333333333333333,1.0,1.0,0.3000977013109254,-0.4183833106581668,0.00037757937455186555,0.3728624922378862
2026-08-11,2026-08-12,2026-08-13,NE,1,44.06999969482422,44.16999816894531,0.0022690827050955154,5,0.9831989247311828,0.029647835767476198,1.0,0.8894350730242859,0.44993856300111146,0.45684227786765885,6.727339138349246e-05,0.06643298353442809
2026-08-11,2026-08-12,2026-08-13,APA,1,40.11000061035156,39.400001525878906,-0.01770129827146949,5,0.9758064516129032,0.029063954075968276,1.0,0.8719186222790483,0.45897762522069285,-0.6536668538870191,-0.0005144697200470059,-0.5080427452514473
2026-08-11,2026-08-12,2026-08-13,FTI,1,75.42271862855108,74.60323240989092,-0.010865243703240712,4,0.9744279946164198,0.03333333333333333,1.0,1.0,0.3753713159759335,0.3754866345197053,-0.00036217479010802376,-0.35765034842193516
2026-08-11,2026-08-12,2026-08-13,DAR,1,62.369998931884766,63.13999938964844,0.012345686563256075,4,0.9899193548387097,0.03333333333333333,1.0,1.0,0.331726144140713,0.42474883935003865,0.0004115228854418692,0.4063819663372642
2026-08-11,2026-08-12,2026-08-13,FRO,1,38.25,39.79999923706055,0.040522855870863905,4,0.9778225806451613,0.027824263205968255,1.0,0.8347278961790476,0.4794270569741395,0.475076370087436,0.0011275186076084333,1.1134331650833404
2026-08-11,2026-08-12,2026-08-13,AEE,1,107.98999786376952,109.41999816894533,0.013241969936695241,3,0.9752010723860589,0.03333333333333333,1.0,1.0,0.218610299178239,-0.10813380207573484,0.00044139899788984136,0.4358848536677798
2026-08-11,2026-08-12,2026-08-13,ATO,1,168.0467555892865,169.27931906159637,0.007334646051259108,3,0.9791386271870794,0.03333333333333333,1.0,1.0,0.1733848344276423,-0.14922886288843612,0.00024448820170863694,0.24143395099384407
2026-08-11,2026-08-12,2026-08-13,EVRG,1,81.70775141996712,82.86806507021424,0.014200778140170067,3,0.9953083109919572,0.03333333333333333,1.0,1.0,0.18202438317319428,-0.03628134694487846,0.00047335927133900223,0.4674458657728558
2026-08-11,2026-08-12,2026-08-13,KIM,1,24.0,24.309999465942383,0.012916644414265877,2,0.9711796246648794,0.03333333333333333,1.0,1.0,0.20812368664608205,0.14071363298367398,0.00043055481380886257,0.4251761397516155
2026-08-11,2026-08-12,2026-08-13,FE,1,46.7599983215332,47.13999938964844,0.008126627069193981,1,0.9812332439678284,0.03333333333333333,1.0,1.0,0.186821865238895,-0.08461472887015861,0.0002708875689731327,0.2675035261220561
2026-08-11,2026-08-12,2026-08-13,PNW,1,100.4000015258789,100.91000366210938,0.005079702474894976,1,0.9824797843665768,0.03333333333333333,1.0,1.0,0.19299893889522826,-0.14165788081577027,0.00016932341582983254,0.16720815562416524
2026-08-11,2026-08-12,2026-08-13,CPT,1,107.91000366210938,109.0500030517578,0.01056435317357618,1,0.9906166219839142,0.03333333333333333,1.0,1.0,0.2121363227304574,0.09979646860415,0.0003521451057858727,0.3477459591868108
2026-08-12,2026-08-13,2026-08-14,AGX,1,569.0999755859375,557.1199951171875,-0.021050748519916174,28,0.9820954907161803,0.01705355405066516,1.0,0.5116066215199548,0.7754610035825144,1.912217328384496,-0.0003589900776913501,-0.3570862855671471
2026-08-12,2026-08-13,2026-08-14,UTHR,1,515.6199951171875,498.9100036621094,-0.03240757071742406,25,0.982573726541555,0.03333333333333333,1.0,1.0,0.19908276503122324,0.11945257210568412,-0.0010802523572474687,-1.074523575151024
2026-08-12,2026-08-13,2026-08-14,ENB,1,50.732101384783434,51.150001525878906,0.008237390718863757,22,0.9959785522788204,0.03333333333333333,1.0,1.0,0.20027542191642272,-0.125798595940182,0.0002745796906287919,0.27312354271560463
2026-08-12,2026-08-13,2026-08-14,ELV,1,400.7999877929688,398.3900146484375,-0.0060129072303668485,19,0.9787798408488064,0.03333333333333333,1.0,1.0,0.37292175240254144,0.29698500739226685,-0.00020043024101222827,-0.19936732162251952
2026-08-12,2026-08-13,2026-08-14,SO,1,92.0598358022426,91.83171408900837,-0.002477972193262068,16,0.9919571045576407,0.03333333333333333,1.0,1.0,0.18723697301365455,-0.26301398420117794,-8.25990731087356e-05,-0.08216103463741585
2026-08-12,2026-08-13,2026-08-14,WMB,1,73.5,73.43000030517578,-0.0009523768003295574,16,0.9811320754716981,0.03333333333333333,1.0,1.0,0.2549012444295057,-0.005204410448229944,-3.174589334431858e-05,-0.03157753888139477
2026-08-12,2026-08-13,2026-08-14,NI,1,42.18999862670898,41.97999954223633,-0.0049774612777471194,15,0.977882037533512,0.03333333333333333,1.0,1.0,0.2125006328013832,0.14431682468297302,-0.00016591537592490398,-0.16503549537778317
2026-08-12,2026-08-13,2026-08-14,HAL,1,32.88999938964844,33.04999923706055,0.004864695967810473,15,0.9752010723860589,0.03333333333333333,1.0,1.0,0.34703786796187314,0.28799240976518364,0.0001621565322603491,0.16129658557048335
2026-08-12,2026-08-13,2026-08-14,ACI,1,12.050000190734863,12.420000076293944,0.030705384207675657,13,0.9764150943396226,0.02335265512062473,1.0,0.7005796536187419,0.5662896176245882,-0.24364504338203227,0.0007170522477481266,0.713249584369005
2026-08-12,2026-08-13,2026-08-14,AES,1,14.739999771118164,14.739999771118164,0.0,13,0.9723719676549865,0.03333333333333333,1.0,1.0,0.048956395345937494,0.4698222846234051,0.0,0.0
2026-08-12,2026-08-13,2026-08-14,AEP,1,124.73999786376952,124.87000274658205,0.0010422068706021914,9,0.9785522788203753,0.03333333333333333,1.0,1.0,0.21328808239088637,-0.04314646908465823,3.4740229020073044e-05,0.03455599503002308
2026-08-12,2026-08-13,2026-08-14,TRP,1,63.56999969482422,63.27000045776367,-0.0047191951942855415,9,0.9939678284182305,0.03333333333333333,1.0,1.0,0.2024285024722505,-0.011380581525378538,-0.0001573065064761847,-0.15647228038826277
2026-08-12,2026-08-13,2026-08-14,NEE,1,85.10998045594168,85.37796261087382,0.0031486572255867706,8,0.9865951742627346,0.03333333333333333,1.0,1.0,0.20713338675408965,0.14529604821133768,0.00010495524085289236,0.10439864340536803
2026-08-12,2026-08-13,2026-08-14,ETR,1,107.3000030517578,106.58999633789062,-0.006617024172167918,8,0.9765415549597856,0.03333333333333333,1.0,1.0,0.2129564108040332,0.2060849265986265,-0.00022056747240559727,-0.21939776147787027
2026-08-12,2026-08-13,2026-08-14,XEL,1,78.95999908447266,78.94999694824219,-0.00012667345930139629,7,0.9966487935656836,0.03333333333333333,1.0,1.0,0.20453286802500703,-0.010778674578967584,-4.2224486433798765e-06,-0.004200056201438822
2026-08-12,2026-08-13,2026-08-14,OKE,1,91.95999908447266,93.5,0.016746421605688955,6,0.9845430107526882,0.03333333333333333,1.0,1.0,0.2949853278874579,-0.4160196130274082,0.0005582140535229652,0.555253739060931
2026-08-12,2026-08-13,2026-08-14,NE,1,44.16999816894531,44.540000915527344,0.00837678881413595,6,0.9831989247311828,0.029341641037646582,1.0,0.8802492311293975,0.4507030169788401,0.45113462130780196,0.0002457887304325502,0.2444852664142002
2026-08-12,2026-08-13,2026-08-14,APA,1,39.400001525878906,40.5,0.027918741916763246,6,0.9758064516129032,0.029019574165962733,1.0,0.870587224978882,0.45570503768068427,-0.6622003491114951,0.0008101900016738835,0.8058934112103975
2026-08-12,2026-08-13,2026-08-14,FTI,1,74.60323240989092,76.90178916877343,0.030810417787979993,5,0.9744279946164198,0.03333333333333333,1.0,1.0,0.3756434887748012,0.37645828629900296,0.0010270139262659997,1.0215674776152572
2026-08-12,2026-08-13,2026-08-14,DAR,1,63.13999938964844,66.3499984741211,0.05083939048942909,5,0.9899193548387097,0.03333333333333333,1.0,1.0,0.3313135980844782,0.43031171994789735,0.0016946463496476363,1.6856593202720156
2026-08-12,2026-08-13,2026-08-14,FRO,1,39.79999923706055,40.7400016784668,0.023618152246871027,5,0.9778225806451613,0.02787286556872539,1.0,0.8361859670617617,0.4744530520613493,0.49684630723275663,0.0006583055825587256,0.6548144638307264
2026-08-12,2026-08-13,2026-08-14,AEE,1,109.41999816894533,108.93000030517578,-0.0044781381097538375,4,0.9738605898123325,0.03333333333333333,1.0,1.0,0.21849331530150742,-0.10615487814344507,-0.00014927127032512792,-0.14847965661078152
2026-08-12,2026-08-13,2026-08-14,ATO,1,169.27931906159637,168.4841151262716,-0.0046975846768110285,4,0.9791386271870794,0.03333333333333333,1.0,1.0,0.17352647827748965,-0.15534507189571398,-0.00015658615589370095,-0.15575574996084962
2026-08-12,2026-08-13,2026-08-14,EVRG,1,82.86806507021424,82.69947533618782,-0.0020344355076178378,4,0.9932975871313673,0.03333333333333333,1.0,1.0,0.17740794552715614,-0.03315642199338654,-6.78145169205946e-05,-0.06745488374061835
2026-08-12,2026-08-13,2026-08-14,KIM,1,24.309999465942383,24.36000061035156,0.00205681388348955,3,0.9711796246648794,0.03333333333333333,1.0,1.0,0.20849936118051948,0.15048804149930586,6.8560462782985e-05,0.0681968737113389
2026-08-12,2026-08-13,2026-08-14,FE,1,47.13999938964844,46.65999984741211,-0.010182425720220323,2,0.9812332439678284,0.03333333333333333,1.0,1.0,0.18653389731192152,-0.08316180665200402,-0.0003394141906740108,-0.33761421317267304
2026-08-12,2026-08-13,2026-08-14,PNW,1,100.91000366210938,100.38999938964844,-0.005153148881077652,2,0.9824797843665768,0.03333333333333333,1.0,1.0,0.1934665557620247,-0.13844945237793724,-0.00017177162936925504,-0.1708606920050311
2026-08-12,2026-08-13,2026-08-14,CPT,1,109.0500030517578,109.66000366210938,0.005593769768736712,2,0.9865951742627346,0.03333333333333333,1.0,1.0,0.2117708544383861,0.10769427077868415,0.0001864589922912237,0.18547016506988737
2026-08-12,2026-08-13,2026-08-14,SRE,1,86.19000244140625,86.38999938964844,0.0023204193360841785,0,0.9832439678284182,0.03333333333333333,1.0,1.0,0.20192790024235005,0.16203235941679447,7.734731120280595e-05,0.0769371238158922
2026-08-12,2026-08-13,2026-08-14,LIN,1,479.8599853515625,479.0899963378906,-0.0016046118392384345,0,0.9738605898123325,0.03333333333333333,1.0,1.0,0.21698916251777164,0.10409176450239606,-5.348706130794782e-05,-0.05320340932870737
2026-08-13,2026-08-14,2026-08-17,AGX,1,557.1199951171875,587.3699951171875,0.054297099844059726,29,0.9820954907161803,0.017006020010502207,1.0,0.5101806003150662,0.7756876776095475,1.9025488371263577,0.000923377566460316,0.9214623865513322
2026-08-13,2026-08-14,2026-08-17,UTHR,1,498.9100036621094,502.2900085449219,0.006774778733644293,26,0.982573726541555,0.03333333333333333,1.0,1.0,0.19415146084664495,0.11745504197810033,0.0002258259577881431,0.22535757155807598
2026-08-13,2026-08-14,2026-08-17,ENB,1,51.150001525878906,50.79999923706055,-0.0068426642889009015,23,0.9953083109919572,0.03333333333333333,1.0,1.0,0.19967569786175896,-0.12439381659900225,-0.00022808880963003005,-0.22761573001283508
2026-08-13,2026-08-14,2026-08-17,ELV,1,398.3900146484375,396.8200073242188,-0.003940880209068909,20,0.9787798408488064,0.03333333333333333,1.0,1.0,0.37073083778994903,0.29707652825739383,-0.0001313626736356303,-0.13109021395881382
2026-08-13,2026-08-14,2026-08-17,SO,1,91.83171408900837,91.5999984741211,-0.0025232635281389193,17,0.9939678284182305,0.03333333333333333,1.0,1.0,0.1875340371261168,-0.2626573406885289,-8.410878427129731e-05,-0.08393433401426655
2026-08-13,2026-08-14,2026-08-17,WMB,1,73.43000030517578,75.20999908447266,0.02424075680102389,17,0.9811320754716981,0.03333333333333333,1.0,1.0,0.25740934366975277,-0.0030592515412674877,0.0008080252267007962,0.8063492993918172
2026-08-13,2026-08-14,2026-08-17,NI,1,41.97999954223633,42.2599983215332,0.006669813776800204,16,0.977882037533512,0.03333333333333333,1.0,1.0,0.21226347074020965,0.14375900114377613,0.00022232712589334013,0.22186599659997286
2026-08-13,2026-08-14,2026-08-17,HAL,1,33.04999923706055,34.5,0.04387294391563845,16,0.9752010723860589,0.03333333333333333,1.0,1.0,0.3390360360428497,0.28266120504311537,0.001462431463854615,1.459398230798524
2026-08-13,2026-08-14,2026-08-17,ACI,1,12.420000076293944,12.300000190734863,-0.009661826475196533,14,0.9764150943396226,0.023258711162434494,1.0,0.6977613348730348,0.5671578306812426,-0.24833564691045934,-0.00022472163128815873,-0.22425553554467323
2026-08-13,2026-08-14,2026-08-17,AES,1,14.739999771118164,14.739999771118164,0.0,14,0.9723719676549865,0.03333333333333333,1.0,1.0,0.048103759532448644,0.4656319011020258,0.0,0.0
2026-08-13,2026-08-14,2026-08-17,AEP,1,124.87000274658205,124.87999725341795,8.003929379407637e-05,10,0.9785522788203753,0.03333333333333333,1.0,1.0,0.21313194247856865,-0.043189648662786045,2.667976459802546e-06,0.002662442802608509
2026-08-13,2026-08-14,2026-08-17,TRP,1,63.27000045776367,64.81999969482422,0.024498170157202015,10,0.9966487935656836,0.03333333333333333,1.0,1.0,0.20088052332744125,-0.009645775053954767,0.0008166056719067338,0.8149119478731369
2026-08-13,2026-08-14,2026-08-17,NEE,1,85.37796261087382,85.20923591063614,-0.0019762324501310102,9,0.9865951742627346,0.03333333333333333,1.0,1.0,0.2071653293046853,0.1452602145921837,-6.587441500436701e-05,-0.06573778470196963
2026-08-13,2026-08-14,2026-08-17,ETR,1,106.58999633789062,107.5999984741211,0.009475580926269656,9,0.9772117962466488,0.03333333333333333,1.0,1.0,0.2145225652013176,0.20642278825588303,0.00031585269754232185,0.31519758660774466
2026-08-13,2026-08-14,2026-08-17,XEL,1,78.94999694824219,78.77999877929688,-0.0021532384485937195,8,0.9966487935656836,0.03333333333333333,1.0,1.0,0.2053298917215593,-0.011194071013859516,-7.177461495312398e-05,-0.07162574703004868
2026-08-13,2026-08-14,2026-08-17,OKE,1,93.5,95.16999816894533,0.017860942983372485,7,0.9845430107526882,0.03333333333333333,1.0,1.0,0.2953249069647618,-0.41726762271004153,0.0005953647661124162,0.5941299184401402
2026-08-13,2026-08-14,2026-08-17,NE,1,44.540000915527344,45.20000076293945,0.014818137266405573,7,0.9831989247311828,0.029266292829269673,1.0,0.8779887848780902,0.45073560372959387,0.44620799453656323,0.00043367194442293916,0.4327724642696226
2026-08-13,2026-08-14,2026-08-17,APA,1,40.5,40.540000915527344,0.0009876769266010665,7,0.9758064516129032,0.02887963317118607,1.0,0.8663889951355821,0.4567703505489571,-0.6657001931660443,2.852374733188327e-05,0.028464586150365328
2026-08-13,2026-08-14,2026-08-17,FTI,1,76.90178916877343,78.67068108017156,0.023001960429243073,6,0.9744279946164198,0.03333333333333333,1.0,1.0,0.37147620064174475,0.3757190266565259,0.0007667320143081024,0.7651417333626743
2026-08-13,2026-08-14,2026-08-17,DAR,1,66.3499984741211,66.66000366210938,0.0046722712150353285,6,0.9899193548387097,0.03333333333333333,1.0,1.0,0.3329130955667334,0.4263367859566654,0.00015574237383451096,0.15541934815554767
2026-08-13,2026-08-14,2026-08-17,FRO,1,40.7400016784668,41.959999084472656,0.02994593411248414,6,0.9778225806451613,0.027498783130923462,1.0,0.8249634939277039,0.4797070512001583,0.4939688787015947,0.0008234767478121244,0.821768772461401
2026-08-13,2026-08-14,2026-08-17,AEE,1,108.93000030517578,109.23999786376952,0.002845841895944723,5,0.9738605898123325,0.03333333333333333,1.0,1.0,0.21910080001829293,-0.10540979689226469,9.486139653149076e-05,0.09466464425227772
2026-08-13,2026-08-14,2026-08-17,ATO,1,168.4841151262716,169.44830490479262,0.0057227340262813176,5,0.9791386271870794,0.03333333333333333,1.0,1.0,0.1736565776069772,-0.15443872937360048,0.00019075780087604393,0.19036214960511233
2026-08-13,2026-08-14,2026-08-17,EVRG,1,82.69947533618782,83.05649083486374,0.004317022535204718,5,0.982573726541555,0.03333333333333333,1.0,1.0,0.1802183160620059,-0.031751005732858634,0.00014390075117349057,0.14360228623612847
2026-08-13,2026-08-14,2026-08-17,KIM,1,24.36000061035156,24.34000015258789,-0.000821036833437927,4,0.9758713136729222,0.03333333333333333,1.0,1.0,0.20908526078208467,0.15112649136839815,-2.73678944479309e-05,-0.027311130624006964
2026-08-13,2026-08-14,2026-08-17,FE,1,46.65999984741211,47.29999923706055,0.013716232141906648,3,0.9758713136729222,0.03333333333333333,1.0,1.0,0.18658944721721535,-0.08266447601888405,0.00045720773806355494,0.45625944225696746
2026-08-13,2026-08-14,2026-08-17,PNW,1,100.38999938964844,100.91999816894533,0.005279398172319816,3,0.9824797843665768,0.03333333333333333,1.0,1.0,0.19358006106102765,-0.13851048457031195,0.0001759799390773272,0.1756149386095369
2026-08-13,2026-08-14,2026-08-17,CPT,1,109.66000366210938,110.0199966430664,0.003282810221913346,3,0.9798927613941019,0.03333333333333333,1.0,1.0,0.21172294571708128,0.10533326575103182,0.00010942700739711152,0.10920004454499183
2026-08-13,2026-08-14,2026-08-17,SRE,1,86.38999938964844,86.16000366210938,-0.002662295742146048,1,0.9845844504021448,0.03333333333333333,1.0,1.0,0.2017767048665112,0.16080393888113134,-8.874319140486826e-05,-0.0885591289114624
2026-08-13,2026-08-14,2026-08-17,LIN,1,479.0899963378906,482.0,0.006074023011027441,1,0.9725201072386058,0.03333333333333333,1.0,1.0,0.2215167500025077,0.10103088956104962,0.00020246743370091468,0.2020474954488582
2026-08-14,2026-08-17,2026-08-18,AGX,1,587.3699951171875,568.5599975585938,-0.03202410357178853,30,0.9820954907161803,0.017230976654934362,1.0,0.5169292996480309,0.767550345364693,1.87294679727721,-0.0005518065810406883,-0.5550856480422681
2026-08-14,2026-08-17,2026-08-18,UTHR,1,502.2900085449219,510.4200134277344,0.016185878167005896,27,0.9819034852546917,0.03333333333333333,1.0,1.0,0.19760748276879414,0.10885907759616013,0.0005395292722335298,0.5427353822977318
2026-08-14,2026-08-17,2026-08-18,ENB,1,50.79999923706055,51.11000061035156,0.0061023893296607845,24,0.9979892761394102,0.03333333333333333,1.0,1.0,0.19915255772526125,-0.12369065604668172,0.00020341297765535948,0.20462174320046198
2026-08-14,2026-08-17,2026-08-18,ELV,1,396.8200073242188,394.4599914550781,-0.005947320764027042,21,0.9787798408488064,0.03333333333333333,1.0,1.0,0.3694184610846651,0.29414364173728696,-0.00019824402546756806,-0.19942207492276862
2026-08-14,2026-08-17,2026-08-18,SO,1,91.5999984741211,93.16000366210938,0.01703062460671334,18,0.9959785522788204,0.03333333333333333,1.0,1.0,0.1874971029122725,-0.2586284750071477,0.0005676874868904447,0.5710609249200557
2026-08-14,2026-08-17,2026-08-18,WMB,1,75.20999908447266,74.66000366210938,-0.007312796557084833,18,0.9811320754716981,0.03333333333333333,1.0,1.0,0.2566317526629153,-0.00307677284353917,-0.0002437598852361611,-0.2452084090911672
2026-08-14,2026-08-17,2026-08-18,NI,1,42.2599983215332,43.220001220703125,0.022716586306175124,17,0.985254691689008,0.03333333333333333,1.0,1.0,0.21239171356576658,0.1421153307136787,0.0007572195435391708,0.7617192608377356
2026-08-14,2026-08-17,2026-08-18,HAL,1,34.5,35.0,0.01449275362318847,17,0.9752010723860589,0.03333333333333333,1.0,1.0,0.3386482133483692,0.26536742854741036,0.0004830917874396157,0.4859625222103753
2026-08-14,2026-08-17,2026-08-18,ACI,1,12.300000190734863,12.43000030517578,0.010569114831302295,15,0.9764150943396226,0.023394911581519958,1.0,0.7018473474455987,0.5653213108491932,-0.24171489348047046,0.00024726350697324844,0.24873285082355512
2026-08-14,2026-08-17,2026-08-18,AEP,1,124.87999725341795,128.17999267578125,0.02642533227852839,11,0.9785522788203753,0.03333333333333333,1.0,1.0,0.20494397220808502,-0.04096862126194613,0.0008808444092842796,0.8860787575781381
2026-08-14,2026-08-17,2026-08-18,TRP,1,64.81999969482422,64.31999969482422,-0.007713668657112427,11,0.9939678284182305,0.03333333333333333,1.0,1.0,0.1998781695502737,-0.013652326094792673,-0.00025712228857041424,-0.25865021745127653
2026-08-14,2026-08-17,2026-08-18,NEE,1,85.20923591063614,86.40028395917528,0.01397792194484948,10,0.9886058981233243,0.03333333333333333,1.0,1.0,0.20715964171868678,0.15184770105752302,0.0004659307314949827,0.4686994880469356
2026-08-14,2026-08-17,2026-08-18,ETR,1,107.5999984741211,109.5199966430664,0.01784384940681094,10,0.9772117962466488,0.03333333333333333,1.0,1.0,0.21437849793597252,0.20098052107359063,0.0005947949802270313,0.5983295023936381
2026-08-14,2026-08-17,2026-08-18,XEL,1,78.77999877929688,80.0999984741211,0.016755518091872812,9,1.0,0.03333333333333333,1.0,1.0,0.20556291566388823,-0.006922932937437076,0.0005585172697290937,0.5618362144678954
2026-08-14,2026-08-17,2026-08-18,OKE,1,95.16999816894533,96.54000091552734,0.014395321770942937,8,0.9845430107526882,0.03333333333333333,1.0,1.0,0.2952605994273594,-0.42106305850119335,0.0004798440590314312,0.4826954944327754
2026-08-14,2026-08-17,2026-08-18,NE,1,45.20000076293945,45.52999877929688,0.007300840946622422,8,0.9831989247311828,0.029330032730106235,1.0,0.879900981903187,0.4509249002265921,0.4332721038914808,0.00021413390392173543,0.21540637772395974
2026-08-14,2026-08-17,2026-08-18,APA,1,40.540000915527344,42.02000045776367,0.036507141312605906,8,0.9758064516129032,0.02896113127672763,1.0,0.868833938301829,0.45666869695430706,-0.682702848098915,0.0010572881120924262,1.063570963146842
2026-08-14,2026-08-17,2026-08-18,FTI,1,78.67068108017156,79.62000274658203,0.012067032512951492,7,0.9744279946164198,0.03333333333333333,1.0,1.0,0.3728438026053861,0.382197446607541,0.0004022344170983831,0.40462466333560543
2026-08-14,2026-08-17,2026-08-18,DAR,1,66.66000366210938,67.51000213623047,0.0127512515365229,7,0.9899193548387097,0.03333333333333333,1.0,1.0,0.33834556078138833,0.41505599687455885,0.0004250417178840967,0.427567494703902
2026-08-14,2026-08-17,2026-08-18,FRO,1,41.959999084472656,42.459999084472656,0.011916110841504457,7,0.9778225806451613,0.027784513776493446,1.0,0.8335354132948034,0.47600768503118934,0.5022850099454356,0.0003310833458380035,0.3330507824569408
2026-08-14,2026-08-17,2026-08-18,AEE,1,109.23999786376952,110.5199966430664,0.011717308717756891,6,0.9738605898123325,0.03333333333333333,1.0,1.0,0.21902859897631985,-0.10371126632800892,0.00039057695725856306,0.39289792996191253
2026-08-14,2026-08-17,2026-08-18,ATO,1,169.44830490479262,171.03871533576498,0.009385814935510606,6,0.9791386271870794,0.03333333333333333,1.0,1.0,0.17260320352887248,-0.15659635078772813,0.00031286049785035354,0.3147196466351762
2026-08-14,2026-08-17,2026-08-18,EVRG,1,83.05649083486374,84.18000030517578,0.013527051998209805,6,0.9805630026809651,0.03333333333333333,1.0,1.0,0.17907005396094725,-0.03268385785374271,0.00045090173327366013,0.4535811811913424
2026-08-14,2026-08-17,2026-08-18,KIM,1,24.34000015258789,24.530000686645508,0.007806102418508543,5,0.9758713136729222,0.03333333333333333,1.0,1.0,0.20550914833029046,0.14559817665960362,0.0002602034139502847,0.26174965217523244
2026-08-14,2026-08-17,2026-08-18,FE,1,47.29999923706055,48.0,0.014799170702543885,4,0.9758713136729222,0.03333333333333333,1.0,1.0,0.18462862917750347,-0.08808729933987378,0.0004933056900847961,0.4962371201648759
2026-08-14,2026-08-17,2026-08-18,PNW,1,100.91999816894533,101.4000015258789,0.004756275917980446,4,0.9824797843665768,0.03333333333333333,1.0,1.0,0.19303757381245024,-0.13751184302810646,0.0001585425305993482,0.15948465705868622
2026-08-14,2026-08-17,2026-08-18,CPT,1,110.0199966430664,109.30999755859376,-0.006453363989603278,4,0.9839142091152815,0.03333333333333333,1.0,1.0,0.21496097449056772,0.10841810670167594,-0.00021511213298677594,-0.21639041983791515
2026-08-14,2026-08-17,2026-08-18,SRE,1,86.16000366210938,86.98999786376953,0.009633172776026377,2,0.9919571045576407,0.03333333333333333,1.0,1.0,0.19920483948839343,0.1550998399363759,0.00032110575920087927,0.32301390479969955
2026-08-14,2026-08-17,2026-08-18,LIN,1,482.0,481.6700134277344,-0.0006846194445344622,2,0.9845844504021448,0.03333333333333333,1.0,1.0,0.21802875583778358,0.09684097401015836,-2.282064815114874e-05,-0.022956258049396
2026-08-14,2026-08-17,2026-08-18,PEG,1,75.76000213623047,76.1500015258789,0.005147827067733424,0,0.977882037533512,0.03333333333333333,1.0,1.0,0.17777624275082007,0.12702287303306317,0.00017159423559111412,0.1726139207759609
2026-08-17,2026-08-18,2026-08-19,AGX,1,568.5599975585938,554.0,-0.025608550761774707,31,0.9820954907161803,0.017228008054803887,1.0,0.5168402416441166,0.768547468722886,1.8747815716007015,-0.00044118431879570886,-0.44789413031300906
2026-08-17,2026-08-18,2026-08-19,UTHR,1,510.4200134277344,525.469970703125,0.029485437246714374,28,0.9819034852546917,0.03333333333333333,1.0,1.0,0.19742745104243734,0.1057638279335333,0.0009828479082238124,0.9977956838663284
2026-08-17,2026-08-18,2026-08-19,ENB,1,51.11000061035156,51.45000076293945,0.006652321434702291,25,0.9986595174262735,0.03333333333333333,1.0,1.0,0.19566175567870203,-0.12581722566340733,0.00022174404782340968,0.22511647223332448
2026-08-17,2026-08-18,2026-08-19,ELV,1,394.4599914550781,398.4400024414063,0.010089771009847537,22,0.9787798408488064,0.03333333333333333,1.0,1.0,0.36922353375122097,0.2926712504475657,0.00033632570032825123,0.34144075533244217
2026-08-17,2026-08-18,2026-08-19,SO,1,93.16000366210938,92.55999755859376,-0.006440597680650861,19,0.9758713136729222,0.03333333333333333,1.0,1.0,0.1871281024150693,-0.26001455734781803,-0.0002146865893550287,-0.21795167945115088
2026-08-17,2026-08-18,2026-08-19,WMB,1,74.66000366210938,75.80999755859375,0.01540307849017708,19,0.9811320754716981,0.03333333333333333,1.0,1.0,0.2581526426850692,-0.008021505575189844,0.0005134359496725693,0.5212446099121555
2026-08-17,2026-08-18,2026-08-19,NI,1,43.220001220703125,42.2400016784668,-0.022674676412708927,18,0.9906166219839142,0.03333333333333333,1.0,1.0,0.21282021961051528,0.13923155189849812,-0.0007558225470902976,-0.7673175767535119
2026-08-17,2026-08-18,2026-08-19,HAL,1,35.0,35.11000061035156,0.0031428745814732206,18,0.9752010723860589,0.03333333333333333,1.0,1.0,0.35343664907902766,0.25609347420107315,0.00010476248604910736,0.10635578051930089
2026-08-17,2026-08-18,2026-08-19,ACI,1,12.43000030517578,12.140000343322754,-0.023330648007488075,16,0.9764150943396226,0.02341744378048597,1.0,0.7025233134145791,0.5654136337754557,-0.2391739078089132,-0.000546344138077659,-0.5546532869614851
2026-08-17,2026-08-18,2026-08-19,AEP,1,128.17999267578125,127.36000061035156,-0.006397192325511947,12,0.9785522788203753,0.03333333333333333,1.0,1.0,0.20470086998969608,-0.04266765366469285,-0.00021323974418373156,-0.21648282973893845
2026-08-17,2026-08-18,2026-08-19,TRP,1,64.31999969482422,64.18000030517578,-0.002176607436453426,12,0.9986595174262735,0.03333333333333333,1.0,1.0,0.19918173355750005,-0.018680589761016678,-7.25535812151142e-05,-0.0736570221900505
2026-08-17,2026-08-18,2026-08-19,NEE,1,86.40028395917528,85.89408629787576,-0.0058587499728438575,11,0.9886058981233243,0.03333333333333333,1.0,1.0,0.20623527609733244,0.15078905710620033,-0.0001952916657614619,-0.19826178553302562
2026-08-17,2026-08-18,2026-08-19,ETR,1,109.5199966430664,108.87999725341795,-0.005843676125504738,11,0.9772117962466488,0.03333333333333333,1.0,1.0,0.21491605307428918,0.19853148200837953,-0.00019478920418349125,-0.19775168220003503
2026-08-17,2026-08-18,2026-08-19,XEL,1,80.0999984741211,79.5999984741211,-0.006242197372344993,10,0.9792225201072386,0.03333333333333333,1.0,1.0,0.20559741319112465,-0.008330948697636679,-0.0002080732457448331,-0.21123775590818547
2026-08-17,2026-08-18,2026-08-19,OKE,1,96.54000091552734,97.68000030517578,0.011808570321497402,9,0.9845430107526882,0.03333333333333333,1.0,1.0,0.295307368085309,-0.4277385242768941,0.0003936190107165801,0.39960541879822675
2026-08-17,2026-08-18,2026-08-19,NE,1,45.52999877929688,45.720001220703125,0.004173126433129504,9,0.9831989247311828,0.029453094384370448,1.0,0.8835928315311135,0.4495467202482884,0.42758132173119234,0.00012291148671287447,0.12478080271985709
2026-08-17,2026-08-18,2026-08-19,APA,1,42.02000045776367,42.86000061035156,0.01999048413700555,9,0.9758064516129032,0.028966571721860287,1.0,0.8689971516558086,0.45709730888397604,-0.6845488253734734,0.0005790557925092816,0.5878624410237708
2026-08-17,2026-08-18,2026-08-19,FTI,1,79.62000274658203,79.37999725341797,-0.003014386898829491,8,0.9744279946164198,0.03333333333333333,1.0,1.0,0.37591756822291356,0.37940393004607015,-0.00010047956329431635,-0.10200772035322055
2026-08-17,2026-08-18,2026-08-19,DAR,1,67.51000213623047,68.3499984741211,0.0124425464569764,8,0.9899193548387097,0.03333333333333333,1.0,1.0,0.3401093843037873,0.40780197972352245,0.00041475154856588,0.42105935371403636
2026-08-17,2026-08-18,2026-08-19,FRO,1,42.459999084472656,44.900001525878906,0.05746590895002024,8,0.9778225806451613,0.027772858772756776,1.0,0.8331857631827033,0.47674393514883884,0.49838785326286505,0.0015959925735170117,1.6202654429166805
2026-08-17,2026-08-18,2026-08-19,ATO,1,171.03871533576498,170.37272111186294,-0.003893821481263049,7,0.9765415549597856,0.03333333333333333,1.0,1.0,0.1721827166095664,-0.15769527042818465,-0.00012979404937543497,-0.13176803976963933
2026-08-17,2026-08-18,2026-08-19,EVRG,1,84.18000030517578,83.91999816894531,-0.0030886449903526625,7,0.9845844504021448,0.03333333333333333,1.0,1.0,0.17940213140399397,-0.034965503380433874,-0.00010295483301175542,-0.10452063554569334
2026-08-17,2026-08-18,2026-08-19,KIM,1,24.530000686645508,24.34000015258789,-0.007745639165883,6,0.9758713136729222,0.03333333333333333,1.0,1.0,0.2053947944160847,0.14268653457978928,-0.0002581879721961,-0.26211465897000585
2026-08-17,2026-08-18,2026-08-19,FE,1,48.0,47.59999847412109,-0.008333365122477399,5,0.9758713136729222,0.03333333333333333,1.0,1.0,0.18535886870206275,-0.09126382412337962,-0.00027777883741591326,-0.2820034745191613
2026-08-17,2026-08-18,2026-08-19,PNW,1,101.4000015258789,100.6500015258789,-0.00739644959283936,5,0.9824797843665768,0.03333333333333333,1.0,1.0,0.193122268761057,-0.13968430484623673,-0.000246548319761312,-0.25029798330334624
2026-08-17,2026-08-18,2026-08-19,CPT,1,109.30999755859376,108.62999725341795,-0.006220842744153465,5,0.9765415549597856,0.03333333333333333,1.0,1.0,0.2131430927395198,0.1054467989611978,-0.00020736142480511552,-0.21051510914321506
2026-08-17,2026-08-18,2026-08-19,SRE,1,86.98999786376953,87.37000274658203,0.004368374435502309,3,0.9886058981233243,0.03333333333333333,1.0,1.0,0.19727642414490976,0.15509678765010487,0.0001456124811834103,0.14782704834203936
2026-08-17,2026-08-18,2026-08-19,LIN,1,481.6700134277344,478.489990234375,-0.00660207840369631,3,0.9919571045576407,0.03333333333333333,1.0,1.0,0.21899368483541076,0.094457808707939,-0.00022006928012321034,-0.22341623360153293
2026-08-17,2026-08-18,2026-08-19,PEG,1,76.1500015258789,76.08999633789062,-0.0007879866944965341,1,0.977882037533512,0.03333333333333333,1.0,1.0,0.1772471649157678,0.12692079619507224,-2.626622314988447e-05,-0.026665696565186615
2026-08-17,2026-08-18,2026-08-19,COST,1,966.1099853515624,960.22998046875,-0.006086268615340562,0,0.9792225201072386,0.03333333333333333,1.0,1.0,0.22485430123808342,-0.14339954849258935,-0.00020287562051135206,-0.20596108188677512
2026-08-18,2026-08-19,2026-08-20,AGX,1,554.0,524.0,-0.054151624548736454,32,0.9820954907161803,0.017050500161449166,1.0,0.511515004843475,0.7684155308716578,1.8654123356294936,-0.0009233122831109656,-0.9380389574386572
2026-08-18,2026-08-19,2026-08-20,UTHR,1,525.469970703125,524.1500244140625,-0.0025119347682157622,29,0.9725201072386058,0.03333333333333333,1.0,1.0,0.2001449389386454,0.1006718763776946,-8.37311589405254e-05,-0.08506665672535137
2026-08-18,2026-08-19,2026-08-20,ENB,1,51.45000076293945,50.43000030517578,-0.019825081489569185,26,0.9979892761394102,0.03333333333333333,1.0,1.0,0.19588163949537923,-0.12283205063547219,-0.0006608360496523062,-0.6713762725706426
2026-08-18,2026-08-19,2026-08-20,ELV,1,398.4400024414063,394.3900146484375,-0.010164611404861135,23,0.9787798408488064,0.03333333333333333,1.0,1.0,0.3721923779184583,0.3012043839437121,-0.0003388203801620378,-0.344224507763827
2026-08-18,2026-08-19,2026-08-20,SO,1,92.55999755859376,91.75,-0.008751054234643951,20,0.9919571045576407,0.03333333333333333,1.0,1.0,0.18561027110188252,-0.2607117928706671,-0.00029170180782146505,-0.29635440218543424
2026-08-18,2026-08-19,2026-08-20,WMB,1,75.80999755859375,73.43000030517578,-0.03139423994280521,20,0.9811320754716981,0.03333333333333333,1.0,1.0,0.26221245023516687,-0.00019505219315552117,-0.0010464746647601737,-1.0631657581876086
2026-08-18,2026-08-19,2026-08-20,NI,1,42.2400016784668,41.5,-0.01751897843422756,19,0.9798927613941019,0.03333333333333333,1.0,1.0,0.20811381576549734,0.13990654170615052,-0.0005839659478075853,-0.5932801056381819
2026-08-18,2026-08-19,2026-08-20,HAL,1,35.11000061035156,35.41999816894531,0.008829323645820564,19,0.9752010723860589,0.03333333333333333,1.0,1.0,0.35308520416087014,0.2535581597320906,0.0002943107881940188,0.2990049953524636
2026-08-18,2026-08-19,2026-08-20,ACI,1,12.140000343322754,11.979999542236328,-0.013179637278546652,17,0.9764150943396226,0.023145276592591003,1.0,0.6943582977777301,0.5660709683366354,-0.23325712277206775,-0.00030504635020198564,-0.30991178775377404
2026-08-18,2026-08-19,2026-08-20,AEP,1,127.36000061035156,126.19000244140624,-0.00918654336792013,13,0.9785522788203753,0.03333333333333333,1.0,1.0,0.19800477695532284,-0.045014384690294715,-0.00030621811226400433,-0.3111022392219585
2026-08-18,2026-08-19,2026-08-20,TRP,1,64.18000030517578,62.83000183105469,-0.02103456634001022,13,0.9966487935656836,0.03333333333333333,1.0,1.0,0.20028820911327827,-0.01430205223217713,-0.000701152211333674,-0.712335470193462
2026-08-18,2026-08-19,2026-08-20,NEE,1,85.89408629787576,84.74274139390934,-0.013404239495296788,12,0.9865951742627346,0.03333333333333333,1.0,1.0,0.20110437429339134,0.15060860030824097,-0.0004468079831765596,-0.4539344947324154
2026-08-18,2026-08-19,2026-08-20,ETR,1,108.87999725341795,107.33999633789062,-0.014144020521446032,12,0.9671581769436997,0.03333333333333333,1.0,1.0,0.20415315783609705,0.1959597373336072,-0.00047146735071486773,-0.4789871750008866
2026-08-18,2026-08-19,2026-08-20,XEL,1,79.5999984741211,79.18000030517578,-0.005276359007492459,11,0.989946380697051,0.03333333333333333,1.0,1.0,0.198476074879955,-0.00865153422894302,-0.00017587863358308197,-0.17868386796082733
2026-08-18,2026-08-19,2026-08-20,OKE,1,97.68000030517578,97.04000091552734,-0.006552000283056136,10,0.9845430107526882,0.03333333333333333,1.0,1.0,0.29411815013735376,-0.42807873678649727,-0.00021840000943520454,-0.22188345254643463
2026-08-18,2026-08-19,2026-08-20,NE,1,45.720001220703125,46.560001373291016,0.01837270625897358,10,0.9831989247311828,0.029166711980188727,1.0,0.8750013594056618,0.44920624381955004,0.4266366188121244,0.0005358714317520931,0.5444184902081306
2026-08-18,2026-08-19,2026-08-20,APA,1,42.86000061035156,44.7599983215332,0.0443303239413102,10,0.9758064516129032,0.029153195630423068,1.0,0.874595868912692,0.44941451013743006,-0.6917286881374959,0.0012923706062210436,1.3129836982123815
2026-08-18,2026-08-19,2026-08-20,FTI,1,79.37999725341797,77.87000274658203,-0.019022355241652744,9,0.9744279946164198,0.03333333333333333,1.0,1.0,0.3733921102316249,0.37528476527774374,-0.0006340785080550914,-0.6441919527228622
2026-08-18,2026-08-19,2026-08-20,DAR,1,68.3499984741211,67.77999877929688,-0.008339425128736977,9,0.9899193548387097,0.03333333333333333,1.0,1.0,0.3401170109666801,0.4033509166514248,-0.0002779808376245659,-0.28241458484088433
2026-08-18,2026-08-19,2026-08-20,FRO,1,44.900001525878906,43.810001373291016,-0.02427617183842745,9,0.9778225806451613,0.027428362893831416,1.0,0.8228508868149425,0.47767594383600026,0.4901367330483011,-0.0006658556508573987,-0.6764759355636637
2026-08-18,2026-08-19,2026-08-20,ATO,1,170.37272111186294,169.7266183582055,-0.0037922899243547636,8,0.9765415549597856,0.03333333333333333,1.0,1.0,0.16552697598122168,-0.15753748439464121,-0.00012640966414515878,-0.12842587684999388
2026-08-18,2026-08-19,2026-08-20,EVRG,1,83.91999816894531,83.58000183105469,-0.004051434048010227,8,0.9758713136729222,0.03333333333333333,1.0,1.0,0.17067435741564285,-0.03457268295834155,-0.0001350478016003409,-0.13720179113261263
2026-08-18,2026-08-19,2026-08-20,KIM,1,24.34000015258789,24.299999237060547,-0.0016434229776737252,7,0.9758713136729222,0.03333333333333333,1.0,1.0,0.20473130888555283,0.14258668853442055,-5.4780765922457504e-05,-0.05565450984844899
2026-08-18,2026-08-19,2026-08-20,FE,1,47.59999847412109,47.16999816894531,-0.009033620146218113,6,0.9758713136729222,0.03333333333333333,1.0,1.0,0.18236878954559543,-0.09132374343394037,-0.00030112067154060377,-0.3059234951835134
2026-08-18,2026-08-19,2026-08-20,PNW,1,100.6500015258789,99.08000183105467,-0.015598605772703888,6,0.9824797843665768,0.03333333333333333,1.0,1.0,0.19228146722018133,-0.13626736493413447,-0.0005199535257567963,-0.528246696311785
2026-08-18,2026-08-19,2026-08-20,CPT,1,108.62999725341795,108.48999786376952,-0.0012887728361240525,6,0.9711796246648794,0.03333333333333333,1.0,1.0,0.21497975474591535,0.11136026400269372,-4.2959094537468416e-05,-0.043644284809750085
2026-08-18,2026-08-19,2026-08-20,SRE,1,87.37000274658203,85.05000305175781,-0.026553732652995432,4,0.9892761394101877,0.03333333333333333,1.0,1.0,0.19075583262458487,0.1565717329156186,-0.0008851244217665143,-0.8992420061821819
2026-08-18,2026-08-19,2026-08-20,LIN,1,478.489990234375,481.25,0.005768166151758125,4,0.9758713136729222,0.03333333333333333,1.0,1.0,0.22060849966285415,0.10037647353257663,0.00019227220505860416,0.195338914121138
2026-08-18,2026-08-19,2026-08-20,PEG,1,76.08999633789062,74.95999908447266,-0.014850799156304606,2,0.967828418230563,0.03333333333333333,1.0,1.0,0.17435205188137462,0.12804905187239862,-0.0004950266385434868,-0.5029222294748659
2026-08-18,2026-08-19,2026-08-20,COST,1,960.22998046875,931.1500244140624,-0.03028436587711192,1,0.9792225201072386,0.03333333333333333,1.0,1.0,0.22456741436176297,-0.14062225162229078,-0.0010094788625703973,-1.0255798792271595
2026-08-19,2026-08-20,2026-08-21,AGX,1,524.0,521.280029296875,-0.005190783784589703,33,0.9820954907161803,0.017202884620566856,1.0,0.5160865386170057,0.7617871661438506,1.8891056478416917,-8.929645453660602e-05,-0.08986914021305013
2026-08-19,2026-08-20,2026-08-21,ENB,1,50.43000030517578,51.119998931884766,0.0136823046308443,27,0.9939597315436242,0.03333333333333333,1.0,1.0,0.19463840886231307,-0.13153704580951012,0.00045607682102814334,0.4590017822051172
2026-08-19,2026-08-20,2026-08-21,ELV,1,394.3900146484375,396.9599914550781,0.00651633335324564,24,0.9787798408488064,0.03333333333333333,1.0,1.0,0.37436022404749253,0.3003731654880157,0.00021721111177485468,0.2186041535604831
2026-08-19,2026-08-20,2026-08-21,SO,1,91.75,91.4800033569336,-0.0029427427037210796,21,0.9966442953020134,0.03333333333333333,1.0,1.0,0.18080365953082655,-0.2590968662117262,-9.809142345736931e-05,-0.09872051397935663
2026-08-19,2026-08-20,2026-08-21,WMB,1,73.43000030517578,72.16999816894531,-0.017159228258121884,21,0.9811320754716981,0.03333333333333333,1.0,1.0,0.2663986391014998,-0.009949666303981499,-0.0005719742752707294,-0.5756425225314062
2026-08-19,2026-08-20,2026-08-21,NI,1,41.5,41.77000045776367,0.006506035126835563,20,0.9798927613941019,0.03333333333333333,1.0,1.0,0.20785733994927655,0.1395639520836732,0.00021686783756118543,0.21825867782351396
2026-08-19,2026-08-20,2026-08-21,HAL,1,35.41999816894531,35.81999969482422,0.011293098434703275,20,0.9752010723860589,0.03333333333333333,1.0,1.0,0.3487694646353439,0.25232147991367315,0.00037643661449010915,0.37885081848428037
2026-08-19,2026-08-20,2026-08-21,ACI,1,11.979999542236328,12.020000457763672,0.00333897471250455,18,0.9764150943396226,0.023273064183148694,1.0,0.6981919254944609,0.5630945981788739,-0.23204791215443143,7.770817279002885e-05,0.07820653924511863
2026-08-19,2026-08-20,2026-08-21,AEP,1,126.19000244140624,126.1500015258789,-0.0003169895772520137,14,0.9785522788203753,0.03333333333333333,1.0,1.0,0.19382186309848454,-0.04553754710663019,-1.056631924173379e-05,-0.010634084302663462
2026-08-19,2026-08-20,2026-08-21,TRP,1,62.83000183105469,63.65999984741211,0.013210217924061629,14,0.9959731543624162,0.03333333333333333,1.0,1.0,0.19904587447960048,-0.01987784811354766,0.000440340597468721,0.4431646373954552
2026-08-19,2026-08-20,2026-08-21,NEE,1,84.74274139390934,84.5640842760997,-0.0021082291517946494,13,0.9939597315436242,0.03333333333333333,1.0,1.0,0.17914116069328645,0.1587191062109028,-7.027430505982164e-05,-0.07072499583067779
2026-08-19,2026-08-20,2026-08-21,XEL,1,79.18000030517578,78.94999694824219,-0.002904816317846892,12,0.9778523489932885,0.03333333333333333,1.0,1.0,0.1984491106544407,-0.009459195020625796,-9.682721059489641e-05,-0.09744819333027482
2026-08-19,2026-08-20,2026-08-21,OKE,1,97.04000091552734,95.0500030517578,-0.020506985212230378,11,0.9845430107526882,0.03333333333333333,1.0,1.0,0.29473871685273045,-0.4371346215309685,-0.0006835661737410126,-0.6879500942296218
2026-08-19,2026-08-20,2026-08-21,NE,1,46.560001373291016,47.150001525878906,0.012671824209316673,11,0.9831989247311828,0.029438930120081405,1.0,0.8831679036024421,0.445156691195849,0.42226703099883117,0.00037304494739202936,0.37543739958008
2026-08-19,2026-08-20,2026-08-21,APA,1,44.7599983215332,44.52000045776367,-0.005361882769644222,11,0.9758064516129032,0.0293110172150034,1.0,0.879330516450102,0.4470993493154255,-0.6976474381236991,-0.0001571622381658719,-0.1581701680231385
2026-08-19,2026-08-20,2026-08-21,DAR,1,67.77999877929688,67.80999755859375,0.00044259043725514147,10,0.9899193548387097,0.03333333333333333,1.0,1.0,0.3403465876742958,0.40003731823149413,1.4753014575171383e-05,0.014847630203254449
2026-08-19,2026-08-20,2026-08-21,FRO,1,43.810001373291016,43.66999816894531,-0.0031956904806457187,10,0.9778225806451613,0.027410601129484683,1.0,0.8223180338845405,0.4780973851209963,0.47714334330820996,-8.759579709827099e-05,-0.08815757593456645
2026-08-19,2026-08-20,2026-08-21,ATO,1,169.7266183582055,171.08840992797028,0.008023441360804906,9,0.9765415549597856,0.03333333333333333,1.0,1.0,0.16391582563255283,-0.1595490797763006,0.00026744804536016353,0.26916327207958446
2026-08-19,2026-08-20,2026-08-21,EVRG,1,83.58000183105469,83.51000213623047,-0.0008375172683737775,9,0.9906040268456375,0.03333333333333333,1.0,1.0,0.16700189794850667,-0.037544076475762606,-2.7917242279125917e-05,-0.028096284155559228
2026-08-19,2026-08-20,2026-08-21,KIM,1,24.299999237060547,24.209999084472656,-0.0037037100993250194,8,0.9758713136729222,0.03333333333333333,1.0,1.0,0.20129376143587077,0.14546158439714246,-0.00012345700331083397,-0.12424877111191554
2026-08-19,2026-08-20,2026-08-21,FE,1,47.16999816894531,47.18000030517578,0.00021204444813927026,7,0.9758389261744966,0.03333333333333333,1.0,1.0,0.18143839308235313,-0.09022051684425104,7.068148271309008e-06,0.007113478483969384
2026-08-19,2026-08-20,2026-08-21,PNW,1,99.08000183105467,99.3499984741211,0.0027250367185782665,7,0.9838926174496645,0.03333333333333333,1.0,1.0,0.19041555430207138,-0.13573673113564383,9.083455728594221e-05,0.09141710728922904
2026-08-19,2026-08-20,2026-08-21,CPT,1,108.48999786376952,108.08000183105467,-0.0037791136582902007,7,0.9832214765100671,0.03333333333333333,1.0,1.0,0.21254365433423278,0.11669088216174411,-0.00012597045527634003,-0.12677834261930648
2026-08-19,2026-08-20,2026-08-21,SRE,1,85.05000305175781,87.63999938964844,0.030452630746109044,5,0.9805369127516779,0.03333333333333333,1.0,1.0,0.1930819287170696,0.14811033479394078,0.0010150876915369681,1.0215977616656722
2026-08-19,2026-08-20,2026-08-21,LIN,1,481.25,486.3500061035156,0.010597415280032552,5,0.9758713136729222,0.03333333333333333,1.0,1.0,0.22057995676028916,0.09685694476478024,0.00035324717600108507,0.35551265898123213
2026-08-19,2026-08-20,2026-08-21,COST,1,931.1500244140624,939.6400146484376,0.009117746884791833,2,0.9792225201072386,0.03333333333333333,1.0,1.0,0.2183585503089084,-0.1446395314118858,0.00030392489615972776,0.30587406016236
2026-08-19,2026-08-20,2026-08-21,AFL,1,116.16999816894533,116.51000213623048,0.0029267794838965244,0,0.9946308724832215,0.03333333333333333,1.0,1.0,0.177542858297876,-0.1591248408345985,9.755931612988414e-05,0.0981849940836305
2026-08-19,2026-08-20,2026-08-21,D,1,68.0,67.76000213623047,-0.0035293803495519693,0,0.9892617449664429,0.03333333333333333,1.0,1.0,0.17779608466001395,-0.07603319829173145,-0.0001176460116517323,-0.11840051177285532
2026-08-19,2026-08-20,2026-08-21,EQR,1,63.65999984741211,63.65999984741211,0.0,0,0.9771812080536912,0.03333333333333333,1.0,1.0,0.21316332070575064,0.18546237526857565,0.0,0.0
2026-08-19,2026-08-20,2026-08-21,SHEL,1,94.11000061035156,93.87000274658205,-0.00255018448850286,0,0.9765100671140939,0.03333333333333333,1.0,1.0,0.23823209461258166,-0.006760915193813926,-8.5006149616762e-05,-0.08555132024585153
2026-08-20,2026-08-21,2026-08-24,AGX,1,521.280029296875,496.3200073242188,-0.047882175740212696,34,0.9820954907161803,0.017382462568417207,1.0,0.5214738770525162,0.7633456042744067,1.8851014797558092,-0.0008323101274986216,-0.8390682973695983
2026-08-20,2026-08-21,2026-08-24,ENB,1,51.119998931884766,50.27999877929688,-0.01643192821085826,28,0.9819034852546917,0.03333333333333333,1.0,1.0,0.19815746514327318,-0.13384501356249576,-0.000547730940361942,-0.5521783916379233
2026-08-20,2026-08-21,2026-08-24,ELV,1,396.9599914550781,401.1700134277344,0.010605658160219633,25,0.9787798408488064,0.03333333333333333,1.0,1.0,0.3720804390339796,0.3001612914554964,0.00035352193867398775,0.35639245680868364
2026-08-20,2026-08-21,2026-08-24,SO,1,91.4800033569336,89.05999755859375,-0.0264539321112347,22,0.9865951742627346,0.03333333333333333,1.0,1.0,0.180568032602625,-0.25930408091513185,-0.0008817977370411567,-0.8889577351018277
2026-08-20,2026-08-21,2026-08-24,WMB,1,72.16999816894531,70.37999725341797,-0.024802562850799403,22,0.9684986595174263,0.03333333333333333,1.0,1.0,0.2670617726474846,-0.013131320745582474,-0.0008267520950266468,-0.8334651349318175
2026-08-20,2026-08-21,2026-08-24,NI,1,41.77000045776367,40.65999984741211,-0.026574110562291087,21,0.9798927613941019,0.03333333333333333,1.0,1.0,0.20470850122735082,0.13826159786584943,-0.0008858036854097028,-0.8929962108645201
2026-08-20,2026-08-21,2026-08-24,HAL,1,35.81999969482422,35.06999969482422,-0.020938023628972013,21,0.9752010723860589,0.03333333333333333,1.0,1.0,0.3494731756269203,0.2534213003900137,-0.0006979341209657337,-0.7036011880749767
2026-08-20,2026-08-21,2026-08-24,ACI,1,12.020000457763672,12.380000114440918,0.029950053491447637,19,0.9764150943396226,0.023680753450898148,1.0,0.7104226035269444,0.5603211240967688,-0.2322982786615448,0.0007092398325721827,0.7149986995010172
2026-08-20,2026-08-21,2026-08-24,AEP,1,126.1500015258789,121.11000061035156,-0.03995244434851175,15,0.9785522788203753,0.03333333333333333,1.0,1.0,0.19279644454210426,-0.04637399891674567,-0.0013317481449503918,-1.3425616384927346
2026-08-20,2026-08-21,2026-08-24,TRP,1,63.65999984741211,61.79999923706055,-0.029217728790603692,15,0.9932975871313673,0.03333333333333333,1.0,1.0,0.20504187711040614,-0.022837655662472305,-0.0009739242930201231,-0.9818323378657168
2026-08-20,2026-08-21,2026-08-24,NEE,1,84.5640842760997,83.32341571547174,-0.01467134151866667,14,0.9845844504021448,0.03333333333333333,1.0,1.0,0.1775577951895307,0.15858049313576772,-0.000489044717288889,-0.4930156497150928
2026-08-20,2026-08-21,2026-08-24,XEL,1,78.94999694824219,76.43000030517578,-0.031918894749526805,13,0.9912868632707774,0.03333333333333333,1.0,1.0,0.1941345588067859,-0.009056545745475956,-0.0010639631583175603,-1.0726022983722183
2026-08-20,2026-08-21,2026-08-24,OKE,1,95.0500030517578,93.29000091552734,-0.01851659210649448,12,0.9845430107526882,0.03333333333333333,1.0,1.0,0.29402937753578995,-0.43890759996848666,-0.0006172197368831492,-0.6222314214605219
2026-08-20,2026-08-21,2026-08-24,NE,1,47.150001525878906,46.0,-0.02439027547534034,12,0.9831989247311828,0.029728248542357432,1.0,0.8918474562707229,0.4463373068938113,0.42415387561589274,-0.0007250801713474827,-0.7309676582422655
2026-08-20,2026-08-21,2026-08-24,APA,1,44.52000045776367,42.93000030517578,-0.03571428877446514,12,0.9758064516129032,0.029595120546486164,1.0,0.8878536163945849,0.4483450699997604,-0.6962693085025142,-0.0010569686815123135,-1.0655510279982685
2026-08-20,2026-08-21,2026-08-24,DAR,1,67.80999755859375,63.83000183105469,-0.058693347158728315,11,0.9899193548387097,0.03333333333333333,1.0,1.0,0.33513798414683826,0.397617154617323,-0.0019564449052909437,-1.9723307951489704
2026-08-20,2026-08-21,2026-08-24,FRO,1,43.66999816894531,43.31999969482422,-0.008014620764742464,11,0.9778225806451613,0.027704591543226978,1.0,0.8311377462968094,0.4789396144809634,0.4789411722117261,-0.0002220417946610554,-0.22384472378230227
2026-08-20,2026-08-21,2026-08-24,ATO,1,171.08840992797028,166.35000610351562,-0.027695644763134797,10,0.9765415549597856,0.03333333333333333,1.0,1.0,0.16408365244532305,-0.1596947459081815,-0.0009231881587711599,-0.930684237689003
2026-08-20,2026-08-21,2026-08-24,EVRG,1,83.51000213623047,80.80999755859375,-0.03233151129887635,10,0.9819034852546917,0.03333333333333333,1.0,1.0,0.16528730782157797,-0.03793457212358285,-0.0010777170432958783,-1.0864678617838492
2026-08-20,2026-08-21,2026-08-24,KIM,1,24.209999084472656,24.059999465942383,-0.006195771342530798,9,0.9758713136729222,0.03333333333333333,1.0,1.0,0.20108025960945247,0.14539429647965313,-0.00020652571141769327,-0.20820265345452726
2026-08-20,2026-08-21,2026-08-24,FE,1,47.18000030517578,46.18999862670898,-0.02098350301108831,8,0.9691689008042895,0.03333333333333333,1.0,1.0,0.17857273236288268,-0.09119507064762682,-0.0006994501003696104,-0.7051294768885239
2026-08-20,2026-08-21,2026-08-24,PNW,1,99.3499984741211,97.4800033569336,-0.018822296385586745,8,0.9839142091152815,0.03333333333333333,1.0,1.0,0.18766754029082236,-0.1370483742355733,-0.0006274098795195582,-0.6325043057489558
2026-08-20,2026-08-21,2026-08-24,CPT,1,108.08000183105467,107.95999908447266,-0.0011103140687358515,8,0.9832214765100671,0.03333333333333333,1.0,1.0,0.2133273764495041,0.11688867157246834,-3.701046895786171e-05,-0.03731098558977324
2026-08-20,2026-08-21,2026-08-24,SRE,1,87.63999938964844,83.08000183105469,-0.0520310085617407,6,0.9745308310991957,0.03333333333333333,1.0,1.0,0.19468709740515008,0.14640641896027684,-0.0017343669520580233,-1.7484496191953827
2026-08-20,2026-08-21,2026-08-24,LIN,1,486.3500061035156,488.4400024414063,0.004297309163487251,6,0.9758713136729222,0.03333333333333333,1.0,1.0,0.22022341437194973,0.09704232277943507,0.00014324363878290836,0.14440674471163362
2026-08-20,2026-08-21,2026-08-24,COST,1,939.6400146484376,953.010009765625,0.014228848185216636,3,0.9792225201072386,0.03333333333333333,1.0,1.0,0.21523445844823905,-0.14454271422049533,0.0004742949395072212,0.47814610707593463
2026-08-20,2026-08-21,2026-08-24,AFL,1,116.51000213623048,117.08000183105467,0.004892281215115979,1,0.9725201072386058,0.03333333333333333,1.0,1.0,0.19350338092736788,-0.1620284194725712,0.00016307604050386595,0.1644001810461943
2026-08-20,2026-08-21,2026-08-24,D,1,67.76000213623047,66.72000122070312,-0.015348301103008222,1,0.9892761394101877,0.03333333333333333,1.0,1.0,0.17733858348058804,-0.07723388635439962,-0.0005116100367669407,-0.5157641944804349
2026-08-20,2026-08-21,2026-08-24,SHEL,1,93.87000274658205,92.81999969482422,-0.011185714509804434,1,0.9765100671140939,0.03333333333333333,1.0,1.0,0.23864063130552682,-0.006552844240974852,-0.00037285715032681446,-0.3758846660042818
2026-08-20,2026-08-21,2026-08-24,PPL,1,35.279998779296875,34.54999923706055,-0.020691597718101695,0,0.9819034852546917,0.03333333333333333,1.0,1.0,0.19572826957621725,-0.033565814823143886,-0.0006897199239367231,-0.695320293625087
2026-08-21,2026-08-24,2026-08-25,AGX,1,496.3200073242188,478.010009765625,-0.03689151613554209,35,0.9820954907161803,0.017277685577824907,1.0,0.5183305673347472,0.7639782011066901,1.8734598585154698,-0.0006374000162791504,-0.63087303188085
2026-08-21,2026-08-24,2026-08-25,ENB,1,50.27999877929688,49.869998931884766,-0.008154332883176907,29,0.9825503355704699,0.03333333333333333,1.0,1.0,0.20045348211996256,-0.1374020756104686,-0.0002718110961058969,-0.269027746971511
2026-08-21,2026-08-24,2026-08-25,ELV,1,401.1700134277344,402.6700134277344,0.003739063114871044,26,0.9787798408488064,0.03333333333333333,1.0,1.0,0.3709738283430825,0.30584943638819156,0.00012463543716236813,0.12335916867624079
2026-08-21,2026-08-24,2026-08-25,SO,1,89.05999755859375,90.0,0.010554709939081253,23,0.9852348993288591,0.03333333333333333,1.0,1.0,0.18097132115267786,-0.2486043964113083,0.00035182366463604176,0.3482209857665975
2026-08-21,2026-08-24,2026-08-25,NI,1,40.65999984741211,40.900001525878906,0.005902648287444023,22,0.976510067114094,0.03333333333333333,1.0,1.0,0.20433204069904212,0.14289890195864102,0.00019675494291480078,0.19474016975839256
2026-08-21,2026-08-24,2026-08-25,HAL,1,35.06999969482422,34.119998931884766,-0.027088701773774426,22,0.9752010723860589,0.03333333333333333,1.0,1.0,0.35125111627413425,0.23862258153643462,-0.0009029567257924808,-0.8937104372592737
2026-08-21,2026-08-24,2026-08-25,ACI,1,12.380000114440918,12.4399995803833,0.004846483472354279,20,0.9764150943396226,0.02355298961102913,1.0,0.7065896883308739,0.5604288612623781,-0.22158864477856216,0.00011414917487438473,0.11298028584950953
2026-08-21,2026-08-24,2026-08-25,AEP,1,121.11000061035156,121.9800033569336,0.007183574784885849,16,0.9785522788203753,0.03333333333333333,1.0,1.0,0.19298435024967325,-0.036966776112045636,0.0002394524928295283,0.2370004962105825
2026-08-21,2026-08-24,2026-08-25,TRP,1,61.79999923706055,61.72999954223633,-0.0011326811600061992,16,0.9899328859060403,0.03333333333333333,1.0,1.0,0.20515740299503382,-0.02297452195657975,-3.775603866687331e-05,-0.037369416343330124
2026-08-21,2026-08-24,2026-08-25,NEE,1,83.32341571547174,83.3829684527523,0.000714717906955542,15,0.9966442953020134,0.03333333333333333,1.0,1.0,0.17436938840633875,0.16787102311324942,2.3823930231851403e-05,0.02357997287860686
2026-08-21,2026-08-24,2026-08-25,XEL,1,76.43000030517578,77.33000183105469,0.011775500749513501,14,0.9966442953020134,0.03333333333333333,1.0,1.0,0.19492869767026783,0.0012212533345297807,0.00039251669165045006,0.3884973156588546
2026-08-21,2026-08-24,2026-08-25,OKE,1,93.29000091552734,91.95999908447266,-0.014256638632247243,13,0.9845430107526882,0.03333333333333333,1.0,1.0,0.2880768642816159,-0.42691867012455004,-0.00047522128774157477,-0.47035501561793075
2026-08-21,2026-08-24,2026-08-25,NE,1,46.0,45.20000076293945,-0.017391287762185792,13,0.9831989247311828,0.029371309025931283,1.0,0.8811392707779385,0.44941051607130905,0.3988952072248172,-0.0005108048872220558,-0.5055742385801929
2026-08-21,2026-08-24,2026-08-25,APA,1,42.93000030517578,41.380001068115234,-0.0361052696492451,13,0.9758064516129032,0.029824554524456797,1.0,0.8947366357337039,0.442580798187935,-0.7088609597860509,-0.0010768235832741256,-1.0657968958749304
2026-08-21,2026-08-24,2026-08-25,DAR,1,63.83000183105469,61.38999938964844,-0.03822657639685567,12,0.9899193548387097,0.03333333333333333,1.0,1.0,0.3338519707212602,0.38927412881744167,-0.0012742192132285223,-1.2611711920293593
2026-08-21,2026-08-24,2026-08-25,FRO,1,43.31999969482422,43.29999923706055,-0.00046169108736304754,12,0.9778225806451613,0.027757497748725674,1.0,0.8327249324617703,0.47553908736747236,0.4797449174671676,-1.28153893180865e-05,-0.012684159565966972
2026-08-21,2026-08-24,2026-08-25,ATO,1,166.35000610351562,167.94000244140625,0.009558138139779793,11,0.9765415549597856,0.03333333333333333,1.0,1.0,0.16323434948085616,-0.15254150149669532,0.0003186046046593264,0.31534208939304603
2026-08-21,2026-08-24,2026-08-25,EVRG,1,80.80999755859375,81.38999938964844,0.007177352414027061,11,0.9798657718120806,0.03333333333333333,1.0,1.0,0.16557695718504636,-0.0292678882452669,0.0002392450804675687,0.23679520775388796
2026-08-21,2026-08-24,2026-08-25,KIM,1,24.059999465942383,24.309999465942383,0.01039069017245331,10,0.9758713136729222,0.03333333333333333,1.0,1.0,0.1978435157138007,0.15928555286927715,0.000346356339081777,0.3428096456966153
2026-08-21,2026-08-24,2026-08-25,FE,1,46.18999862670898,46.68999862670898,0.010824854186310295,9,0.9919463087248321,0.03333333333333333,1.0,1.0,0.1779920048541151,-0.08485087042371836,0.00036082847287700984,0.35713358465488687
2026-08-21,2026-08-24,2026-08-25,PNW,1,97.4800033569336,98.08999633789062,0.006257621665476165,9,0.9892617449664429,0.03333333333333333,1.0,1.0,0.1874454304943783,-0.129059709497127,0.0002085873888492055,0.20645145129362072
2026-08-21,2026-08-24,2026-08-25,CPT,1,107.95999908447266,108.5,0.005001861060639934,9,0.9798657718120805,0.03333333333333333,1.0,1.0,0.21239160455780715,0.12799458490852672,0.00016672870202133112,0.16502139795944118
2026-08-21,2026-08-24,2026-08-25,SRE,1,83.08000183105469,84.66000366210938,0.019017835775541503,7,0.9805369127516779,0.03333333333333333,1.0,1.0,0.19944266371730685,0.14214239537572423,0.0006339278591847167,0.6274364297199039
2026-08-21,2026-08-24,2026-08-25,LIN,1,488.4400024414063,489.2000122070313,0.0015559941074159145,7,0.9758713136729222,0.03333333333333333,1.0,1.0,0.2202029570588858,0.0977193819383526,5.186647024719715e-05,0.0513353569220445
2026-08-21,2026-08-24,2026-08-25,COST,1,953.010009765625,965.8599853515624,0.013483568330092899,4,0.9792225201072386,0.03333333333333333,1.0,1.0,0.2174199190081467,-0.1299272846760394,0.0004494522776697633,0.44484988054204444
2026-08-21,2026-08-24,2026-08-25,AFL,1,117.08000183105467,118.1500015258789,0.009139047472584094,2,0.9879194630872483,0.03333333333333333,1.0,1.0,0.19334175357443148,-0.15585196166385273,0.00030463491575280315,0.3015154502813349
2026-08-21,2026-08-24,2026-08-25,D,1,66.72000122070312,66.73999786376953,0.00029970987261007664,2,0.9926174496644296,0.03333333333333333,1.0,1.0,0.17862052014052238,-0.06462056773675227,9.990329087002555e-06,0.009888027988133121
2026-08-21,2026-08-24,2026-08-25,SHEL,1,92.81999969482422,92.37999725341795,-0.00474038399970822,2,0.9765100671140939,0.03333333333333333,1.0,1.0,0.235474772891476,-0.011905591818860597,-0.000158012799990274,-0.1563947468777422
2026-08-21,2026-08-24,2026-08-25,PPL,1,34.54999923706055,35.18000030517578,0.018234474154183333,1,0.9819034852546917,0.03333333333333333,1.0,1.0,0.19617623328233963,-0.023838190586780304,0.0006078158051394444,0.6015917634452752
2026-08-21,2026-08-24,2026-08-25,PEG,1,72.86000061035156,73.76000213623047,0.012352477605538814,0,0.9771812080536912,0.03333333333333333,1.0,1.0,0.17350498324185246,0.1302535456422456,0.00041174925351796047,0.4075329358444658
2026-08-24,2026-08-25,2026-08-26,AGX,1,478.010009765625,449.4299926757813,-0.05978957868237289,36,0.9820954907161803,0.01724492754881535,1.0,0.5173478264644605,0.7642024626523619,1.867962758864739,-0.0010310669525517152,-1.0206399042534051
2026-08-24,2026-08-25,2026-08-26,ENB,1,49.869998931884766,49.70000076293945,-0.0034088264003675484,30,0.9892328398384926,0.03333333333333333,1.0,1.0,0.19909974223052473,-0.13592478938134658,-0.00011362754667891828,-0.11247844582343319
2026-08-24,2026-08-25,2026-08-26,ELV,1,402.6700134277344,399.0,-0.009114196005044706,27,0.9787798408488064,0.03333333333333333,1.0,1.0,0.3700185279202098,0.3061503535092202,-0.00030380653350149016,-0.30073417686129095
2026-08-24,2026-08-25,2026-08-26,SO,1,90.0,89.91999816894531,-0.0008889092339410265,24,0.9852348993288591,0.03333333333333333,1.0,1.0,0.18822124310708527,-0.25238307450576003,-2.9630307798034215e-05,-0.029330660282672304
2026-08-24,2026-08-25,2026-08-26,NI,1,40.900001525878906,40.61000061035156,-0.007090486667680196,23,0.976510067114094,0.03333333333333333,1.0,1.0,0.2064671231200543,0.1392845685143241,-0.00023634955558933987,-0.23395938274429315
2026-08-24,2026-08-25,2026-08-26,ACI,1,12.4399995803833,12.399999618530272,-0.0032154311255849777,21,0.9764150943396226,0.023561057211001702,1.0,0.706831716330051,0.5593389117918092,-0.21128931693148026,-7.575895670794326e-05,-0.07499281606240289
2026-08-24,2026-08-25,2026-08-26,AEP,1,121.9800033569336,122.91999816894533,0.007706138597661338,17,0.9785522788203753,0.03333333333333333,1.0,1.0,0.20664050467903766,-0.0430981417284443,0.0002568712865887113,0.2542735801011928
2026-08-24,2026-08-25,2026-08-26,TRP,1,61.72999954223633,62.56999969482422,0.013607648773966918,17,0.9919246298788694,0.03333333333333333,1.0,1.0,0.20651330806181997,-0.023729390415126377,0.0004535882924655639,0.44900121204233673
2026-08-24,2026-08-25,2026-08-26,NEE,1,83.3829684527523,83.53185039754672,0.001785519843645167,16,0.9865410497981157,0.03333333333333333,1.0,1.0,0.17373702331193475,0.16350906691840086,5.9517328121505565e-05,0.05891543698982546
2026-08-24,2026-08-25,2026-08-26,XEL,1,77.33000183105469,77.22000122070312,-0.0014224829658207039,15,0.9966352624495289,0.03333333333333333,1.0,1.0,0.2040715546894829,-0.00521382433834131,-4.741609886069013e-05,-0.04693658591372361
2026-08-24,2026-08-25,2026-08-26,OKE,1,91.95999908447266,91.4000015258789,-0.006089577687787395,14,0.9845430107526882,0.03333333333333333,1.0,1.0,0.2892750898615765,-0.42962135849961325,-0.0002029859229262465,-0.20093315223372168
2026-08-24,2026-08-25,2026-08-26,NE,1,45.20000076293945,45.34000015258789,0.0030973315771096743,14,0.9831989247311828,0.029512816540410783,1.0,0.8853844962123235,0.44653874641280916,0.3946863824353631,9.141097860005901e-05,0.09048655105779346
2026-08-24,2026-08-25,2026-08-26,APA,1,41.380001068115234,40.68000030517578,-0.016916402727665147,14,0.9758064516129032,0.0298153897229108,1.0,0.8944616916873239,0.4420071722537141,-0.713844766540886,-0.0005043691400350476,-0.49926851939125017
2026-08-24,2026-08-25,2026-08-26,DAR,1,61.38999938964844,61.77999877929688,0.006352816314153742,13,0.9899193548387097,0.03333333333333333,1.0,1.0,0.33780804410005194,0.38039195364654776,0.00021176054380512473,0.20961903649323976
2026-08-24,2026-08-25,2026-08-26,FRO,1,43.29999923706055,41.95000076293945,-0.031177794408957626,13,0.9778225806451613,0.027775810380515135,1.0,0.833274311415454,0.474463784153391,0.48491338595394706,-0.000865988505585892,-0.8572308745211211
2026-08-24,2026-08-25,2026-08-26,ATO,1,167.94000244140625,167.74000549316406,-0.0011908833234176575,12,0.9765415549597856,0.03333333333333333,1.0,1.0,0.16757277460314746,-0.1565708039479034,-3.969611078058858e-05,-0.03929466908629327
2026-08-24,2026-08-25,2026-08-26,EVRG,1,81.38999938964844,81.47000122070312,0.0009829442395212773,12,0.9979811574697173,0.03333333333333333,1.0,1.0,0.17379226316438243,-0.03463991804810119,3.2764807984042574e-05,0.03243346166895705
2026-08-24,2026-08-25,2026-08-26,KIM,1,24.309999465942383,24.049999237060547,-0.010695196815865393,11,0.9758713136729222,0.03333333333333333,1.0,1.0,0.19720300064657628,0.1572058944878572,-0.00035650656052884646,-0.3529012552515325
2026-08-24,2026-08-25,2026-08-26,FE,1,46.68999862670898,46.619998931884766,-0.0014992438826967325,10,0.977792732166891,0.03333333333333333,1.0,1.0,0.18571399198029964,-0.08942737169636925,-4.9974796089891084e-05,-0.04946940736490297
2026-08-24,2026-08-25,2026-08-26,PNW,1,98.08999633789062,97.9499969482422,-0.0014272545098907852,10,0.9885598923283984,0.03333333333333333,1.0,1.0,0.1916631740801103,-0.13275379015936314,-4.757515032969284e-05,-0.047094028915550534
2026-08-24,2026-08-25,2026-08-26,CPT,1,108.5,107.55999755859376,-0.008663616971486099,10,0.971736204576043,0.03333333333333333,1.0,1.0,0.21248580770576703,0.1276058326083475,-0.00028878723238287,-0.2858667640150891
2026-08-24,2026-08-25,2026-08-26,SRE,1,84.66000366210938,84.12000274658203,-0.006378465534711886,8,0.9805369127516779,0.03333333333333333,1.0,1.0,0.2238331907143568,0.13111048796210542,-0.00021261551782372952,-0.2104653642688787
2026-08-24,2026-08-25,2026-08-26,LIN,1,489.2000122070313,488.5499877929688,-0.0013287497911741442,8,0.9758713136729222,0.03333333333333333,1.0,1.0,0.21950632920885718,0.10134223185773512,-4.42916597058048e-05,-0.04384374381264016
2026-08-24,2026-08-25,2026-08-26,COST,1,965.8599853515624,960.5800170898438,-0.005466597997427991,5,0.9792225201072386,0.03333333333333333,1.0,1.0,0.21636678726686223,-0.12391954280739202,-0.0001822199332475997,-0.18037716635434864
2026-08-24,2026-08-25,2026-08-26,AFL,1,118.1500015258789,116.4499969482422,-0.014388527767088877,3,0.9798115746971736,0.03333333333333333,1.0,1.0,0.19306864894952958,-0.1530833598821065,-0.00047961759223629586,-0.4747672808315995
2026-08-24,2026-08-25,2026-08-26,D,1,66.73999786376953,67.08000183105469,0.0050944557711729566,3,0.9919246298788694,0.03333333333333333,1.0,1.0,0.17972698187382014,-0.06668705102734748,0.0001698151923724319,0.16809787303805496
2026-08-24,2026-08-25,2026-08-26,SHEL,1,92.37999725341795,91.2300033569336,-0.012448516244590091,3,0.9765100671140939,0.03333333333333333,1.0,1.0,0.23566857347326917,-0.011221804310095462,-0.0004149505414863364,-0.4107541997000148
2026-08-24,2026-08-25,2026-08-26,PPL,1,35.18000030517578,35.04999923706055,-0.0036953117392698465,2,0.9819034852546917,0.03333333333333333,1.0,1.0,0.1971690929079112,-0.026425835408512347,-0.00012317705797566155,-0.12193138413306832
2026-08-24,2026-08-25,2026-08-26,PEG,1,73.76000213623047,73.45999908447266,-0.004067286375666335,1,0.9771812080536912,0.03333333333333333,1.0,1.0,0.18091897014494157,0.12643755771888487,-0.00013557621252221116,-0.13420514761457109
2026-08-24,2026-08-25,2026-08-26,CZR,1,29.65999984741211,29.63999938964844,-0.0006743242706190866,0,0.9818304172274563,0.03333333333333333,1.0,1.0,0.11392451242656514,0.753392637463491,-2.2477475687302887e-05,-0.022250163848788845
2026-08-25,2026-08-26,2026-08-27,AGX,1,449.4299926757813,467.5299987792969,0.04027324922342901,37,0.9820954907161803,0.016988509882672573,1.0,0.5096552964801772,0.7729886788039382,1.8867270845906166,0.0006841824924395593,0.6741484344336005
2026-08-25,2026-08-26,2026-08-27,ENB,1,49.70000076293945,50.369998931884766,0.013480848262781508,31,0.9865410497981157,0.03333333333333333,1.0,1.0,0.1989629597034092,-0.13485852354871894,0.0004493616087593836,0.4427713780858899
2026-08-25,2026-08-26,2026-08-27,ELV,1,399.0,397.3599853515625,-0.004110312402099026,28,0.9787798408488064,0.03333333333333333,1.0,1.0,0.36936675367990457,0.3046728998760762,-0.00013701041340330084,-0.13500105120724823
2026-08-25,2026-08-26,2026-08-27,SO,1,89.91999816894531,89.0,-0.010231296571167392,25,0.9872139973082099,0.03333333333333333,1.0,1.0,0.19009426274892866,-0.256428656692001,-0.00034104321903891306,-0.3360415601537617
2026-08-25,2026-08-26,2026-08-27,NI,1,40.61000061035156,40.810001373291016,0.004924914058939356,24,0.9710632570659488,0.03333333333333333,1.0,1.0,0.20675304263606828,0.13647627925005493,0.00016416380196464518,0.16175621461829476
2026-08-25,2026-08-26,2026-08-27,ACI,1,12.399999618530272,12.220000267028809,-0.01451607718055703,22,0.9764150943396226,0.023403753554804452,1.0,0.7021126066441336,0.5611034049860315,-0.2192322987857846,-0.00033973069291627736,-0.33474828322764066
2026-08-25,2026-08-26,2026-08-27,AEP,1,122.91999816894533,122.23999786376952,-0.00553205593317041,18,0.9785522788203753,0.03333333333333333,1.0,1.0,0.2049252318712571,-0.04615348238492054,-0.00018440186443901367,-0.18169747047302592
2026-08-25,2026-08-26,2026-08-27,TRP,1,62.56999969482422,62.75,0.0028767829000113654,18,0.9986541049798116,0.03333333333333333,1.0,1.0,0.20611751319680166,-0.02591291708639081,9.589276333371218e-05,0.09448642283205554
2026-08-25,2026-08-26,2026-08-27,NEE,1,83.53185039754672,82.89662238997566,-0.007604620328028999,17,0.990578734858681,0.03333333333333333,1.0,1.0,0.17261470442686053,0.16196207798559167,-0.00025348734426763333,-0.24976975905569873
2026-08-25,2026-08-26,2026-08-27,XEL,1,77.22000122070312,77.0,-0.002849018612086529,16,0.9952893674293405,0.03333333333333333,1.0,1.0,0.20471501014498594,-0.008342250068183097,-9.496728706955097e-05,-0.09357451938307207
2026-08-25,2026-08-26,2026-08-27,OKE,1,91.4000015258789,94.38999938964844,0.03271332400276772,15,0.9845430107526882,0.03333333333333333,1.0,1.0,0.28775625764987367,-0.42783665574840735,0.0010904441334255905,1.0744519386413658
2026-08-25,2026-08-26,2026-08-27,NE,1,45.34000015258789,44.970001220703125,-0.00816054103748487,15,0.9831989247311828,0.02940891638876374,1.0,0.8822674916629122,0.44652872059142,0.3973586101046361,-0.00023999266905846785,-0.23647299354945114
2026-08-25,2026-08-26,2026-08-27,APA,1,40.68000030517578,41.22999954223633,0.013520138469383713,15,0.9758064516129032,0.029694511387551647,1.0,0.8908353416265494,0.44223410978770317,-0.7080582427524992,0.00040147390574038976,0.39558598475060536
2026-08-25,2026-08-26,2026-08-27,DAR,1,61.77999877929688,62.16999816894531,0.006312712809232401,14,0.9899193548387097,0.03333333333333333,1.0,1.0,0.3540678890779256,0.40187039670992514,0.00021042376030774672,0.2073377353946693
2026-08-25,2026-08-26,2026-08-27,FRO,1,41.95000076293945,42.5099983215332,0.013349166827393288,14,0.9778225806451613,0.02803486617188538,1.0,0.8410459851565614,0.4684140715543704,0.5022889386009824,0.0003742421055121426,0.3687535596395475
2026-08-25,2026-08-26,2026-08-27,ATO,1,167.74000549316406,168.07000732421875,0.0019673412438760973,13,0.9765415549597856,0.03333333333333333,1.0,1.0,0.16943076067557986,-0.15813004086030588,6.557804146253657e-05,0.06461628947498424
2026-08-25,2026-08-26,2026-08-27,EVRG,1,81.47000122070312,81.4000015258789,-0.0008592082211290597,13,0.9952893674293406,0.03333333333333333,1.0,1.0,0.1724787466660976,-0.03625715522655222,-2.8640274037635324e-05,-0.028220242577935886
2026-08-25,2026-08-26,2026-08-27,KIM,1,24.049999237060547,23.850000381469727,-0.008315960995234684,12,0.9758713136729222,0.03333333333333333,1.0,1.0,0.197840019520056,0.15428318375632696,-0.0002771986998411561,-0.27313336951756817
2026-08-25,2026-08-26,2026-08-27,FE,1,46.619998931884766,46.310001373291016,-0.006649454433636515,11,0.9825033647375505,0.03333333333333333,1.0,1.0,0.18418631277916617,-0.09318176091296358,-0.00022164848112121716,-0.2183978371174912
2026-08-25,2026-08-26,2026-08-27,PNW,1,97.9499969482422,97.55999755859376,-0.0039816171699782466,11,0.9912516823687753,0.03333333333333333,1.0,1.0,0.19045245246484577,-0.13730460289825008,-0.00013272057233260822,-0.1307741239272698
2026-08-25,2026-08-26,2026-08-27,SRE,1,84.12000274658203,84.44000244140625,0.003804085644032229,9,0.9805369127516779,0.03333333333333333,1.0,1.0,0.22601719589873315,0.12206942823540846,0.0001268028548010743,0.12494319423615924
2026-08-25,2026-08-26,2026-08-27,LIN,1,488.5499877929688,484.5700073242188,-0.008146516361057787,9,0.9758713136729222,0.03333333333333333,1.0,1.0,0.2193992935483967,0.09924436088028533,-0.0002715505453685929,-0.267568049537601
2026-08-25,2026-08-26,2026-08-27,COST,1,960.5800170898438,948.27001953125,-0.012815171396015401,6,0.9792225201072386,0.03333333333333333,1.0,1.0,0.21902230015381507,-0.13695713003756982,-0.00042717237986718005,-0.42090757115679145
2026-08-25,2026-08-26,2026-08-27,AFL,1,116.4499969482422,116.44000244140624,-8.582659594580377e-05,4,0.9798115746971736,0.03333333333333333,1.0,1.0,0.19658729883323653,-0.1565740244795977,-2.8608865315267926e-06,-0.002818929448843415
2026-08-25,2026-08-26,2026-08-27,D,1,67.08000183105469,66.47000122070312,-0.009093628409371335,4,0.9831763122476447,0.03333333333333333,1.0,1.0,0.17881442515366922,-0.06807445884998943,-0.0003031209469790445,-0.2986754471329964
2026-08-25,2026-08-26,2026-08-27,SHEL,1,91.2300033569336,91.2300033569336,0.0,4,0.9765100671140939,0.03333333333333333,1.0,1.0,0.23551520664040418,-0.008883062292676417,0.0,0.0
2026-08-25,2026-08-26,2026-08-27,PPL,1,35.04999923706055,34.790000915527344,-0.0074179265960807594,3,0.9819034852546917,0.03333333333333333,1.0,1.0,0.20090482859318154,-0.03370160069955798,-0.00024726421986935864,-0.24363790152244996
2026-08-25,2026-08-26,2026-08-27,PEG,1,73.45999908447266,73.2699966430664,-0.00258647486760466,2,0.9771812080536912,0.03333333333333333,1.0,1.0,0.18077683704124067,0.11724954307443675,-8.621582892015534e-05,-0.08495140804125792
2026-08-25,2026-08-26,2026-08-27,CZR,1,29.63999938964844,29.65999984741211,0.0006747792906720562,1,0.9811574697173621,0.03333333333333333,1.0,1.0,0.10721372488454689,0.751954429780903,2.2492643022401873e-05,0.02216277125969517
2026-08-25,2026-08-26,2026-08-27,AEE,1,107.27999877929688,106.62000274658205,-0.006152088368984954,0,0.9771197846567967,0.03333333333333333,1.0,1.0,0.21195034687255015,-0.10647667804704988,-0.00020506961229949845,-0.20206211005000993
2026-08-26,2026-08-27,2026-08-28,AGX,1,467.5299987792969,452.2999877929688,-0.03257547328747468,38,0.9820954907161803,0.016955495783590215,1.0,0.5086648735077064,0.7743385584695924,1.8920201532231777,-0.0005523332999742325,-0.5441372867555199
2026-08-26,2026-08-27,2026-08-28,ENB,1,50.369998931884766,50.43999862670898,0.00138971007164157,32,0.9710632570659489,0.03333333333333333,1.0,1.0,0.19669066613418804,-0.137935413412831,4.6323669054719e-05,0.045636277213724694
2026-08-26,2026-08-27,2026-08-28,ELV,1,397.3599853515625,400.80999755859375,0.008682334241528755,29,0.9787798408488064,0.03333333333333333,1.0,1.0,0.36812945409856335,0.28802762236754065,0.00028941114138429186,0.28511660122070037
2026-08-26,2026-08-27,2026-08-28,SO,1,89.0,89.37000274658203,0.004157334231258858,26,0.9919246298788695,0.03333333333333333,1.0,1.0,0.18991218995086845,-0.2586261156175296,0.0001385778077086286,0.1365214668292119
2026-08-26,2026-08-27,2026-08-28,ACI,1,12.220000267028809,12.31999969482422,0.00818325905157491,23,0.9764150943396226,0.02347055011934166,1.0,0.7041165035802498,0.5593943940999867,-0.22851789760750194,0.0001920655917095452,0.1892155514737225
2026-08-26,2026-08-27,2026-08-28,AEP,1,122.23999786376952,123.37999725341795,0.00932591140028416,19,0.9785522788203753,0.03333333333333333,1.0,1.0,0.20530708440518863,-0.05241942493776902,0.0003108637133428053,0.30625084081838105
2026-08-26,2026-08-27,2026-08-28,TRP,1,62.75,62.25,-0.007968127490039834,19,0.9973082099596231,0.03333333333333333,1.0,1.0,0.2030308275538331,-0.021243297767277527,-0.00026560424966799446,-0.26166297735773053
2026-08-26,2026-08-27,2026-08-28,NEE,1,82.89662238997566,82.91999816894531,0.00028198710991733655,18,0.9838492597577388,0.03333333333333333,1.0,1.0,0.17163433468472644,0.1618083649280249,9.399570330577884e-06,0.009260091138062731
2026-08-26,2026-08-27,2026-08-28,XEL,1,77.0,77.5,0.006493506493506551,17,0.9838492597577388,0.03333333333333333,1.0,1.0,0.20463169005525994,-0.021910967245636008,0.00021645021645021837,0.21323833544412665
2026-08-26,2026-08-27,2026-08-28,OKE,1,94.38999938964844,95.25,0.009111141179283466,16,0.9845430107526882,0.03333333333333333,1.0,1.0,0.2786794873711635,-0.444457024212931,0.00030370470597611553,0.2991980651762912
2026-08-26,2026-08-27,2026-08-28,NE,1,44.970001220703125,46.630001068115234,0.036913493492365834,16,0.9831989247311828,0.029816935357024343,1.0,0.8945080607107303,0.44033010119899757,0.33790895906842927,0.001100647249263811,1.084314865530064
2026-08-26,2026-08-27,2026-08-28,APA,1,41.22999954223633,42.47999954223633,0.030317730145000166,16,0.9758064516129032,0.02959719671088517,1.0,0.8879159013265551,0.443599246626416,-0.7639953498856513,0.0008973198229291031,0.8840045925591744
2026-08-26,2026-08-27,2026-08-28,DAR,1,62.16999816894531,62.119998931884766,-0.0008042341729634916,15,0.9899193548387097,0.03333333333333333,1.0,1.0,0.3533410034187661,0.3252535947515279,-2.680780576544972e-05,-0.026410007677902657
2026-08-26,2026-08-27,2026-08-28,FRO,1,42.5099983215332,44.400001525878906,0.04446020416303642,15,0.9778225806451613,0.02804251457903861,1.0,0.8412754373711583,0.4681924699084034,0.49739253528502075,0.0012467759234289818,1.228275152337191
2026-08-26,2026-08-27,2026-08-28,ATO,1,168.07000732421875,168.35000610351562,0.0016659651757897631,14,0.9765415549597856,0.03333333333333333,1.0,1.0,0.16900876928680766,-0.16789935776327514,5.5532172526325437e-05,0.054708136712966315
2026-08-26,2026-08-27,2026-08-28,EVRG,1,81.4000015258789,82.0199966430664,0.007616647488518646,14,0.9952893674293406,0.03333333333333333,1.0,1.0,0.17241243812137022,-0.04156041459017625,0.00025388824961728823,0.250120829745924
2026-08-26,2026-08-27,2026-08-28,KIM,1,23.850000381469727,23.950000762939453,0.004192888044874943,13,0.9758713136729222,0.03333333333333333,1.0,1.0,0.1949772179511408,0.12870443755249802,0.00013976293482916477,0.13768900797847633
2026-08-26,2026-08-27,2026-08-28,FE,1,46.310001373291016,46.52000045776367,0.004534637837298128,12,0.9851951547779273,0.03333333333333333,1.0,1.0,0.1836523107890475,-0.10029758087157935,0.00015115459457660426,0.14891162813717937
2026-08-26,2026-08-27,2026-08-28,PNW,1,97.55999755859376,98.36000061035156,0.008200113486855232,12,0.9851951547779273,0.03333333333333333,1.0,1.0,0.190452624109996,-0.14067100832119803,0.00027333711622850774,0.2692810967600488
2026-08-26,2026-08-27,2026-08-28,SRE,1,84.44000244140625,85.4000015258789,0.011369008251021828,10,0.9805369127516779,0.03333333333333333,1.0,1.0,0.22490299049088813,0.10334986175212112,0.0003789669417007276,0.37334349284515583
2026-08-26,2026-08-27,2026-08-28,LIN,1,484.5700073242188,487.0,0.005014740159424047,10,0.9758713136729222,0.03333333333333333,1.0,1.0,0.21946210262569957,0.09798899392301635,0.0001671580053141349,0.16467756601917982
2026-08-26,2026-08-27,2026-08-28,COST,1,948.27001953125,938.9400024414062,-0.00983898773310976,7,0.9792225201072386,0.03333333333333333,1.0,1.0,0.21480424637271647,-0.130079208505536,-0.00032796625777032533,-0.3230996024661771
2026-08-26,2026-08-27,2026-08-28,AFL,1,116.44000244140624,117.23999786376952,0.00687045178280421,5,0.9804845222072678,0.03333333333333333,1.0,1.0,0.19879865952862397,-0.16302218861076637,0.00022901505942680698,0.2256167300948005
2026-08-26,2026-08-27,2026-08-28,D,1,66.47000122070312,66.94999694824219,0.00722123843424205,5,0.9932705248990579,0.03333333333333333,1.0,1.0,0.1786862428559849,-0.0773256214044798,0.00024070794780806833,0.2371361089886885
2026-08-26,2026-08-27,2026-08-28,SHEL,1,91.2300033569336,90.73999786376952,-0.005371100242613669,5,0.9885598923283985,0.03333333333333333,1.0,1.0,0.23559000163694233,-0.01964929790128,-0.00017903667475378896,-0.17637996918672488
2026-08-26,2026-08-27,2026-08-28,PPL,1,34.790000915527344,34.650001525878906,-0.00402412721943779,4,0.9819034852546917,0.03333333333333333,1.0,1.0,0.20064586452370392,-0.03876164525373381,-0.00013413757398125965,-0.13214712124279948
2026-08-26,2026-08-27,2026-08-28,PEG,1,73.2699966430664,73.9000015258789,0.008598401960922208,3,0.9771812080536912,0.03333333333333333,1.0,1.0,0.18008432273326208,0.11356645427243095,0.0002866133986974069,0.28236037393048863
2026-08-26,2026-08-27,2026-08-28,CZR,1,29.65999984741211,29.63999938964844,-0.0006743242706190866,2,0.9885598923283984,0.03333333333333333,1.0,1.0,0.10694034377480276,0.6995833933290783,-2.2477475687302887e-05,-0.02214393489252368
2026-08-26,2026-08-27,2026-08-28,AEE,1,106.62000274658205,107.41999816894533,0.0075032395587602,1,0.9771197846567967,0.03333333333333333,1.0,1.0,0.21198314244920452,-0.11199734441505055,0.00025010798529200663,0.2463966603480742
2026-08-26,2026-08-27,2026-08-28,UTHR,1,513.97998046875,527.9400024414062,0.027160633688348534,0,0.9757738896366084,0.03333333333333333,1.0,1.0,0.2103622095382599,0.09765723452744807,0.0009053544562782845,0.8919200008659033
2026-08-27,2026-08-28,2026-08-31,AGX,1,452.2999877929688,421.2900085449219,-0.06856064577707022,39,0.9820954907161803,0.016897648403760943,1.0,0.5069294521128282,0.774740166050542,1.9003619052350638,-0.00115851368667573,-1.1487504804697461
2026-08-27,2026-08-28,2026-08-31,ELV,1,400.80999755859375,393.9400024414063,-0.017140278832947886,30,0.9787798408488064,0.03333333333333333,1.0,1.0,0.36811702758133535,0.2852673742734427,-0.0005713426277649295,-0.566527720566773
2026-08-27,2026-08-28,2026-08-31,SO,1,89.37000274658203,88.04000091552734,-0.014881971468950761,27,0.9912516823687753,0.03333333333333333,1.0,1.0,0.18984105679483937,-0.2634950168735421,-0.000496065715631692,-0.49188519370162453
2026-08-27,2026-08-28,2026-08-31,ACI,1,12.31999969482422,12.479999542236328,0.012987000923329939,24,0.9764150943396226,0.0234751205540812,1.0,0.704253616622436,0.5576664409468806,-0.225927076443756,0.00030487141231113414,0.3023021526649714
2026-08-27,2026-08-28,2026-08-31,AEP,1,123.37999725341795,122.30999755859376,-0.008672391948805536,20,0.9785522788203753,0.03333333333333333,1.0,1.0,0.20475486914500998,-0.05560947922236601,-0.0002890797316268512,-0.28664355408117026
2026-08-27,2026-08-28,2026-08-31,TRP,1,62.25,62.16999816894531,-0.0012851699767820746,20,0.9973082099596231,0.03333333333333333,1.0,1.0,0.2029961492834698,-0.02499604113905708,-4.2838999226069155e-05,-0.04247797976819617
2026-08-27,2026-08-28,2026-08-31,NEE,1,82.91999816894531,81.08000183105469,-0.022190019036683162,19,0.990578734858681,0.03333333333333333,1.0,1.0,0.17163433468472644,0.15774729558914044,-0.000739667301222772,-0.7334338622321778
2026-08-27,2026-08-28,2026-08-31,XEL,1,77.5,75.61000061035156,-0.02438708889868957,18,0.9838492597577388,0.03333333333333333,1.0,1.0,0.2049932619986468,-0.02752644290381414,-0.0008129029632896523,-0.8060523413700912
2026-08-27,2026-08-28,2026-08-31,OKE,1,95.25,96.48999786376952,0.013018350275795454,17,0.9845430107526882,0.03333333333333333,1.0,1.0,0.28236912696107735,-0.44841054232443417,0.0004339450091931818,0.4302880005142705
2026-08-27,2026-08-28,2026-08-31,NE,1,46.630001068115234,46.68999862670898,0.0012866728976930197,17,0.9831989247311828,0.03053906012997949,1.0,0.9161718038993847,0.42867353724949814,0.3370639121587552,3.929378099026208e-05,0.03896263834530852
2026-08-27,2026-08-28,2026-08-31,DAR,1,62.119998931884766,65.37999725341797,0.05247904664499159,16,0.9899193548387097,0.03333333333333333,1.0,1.0,0.3526224592756681,0.33533213897285086,0.001749301554833053,1.7345595694834541
2026-08-27,2026-08-28,2026-08-31,FRO,1,44.400001525878906,44.84999847412109,0.01013506605354264,16,0.9778225806451613,0.02747108551777772,1.0,0.8241325655333316,0.47654785689926565,0.49728157473314993,0.0002784212662851958,0.2760749114115875
2026-08-27,2026-08-28,2026-08-31,ATO,1,168.35000610351562,165.5,-0.01692905257017452,15,0.9765415549597856,0.03333333333333333,1.0,1.0,0.17005923154459449,-0.17218076718533293,-0.0005643017523391506,-0.5595461810983015
2026-08-27,2026-08-28,2026-08-31,EVRG,1,82.0199966430664,80.4000015258789,-0.01975122145197561,15,0.9993270524899058,0.03333333333333333,1.0,1.0,0.17368264095562347,-0.04500076831630077,-0.000658374048399187,-0.6528256965159788
2026-08-27,2026-08-28,2026-08-31,KIM,1,23.950000762939453,23.729999542236328,-0.009185854434023977,14,0.9758713136729222,0.03333333333333333,1.0,1.0,0.19476006708295712,0.128807885702267,-0.0003061951478007992,-0.30361473256562926
2026-08-27,2026-08-28,2026-08-31,FE,1,46.52000045776367,45.52999877929688,-0.021281205260641145,13,0.9851951547779273,0.03333333333333333,1.0,1.0,0.18361497731665172,-0.10173796976433638,-0.0007093735086880382,-0.7033953662439411
2026-08-27,2026-08-28,2026-08-31,PNW,1,98.36000061035156,97.01000213623048,-0.013725075902236261,13,0.9851951547779273,0.03333333333333333,1.0,1.0,0.19176237977327198,-0.14614243014361916,-0.000457502530074542,-0.45364699380229134
2026-08-27,2026-08-28,2026-08-31,SRE,1,85.4000015258789,79.9800033569336,-0.06346601957967035,11,0.9805369127516779,0.03333333333333333,1.0,1.0,0.22712830211084362,0.09830237641320902,-0.0021155339859890115,-2.0977056298991976
2026-08-27,2026-08-28,2026-08-31,LIN,1,487.0,489.0499877929688,0.004209420519443174,11,0.9758713136729222,0.03333333333333333,1.0,1.0,0.21831471862390026,0.09536004890392216,0.00014031401731477247,0.1391315412677566
2026-08-27,2026-08-28,2026-08-31,COST,1,938.9400024414062,945.1900024414062,0.006656442353876635,8,0.9792225201072386,0.03333333333333333,1.0,1.0,0.2148957398479107,-0.13581257610408512,0.00022188141179588783,0.22001153835239484
2026-08-27,2026-08-28,2026-08-31,AFL,1,117.23999786376952,116.51000213623048,-0.006226507513137913,6,0.990578734858681,0.03333333333333333,1.0,1.0,0.19698498809477774,-0.16693455022699016,-0.00020755025043793043,-0.2058011507799509
2026-08-27,2026-08-28,2026-08-31,D,1,66.94999694824219,64.91999816894531,-0.03032111832456441,6,0.9912516823687753,0.03333333333333333,1.0,1.0,0.17866824339642498,-0.08638435874114551,-0.001010703944152147,-1.0021863831311173
2026-08-27,2026-08-28,2026-08-31,SHEL,1,90.73999786376952,92.04000091552734,0.014326681533644692,6,0.9899057873485868,0.03333333333333333,1.0,1.0,0.2350067443059713,-0.017409728222289988,0.0004775560511214897,0.47353151670671456
2026-08-27,2026-08-28,2026-08-31,PPL,1,34.650001525878906,33.959999084472656,-0.019913489495546166,5,0.9819034852546917,0.03333333333333333,1.0,1.0,0.20008407755784482,-0.04220235638424649,-0.0006637829831848722,-0.6581890482876049
2026-08-27,2026-08-28,2026-08-31,PEG,1,73.9000015258789,72.79000091552734,-0.015020305648611565,4,0.9771812080536912,0.03333333333333333,1.0,1.0,0.18148230057507075,0.10932301446559918,-0.0005006768549537189,-0.4964574733152481
2026-08-27,2026-08-28,2026-08-31,CZR,1,29.63999938964844,29.75,0.0037112217482020426,3,0.9751009421265141,0.03333333333333333,1.0,1.0,0.10343496138175942,0.7004746021441949,0.00012370739160673475,0.12266486549128885
2026-08-27,2026-08-28,2026-08-31,AEE,1,107.41999816894533,105.19000244140624,-0.020759595657708463,2,0.9771197846567967,0.03333333333333333,1.0,1.0,0.21273894695054796,-0.11637462658911907,-0.0006919865219236154,-0.6861549057908033
2026-08-27,2026-08-28,2026-08-31,INVH,1,29.36000061035156,29.11000061035156,-0.008514986199007701,0,0.9899057873485868,0.03333333333333333,1.0,1.0,0.1903588508741421,0.09706026170042482,-0.0002838328733002567,-0.28144091289276346
2026-08-27,2026-08-28,2026-08-31,PEN,1,320.8299865722656,320.989990234375,0.0004987179154256616,0,0.9811574697173621,0.03333333333333333,1.0,1.0,0.06041622665586246,0.04037720734656991,1.662393051418872e-05,0.016483834748872654
2026-08-27,2026-08-28,2026-08-31,ENB,1,50.43999862670898,50.310001373291016,-0.0025772652053389633,0,0.9791386271870794,0.03333333333333333,1.0,1.0,0.19706739064341433,-0.14111799399644886,-8.590884017796544e-05,-0.085184855877028
