signal_date,exec_entry_date,exec_exit_date,ticker,side,entry_price,exit_price,position_return,holding_age,score,weight,regime_exposure,position_risk_scale,contribution_return,contribution_pnl
2026-06-01,2026-06-02,2026-06-03,WFRD,1,100.12999725341795,103.3550033569336,0.032208191271128284,0,0.9868421052631579,0.030509758108972048,1.0,0.9152927432691614,0.0009826641248096288,0.9826641248096288
2026-06-01,2026-06-02,2026-06-03,GMED,1,78.98999786376953,78.36000061035156,-0.007975658570145705,0,0.9842105263157894,0.03333333333333333,1.0,1.0,-0.0002658552856715235,-0.2658552856715235
2026-06-01,2026-06-02,2026-06-03,PSLV,1,24.100000381469727,23.559999465942383,-0.022406676638169087,0,0.9796052631578948,0.02231188620737412,1.0,0.6693565862212236,-0.0004999352194362568,-0.4999352194362568
2026-06-01,2026-06-02,2026-06-03,KGC,1,29.3700008392334,28.51000022888184,-0.02928159978813283,0,0.9789473684210526,0.023608000950398413,1.0,0.7082400285119524,-0.0006912800356274258,-0.6912800356274258
2026-06-01,2026-06-02,2026-06-03,LBRT,1,29.709999084472656,31.670000076293945,0.06597108893367976,0,0.9782894736842105,0.02665076734268213,1.0,0.799523020280464,0.001758180142514891,1.758180142514891
2026-06-01,2026-06-02,2026-06-03,ZIM,1,25.0,25.100000381469727,0.004000015258789125,0,0.9710526315789474,0.03333333333333333,1.0,1.0,0.0001333338419596375,0.1333338419596375
2026-06-02,2026-06-03,2026-06-04,WFRD,1,103.3550033569336,104.23999786376952,0.00856266729322841,1,0.969078947368421,0.030949584921127243,1.0,0.9284875476338172,0.0002650109985431314,0.265333545435207
2026-06-02,2026-06-03,2026-06-04,GMED,1,78.36000061035156,79.33000183105469,0.012378780157576763,1,0.9677631578947368,0.03333333333333333,1.0,1.0,0.0004126260052525588,0.4131282154865318
2026-06-02,2026-06-03,2026-06-04,PSLV,1,23.559999465942383,23.700000762939453,0.005942330227954873,1,0.9796052631578948,0.02269994508930203,1.0,0.680998352679061,0.00013489056987707522,0.1350547462105985
2026-06-02,2026-06-03,2026-06-04,KGC,1,28.51000022888184,28.559999465942383,0.0017537438323094179,1,0.9736842105263157,0.0236885886256364,1.0,0.710657658769092,4.154371619832487e-05,0.0415942793697355
2026-06-02,2026-06-03,2026-06-04,LBRT,1,31.670000076293945,30.229999542236328,-0.04546891476440207,1,0.9723684210526315,0.026967256263188924,1.0,0.8090176878956677,-0.001226171876460725,-1.2276642595319072
2026-06-02,2026-06-03,2026-06-04,ZIM,1,25.100000381469727,24.5,-0.023904397304817637,1,0.9802631578947368,0.03333333333333333,1.0,1.0,-0.0007968132434939213,-0.7977830509232977
2026-06-02,2026-06-03,2026-06-04,BBIO,1,63.43000030517578,66.0,0.04051710046443935,0,0.9644736842105264,0.026273099201931892,1.0,0.7881929760579568,0.0010645097998768557,1.0658054228110803
2026-06-03,2026-06-04,2026-06-05,WFRD,1,104.23999786376952,102.69000244140624,-0.014869488239907303,2,0.969078947368421,0.032122356559300826,1.0,0.9636706967790248,-0.00047764300309663285,-0.47815847665016603
2026-06-03,2026-06-04,2026-06-05,GMED,1,79.33000183105469,80.05999755859375,0.00920201324454406,2,0.9677631578947368,0.03333333333333333,1.0,1.0,0.00030673377481813533,0.3070648026943296
2026-06-03,2026-06-04,2026-06-05,PSLV,1,23.700000762939453,22.43000030517578,-0.05358651548018589,2,0.9677631578947368,0.023903827063030673,1.0,0.7171148118909202,-0.0012809227989487796,-1.2823051741174623
2026-06-03,2026-06-04,2026-06-05,KGC,1,28.559999465942383,27.920000076293945,-0.022408942633617035,2,0.9736842105263157,0.0248422380204885,1.0,0.7452671406146549,-0.0005566882866917868,-0.5572890661180339
2026-06-03,2026-06-04,2026-06-05,LBRT,1,30.229999542236328,31.0,0.025471401568758045,2,0.9723684210526315,0.026257746198858536,1.0,0.7877323859657561,0.0006688215977216559,0.6695433917046562
2026-06-03,2026-06-04,2026-06-05,ZIM,1,24.5,25.440000534057617,0.038367368737045604,2,0.9907894736842106,0.03333333333333333,1.0,1.0,0.0012789122912348534,1.2802924966584566
2026-06-03,2026-06-04,2026-06-05,BBIO,1,66.0,67.44999694824219,0.021969650730942147,1,0.9644736842105264,0.02626491107008178,1.0,0.7879473321024534,0.0005770309226889527,0.5776536559401227
2026-06-03,2026-06-04,2026-06-05,EGO,1,32.22999954223633,31.030000686645508,-0.037232357202433786,0,0.9697368421052632,0.022808087491123327,1.0,0.6842426247336998,-0.0008491988605738655,-0.850115318161391
2026-06-04,2026-06-05,2026-06-08,WFRD,1,102.69000244140624,98.91999816894533,-0.03671247621804308,3,0.969078947368421,0.03251317342886232,1.0,0.9753952028658696,-0.001193639106280218,-1.1944895975017897
2026-06-04,2026-06-05,2026-06-08,GMED,1,80.05999755859375,79.69000244140625,-0.004621473001129028,3,0.9677631578947368,0.03333333333333333,1.0,1.0,-0.00015404910003763428,-0.15415886303600096
2026-06-04,2026-06-05,2026-06-08,PSLV,1,22.43000030517578,21.700000762939453,-0.0325456768749075,3,0.9677631578947368,0.023934483397683358,1.0,0.7180345019305008,-0.0007789639628288408,-0.7795189898959174
2026-06-04,2026-06-05,2026-06-08,KGC,1,27.920000076293945,26.459999084472656,-0.05229229899110688,3,0.9723684210526315,0.024867447989986965,1.0,0.7460234396996089,-0.0013003760254381982,-1.3013025688034068
2026-06-04,2026-06-05,2026-06-08,LBRT,1,31.0,28.89999961853028,-0.06774194778934584,3,0.9881578947368421,0.02642796092766676,1.0,0.7928388278300028,-0.0017902815493408735,-1.7915571599788336
2026-06-04,2026-06-05,2026-06-08,ZIM,1,25.440000534057617,25.479999542236328,0.0015722880243325132,3,0.9881578947368421,0.03333333333333333,1.0,1.0,5.240960081108377e-05,0.052446943677266177
2026-06-04,2026-06-05,2026-06-08,BBIO,1,67.44999694824219,67.97000122070312,0.007709478072474463,2,0.9644736842105264,0.026495295233459788,1.0,0.7948588570037937,0.0002042648976260954,0.20441044036291778
2026-06-04,2026-06-05,2026-06-08,EGO,1,31.030000686645508,29.93000030517578,-0.035449576446291764,1,0.969078947368421,0.022616801199270693,1.0,0.6785040359781208,-0.0008017560230841297,-0.8023272899401565
2026-06-05,2026-06-08,2026-06-09,WFRD,1,98.91999816894533,103.58999633789062,0.04720984892225144,4,0.969078947368421,0.01618982145336135,0.5,0.9713892872016808,0.0007643190248914145,0.7604561737244886
2026-06-05,2026-06-08,2026-06-09,GMED,1,79.69000244140625,79.12000274658203,-0.007152712728843547,4,0.9677631578947368,0.016666666666666666,0.5,1.0,-0.0001192118788140591,-0.11860938465888125
2026-06-05,2026-06-08,2026-06-09,PSLV,1,21.700000762939453,21.56999969482422,-0.005990832421409742,4,0.9677631578947368,0.011892741454003219,0.5,0.7135644872401932,-7.124742108208611e-05,-0.0708873382178574
2026-06-05,2026-06-08,2026-06-09,KGC,1,26.459999084472656,26.239999771118164,-0.00831441122322607,4,0.9723684210526315,0.012418876682173514,0.5,0.7451326009304109,-0.000103255647666124,-0.10273379594440946
2026-06-05,2026-06-08,2026-06-09,LBRT,1,28.89999961853028,28.440000534057617,-0.015916923548252138,4,0.9881578947368421,0.013102668337716207,0.5,0.7861601002629724,-0.00020855417020953278,-0.20750014212240567
2026-06-05,2026-06-08,2026-06-09,ZIM,1,25.479999542236328,25.700000762939453,0.008634270983343129,4,0.9881578947368421,0.016666666666666666,0.5,1.0,0.00014390451638905213,0.14317722619875714
2026-06-05,2026-06-08,2026-06-09,BBIO,1,67.97000122070312,67.80000305175781,-0.0025010764439052924,3,0.9644736842105264,0.013061824602537641,0.5,0.7837094761522585,-3.26686218278295e-05,-0.0325035153476298
2026-06-05,2026-06-08,2026-06-09,EGO,1,29.93000030517578,30.190000534057617,0.008686943743093645,2,0.969078947368421,0.011246317408658914,0.5,0.6747790445195349,9.769612664599468e-05,0.09720237261851612
2026-06-08,2026-06-09,2026-06-10,WFRD,1,103.58999633789062,100.62000274658205,-0.028670660259712988,5,0.969078947368421,0.03119775827309081,1.0,0.9359327481927243,-0.0008944603283124367,-0.8903588914617355
2026-06-08,2026-06-09,2026-06-10,GMED,1,79.12000274658203,82.5,0.04271988291309792,5,0.9677631578947368,0.03333333333333333,1.0,1.0,0.0014239960971032639,1.4174665396896522
2026-06-08,2026-06-09,2026-06-10,PSLV,1,21.56999969482422,20.290000915527344,-0.05934162250377839,5,0.9677631578947368,0.022828122570242415,1.0,0.6848436771072725,-0.0013546578320333088,-1.3484462166306728
2026-06-08,2026-06-09,2026-06-10,KGC,1,26.239999771118164,24.36000061035156,-0.07164631010537892,5,0.9723684210526315,0.02361038181494211,1.0,0.7083114544482633,-0.0016915967372197415,-1.6838401302748045
2026-06-08,2026-06-09,2026-06-10,LBRT,1,28.440000534057617,28.030000686645508,-0.01441630941325489,5,0.9881578947368421,0.024403758291089137,1.0,0.7321127487326741,-0.0003518121303706254,-0.35019893949971426
2026-06-08,2026-06-09,2026-06-10,ZIM,1,25.700000762939453,25.68000030517578,-0.0007782279054447949,5,0.9881578947368421,0.03333333333333333,1.0,1.0,-2.5940930181493163e-05,-0.025821981264900543
2026-06-08,2026-06-09,2026-06-10,BBIO,1,67.80000305175781,67.0999984741211,-0.010324550827856771,4,0.9644736842105264,0.026086904145911225,1.0,0.7826071243773367,-0.000269335567795888,-0.26810056296895873
2026-06-08,2026-06-09,2026-06-10,EGO,1,30.190000534057617,28.14999961853028,-0.06757207285326128,3,0.969078947368421,0.02174592280835779,1.0,0.6523776842507337,-0.0014694170802677488,-1.462679250571679
2026-06-09,2026-06-10,2026-06-11,WFRD,1,100.62000274658205,99.75,-0.008646419427886576,6,0.969078947368421,0.029958197424423516,1.0,0.8987459227327055,-0.00025903114023499707,-0.2566487387908074
2026-06-09,2026-06-10,2026-06-11,GMED,1,82.5,80.8499984741211,-0.020000018495501926,6,0.9677631578947368,0.03333333333333333,1.0,1.0,-0.0006666672831833975,-0.660535707277855
2026-06-09,2026-06-10,2026-06-11,PSLV,1,20.290000915527344,20.06999969482422,-0.01084283936797481,6,0.9677631578947368,0.02298903597294807,1.0,0.6896710791884422,-0.00024926642427927046,-0.24697383239764506
2026-06-09,2026-06-10,2026-06-11,KGC,1,24.36000061035156,23.850000381469727,-0.02093596946237808,6,0.9723684210526315,0.02356850048379359,1.0,0.7070550145138077,-0.0004934294064027456,-0.4888911608105243
2026-06-09,2026-06-10,2026-06-11,LBRT,1,28.030000686645508,28.89999961853028,0.031038134519178584,6,0.9881578947368421,0.02458200535460305,1.0,0.7374601606380915,0.0007629795889473377,0.755962194540834
2026-06-09,2026-06-10,2026-06-11,ZIM,1,25.68000030517578,25.5,-0.007009357594886856,6,0.9881578947368421,0.03333333333333333,1.0,1.0,-0.00023364525316289518,-0.23149633474305442
2026-06-09,2026-06-10,2026-06-11,BBIO,1,67.0999984741211,67.58000183105469,0.0071535524269605855,5,0.9644736842105264,0.026059097014094635,1.0,0.781772910422839,0.00018641511668957803,0.18470059061824498
2026-06-09,2026-06-10,2026-06-11,EGO,1,28.14999961853028,27.739999771118164,-0.014564826037945178,4,0.969078947368421,0.02170607926545292,1.0,0.6511823779635876,-0.00031614526846717063,-0.31323756808996267
2026-06-10,2026-06-11,2026-06-12,WFRD,1,99.75,100.4499969482422,0.007017513265586084,7,0.969078947368421,0.015007131012058474,0.5,0.9004278607235084,0.00010531274095550866,0.10421175144219647
2026-06-10,2026-06-11,2026-06-12,GMED,1,80.8499984741211,80.6500015258789,-0.002473679060194467,7,0.9677631578947368,0.016666666666666666,0.5,1.0,-4.1227984336574446e-05,-0.04079696736751897
2026-06-10,2026-06-11,2026-06-12,PSLV,1,20.06999969482422,21.21999931335449,0.05729943378259428,7,0.9677631578947368,0.01149641799643664,0.5,0.6897850797861984,0.0006587382417238464,0.6518514786448941
2026-06-10,2026-06-11,2026-06-12,KGC,1,23.850000381469727,25.200000762939453,0.05660378867409199,7,0.9723684210526315,0.011804774439488647,0.5,0.7082864663693188,0.0006681949577181382,0.661209329629638
2026-06-10,2026-06-11,2026-06-12,LBRT,1,28.89999961853028,27.729999542236328,-0.04048443224005316,7,0.9881578947368421,0.012320880013954809,0.5,0.7392528008372885,-0.0004988038320627786,-0.4935890994167727
2026-06-10,2026-06-11,2026-06-12,ZIM,1,25.5,25.93000030517578,0.016862757065716938,7,0.9881578947368421,0.016666666666666666,0.5,1.0,0.0002810459510952823,0.27810776297001566
2026-06-10,2026-06-11,2026-06-12,BBIO,1,67.58000183105469,67.66999816894531,0.0013317007317581453,6,0.9644736842105264,0.015605710242129705,0.5,0.9363426145277823,2.0782135749049712e-05,0.020564869411507508
2026-06-10,2026-06-11,2026-06-12,EGO,1,27.739999771118164,30.420000076293945,0.09661140329085716,5,0.969078947368421,0.011053640488030805,0.5,0.6632184292818483,0.0010679077190212912,1.0567433034989158
2026-06-11,2026-06-12,2026-06-15,WFRD,1,100.4499969482422,101.9000015258789,0.014435088319453504,8,0.969078947368421,0.02963762317408831,1.0,0.8891286952226494,0.0004278217080966467,0.42430665072400126
2026-06-11,2026-06-12,2026-06-15,GMED,1,80.6500015258789,80.37000274658203,-0.0034717764910026094,8,0.9677631578947368,0.03333333333333333,1.0,1.0,-0.00011572588303342032,-0.11477505910217971
2026-06-11,2026-06-12,2026-06-15,PSLV,1,21.21999931335449,22.690000534057617,0.06927432932469535,8,0.9677631578947368,0.022984353362171684,1.0,0.6895306008651505,0.0015922256641262502,1.5791436618489418
2026-06-11,2026-06-12,2026-06-15,KGC,1,25.200000762939453,27.290000915527344,0.08293651148064907,8,0.9723684210526315,0.023043753372357867,1.0,0.691312601170736,0.0019111685161238038,1.8954660240439696
2026-06-11,2026-06-12,2026-06-15,LBRT,1,27.729999542236328,28.21999931335449,0.017670385113848663,8,0.9881578947368421,0.025261658702861754,1.0,0.7578497610858527,0.0004463832378941739,0.44271567577263987
2026-06-11,2026-06-12,2026-06-15,ZIM,1,25.93000030517578,25.75,-0.006941777981385178,8,0.9881578947368421,0.03333333333333333,1.0,1.0,-0.00023139259937950593,-0.22949143764079216
2026-06-11,2026-06-12,2026-06-15,BBIO,1,67.66999816894531,66.91000366210938,-0.011230892971779483,7,0.9644736842105264,0.031782044576699725,1.0,0.9534613373009917,-0.00035694074106523916,-0.3540080540142224
2026-06-11,2026-06-12,2026-06-15,EGO,1,30.420000076293945,32.5099983215332,0.0687047416172748,6,0.969078947368421,0.022050759891980843,1.0,0.6615227967594253,0.0015149917608431101,1.5025443257137883
2026-06-12,2026-06-15,2026-06-16,WFRD,1,101.9000015258789,100.0999984741211,-0.017664406524083076,9,0.969078947368421,0.032010374668095275,1.0,0.9603112400428582,-0.0005654442711254458,-0.5637082035854896
2026-06-12,2026-06-15,2026-06-16,GMED,1,80.37000274658203,77.69999694824219,-0.03322142226072522,9,0.9677631578947368,0.03333333333333333,1.0,1.0,-0.001107380742024174,-1.1039807822778769
2026-06-12,2026-06-15,2026-06-16,PSLV,1,22.690000534057617,22.51000022888184,-0.00793302339969526,9,0.9677631578947368,0.022476088150709634,1.0,0.674282644521289,-0.0001783033332331929,-0.17775589355628887
2026-06-12,2026-06-15,2026-06-16,KGC,1,27.290000915527344,27.65999984741211,0.01355804028845764,9,0.9723684210526315,0.022693569129899914,1.0,0.6808070738969975,0.0003076803245520816,0.3067356623609255
2026-06-12,2026-06-15,2026-06-16,LBRT,1,28.21999931335449,27.75,-0.016654830786337782,9,0.9881578947368421,0.02539031665116771,1.0,0.7617094995350313,-0.0004228714274367328,-0.421573097263033
2026-06-12,2026-06-15,2026-06-16,ZIM,1,25.75,24.690000534057617,-0.04116502780358766,9,0.9881578947368421,0.03333333333333333,1.0,1.0,-0.001372167593452922,-1.3679546661318405
2026-06-12,2026-06-15,2026-06-16,BBIO,1,66.91000366210938,67.5,0.008817759760858301,8,0.9644736842105264,0.032858813755680887,1.0,0.9857644126704267,0.00028974112572438017,0.2888515417475909
2026-06-12,2026-06-15,2026-06-16,EGO,1,32.5099983215332,34.209999084472656,0.052291628751437,7,0.969078947368421,0.021630478479384888,1.0,0.6489143543815467,0.0011310929503599422,1.1276201876915986
2026-06-15,2026-06-16,2026-06-17,WFRD,1,100.0999984741211,100.91999816894533,0.008191805267971475,10,0.969078947368421,0.03190690441735244,1.0,0.9572071325205731,0.00026137514769073003,0.2600729670485255
2026-06-15,2026-06-16,2026-06-17,GMED,1,77.69999694824219,76.83000183105469,-0.011196848794820746,10,0.9677631578947368,0.03333333333333333,1.0,1.0,-0.00037322829316069155,-0.37136885601538205
2026-06-15,2026-06-16,2026-06-17,PSLV,1,22.51000022888184,22.36000061035156,-0.006663688005556834,10,0.9677631578947368,0.022660384067903837,1.0,0.6798115220371151,-0.00015100172951460197,-0.1502494333194565
2026-06-15,2026-06-16,2026-06-17,KGC,1,27.65999984741211,27.950000762939453,0.01048448724248563,10,0.9723684210526315,0.022895206566015527,1.0,0.6868561969804658,0.00024004450115546302,0.2388485905823501
2026-06-15,2026-06-16,2026-06-17,LBRT,1,27.75,27.540000915527344,-0.007567534575591228,10,0.9881578947368421,0.025065163165428665,1.0,0.7519548949628599,-0.0001896814888972171,-0.18873648871181786
2026-06-15,2026-06-16,2026-06-17,ZIM,1,24.690000534057617,24.39999961853028,-0.011745682837361882,10,0.9822134387351779,0.03333333333333333,1.0,1.0,-0.00039152276124539603,-0.3895721803842061
2026-06-15,2026-06-16,2026-06-17,BBIO,1,67.5,66.66999816894531,-0.01229632342303244,9,0.9881422924901186,0.03281708374967158,1.0,0.9845125124901474,-0.0004035294755867039,-0.4015190768310819
2026-06-15,2026-06-16,2026-06-17,EGO,1,34.209999084472656,34.630001068115234,0.012277170268420345,8,0.969078947368421,0.02174127920235412,1.0,0.6522383760706235,0.0002669213866205676,0.2655915744111108
2026-06-16,2026-06-17,2026-06-18,WFRD,1,100.91999816894533,94.66999816894533,-0.061930242899303045,11,0.969078947368421,0.032131041849092205,1.0,0.9639312554727663,-0.0019898832263219516,-1.9785031441498648
2026-06-16,2026-06-17,2026-06-18,GMED,1,76.83000183105469,76.23999786376953,-0.007679343397421046,11,0.9677631578947368,0.03333333333333333,1.0,1.0,-0.0002559781132473682,-0.2545141821359958
2026-06-16,2026-06-17,2026-06-18,PSLV,1,22.36000061035156,21.43000030517578,-0.04159214131439848,11,0.9677631578947368,0.02265413802677352,1.0,0.6796241408032057,-0.0009422341101654526,-0.9368455016997963
2026-06-16,2026-06-17,2026-06-18,KGC,1,27.950000762939453,27.420000076293945,-0.018962456965234353,11,0.9723684210526315,0.02244150553410321,1.0,0.6732451660230963,-0.0004255460829255007,-0.4231123977083771
2026-06-16,2026-06-17,2026-06-18,LBRT,1,27.540000915527344,27.290000915527344,-0.009077704854361435,11,0.9881578947368421,0.02517044517807665,1.0,0.7551133553422995,-0.00022848987237946477,-0.22718314568878645
2026-06-16,2026-06-17,2026-06-18,ZIM,1,24.39999961853028,24.100000381469727,-0.012295050891423909,11,0.9696969696969697,0.03333333333333333,1.0,1.0,-0.0004098350297141303,-0.40749119553660057
2026-06-16,2026-06-17,2026-06-18,BBIO,1,66.66999816894531,68.08000183105469,0.021148998062612057,10,0.9881422924901186,0.03323867519008024,1.0,0.9971602557024072,0.0007029646771987984,0.6989444434057916
2026-06-16,2026-06-17,2026-06-18,EGO,1,34.630001068115234,34.41999816894531,-0.0060641897976514425,9,0.969078947368421,0.020764452654369225,1.0,0.6229335796310768,-0.00012591958194044226,-0.12519945164807042
2026-06-17,2026-06-18,2026-06-22,WFRD,1,94.66999816894533,91.62999725341795,-0.03211155565992807,12,0.969078947368421,0.03181140060198117,1.0,0.9543420180594351,-0.0010215135610507876,-1.0119390427216504
2026-06-17,2026-06-18,2026-06-22,GMED,1,76.23999786376953,78.77999877929688,0.03331585764293932,12,0.9677631578947368,0.03333333333333333,1.0,1.0,0.0011105285880979772,1.1001197430985652
2026-06-17,2026-06-18,2026-06-22,PSLV,1,21.43000030517578,21.21999931335449,-0.009799392852578359,12,0.9677631578947368,0.02265904112169777,1.0,0.6797712336509332,-0.00022204484561424425,-0.2199636471600239
2026-06-17,2026-06-18,2026-06-22,KGC,1,27.420000076293945,26.100000381469727,-0.048140032500051944,12,0.9723684210526315,0.022292781297558843,1.0,0.6687834389267653,-0.001073175216181033,-1.0631164796458747
2026-06-17,2026-06-18,2026-06-22,LBRT,1,27.290000915527344,27.40999984741211,0.00439717581015131,12,0.9881578947368421,0.02526996913407912,1.0,0.7580990740223735,0.00011111649699964295,0.11007501602693982
2026-06-17,2026-06-18,2026-06-22,ZIM,1,24.100000381469727,24.34000015258789,0.009958496569265618,12,0.9696969696969697,0.03333333333333333,1.0,1.0,0.00033194988564218725,0.3288385610493284
2026-06-17,2026-06-18,2026-06-22,BBIO,1,68.08000183105469,66.3499984741211,-0.025411329471270006,11,0.9881422924901186,0.032976621079995785,1.0,0.9892986323998735,-0.0008379797831130006,-0.830125503836856
2026-06-17,2026-06-18,2026-06-22,EGO,1,34.41999816894531,31.51000022888184,-0.08454381449354509,10,0.969078947368421,0.020641729993477534,1.0,0.619251899804326,-0.0017451305913944103,-1.7287737015095062
2026-06-18,2026-06-22,2026-06-23,WFRD,1,91.62999725341795,89.2300033569336,-0.02619222927451126,13,0.969078947368421,0.03126092827514314,1.0,0.9378278482542942,-0.0008187934007166008,-0.8084047469863679
2026-06-18,2026-06-22,2026-06-23,GMED,1,78.77999877929688,80.30999755859375,0.019421157692362856,13,0.9677631578947368,0.03333333333333333,1.0,1.0,0.0006473719230787619,0.6391582238261124
2026-06-18,2026-06-22,2026-06-23,PSLV,1,21.21999931335449,19.600000381469727,-0.0763430247080753,13,0.9677631578947368,0.022743493876918913,1.0,0.6823048163075673,-0.0017363071149935798,-1.7142772679390954
2026-06-18,2026-06-22,2026-06-23,KGC,1,26.100000381469727,25.200000762939453,-0.03448274350100189,13,0.9723684210526315,0.022855839699876628,1.0,0.6856751909962988,-0.0007881320578708617,-0.7781324278839193
2026-06-18,2026-06-22,2026-06-23,LBRT,1,27.40999984741211,27.09000015258789,-0.011674560255586108,13,0.9881578947368421,0.025376649171156836,1.0,0.7612994751347051,-0.00029626121983353975,-0.29250232873371723
2026-06-18,2026-06-22,2026-06-23,ZIM,1,24.34000015258789,25.0,0.027115852229850468,13,0.9696969696969697,0.03333333333333333,1.0,1.0,0.0009038617409950156,0.8923937606241618
2026-06-18,2026-06-22,2026-06-23,BBIO,1,66.3499984741211,68.56999969482422,0.03345894908451297,12,0.9881422924901186,0.033032098155777706,1.0,0.9909629446733311,0.001105219290348801,1.091196533822724
2026-06-18,2026-06-22,2026-06-23,EGO,1,31.51000022888184,31.01000022888184,-0.015867978304287766,11,0.969078947368421,0.021172980562267223,1.0,0.6351894168680167,-0.0003359723961991629,-0.3317096592450362
2026-06-22,2026-06-23,2026-06-24,WFRD,1,89.2300033569336,87.4000015258789,-0.020508817238686028,14,0.969078947368421,0.031296476906450994,1.0,0.9388943071935298,-0.0006418537250891613,-0.6328741674761051
2026-06-22,2026-06-23,2026-06-24,GMED,1,80.30999755859375,80.91000366210938,0.007471125909048526,14,0.9677631578947368,0.03333333333333333,1.0,1.0,0.0002490375303016175,0.24555348594112722
2026-06-22,2026-06-23,2026-06-24,PSLV,1,19.600000381469727,18.420000076293945,-0.06020409603110921,14,0.9677631578947368,0.02315224617384044,1.0,0.6945673852152132,-0.0013938600519857707,-1.374359897741741
2026-06-22,2026-06-23,2026-06-24,KGC,1,25.200000762939453,23.809999465942383,-0.055158779956915094,14,0.9723684210526315,0.02341406102827189,1.0,0.7024218308481568,-0.0012914910401562304,-1.273423032215297
2026-06-22,2026-06-23,2026-06-24,LBRT,1,27.09000015258789,26.31999969482422,-0.028423789347602257,14,0.9881578947368421,0.02561566595967564,1.0,0.7684699787902692,-0.0007280942932363663,-0.717908226850376
2026-06-22,2026-06-23,2026-06-24,ZIM,1,25.0,25.43000030517578,0.017200012207031268,14,0.9696969696969697,0.03333333333333333,1.0,1.0,0.0005733337402343756,0.5653127797714159
2026-06-22,2026-06-23,2026-06-24,BBIO,1,68.56999969482422,69.25,0.009916877762901732,13,0.9881422924901186,0.0332226341744012,1.0,0.996679025232036,0.00032946480206913844,0.3248555771694263
2026-06-22,2026-06-23,2026-06-24,EGO,1,31.01000022888184,30.0,-0.03257014580545392,12,0.969078947368421,0.021770247357132018,1.0,0.6531074207139606,-0.0007090601306425876,-0.699140352902976
2026-06-23,2026-06-24,2026-06-25,WFRD,1,87.4000015258789,84.39402100181177,-0.03439336924012615,15,0.969078947368421,0.03127602915055683,1.0,0.9382808745167048,-0.00107568801894005,-1.0568075200006362
2026-06-23,2026-06-24,2026-06-25,GMED,1,80.91000366210938,82.66999816894531,0.02175249570109905,15,0.9677631578947368,0.03333333333333333,1.0,1.0,0.000725083190036635,0.7123565144955584
2026-06-23,2026-06-24,2026-06-25,PSLV,1,18.420000076293945,18.51000022888184,0.004886001748920732,15,0.9677631578947368,0.023655168036402465,1.0,0.709655041092074,0.00011557919239687623,0.11355054395881163
2026-06-23,2026-06-24,2026-06-25,KGC,1,23.809999465942383,24.377345071517055,0.023828039407820967,15,0.9723684210526315,0.023452070747773664,1.0,0.7035621224332099,0.0005588168659729562,0.5490085004807707
2026-06-23,2026-06-24,2026-06-25,LBRT,1,26.31999969482422,26.38999938964844,0.0026595629040979674,15,0.9881578947368421,0.025384322488458406,1.0,0.7615296746537522,6.751120243596378e-05,0.06632624437791386
2026-06-23,2026-06-24,2026-06-25,ZIM,1,25.43000030517578,25.850000381469727,0.016515928873522823,15,0.9696969696969697,0.03333333333333333,1.0,1.0,0.0005505309624507607,0.5408680313130613
2026-06-23,2026-06-24,2026-06-25,BBIO,1,69.25,69.58999633789062,0.004909694409972909,14,0.9881422924901186,0.032601310561392705,1.0,0.9780393168417811,0.00016006247222106053,0.15725305231138492
2026-06-23,2026-06-24,2026-06-25,EGO,1,30.0,30.6299991607666,0.02099997202555337,13,0.969078947368421,0.02173996478134469,1.0,0.6521989434403407,0.000456538652244754,0.44852547613073346
2026-06-24,2026-06-25,2026-06-26,WFRD,1,84.39402100181177,82.46011622111648,-0.022915187091912204,16,0.969078947368421,0.032593763069071864,1.0,0.9778128920721558,-0.0007468921787572403,-0.7349262636899861
2026-06-24,2026-06-25,2026-06-26,GMED,1,82.66999816894531,84.62000274658203,0.02358781445297331,16,0.9677631578947368,0.03333333333333333,1.0,1.0,0.000786260481765777,0.7736638494631035
2026-06-24,2026-06-25,2026-06-26,PSLV,1,18.51000022888184,18.600000381469727,0.004862244812263938,16,0.9677631578947368,0.02327183066670735,1.0,0.6981549200012205,0.00011315333793108265,0.11134051505012472
2026-06-24,2026-06-25,2026-06-26,KGC,1,24.377345071517055,24.127680084787873,-0.010241680789960017,16,0.9723684210526315,0.023497835071790443,1.0,0.7049350521537133,-0.00024065732606040494,-0.2368017693872278
2026-06-24,2026-06-25,2026-06-26,LBRT,1,26.38999938964844,27.059999465942383,0.025388408176953314,16,0.9881578947368421,0.02641514836847015,1.0,0.7924544510541045,0.0006706385688335025,0.6598943083047083
2026-06-24,2026-06-25,2026-06-26,ZIM,1,25.850000381469727,25.420000076293945,-0.01663444096055111,16,0.9696969696969697,0.03333333333333333,1.0,1.0,-0.0005544813653517036,-0.5455980524547693
2026-06-24,2026-06-25,2026-06-26,BBIO,1,69.58999633789062,69.52999877929688,-0.0008621578064530455,15,0.9881422924901186,0.03276672529378441,1.0,0.9830017588135322,-2.825008800393869e-05,-0.027797495028256375
2026-06-24,2026-06-25,2026-06-26,EGO,1,30.6299991607666,30.700000762939453,0.0022853935387145974,14,0.969078947368421,0.02198145548693656,1.0,0.6594436646080968,5.023627634138735e-05,0.049431443953135056
2026-06-25,2026-06-26,2026-06-29,WFRD,1,82.46011622111648,82.54982524772957,0.0010879080787677964,17,0.969078947368421,0.03172685835416465,1.0,0.9518057506249396,3.451590551741728e-05,0.03396462666106506
2026-06-25,2026-06-26,2026-06-29,GMED,1,84.62000274658203,85.98999786376953,0.01618996777027215,17,0.9677631578947368,0.03333333333333333,1.0,1.0,0.000539665592342405,0.5310461971360693
2026-06-25,2026-06-26,2026-06-29,PSLV,1,18.600000381469727,18.56999969482422,-0.0016129401091515838,17,0.9677631578947368,0.022777693011088965,1.0,0.683330790332669,-3.67390546515271e-05,-0.03615226824890657
2026-06-25,2026-06-26,2026-06-29,KGC,1,24.127680084787873,23.81809406867029,-0.012831155545400708,17,0.9723684210526315,0.023224996583670828,1.0,0.6967498975101248,-0.0002980035437064804,-0.2932439104214572
2026-06-25,2026-06-26,2026-06-29,LBRT,1,27.059999465942383,26.850000381469727,-0.0077604984707024816,17,0.9881578947368421,0.0264519970819181,1.0,0.793559912457543,-0.00020528068290125192,-0.20200199447038059
2026-06-25,2026-06-26,2026-06-29,ZIM,1,25.420000076293945,25.36000061035156,-0.00236032516767537,17,0.9696969696969697,0.03333333333333333,1.0,1.0,-7.8677505589179e-05,-0.07742088941029993
2026-06-25,2026-06-26,2026-06-29,BBIO,1,69.52999877929688,71.29000091552734,0.02531284578066928,16,0.9881422924901186,0.032993423235672684,1.0,0.9898026970701804,0.0008351574341409331,0.8218185218839466
2026-06-25,2026-06-26,2026-06-29,EGO,1,30.700000762939453,30.86000061035156,0.005211721284556381,15,0.969078947368421,0.021744061973169915,1.0,0.6523218591950974,0.00011332399059828267,0.11151400998216453
2026-06-26,2026-06-29,2026-06-30,WFRD,1,82.54982524772957,80.66577026193556,-0.022823246204822567,18,0.969078947368421,0.03254746930803233,1.0,0.9764240792409699,-0.0007428389053611279,-0.7316352533269856
2026-06-26,2026-06-29,2026-06-30,GMED,1,85.98999786376953,83.0,-0.03477146107744378,18,0.9677631578947368,0.03333333333333333,1.0,1.0,-0.0011590487025814591,-1.1415676871679843
2026-06-26,2026-06-29,2026-06-30,PSLV,1,18.56999969482422,18.799999237060547,0.012385543673457011,18,0.9677631578947368,0.023054881270403074,1.0,0.6916464381120923,0.0002855472388609433,0.2812405555674063
2026-06-26,2026-06-29,2026-06-30,KGC,1,23.81809406867029,23.63833605346133,-0.007547120046242917,18,0.9723684210526315,0.02353426438664116,1.0,0.7060279315992348,-0.00017761591852600024,-0.17493707802299446
2026-06-26,2026-06-29,2026-06-30,LBRT,1,26.850000381469727,26.649999618530277,-0.0074488178807430305,18,0.9881578947368421,0.026369722843067024,1.0,0.7910916852920107,-0.00019642326302367558,-0.1934607662098365
2026-06-26,2026-06-29,2026-06-30,ZIM,1,25.36000061035156,26.0,0.025236568385065494,18,0.9696969696969697,0.03333333333333333,1.0,1.0,0.0008412189461688498,0.828531505743497
2026-06-26,2026-06-29,2026-06-30,BBIO,1,71.29000091552734,72.52999877929688,0.017393713674359823,17,0.9881422924901186,0.03333333333333333,1.0,1.0,0.0005797904558119941,0.5710459346611042
2026-06-26,2026-06-29,2026-06-30,EGO,1,30.86000061035156,31.299999237060547,0.014257894297040163,16,0.969078947368421,0.021951203835327115,1.0,0.6585361150598135,0.00031297794397687663,0.308257545040618
2026-06-29,2026-06-30,2026-07-01,WFRD,1,80.66577026193556,80.11750115543144,-0.006796799989931324,19,0.969078947368421,0.032509721988086916,1.0,0.9752916596426076,-0.00022096207808129927,-0.2175736832139805
2026-06-29,2026-06-30,2026-07-01,GMED,1,83.0,79.47000122070312,-0.0425301057746611,19,0.9677631578947368,0.03333333333333333,1.0,1.0,-0.0014176701924887031,-1.3959305960588935
2026-06-29,2026-06-30,2026-07-01,PSLV,1,18.799999237060547,18.809999465942383,0.0005319270897694572,19,0.9677631578947368,0.023907811310441895,1.0,0.7172343393132569,1.2717212493120671e-05,0.012522197412196071
2026-06-29,2026-06-30,2026-07-01,KGC,1,23.63833605346133,23.42861559638055,-0.008872048210435302,19,0.9723684210526315,0.023828377284530966,1.0,0.714851318535929,-0.00021140651204480014,-0.20816464924847541
2026-06-29,2026-06-30,2026-07-01,LBRT,1,26.649999618530277,25.88999938964844,-0.028517832636417495,19,0.9881578947368421,0.026754520312353702,1.0,0.8026356093706111,-0.0007629809325353352,-0.7512808222806081
2026-06-29,2026-06-30,2026-07-01,ZIM,1,26.0,25.90999984741211,-0.0034615443303034343,19,0.9696969696969697,0.03333333333333333,1.0,1.0,-0.00011538481101011447,-0.11361541553380397
2026-06-29,2026-06-30,2026-07-01,BBIO,1,72.52999877929688,74.4800033569336,0.026885490286170155,18,0.9881422924901186,0.03333333333333333,1.0,1.0,0.0008961830095390052,0.8824402807591691
2026-06-29,2026-06-30,2026-07-01,EGO,1,31.299999237060547,31.26000022888184,-0.0012779236151336804,17,0.969078947368421,0.022136148445757946,1.0,0.6640844533727384,-2.8288306846938792e-05,-0.027854513163617083
2026-06-30,2026-07-01,2026-07-02,WFRD,1,80.11750115543144,80.82526979111944,0.008834132686126761,20,0.969078947368421,0.03230155713350463,1.0,0.969046714005139,0.0002853562416858843,0.28046118592840874
2026-06-30,2026-07-01,2026-07-02,GMED,1,79.47000122070312,77.06999969482422,-0.03020009423698955,20,0.9677631578947368,0.03333333333333333,1.0,1.0,-0.0010066698078996517,-0.9894012007371689
2026-06-30,2026-07-01,2026-07-02,PSLV,1,18.809999465942383,19.5,0.036682645063703445,20,0.9677631578947368,0.02428396142383786,1.0,0.7285188427151358,0.0008907999376513108,0.8755189844897573
2026-06-30,2026-07-01,2026-07-02,KGC,1,23.42861559638055,24.197585411363146,0.03282182047074911,20,0.9723684210526315,0.02391007453436226,1.0,0.7173022360308677,0.0007847721738090681,0.771310041265497
2026-06-30,2026-07-01,2026-07-02,LBRT,1,25.88999938964844,24.3799991607666,-0.058323687310922856,20,0.9881578947368421,0.02677115213092169,1.0,0.8031345639276507,-0.0015613923058370228,-1.5346078824397626
2026-06-30,2026-07-01,2026-07-02,ZIM,1,25.90999984741211,25.6299991607666,-0.010806664928385668,20,0.9696969696969697,0.03333333333333333,1.0,1.0,-0.00036022216427952227,-0.3540428441118288
2026-06-30,2026-07-01,2026-07-02,BBIO,1,74.4800033569336,75.02999877929688,0.007384470966354861,19,0.9881422924901186,0.03333333333333333,1.0,1.0,0.0002461490322118287,0.24192654445334505
2026-06-30,2026-07-01,2026-07-02,EGO,1,31.26000022888184,32.63999938964844,0.04414584615042916,18,0.969078947368421,0.022164863553071002,1.0,0.66494590659213,0.000978486656359127,0.9617015083892562
2026-07-01,2026-07-02,2026-07-06,WFRD,1,80.82526979111944,83.0083804005115,0.027010248342306475,21,0.969078947368421,0.016380973452828337,0.5,0.9828584071697003,0.00044245416104962297,0.43497609918412317
2026-07-01,2026-07-02,2026-07-06,GMED,1,77.06999969482422,79.98999786376953,0.03788761100957183,21,0.9677631578947368,0.016164977356548364,0.5,0.9698986413929018,0.0006124523740634411,0.6021011170381851
2026-07-01,2026-07-02,2026-07-06,PSLV,1,19.5,19.75,0.012820512820512775,21,0.9677631578947368,0.0121351696659285,0.5,0.7281101799557099,0.00015557909828113405,0.15294960527520318
2026-07-01,2026-07-02,2026-07-06,KGC,1,24.197585411363146,24.776809456071508,0.02393726625452297,21,0.9723684210526315,0.01198313771181766,0.5,0.7189882627090596,0.0002868435579723945,0.28199552158564417
2026-07-01,2026-07-02,2026-07-06,LBRT,1,24.3799991607666,23.850000381469727,-0.02173908111325007,21,0.9881578947368421,0.01342069649847205,0.5,0.805241789908323,-0.00029175360977659506,-0.2868225870052948
2026-07-01,2026-07-02,2026-07-06,ZIM,1,25.6299991607666,23.950000762939453,-0.06554812535455812,21,0.9696969696969697,0.016666666666666666,0.5,1.0,-0.001092468755909302,-1.0740045856923581
2026-07-01,2026-07-02,2026-07-06,BBIO,1,75.02999877929688,77.4800033569336,0.03265366676658865,20,0.9881422924901186,0.016666666666666666,0.5,1.0,0.0005442277794431441,0.5350296085095839
2026-07-01,2026-07-02,2026-07-06,EGO,1,32.63999938964844,34.20000076293945,0.04779416061465236,19,0.969078947368421,0.011221723448872031,0.5,0.6733034069323218,0.0005363328528886005,0.5272681166798
2026-07-02,2026-07-06,2026-07-07,WFRD,1,83.0083804005115,83.54668280721603,0.006484916391661377,22,0.969078947368421,0.01629548086694707,0.5,0.9777288520168242,0.00010567483098406942,0.10401279491494833
2026-07-02,2026-07-06,2026-07-07,GMED,1,79.98999786376953,81.30000305175781,0.016377112426222862,22,0.9677631578947368,0.015945500251865075,0.5,0.9567300151119045,0.0002611412503171593,0.2570340644042911
2026-07-02,2026-07-06,2026-07-07,PSLV,1,19.75,19.61000061035156,-0.007088576691060333,22,0.9677631578947368,0.01255651207359672,0.5,0.7533907244158031,-8.900779880591536e-05,-0.08760789903157075
2026-07-02,2026-07-06,2026-07-07,KGC,1,24.776809456071508,24.607036494387586,-0.0068520913471495914,22,0.9723684210526315,0.012282830992718957,0.5,0.7369698595631374,-8.416307996371039e-05,-0.0828393771171064
2026-07-02,2026-07-06,2026-07-07,LBRT,1,23.850000381469727,23.38999938964844,-0.01928725301734935,22,0.9881578947368421,0.012769431676803032,0.5,0.7661659006081819,-0.0002462872596382556,-0.2424136948066688
2026-07-02,2026-07-06,2026-07-07,ZIM,1,23.950000762939453,24.170000076293945,0.009185774795252621,22,0.9610817941952507,0.016666666666666666,0.5,1.0,0.00015309624658754368,0.1506883744243612
2026-07-02,2026-07-06,2026-07-07,BBIO,1,77.4800033569336,78.05000305175781,0.007356732964999502,21,0.9881422924901186,0.016666666666666666,0.5,1.0,0.00012261221608332503,0.12068379165389703
2026-07-02,2026-07-06,2026-07-07,EGO,1,34.20000076293945,33.13999938964844,-0.030994191510067992,20,0.969078947368421,0.011336172013599682,0.5,0.6801703208159809,-0.00035135548638058167,-0.3458294260499421
2026-07-06,2026-07-07,2026-07-08,WFRD,1,83.54668280721603,83.88562411201785,0.004056909184340984,23,0.969078947368421,0.016157221486511428,0.5,0.9694332891906857,6.55483802420597e-05,0.06450916939575706
2026-07-06,2026-07-07,2026-07-08,GMED,1,81.30000305175781,77.16999816894531,-0.05079956614741121,23,0.9677631578947368,0.015565651199022376,0.5,0.9339390719413426,-0.0007907283277122679,-0.7781920384614457
2026-07-06,2026-07-07,2026-07-08,PSLV,1,19.61000061035156,18.600000381469727,-0.05150434459184472,23,0.9677631578947368,0.012560506005595155,0.5,0.7536303603357093,-0.000646920629560108,-0.6366642825313462
2026-07-06,2026-07-07,2026-07-08,KGC,1,24.607036494387586,23.268828710770425,-0.05438313483715851,23,0.9723684210526315,0.012352012541561456,0.5,0.7411207524936874,-0.0006717411635580096,-0.6610913091985343
2026-07-06,2026-07-07,2026-07-08,LBRT,1,23.38999938964844,24.290000915527344,0.03847804828405477,23,0.9881578947368421,0.012923022500009667,0.5,0.77538135000058,0.0004972526837312981,0.489369187901525
2026-07-06,2026-07-07,2026-07-08,ZIM,1,24.170000076293945,23.959999084472656,-0.008688497772379344,23,0.9814814814814814,0.016666666666666666,0.5,1.0,-0.0001448082962063224,-0.14251249039851305
2026-07-06,2026-07-07,2026-07-08,BBIO,1,78.05000305175781,77.11000061035156,-0.012043592628470545,22,0.9881422924901186,0.016666666666666666,0.5,1.0,-0.00020072654380784243,-0.1975442042794569
2026-07-06,2026-07-07,2026-07-08,EGO,1,33.13999938964844,31.020000457763672,-0.0639710009333001,21,0.969078947368421,0.011340251831834779,0.5,0.6804151099100867,-0.0007254472605181609,-0.7139459441047422
2026-07-07,2026-07-08,2026-07-09,WFRD,1,83.88562411201785,83.99527382739556,0.0013071335707210974,24,0.969078947368421,0.03224970736297797,1.0,0.9674912208893391,4.215467514007986e-05,0.04137775705601627
2026-07-07,2026-07-08,2026-07-09,GMED,1,77.16999816894531,77.08000183105469,-0.0011662088898020118,24,0.9677631578947368,0.031049819073898033,1.0,0.931494572216941,-3.621057503072395e-05,-0.035543207758120705
2026-07-07,2026-07-08,2026-07-09,PSLV,1,18.600000381469727,19.15999984741211,0.0301074975514668,24,0.9677631578947368,0.025160613905505023,1.0,0.7548184171651507,0.000757523121553394,0.7435618370629921
2026-07-07,2026-07-08,2026-07-09,KGC,1,23.268828710770425,23.478549845253763,0.0090129648161561,24,0.9723684210526315,0.024671211077340494,1.0,0.7401363323202148,0.00022236075741203048,0.21826260950683574
2026-07-07,2026-07-08,2026-07-09,LBRT,1,24.290000915527344,24.459999084472656,0.006998689276979109,24,0.9881578947368421,0.025729484906410947,1.0,0.7718845471923284,0.00018007267011669413,0.17675389910507125
2026-07-07,2026-07-08,2026-07-09,ZIM,1,23.959999084472656,24.600000381469727,0.026711240461266383,24,0.9860742705570291,0.03333333333333333,1.0,1.0,0.0008903746820422127,0.8739649199037954
2026-07-07,2026-07-08,2026-07-09,BBIO,1,77.11000061035156,84.0,0.089352863897183,23,0.9881422924901186,0.03333333333333333,1.0,1.0,0.0029784287965727665,2.9235358295065104
2026-07-07,2026-07-08,2026-07-09,EGO,1,31.020000457763672,30.420000076293945,-0.019342371779996537,22,0.969078947368421,0.02262919749150115,1.0,0.6788759247450344,-0.00043770235096358024,-0.4296354195788468
2026-07-08,2026-07-09,2026-07-10,WFRD,1,83.99527382739556,82.57973426576825,-0.01685260964249191,25,0.969078947368421,0.03256103498020695,1.0,0.9768310494062087,-0.0005487384120769521,-0.541101126926189
2026-07-08,2026-07-09,2026-07-10,GMED,1,77.08000183105469,76.69999694824219,-0.004930006146670829,25,0.9677631578947368,0.03124929600492811,1.0,0.9374788801478433,-0.00015405922138343175,-0.15191504088154845
2026-07-08,2026-07-09,2026-07-10,PSLV,1,19.15999984741211,19.040000915527344,-0.006262992319437499,25,0.9677631578947368,0.025273269314948364,1.0,0.7581980794484509,-0.00015828629160659702,-0.15608327917325765
2026-07-08,2026-07-09,2026-07-10,KGC,1,23.478549845253763,23.927946560443598,0.019140735614072923,25,0.9723684210526315,0.024749511993192193,1.0,0.7424853597957658,0.00047372386563901875,0.4671306252808067
2026-07-08,2026-07-09,2026-07-10,LBRT,1,24.459999084472656,24.290000915527344,-0.006950048050215485,25,0.9881578947368421,0.025950872127303418,1.0,0.7785261638191026,-0.0001803598082297565,-0.1778495788474649
2026-07-08,2026-07-09,2026-07-10,ZIM,1,24.600000381469727,24.18000030517578,-0.017073173568335265,25,0.9913793103448276,0.03333333333333333,1.0,1.0,-0.0005691057856111755,-0.5611850294366432
2026-07-08,2026-07-09,2026-07-10,BBIO,1,84.0,90.80999755859376,0.08107139950706865,24,0.9881422924901186,0.03333333333333333,1.0,1.0,0.002702379983568955,2.6647685350791117
2026-07-08,2026-07-09,2026-07-10,EGO,1,30.420000076293945,30.3700008392334,-0.001643630405494645,23,0.969078947368421,0.022625748049629434,1.0,0.678772441488883,-3.7188367441432096e-05,-0.03667078354318343
2026-07-09,2026-07-10,2026-07-13,WFRD,1,82.57973426576825,84.17470997250913,0.019314371993590207,26,0.969078947368421,0.032775220528089406,1.0,0.9832566158426822,0.0006330328014514728,0.6251763557427786
2026-07-09,2026-07-10,2026-07-13,GMED,1,76.69999694824219,78.41999816894531,0.02242504940207235,26,0.9677631578947368,0.031131891318307056,1.0,0.9339567395492117,0.000698134200792983,0.6894697944094014
2026-07-09,2026-07-10,2026-07-13,PSLV,1,19.040000915527344,18.81999969482422,-0.011554685405698262,26,0.9677631578947368,0.025217571440820433,1.0,0.756527143224613,-0.00029138110469440116,-0.287764831060046
2026-07-09,2026-07-10,2026-07-13,KGC,1,23.927946560443598,23.75817599591324,-0.007095074543964963,26,0.9723684210526315,0.024712076876849114,1.0,0.7413623063054734,-0.00017533402757743735,-0.17315799141408156
2026-07-09,2026-07-10,2026-07-13,LBRT,1,24.290000915527344,24.81999969482422,0.021819627802404762,26,0.9881578947368421,0.0259838721730673,1.0,0.779516165192019,0.0005669584196815907,0.5599220101415127
2026-07-09,2026-07-10,2026-07-13,ZIM,1,24.18000030517578,23.989999771118164,-0.00785775565176261,26,0.9900530503978779,0.03333333333333333,1.0,1.0,-0.000261925188392087,-0.25867448634691076
2026-07-09,2026-07-10,2026-07-13,BBIO,1,90.80999755859376,84.83999633789062,-0.06574167361750105,25,0.9881422924901186,0.03333333333333333,1.0,1.0,-0.002191389120583368,-2.1641922208129123
2026-07-09,2026-07-10,2026-07-13,EGO,1,30.3700008392334,29.75,-0.020414910177824264,24,0.969078947368421,0.022120627518778944,1.0,0.6636188255633683,-0.00045159062387297973,-0.4459860213770609
2026-07-09,2026-07-10,2026-07-13,AGX,1,678.6436123416208,614.8958620271503,-0.0939340607576229,0,0.9741379310344828,0.02214089190013709,1.0,0.6642267570041127,-0.002079783884975438,-2.0539720958538292
2026-07-10,2026-07-13,2026-07-14,WFRD,1,84.17470997250913,82.4999935651727,-0.019895719366106346,27,0.969078947368421,0.03333333333333333,1.0,1.0,-0.0006631906455368782,-0.6526108297449881
2026-07-10,2026-07-13,2026-07-14,GMED,1,78.41999816894531,78.44000244140625,0.0002550914680952143,27,0.9677631578947368,0.03091361184530852,1.0,0.9274083553592557,7.885798629745358e-06,0.007759997252062919
2026-07-10,2026-07-13,2026-07-14,PSLV,1,18.81999969482422,19.01000022888184,0.010095671473888235,27,0.9677631578947368,0.02485309098335392,1.0,0.7455927295006176,0.00025090864167859507,0.2469059205494333
2026-07-10,2026-07-13,2026-07-14,KGC,1,23.75817599591324,24.257506322445664,0.021017199578718282,27,0.9723684210526315,0.024343474172363863,1.0,0.7303042251709159,0.0005116316551199452,0.5034696451445378
2026-07-10,2026-07-13,2026-07-14,LBRT,1,24.81999969482422,26.18000030517578,0.054794545812793416,27,0.9881578947368421,0.02565197128399541,1.0,0.7695591385198622,0.0014055881157093476,1.383164905364702
2026-07-10,2026-07-13,2026-07-14,ZIM,1,23.989999771118164,24.190000534057617,0.008336838884852149,27,0.9834656084656085,0.03333333333333333,1.0,1.0,0.0002778946294950716,0.27346140352995973
2026-07-10,2026-07-13,2026-07-14,BBIO,1,84.83999633789062,82.30000305175781,-0.02993863031319366,26,0.9881422924901186,0.028103712285968762,1.0,0.8431113685790629,-0.0008413866525579774,-0.8279640932174244
2026-07-10,2026-07-13,2026-07-14,EGO,1,29.75,30.18000030517578,0.014453791770614455,25,0.969078947368421,0.021747438282873108,1.0,0.6524231484861932,0.00031433294448493705,0.30931842162887224
2026-07-10,2026-07-13,2026-07-14,AGX,1,614.8958620271503,617.7635589398287,0.004663711515677349,1,0.9741379310344828,0.021780897676271564,1.0,0.6534269302881469,0.0001015798233146177,0.0999593302843347
2026-07-13,2026-07-14,2026-07-15,WFRD,1,82.4999935651727,82.37039434588553,-0.0015708997502501543,28,0.969078947368421,0.03333333333333333,1.0,1.0,-5.236332500833847e-05,-0.05159832626197955
2026-07-13,2026-07-14,2026-07-15,GMED,1,78.44000244140625,75.55999755859375,-0.03671602235050708,28,0.9677631578947368,0.030740427895378744,1.0,0.9222128368613624,-0.0011286662376708773,-1.112177058331361
2026-07-13,2026-07-14,2026-07-15,PSLV,1,19.01000022888184,18.739999771118164,-0.014203074934921123,28,0.9677631578947368,0.024898793924149096,1.0,0.7469638177244728,-0.00035363943589384835,-0.3484729625066295
2026-07-13,2026-07-14,2026-07-15,KGC,1,24.257506322445664,24.017825043621613,-0.009880705610793683,28,0.9723684210526315,0.024330751576649677,1.0,0.7299225472994904,-0.0002404049936182297,-0.23689281178663127
2026-07-13,2026-07-14,2026-07-15,LBRT,1,26.18000030517578,25.649999618530277,-0.020244487412810375,28,0.9881578947368421,0.025814416827795113,1.0,0.7744325048338534,-0.0005225996365393385,-0.5149647495886615
2026-07-13,2026-07-14,2026-07-15,ZIM,1,24.190000534057617,24.559999465942383,0.015295532191652361,28,0.9920424403183024,0.03333333333333333,1.0,1.0,0.0005098510730550787,0.5024024354512829
2026-07-13,2026-07-14,2026-07-15,BBIO,1,82.30000305175781,83.4800033569336,0.01433779175480332,27,0.9881422924901186,0.02750217821080853,1.0,0.8250653463242559,0.00039432050399006207,0.38855970306368887
2026-07-13,2026-07-14,2026-07-15,EGO,1,30.18000030517578,29.489999771118164,-0.022862840526190586,26,0.969078947368421,0.02172476883936245,1.0,0.6517430651808734,-0.0004966899254426982,-0.4894335648079932
2026-07-13,2026-07-14,2026-07-15,AGX,1,617.7635589398287,616.3746617719463,-0.002248266586436398,2,0.9741379310344828,0.021051478486529725,1.0,0.6315443545958918,-4.7329335676349456e-05,-0.04663788068466124
2026-07-14,2026-07-15,2026-07-16,WFRD,1,82.37039434588553,80.84519939800954,-0.01851630018270234,29,0.969078947368421,0.03331978026808843,1.0,0.9995934080426528,-0.0006169590534656075,-0.6067677208583334
2026-07-14,2026-07-15,2026-07-16,GMED,1,75.55999755859375,78.5,0.0389095094812093,29,0.9677631578947368,0.03059803213057107,1.0,0.9179409639171321,0.0011905544212908019,1.1708880657583245
2026-07-14,2026-07-15,2026-07-16,PSLV,1,18.739999771118164,18.100000381469727,-0.034151515339653105,29,0.9677631578947368,0.024811610478555398,1.0,0.7443483143566619,-0.0008473540958598823,-0.8333569474615641
2026-07-14,2026-07-15,2026-07-16,KGC,1,24.017825043621613,23.059110188674143,-0.039916805672713274,29,0.9723684210526315,0.024438899437671795,1.0,0.7331669831301538,-0.0009755227997085268,-0.9594084769476191
2026-07-14,2026-07-15,2026-07-16,LBRT,1,25.649999618530277,24.799999237060547,-0.03313841692440678,29,0.9881578947368421,0.025682436244556406,1.0,0.7704730873366922,-0.000851075279906606,-0.8370166625597407
2026-07-14,2026-07-15,2026-07-16,ZIM,1,24.559999465942383,24.90999984741211,0.014250830174287188,29,0.9847480106100797,0.03333333333333333,1.0,1.0,0.0004750276724762396,0.4671808551215535
2026-07-14,2026-07-15,2026-07-16,BBIO,1,83.4800033569336,83.05500030517578,-0.005091076122034077,28,0.9881422924901186,0.02726455512369548,1.0,0.8179366537108644,-0.00013880592556812793,-0.13651303862955547
2026-07-14,2026-07-15,2026-07-16,EGO,1,29.489999771118164,28.71999931335449,-0.026110561673106436,27,0.969078947368421,0.021659682603947027,1.0,0.6497904781184108,-0.0005655464784502694,-0.5562044123368323
2026-07-14,2026-07-15,2026-07-16,AGX,1,616.3746617719463,597.4201356307873,-0.030751630975012434,3,0.9741379310344828,0.020802947502618616,1.0,0.6240884250785584,-0.0006397245647930842,-0.6291571766005817
2026-07-15,2026-07-16,2026-07-17,WFRD,1,80.84519939800954,79.92809397087389,-0.011343968893200995,30,0.969078947368421,0.03321713160347969,1.0,0.9965139481043906,-0.00037681410763123726,-0.3694892149309386
2026-07-15,2026-07-16,2026-07-17,GMED,1,78.5,80.73999786376953,0.02853500463400671,30,0.9677631578947368,0.0301105776294716,1.0,0.903317328884148,0.0008592054721895909,0.842503369577612
2026-07-15,2026-07-16,2026-07-17,PSLV,1,18.100000381469727,17.68000030517578,-0.023204423615588943,30,0.9677631578947368,0.024700303019374665,1.0,0.74100909058124,-0.0005731562946949803,-0.5620147045206282
2026-07-15,2026-07-16,2026-07-17,KGC,1,23.059110188674143,22.459913463263746,-0.025985249235883523,30,0.9723684210526315,0.024294597881296776,1.0,0.7288379364389033,-0.0006313011810310645,-0.6190293119078687
2026-07-15,2026-07-16,2026-07-17,LBRT,1,24.799999237060547,23.51000022888184,-0.05201609063967072,30,0.9881578947368421,0.025647645814257665,1.0,0.76942937442773,-0.001334090269368598,-1.3081568770732097
2026-07-15,2026-07-16,2026-07-17,ZIM,1,24.90999984741211,24.5,-0.016459247287177514,30,0.9774535809018567,0.032994260628174135,1.0,0.9898278188452241,-0.000543060694736703,-0.5325041331904754
2026-07-15,2026-07-16,2026-07-17,BBIO,1,83.05500030517578,79.0999984741211,-0.04761906949036787,29,0.9881422924901186,0.027615217906895147,1.0,0.8284565372068544,-0.0013150109805000912,-1.2894484706661862
2026-07-15,2026-07-16,2026-07-17,EGO,1,28.71999931335449,27.43000030517578,-0.04491640108009587,28,0.969078947368421,0.021614877341085106,1.0,0.6484463202325532,-0.0009708624999492548,-0.9519898954080482
2026-07-15,2026-07-16,2026-07-17,AGX,1,597.4201356307873,528.2368898226813,-0.11580333785545871,4,0.9741379310344828,0.020648020864044138,1.0,0.6194406259213241,-0.002391109736165464,-2.344628933304463
2026-07-16,2026-07-17,2026-07-20,WFRD,1,79.92809397087389,80.19723848768975,0.0033673331046020216,31,0.969078947368421,0.03333333333333333,1.0,1.0,0.00011224443682006739,0.10926167932823048
2026-07-16,2026-07-17,2026-07-20,GMED,1,80.73999786376953,76.87000274658203,-0.04793157319272212,31,0.9677631578947368,0.029729630207950768,1.0,0.891888906238523,-0.0014249879463049547,-1.3871206488866252
2026-07-16,2026-07-17,2026-07-20,PSLV,1,17.68000030517578,18.21999931335449,0.030542929799646235,31,0.9677631578947368,0.02524810016122109,1.0,0.7574430048366327,0.0007711509507986125,0.7506585652426231
2026-07-16,2026-07-17,2026-07-20,KGC,1,22.459913463263746,22.539806262319118,0.0035571285341793324,31,0.9723684210526315,0.024270798930763407,1.0,0.7281239679229022,8.633435142394774e-05,0.08404012249993018
2026-07-16,2026-07-17,2026-07-20,LBRT,1,23.51000022888184,23.850000381469727,0.014461937442697304,31,0.9881578947368421,0.025672949633543628,1.0,0.7701884890063089,0.0003712805915698266,0.36141426770155494
2026-07-16,2026-07-17,2026-07-20,ZIM,1,24.5,24.40999984741211,-0.003673475615832311,31,0.9860742705570291,0.032789019554635826,1.0,0.9836705866390747,-0.00012044966380100353,-0.11724886252060147
2026-07-16,2026-07-17,2026-07-20,BBIO,1,79.0999984741211,81.93000030517578,0.0357775206782156,30,0.9881422924901186,0.027456888131475937,1.0,0.8237066439442781,0.000982339382883333,0.9562349251762775
2026-07-16,2026-07-17,2026-07-20,EGO,1,27.43000030517578,27.739999771118164,0.01130147511824453,29,0.969078947368421,0.02157836163228792,1.0,0.6473508489686376,0.00024386731707978437,0.23738684385864878
2026-07-16,2026-07-17,2026-07-20,AGX,1,528.2368898226813,565.5363513325456,0.0706112394429419,5,0.9741379310344828,0.02055823186717045,1.0,0.6167469560151135,0.0014516422328962912,1.4130666306811073
2026-07-17,2026-07-20,2026-07-21,WFRD,1,80.19723848768975,79.0109855531667,-0.014791693041963372,32,0.969078947368421,0.03333333333333333,1.0,1.0,-0.0004930564347321124,-0.4811411967867374
2026-07-17,2026-07-20,2026-07-21,GMED,1,76.87000274658203,74.83000183105469,-0.026538322396743363,32,0.9677631578947368,0.029536136381324088,1.0,0.8860840914397227,-0.0007838395096417595,-0.764897186592184
2026-07-17,2026-07-20,2026-07-21,PSLV,1,18.21999931335449,18.82999992370605,0.033479727406161786,32,0.9677631578947368,0.0251840280100091,1.0,0.755520840300273,0.0008431543927642477,0.8227786619010402
2026-07-17,2026-07-20,2026-07-21,KGC,1,22.539806262319118,23.15897808121796,0.02747014822101379,32,0.9723684210526315,0.02428904051253445,1.0,0.7286712153760335,0.0006672235430255301,0.6510993699737683
2026-07-17,2026-07-20,2026-07-21,LBRT,1,23.850000381469727,24.489999771118164,0.02683435553089919,32,0.9881578947368421,0.02505059875017016,1.0,0.7515179625051047,0.000672216673123965,0.6559718357242216
2026-07-17,2026-07-20,2026-07-21,ZIM,1,24.40999984741211,24.530000686645508,0.004916052436850782,32,0.9860742705570291,0.032948512749634735,1.0,0.988455382489042,0.00016197661639345088,0.15806227760794594
2026-07-17,2026-07-20,2026-07-21,BBIO,1,81.93000030517578,80.80000305175781,-0.013792228111911609,31,0.9881422924901186,0.02736304282706029,1.0,0.8208912848118086,-0.0003773973285068222,-0.3682771170009104
2026-07-17,2026-07-20,2026-07-21,EGO,1,27.739999771118164,28.600000381469727,0.031002185199978438,30,0.969078947368421,0.021617418928543693,1.0,0.6485225678563108,0.000670187225168231,0.653991431556555
2026-07-17,2026-07-20,2026-07-21,AGX,1,565.5363513325456,624.7478063534779,0.10469964464957093,6,0.9741379310344828,0.019652902438542792,1.0,0.5895870731562838,0.0020576519016481166,2.0079265349561446
2026-07-20,2026-07-21,2026-07-22,WFRD,1,79.0109855531667,87.41449855475237,0.10635879229643219,33,0.969078947368421,0.03333333333333333,1.0,1.0,0.0035452930765477396,3.4714426410295016
2026-07-20,2026-07-21,2026-07-22,GMED,1,74.83000183105469,75.56999969482422,0.00988905312925481,33,0.9677631578947368,0.028990842311036255,1.0,0.8697252693310876,0.00028669197987568585,0.2807200257618042
2026-07-20,2026-07-21,2026-07-22,PSLV,1,18.82999992370605,19.149999618530277,0.01699414212006256,33,0.9677631578947368,0.02514783059886955,1.0,0.7544349179660865,0.00042736580720844714,0.4184635386776096
2026-07-20,2026-07-21,2026-07-22,KGC,1,23.15897808121796,23.9479205210164,0.03406637533969059,33,0.9723684210526315,0.02434213588329925,1.0,0.7302640764989775,0.0008292483375702231,0.8119746314026164
2026-07-20,2026-07-21,2026-07-22,LBRT,1,24.489999771118164,24.90999984741211,0.0171498603601159,33,0.9881578947368421,0.025003135507771015,1.0,0.7500940652331305,0.0004288002825233284,0.4198681330702492
2026-07-20,2026-07-21,2026-07-22,ZIM,1,24.530000686645508,24.920000076293945,0.015898873980087602,33,0.9738605898123325,0.032973915644113415,1.0,0.9892174693234025,0.0005242481294557983,0.5133277480249824
2026-07-20,2026-07-21,2026-07-22,BBIO,1,80.80000305175781,82.47000122070312,0.020668293389488612,32,0.9881422924901186,0.02733000936192247,1.0,0.8199002808576741,0.0005648646518296841,0.5530982055456153
2026-07-20,2026-07-21,2026-07-22,EGO,1,28.600000381469727,31.190000534057617,0.09055944468679034,31,0.969078947368421,0.021640172266250857,1.0,0.6492051679875257,0.001959721983358159,1.9188998795600172
2026-07-20,2026-07-21,2026-07-22,AGX,1,624.7478063534779,600.2079174775849,-0.03927967193534809,7,0.9741379310344828,0.01965296811771041,1.0,0.5895890435313124,-0.0007719621402195204,-0.7558817375481801
2026-07-21,2026-07-22,2026-07-23,WFRD,1,87.41449855475237,87.20516064249017,-0.0023947733582327935,34,0.969078947368421,0.03333333333333333,1.0,1.0,-7.982577860775978e-05,-0.0787721864439038
2026-07-21,2026-07-22,2026-07-23,GMED,1,75.56999969482422,75.23999786376953,-0.004366836474624103,34,0.9677631578947368,0.02898723251584546,1.0,0.8696169754753638,-0.00012658250424860376,-0.12491178663226932
2026-07-21,2026-07-22,2026-07-23,PSLV,1,19.149999618530277,18.540000915527344,-0.031853718807005826,34,0.9677631578947368,0.025193920306687396,1.0,0.7558176092006219,-0.0008025200530953343,-0.7919278753048336
2026-07-21,2026-07-22,2026-07-23,KGC,1,23.9479205210164,23.458574774101663,-0.020433746908642525,34,0.9723684210526315,0.024390075895084327,1.0,0.7317022768525298,-0.0004983806379227359,-0.49180268849473113
2026-07-21,2026-07-22,2026-07-23,LBRT,1,24.90999984741211,26.0,0.04375753349115863,34,0.9881578947368421,0.025420491400029,1.0,0.76261474200087,0.001112338003798479,1.0976566486673263
2026-07-21,2026-07-22,2026-07-23,ZIM,1,24.920000076293945,25.0,0.00321026980181105,34,0.9725201072386058,0.03271593946657102,1.0,0.9814781839971306,0.00010502699250741124,0.1036407784518879
2026-07-21,2026-07-22,2026-07-23,BBIO,1,82.47000122070312,82.4000015258789,-0.0008487897876573447,33,0.9881422924901186,0.027123239214128594,1.0,0.8136971764238579,-2.3021928453139574e-05,-0.0227180701778039
2026-07-21,2026-07-22,2026-07-23,EGO,1,31.190000534057617,30.90999984741211,-0.008977258154893697,32,0.969078947368421,0.0214837225344681,1.0,0.6445116760340429,-0.0001928649233200272,-0.19031936754297507
2026-07-21,2026-07-22,2026-07-23,AGX,1,600.2079174775849,604.02001953125,0.006351302511445889,8,0.9741379310344828,0.018785337162426124,1.0,0.5635601148727837,0.00011931135909807483,0.11773661074989497
2026-07-22,2026-07-23,2026-07-24,WFRD,1,87.20516064249017,86.11858376636302,-0.012460006588162043,35,0.969078947368421,0.031932651243334345,1.0,0.9579795373000304,-0.0003978810448694268,-0.3924777949887354
2026-07-22,2026-07-23,2026-07-24,GMED,1,75.23999786376953,76.54000091552734,0.01727808464470737,35,0.9677631578947368,0.029127738315425387,1.0,0.8738321494627617,0.0005032715281228059,0.49643706878037275
2026-07-22,2026-07-23,2026-07-24,PSLV,1,18.540000915527344,18.6299991607666,0.004854274045039686,35,0.9677631578947368,0.024854065254299163,1.0,0.7456219576289749,0.00012064844387766711,0.11901003034077308
2026-07-22,2026-07-23,2026-07-24,KGC,1,23.458574774101663,23.85803975172078,0.017028527157588735,35,0.9723684210526315,0.024068259383177096,1.0,0.7220477814953129,0.00040984700854232106,0.4042812601143336
2026-07-22,2026-07-23,2026-07-24,LBRT,1,26.0,19.6200008392334,-0.24538458310640776,35,0.9881578947368421,0.02523845756027222,1.0,0.7571537268081666,-0.006193128386676164,-6.1090253095180245
2026-07-22,2026-07-23,2026-07-24,ZIM,1,25.0,25.6299991607666,0.025199966430664134,35,0.9758713136729222,0.03256706984556064,1.0,0.9770120953668192,0.0008206890668532223,0.8095440571581395
2026-07-22,2026-07-23,2026-07-24,BBIO,1,82.4000015258789,83.45999908447266,0.012864047802970457,34,0.9881422924901186,0.027062073711579305,1.0,0.8118622113473791,0.0003481278098732663,0.34340021208639415
2026-07-22,2026-07-23,2026-07-24,EGO,1,30.90999984741211,32.209999084472656,0.04205756206658107,33,0.969078947368421,0.020468075851427233,1.0,0.614042275542817,0.0008608373705048899,0.849147144294185
2026-07-22,2026-07-23,2026-07-24,AGX,1,604.02001953125,595.280029296875,-0.014469702910108295,9,0.9741379310344828,0.01883999700498493,1.0,0.5651999101495478,-0.000272609159489462,-0.26890710977515553
2026-07-22,2026-07-23,2026-07-24,PEN,1,315.70001220703125,318.489990234375,0.008837434017944013,0,0.9845844504021448,0.03333333333333333,1.0,1.0,0.0002945811339314671,0.2905807034075865
2026-07-22,2026-07-23,2026-07-24,UTHR,1,523.22998046875,533.9400024414062,0.020469052562816392,0,0.9785522788203753,0.03333333333333333,1.0,1.0,0.0006823017520938798,0.673036050929838
2026-07-23,2026-07-24,2026-07-27,WFRD,1,86.11858376636302,87.4643365559343,0.01562674083473392,36,0.969078947368421,0.030889932295635383,1.0,0.9266979688690615,0.0004827089663863716,0.4747776725862381
2026-07-23,2026-07-24,2026-07-27,GMED,1,76.54000091552734,75.72000122070312,-0.010713348380139265,36,0.9677631578947368,0.029169997173358553,1.0,0.8750999152007566,-0.0003125083419658678,-0.3073735803440173
2026-07-23,2026-07-24,2026-07-27,PSLV,1,18.6299991607666,18.920000076293945,0.015566340772471099,36,0.9677631578947368,0.025068148169883116,1.0,0.7520444450964935,0.0003902193369471983,0.38380772161924886
2026-07-23,2026-07-24,2026-07-27,KGC,1,23.85803975172078,24.13766604442767,0.011720421946514792,36,0.9723684210526315,0.02451872716554626,1.0,0.7355618149663878,0.00028736982797167684,0.2826481122099007
2026-07-23,2026-07-24,2026-07-27,LBRT,1,19.6200008392334,17.079999923706055,-0.1294597760897236,36,0.9881578947368421,0.02598091113324901,1.0,0.7794273339974703,-0.003363482937917424,-3.308218227232505
2026-07-23,2026-07-24,2026-07-27,ZIM,1,25.6299991607666,24.8700008392334,-0.029652686165381525,36,0.9758713136729222,0.032413348949172534,1.0,0.9724004684751759,-0.0009611428639588122,-0.9453505191531486
2026-07-23,2026-07-24,2026-07-27,BBIO,1,83.45999908447266,84.1050033569336,0.007728304331852565,35,0.9881422924901186,0.026910840199561224,1.0,0.8073252059868367,0.00020797516288806114,0.20455796487671218
2026-07-23,2026-07-24,2026-07-27,EGO,1,32.209999084472656,32.189998626708984,-0.0006209394080148867,34,0.969078947368421,0.02032244579090509,1.0,0.6096733737271527,-1.2619007458819231e-05,-0.012411667088966105
2026-07-23,2026-07-24,2026-07-27,AGX,1,595.280029296875,568.6500244140625,-0.04473525663924416,10,0.9741379310344828,0.018722652255140766,1.0,0.561679567654223,-0.0008375626536010456,-0.8238008303404184
2026-07-23,2026-07-24,2026-07-27,PEN,1,318.489990234375,318.8999938964844,0.0012873361006029427,1,0.9845844504021448,0.03333333333333333,1.0,1.0,4.291120335343142e-05,0.04220613801424541
2026-07-23,2026-07-24,2026-07-27,UTHR,1,533.9400024414062,529.7100219726562,-0.00792220183805048,1,0.9785522788203753,0.03333333333333333,1.0,1.0,-0.0002640733946016827,-0.2597344578442741
2026-07-24,2026-07-27,2026-07-28,WFRD,1,87.4643365559343,85.52046912268625,-0.0222246861954406,37,0.969078947368421,0.03122500692034372,1.0,0.9367502076103116,-0.0006939659802551003,-0.6796010994169344
2026-07-24,2026-07-27,2026-07-28,GMED,1,75.72000122070312,79.0999984741211,0.04463810352519948,37,0.9677631578947368,0.029555626231946693,1.0,0.8866687869584008,0.001319307103493738,1.2919978551013789
2026-07-24,2026-07-27,2026-07-28,PSLV,1,18.920000076293945,18.40999984741211,-0.02695561452564932,37,0.9677631578947368,0.025322240887581376,1.0,0.7596672266274412,-0.0006825765642912797,-0.6684474408357399
2026-07-24,2026-07-27,2026-07-28,KGC,1,24.13766604442767,23.488536808449382,-0.02689279215246021,37,0.9723684210526315,0.024791379019349066,1.0,0.743741370580472,-0.0006667094031402173,-0.6529087250057165
2026-07-24,2026-07-27,2026-07-28,LBRT,1,17.079999923706055,16.559999465942383,-0.030444991808339594,37,0.9881578947368421,0.019918788565268127,1.0,0.5975636569580438,-0.0006064273547016365,-0.5938744962976972
2026-07-24,2026-07-27,2026-07-28,ZIM,1,24.8700008392334,24.399999618530277,-0.01889831945488618,37,0.9683288409703504,0.03255021906590362,1.0,0.9765065719771087,-0.0006151444382339735,-0.6024111389009956
2026-07-24,2026-07-27,2026-07-28,BBIO,1,84.1050033569336,84.23999786376953,0.0016050710593640272,36,0.9881422924901186,0.027346685257415057,1.0,0.8204005577224517,4.389337307621381e-05,0.04298479384932837
2026-07-24,2026-07-27,2026-07-28,EGO,1,32.189998626708984,32.0,-0.005902411768086813,35,0.969078947368421,0.02054187918149827,1.0,0.6162563754449482,-0.0001212466294194929,-0.1187368617461553
2026-07-24,2026-07-27,2026-07-28,AGX,1,568.6500244140625,520.8200073242188,-0.08411151857265431,11,0.9741379310344828,0.019202137520080324,1.0,0.5760641256024097,-0.0016151209466548984,-1.5816884433362273
2026-07-24,2026-07-27,2026-07-28,PEN,1,318.8999938964844,319.9800109863281,0.0033866952352288315,2,0.9845844504021448,0.03333333333333333,1.0,1.0,0.00011288984117429439,0.11055305642915153
2026-07-24,2026-07-27,2026-07-28,UTHR,1,529.7100219726562,530.8400268554688,0.0021332518471226525,2,0.9785522788203753,0.03333333333333333,1.0,1.0,7.110839490408842e-05,0.0696364731551073
2026-07-27,2026-07-28,2026-07-29,WFRD,1,85.52046912268625,86.3578265198815,0.009791309680422744,38,0.969078947368421,0.030646696703801,1.0,0.9194009011140301,0.00030007129810890655,0.2928449252102339
2026-07-27,2026-07-28,2026-07-29,GMED,1,79.0999984741211,79.95999908447266,0.01087232145311523,38,0.9677631578947368,0.029255012425373823,1.0,0.8776503727612147,0.00031806989920354445,0.3104100806405114
2026-07-27,2026-07-28,2026-07-29,PSLV,1,18.40999984741211,18.420000076293945,0.0005431954896644164,38,0.9677631578947368,0.02518465526677922,1.0,0.7555396580033766,1.3680191149667663e-05,0.0133507422380402
2026-07-27,2026-07-28,2026-07-29,KGC,1,23.488536808449382,23.368695712402562,-0.005102109894036033,38,0.9723684210526315,0.024605055745318037,1.0,0.7381516723595412,-0.0001255376983614953,-0.1225144761242522
2026-07-27,2026-07-28,2026-07-29,LBRT,1,16.559999465942383,18.270000457763672,0.10326093278795745,38,0.9881578947368421,0.019730965738447747,1.0,0.5919289721534324,0.002037437926959344,1.9883719672661144
2026-07-27,2026-07-28,2026-07-29,ZIM,1,24.399999618530277,24.1200008392334,-0.011475359986654943,38,0.9825033647375505,0.0320885791775378,1.0,0.962657375326134,-0.0003682279975225263,-0.3593602622922694
2026-07-27,2026-07-28,2026-07-29,BBIO,1,84.23999786376953,85.48999786376953,0.014838556881512144,37,0.9881422924901186,0.0275113993982218,1.0,0.8253419819466541,0.00040822946486051317,0.3983984068423052
2026-07-27,2026-07-28,2026-07-29,EGO,1,32.0,32.279998779296875,0.008749961853027344,36,0.969078947368421,0.020391846488018214,1.0,0.6117553946405464,0.000178427878882949,0.17413094546594682
2026-07-27,2026-07-28,2026-07-29,AGX,1,520.8200073242188,522.3400268554688,0.0029185121728700913,12,0.9741379310344828,0.01882504726782434,1.0,0.5647514180347302,5.494112960600019e-05,0.05361802708833399
2026-07-27,2026-07-28,2026-07-29,PEN,1,319.9800109863281,318.5,-0.004625323256181035,3,0.9845844504021448,0.03333333333333333,1.0,1.0,-0.0001541774418727012,-0.15046451199717809
2026-07-27,2026-07-28,2026-07-29,UTHR,1,530.8400268554688,526.0800170898438,-0.008966938295557392,3,0.9785522788203753,0.03333333333333333,1.0,1.0,-0.0002988979431852464,-0.2916998272384192
2026-07-28,2026-07-29,2026-07-30,WFRD,1,86.3578265198815,82.89873716389295,-0.04005530819134495,39,0.969078947368421,0.03180602174499144,1.0,0.9541806523497433,-0.0012740000033362514,-1.246258525527257
2026-07-28,2026-07-29,2026-07-30,GMED,1,79.95999908447266,81.30999755859375,0.016883422831144745,39,0.9677631578947368,0.02931851410030131,1.0,0.8795554230090393,0.0004949968703362663,0.4842182638543236
2026-07-28,2026-07-29,2026-07-30,PSLV,1,18.420000076293945,18.739999771118164,0.017372404641629258,39,0.9677631578947368,0.025389850055669762,1.0,0.7616955016700929,0.00044108274895738827,0.43147812787411655
2026-07-28,2026-07-29,2026-07-30,KGC,1,23.368695712402562,23.698255256435676,0.014102607526281563,39,0.9723684210526315,0.024917624881519936,1.0,0.7475287464455981,0.0003514034841911838,0.34375163808979875
2026-07-28,2026-07-29,2026-07-30,LBRT,1,18.270000457763672,17.6299991607666,-0.0350301741084581,39,0.9881578947368421,0.019906914516735996,1.0,0.5972074355020799,-0.000697342681483454,-0.682157974675779
2026-07-28,2026-07-29,2026-07-30,ZIM,1,24.1200008392334,24.780000686645508,0.027363176801327382,39,0.9865410497981157,0.03229934054525509,1.0,0.9689802163576525,0.0008838125659060969,0.8645674586689008
2026-07-28,2026-07-29,2026-07-30,BBIO,1,85.48999786376953,80.05999755859375,-0.0635162058821036,38,0.9881422924901186,0.027840421931498525,1.0,0.8352126579449557,-0.0017683179712456927,-1.7298126701231693
2026-07-28,2026-07-29,2026-07-30,EGO,1,32.279998779296875,32.689998626708984,0.012701358826415765,37,0.969078947368421,0.020537597064358554,1.0,0.6161279119307567,0.000260855389746761,0.2551752374806182
2026-07-28,2026-07-29,2026-07-30,AGX,1,522.3400268554688,522.0,-0.0006509684075250988,13,0.9741379310344828,0.01882373565062018,1.0,0.5647120695186054,-1.2253657220157648e-05,-0.01198683260558792
2026-07-28,2026-07-29,2026-07-30,PEN,1,318.5,319.29998779296875,0.002511735613716537,4,0.9845844504021448,0.03333333333333333,1.0,1.0,8.37245204572179e-05,0.08190141062970593
2026-07-28,2026-07-29,2026-07-30,UTHR,1,526.0800170898438,522.2999877929688,-0.007185274433697875,4,0.9785522788203753,0.03333333333333333,1.0,1.0,-0.00023950914778992914,-0.23429381208265615
2026-07-29,2026-07-30,2026-07-31,BBIO,1,80.05999755859375,82.37999725341797,0.02897826337212006,39,0.9881422924901186,0.013996855420764336,0.5,0.8398113252458601,0.00040560456276439525,0.3961870259463204
2026-07-29,2026-07-30,2026-07-31,EGO,1,32.689998626708984,31.25,-0.04405012808818076,38,0.969078947368421,0.010323098537324596,0.5,0.6193859122394757,-0.00045473381283605993,-0.4441755676436982
2026-07-29,2026-07-30,2026-07-31,AGX,1,522.0,594.7899780273438,0.13944440235123334,14,0.9741379310344828,0.009425871913598095,0.5,0.5655523148158857,0.0013143850756309626,1.2838670021691685
2026-07-29,2026-07-30,2026-07-31,PEN,1,319.29998779296875,323.04998779296875,0.011744441413607198,5,0.9845844504021448,0.016666666666666666,0.5,1.0,0.00019574069022678663,0.1911958814986932
2026-07-29,2026-07-30,2026-07-31,UTHR,1,522.2999877929688,525.8400268554688,0.006777788905297122,5,0.9785522788203753,0.016666666666666666,0.5,1.0,0.0001129631484216187,0.11034031153315844
2026-07-30,2026-07-31,2026-08-03,EGO,1,31.25,30.479999542236328,-0.024640014648437458,39,0.969078947368421,0.02116976361316144,1.0,0.6350929083948432,-0.0005216232855322562,-0.5102120148075409
2026-07-30,2026-07-31,2026-08-03,AGX,1,594.7899780273438,572.4600219726562,-0.03754258961918988,15,0.9741379310344828,0.019104362424510492,1.0,0.5731308727353148,-0.0007172272384396688,-0.701536845744443
2026-07-30,2026-07-31,2026-08-03,PEN,1,323.04998779296875,321.3599853515625,-0.0052313960850211005,6,0.9845844504021448,0.03333333333333333,1.0,1.0,-0.00017437986950070335,-0.17056505533307548
2026-07-30,2026-07-31,2026-08-03,UTHR,1,525.8400268554688,516.2899780273438,-0.01816150985164522,6,0.9785522788203753,0.03333333333333333,1.0,1.0,-0.0006053836617215073,-0.5921400105122354
2026-07-30,2026-07-31,2026-08-03,ZIM,1,24.71999931335449,25.06999969482422,0.014158591876685334,0,0.9838492597577388,0.03269931902039621,1.0,0.9809795706118863,0.000462976312655324,0.45284803006255303
2026-07-31,2026-08-03,2026-08-04,AGX,1,572.4600219726562,602.8499755859375,0.05308659547711225,16,0.9741379310344828,0.017039043461916932,1.0,0.511171303857508,0.0009045448075797186,0.883321225169555
2026-07-31,2026-08-03,2026-08-04,PEN,1,321.3599853515625,321.57000732421875,0.0006535411446029205,7,0.9845844504021448,0.03333333333333333,1.0,1.0,2.178470482009735e-05,0.021273564328044194
2026-07-31,2026-08-03,2026-08-04,UTHR,1,516.2899780273438,517.8599853515625,0.0030409409266813903,7,0.9684563758389262,0.03333333333333333,1.0,1.0,0.00010136469755604635,0.09898634991197736
2026-07-31,2026-08-03,2026-08-04,ZIM,1,25.06999969482422,26.350000381469727,0.05105706829784151,1,0.9845637583892617,0.03279377138577686,1.0,0.9838131415733058,0.0016743538253874098,1.6350680032820737
2026-08-03,2026-08-04,2026-08-05,AGX,1,602.8499755859375,620.7999877929688,0.029775255758424546,17,0.9741379310344828,0.017239187000500797,1.0,0.5171756100150239,0.000513301202007219,0.5025951885990066
2026-08-03,2026-08-04,2026-08-05,PEN,1,321.57000732421875,323.3599853515625,0.00556637119934833,8,0.9845844504021448,0.03333333333333333,1.0,1.0,0.00018554570664494434,0.1816757472226614
2026-08-03,2026-08-04,2026-08-05,UTHR,1,517.8599853515625,505.0,-0.024832938854760456,8,0.9858490566037736,0.03333333333333333,1.0,1.0,-0.0008277646284920152,-0.8104997961151863
2026-08-03,2026-08-04,2026-08-05,ZIM,1,26.350000381469727,27.770000457763672,0.05388994518924339,2,0.9993261455525606,0.03272800632055215,1.0,0.9818401896165646,0.0017637104667677667,1.726924447503478
2026-08-03,2026-08-04,2026-08-05,HAL,1,31.489999771118164,32.59000015258789,0.034931736724832296,0,0.9777628032345014,0.03333333333333333,1.0,1.0,0.0011643912241610765,1.140105311699687
2026-08-03,2026-08-04,2026-08-05,NE,1,39.869998931884766,41.209999084472656,0.03360923472501698,0,0.9743935309973046,0.031787351652732374,1.0,0.9536205495819713,0.0010683485629833388,1.0460658291903577
2026-08-04,2026-08-05,2026-08-06,AGX,1,620.7999877929688,589.9400024414062,-0.04971002892779375,18,0.9741379310344828,0.01737509633842809,1.0,0.5212528901528427,-0.0008637165416064636,-0.8489162531678172
2026-08-04,2026-08-05,2026-08-06,PEN,1,323.3599853515625,324.44000244140625,0.003339983729494289,9,0.9845844504021448,0.03333333333333333,1.0,1.0,0.00011133279098314297,0.10942503845108505
2026-08-04,2026-08-05,2026-08-06,UTHR,1,505.0,519.7899780273438,0.02928708520266099,9,0.9939516129032258,0.03333333333333333,1.0,1.0,0.0009762361734220329,0.9595077952390553
2026-08-04,2026-08-05,2026-08-06,ZIM,1,27.770000457763672,26.90999984741211,-0.0309686926962629,3,0.9986559139784946,0.03243017768073344,1.0,0.9729053304220031,-0.0010043202066798377,-0.9871105921505432
2026-08-04,2026-08-05,2026-08-06,HAL,1,32.59000015258789,32.290000915527344,-0.00920525423921259,1,0.9758064516129032,0.03333333333333333,1.0,1.0,-0.000306841807973753,-0.30158389401207214
2026-08-04,2026-08-05,2026-08-06,NE,1,41.209999084472656,40.619998931884766,-0.0143169173912987,1,0.9743935309973046,0.031287473988461774,1.0,0.9386242196538532,-0.00044794018047521406,-0.44026446332157276
2026-08-04,2026-08-05,2026-08-06,FTI,1,70.55576926369123,70.2959280100941,-0.003682778266168585,0,0.9852150537634409,0.03333333333333333,1.0,1.0,-0.00012275927553895283,-0.12065572350657368
2026-08-04,2026-08-05,2026-08-06,ICLR,1,158.64999389648438,162.3699951171875,0.023447849756176753,0,0.9731182795698925,0.023488912507516783,1.0,0.7046673752255035,0.0005507644914122345,0.5413268195117934
2026-08-05,2026-08-06,2026-08-07,AGX,1,589.9400024414062,607.0,0.0289181908126126,19,0.9741379310344828,0.017371457625175488,1.0,0.5211437287552646,0.0005023511262980388,0.4931634352404691
2026-08-05,2026-08-06,2026-08-07,PEN,1,324.44000244140625,324.92999267578125,0.001510264550264484,10,0.9845844504021448,0.03333333333333333,1.0,1.0,5.03421516754828e-05,0.04942142489185609
2026-08-05,2026-08-06,2026-08-07,UTHR,1,519.7899780273438,534.8400268554688,0.028954095816239978,10,0.978494623655914,0.03333333333333333,1.0,1.0,0.0009651365272079993,0.9474847777121657
2026-08-05,2026-08-06,2026-08-07,ZIM,1,26.90999984741211,26.40999984741211,-0.018580453468418856,4,0.997983870967742,0.03186422357211094,1.0,0.9559267071633282,-0.0005920517233889026,-0.5812234639507587
2026-08-05,2026-08-06,2026-08-07,HAL,1,32.290000915527344,32.189998626708984,-0.0030970048306896425,2,0.9758064516129032,0.03333333333333333,1.0,1.0,-0.00010323349435632141,-0.10134541766397111
2026-08-05,2026-08-06,2026-08-07,NE,1,40.619998931884766,40.619998931884766,0.0,2,0.9743935309973046,0.031454145875195266,1.0,0.9436243762558579,0.0,0.0
2026-08-05,2026-08-06,2026-08-07,FTI,1,70.2959280100941,68.52704027797915,-0.025163445197863288,1,0.9858870967741935,0.03333333333333333,1.0,1.0,-0.0008387815065954429,-0.8234407121909537
2026-08-05,2026-08-06,2026-08-07,ICLR,1,162.3699951171875,161.86000061035156,-0.003140940581219165,1,0.9731182795698925,0.023620327158664807,1.0,0.7086098147599442,-7.419004411432346e-05,-0.0728331541439694
2026-08-05,2026-08-06,2026-08-07,ETSY,1,81.98999786376953,83.83000183105469,0.02244181016253255,0,0.9663978494623656,0.032176371543335164,1.0,0.9652911463000549,0.0007220960218946422,0.7088893327567901
2026-08-05,2026-08-06,2026-08-07,CVS,1,100.9800033569336,95.1999969482422,-0.05723911880118315,0,0.9556451612903226,0.03333333333333333,1.0,1.0,-0.0019079706267061051,-1.8730750253081834
2026-08-06,2026-08-07,2026-08-10,AGX,1,607.0,603.72998046875,-0.005387182094316323,20,0.9741379310344828,0.017334523317344096,1.0,0.5200356995203229,-9.338423362870491e-05,-0.09155317546618759
2026-08-06,2026-08-07,2026-08-10,PEN,1,324.92999267578125,324.8999938964844,-9.232382350987667e-05,11,0.9845844504021448,0.03333333333333333,1.0,1.0,-3.0774607836625554e-06,-0.003017118588103538
2026-08-06,2026-08-07,2026-08-10,UTHR,1,534.8400268554688,528.5999755859375,-0.011667135884011803,11,0.9738605898123325,0.03333333333333333,1.0,1.0,-0.0003889045294670601,-0.38127897228840457
2026-08-06,2026-08-07,2026-08-10,ZIM,1,26.40999984741211,26.15999984741211,-0.009466111376161046,5,0.9953083109919572,0.03333333333333333,1.0,1.0,-0.00031553704587203486,-0.3093500626847252
2026-08-06,2026-08-07,2026-08-10,HAL,1,32.189998626708984,32.310001373291016,0.0037279512799501813,3,0.9705093833780161,0.03333333333333333,1.0,1.0,0.00012426504266500605,0.12182848017639575
2026-08-06,2026-08-07,2026-08-10,NE,1,40.619998931884766,41.4900016784668,0.021418088859158413,3,0.9743935309973046,0.03128620185568307,1.0,0.9385860556704921,0.0006700906514105869,0.6569516566444001
2026-08-06,2026-08-07,2026-08-10,FTI,1,68.52704027797915,70.38587811301717,0.02712561096317101,2,0.9886058981233243,0.03333333333333333,1.0,1.0,0.0009041870321057003,0.8864579253684519
2026-08-06,2026-08-07,2026-08-10,ICLR,1,161.86000061035156,163.8000030517578,0.011985681663726488,2,0.9731182795698925,0.02423864919541711,1.0,0.7271594758625133,0.00029051673321500964,0.2848203429890508
2026-08-06,2026-08-07,2026-08-10,ETSY,1,83.83000183105469,84.20999908447266,0.004532950556100257,1,0.9663978494623656,0.032179153063500304,1.0,0.9653745919050091,0.00014586650977402898,0.14300639031937246
2026-08-06,2026-08-07,2026-08-10,CVS,1,95.1999969482422,95.33000183105467,0.0013655975523103603,1,0.9556451612903226,0.03333333333333333,1.0,1.0,4.551991841034534e-05,0.0446273735457188
2026-08-06,2026-08-07,2026-08-10,NI,1,43.150001525878906,42.34000015258789,-0.018771757697510716,0,0.9758713136729222,0.03333333333333333,1.0,1.0,-0.0006257252565836905,-0.6134561690296151
2026-08-06,2026-08-07,2026-08-10,HUM,1,364.0,385.0,0.05769230769230771,0,0.9725201072386058,0.029752504548279442,1.0,0.8925751364483833,0.001716490647016122,1.6828340640151838
2026-08-06,2026-08-07,2026-08-10,TRP,1,63.7599983215332,63.560001373291016,-0.0031367150800981625,0,0.9644772117962466,0.03333333333333333,1.0,1.0,-0.00010455716933660542,-0.10250703463051893
2026-08-06,2026-08-07,2026-08-10,CVE,1,27.96999931335449,28.65999984741211,0.02466930822297786,0,0.9611260053619303,0.03307998408342323,1.0,0.9923995225026969,0.0008160603233651695,0.8000591863622631
2026-08-07,2026-08-10,2026-08-11,AGX,1,603.72998046875,588.6300048828125,-0.025011140865016435,21,0.9741379310344828,0.017159257425562662,1.0,0.5147777227668798,-0.000429172604609827,-0.4220401494386137
2026-08-07,2026-08-10,2026-08-11,PEN,1,324.8999938964844,325.7900085449219,0.002739349538803282,12,0.9845844504021448,0.03333333333333333,1.0,1.0,9.131165129344273e-05,0.08979413537452233
2026-08-07,2026-08-10,2026-08-11,UTHR,1,528.5999755859375,528.0599975585938,-0.0010215248813532085,12,0.9738605898123325,0.03333333333333333,1.0,1.0,-3.405082937844028e-05,-0.03348493581609337
2026-08-07,2026-08-10,2026-08-11,ZIM,1,26.15999984741211,25.030000686645508,-0.04319568682560171,6,1.0,0.03333333333333333,1.0,1.0,-0.001439856227520057,-1.4159271372531803
2026-08-07,2026-08-10,2026-08-11,HAL,1,32.310001373291016,33.689998626708984,0.042711148089233486,4,0.9818304172274562,0.03333333333333333,1.0,1.0,0.0014237049363077829,1.400044265691395
2026-08-07,2026-08-10,2026-08-11,NE,1,41.4900016784668,43.84000015258789,0.056640115185648154,4,0.9697173620457604,0.030879573286314056,1.0,0.9263871985894216,0.001749022587820492,1.7199554361265705
2026-08-07,2026-08-10,2026-08-11,FTI,1,70.38587811301717,73.95363917157255,0.05068859200458786,3,0.9912516823687753,0.03333333333333333,1.0,1.0,0.001689619733486262,1.661539802763647
2026-08-07,2026-08-10,2026-08-11,ICLR,1,163.8000030517578,165.55999755859375,0.010744777008824702,3,0.9731182795698925,0.023995457613755253,1.0,0.7198637284126576,0.0002578258412845051,0.2535410122083018
2026-08-07,2026-08-10,2026-08-11,ETSY,1,84.20999908447266,79.66000366210938,-0.05403153392507576,2,0.9663978494623656,0.03135622313042828,1.0,0.9406866939128485,-0.0016942248338339808,-1.6660683705661004
2026-08-07,2026-08-10,2026-08-11,CVS,1,95.33000183105467,95.47000122070312,0.0014685763868604873,2,0.9556451612903226,0.03333333333333333,1.0,1.0,4.895254622868291e-05,0.04813899979598306
2026-08-07,2026-08-10,2026-08-11,NI,1,42.34000015258789,41.72999954223633,-0.014407194335219642,1,0.9777927321668909,0.03333333333333333,1.0,1.0,-0.00048023981117398804,-0.47225866585427584
2026-08-07,2026-08-10,2026-08-11,HUM,1,385.0,386.510009765625,0.003922103287337553,1,0.9725201072386058,0.02959531943358,1.0,0.8878595830074,0.00011607589964024907,0.11414682462066573
2026-08-07,2026-08-10,2026-08-11,TRP,1,63.560001373291016,63.43999862670898,-0.0018880230331849157,1,0.9703903095558546,0.03333333333333333,1.0,1.0,-6.293410110616385e-05,-0.06188819405138246
2026-08-07,2026-08-10,2026-08-11,CVE,1,28.65999984741211,29.559999465942383,0.03140263863649473,1,0.9611260053619303,0.03333333333333333,1.0,1.0,0.001046754621216491,1.0293585192032357
2026-08-07,2026-08-10,2026-08-11,DVA,1,182.3300018310547,183.17999267578125,0.004661826557289084,0,0.9784656796769852,0.030824100776039684,1.0,0.9247230232811905,0.00014369661160229684,0.1413085056759169
2026-08-10,2026-08-11,2026-08-12,AGX,1,588.6300048828125,602.3200073242188,0.023257398243115013,22,0.9741379310344828,0.01728752908396841,1.0,0.5186258725190523,0.0004020629485452866,0.3963272381775442
2026-08-10,2026-08-11,2026-08-12,PEN,1,325.7900085449219,325.6000061035156,-0.0005832052439387336,13,0.9845844504021448,0.03333333333333333,1.0,1.0,-1.944017479795779e-05,-0.01916284704979596
2026-08-10,2026-08-11,2026-08-12,UTHR,1,528.0599975585938,510.4400024414063,-0.03336741127646636,13,0.9738605898123325,0.03333333333333333,1.0,1.0,-0.0011122470425488787,-1.0963800572508793
2026-08-10,2026-08-11,2026-08-12,ZIM,1,25.030000686645508,24.649999618530277,-0.015181824118685516,7,1.0,0.03333333333333333,1.0,1.0,-0.0005060608039561839,-0.49884149113349885
2026-08-10,2026-08-11,2026-08-12,HAL,1,33.689998626708984,33.59000015258789,-0.002968194663024337,5,0.9818304172274562,0.03333333333333333,1.0,1.0,-9.893982210081124e-05,-0.09752837604377101
2026-08-10,2026-08-11,2026-08-12,NE,1,43.84000015258789,44.06999969482422,0.005246339905013775,5,0.9697173620457604,0.030891544710397525,1.0,0.9267463413119258,0.00016206754374167574,0.1597555363948735
2026-08-10,2026-08-11,2026-08-12,FTI,1,73.95363917157255,75.42271862855108,0.019864870389545874,4,0.9912516823687753,0.03333333333333333,1.0,1.0,0.0006621623463181958,0.6527161353488752
2026-08-10,2026-08-11,2026-08-12,ICLR,1,165.55999755859375,165.27000427246094,-0.0017515903020606238,4,0.9731182795698925,0.02394666458872901,1.0,0.7183999376618703,-4.194474546031629e-05,-0.04134637420457261
2026-08-10,2026-08-11,2026-08-12,ETSY,1,79.66000366210938,79.5999984741211,-0.0007532661967076804,3,0.9663978494623656,0.03103675378182702,1.0,0.9311026134548106,-2.3378937479389554e-05,-0.02304542051501244
2026-08-10,2026-08-11,2026-08-12,CVS,1,95.47000122070312,93.75,-0.018016143277582053,3,0.9556451612903226,0.03333333333333333,1.0,1.0,-0.0006005381092527351,-0.5919710113096692
2026-08-10,2026-08-11,2026-08-12,NI,1,41.72999954223633,41.81999969482422,0.0021567254630998622,2,0.9777927321668909,0.03333333333333333,1.0,1.0,7.189084876999541e-05,0.07086527531656535
2026-08-10,2026-08-11,2026-08-12,HUM,1,386.510009765625,371.9800109863281,-0.0375928136715209,2,0.9725201072386058,0.02910050787733157,1.0,0.873015236319947,-0.0010939699703791518,-1.0783637203533656
2026-08-10,2026-08-11,2026-08-12,TRP,1,63.43999862670898,63.52999877929688,0.001418665739850944,2,0.9851752021563343,0.03333333333333333,1.0,1.0,4.7288857995031466e-05,0.04661424922030562
2026-08-10,2026-08-11,2026-08-12,CVE,1,29.559999465942383,29.649999618530277,0.0030446601560865094,2,0.9611260053619303,0.03333333333333333,1.0,1.0,0.00010148867186955031,0.10004086468026135
2026-08-10,2026-08-11,2026-08-12,DVA,1,183.17999267578125,178.0,-0.0282781574565818,1,0.988544474393531,0.030761265005673024,1.0,0.9228379501701908,-0.0008698718953940613,-0.8574625618131595
2026-08-10,2026-08-11,2026-08-12,VTRS,1,16.138958090825778,16.03970208892439,-0.006150087344102495,0,0.9663072776280324,0.03333333333333333,1.0,1.0,-0.00020500291147008317,-0.20207840094507545
2026-08-10,2026-08-11,2026-08-12,SLAB,1,218.6000061035156,218.32000732421875,-0.001280872696610369,0,0.9615902964959568,0.03333333333333333,1.0,1.0,-4.269575655367897e-05,-0.04208667159718252
2026-08-11,2026-08-12,2026-08-13,AGX,1,602.3200073242188,569.0999755859375,-0.05515345884965672,23,0.9741379310344828,0.01720070199107619,1.0,0.5160210597322856,-0.000948678209450029,-0.9321205817789012
2026-08-11,2026-08-12,2026-08-13,PEN,1,325.6000061035156,327.25,0.005067548727132998,14,0.9845844504021448,0.03333333333333333,1.0,1.0,0.00016891829090443324,0.1659700982087664
2026-08-11,2026-08-12,2026-08-13,UTHR,1,510.4400024414063,515.6199951171875,0.010148093117713364,14,0.9805630026809651,0.03333333333333333,1.0,1.0,0.00033826977059044544,0.3323658245969126
2026-08-11,2026-08-12,2026-08-13,ZIM,1,24.649999618530277,26.420000076293945,0.07180529351542453,8,0.9979892761394102,0.03333333333333333,1.0,1.0,0.002393509783847484,2.351734982409678
2026-08-11,2026-08-12,2026-08-13,HAL,1,33.59000015258789,32.88999938964844,-0.020839558194688523,6,0.9818304172274562,0.03333333333333333,1.0,1.0,-0.0006946519398229508,-0.6825279255196361
2026-08-11,2026-08-12,2026-08-13,NE,1,44.06999969482422,44.16999816894531,0.0022690827050955154,6,0.9697173620457604,0.029647835767476198,1.0,0.8894350730242859,6.727339138349246e-05,0.06609924428534453
2026-08-11,2026-08-12,2026-08-13,FTI,1,75.42271862855108,74.60323240989092,-0.010865243703240712,5,0.9912516823687753,0.03333333333333333,1.0,1.0,-0.00036217479010802376,-0.3558536210680455
2026-08-11,2026-08-12,2026-08-13,ICLR,1,165.27000427246094,167.69000244140625,0.014642694417528634,5,0.9731182795698925,0.02387631310098617,1.0,0.7162893930295852,0.000349613556554976,0.3435116233171798
2026-08-11,2026-08-12,2026-08-13,ETSY,1,79.5999984741211,79.94000244140625,0.004271406706065406,4,0.9663978494623656,0.02960998493291568,1.0,0.8882995479874705,0.00012647628820895167,0.12426885130513146
2026-08-11,2026-08-12,2026-08-13,CVS,1,93.75,95.44000244140624,0.018026692708333236,4,0.9556451612903226,0.03333333333333333,1.0,1.0,0.0006008897569444412,0.5904022083027912
2026-08-11,2026-08-12,2026-08-13,NI,1,41.81999969482422,42.18999862670898,0.008847415939377656,3,0.9777927321668909,0.03333333333333333,1.0,1.0,0.00029491386464592186,0.2897666251318074
2026-08-11,2026-08-12,2026-08-13,HUM,1,371.9800109863281,390.2699890136719,0.04916924965631009,3,0.9725201072386058,0.032746252261020264,1.0,0.9823875678306079,0.001610108652730614,1.5820068376826748
2026-08-11,2026-08-12,2026-08-13,TRP,1,63.52999877929688,63.56999969482422,0.0006296382228228037,3,0.9738605898123325,0.03333333333333333,1.0,1.0,2.0987940760760123e-05,0.020621630556479354
2026-08-11,2026-08-12,2026-08-13,CVE,1,29.649999618530277,29.75,0.003372694190769021,3,0.9611260053619303,0.03266481071323467,1.0,0.97994432139704,0.00011016841733509626,0.10824560766456588
2026-08-11,2026-08-12,2026-08-13,DVA,1,178.0,182.8800048828125,0.027415757768609605,2,0.9872654155495979,0.030712951794817568,1.0,0.921388553844527,0.0008420188467657021,0.8273227839512085
2026-08-11,2026-08-12,2026-08-13,VTRS,1,16.03970208892439,16.15881025823108,0.007425834260907926,1,0.9663072776280324,0.03333333333333333,1.0,1.0,0.00024752780869693086,0.24320761534387605
2026-08-11,2026-08-12,2026-08-13,SLAB,1,218.32000732421875,219.1499938964844,0.0038016972536698557,1,0.9615902964959568,0.03333333333333333,1.0,1.0,0.00012672324178899518,0.12451149471404456
2026-08-11,2026-08-12,2026-08-13,PLNT,1,48.790000915527344,48.0,-0.016191861051511602,0,0.9718498659517426,0.03333333333333333,1.0,1.0,-0.0005397287017170534,-0.5303086193356599
2026-08-11,2026-08-12,2026-08-13,CYTK,1,76.70999908447266,76.80000305175781,0.001173301634198154,0,0.9711796246648794,0.03333333333333333,1.0,1.0,3.9110054473271796e-05,0.03842745239206517
2026-08-12,2026-08-13,2026-08-14,AGX,1,569.0999755859375,557.1199951171875,-0.021050748519916174,24,0.9741379310344828,0.01705355405066516,1.0,0.5116066215199548,-0.0003589900776913501,-0.35439097804015607
2026-08-12,2026-08-13,2026-08-14,PEN,1,327.25,327.2799987792969,9.166930266424345e-05,15,0.9845844504021448,0.03333333333333333,1.0,1.0,3.0556434221414483e-06,0.003016496912334493
2026-08-12,2026-08-13,2026-08-14,UTHR,1,515.6199951171875,498.9100036621094,-0.03240757071742406,15,0.9892761394101877,0.03333333333333333,1.0,1.0,-0.0010802523572474687,-1.0664130102901137
2026-08-12,2026-08-13,2026-08-14,ZIM,1,26.420000076293945,27.25,0.03141559126832827,9,0.9966487935656836,0.03333333333333333,1.0,1.0,0.0010471863756109424,1.0337706441072205
2026-08-12,2026-08-13,2026-08-14,HAL,1,32.88999938964844,33.04999923706055,0.004864695967810473,7,0.9818304172274562,0.03333333333333333,1.0,1.0,0.0001621565322603491,0.16007910979855447
2026-08-12,2026-08-13,2026-08-14,NE,1,44.16999816894531,44.540000915527344,0.00837678881413595,7,0.9697173620457604,0.029341641037646582,1.0,0.8802492311293975,0.0002457887304325502,0.24263987776322474
2026-08-12,2026-08-13,2026-08-14,FTI,1,74.60323240989092,76.90178916877343,0.030810417787979993,6,0.9912516823687753,0.03333333333333333,1.0,1.0,0.0010270139262659997,1.0138566283806738
2026-08-12,2026-08-13,2026-08-14,ICLR,1,167.69000244140625,166.64999389648438,-0.006201971076273738,6,0.9731182795698925,0.024052304490459996,1.0,0.7215691347137999,-0.00014917169676756183,-0.14726062584609317
2026-08-12,2026-08-13,2026-08-14,ETSY,1,79.94000244140625,80.55999755859375,0.007755755544815557,5,0.9663978494623656,0.031053092228265584,1.0,0.9315927668479675,0.00024084019223303969,0.2377547363585606
2026-08-12,2026-08-13,2026-08-14,CVS,1,95.44000244140624,94.5999984741211,-0.008801382499972643,5,0.9556451612903226,0.03333333333333333,1.0,1.0,-0.00029337941666575477,-0.2896208694058078
2026-08-12,2026-08-13,2026-08-14,NI,1,42.18999862670898,41.97999954223633,-0.0049774612777471194,4,0.9777927321668909,0.03333333333333333,1.0,1.0,-0.00016591537592490398,-0.16378979810266675
2026-08-12,2026-08-13,2026-08-14,HUM,1,390.2699890136719,384.0,-0.016065772901262543,4,0.9725201072386058,0.031902340388365605,1.0,0.9570702116509681,-0.0005125357556982577,-0.5059695491044282
2026-08-12,2026-08-13,2026-08-14,TRP,1,63.56999969482422,63.27000045776367,-0.0047191951942855415,4,0.9725201072386058,0.03333333333333333,1.0,1.0,-0.0001573065064761847,-0.15529121874534332
2026-08-12,2026-08-13,2026-08-14,CVE,1,29.75,31.0,0.04201680672268915,4,0.9611260053619303,0.03259803489519401,1.0,0.9779410468558202,0.001369665331730843,1.3521182524635664
2026-08-12,2026-08-13,2026-08-14,DVA,1,182.8800048828125,179.0,-0.021216124120834068,3,0.9906166219839142,0.030194736276003033,1.0,0.9058420882800909,-0.0006406152726275314,-0.6324082115972153
2026-08-12,2026-08-13,2026-08-14,VTRS,1,16.15881025823108,15.781637106659442,-0.02334164121888327,2,0.9663072776280324,0.03333333333333333,1.0,1.0,-0.000778054707296109,-0.7680868798955646
2026-08-12,2026-08-13,2026-08-14,SLAB,1,219.1499938964844,218.2100067138672,-0.004289241199163407,2,0.9615902964959568,0.03333333333333333,1.0,1.0,-0.00014297470663878024,-0.1411430267002686
2026-08-12,2026-08-13,2026-08-14,PLNT,1,48.0,49.150001525878906,0.023958365122477288,1,0.9718498659517426,0.03333333333333333,1.0,1.0,0.000798612170749243,0.7883809772311591
2026-08-12,2026-08-13,2026-08-14,CYTK,1,76.80000305175781,72.69999694824219,-0.05338549401817738,1,0.985254691689008,0.03333333333333333,1.0,1.0,-0.0017795164672725794,-1.7567186963242585
2026-08-12,2026-08-13,2026-08-14,SO,1,92.0598358022426,91.83171408900837,-0.002477972193262068,0,0.9557640750670241,0.03333333333333333,1.0,1.0,-8.25990731087356e-05,-0.08154087849019255
2026-08-13,2026-08-14,2026-08-17,AGX,1,557.1199951171875,587.3699951171875,0.054297099844059726,25,0.9741379310344828,0.017006020010502207,1.0,0.5101806003150662,0.000923377566460316,0.9103808979982807
2026-08-13,2026-08-14,2026-08-17,PEN,1,327.2799987792969,326.3599853515625,-0.0028110896821250675,16,0.9845844504021448,0.03333333333333333,1.0,1.0,-9.370298940416891e-05,-0.09238410671584889
2026-08-13,2026-08-14,2026-08-17,UTHR,1,498.9100036621094,502.2900085449219,0.006774778733644293,16,0.9798927613941019,0.03333333333333333,1.0,1.0,0.0002258259577881431,0.22264742583100983
2026-08-13,2026-08-14,2026-08-17,ZIM,1,27.25,28.82999992370605,0.057981648576368894,10,0.9966487935656836,0.03333333333333333,1.0,1.0,0.0019327216192122963,1.9055182919638325
2026-08-13,2026-08-14,2026-08-17,HAL,1,33.04999923706055,34.5,0.04387294391563845,8,0.9818304172274562,0.03333333333333333,1.0,1.0,0.001462431463854615,1.4418475363535084
2026-08-13,2026-08-14,2026-08-17,NE,1,44.540000915527344,45.20000076293945,0.014818137266405573,8,0.9697173620457604,0.029266292829269673,1.0,0.8779887848780902,0.00043367194442293916,0.4275679511187079
2026-08-13,2026-08-14,2026-08-17,FTI,1,76.90178916877343,78.67068108017156,0.023001960429243073,7,0.9912516823687753,0.03333333333333333,1.0,1.0,0.0007667320143081024,0.7559401539130198
2026-08-13,2026-08-14,2026-08-17,ICLR,1,166.64999389648438,161.33999633789062,-0.031863172835710274,7,0.9731182795698925,0.02405038310160072,1.0,0.7215114930480215,-0.0007663215135313494,-0.7555354309921436
2026-08-13,2026-08-14,2026-08-17,ETSY,1,80.55999755859375,81.16000366210938,0.007447940934695474,6,0.957774798927614,0.03168095213804826,1.0,0.9504285641414478,0.00023595786027909773,0.2326367203765826
2026-08-13,2026-08-14,2026-08-17,CVS,1,94.5999984741211,96.29000091552734,0.01786471954192015,6,0.9705093833780161,0.03333333333333333,1.0,1.0,0.0005954906513973383,0.5871090371481196
2026-08-13,2026-08-14,2026-08-17,NI,1,41.97999954223633,42.2599983215332,0.006669813776800204,5,0.9777927321668909,0.03333333333333333,1.0,1.0,0.00022232712589334013,0.21919784048474006
2026-08-13,2026-08-14,2026-08-17,HUM,1,384.0,386.5199890136719,0.006562471389770508,5,0.9725201072386058,0.03332714077630131,1.0,0.9998142232890393,0.00021870840784733145,0.21563005640161922
2026-08-13,2026-08-14,2026-08-17,TRP,1,63.27000045776367,64.81999969482422,0.024498170157202015,5,0.9792225201072386,0.03333333333333333,1.0,1.0,0.0008166056719067338,0.8051118328018116
2026-08-13,2026-08-14,2026-08-17,CVE,1,31.0,31.3799991607666,0.012258037444083936,5,0.9611260053619303,0.03282860041487451,1.0,0.9848580124462353,0.00040241421312240116,0.3967501767603185
2026-08-13,2026-08-14,2026-08-17,DVA,1,179.0,177.97000122070312,-0.00575418312456355,4,0.9879356568364611,0.030032776185778275,1.0,0.9009832855733483,-0.0001728140939119994,-0.17038171135721075
2026-08-13,2026-08-14,2026-08-17,VTRS,1,15.781637106659442,16.0000005979461,0.013836555093166947,3,0.9663072776280324,0.03333333333333333,1.0,1.0,0.00046121850310556486,0.4547267881331102
2026-08-13,2026-08-14,2026-08-17,SLAB,1,218.2100067138672,218.67999267578125,0.0021538240568881317,3,0.9615902964959568,0.03333333333333333,1.0,1.0,7.17941352296044e-05,0.07078362272963692
2026-08-13,2026-08-14,2026-08-17,PLNT,1,49.150001525878906,50.41999816894531,0.025839198446366618,2,0.9705093833780161,0.03333333333333333,1.0,1.0,0.0008613066148788872,0.8491836037463443
2026-08-13,2026-08-14,2026-08-17,CYTK,1,72.69999694824219,73.9000015258789,0.01650625348018986,2,0.9865951742627346,0.03333333333333333,1.0,1.0,0.000550208449339662,0.5424641884210322
2026-08-13,2026-08-14,2026-08-17,SO,1,91.83171408900837,91.5999984741211,-0.0025232635281389193,1,0.9557640750670241,0.03333333333333333,1.0,1.0,-8.410878427129731e-05,-0.0829249413628007
2026-08-13,2026-08-14,2026-08-17,BALL,1,61.56999969482422,62.43000030517578,0.013967851463605907,0,0.9812332439678284,0.03333333333333333,1.0,1.0,0.00046559504878686356,0.45904173332150666
2026-08-13,2026-08-14,2026-08-17,SHEL,1,89.77999877929688,90.68000030517578,0.010024521476006631,0,0.9772117962466488,0.03333333333333333,1.0,1.0,0.0003341507158668877,0.3294474977812225
2026-08-13,2026-08-14,2026-08-17,BNTX,1,91.7300033569336,93.22000122070312,0.016243298912480775,0,0.9691689008042895,0.03333333333333333,1.0,1.0,0.0005414432970826925,0.5338224069086431
2026-08-13,2026-08-14,2026-08-17,CZR,1,29.790000915527344,29.700000762939453,-0.0030211530655234187,0,0.9684986595174263,0.03333333333333333,1.0,1.0,-0.00010070510218411396,-0.09928766377856595
2026-08-14,2026-08-17,2026-08-18,AGX,1,587.3699951171875,568.5599975585938,-0.03202410357178853,26,0.9741379310344828,0.017230976654934362,1.0,0.5169292996480309,-0.0005518065810406883,-0.5495732527883906
2026-08-14,2026-08-17,2026-08-18,PEN,1,326.3599853515625,328.6000061035156,0.0068636501179522025,17,0.9845844504021448,0.03333333333333333,1.0,1.0,0.0002287883372650734,0.2278623616153328
2026-08-14,2026-08-17,2026-08-18,UTHR,1,502.2900085449219,510.4200134277344,0.016185878167005896,17,0.9892761394101877,0.03333333333333333,1.0,1.0,0.0005395292722335298,0.5373456339660263
2026-08-14,2026-08-17,2026-08-18,ZIM,1,28.82999992370605,29.125,0.010232399482296817,11,0.9959785522788204,0.032654081972246125,1.0,0.9796224591673838,0.00033412961146768905,0.33277728779693344
2026-08-14,2026-08-17,2026-08-18,HAL,1,34.5,35.0,0.01449275362318847,9,0.9818304172274562,0.03333333333333333,1.0,1.0,0.0004830917874396157,0.4811365687553675
2026-08-14,2026-08-17,2026-08-18,NE,1,45.20000076293945,45.52999877929688,0.007300840946622422,9,0.9697173620457604,0.029330032730106235,1.0,0.879900981903187,0.00021413390392173543,0.21326723919928633
2026-08-14,2026-08-17,2026-08-18,FTI,1,78.67068108017156,79.62000274658203,0.012067032512951492,8,0.9912516823687753,0.03333333333333333,1.0,1.0,0.0004022344170983831,0.4006064526655231
2026-08-14,2026-08-17,2026-08-18,ICLR,1,161.33999633789062,170.0,0.053675491872287706,8,0.9731182795698925,0.024421332574918995,1.0,0.7326399772475698,0.0013108270381354994,1.3055217243557642
2026-08-14,2026-08-17,2026-08-18,ETSY,1,81.16000366210938,78.41000366210938,-0.03388368501619321,7,0.957774798927614,0.03176397599276618,1.0,0.9529192797829854,-0.0010762805574008123,-1.0719245242202935
2026-08-14,2026-08-17,2026-08-18,CVS,1,96.29000091552734,94.37000274658205,-0.019939746086716337,7,0.9705093833780161,0.03333333333333333,1.0,1.0,-0.0006646582028905446,-0.6619681299670986
2026-08-14,2026-08-17,2026-08-18,NI,1,42.2599983215332,43.220001220703125,0.022716586306175124,6,0.9777927321668909,0.03333333333333333,1.0,1.0,0.0007572195435391708,0.754154846853987
2026-08-14,2026-08-17,2026-08-18,HUM,1,386.5199890136719,384.0,-0.006519686136032488,6,0.9725201072386058,0.03333333333333333,1.0,1.0,-0.00021732287120108292,-0.2164432997628292
2026-08-14,2026-08-17,2026-08-18,TRP,1,64.81999969482422,64.31999969482422,-0.007713668657112427,6,0.9792225201072386,0.03333333333333333,1.0,1.0,-0.00025712228857041424,-0.2560816368437227
2026-08-14,2026-08-17,2026-08-18,CVE,1,31.3799991607666,32.880001068115234,0.04780120928824094,6,0.9611260053619303,0.03289759163356577,1.0,0.9869277490069732,0.0015725446627551617,1.566180098532844
2026-08-14,2026-08-17,2026-08-18,DVA,1,177.97000122070312,178.1300048828125,0.0008990484970046175,5,0.9939678284182305,0.030106012042781415,1.0,0.9031803612834425,2.7066764877865548e-05,0.026957217487934042
2026-08-14,2026-08-17,2026-08-18,VTRS,1,16.0000005979461,16.238215365242088,0.014888422399594425,4,0.9663072776280324,0.03333333333333333,1.0,1.0,0.0004962807466531475,0.49427214825897553
2026-08-14,2026-08-17,2026-08-18,SLAB,1,218.67999267578125,218.92999267578125,0.0011432230124988063,4,0.9765415549597856,0.03333333333333333,1.0,1.0,3.810743374996021e-05,0.0379532014313535
2026-08-14,2026-08-17,2026-08-18,PLNT,1,50.41999816894531,51.709999084472656,0.02558510437078687,3,0.9718498659517426,0.03333333333333333,1.0,1.0,0.0008528368123595624,0.8493851236463724
2026-08-14,2026-08-17,2026-08-18,CYTK,1,73.9000015258789,75.56999969482422,0.022598080303970036,3,0.9785522788203753,0.03333333333333333,1.0,1.0,0.0007532693434656679,0.7502206344358139
2026-08-14,2026-08-17,2026-08-18,SO,1,91.5999984741211,93.16000366210938,0.01703062460671334,2,0.9557640750670241,0.03333333333333333,1.0,1.0,0.0005676874868904447,0.5653898838053978
2026-08-14,2026-08-17,2026-08-18,BALL,1,62.43000030517578,61.72999954223633,-0.011212570230941021,1,0.9812332439678284,0.03333333333333333,1.0,1.0,-0.00037375234103136735,-0.37223965218120264
2026-08-14,2026-08-17,2026-08-18,SHEL,1,90.68000030517578,92.5,0.020070574423237453,1,0.9772117962466488,0.03333333333333333,1.0,1.0,0.0006690191474412484,0.6663114244552508
2026-08-14,2026-08-17,2026-08-18,BNTX,1,93.22000122070312,91.48999786376952,-0.018558285070579772,1,0.9691689008042895,0.03333333333333333,1.0,1.0,-0.000618609502352659,-0.6161058024581445
2026-08-14,2026-08-17,2026-08-18,CZR,1,29.700000762939453,29.68000030517578,-0.0006734160690200497,1,0.9684986595174263,0.03333333333333333,1.0,1.0,-2.2447202300668324e-05,-0.022356351678719275
2026-08-14,2026-08-17,2026-08-18,UNH,1,398.5700073242188,397.4299926757813,-0.002860262005390024,0,0.9906166219839142,0.03333333333333333,1.0,1.0,-9.534206684633413e-05,-0.09495618864401405
2026-08-14,2026-08-17,2026-08-18,XEL,1,78.77999877929688,80.0999984741211,0.016755518091872812,0,0.982573726541555,0.03333333333333333,1.0,1.0,0.0005585172697290937,0.556256781288507
2026-08-17,2026-08-18,2026-08-19,AGX,1,568.5599975585938,554.0,-0.025608550761774707,27,0.9741379310344828,0.017228008054803887,1.0,0.5168402416441166,-0.00044118431879570886,-0.44197414914028393
2026-08-17,2026-08-18,2026-08-19,PEN,1,328.6000061035156,325.5400085449219,-0.00931222611611815,18,0.9845844504021448,0.03333333333333333,1.0,1.0,-0.0003104075372039383,-0.31096324438033507
2026-08-17,2026-08-18,2026-08-19,UTHR,1,510.4200134277344,525.469970703125,0.029485437246714374,18,0.9892761394101877,0.03333333333333333,1.0,1.0,0.0009828479082238124,0.9846074519540526
2026-08-17,2026-08-18,2026-08-19,ZIM,1,29.125,26.799999237060547,-0.0798283523756036,12,0.9973190348525469,0.031808018198050896,1.0,0.954240545941527,-0.0025391816850836185,-2.5437274557736167
2026-08-17,2026-08-18,2026-08-19,HAL,1,35.0,35.11000061035156,0.0031428745814732206,10,0.9818304172274562,0.03333333333333333,1.0,1.0,0.00010476248604910736,0.10495003711774138
2026-08-17,2026-08-18,2026-08-19,NE,1,45.52999877929688,45.720001220703125,0.004173126433129504,10,0.9697173620457604,0.029453094384370448,1.0,0.8835928315311135,0.00012291148671287447,0.12313152903479484
2026-08-17,2026-08-18,2026-08-19,FTI,1,79.62000274658203,79.37999725341797,-0.003014386898829491,9,0.9912516823687753,0.03333333333333333,1.0,1.0,-0.00010047956329431635,-0.10065944685934454
2026-08-17,2026-08-18,2026-08-19,ICLR,1,170.0,170.10000610351562,0.0005882711971507693,9,0.9731182795698925,0.024290477613270137,1.0,0.7287143283981041,1.4289388344922383e-05,0.014314969926223923
2026-08-17,2026-08-18,2026-08-19,ETSY,1,78.41000366210938,80.5,0.026654715473512836,8,0.9718498659517426,0.03176917247680984,1.0,0.9530751743042952,0.0008467982531983213,0.84831423399731
2026-08-17,2026-08-18,2026-08-19,NI,1,43.220001220703125,42.2400016784668,-0.022674676412708927,7,0.9777927321668909,0.03333333333333333,1.0,1.0,-0.0007558225470902976,-0.7571756586071245
2026-08-17,2026-08-18,2026-08-19,HUM,1,384.0,385.0,0.0026041666666667407,7,0.9725201072386058,0.03333333333333333,1.0,1.0,8.680555555555803e-05,0.08696095922457923
2026-08-17,2026-08-18,2026-08-19,TRP,1,64.31999969482422,64.18000030517578,-0.002176607436453426,7,0.9812332439678284,0.03333333333333333,1.0,1.0,-7.25535812151142e-05,-0.07268347028326538
2026-08-17,2026-08-18,2026-08-19,CVE,1,32.880001068115234,32.70000076293945,-0.005474461658407148,7,0.9611260053619303,0.032966735540627574,1.0,0.9890020662188272,-0.0001804751297200139,-0.18079822536920445
2026-08-17,2026-08-18,2026-08-19,DVA,1,178.1300048828125,178.77000427246094,0.003592878078398254,6,0.9939678284182305,0.030361676970675378,1.0,0.9108503091202613,0.00010908580361134867,0.10928109450040335
2026-08-17,2026-08-18,2026-08-19,VTRS,1,16.238215365242088,16.29776670076356,0.0036673571683834005,5,0.9663072776280324,0.03333333333333333,1.0,1.0,0.00012224523894611335,0.12246408851779131
2026-08-17,2026-08-18,2026-08-19,SLAB,1,218.92999267578125,219.3999938964844,0.0021468105624029565,5,0.9765415549597856,0.03333333333333333,1.0,1.0,7.156035208009855e-05,0.07168846301952546
2026-08-17,2026-08-18,2026-08-19,PLNT,1,51.709999084472656,54.16999816894531,0.047572986424812,4,0.9718498659517426,0.03333333333333333,1.0,1.0,0.0015857662141604,1.5886051325488975
2026-08-17,2026-08-18,2026-08-19,CYTK,1,75.56999969482422,77.2300033569336,0.021966437327153532,4,0.9812332439678284,0.03333333333333333,1.0,1.0,0.0007322145775717844,0.7335254249148746
2026-08-17,2026-08-18,2026-08-19,SO,1,93.16000366210938,92.55999755859376,-0.006440597680650861,3,0.9557640750670241,0.03333333333333333,1.0,1.0,-0.0002146865893550287,-0.21507093207896955
2026-08-17,2026-08-18,2026-08-19,BALL,1,61.72999954223633,62.09000015258789,0.005831858302627113,2,0.9812332439678284,0.03333333333333333,1.0,1.0,0.0001943952767542371,0.19474329295037407
2026-08-17,2026-08-18,2026-08-19,SHEL,1,92.5,93.0,0.00540540540540535,2,0.9772117962466488,0.03333333333333333,1.0,1.0,0.00018018018018017834,0.1805027477958764
2026-08-17,2026-08-18,2026-08-19,BNTX,1,91.48999786376952,109.29000091552734,0.19455682006094688,2,0.9671581769436997,0.03333333333333333,1.0,1.0,0.006485227335364896,6.496837515334395
2026-08-17,2026-08-18,2026-08-19,CZR,1,29.68000030517578,29.670000076293945,-0.00033693493190745105,2,0.9684986595174263,0.03333333333333333,1.0,1.0,-1.1231164396915035e-05,-0.011251270991976729
2026-08-17,2026-08-18,2026-08-19,UNH,1,397.4299926757813,394.5700073242188,-0.0071961990898247175,1,0.9906166219839142,0.03333333333333333,1.0,1.0,-0.00023987330299415726,-0.24030273623891854
2026-08-17,2026-08-18,2026-08-19,XEL,1,80.0999984741211,79.5999984741211,-0.006242197372344993,1,0.982573726541555,0.03333333333333333,1.0,1.0,-0.0002080732457448331,-0.2084457489286092
2026-08-17,2026-08-18,2026-08-19,TEX,1,66.72000122070312,65.4000015258789,-0.019784167725923618,0,0.9731903485254692,0.027332672908803844,1.0,0.8199801872641153,-0.0005407541852255838,-0.5417222705501326
2026-08-18,2026-08-19,2026-08-20,AGX,1,554.0,524.0,-0.054151624548736454,28,0.9741379310344828,0.017050500161449166,1.0,0.511515004843475,-0.0009233122831109656,-0.9304759091011436
2026-08-18,2026-08-19,2026-08-20,PEN,1,325.5400085449219,327.1199951171875,0.0048534328524709736,19,0.9845844504021448,0.03333333333333333,1.0,1.0,0.00016178109508236578,0.16303629256933805
2026-08-18,2026-08-19,2026-08-20,UTHR,1,525.469970703125,524.1500244140625,-0.0025119347682157622,19,0.9892761394101877,0.03333333333333333,1.0,1.0,-8.37311589405254e-05,-0.0843807968987177
2026-08-18,2026-08-19,2026-08-20,ZIM,1,26.799999237060547,27.450000762939453,0.024253788969517798,13,0.9912868632707774,0.0313154142885986,1.0,0.9394624286579581,0.0007595174496486929,0.7654102543279123
2026-08-18,2026-08-19,2026-08-20,HAL,1,35.11000061035156,35.41999816894531,0.008829323645820564,11,0.9818304172274562,0.03333333333333333,1.0,1.0,0.0002943107881940188,0.2965942327555844
2026-08-18,2026-08-19,2026-08-20,NE,1,45.720001220703125,46.560001373291016,0.01837270625897358,11,0.9697173620457604,0.029166711980188727,1.0,0.8750013594056618,0.0005358714317520931,0.540029052728345
2026-08-18,2026-08-19,2026-08-20,FTI,1,79.37999725341797,77.87000274658203,-0.019022355241652744,10,0.9912516823687753,0.03333333333333333,1.0,1.0,-0.0006340785080550914,-0.6389980800820249
2026-08-18,2026-08-19,2026-08-20,ICLR,1,170.10000610351562,170.1699981689453,0.0004114759724764827,10,0.9731182795698925,0.02388929464415648,1.0,0.7166788393246944,9.829870745481517e-06,0.009906136943647061
2026-08-18,2026-08-19,2026-08-20,ETSY,1,80.5,81.69000244140625,0.014782639023680044,9,0.9718498659517426,0.031273008123613624,1.0,0.9381902437084086,0.0004622975902759938,0.4658843800257623
2026-08-18,2026-08-19,2026-08-20,NI,1,42.2400016784668,41.5,-0.01751897843422756,8,0.9777927321668909,0.03333333333333333,1.0,1.0,-0.0005839659478075853,-0.5884967156936123
2026-08-18,2026-08-19,2026-08-20,HUM,1,385.0,374.2900085449219,-0.027818159623579586,8,0.9725201072386058,0.03333333333333333,1.0,1.0,-0.0009272719874526529,-0.9344663352705964
2026-08-18,2026-08-19,2026-08-20,TRP,1,64.18000030517578,62.83000183105469,-0.02103456634001022,8,0.9812332439678284,0.03333333333333333,1.0,1.0,-0.000701152211333674,-0.7065921825070858
2026-08-18,2026-08-19,2026-08-20,CVE,1,32.70000076293945,33.400001525878906,0.021406750660776686,8,0.9611260053619303,0.03230396508552393,1.0,0.9691189525657179,0.0006915229259402464,0.6968881871803313
2026-08-18,2026-08-19,2026-08-20,DVA,1,178.77000427246094,176.69000244140625,-0.011635071775713435,7,0.9939678284182305,0.030422443541446416,1.0,0.9126733062433925,-0.00035396731419731867,-0.3567136108707625
2026-08-18,2026-08-19,2026-08-20,VTRS,1,16.29776670076356,15.950372976562885,-0.021315418890147653,6,0.9663072776280324,0.03333333333333333,1.0,1.0,-0.0007105139630049218,-0.7160265684200874
2026-08-18,2026-08-19,2026-08-20,SLAB,1,219.3999938964844,219.0,-0.001823126288112542,6,0.9765415549597856,0.03333333333333333,1.0,1.0,-6.0770876270418066e-05,-0.061242374198756944
2026-08-18,2026-08-19,2026-08-20,PLNT,1,54.16999816894531,53.810001373291016,-0.006645685948364566,5,0.9718498659517426,0.03333333333333333,1.0,1.0,-0.00022152286494548553,-0.2232415759187603
2026-08-18,2026-08-19,2026-08-20,CYTK,1,77.2300033569336,77.36000061035156,0.001683248061212117,5,0.9812332439678284,0.03333333333333333,1.0,1.0,5.610826870707056e-05,0.056543591251052745
2026-08-18,2026-08-19,2026-08-20,SO,1,92.55999755859376,91.75,-0.008751054234643951,4,0.9557640750670241,0.03333333333333333,1.0,1.0,-0.00029170180782146505,-0.29396501030464983
2026-08-18,2026-08-19,2026-08-20,BALL,1,62.09000015258789,61.810001373291016,-0.004509563192281685,3,0.9812332439678284,0.03333333333333333,1.0,1.0,-0.00015031877307605617,-0.15148503880144118
2026-08-18,2026-08-19,2026-08-20,SHEL,1,93.0,94.11000061035156,0.011935490433887752,3,0.9772117962466488,0.03333333333333333,1.0,1.0,0.0003978496811295917,0.4009364442627769
2026-08-18,2026-08-19,2026-08-20,BNTX,1,109.29000091552734,109.05999755859376,-0.00210452333248079,3,0.9671581769436997,0.03333333333333333,1.0,1.0,-7.015077774935966e-05,-0.07069505073685128
2026-08-18,2026-08-19,2026-08-20,CZR,1,29.670000076293945,29.61000061035156,-0.0020222266864881044,3,0.9684986595174263,0.03333333333333333,1.0,1.0,-6.740755621627015e-05,-0.06793054559968684
2026-08-18,2026-08-19,2026-08-20,UNH,1,394.5700073242188,388.25,-0.016017454968455413,2,0.9906166219839142,0.03333333333333333,1.0,1.0,-0.0005339151656151805,-0.5380576086725436
2026-08-18,2026-08-19,2026-08-20,XEL,1,79.5999984741211,79.18000030517578,-0.005276359007492459,2,0.982573726541555,0.03333333333333333,1.0,1.0,-0.00017587863358308197,-0.1772432084660323
2026-08-18,2026-08-19,2026-08-20,TEX,1,65.4000015258789,63.880001068115234,-0.02324159667125092,1,0.9731903485254692,0.027930475661438484,1.0,0.8379142698431545,-0.0006491488501593434,-0.6541853471924245
2026-08-19,2026-08-20,2026-08-21,AGX,1,524.0,521.280029296875,-0.005190783784589703,29,0.9741379310344828,0.017202884620566856,1.0,0.5160865386170057,-8.929645453660602e-05,-0.08965003717096257
2026-08-19,2026-08-20,2026-08-21,PEN,1,327.1199951171875,323.8699951171875,-0.00993519212677818,20,0.9845844504021448,0.03333333333333333,1.0,1.0,-0.000331173070892606,-0.33248440007629887
2026-08-19,2026-08-20,2026-08-21,UTHR,1,524.1500244140625,523.22998046875,-0.0017553065009221491,20,0.9892761394101877,0.03333333333333333,1.0,1.0,-5.851021669740497e-05,-0.05874189662987261
2026-08-19,2026-08-20,2026-08-21,ZIM,1,27.450000762939453,27.5,0.00182146578035991,14,0.9825503355704698,0.031259364180425034,1.0,0.9377809254127509,5.69378621704525e-05,0.05716331613058263
2026-08-19,2026-08-20,2026-08-21,HAL,1,35.41999816894531,35.81999969482422,0.011293098434703275,12,0.9818304172274562,0.03333333333333333,1.0,1.0,0.00037643661449010915,0.3779271714277881
2026-08-19,2026-08-20,2026-08-21,NE,1,46.560001373291016,47.150001525878906,0.012671824209316673,12,0.9697173620457604,0.029438930120081405,1.0,0.8831679036024421,0.00037304494739202936,0.3745220745178124
2026-08-19,2026-08-20,2026-08-21,FTI,1,77.87000274658203,78.18000030517578,0.003980962471551441,11,0.9912516823687753,0.03333333333333333,1.0,1.0,0.00013269874905171472,0.13322418954662585
2026-08-19,2026-08-20,2026-08-21,ICLR,1,170.1699981689453,173.02000427246094,0.016747993971805375,11,0.9731182795698925,0.023960806378697432,1.0,0.718824191360923,0.0004012954407900204,0.402884429959256
2026-08-19,2026-08-20,2026-08-21,ETSY,1,81.69000244140625,82.08999633789062,0.004896485304566767,10,0.9718498659517426,0.03122601373446461,1.0,0.9367804120339384,0.00015289771737100598,0.15350313869457016
2026-08-19,2026-08-20,2026-08-21,NI,1,41.5,41.77000045776367,0.006506035126835563,9,0.9777927321668909,0.03333333333333333,1.0,1.0,0.00021686783756118543,0.2177265581196893
2026-08-19,2026-08-20,2026-08-21,HUM,1,374.2900085449219,381.6900024414063,0.019770749225319628,9,0.9725201072386058,0.03331507830346434,1.0,0.9994523491039303,0.0006586640585596804,0.6612721371691848
2026-08-19,2026-08-20,2026-08-21,TRP,1,62.83000183105469,63.65999984741211,0.013210217924061629,9,0.9812332439678284,0.03333333333333333,1.0,1.0,0.000440340597468721,0.442084191761183
2026-08-19,2026-08-20,2026-08-21,CVE,1,33.400001525878906,32.63999938964844,-0.02275455393741843,9,0.9611260053619303,0.032480952768402585,1.0,0.9744285830520776,-0.0007390895917073571,-0.7420161272144781
2026-08-19,2026-08-20,2026-08-21,DVA,1,176.69000244140625,175.25,-0.008149880703543388,8,0.9691275167785235,0.030406475637156694,1.0,0.9121942691147008,-0.0002478091490580255,-0.24879038635570197
2026-08-19,2026-08-20,2026-08-21,VTRS,1,15.950372976562885,16.010000228881836,0.003738298308545218,7,0.9663072776280324,0.03333333333333333,1.0,1.0,0.00012460994361817394,0.1251033552811585
2026-08-19,2026-08-20,2026-08-21,SLAB,1,219.0,218.6499938964844,-0.0015982013859159316,7,0.9765415549597856,0.03333333333333333,1.0,1.0,-5.3273379530531056e-05,-0.053484323424924526
2026-08-19,2026-08-20,2026-08-21,CYTK,1,77.36000061035156,77.30000305175781,-0.0007755630573990091,6,0.9785234899328858,0.03333333333333333,1.0,1.0,-2.5852101913300304e-05,-0.025954467167840296
2026-08-19,2026-08-20,2026-08-21,SO,1,91.75,91.4800033569336,-0.0029427427037210796,5,0.9557640750670241,0.03333333333333333,1.0,1.0,-9.809142345736931e-05,-0.09847983108333638
2026-08-19,2026-08-20,2026-08-21,BALL,1,61.810001373291016,62.95000076293945,0.01844360725319527,4,0.9812332439678284,0.03333333333333333,1.0,1.0,0.0006147869084398423,0.6172212489271789
2026-08-19,2026-08-20,2026-08-21,SHEL,1,94.11000061035156,93.87000274658205,-0.00255018448850286,4,0.9772117962466488,0.03333333333333333,1.0,1.0,-8.5006149616762e-05,-0.08534274414869474
2026-08-19,2026-08-20,2026-08-21,CZR,1,29.61000061035156,29.690000534057617,0.0027017873035128925,4,0.9684986595174263,0.03333333333333333,1.0,1.0,9.005957678376308e-05,0.09041618111451157
2026-08-19,2026-08-20,2026-08-21,UNH,1,388.25,386.0,-0.0057952350289761645,3,0.9906166219839142,0.03333333333333333,1.0,1.0,-0.00019317450096587214,-0.19393940422319042
2026-08-19,2026-08-20,2026-08-21,XEL,1,79.18000030517578,78.94999694824219,-0.002904816317846892,3,0.982573726541555,0.03333333333333333,1.0,1.0,-9.682721059489641e-05,-0.09721061238141979
2026-08-19,2026-08-20,2026-08-21,TEX,1,63.880001068115234,65.18000030517578,0.020350645199181505,2,0.9731903485254692,0.027787569717834304,1.0,0.8336270915350291,0.000565494972275166,0.5677341339871292
2026-08-19,2026-08-20,2026-08-21,VRNS,1,42.040000915527344,40.93999862670898,-0.02616561048675159,0,0.9845637583892617,0.024072773455243033,1.0,0.7221832036572909,-0.0006298788135657024,-0.6323729127030274
2026-08-20,2026-08-21,2026-08-24,AGX,1,521.280029296875,496.3200073242188,-0.047882175740212696,30,0.9741379310344828,0.017382462568417207,1.0,0.5214738770525162,-0.0008323101274986216,-0.8368225536304926
2026-08-20,2026-08-21,2026-08-24,PEN,1,323.8699951171875,324.9100036621094,0.0032111914058157165,21,0.9845844504021448,0.03333333333333333,1.0,1.0,0.00010703971352719054,0.10762003663574106
2026-08-20,2026-08-21,2026-08-24,UTHR,1,523.22998046875,513.1199951171875,-0.019322259291230215,21,0.9892761394101877,0.03333333333333333,1.0,1.0,-0.0006440753097076738,-0.647567207934543
2026-08-20,2026-08-21,2026-08-24,ZIM,1,27.5,28.440000534057617,0.034181837602095255,15,0.9772117962466488,0.03109964642977135,1.0,0.9329893928931404,0.0010630430637450258,1.0688064242300934
2026-08-20,2026-08-21,2026-08-24,HAL,1,35.81999969482422,35.06999969482422,-0.020938023628972013,13,0.9818304172274562,0.03333333333333333,1.0,1.0,-0.0006979341209657337,-0.7017180184117916
2026-08-20,2026-08-21,2026-08-24,NE,1,47.150001525878906,46.0,-0.02439027547534034,13,0.9697173620457604,0.029728248542357432,1.0,0.8918474562707229,-0.0007250801713474827,-0.72901124295744
2026-08-20,2026-08-21,2026-08-24,FTI,1,78.18000030517578,76.68000030517578,-0.019186492634238217,12,0.9912516823687753,0.03333333333333333,1.0,1.0,-0.0006395497544746072,-0.6430171170950718
2026-08-20,2026-08-21,2026-08-24,ICLR,1,173.02000427246094,170.80999755859375,-0.012773128304788495,12,0.9731182795698925,0.024166139425387055,1.0,0.7249841827616117,-0.00030867719951187657,-0.3103507140052977
2026-08-20,2026-08-21,2026-08-24,ETSY,1,82.08999633789062,80.80999755859375,-0.015592628047250368,11,0.9718498659517426,0.03186928125447421,1.0,0.9560784376342264,-0.000496925848734225,-0.49961996612069665
2026-08-20,2026-08-21,2026-08-24,NI,1,41.77000045776367,40.65999984741211,-0.026574110562291087,10,0.9777927321668909,0.03333333333333333,1.0,1.0,-0.0008858036854097028,-0.8906061305148262
2026-08-20,2026-08-21,2026-08-24,HUM,1,381.6900024414063,380.489990234375,-0.0031439445606530336,10,0.9725201072386058,0.03333333333333333,1.0,1.0,-0.00010479815202176778,-0.1053663223517096
2026-08-20,2026-08-21,2026-08-24,TRP,1,63.65999984741211,61.79999923706055,-0.029217728790603692,10,0.9812332439678284,0.03333333333333333,1.0,1.0,-0.0009739242930201231,-0.9792044900105114
2026-08-20,2026-08-21,2026-08-24,CVE,1,32.63999938964844,32.47999954223633,-0.004901956201103785,10,0.9611260053619303,0.03290268225133713,1.0,0.9870804675401138,-0.0001612875072948895,-0.1621619385178389
2026-08-20,2026-08-21,2026-08-24,DVA,1,175.25,174.02999877929688,-0.006961490560360217,9,0.9691275167785235,0.030970183689564387,1.0,0.9291055106869316,-0.00021559864140752446,-0.21676752414887354
2026-08-20,2026-08-21,2026-08-24,VTRS,1,16.010000228881836,16.25,0.014990616345226915,8,0.9663072776280324,0.03333333333333333,1.0,1.0,0.0004996872115075638,0.5023962998106761
2026-08-20,2026-08-21,2026-08-24,SLAB,1,218.6499938964844,218.0,-0.002972759728464114,8,0.9765415549597856,0.03333333333333333,1.0,1.0,-9.90919909488038e-05,-0.09962922493724549
2026-08-20,2026-08-21,2026-08-24,CYTK,1,77.30000305175781,77.19999694824219,-0.0012937399685309936,7,0.9785234899328858,0.03333333333333333,1.0,1.0,-4.312466561769979e-05,-0.04335846893407458
2026-08-20,2026-08-21,2026-08-24,SO,1,91.4800033569336,89.05999755859375,-0.0264539321112347,6,0.9557640750670241,0.03333333333333333,1.0,1.0,-0.0008817977370411567,-0.886578463623936
2026-08-20,2026-08-21,2026-08-24,BALL,1,62.95000076293945,63.880001068115234,0.01477363453382674,5,0.9812332439678284,0.03333333333333333,1.0,1.0,0.0004924544844608914,0.4951243600409431
2026-08-20,2026-08-21,2026-08-24,SHEL,1,93.87000274658205,92.81999969482422,-0.011185714509804434,5,0.9772117962466488,0.03333333333333333,1.0,1.0,-0.00037285715032681446,-0.3748786208015834
2026-08-20,2026-08-21,2026-08-24,CZR,1,29.690000534057617,29.71999931335449,0.0010104000928683465,5,0.9684986595174263,0.03333333333333333,1.0,1.0,3.368000309561155e-05,0.03386260152985971
2026-08-20,2026-08-21,2026-08-24,UNH,1,386.0,391.0400085449219,0.013057016955756229,4,0.9906166219839142,0.03333333333333333,1.0,1.0,0.0004352338985252076,0.4375935487953342
2026-08-20,2026-08-21,2026-08-24,XEL,1,78.94999694824219,76.43000030517578,-0.031918894749526805,4,0.982573726541555,0.03333333333333333,1.0,1.0,-0.0010639631583175603,-1.0697315071581168
2026-08-20,2026-08-21,2026-08-24,TEX,1,65.18000030517578,66.7300033569336,0.023780347414860792,3,0.9731903485254692,0.028713366349354712,1.0,0.8614009904806413,0.0006828138272378281,0.6865157489800165
2026-08-20,2026-08-21,2026-08-24,VRNS,1,40.93999862670898,41.22999954223633,0.007083559483515911,1,0.9839142091152815,0.024240607807484417,1.0,0.7272182342245325,0.00017170978732089607,0.17264072364595728
2026-08-20,2026-08-21,2026-08-24,EAT,1,233.30999755859372,248.8800048828125,0.06673527704404747,0,0.9865951742627346,0.02970826519220776,1.0,0.8912479557662328,0.001982589308100017,1.9933380512752625
2026-08-21,2026-08-24,2026-08-25,AGX,1,496.3200073242188,478.010009765625,-0.03689151613554209,31,0.9741379310344828,0.017277685577824907,1.0,0.5183305673347472,-0.0006374000162791504,-0.6384769434097595
2026-08-21,2026-08-24,2026-08-25,PEN,1,324.9100036621094,323.70001220703125,-0.0037240818732575676,22,0.9845844504021448,0.03333333333333333,1.0,1.0,-0.0001241360624419189,-0.12434579807121976
2026-08-21,2026-08-24,2026-08-25,UTHR,1,513.1199951171875,516.0700073242188,0.005749166345305978,22,0.9892761394101877,0.03333333333333333,1.0,1.0,0.00019163887817686594,0.19196266402863435
2026-08-21,2026-08-24,2026-08-25,ZIM,1,28.440000534057617,28.459999084472656,0.0007031838973101667,16,0.9818791946308725,0.030996167916403475,1.0,0.9298850374921043,2.1796006157136947e-05,0.02183283187061365
2026-08-21,2026-08-24,2026-08-25,HAL,1,35.06999969482422,34.119998931884766,-0.027088701773774426,14,0.9818304172274562,0.03333333333333333,1.0,1.0,-0.0009029567257924808,-0.9044823275667768
2026-08-21,2026-08-24,2026-08-25,NE,1,46.0,45.20000076293945,-0.017391287762185792,14,0.9697173620457604,0.029371309025931283,1.0,0.8811392707779385,-0.0005108048872220558,-0.5116679239767586
2026-08-21,2026-08-24,2026-08-25,FTI,1,76.68000030517578,75.33000183105469,-0.01760561383344139,13,0.9912516823687753,0.03333333333333333,1.0,1.0,-0.0005868537944480463,-0.5878453205804605
2026-08-21,2026-08-24,2026-08-25,ICLR,1,170.80999755859375,172.69000244140625,0.011006410102942565,13,0.9731182795698925,0.024045363480751515,1.0,0.7213609044225454,0.0002646531315434697,0.26510027953575177
2026-08-21,2026-08-24,2026-08-25,ETSY,1,80.80999755859375,87.0,0.07659946328940292,12,0.9718498659517426,0.03273767098681884,1.0,0.9821301296045652,0.0025076880269353807,2.511924922452069
2026-08-21,2026-08-24,2026-08-25,NI,1,40.65999984741211,40.900001525878906,0.005902648287444023,11,0.9777927321668909,0.03333333333333333,1.0,1.0,0.00019675494291480078,0.1970873726774219
2026-08-21,2026-08-24,2026-08-25,HUM,1,380.489990234375,388.989990234375,0.022339615280717817,11,0.9725201072386058,0.03333333333333333,1.0,1.0,0.0007446538426905939,0.7459119818585015
2026-08-21,2026-08-24,2026-08-25,TRP,1,61.79999923706055,61.72999954223633,-0.0011326811600061992,11,0.9812332439678284,0.03333333333333333,1.0,1.0,-3.775603866687331e-05,-0.037819829851916
2026-08-21,2026-08-24,2026-08-25,CVE,1,32.47999954223633,31.559999465942383,-0.028325125900867,11,0.9611260053619303,0.03333333333333333,1.0,1.0,-0.0009441708633622333,-0.945766098995613
2026-08-21,2026-08-24,2026-08-25,DVA,1,174.02999877929688,175.61000061035156,0.009078905028657935,10,0.9765100671140939,0.03083035597665109,1.0,0.9249106792995327,0.0002799058739117318,0.2803787923647184
2026-08-21,2026-08-24,2026-08-25,VTRS,1,16.25,16.59000015258789,0.020923086313100914,9,0.9663072776280324,0.03333333333333333,1.0,1.0,0.0006974362104366971,0.6986145724663577
2026-08-21,2026-08-24,2026-08-25,SLAB,1,218.0,218.25999450683597,0.0011926353524585043,9,0.9765415549597856,0.03333333333333333,1.0,1.0,3.975451174861681e-05,0.039821679478727834
2026-08-21,2026-08-24,2026-08-25,CYTK,1,77.19999694824219,77.93000030517578,0.00945600240661948,8,0.9919463087248321,0.03333333333333333,1.0,1.0,0.0003152000802206493,0.31573263043917815
2026-08-21,2026-08-24,2026-08-25,SO,1,89.05999755859375,90.0,0.010554709939081253,7,0.9557640750670241,0.03333333333333333,1.0,1.0,0.00035182366463604176,0.3524180926874381
2026-08-21,2026-08-24,2026-08-25,BALL,1,63.880001068115234,64.55000305175781,0.010488446656852002,6,0.9812332439678284,0.03333333333333333,1.0,1.0,0.0003496148885617334,0.35020558474802294
2026-08-21,2026-08-24,2026-08-25,SHEL,1,92.81999969482422,92.37999725341795,-0.00474038399970822,6,0.9772117962466488,0.03333333333333333,1.0,1.0,-0.000158012799990274,-0.1582797724831308
2026-08-21,2026-08-24,2026-08-25,CZR,1,29.71999931335449,29.65999984741211,-0.0020188246072878613,6,0.9684986595174263,0.03333333333333333,1.0,1.0,-6.729415357626204e-05,-0.06740785125098238
2026-08-21,2026-08-24,2026-08-25,UNH,1,391.0400085449219,397.7999877929688,0.01728718059617762,5,0.9906166219839142,0.03333333333333333,1.0,1.0,0.0005762393532059207,0.5772129455770264
2026-08-21,2026-08-24,2026-08-25,XEL,1,76.43000030517578,77.33000183105469,0.011775500749513501,5,0.982573726541555,0.03333333333333333,1.0,1.0,0.00039251669165045006,0.39317987311210556
2026-08-21,2026-08-24,2026-08-25,TEX,1,66.7300033569336,67.08999633789062,0.005394769411765976,4,0.9731903485254692,0.028933319500934272,1.0,0.8679995850280282,0.00015608858702449222,0.15635230843938389
2026-08-21,2026-08-24,2026-08-25,VRNS,1,41.22999954223633,41.130001068115234,-0.002425381402652027,2,0.9778523489932887,0.024111532794822213,1.0,0.7233459838446664,-5.8479663229996246e-05,-0.05857846827284657
2026-08-21,2026-08-24,2026-08-25,EAT,1,248.8800048828125,252.97999572753903,0.016473765526712647,1,0.9865951742627346,0.02976180032912686,1.0,0.8928540098738058,0.0004902889202748752,0.4911172940222799
2026-08-24,2026-08-25,2026-08-26,AGX,1,478.010009765625,449.4299926757813,-0.05978957868237289,32,0.9741379310344828,0.01724492754881535,1.0,0.5173478264644605,-0.0010310669525517152,-1.03647360569528
2026-08-24,2026-08-25,2026-08-26,PEN,1,323.70001220703125,322.0,-0.005251813849002751,23,0.9845844504021448,0.03333333333333333,1.0,1.0,-0.00017506046163342503,-0.17597843421790352
2026-08-24,2026-08-25,2026-08-26,UTHR,1,516.0700073242188,515.5999755859375,-0.0009107906516759856,23,0.9892761394101877,0.03333333333333333,1.0,1.0,-3.035968838919952e-05,-0.03051888688184918
2026-08-24,2026-08-25,2026-08-26,ZIM,1,28.459999084472656,27.920000076293945,-0.018973964355231687,17,0.9751009421265142,0.030453958311718765,1.0,0.913618749351563,-0.0005778323194822636,-0.5808623253600103
2026-08-24,2026-08-25,2026-08-26,HAL,1,34.119998931884766,33.36000061035156,-0.02227427741279886,15,0.9818304172274562,0.03333333333333333,1.0,1.0,-0.0007424759137599619,-0.7463692688163107
2026-08-24,2026-08-25,2026-08-26,NE,1,45.20000076293945,45.34000015258789,0.0030973315771096743,15,0.9697173620457604,0.029512816540410783,1.0,0.8853844962123235,9.141097860005901e-05,0.09189031454772101
2026-08-24,2026-08-25,2026-08-26,FTI,1,75.33000183105469,74.41999816894531,-0.012080228859548847,14,0.9912516823687753,0.03333333333333333,1.0,1.0,-0.0004026742953182949,-0.4047858170184399
2026-08-24,2026-08-25,2026-08-26,ICLR,1,172.69000244140625,165.8800048828125,-0.039434810714675805,14,0.9731182795698925,0.023956058742516165,1.0,0.718681762275485,-0.0009447026419807795,-0.9496564226216571
2026-08-24,2026-08-25,2026-08-26,ETSY,1,87.0,84.04000091552734,-0.03402297798244436,13,0.9718498659517426,0.03268665427026861,1.0,0.9805996281080583,-0.0011120973185571197,-1.117928874353226
2026-08-24,2026-08-25,2026-08-26,NI,1,40.900001525878906,40.61000061035156,-0.007090486667680196,12,0.9777927321668909,0.03333333333333333,1.0,1.0,-0.00023634955558933987,-0.2375889126112527
2026-08-24,2026-08-25,2026-08-26,HUM,1,388.989990234375,390.0,0.002596492945786233,12,0.9725201072386058,0.03333333333333333,1.0,1.0,8.65497648595411e-05,0.08700360983740073
2026-08-24,2026-08-25,2026-08-26,TRP,1,61.72999954223633,62.56999969482422,0.013607648773966918,12,0.9812332439678284,0.03333333333333333,1.0,1.0,0.0004535882924655639,0.4559667942314035
2026-08-24,2026-08-25,2026-08-26,CVE,1,31.559999465942383,30.399999618530277,-0.036755382352395394,12,0.9611260053619303,0.03333333333333333,1.0,1.0,-0.001225179411746513,-1.231603941309367
2026-08-24,2026-08-25,2026-08-26,DVA,1,175.61000061035156,173.3699951171875,-0.012755569075671547,11,0.9765100671140939,0.030805473856531318,1.0,0.9241642156959395,-0.0003929413496857792,-0.3950018342918054
2026-08-24,2026-08-25,2026-08-26,VTRS,1,16.59000015258789,16.719999313354492,0.007835995151954434,10,0.9663072776280324,0.03333333333333333,1.0,1.0,0.0002611998383984811,0.262569503989916
2026-08-24,2026-08-25,2026-08-26,SLAB,1,218.25999450683597,218.4900054931641,0.001053839421410352,10,0.9765415549597856,0.03333333333333333,1.0,1.0,3.5127980713678396e-05,0.035312182919832576
2026-08-24,2026-08-25,2026-08-26,CYTK,1,77.93000030517578,77.91000366210938,-0.0002565974976016516,9,0.9878869448183041,0.03333333333333333,1.0,1.0,-8.553249920055053e-06,-0.008598100989574364
2026-08-24,2026-08-25,2026-08-26,SO,1,90.0,89.91999816894531,-0.0008889092339410265,8,0.9557640750670241,0.03333333333333333,1.0,1.0,-2.9630307798034215e-05,-0.02978568160417218
2026-08-24,2026-08-25,2026-08-26,BALL,1,64.55000305175781,64.29000091552734,-0.0040279182639541,7,0.9812332439678284,0.03333333333333333,1.0,1.0,-0.00013426394213180334,-0.13496798813288774
2026-08-24,2026-08-25,2026-08-26,CZR,1,29.65999984741211,29.63999938964844,-0.0006743242706190866,7,0.9684986595174263,0.03333333333333333,1.0,1.0,-2.2477475687302887e-05,-0.022595341859119756
2026-08-24,2026-08-25,2026-08-26,UNH,1,397.7999877929688,396.3299865722656,-0.0036953274655912027,6,0.9906166219839142,0.03333333333333333,1.0,1.0,-0.0001231775821863734,-0.12382349413253411
2026-08-24,2026-08-25,2026-08-26,XEL,1,77.33000183105469,77.22000122070312,-0.0014224829658207039,6,0.982573726541555,0.03333333333333333,1.0,1.0,-4.741609886069013e-05,-0.04766473683645521
2026-08-24,2026-08-25,2026-08-26,TEX,1,67.08999633789062,64.7300033569336,-0.035176525708411344,5,0.9731903485254692,0.028601269235741952,1.0,0.8580380770722585,-0.0010060932825642712,-1.011368980127299
2026-08-24,2026-08-25,2026-08-26,VRNS,1,41.130001068115234,40.33000183105469,-0.019450503678219544,3,0.9831763122476447,0.024130714724852766,1.0,0.7239214417455829,-0.00046935455551381524,-0.4718157315574611
2026-08-24,2026-08-25,2026-08-26,EAT,1,252.97999572753903,248.75999450683597,-0.016681165673067766,2,0.9865951742627346,0.029375333992639325,1.0,0.8812600197791798,-0.0004900148130329158,-0.49258432621799175
2026-08-25,2026-08-26,2026-08-27,AGX,1,449.4299926757813,467.5299987792969,0.04027324922342901,33,0.9741379310344828,0.016988509882672573,1.0,0.5096552964801772,0.0006841824924395593,0.6820567425760612
2026-08-25,2026-08-26,2026-08-27,UTHR,1,515.5999755859375,513.97998046875,-0.0031419611984009332,24,0.9892761394101877,0.03333333333333333,1.0,1.0,-0.00010473203994669778,-0.10440663828547325
2026-08-25,2026-08-26,2026-08-27,ZIM,1,27.920000076293945,27.82999992370605,-0.0032235011583796602,18,0.9751009421265142,0.030345214951065205,1.0,0.9103564485319562,-9.781783554603847e-05,-0.09751391626593786
2026-08-25,2026-08-26,2026-08-27,HAL,1,33.36000061035156,34.38999938964844,0.030875262603480502,16,0.9818304172274562,0.03333333333333333,1.0,1.0,0.0010291754201160166,1.025977779818285
2026-08-25,2026-08-26,2026-08-27,NE,1,45.34000015258789,44.970001220703125,-0.00816054103748487,16,0.9697173620457604,0.02940891638876374,1.0,0.8822674916629122,-0.00023999266905846785,-0.23924701363885528
2026-08-25,2026-08-26,2026-08-27,FTI,1,74.41999816894531,75.41000366210938,0.013302949711401446,15,0.9912516823687753,0.03333333333333333,1.0,1.0,0.0004434316570467149,0.44205391821993384
2026-08-25,2026-08-26,2026-08-27,ICLR,1,165.8800048828125,168.83999633789062,0.01784417270284777,15,0.9731182795698925,0.02387520497972488,1.0,0.7162561493917464,0.00042603328097410193,0.4247095987710582
2026-08-25,2026-08-26,2026-08-27,ETSY,1,84.04000091552734,81.38999938964844,-0.03153262133519663,14,0.9718498659517426,0.030964395046655786,1.0,0.9289318513996736,-0.0009763885438796351,-0.973354912009763
2026-08-25,2026-08-26,2026-08-27,NI,1,40.61000061035156,40.810001373291016,0.004924914058939356,13,0.9777927321668909,0.03333333333333333,1.0,1.0,0.00016416380196464518,0.1636537462653633
2026-08-25,2026-08-26,2026-08-27,HUM,1,390.0,386.6700134277344,-0.008538427108373381,13,0.9725201072386058,0.03333333333333333,1.0,1.0,-0.0002846142369457794,-0.283729942649999
2026-08-25,2026-08-26,2026-08-27,TRP,1,62.56999969482422,62.75,0.0028767829000113654,13,0.9812332439678284,0.03333333333333333,1.0,1.0,9.589276333371218e-05,0.0955948252385115
2026-08-25,2026-08-26,2026-08-27,CVE,1,30.399999618530277,31.5,0.0361842235287142,13,0.9611260053619303,0.03301960961765565,1.0,0.9905882885296695,0.0011947889352361331,1.1910767349912377
2026-08-25,2026-08-26,2026-08-27,DVA,1,173.3699951171875,178.0,0.02670591805509881,12,0.9765100671140939,0.030598332528163588,1.0,0.9179499758449077,0.0008171565611198012,0.8146176618239961
2026-08-25,2026-08-26,2026-08-27,VTRS,1,16.719999313354492,16.75,0.0017942995142079532,11,0.9663072776280324,0.03333333333333333,1.0,1.0,5.980998380693177e-05,0.05962415463661777
2026-08-25,2026-08-26,2026-08-27,SLAB,1,218.4900054931641,218.6999969482422,0.0009611032532317321,11,0.9765415549597856,0.03333333333333333,1.0,1.0,3.20367751077244e-05,0.03193723708816863
2026-08-25,2026-08-26,2026-08-27,CYTK,1,77.91000366210938,78.83999633789062,0.01193675564199137,10,0.977792732166891,0.03333333333333333,1.0,1.0,0.00039789185473304567,0.39665560772989616
2026-08-25,2026-08-26,2026-08-27,SO,1,89.91999816894531,89.0,-0.010231296571167392,9,0.9557640750670241,0.03333333333333333,1.0,1.0,-0.00034104321903891306,-0.33998360031974073
2026-08-25,2026-08-26,2026-08-27,BALL,1,64.29000091552734,64.48999786376953,0.0031108562046058275,8,0.9812332439678284,0.03333333333333333,1.0,1.0,0.00010369520682019425,0.10337302659170367
2026-08-25,2026-08-26,2026-08-27,CZR,1,29.63999938964844,29.65999984741211,0.0006747792906720562,8,0.9684986595174263,0.03333333333333333,1.0,1.0,2.2492643022401873e-05,0.022422758549526668
2026-08-25,2026-08-26,2026-08-27,XEL,1,77.22000122070312,77.0,-0.002849018612086529,7,0.982573726541555,0.03333333333333333,1.0,1.0,-9.496728706955097e-05,-0.09467222442214959
2026-08-25,2026-08-26,2026-08-27,TEX,1,64.7300033569336,65.20999908447266,0.007415351500791312,6,0.9731903485254692,0.028470344645029556,1.0,0.8541103393508866,0.0002111176128915658,0.21046167205451502
2026-08-25,2026-08-26,2026-08-27,VRNS,1,40.33000183105469,42.59999847412109,0.05628555764950316,4,0.9724091520861373,0.024036083745884194,1.0,0.7210825123765259,0.0013528843773472506,1.3486809757515446
2026-08-25,2026-08-26,2026-08-27,EAT,1,248.75999450683597,236.22000122070312,-0.050410007891314,3,0.9865951742627346,0.029132922009402835,1.0,0.8739876602820851,-0.0014685908283910323,-1.4640279277212778
2026-08-26,2026-08-27,2026-08-28,AGX,1,467.5299987792969,452.2999877929688,-0.03257547328747468,34,0.9741379310344828,0.016955495783590215,1.0,0.5086648735077064,-0.0005523332999742325,-0.5524672453530901
2026-08-26,2026-08-27,2026-08-28,UTHR,1,513.97998046875,527.9400024414062,0.027160633688348534,25,0.9892761394101877,0.03333333333333333,1.0,1.0,0.0009053544562782845,0.905574012197966
2026-08-26,2026-08-27,2026-08-28,ZIM,1,27.82999992370605,28.149999618530277,0.01149837210569471,19,0.9811574697173621,0.03028705530061164,1.0,0.9086116590183492,0.000348251831832186,0.34833628577250564
2026-08-26,2026-08-27,2026-08-28,HAL,1,34.38999938964844,35.52000045776367,0.03285842070864842,17,0.9818304172274562,0.03333333333333333,1.0,1.0,0.0010952806902882807,1.0955463048855227
2026-08-26,2026-08-27,2026-08-28,NE,1,44.970001220703125,46.630001068115234,0.036913493492365834,17,0.9697173620457604,0.029816935357024343,1.0,0.8945080607107303,0.001100647249263811,1.100914165295848
2026-08-26,2026-08-27,2026-08-28,FTI,1,75.41000366210938,76.16999816894531,0.010078165626953961,16,0.9912516823687753,0.03333333333333333,1.0,1.0,0.0003359388542317987,0.33602032217353817
2026-08-26,2026-08-27,2026-08-28,ICLR,1,168.83999633789062,169.41000366210938,0.0033760207094415406,16,0.9845222072678331,0.02385733896450721,1.0,0.7157201689352163,8.054287041634294e-05,0.08056240272644029
2026-08-26,2026-08-27,2026-08-28,ETSY,1,81.38999938964844,83.68000030517578,0.02813614611991988,15,0.9718498659517426,0.030768684302941822,1.0,0.9230605290882546,0.0008657121974652563,0.865922139810352
2026-08-26,2026-08-27,2026-08-28,NI,1,40.810001373291016,41.29999923706055,0.012006808313665518,14,0.9777927321668909,0.03333333333333333,1.0,1.0,0.00040022694378885057,0.40032400212231933
2026-08-26,2026-08-27,2026-08-28,HUM,1,386.6700134277344,392.7099914550781,0.015620497627423457,14,0.9725201072386058,0.03333333333333333,1.0,1.0,0.0005206832542474486,0.5208095242292842
2026-08-26,2026-08-27,2026-08-28,TRP,1,62.75,62.25,-0.007968127490039834,14,0.9812332439678284,0.03333333333333333,1.0,1.0,-0.00026560424966799446,-0.265668660888266
2026-08-26,2026-08-27,2026-08-28,CVE,1,31.5,31.65999984741211,0.005079360235304975,14,0.9611260053619303,0.03279261710025153,1.0,0.983778513007546,0.00016656551531059956,0.16660590882128218
2026-08-26,2026-08-27,2026-08-28,DVA,1,178.0,180.0,0.011235955056179803,13,0.9765100671140939,0.03062901696757885,1.0,0.9188705090273654,0.00034414625806268454,0.3442297163675174
2026-08-26,2026-08-27,2026-08-28,VTRS,1,16.75,16.93000030517578,0.010746286876166078,12,0.9663072776280324,0.03333333333333333,1.0,1.0,0.0003582095625388693,0.3582964313109801
2026-08-26,2026-08-27,2026-08-28,SLAB,1,218.6999969482422,219.1999969482422,0.0022862368860403492,12,0.9765415549597856,0.03333333333333333,1.0,1.0,7.620789620134497e-05,0.07622637724445626
2026-08-26,2026-08-27,2026-08-28,CYTK,1,78.83999633789062,73.87999725341797,-0.06291221860558194,11,0.9730820995962315,0.03333333333333333,1.0,1.0,-0.002097073953519398,-2.0975825112420803
2026-08-26,2026-08-27,2026-08-28,SO,1,89.0,89.37000274658203,0.004157334231258858,10,0.9557640750670241,0.03333333333333333,1.0,1.0,0.0001385778077086286,0.13861141396947807
2026-08-26,2026-08-27,2026-08-28,BALL,1,64.48999786376953,63.90999984741211,-0.008993611964178139,9,0.9812332439678284,0.03333333333333333,1.0,1.0,-0.00029978706547260464,-0.299859766307523
2026-08-26,2026-08-27,2026-08-28,CZR,1,29.65999984741211,29.63999938964844,-0.0006743242706190866,9,0.9684986595174263,0.03333333333333333,1.0,1.0,-2.2477475687302887e-05,-0.022482926660468614
2026-08-26,2026-08-27,2026-08-28,XEL,1,77.0,77.5,0.006493506493506551,8,0.982573726541555,0.03333333333333333,1.0,1.0,0.00021645021645021837,0.2165027074121929
2026-08-26,2026-08-27,2026-08-28,TEX,1,65.20999908447266,64.94000244140625,-0.004140417832496079,7,0.9731903485254692,0.028579339986324243,1.0,0.8573801995897273,-0.00011833040892034515,-0.11835910502006237
2026-08-26,2026-08-27,2026-08-28,VRNS,1,42.59999847412109,44.52000045776367,0.04507047071395931,5,0.9724091520861373,0.02401479651930357,1.0,0.7204438955791072,0.0010823581832249635,1.0826206640077054
2026-08-26,2026-08-27,2026-08-28,EAT,1,236.22000122070312,234.3999938964844,-0.007704713042136824,4,0.9865951742627346,0.02887185786672819,1.0,0.8661557360018457,-0.00022244937985650134,-0.22250332566506095
2026-08-27,2026-08-28,2026-08-31,AGX,1,452.2999877929688,421.2900085449219,-0.06856064577707022,35,0.9741379310344828,0.016897648403760943,1.0,0.5069294521128282,-0.00115851368667573,-1.163959496996466
2026-08-27,2026-08-28,2026-08-31,UTHR,1,527.9400024414062,510.9500122070313,-0.032181668666527274,26,0.9892761394101877,0.03333333333333333,1.0,1.0,-0.0010727222888842424,-1.0777648206896733
2026-08-27,2026-08-28,2026-08-31,ZIM,1,28.149999618530277,27.51000022888184,-0.022735324984770044,20,0.9811574697173621,0.030111245792499287,1.0,0.9033373737749786,-0.0006845889587887609,-0.6878069972634995
2026-08-27,2026-08-28,2026-08-31,HAL,1,35.52000045776367,37.29999923706055,0.0501125776001452,18,0.9818304172274562,0.03333333333333333,1.0,1.0,0.0016704192533381734,1.6782713715430844
2026-08-27,2026-08-28,2026-08-31,NE,1,46.630001068115234,46.68999862670898,0.0012866728976930197,18,0.9697173620457604,0.03053906012997949,1.0,0.9161718038993847,3.929378099026208e-05,0.03947848875894759
2026-08-27,2026-08-28,2026-08-31,FTI,1,76.16999816894531,76.5,0.00433243847955378,17,0.9912516823687753,0.03333333333333333,1.0,1.0,0.000144414615985126,0.14509346390487185
2026-08-27,2026-08-28,2026-08-31,ICLR,1,169.41000366210938,169.91000366210938,0.00295141956904299,17,0.9845222072678331,0.023966859402229996,1.0,0.7190057820668999,7.073625784824359e-05,0.07106876686170682
2026-08-27,2026-08-28,2026-08-31,ETSY,1,83.68000030517578,83.02999877929688,-0.007767704630836425,16,0.9718498659517426,0.03028886169112573,1.0,0.9086658507337719,-0.00023527493122092134,-0.2363808850507201
2026-08-27,2026-08-28,2026-08-31,NI,1,41.29999923706055,40.43999862670898,-0.020823259715216813,15,0.9777927321668909,0.03333333333333333,1.0,1.0,-0.0006941086571738938,-0.6973714447718514
2026-08-27,2026-08-28,2026-08-31,HUM,1,392.7099914550781,385.3599853515625,-0.01871611688890884,15,0.9725201072386058,0.03333333333333333,1.0,1.0,-0.000623870562963628,-0.6268031832594999
2026-08-27,2026-08-28,2026-08-31,TRP,1,62.25,62.16999816894531,-0.0012851699767820746,15,0.9812332439678284,0.03333333333333333,1.0,1.0,-4.2838999226069155e-05,-0.04304037195631694
2026-08-27,2026-08-28,2026-08-31,CVE,1,31.65999984741211,32.34000015258789,0.021478215680767354,15,0.9611260053619303,0.032806497015647466,1.0,0.984194910469424,0.0007046250186325268,0.7079372403549378
2026-08-27,2026-08-28,2026-08-31,DVA,1,180.0,179.74000549316406,-0.0014444139268663392,14,0.9765100671140939,0.030479435185854307,1.0,0.9143830555756292,-4.4024920665467885e-05,-0.04423186804130557
2026-08-27,2026-08-28,2026-08-31,VTRS,1,16.93000030517578,16.290000915527344,-0.03780268033738776,13,0.9663072776280324,0.03333333333333333,1.0,1.0,-0.0012600893445795921,-1.266012630283235
2026-08-27,2026-08-28,2026-08-31,SLAB,1,219.1999969482422,218.97999572753903,-0.0010036552179109037,13,0.9765415549597856,0.03333333333333333,1.0,1.0,-3.3455173930363456e-05,-0.03361243623426836
2026-08-27,2026-08-28,2026-08-31,CYTK,1,73.87999725341797,71.54000091552734,-0.03167293482516165,12,0.9751009421265141,0.03333333333333333,1.0,1.0,-0.0010557644941720549,-1.0607273126909509
2026-08-27,2026-08-28,2026-08-31,SO,1,89.37000274658203,88.04000091552734,-0.014881971468950761,11,0.9557640750670241,0.03333333333333333,1.0,1.0,-0.000496065715631692,-0.49839756533275337
2026-08-27,2026-08-28,2026-08-31,BALL,1,63.90999984741211,63.52999877929688,-0.005945878094546941,10,0.9812332439678284,0.03333333333333333,1.0,1.0,-0.00019819593648489803,-0.19912759356314497
2026-08-27,2026-08-28,2026-08-31,CZR,1,29.63999938964844,29.75,0.0037112217482020426,10,0.977792732166891,0.03333333333333333,1.0,1.0,0.00012370739160673475,0.1242889013443507
2026-08-27,2026-08-28,2026-08-31,XEL,1,77.5,75.61000061035156,-0.02438708889868957,9,0.982573726541555,0.03333333333333333,1.0,1.0,-0.0008129029632896523,-0.816724165747728
2026-08-27,2026-08-28,2026-08-31,TEX,1,64.94000244140625,63.810001373291016,-0.017400693342055296,8,0.9731903485254692,0.02850459539275875,1.0,0.8551378617827625,-0.0004959997232687573,-0.49833126276037076
2026-08-27,2026-08-28,2026-08-31,VRNS,1,44.52000045776367,43.33000183105469,-0.026729528626980636,6,0.9724091520861373,0.02409345226682926,1.0,0.7228035680048779,-0.0006440066220890043,-0.6470338956978798
2026-08-27,2026-08-28,2026-08-31,EAT,1,234.3999938964844,229.72000122070312,-0.019965839580388667,5,0.9865951742627346,0.028339032672427857,1.0,0.8501709801728357,-0.0005658125802010878,-0.5684722880874079
2026-08-27,2026-08-28,2026-08-31,MMYT,1,58.369998931884766,58.130001068115234,-0.004111664693528527,0,0.9751009421265142,0.022932041610990543,1.0,0.6879612483297163,-9.428886584243687e-05,-0.09473208829603483
