signal_date,exec_entry_date,exec_exit_date,ticker,side,entry_price,exit_price,position_return,holding_age,score,weight,contribution_return,contribution_pnl
2025-05-09,2025-05-12,2025-05-13,RCAT,1,6.300315190744401,6.189690557217598,-0.017558587178196805,0,0.9935483870967743,0.2,-0.003511717435639361,-3.511717435639361
2025-05-09,2025-05-12,2025-05-13,SOUN,1,9.53547659740448,11.129443614435196,0.1671617564941208,0,0.984331797235023,0.2,0.03343235129882416,33.43235129882416
2025-05-09,2025-05-12,2025-05-13,QUBT,1,9.500475000000002,8.99955,-0.052726311052868624,0,0.9834101382488479,0.2,-0.010545262210573725,-10.545262210573725
2025-05-09,2025-05-12,2025-05-13,MSTR,1,420.9410594284058,412.52936029357915,-0.019983080639006556,0,0.9815668202764978,0.2,-0.003996616127801312,-3.9966161278013117
2025-05-09,2025-05-12,2025-05-13,COMP,1,6.540326961851121,6.469676290202141,-0.010802314939463376,0,0.9815668202764977,0.2,-0.0021604629878926754,-2.1604629878926755
2025-05-12,2025-05-13,2025-05-14,RCAT,1,6.190309557223321,6.819659171652794,0.10166690512190946,1,0.9908256880733946,0.16666666666666666,0.01694448418698491,17.164225214808894
2025-05-12,2025-05-13,2025-05-14,QUBT,1,9.00045,8.99955,-9.999500025015262e-05,1,0.9844036697247707,0.16666666666666666,-1.6665833375025436e-05,-0.01688196077760428
2025-05-12,2025-05-13,2025-05-14,MSTR,1,412.5706152923585,420.37897389678955,0.01892611425779278,1,0.9815668202764978,0.16666666666666666,0.003154352376298797,3.195258940679159
2025-05-12,2025-05-13,2025-05-14,COMP,1,6.4703232901811605,6.409679347419739,-0.009372629471768423,1,0.9834862385321101,0.16666666666666666,-0.0015621049119614039,-1.5823627454330744
2025-05-12,2025-05-13,2025-05-14,FLNC,1,6.035301597404481,5.779711209797859,-0.042349232011295035,0,0.9972477064220183,0.16666666666666666,-0.007058205335215839,-7.149738206788546
2025-05-12,2025-05-13,2025-05-14,IAG,1,6.340317152595521,6.179690828347206,-0.025334115058039286,0,0.9880733944954129,0.16666666666666666,-0.004222352509673214,-4.2771092122126415
2025-05-13,2025-05-14,2025-05-15,RCAT,1,6.820341171669961,5.979701019072532,-0.12325485359724286,2,0.9771689497716894,0.14285714285714285,-0.01760783622817755,-17.96262953822291
2025-05-13,2025-05-14,2025-05-15,QUBT,1,9.00045,8.879556114435196,-0.013431982352527294,2,0.9844036697247707,0.14285714285714285,-0.0019188546217896133,-1.9575190422180075
2025-05-13,2025-05-14,2025-05-15,MSTR,1,420.42101389617926,411.67942720642094,-0.02079245898949522,2,0.9815668202764978,0.14285714285714285,-0.0029703512842136027,-3.0302030882891735
2025-05-13,2025-05-14,2025-05-15,COMP,1,6.410320347404481,6.369681385564804,-0.006339614814434569,2,0.9817351598173516,0.14285714285714285,-0.0009056592592049384,-0.9239080571936623
2025-05-13,2025-05-14,2025-05-15,FLNC,1,5.78028920981884,5.379731114435196,-0.06929724116627689,1,0.9945205479452055,0.14285714285714285,-0.009899605880896698,-10.099080358800299
2025-05-13,2025-05-14,2025-05-15,IAG,1,6.18030882833004,6.209689538145065,0.00475392260016938,1,0.9780821917808218,0.14285714285714285,0.0006791318000241971,0.6928161287608567
2025-05-13,2025-05-14,2025-05-15,RDW,1,11.68058430519104,11.349432881450655,-0.028350587187082388,0,0.9981735159817351,0.14285714285714285,-0.004050083883868912,-4.1316920183664205
2025-05-14,2025-05-15,2025-05-16,RCAT,1,5.98029901907444,6.669666576290131,0.11527309169941513,3,0.989041095890411,0.14285714285714285,0.016467584528487875,16.182473264963004
2025-05-14,2025-05-15,2025-05-16,QUBT,1,8.880444114446641,10.529473232984543,0.18569219031008521,3,0.9844036697247707,0.14285714285714285,0.0265274557585836,26.068173074086314
2025-05-14,2025-05-15,2025-05-16,MSTR,1,411.7205972076417,398.98005,-0.03094464375610595,3,0.9762557077625571,0.14285714285714285,-0.0044206633937294215,-4.344126308182724
2025-05-14,2025-05-15,2025-05-16,COMP,1,6.370318385553361,6.069696671652794,-0.047191002977546304,3,0.9826484018264839,0.14285714285714285,-0.006741571853935186,-6.624851756577005
2025-05-14,2025-05-15,2025-05-16,FLNC,1,5.380269114446641,5.609719633507728,0.04264666212420232,2,0.9917808219178081,0.14285714285714285,0.006092380303457473,5.986899973711001
2025-05-14,2025-05-15,2025-05-16,IAG,1,6.210310538148881,6.089695652580262,-0.019421715681961826,2,0.9780821917808218,0.14285714285714285,-0.0027745308117088324,-2.726494016509966
2025-05-14,2025-05-15,2025-05-16,RDW,1,11.350567881488804,13.009349728870392,0.1461408684306298,1,0.9853881278538813,0.14285714285714285,0.0208772669186614,20.515808689020712
2025-05-15,2025-05-16,2025-05-19,RCAT,1,6.670333576297761,6.649667595362663,-0.0030981930211904096,4,0.989041095890411,0.1111111111111111,-0.0003442436690211566,-0.3572369393430518
2025-05-15,2025-05-16,2025-05-19,QUBT,1,10.530526232957842,12.089395652580261,0.14803338267593502,4,0.9844036697247707,0.1111111111111111,0.016448153630659445,17.068979300531343
2025-05-15,2025-05-16,2025-05-19,MSTR,1,399.01995000000005,392.7903570587158,-0.015612234278722714,4,0.9762557077625571,0.1111111111111111,-0.001734692697635857,-1.8001676305805643
2025-05-15,2025-05-16,2025-05-19,COMP,1,6.0703036716699605,6.119693885564804,0.008136366245620863,4,0.9853881278538813,0.1111111111111111,0.0009040406939578736,0.9381631664262531
2025-05-15,2025-05-16,2025-05-19,FLNC,1,5.61028063352108,5.199739809274673,-0.07317652200737534,3,0.9972602739726028,0.1111111111111111,-0.008130724667486149,-8.437613981726685
2025-05-15,2025-05-16,2025-05-19,IAG,1,6.0903046525955205,6.469676290202141,0.062291077252587534,3,0.9780821917808218,0.1111111111111111,0.006921230805843059,7.182468501444719
2025-05-15,2025-05-16,2025-05-19,RDW,1,13.010650728893282,11.719414267015457,-0.09924457191140512,2,0.9899543378995432,0.1111111111111111,-0.011027174656822791,-11.4433887345145
2025-05-15,2025-05-16,2025-05-19,FSLY,1,8.19040908036232,7.759612228870392,-0.052597720976455986,0,0.9853881278538813,0.1111111111111111,-0.005844191219606221,-6.064776703560387
2025-05-15,2025-05-16,2025-05-19,UEC,1,5.550277690744401,5.109744633507729,-0.07937135433264919,0,0.96986301369863,0.1111111111111111,-0.008819039370294353,-9.151908709165559
2025-05-16,2025-05-19,2025-05-20,RCAT,1,6.650332595372201,6.949652309274674,0.0450082322364993,5,0.989041095890411,0.125,0.005626029029562413,5.769915524333632
2025-05-16,2025-05-19,2025-05-20,MSTR,1,392.82963805847174,413.479325,0.05256651978600102,5,0.9762557077625571,0.125,0.0065708149732501275,6.7388645032691254
2025-05-16,2025-05-19,2025-05-20,COMP,1,6.1203058855533605,6.209689538145065,0.01460444204311595,5,0.9780821917808218,0.125,0.0018255552553894938,1.872244091392461
2025-05-16,2025-05-19,2025-05-20,FLNC,1,5.2002598092556,5.3097344427824025,0.021051762323866186,4,0.9945205479452055,0.125,0.002631470290483273,2.698770518442049
2025-05-16,2025-05-19,2025-05-20,IAG,1,6.4703232901811605,6.439678057217598,-0.004736275389835232,4,0.9780821917808218,0.125,-0.000592034423729404,-0.6071757885475922
2025-05-16,2025-05-19,2025-05-20,RDW,1,11.720586267042162,12.099395381450655,0.03231998005711456,3,0.9963470319634703,0.125,0.00403999750713932,4.1433210195371855
2025-05-16,2025-05-19,2025-05-20,FSLY,1,7.760388228893281,7.6996148092746735,-0.007831234446794455,1,0.9771689497716896,0.125,-0.0009789043058493069,-1.0039399230750619
2025-05-16,2025-05-19,2025-05-20,UEC,1,5.1102556335210805,5.139742866492272,0.005770207027955276,1,0.978082191780822,0.125,0.0007212758784944096,0.7397226119496161
2025-05-19,2025-05-20,2025-05-21,RCAT,1,6.9503473092556005,6.589670652580261,-0.051893328581585574,6,0.9789954337899542,0.14285714285714285,-0.007413332654512225,-7.753423637307665
2025-05-19,2025-05-20,2025-05-21,MSTR,1,413.52067500000004,415.899217427063,0.005751931090417495,6,0.9863013698630136,0.14285714285714285,0.0008217044414882135,0.8594006145991033
2025-05-19,2025-05-20,2025-05-21,COMP,1,6.210310538148881,5.989700271129609,-0.035523226361081406,6,0.9835616438356165,0.14285714285714285,-0.005074746623011629,-5.30755360023629
2025-05-19,2025-05-20,2025-05-21,FLNC,1,5.3102654427766804,5.259737228870392,-0.009515195511557661,5,1.0,0.14285714285714285,-0.0013593136445082374,-1.4216729550683374
2025-05-19,2025-05-20,2025-05-21,IAG,1,6.44032205722332,6.689665557217598,0.038715998637772975,5,0.9780821917808218,0.14285714285714285,0.005530856948253282,5.784588254117124
2025-05-19,2025-05-20,2025-05-21,RDW,1,12.100605381488803,12.129393614435196,0.0023790737767908077,4,0.9963470319634703,0.14285714285714285,0.0003398676823986868,0.3554593116313269
2025-05-19,2025-05-20,2025-05-21,UEC,1,5.1402568664789205,5.189740557217598,0.009626696101779464,2,0.9853881278538813,0.14285714285714285,0.0013752423002542091,1.4383323472374157
2025-05-20,2025-05-21,2025-05-22,RCAT,1,6.59032965259552,6.339683152580261,-0.03803246775622904,7,0.9745454545454546,0.14285714285714285,-0.005433209679461291,-5.649334192164649
2025-05-20,2025-05-21,2025-05-22,MSTR,1,415.9408094284058,413.17935220642096,-0.0066390629613375385,7,0.9863013698630136,0.14285714285714285,-0.0009484375659053626,-0.9861649165606717
2025-05-20,2025-05-21,2025-05-22,COMP,1,5.9902992711067204,5.779711209797859,-0.03515484816002434,7,0.9781818181818183,0.14285714285714285,-0.005022121165717763,-5.221893225644151
2025-05-20,2025-05-21,2025-06-13,FLNC,1,5.2602632288932805,4.709764538145065,-0.10465230860016028,6,0.9918181818181818,0.14285714285714285,-0.014950329800022897,-15.54503034231907
2025-05-20,2025-05-21,2025-05-22,IAG,1,6.690334557223321,6.609669633507728,-0.012056934227377525,6,0.9780821917808218,0.14285714285714285,-0.0017224191753396462,-1.7909342938244734
2025-05-20,2025-05-21,2025-05-22,RDW,1,12.130606614446641,11.629418614435195,-0.04131598822226823,5,0.9945454545454545,0.14285714285714285,-0.005902284031752604,-6.137067582444839
2025-05-20,2025-05-21,2025-05-22,UEC,1,5.190259557223321,5.239737771129608,0.009532897798420814,3,0.980909090909091,0.14285714285714285,0.0013618425426315448,1.4160144913081376
2025-05-21,2025-05-22,2025-05-23,RCAT,1,6.340317152595521,6.509674728870392,0.026711215259246357,8,0.9745454545454546,0.1111111111111111,0.0029679128065829286,2.9853166855856066
2025-05-21,2025-05-22,2025-05-23,MSTR,1,413.2206722076417,391.49043426513674,-0.052587489939481036,8,0.9863013698630136,0.1111111111111111,-0.005843054437720115,-5.877318184355322
2025-05-21,2025-05-22,2025-05-23,COMP,1,5.78028920981884,5.729713519072533,-0.008749681704575574,8,0.9781818181818182,0.1111111111111111,-0.0009721868560639526,-0.9778877723352805
2025-05-21,2025-06-13,2025-06-16,FLNC,1,4.71023553814888,5.139742866492272,0.09118595553550346,7,0.9972727272727273,0.1111111111111111,0.010131772837278162,10.191185683960013
2025-05-21,2025-05-22,2025-05-23,IAG,1,6.61033063352108,6.7996601907253265,0.02864146556363667,7,0.9780821917808218,0.1111111111111111,0.0031823850626262963,3.2010466097064634
2025-05-21,2025-05-22,2025-05-23,RDW,1,11.63058161444664,12.529373232984543,0.07727830372829247,6,0.990909090909091,0.1111111111111111,0.008586478192032497,8.636829410970536
2025-05-21,2025-05-22,2025-05-23,UEC,1,5.24026177110672,5.9997,0.1449237198570119,4,0.980909090909091,0.1111111111111111,0.016102635539667988,16.197061602298604
2025-05-21,2025-05-22,2025-05-23,SOUN,1,9.4504723092556,9.309534919595718,-0.014913264125630099,0,0.9800000000000001,0.1111111111111111,-0.0016570293472922331,-1.66674618877093
2025-05-21,2025-05-22,2025-05-23,AG,1,5.918772993587418,5.918181045455245,-0.00010001196748299357,0,0.9681818181818183,0.1111111111111111,-1.111244083144373e-05,-0.011177604327900196
2025-05-22,2025-05-23,2025-05-27,MSTR,1,391.5295852661133,381.10093911743166,-0.026635652939467014,9,0.9863013698630136,0.14285714285714285,-0.003805093277066716,-3.9513676711244465
2025-05-22,2025-05-23,2025-05-27,COMP,1,5.730286519074441,6.0796959237098696,0.060975904690340865,9,0.9662100456621004,0.14285714285714285,0.008710843527191552,9.045703480914916
2025-05-22,2025-05-23,2025-05-27,IAG,1,6.800340190744401,6.6196688855648045,-0.026567980440963646,8,0.9780821917808218,0.14285714285714285,-0.0037954257772805206,-3.941328535856461
2025-05-22,2025-05-23,2025-05-27,RDW,1,12.530626232957841,13.58932065258026,0.08448854829281083,7,0.9926940639269406,0.14285714285714285,0.01206979261325869,12.53377640349783
2025-05-22,2025-05-23,2025-05-27,UEC,1,6.000300000000001,7.0696466716527935,0.1782155344987404,5,0.9726027397260274,0.14285714285714285,0.025459362071248624,26.438064165757872
2025-05-22,2025-05-23,2025-05-27,SOUN,1,9.31046591963768,10.119493885564804,0.08689446617496532,1,0.9808219178082191,0.14285714285714285,0.012413495167852189,12.89069148121455
2025-05-22,2025-05-23,2025-05-27,AG,1,5.918772893152175,5.8581995734326275,-0.010234101022802977,1,0.9771689497716894,0.14285714285714285,-0.0014620144318289966,-1.518216805738816
2025-05-23,2025-05-27,2025-05-28,MSTR,1,381.1390511169434,368.5115722793579,-0.03313089750467757,10,0.9863013698630136,0.14285714285714285,-0.004732985357811081,-5.158174115460954
2025-05-23,2025-05-27,2025-05-28,COMP,1,6.080303923702241,5.949702309274674,-0.02147945498554038,10,0.9681818181818183,0.14285714285714285,-0.0030684935693629112,-3.3441523491773992
2025-05-23,2025-05-27,2025-05-28,IAG,1,6.6203308855533605,7.059646942782402,0.0663586253955526,9,0.9780821917808218,0.14285714285714285,0.009479803627936085,10.331423825888912
2025-05-23,2025-05-27,2025-05-28,RDW,1,13.590679652595522,15.9992,0.17721853571498936,8,0.96,0.14285714285714285,0.025316933673569908,27.591285855624363
2025-05-23,2025-05-27,2025-05-28,SOUN,1,10.120505885553362,11.129443614435196,0.09969242054609695,2,0.9854545454545456,0.14285714285714285,0.014241774363728135,15.521187226996298
2025-05-23,2025-05-27,2025-05-28,AG,1,5.858785422682434,6.1681044168796975,0.05279575404822423,2,0.9827272727272727,0.14285714285714285,0.0075422505783177465,8.219810281304463
2025-05-23,2025-05-27,2025-05-28,AES,1,9.69618161559105,9.62781762231881,-0.007050609815549724,0,0.9536363636363637,0.14285714285714285,-0.0010072299736499605,-1.0977146949806862
2025-05-27,2025-05-28,2025-05-29,MSTR,1,368.54842527923586,370.7714690444946,0.006031890554340169,11,0.9763636363636363,0.125,0.0007539863192925211,0.8608939622979035
2025-05-27,2025-05-28,2025-05-29,COMP,1,5.950297309255601,5.8997050953626635,-0.008502468240409011,11,0.9763636363636363,0.125,-0.0010628085300511264,-1.2135040426970254
2025-05-27,2025-05-28,2025-05-29,IAG,1,7.060352942776681,6.8896553664922715,-0.024176918302511563,10,0.9780821917808218,0.125,-0.0030221147878139454,-3.450620134117919
2025-05-27,2025-05-28,2025-05-29,SOUN,1,11.130556614446641,11.359431656694412,0.02056276700041293,3,0.9854545454545456,0.125,0.002570345875051616,2.9347949534754996
2025-05-27,2025-05-28,2025-05-29,AG,1,6.16872125816345,6.438021494208802,0.043655763451618146,3,0.990909090909091,0.125,0.005456970431452268,6.230713710142037
2025-05-27,2025-05-28,2025-05-29,AES,1,9.628780452222538,9.43526098825152,-0.020098024348073062,1,0.9536363636363637,0.125,-0.002512253043509133,-2.8684651452972294
2025-05-27,2025-05-28,2025-05-29,UUUU,1,5.400270095372201,5.269736480927468,-0.02417168255280322,0,0.9863636363636363,0.125,-0.0030214603191004025,-3.4498728683524993
2025-05-27,2025-05-28,2025-05-29,RCAT,1,6.450322309255601,6.239687771129608,-0.03265488576032116,0,0.9863636363636363,0.125,-0.004081860720040145,-4.660627333558027
2025-05-28,2025-05-29,2025-05-30,MSTR,1,370.80854804534914,368.98155,-0.0049270656110270705,12,0.9763636363636363,0.1,-0.000492706561102707,-0.5597156103565741
2025-05-28,2025-05-29,2025-05-30,COMP,1,5.900295095372201,5.8497074046373365,-0.008573756043920855,12,0.9590909090909091,0.1,-0.0008573756043920855,-0.9739803518003449
2025-05-28,2025-05-29,2025-05-30,IAG,1,6.890344366478921,6.759662228870392,-0.018965980603856236,11,0.9780821917808218,0.1,-0.0018965980603856238,-2.154539080206297
2025-05-28,2025-05-29,2025-05-30,SOUN,1,11.36056765666008,10.369481385564804,-0.0872391504586707,4,0.9854545454545456,0.1,-0.008723915045867071,-9.910384435855972
2025-05-28,2025-05-29,2025-05-30,AG,1,6.4386653285499404,6.058137930195252,-0.059100353712651765,4,0.9836363636363636,0.1,-0.005910035371265177,-6.713811660338484
2025-05-28,2025-05-29,2025-05-30,AES,1,9.43620456152901,9.63744521094243,0.021326439894475024,2,0.9536363636363637,0.1,0.0021326439894475027,2.42268771407341
2025-05-28,2025-05-29,2025-06-03,UUUU,1,5.270263480925561,5.279736209797859,0.0017973918963600788,1,0.9718181818181817,0.1,0.0001797391896360079,0.20418406851932105
2025-05-28,2025-05-29,2025-05-30,RCAT,1,6.240311771106721,5.839708152580261,-0.06419609039107554,1,0.9863636363636363,0.1,-0.006419609039107555,-7.292688336710935
2025-05-28,2025-05-29,2025-05-30,PDD,1,100.15500902595521,97.55511955871583,-0.02595865641193862,0,0.9927272727272728,0.1,-0.002595865641193862,-2.9489084101350307
2025-05-28,2025-05-29,2025-05-30,RUN,1,6.8253410592556,6.79466032629013,-0.004495120859032364,0,0.9581818181818182,0.1,-0.00044951208590323646,-0.5106466026368578
2025-05-29,2025-05-30,2025-06-02,MSTR,1,369.01845000000003,367.8716201477051,-0.003107784589889584,13,0.9763636363636363,0.1,-0.00031077845898895844,-0.34417177201606064
2025-05-29,2025-05-30,2025-06-02,COMP,1,5.8502924046278,5.8497074046373365,-9.99950002500416e-05,13,0.9590909090909091,0.1,-9.99950002500416e-06,-0.01107395169561156
2025-05-29,2025-05-30,2025-06-02,IAG,1,6.760338228893281,7.0696466716527935,0.04575339757965757,12,0.9780821917808218,0.1,0.004575339757965757,5.066962482527001
2025-05-29,2025-05-30,2025-06-02,SOUN,1,10.37051838555336,10.019499457740784,-0.0338477706477589,5,0.9854545454545456,0.1,-0.0033847770647758902,-3.74847318586076
2025-05-29,2025-05-30,2025-06-02,AG,1,6.058743774280476,6.408030327442229,0.05764999580350039,5,0.9718181818181819,0.1,0.005764999580350039,6.384451894432661
2025-05-29,2025-05-30,2025-06-02,AES,1,9.63840900365316,9.647074018690247,0.000899008854449157,3,0.9536363636363637,0.1,8.99008854449157e-05,0.09956078407123067
2025-05-29,2025-06-03,2025-06-04,UUUU,1,5.28026420981884,5.609719633507728,0.06239373838079043,2,0.9627272727272727,0.1,0.006239373838079043,6.909797921993714
2025-05-29,2025-05-30,2025-06-02,RCAT,1,5.840292152595521,6.459677038145065,0.10605375028615294,2,0.9872727272727273,0.1,0.010605375028615294,11.744928295120634
2025-05-29,2025-05-30,2025-06-02,APP,1,386.8893386169434,392.2903820587158,0.013960176470822594,0,0.9654545454545453,0.1,0.0013960176470822596,1.5460204961601387
2025-05-29,2025-05-30,2025-06-02,PSLV,1,11.18055930519104,11.429428805160521,0.022259127935928325,0,0.9609090909090909,0.1,0.0022259127935928325,2.465088323741522
2025-05-30,2025-06-02,2025-06-03,MSTR,1,367.90840914917,379.38102389678954,0.031183344719277528,14,0.9763636363636363,0.1,0.003118334471927753,3.546613203096143
2025-05-30,2025-06-02,2025-06-03,COMP,1,5.8502924046278,5.859707133507729,0.0016092749265799178,14,0.9590909090909091,0.1,0.0001609274926579918,0.1830296189648814
2025-05-30,2025-06-02,2025-06-03,IAG,1,7.07035367166996,7.369631385564804,0.04232853514726043,13,0.960730593607306,0.1,0.004232853514726043,4.814202676859966
2025-05-30,2025-06-02,2025-06-03,SOUN,1,10.020501457786562,10.2494875,0.022851754792720724,6,0.9598173515981735,0.1,0.0022851754792720725,2.5990263710126027
2025-05-30,2025-06-02,2025-06-03,AG,1,6.408671162516727,6.807907851880475,0.06229632933872753,6,0.9726027397260273,0.1,0.006229632933872753,7.085224055537925
2025-05-30,2025-06-02,2025-06-03,AES,1,9.6480387743299,9.92628052355515,0.0288392030477278,4,0.9536363636363637,0.1,0.0028839203047727802,3.2800040924606644
2025-05-30,2025-06-02,2025-06-03,RCAT,1,6.46032303814888,6.529673709797859,0.010734861281619601,3,0.9826484018264839,0.1,0.0010734861281619602,1.2209210108004007
2025-05-30,2025-06-02,2025-06-03,APP,1,392.3296130584717,401.88990816192626,0.024368018077773,1,0.9654545454545453,0.1,0.0024368018077773005,2.771477384030841
2025-05-30,2025-06-02,2025-06-03,PSLV,1,11.43057180519104,11.489425271129608,0.00514877706396466,1,0.9609090909090909,0.1,0.000514877706396466,0.5855921126885048
2025-05-30,2025-06-02,2025-06-03,QUBT,1,11.310565919637682,12.214389402580261,0.07990966052134829,0,1.0,0.1,0.00799096605213483,9.08846243439503
2025-06-02,2025-06-03,2025-06-04,MSTR,1,379.41896389617926,385.7806977935792,0.0167670425117199,15,0.9763636363636363,0.09090909090909091,0.0015242765919745362,1.7870663871395043
2025-06-02,2025-06-03,2025-06-04,COMP,1,5.860293133521081,6.059696942782402,0.03402625171098084,15,0.9753424657534246,0.09090909090909091,0.003093295610089167,3.626588927089476
2025-06-02,2025-06-03,2025-06-04,IAG,1,7.370368385553361,7.57962092370987,0.02839105553620147,14,0.960730593607306,0.09090909090909091,0.0025810050487455882,3.0259779569767553
2025-06-02,2025-06-03,2025-06-04,SOUN,1,10.250512500000001,10.029498232984542,-0.021561289449230858,7,0.9799086757990867,0.09090909090909091,-0.001960117222657351,-2.2980472323114363
2025-06-02,2025-06-03,2025-06-04,AG,1,6.808588676706904,7.077824454995899,0.039543551692303947,7,0.9726027397260273,0.09090909090909091,0.003594868335663995,4.214634274830207
2025-06-02,2025-06-03,2025-06-04,AES,1,9.927273201241391,9.945535119427156,0.001839570425389514,5,0.9536363636363637,0.09090909090909091,0.00016723367503541036,0.1960652554970058
2025-06-02,2025-06-03,2025-06-04,APP,1,401.93009916229255,398.37009514770506,-0.008857271505685382,2,0.9654545454545453,0.09090909090909091,-0.0008052065005168529,-0.9440264840096254
2025-06-02,2025-06-03,2025-06-04,PSLV,1,11.490574271106722,11.579420923709872,0.007732133356167958,2,0.9609090909090909,0.09090909090909091,0.0007029212141970872,0.8241069116410646
2025-06-02,2025-06-03,2025-06-04,QUBT,1,12.215610902595522,12.459377038145066,0.01995529634115556,1,1.0,0.09090909090909091,0.00181411784919596,2.126877134817321
2025-06-02,2025-06-03,2025-06-04,RKT,1,12.62063088555336,12.899354618549346,0.022084770208677496,0,0.9707762557077626,0.09090909090909091,0.002007706382607045,2.353840904264463
2025-06-02,2025-06-03,2025-06-04,SMR,1,34.8517409740448,31.66841657629013,-0.09133903526154963,0,0.9662100456621004,0.09090909090909091,-0.008303548660140875,-9.735105021387692
2025-06-03,2025-06-04,2025-06-05,MSTR,1,385.8192777923585,383.83081360321046,-0.005153874634066913,16,0.9763636363636363,0.09090909090909091,-0.00046853405764244664,-0.5516543785979994
2025-06-03,2025-06-04,2025-06-05,COMP,1,6.060302942776681,6.179690828347206,0.019699986402961,16,0.968181818181818,0.09090909090909091,0.0017909078548146364,2.108624002159497
2025-06-03,2025-06-04,2025-06-05,IAG,1,7.5803789237022405,7.599619904637337,0.002538261098654848,15,0.960730593607306,0.09090909090909091,0.00023075100896862257,0.2716874096708453
2025-06-03,2025-06-04,2025-06-05,SOUN,1,10.03050123295784,10.159491847419739,0.012859837356688164,8,0.9818181818181819,0.09090909090909091,0.0011690761233352877,1.3764761639685323
2025-06-03,2025-06-04,2025-06-05,AG,1,7.078532272832291,7.7876062005819655,0.10017245107027772,8,0.9726027397260273,0.09090909090909091,0.00910658646093434,10.722141140675465
2025-06-03,2025-06-04,2025-06-05,AES,1,9.946529722669261,9.839629227030656,-0.010747516834435977,6,0.9536363636363637,0.09090909090909091,-0.0009770469849487253,-1.1503800813435427
2025-06-03,2025-06-04,2025-06-05,APP,1,398.40993414916994,414.149304927063,0.03950546768244001,3,0.9754545454545455,0.09090909090909091,0.003591406152949092,4.228539840982256
2025-06-03,2025-06-04,2025-06-05,PSLV,1,11.580578923702243,12.009399728870392,0.03702930639248714,3,0.9609090909090909,0.09090909090909091,0.0033663005811351942,3.9634993976838757
2025-06-03,2025-06-04,2025-06-05,QUBT,1,12.460623038148881,12.649367118549344,0.015147242623632318,2,0.9781818181818182,0.09090909090909091,0.0013770220566938472,1.6213127618161092
2025-06-03,2025-06-04,2025-06-05,RKT,1,12.9006446185112,12.519374457740783,-0.02955434957283687,1,0.9707762557077626,0.09090909090909091,-0.002686759052076079,-3.163403750782755
2025-06-03,2025-06-04,2025-06-05,SMR,1,31.671583576297763,31.198440762901306,-0.014939032406025454,1,0.9727272727272727,0.09090909090909091,-0.0013580938550932231,-1.5990266011376075
2025-06-04,2025-06-05,2025-06-06,MSTR,1,383.86919860382085,377.3811238967896,-0.01690178511490159,17,0.9763636363636363,0.07692307692307693,-0.0013001373165308916,-1.5539668870721302
2025-06-04,2025-06-05,2025-06-06,COMP,1,6.18030882833004,6.179690828347206,-9.99950002500416e-05,17,0.9737556561085972,0.07692307692307693,-7.691923096157047e-06,-0.0091936395005007
2025-06-04,2025-06-05,2025-06-06,IAG,1,7.6003799046278,7.6996148092746735,0.013056571630906122,16,0.960730593607306,0.07692307692307693,0.0010043516639158556,1.2004341455758478
2025-06-04,2025-06-05,2025-06-06,SOUN,1,10.160507847404482,9.734512906694412,-0.04192654019935527,9,0.9818181818181819,0.07692307692307693,-0.003225118476873482,-3.854767689707193
2025-06-04,2025-06-05,2025-06-06,AG,1,7.788385000142003,8.437406305398081,0.08333194946632005,9,0.9726027397260273,0.07692307692307693,0.006410149958947697,7.6616220846198715
2025-06-04,2025-06-05,2025-06-06,AES,1,9.840613239153965,10.215114230983087,0.03805667215322028,7,0.9536363636363637,0.07692307692307693,0.0029274363194784834,3.4989681833148
2025-06-04,2025-06-05,2025-06-06,APP,1,414.1907219284058,420.97895,0.01638913599993086,4,0.9647058823529412,0.07692307692307693,0.0012607027692254507,1.5068334189836627
2025-06-04,2025-06-05,2025-06-06,PSLV,1,12.010600728893282,12.079395923709871,0.005727872932374867,4,0.9609090909090909,0.07692307692307693,0.0004406056101826821,0.5266263184484411
2025-06-04,2025-06-05,2025-06-06,QUBT,1,12.650632118511199,12.159391847419739,-0.0388312826180951,3,0.9728506787330317,0.07692307692307693,-0.002987021739853469,-3.570186637733188
2025-06-04,2025-06-05,2025-06-06,RKT,1,12.52062645778656,12.99935,0.03823479151202713,2,0.9707762557077626,0.07692307692307693,0.002941137808617472,3.515344653826683
2025-06-04,2025-06-05,2025-06-06,SMR,1,31.201560762977604,31.278436686611176,0.0024638486586474606,2,0.9727272727272727,0.07692307692307693,0.00018952681989595853,0.22652868938202275
2025-06-04,2025-06-05,2025-06-06,NVTS,1,6.830341423702241,6.40467995979786,-0.06231920741579278,0,0.9981900452488688,0.07692307692307693,-0.004793785185830214,-5.729689739537656
2025-06-04,2025-06-05,2025-06-06,HOOD,1,73.5536805519104,74.59626847419739,0.014174517365601824,0,0.9647058823529411,0.07692307692307693,0.0010903474896616788,1.303219185229972
2025-06-05,2025-06-06,2025-06-09,MSTR,1,377.41886389617923,380.6609586761475,0.008590176830324259,18,0.9763636363636363,0.07692307692307693,0.0006607828331018661,0.792830464727998
2025-06-05,2025-06-06,2025-06-09,COMP,1,6.18030882833004,6.329683423709869,0.0241694387010416,18,0.9728506787330315,0.07692307692307693,0.0018591875923878157,2.2307186098796925
2025-06-05,2025-06-06,2025-06-09,IAG,1,7.700384809255601,7.499625,-0.026071399576589216,17,0.960730593607306,0.07692307692307693,-0.0020054922751222477,-2.4062601097393603
2025-06-05,2025-06-06,2025-06-09,SOUN,1,9.735486406660081,10.379481114435196,0.06614920722754603,10,0.9900452488687783,0.07692307692307693,0.005088400555965079,6.105241806253281
2025-06-05,2025-06-06,2025-06-09,AG,1,8.438250088217762,8.487391313919908,0.005823627551731381,10,0.9726027397260273,0.07692307692307693,0.00044797135013318316,0.5374917687308747
2025-06-05,2025-06-06,2025-06-09,AES,1,10.21613579348431,10.580970675668596,0.03571163202597316,8,0.9536363636363637,0.07692307692307693,0.002747048617382551,3.2960054693401233
2025-06-05,2025-06-06,2025-06-09,APP,1,421.02105000000006,401.2299375,-0.047007418037649296,5,0.9710407239819003,0.07692307692307693,-0.0036159552336653307,-4.3385501631223065
2025-06-05,2025-06-06,2025-06-09,PSLV,1,12.080603923702244,12.159391847419739,0.006521853064225702,5,0.9609090909090909,0.07692307692307693,0.0005016810049404387,0.6019345000611122
2025-06-05,2025-06-06,2025-06-09,QUBT,1,12.160607847404481,14.759262228870393,0.21369444801400772,4,0.9972850678733032,0.07692307692307693,0.01643803446261598,19.722931422162986
2025-06-05,2025-06-06,2025-06-09,RKT,1,13.000650000000002,12.859356656694413,-0.0108681753070492,3,0.9707762557077626,0.07692307692307693,-0.0008360134851576308,-1.0030783591107884
2025-06-05,2025-06-06,2025-06-09,SMR,1,31.281564686679843,35.09824347419739,0.12201048207613296,3,0.9727272727272727,0.07692307692307693,0.009385421698164075,11.260958780804994
2025-06-05,2025-06-06,2025-06-09,NVTS,1,6.4053204598188405,6.369681385564804,-0.005563979894152582,1,0.9909502262443439,0.07692307692307693,-0.0004279984533963525,-0.513527585328149
2025-06-05,2025-06-06,2025-06-09,HOOD,1,74.60372847404481,72.05639455871582,-0.03414486068501554,1,0.9647058823529411,0.07692307692307693,-0.0026265277450011957,-3.151400291250088
2025-06-06,2025-06-09,2025-06-10,MSTR,1,380.69902667541515,393.2203282348633,0.03289029044490799,19,0.9763636363636363,0.08333333333333333,0.0027408575370756654,3.3793963202616193
2025-06-06,2025-06-09,2025-06-10,COMP,1,6.33031642370224,6.189690557217598,-0.022214666230285895,19,0.9819004524886876,0.08333333333333333,-0.0018512221858571578,-2.282502230870106
2025-06-06,2025-06-09,2025-06-10,IAG,1,7.500375000000001,7.449627309274674,-0.006766020462353861,18,0.960730593607306,0.08333333333333333,-0.0005638350385294884,-0.6951919348840345
2025-06-06,2025-06-09,2025-06-10,SOUN,1,10.380519114446642,10.039497961854934,-0.032852032623022276,11,0.9656108597285067,0.08333333333333333,-0.0027376693852518563,-3.3754654233083574
2025-06-06,2025-06-09,2025-06-10,AG,1,8.48824009549038,8.387422408996809,-0.01187733680473213,11,0.9726027397260273,0.08333333333333333,-0.0009897780670610108,-1.2203670976895793
2025-06-06,2025-06-09,2025-06-10,AES,1,10.582028825643663,10.657994115762207,0.007178707539943208,9,0.9536363636363637,0.08333333333333333,0.0005982256283286006,0.7375945154803052
2025-06-06,2025-06-09,2025-06-10,APP,1,401.27006250000005,389.9805,-0.02813457457968238,6,0.9882352941176471,0.08333333333333333,-0.002344547881640198,-2.8907582304863624
2025-06-06,2025-06-09,2025-06-10,QUBT,1,14.760738228893281,14.689265080404281,-0.004842112052979575,5,0.9972850678733032,0.08333333333333333,-0.0004035093377482979,-0.4975150852359519
2025-06-06,2025-06-09,2025-06-10,RKT,1,12.860642656660081,12.779360732984543,-0.0063202069947450035,4,0.9707762557077626,0.08333333333333333,-0.0005266839162287502,-0.6493856993178269
2025-06-06,2025-06-09,2025-06-10,SMR,1,35.101753474044806,35.60822011032104,0.014428528097627069,4,0.9727272727272727,0.08333333333333333,0.0012023773414689223,1.4824957183514682
2025-06-06,2025-06-09,2025-06-10,NVTS,1,6.370318385553361,7.979601019072533,0.25262200978348437,2,0.9945701357466064,0.08333333333333333,0.021051834148623695,25.95628918842739
2025-06-06,2025-06-09,2025-06-10,HOOD,1,72.06360055847169,73.23633586387635,0.016273615199855485,2,0.9665158371040723,0.08333333333333333,0.001356134599987957,1.6720738728611442
2025-06-09,2025-06-10,2025-06-11,MSTR,1,393.25965223388675,391.21044948577884,-0.0052108136099585645,20,0.9763636363636363,0.1111111111111111,-0.000578979289995396,-0.7263442567670191
2025-06-09,2025-06-10,2025-06-11,COMP,1,6.190309557223321,6.399680095362664,0.03382230504046979,20,0.9909502262443439,0.1111111111111111,0.0037580338933855323,4.714549177083842
2025-06-09,2025-06-10,2025-06-11,IAG,1,7.4503723092556005,7.269636480927467,-0.024258630418187987,19,0.960730593607306,0.1111111111111111,-0.002695403379798665,-3.3814521493553604
2025-06-09,2025-06-10,2025-06-11,SOUN,1,10.04050196185112,9.939502580404282,-0.010059196425695194,12,0.9809954751131221,0.1111111111111111,-0.0011176884917439103,-1.4021686627845298
2025-06-09,2025-06-10,2025-06-11,AG,1,8.388261193176918,8.397418522361146,0.0010916838392773798,12,0.9726027397260273,0.1111111111111111,0.0001212982043641533,0.1521716849263391
2025-06-09,2025-06-10,2025-06-11,APP,1,390.01950000000005,386.2806727935792,-0.009586257113864516,7,0.9882352941176471,0.1111111111111111,-0.0010651396793182795,-1.3362448400074012
2025-06-09,2025-06-10,2025-06-11,RKT,1,12.780638732957842,13.349332881450655,0.04449653576595547,5,0.9692307692307691,0.1111111111111111,0.004944059529550607,6.202448527013616
2025-06-09,2025-06-10,2025-06-11,NVTS,1,7.980399019074441,8.524573368549348,0.06818886476406028,3,0.9855203619909503,0.1111111111111111,0.00757654052934003,9.504962949007108
2025-06-09,2025-06-10,2025-06-11,HOOD,1,73.24365986366273,73.04635055160523,-0.002693875653193345,3,0.9900452488687783,0.1111111111111111,-0.00029931951702148274,-0.3755039530490992
2025-06-10,2025-06-11,2025-06-12,MSTR,1,391.24957248687747,378.38107389678953,-0.03289076715992978,21,0.9701357466063347,0.1111111111111111,-0.003654529684436642,-4.6328096169412305
2025-06-10,2025-06-11,2025-06-12,COMP,1,6.400320095372201,6.489675271129609,0.013961047951651206,21,0.9909502262443439,0.1111111111111111,0.0015512275501834672,1.9664751782313084
2025-06-10,2025-06-11,2025-06-12,IAG,1,7.27036348092556,7.429628328347206,0.021906036450514588,20,0.960730593607306,0.1111111111111111,0.0024340040500571763,3.085561849121241
2025-06-10,2025-06-11,2025-06-12,SOUN,1,9.940496580362321,9.630518015146256,-0.03118340846557255,13,0.983710407239819,0.1111111111111111,-0.003464823162841394,-4.392320614652988
2025-06-10,2025-06-11,2025-06-12,AG,1,8.398258306202575,8.377425184418993,-0.0024806478943610877,13,0.9726027397260273,0.1111111111111111,-0.0002756275438178986,-0.349410196647587
2025-06-10,2025-06-11,2025-06-12,APP,1,386.3193027923585,380.480975,-0.015112700168379956,8,0.9800904977375565,0.1111111111111111,-0.0016791889075977728,-2.1286904722404016
2025-06-10,2025-06-11,2025-06-12,RKT,1,13.350667881488803,13.719314267015458,0.027612580044612978,6,0.9692307692307691,0.1111111111111111,0.003068064449401442,3.889353682667815
2025-06-10,2025-06-11,2025-06-12,HOOD,1,73.05365555191041,73.52232467651368,0.006415409619991541,4,0.995475113122172,0.1111111111111111,0.0007128232911101712,0.9036387396984495
2025-06-10,2025-06-11,2025-06-12,FSLY,1,8.13040661444664,7.909604347419739,-0.027157592171905054,0,0.9638009049773755,0.1111111111111111,-0.0030175102413227835,-3.825266634104202
2025-06-11,2025-06-12,2025-06-13,MSTR,1,378.4189138961792,375.2112494857788,-0.00847649071600165,22,0.9683257918552035,0.1111111111111111,-0.0009418323017779611,-1.1886671998494809
2025-06-11,2025-06-12,2025-06-13,COMP,1,6.49032427110672,6.279686209797859,-0.032454166003163976,22,0.9909502262443439,0.1111111111111111,-0.0036060184447959972,-4.551081800114087
2025-06-11,2025-06-12,2025-06-13,IAG,1,7.4303713283300405,7.759612228870392,0.044310154364027854,21,0.960730593607306,0.1111111111111111,0.004923350484891983,6.213659505738434
2025-06-11,2025-06-12,2025-06-13,SOUN,1,9.631481115102769,9.07954592370987,-0.057305328723266546,14,0.9918552036199095,0.1111111111111111,-0.006367258747029616,-8.035986460924239
2025-06-11,2025-06-12,2025-06-13,AG,1,8.378262968826656,8.277455509570991,-0.012032023777570955,14,0.9726027397260273,0.1111111111111111,-0.0013368915308412171,-1.6872633370798886
2025-06-11,2025-06-12,2025-06-13,APP,1,380.51902500000006,372.7613597793579,-0.020387062698487002,9,0.9764705882352941,0.1111111111111111,-0.002265229188720778,-2.8588992240880104
2025-06-11,2025-06-12,2025-06-13,RKT,1,13.720686267042161,13.889305843305587,0.012289441867675333,7,0.9692307692307691,0.1111111111111111,0.0013654935408528147,1.7233613463394688
2025-06-11,2025-06-12,2025-06-13,HOOD,1,73.52967727661134,71.9964,-0.02085249566434666,5,0.9846153846153847,0.1111111111111111,-0.0023169439627051844,-2.9241673779481503
2025-06-11,2025-06-12,2025-06-13,FSLY,1,7.910395347404481,7.2996351907253265,-0.07720981440953567,1,0.9728506787330317,0.1111111111111111,-0.008578868267726185,-10.827213403517044
2025-06-12,2025-06-13,2025-06-16,MSTR,1,375.2487724868775,387.5906048522949,0.03288973414523033,23,0.9683257918552035,0.1111111111111111,0.003654414905025592,4.5239580775436785
2025-06-12,2025-06-13,2025-06-16,COMP,1,6.28031420981884,6.329683423709869,0.007860946481601738,23,0.9909502262443439,0.1111111111111111,0.0008734384979557486,1.081267248179871
2025-06-12,2025-06-13,2025-06-16,IAG,1,7.760388228893281,7.549622690725327,-0.02715914873733216,22,0.960730593607306,0.1111111111111111,-0.0030176831930369065,-3.735720385179282
2025-06-12,2025-06-13,2025-06-16,SOUN,1,9.080453923702242,9.289535461854936,0.02302545003911516,15,0.9936651583710407,0.1111111111111111,0.002558383337679462,3.1671332529952854
2025-06-12,2025-06-13,2025-06-16,AG,1,8.278283296511296,8.29744993197395,0.00231529107861439,15,0.9726027397260273,0.1111111111111111,0.00025725456429048776,0.31846653824294796
2025-06-12,2025-06-13,2025-06-16,APP,1,372.7986377792359,367.7716190444946,-0.013484541587081011,10,0.9619909502262443,0.1111111111111111,-0.0014982823985645567,-1.8547885052970403
2025-06-12,2025-06-13,2025-06-16,HOOD,1,72.0036,73.69631194839478,0.023508712736512782,6,0.9927601809954751,0.1111111111111111,0.0026120791929458644,3.2336056718301016
2025-06-12,2025-06-13,2025-06-16,FSLY,1,7.300365190744401,7.139642866492271,-0.022015655388842426,2,0.9809954751131221,0.1111111111111111,-0.0024461839320936026,-3.0282367619324586
2025-06-12,2025-06-13,2025-06-16,NVTS,1,7.4003700953722005,7.549622690725327,0.02016826096933455,0,0.9800904977375565,0.1111111111111111,0.0022409178854816167,2.774129055569202
2025-06-13,2025-06-16,2025-06-17,MSTR,1,387.62936585083014,375.24124676513674,-0.031958670258384614,24,0.9683257918552035,0.1,-0.0031958670258384614,-3.9766148434701436
2025-06-13,2025-06-16,2025-06-17,COMP,1,6.33031642370224,6.2596872288703915,-0.01115729295417145,24,0.9909502262443439,0.1,-0.001115729295417145,-1.388301090620711
2025-06-13,2025-06-16,2025-06-17,IAG,1,7.5503776907444005,7.499625,-0.006721874431078523,23,0.960730593607306,0.1,-0.0006721874431078524,-0.8364023103106543
2025-06-13,2025-06-16,2025-06-17,SOUN,1,9.290464461851121,9.56952119483948,0.03003689795426623,16,0.9891891891891891,0.1,0.003003689795426623,3.737488865807728
2025-06-13,2025-06-16,2025-06-17,AG,1,8.298279718456474,8.487391640243363,0.022789292263344585,16,0.9726027397260273,0.1,0.0022789292263344584,2.835669855907706
2025-06-13,2025-06-16,2025-06-17,APP,1,367.8083980453492,370.93146470642097,0.008491015098265109,11,0.9619909502262443,0.1,0.000849101509826511,1.0565363453140384
2025-06-13,2025-06-16,2025-06-17,HOOD,1,73.70368194808961,76.10619511032104,0.032596921873232265,7,0.9846846846846847,0.1,0.0032596921873232266,4.0560324420420395
2025-06-13,2025-06-16,2025-06-17,FSLY,1,7.14035686647892,6.99965,-0.019705859120218827,3,0.9801801801801802,0.1,-0.001970585912021883,-2.451998510802703
2025-06-13,2025-06-16,2025-06-17,NVTS,1,7.5503776907444005,6.949652309274674,-0.07956229556650174,1,0.9900900900900901,0.1,-0.007956229556650174,-9.89993022151172
2025-06-13,2025-06-16,2025-06-17,FLNC,1,5.1402568664789205,5.369731385564804,0.04464261710000361,0,1.0,0.1,0.004464261710000361,5.554877358035663
2025-06-16,2025-06-17,2025-06-18,MSTR,1,375.2787727661133,371.41142117614754,-0.010305276691938148,25,0.9683257918552035,0.1111111111111111,-0.001145030743548683,-1.4231866060251792
2025-06-16,2025-06-17,2025-06-18,COMP,1,6.26031322889328,5.989700271129609,-0.043226744073237344,25,0.9711711711711712,0.1111111111111111,-0.004802971563693038,-5.969730364953401
2025-06-16,2025-06-17,2025-06-18,IAG,1,7.500375000000001,7.499625,-9.999500025015262e-05,24,0.960730593607306,0.1111111111111111,-1.111055558335029e-05,-0.013809580206306587
2025-06-16,2025-06-17,2025-06-18,SOUN,1,9.570478194808963,9.369531385564803,-0.020996527566736756,17,0.9846846846846846,0.1111111111111111,-0.002332947507415195,-2.8996772914787403
2025-06-16,2025-06-17,2025-06-18,AG,1,8.488240421846468,8.527379371115332,0.004610961438854977,17,0.9726027397260273,0.1111111111111111,0.000512329048761664,0.6367862559004037
2025-06-16,2025-06-17,2025-06-18,HOOD,1,76.11380611038209,75.16623966903687,-0.012449337246005499,8,0.9927927927927928,0.1111111111111111,-0.0013832596940006108,-1.7192871721984968
2025-06-16,2025-06-17,2025-06-18,FSLY,1,7.000350000000001,6.609669633507728,-0.0558086904929429,4,0.9801801801801802,0.1111111111111111,-0.006200965610326989,-7.707331222993408
2025-06-16,2025-06-17,2025-06-18,NVTS,1,6.9503473092556005,6.819659171652794,-0.01880310893655235,2,0.9936936936936938,0.1111111111111111,-0.002089234326283594,-2.5967602413886035
2025-06-16,2025-06-17,2025-06-18,FLNC,1,5.37026838555336,5.649717595362663,0.052036358287241846,1,1.0,0.1111111111111111,0.005781817587471316,7.186361934237567
2025-06-17,2025-06-18,2025-06-20,MSTR,1,371.44856417541513,372.7313625,0.003453501906603318,26,0.9683257918552035,0.1,0.00034535019066033183,0.42421283415549316
2025-06-17,2025-06-18,2025-06-20,COMP,1,5.9902992711067204,5.959702038145065,-0.005107797052684271,26,0.9711711711711712,0.1,-0.0005107797052684272,-0.6274191017144718
2025-06-17,2025-06-18,2025-06-20,IAG,1,7.500375000000001,7.169641576290131,-0.044095585048730235,25,0.960730593607306,0.1,-0.004409558504873024,-5.4165057999532396
2025-06-17,2025-06-18,2025-06-20,SOUN,1,9.37046838555336,9.524523368549346,0.0164404783899057,18,0.9846846846846846,0.1,0.00164404783899057,2.0194753387333586
2025-06-17,2025-06-18,2025-06-20,AG,1,8.528232151691473,8.22747092659968,-0.035266538215911414,18,0.9726027397260273,0.1,-0.0035266538215911417,-4.331984904603445
2025-06-17,2025-06-18,2025-06-20,HOOD,1,75.17375666885377,78.46607772064209,0.04379614905094131,9,0.9801801801801802,0.1,0.004379614905094131,5.3797244120445376
2025-06-17,2025-06-18,2025-06-20,FSLY,1,6.61033063352108,6.899655095362664,0.043768531088961726,5,0.9801801801801802,0.1,0.0043768531088961725,5.3763319442707225
2025-06-17,2025-06-18,2025-06-20,NVTS,1,6.820341171669961,7.109644633507728,0.04241774048481095,3,0.9927927927927928,0.1,0.004241774048481095,5.21040682651076
2025-06-17,2025-06-18,2025-06-20,FLNC,1,5.6502825953722,5.6697165762901305,0.003439470608752826,2,1.0,0.1,0.0003439470608752826,0.4224892918529231
2025-06-17,2025-06-18,2025-06-20,RUN,1,5.66528321185112,6.219688790202141,0.09786017002491021,0,0.991891891891892,0.1,0.009786017002491022,12.020708602427304
2025-06-18,2025-06-20,2025-06-23,MSTR,1,372.7686375,362.4618869857788,-0.0276491890072732,27,0.9683257918552035,0.09090909090909091,-0.0025135626370248365,-3.138865643061021
2025-06-18,2025-06-20,2025-06-23,COMP,1,5.96029803814888,6.059696942782402,0.016676834614195224,27,0.9711711711711712,0.09090909090909091,0.0015160758740177477,1.8932324992150158
2025-06-18,2025-06-20,2025-06-23,IAG,1,7.170358576297761,7.319634171652794,0.02081842822316804,26,0.960730593607306,0.09090909090909091,0.0018925843839243672,2.363405634611725
2025-06-18,2025-06-20,2025-06-23,SOUN,1,9.525475868511199,9.269536957740783,-0.02686888448444713,19,0.9891891891891891,0.09090909090909091,-0.0024426258622224665,-3.050281813091195
2025-06-18,2025-06-20,2025-06-23,AG,1,8.228293714831754,8.117505356078905,-0.013464317462701825,19,0.9726027397260273,0.09090909090909091,-0.0012240288602456204,-1.5285324817239296
2025-06-18,2025-06-20,2025-06-23,HOOD,1,78.47392472076417,77.85610761032105,-0.007872896795228734,10,0.9801801801801802,0.09090909090909091,-0.0007157178904753395,-0.8937681772658191
2025-06-18,2025-06-20,2025-06-23,FSLY,1,6.9003450953722005,6.769661480927468,-0.018938707070227156,6,0.9855855855855855,0.09090909090909091,-0.0017217006427479233,-2.1500108712445565
2025-06-18,2025-06-20,2025-06-23,NVTS,1,7.110355633521081,6.7996601907253265,-0.043696188884141174,4,0.9954954954954955,0.09090909090909091,-0.003972380807649198,-4.960596348234887
2025-06-18,2025-06-20,2025-06-23,FLNC,1,5.670283576297761,5.799710190725326,0.02282542181286651,3,1.0,0.09090909090909091,0.002075038346624228,2.591248962055835
2025-06-18,2025-06-20,2025-06-23,RUN,1,6.220310790181161,6.139692866492272,-0.012960433394444748,1,0.9738738738738739,0.09090909090909091,-0.0011782212176767953,-1.4713291984912134
2025-06-18,2025-06-20,2025-06-23,CLSK,1,9.290464461851121,8.70456467370987,-0.06306463907666793,0,0.9738738738738739,0.09090909090909091,-0.005733149006969812,-7.159393674719528
2025-06-20,2025-06-23,2025-06-24,MSTR,1,362.49813498687746,373.66130867614754,0.03079512033813403,28,0.9683257918552035,0.08333333333333333,0.002566260028177836,3.1595903126856837
2025-06-20,2025-06-23,2025-06-24,COMP,1,6.060302942776681,6.299685190725326,0.039500046484304496,28,0.9711711711711712,0.08333333333333333,0.003291670540358708,4.052718835064794
2025-06-20,2025-06-23,2025-06-24,IAG,1,7.320366171669961,7.369631385564804,0.00672988382541595,27,0.960730593607306,0.08333333333333333,0.0005608236521179958,0.6904884769666965
2025-06-20,2025-06-23,2025-06-24,SOUN,1,9.27046395778656,9.664516711854935,0.04250626029751148,20,0.9891891891891891,0.08333333333333333,0.0035421883581259563,4.361157442798002
2025-06-20,2025-06-23,2025-06-24,AG,1,8.118317147204069,7.877579229613043,-0.02965367245771311,20,0.9726027397260273,0.08333333333333333,-0.0024711393714760923,-3.0424773536904377
2025-06-20,2025-06-23,2025-06-24,HOOD,1,77.86389361038209,77.89610652580261,0.0004137079964392498,11,0.9882882882882882,0.08333333333333333,3.4475666369937485e-05,0.04244658775407991
2025-06-20,2025-06-23,2025-06-24,FSLY,1,6.7703384809255605,6.849657404637337,0.011715651135500105,7,0.9855855855855855,0.08333333333333333,0.0009763042612916754,1.202029978388911
2025-06-20,2025-06-23,2025-06-24,NVTS,1,6.800340190744401,6.804659578347207,0.0006351722828050743,5,0.9981981981981982,0.08333333333333333,5.293102356708952e-05,0.06516890239757275
2025-06-20,2025-06-23,2025-06-24,FLNC,1,5.8002901907444,5.744712635564804,-0.009581857691927542,4,0.9972972972972973,0.08333333333333333,-0.0007984881409939618,-0.9831020112448602
2025-06-20,2025-06-23,2025-06-24,RUN,1,6.14030686647892,6.319684171652794,0.029213084797622635,2,0.9738738738738739,0.08333333333333333,0.0024344237331352194,2.997272902874024
2025-06-20,2025-06-23,2025-06-24,CLSK,1,8.705435173702242,9.04454782629013,0.03895412989947866,1,0.9738738738738739,0.08333333333333333,0.0032461774916232216,3.9967075990634124
2025-06-20,2025-06-23,2025-06-24,RCAT,1,6.700334809255601,7.199639809274673,0.07451941048219712,0,0.9747747747747748,0.08333333333333333,0.006209950873516426,7.645718051474407
2025-06-23,2025-06-24,2025-06-25,MSTR,1,373.69867667541513,384.81074507293704,0.029735369941311207,29,0.9683257918552035,0.08333333333333333,0.0024779474951092673,3.1106429011262606
2025-06-23,2025-06-24,2025-06-25,COMP,1,6.300315190744401,6.399680095362664,0.015771418033852624,29,0.9711711711711712,0.08333333333333333,0.0013142848361543853,1.6498617519986045
2025-06-23,2025-06-24,2025-06-25,IAG,1,7.370368385553361,7.269636480927467,-0.01366714651920764,28,0.960730593607306,0.08333333333333333,-0.0011389288766006367,-1.429732079423763
2025-06-23,2025-06-24,2025-06-25,SOUN,1,9.665483211851122,10.119493885564804,0.04697237207520133,21,0.9891891891891891,0.08333333333333333,0.00391436433960011,4.913820679990617
2025-06-23,2025-06-24,2025-06-25,AG,1,7.87836702692587,8.057524494852178,0.02274043178161178,21,0.9726027397260273,0.08333333333333333,0.0018950359818009817,2.378896338926714
2025-06-23,2025-06-24,2025-06-25,HOOD,1,77.9038965259552,84.93575544128419,0.09026325034956595,12,0.9882882882882882,0.08333333333333333,0.007521937529130496,9.442517092830178
2025-06-23,2025-06-24,2025-06-25,FSLY,1,6.850342404627801,6.959652038145065,0.01595681311395758,8,0.9855855855855855,0.08333333333333333,0.0013297344261631316,1.6692560925085913
2025-06-23,2025-06-24,2025-06-25,NVTS,1,6.80534007833004,7.639617866492271,0.12259163811942142,6,0.9954954954954955,0.08333333333333333,0.010215969843285117,12.82441784333833
2025-06-23,2025-06-24,2025-06-25,FLNC,1,5.745287135553361,6.029698709797859,0.049503456926370815,5,1.0,0.08333333333333333,0.004125288077197567,5.178599666765563
2025-06-23,2025-06-24,2025-06-25,RUN,1,6.320316171669961,7.229638519072533,0.14387292070584978,3,0.9738738738738739,0.08333333333333333,0.011989410058820815,15.050671316390504
2025-06-23,2025-06-24,2025-06-25,CLSK,1,9.04545232629776,10.259487228870391,0.13421494677972912,2,0.9738738738738739,0.08333333333333333,0.01118457889831076,14.04034226745502
2025-06-23,2025-06-24,2025-06-25,RCAT,1,7.200359809255601,7.1596418474197385,-0.005654989877522776,1,0.9747747747747748,0.08333333333333333,-0.0004712491564602313,-0.5915734074664554
2025-06-24,2025-06-25,2025-06-26,MSTR,1,384.84922807159427,386.33068860321043,0.003849456939382323,30,0.9683257918552035,0.08333333333333333,0.00032078807828186023,0.42458488431352737
2025-06-24,2025-06-25,2025-06-26,COMP,1,6.400320095372201,6.319684171652794,-0.01259873295676428,30,0.9711711711711712,0.08333333333333333,-0.00104989441306369,-1.3896068092667417
2025-06-24,2025-06-25,2025-06-26,IAG,1,7.27036348092556,7.369631385564804,0.01365377465647799,29,0.960730593607306,0.08333333333333333,0.001137814554706499,1.5059751087627142
2025-06-24,2025-06-25,2025-06-26,SOUN,1,10.120505885553362,9.65951684741974,-0.0455499995105646,22,0.9891891891891891,0.08333333333333333,-0.0037958332925470497,-5.024044060557158
2025-06-24,2025-06-25,2025-06-26,AG,1,8.058330287591302,8.247464798837314,0.02347068244860262,22,0.9726027397260273,0.08333333333333333,0.001955890204050218,2.588753985074709
2025-06-24,2025-06-25,2025-06-26,HOOD,1,84.94424944152833,83.40583316192627,-0.01811089378876707,13,0.9882882882882882,0.08333333333333333,-0.0015092411490639224,-1.9975835202749688
2025-06-24,2025-06-25,2025-06-26,FSLY,1,6.960348038148881,6.859657133507729,-0.01446636060284301,9,0.9747747747747748,0.08333333333333333,-0.0012055300502369173,-1.5956011821193237
2025-06-24,2025-06-25,2025-06-26,NVTS,1,7.640381866478921,7.129643614435196,-0.06684721535771876,7,0.9954954954954955,0.08333333333333333,-0.005570601279809896,-7.373070447670119
2025-06-24,2025-06-25,2025-06-26,FLNC,1,6.030301709818841,6.179690828347206,0.02477307533139217,6,1.0,0.08333333333333333,0.0020644229442826805,2.7324044636169345
2025-06-24,2025-06-25,2025-06-26,CLSK,1,10.26051322889328,10.484475406694413,0.021827580434325755,3,0.9738738738738739,0.08333333333333333,0.0018189650361938128,2.4075241935397482
2025-06-24,2025-06-25,2025-06-26,RCAT,1,7.160357847404481,7.129643614435196,-0.004289482959349389,2,0.9747747747747748,0.08333333333333333,-0.0003574569132791157,-0.473118586527803
2025-06-24,2025-06-25,2025-06-26,APP,1,355.4177638961792,342.39288316192625,-0.036646679083990996,0,0.9792792792792793,0.08333333333333333,-0.003053889923665916,-4.042031446089626
2025-06-25,2025-06-26,2025-06-27,MSTR,1,386.3693236038208,385.2107494857788,-0.0029986182837589137,31,0.9683257918552035,0.08333333333333333,-0.0002498848569799095,-0.32764902019519265
2025-06-25,2025-06-26,2025-06-27,COMP,1,6.320316171669961,6.329683423709869,0.0014820859883395432,31,0.9711711711711712,0.08333333333333333,0.00012350716569496192,0.16194259354536675
2025-06-25,2025-06-26,2025-06-27,IAG,1,7.370368385553361,7.109644633507728,-0.03537458894953971,30,0.960730593607306,0.08333333333333333,-0.0029478824124616423,-3.8652633687656914
2025-06-25,2025-06-26,2025-06-27,SOUN,1,9.66048284740448,10.099495381450655,0.04544416060571188,23,0.9910313901345291,0.08333333333333333,0.0037870133838093234,4.965531884034758
2025-06-25,2025-06-26,2025-06-27,AG,1,8.248289586556584,7.9975424495872565,-0.030399894952525264,23,0.9726027397260273,0.08333333333333333,-0.0025333245793771053,-3.3216951451205454
2025-06-25,2025-06-26,2025-06-27,HOOD,1,83.41417416229248,84.65076602935791,0.014824721091879267,14,0.9713004484304932,0.08333333333333333,0.0012353934243232723,1.6198478368284943
2025-06-25,2025-06-26,2025-06-27,FSLY,1,6.860343133521081,6.8896553664922715,0.004272706539701243,10,0.9747747747747748,0.08333333333333333,0.0003560588783084369,0.46686439514395317
2025-06-25,2025-06-26,2025-06-27,NVTS,1,7.130356614446641,6.699664809274673,-0.06040256167543623,8,0.9955156950672646,0.08333333333333333,-0.005033546806286352,-6.599986486251792
2025-06-25,2025-06-26,2025-06-27,FLNC,1,6.18030882833004,6.349682404637337,0.027405358051186823,7,1.0,0.08333333333333333,0.002283779837598902,2.994492083972008
2025-06-25,2025-06-26,2025-06-27,CLSK,1,10.485523906660081,10.759462228870392,0.026125382446204215,4,0.9738738738738739,0.08333333333333333,0.002177115203850351,2.85463341802651
2025-06-25,2025-06-26,2025-06-27,RCAT,1,7.130356614446641,7.4796260190725326,0.04898344129355969,3,0.9747747747747748,0.08333333333333333,0.004081953441129974,5.352257282145595
2025-06-25,2025-06-26,2025-06-27,APP,1,342.4271241622925,348.4725657348633,0.01765468079481214,1,0.9704035874439461,0.08333333333333333,0.0014712233995676782,1.9290680963326488
2025-06-26,2025-06-27,2025-06-30,MSTR,1,385.2492724868775,389.7605097793579,0.011709917745877263,32,0.9683257918552035,0.09090909090909091,0.001064537976897933,1.4024542950663088
2025-06-26,2025-06-27,2025-06-30,COMP,1,6.33031642370224,6.569671671652794,0.03781094528771889,32,0.9711711711711712,0.09090909090909091,0.003437358662519899,4.528479513696695
2025-06-26,2025-06-27,2025-06-30,IAG,1,7.110355633521081,7.149642595362663,0.0055253160132198165,31,0.960730593607306,0.09090909090909091,0.000502301455747256,0.6617470201331683
2025-06-26,2025-06-27,2025-06-30,SOUN,1,10.100505381488803,10.064496330404282,-0.00356507419425911,24,0.9820627802690582,0.09090909090909091,-0.0003240976540235555,-0.4269759809140469
2025-06-26,2025-06-27,2025-06-30,AG,1,7.998342243821927,8.037529590784441,0.004899433628610117,24,0.9726027397260273,0.09090909090909091,0.0004454030571463743,0.5867873613591983
2025-06-26,2025-06-27,2025-06-30,HOOD,1,84.65923152923585,85.6457190258026,0.01165245040319185,15,0.97847533632287,0.09090909090909091,0.001059313673017441,1.3955716402668266
2025-06-26,2025-06-27,2025-06-30,FSLY,1,6.890344366478921,6.99965,0.015863595156846433,11,0.9747747747747748,0.09090909090909091,0.0014421450142587666,1.8999251442859424
2025-06-26,2025-06-27,2025-06-30,NVTS,1,6.700334809255601,6.594670040202141,-0.01577007299806843,9,0.9955156950672646,0.09090909090909091,-0.0014336429998244027,-1.888724335184763
2025-06-26,2025-06-27,2025-06-30,FLNC,1,6.350317404627801,6.329683423709869,-0.003249283398479408,8,1.0,0.09090909090909091,-0.0002953893998617644,-0.38915486487422013
2025-06-26,2025-06-27,2025-06-30,RCAT,1,7.480374019074441,7.279636209797859,-0.026835263686643795,4,0.9829596412556054,0.09090909090909091,-0.002439569426058527,-3.2139620135095193
2025-06-26,2025-06-27,2025-06-30,APP,1,348.5074147338868,341.30294132385256,-0.02067236766120284,2,0.9704035874439461,0.09090909090909091,-0.00187930615101844,-2.4758543522520546
2025-06-27,2025-06-30,2025-07-01,MSTR,1,389.7994877792359,395.68022720642097,0.015086575563987514,33,0.9683257918552035,0.08333333333333333,0.0012572146303322929,1.658824864415447
2025-06-27,2025-06-30,2025-07-01,COMP,1,6.5703286716699605,6.239687771129608,-0.050323342569758234,33,0.9711711711711712,0.08333333333333333,-0.004193611880813186,-5.533237914804003
2025-06-27,2025-06-30,2025-07-01,IAG,1,7.150357595372201,7.549622690725327,0.05583847940857334,32,0.960730593607306,0.08333333333333333,0.0046532066173811115,6.139647638473728
2025-06-27,2025-06-30,2025-07-01,SOUN,1,10.065502830362322,10.524473368549344,0.04559837157886948,25,0.989237668161435,0.08333333333333333,0.003799864298239123,5.013709852913174
2025-06-27,2025-06-30,2025-07-01,AG,1,8.038333383933178,8.447403730636475,0.050889945361178635,25,0.9726027397260273,0.08333333333333333,0.004240828780098219,5.5955379904354094
2025-06-27,2025-06-30,2025-07-01,HOOD,1,85.6542840259552,95.00725043754578,0.10919437968515866,16,0.9802690582959641,0.08333333333333333,0.009099531640429887,12.006326505833425
2025-06-27,2025-06-30,2025-07-01,FSLY,1,7.000350000000001,6.9796510190725325,-0.0029568494328809924,12,0.9747747747747748,0.08333333333333333,-0.00024640411940674933,-0.3251165474094703
2025-06-27,2025-06-30,2025-07-01,NVTS,1,6.595329540181161,6.369681385564804,-0.0342133252389627,10,0.9982062780269059,0.08333333333333333,-0.0028511104365802247,-3.761881837267206
2025-06-27,2025-06-30,2025-07-01,FLNC,1,6.33031642370224,6.6196688855648045,0.045709004494492333,9,0.9973094170403587,0.08333333333333333,0.003809083707874361,5.025874351773741
2025-06-27,2025-06-30,2025-07-01,RCAT,1,7.280364209818841,7.179640828347206,-0.013834937177427453,5,0.9829596412556054,0.08333333333333333,-0.0011529114314522877,-1.521202587704834
2025-06-27,2025-06-30,2025-07-01,APP,1,341.337073324585,346.98265,0.016539594191828266,3,0.9704035874439461,0.08333333333333333,0.0013782995159856888,1.8185896445736813
2025-06-27,2025-06-30,2025-07-01,QS,1,6.680333828330041,6.499675,-0.027043383305771496,0,0.9641255605381167,0.08333333333333333,-0.002253615275480958,-2.9735201640202047
2025-06-30,2025-07-01,2025-07-02,MSTR,1,395.7197972076417,383.32082933807374,-0.031332695399775456,34,0.9695067264573991,0.07692307692307693,-0.002410207338444266,-3.235756443802385
2025-06-30,2025-07-01,2025-07-02,COMP,1,6.240311771106721,6.279686209797859,0.006309690947405189,34,0.9820627802690582,0.07692307692307693,0.0004853608421080915,0.6516076220373377
2025-06-30,2025-07-01,2025-07-02,IAG,1,7.5503776907444005,7.349632404637337,-0.026587449572641475,33,0.960730593607306,0.07692307692307693,-0.002045188428664729,-2.7457105168029097
2025-06-30,2025-07-01,2025-07-02,SOUN,1,10.525525868511199,10.499475,-0.0024750182400989917,26,0.989237668161435,0.07692307692307693,-0.00019038601846915323,-0.25559742360965676
2025-06-30,2025-07-01,2025-07-02,AG,1,8.44824851324867,8.477393734347705,0.0034498536653284617,26,0.9726027397260273,0.07692307692307693,0.00026537335887142017,0.3562695799175275
2025-06-30,2025-07-01,2025-07-02,HOOD,1,95.01675163764955,91.2454375,-0.0396910447121116,17,0.9802690582959641,0.07692307692307693,-0.0030531572855470464,-4.098930910660948
2025-06-30,2025-07-01,2025-07-02,FSLY,1,6.980349019074441,6.929653328347206,-0.0072626297895282965,13,0.9829596412556053,0.07692307692307693,-0.0005586638299637152,-0.7500184979484963
2025-06-30,2025-07-01,2025-07-02,NVTS,1,6.370318385553361,6.379681114435196,0.0014697426902661181,11,1.0,0.07692307692307693,0.00011305713002047064,0.15178168746995596
2025-06-30,2025-07-01,2025-07-02,FLNC,1,6.6203308855533605,7.339633152580261,0.10865050092836537,10,0.9973094170403587,0.07692307692307693,0.00835773084064349,11.220437757290256
2025-06-30,2025-07-01,2025-07-02,RCAT,1,7.180358828330041,6.899655095362664,-0.03909327370379645,6,0.9829596412556054,0.07692307692307693,-0.0030071749002920345,-4.03719854555814
2025-06-30,2025-07-01,2025-07-02,APP,1,347.01735,342.5128722793579,-0.012980554778146192,4,0.9704035874439461,0.07692307692307693,-0.0009985042137035532,-1.3405139019038044
2025-06-30,2025-07-01,2025-07-02,QS,1,6.500325000000001,6.299685190725326,-0.0308661196593516,1,0.9641255605381167,0.07692307692307693,-0.0023743168968732,-3.1875727354001646
2025-06-30,2025-07-01,2025-07-02,UUUU,1,5.81029044277668,5.8497074046373365,0.0067839916522003385,0,0.9641255605381166,0.07692307692307693,0.0005218455117077184,0.7005890946575297
2025-07-01,2025-07-02,2025-07-03,MSTR,1,383.35916333770757,400.84995161743166,0.04562506900171881,35,0.9695067264573991,0.07692307692307693,0.0035096206924399086,4.688447142046775
2025-07-01,2025-07-02,2025-07-03,COMP,1,6.28031420981884,6.359682133507729,0.012637572108223916,35,0.9820627802690582,0.07692307692307693,0.0009721209314018397,1.29864107889854
2025-07-01,2025-07-02,2025-07-03,IAG,1,7.350367404627801,7.349632404637337,-9.999500025015262e-05,34,0.960730593607306,0.07692307692307693,-7.691923096165586e-06,-0.01027551921344235
2025-07-01,2025-07-02,2025-07-03,SOUN,1,10.500525000000001,11.399429618549345,0.08560568338719654,27,0.9678571428571427,0.07692307692307693,0.006585052568245888,8.796868265657693
2025-07-01,2025-07-02,2025-07-03,AG,1,8.478241516110229,8.467398018668765,-0.0012789795408468807,27,0.9726027397260273,0.07692307692307693,-9.838304160360622e-05,-0.13142835954492374
2025-07-01,2025-07-02,2025-07-03,HOOD,1,91.2545625,95.48522336387633,0.04636108867297817,18,0.9802690582959641,0.07692307692307693,0.00356623759022909,4.764080766273757
2025-07-01,2025-07-02,2025-07-03,FSLY,1,6.930346328330041,6.9796510190725325,0.007114318449128909,14,0.9829596412556053,0.07692307692307693,0.0005472552653176085,0.731069710802465
2025-07-01,2025-07-02,2025-07-03,NVTS,1,6.380319114446641,6.329683423709869,-0.007936231688179918,12,1.0,0.07692307692307693,-0.0006104793606292244,-0.815529786391478
2025-07-01,2025-07-02,2025-07-03,FLNC,1,7.340367152595521,7.694615421652794,0.04826029293807377,11,0.9973094170403587,0.07692307692307693,0.0037123302260056745,4.959243623090808
2025-07-01,2025-07-02,2025-07-03,RCAT,1,6.9003450953722005,7.1596418474197385,0.03757736003978107,7,0.9669642857142857,0.07692307692307693,0.0028905661569062365,3.861461914228275
2025-07-01,2025-07-02,2025-07-03,APP,1,342.5471252792359,331.9834,-0.03083875034894712,5,0.9705357142857143,0.07692307692307693,-0.0023722115653036246,-3.169000159372213
2025-07-01,2025-07-02,2025-07-03,UUUU,1,5.8502924046278,6.239687771129608,0.06655998359907311,1,0.9641255605381166,0.07692307692307693,0.00511999873839024,6.839725872370701
2025-07-01,2025-07-02,2025-07-03,EXK,1,5.090254652595521,5.059746942782402,-0.005993356304396791,0,0.9875,0.07692307692307693,-0.0004610274080305224,-0.615879271011263
2025-07-02,2025-07-03,2025-07-07,MSTR,1,400.8900386169434,402.6198826477051,0.004315008765819028,36,0.9695067264573991,0.07142857142857142,0.0003082149118442163,0.421313795987094
2025-07-02,2025-07-03,2025-07-07,COMP,1,6.360318133521081,6.309684442782402,-0.00796087391789757,36,0.9820627802690582,0.07142857142857142,-0.0005686338512783978,-0.7772929770833154
2025-07-02,2025-07-03,2025-07-07,IAG,1,7.350367404627801,7.379631114435196,0.0039812581054072815,35,0.960730593607306,0.07142857142857142,0.00028437557895766297,0.38872666458538463
2025-07-02,2025-07-03,2025-07-07,SOUN,1,11.400569618511199,10.969451767015457,-0.03781546588652307,28,0.9678571428571427,0.07142857142857142,-0.002701104706180219,-3.6922700148089778
2025-07-02,2025-07-03,2025-07-07,AG,1,8.46824480080974,8.357431240693394,-0.013085776654183423,28,0.9726027397260273,0.07142857142857142,-0.000934698332441673,-1.277684133410295
2025-07-02,2025-07-03,2025-07-07,HOOD,1,95.49477236366272,93.58531683807374,-0.019995393238044556,19,0.9802690582959641,0.07142857142857142,-0.0014282423741460396,-1.9523332360545522
2025-07-02,2025-07-03,2025-07-07,FSLY,1,6.980349019074441,6.939653057217598,-0.005830075508493682,15,0.9829596412556053,0.07142857142857142,-0.0004164339648924058,-0.5692436276913643
2025-07-02,2025-07-03,2025-07-07,NVTS,1,6.33031642370224,6.329683423709869,-9.99950002500416e-05,13,1.0,0.07142857142857142,-7.142500017860114e-06,-0.009763427010577327
2025-07-02,2025-07-03,2025-07-07,FLNC,1,7.695384921669961,8.274585868549346,0.07526601369196939,12,0.9786666666666666,0.07142857142857142,0.005376143835140671,7.348909737698123
2025-07-02,2025-07-03,2025-07-07,RCAT,1,7.160357847404481,6.989650271129608,-0.023840648737514125,8,0.9669642857142857,0.07142857142857142,-0.0017029034812510088,-2.3277807215509743
2025-07-02,2025-07-03,2025-07-07,APP,1,332.01660000000004,341.85290161743166,0.02962593321367546,6,0.9795555555555555,0.07142857142857142,0.002116138086691104,2.8926509908363003
2025-07-02,2025-07-03,2025-07-07,UUUU,1,6.240311771106721,6.009699728870392,-0.03695521164568827,2,0.9641255605381166,0.07142857142857142,-0.002639657974692019,-3.608275520384976
2025-07-02,2025-07-03,2025-07-07,EXK,1,5.060252942776681,4.979751019072532,-0.015908675833895214,1,0.9848888888888889,0.07142857142857142,-0.0011363339881353724,-1.5533096149885424
2025-07-02,2025-07-03,2025-07-10,WULF,1,5.100254904627801,4.929753328347206,-0.03343001074826424,0,0.9893333333333334,0.07142857142857142,-0.0023878579105903026,-3.2640778947681204
2025-07-03,2025-07-07,2025-07-08,MSTR,1,402.66014664917,399.67001794128424,-0.007425936569011804,37,0.9695067264573991,0.07692307692307693,-0.000571225889923985,-0.7762384894265443
2025-07-03,2025-07-07,2025-07-08,COMP,1,6.31031544277668,6.189690557217598,-0.01911550803647377,37,0.9820627802690582,0.07692307692307693,-0.001470423695113367,-1.9981578006971772
2025-07-03,2025-07-07,2025-07-08,IAG,1,7.380369114446641,7.439628057217598,0.008029265454347234,36,0.960730593607306,0.07692307692307693,0.0006176358041805565,0.839304891654445
2025-07-03,2025-07-07,2025-07-08,SOUN,1,10.97054876704216,12.039397961854934,0.09742896344655261,29,0.9678571428571427,0.07692307692307693,0.007494535649734816,10.184319608618756
2025-07-03,2025-07-07,2025-07-08,AG,1,8.35826702560671,8.697326609359896,0.040565775502796386,29,0.9726027397260273,0.07692307692307693,0.003120444269445876,4.240369683483211
2025-07-03,2025-07-07,2025-07-08,FSLY,1,6.94034705722332,7.1196438855648045,0.025833985946693616,16,0.9829596412556053,0.07692307692307693,0.0019872296882072014,2.7004451277984183
2025-07-03,2025-07-07,2025-07-08,NVTS,1,6.33031642370224,6.209689538145065,-0.019055427483137932,14,0.968,0.07692307692307693,-0.0014658021140875332,-1.9918775372540531
2025-07-03,2025-07-07,2025-07-08,FLNC,1,8.2754133685112,8.079595923709869,-0.023662557516031413,13,0.9760000000000001,0.07692307692307693,-0.0018201967320024164,-2.473464152503152
2025-07-03,2025-07-07,2025-07-08,RCAT,1,6.99034927110672,6.859657133507729,-0.01869608120143329,9,0.9669642857142857,0.07692307692307693,-0.0014381600924179454,-1.9543148120275198
2025-07-03,2025-07-07,2025-07-08,APP,1,341.8870886169434,352.1224076477051,0.029937717367939376,7,0.9715555555555555,0.07692307692307693,0.0023029013359953366,3.1294111241863938
2025-07-03,2025-07-07,2025-07-08,UUUU,1,6.010300728893281,6.149692595362663,0.02319216171651517,3,0.9641255605381166,0.07692307692307693,0.0017840124397319362,2.4242933413259067
2025-07-03,2025-07-07,2025-07-09,EXK,1,4.98024901907444,4.909754347419739,-0.014154848760514982,2,0.9795555555555555,0.07692307692307693,-0.0010888345200396141,-1.4796165194534505
2025-07-03,2025-07-10,2025-07-14,WULF,1,4.930246328330041,4.929753328347206,-9.999500025015262e-05,1,0.9973333333333333,0.07692307692307693,-7.691923096165586e-06,-0.010452549280893541
2025-07-07,2025-07-08,2025-07-09,MSTR,1,399.7099869415284,401.5799261032104,0.004678239780772753,38,0.9695067264573991,0.07692307692307693,0.000359864598520981,0.4936138274847058
2025-07-07,2025-07-08,2025-07-09,COMP,1,6.190309557223321,6.329683423709869,0.022514846018308887,38,0.9820627802690582,0.07692307692307693,0.0017319112321776068,2.3756027564047786
2025-07-07,2025-07-08,2025-07-09,IAG,1,7.440372057223321,6.909654347419739,-0.07132945848969297,37,0.960730593607306,0.07692307692307693,-0.005486881422284075,-7.526165538204398
2025-07-07,2025-07-08,2025-07-09,SOUN,1,12.040601961851122,13.199339809274674,0.09623587351320495,30,0.9678571428571427,0.07692307692307693,0.007402759501015765,10.154109257379814
2025-07-07,2025-07-08,2025-07-09,AG,1,8.698196385509641,8.057524052004155,-0.07365576782938421,30,0.9726027397260273,0.07692307692307693,-0.005665828294568016,-7.771620775834124
2025-07-07,2025-07-08,2025-07-09,FSLY,1,7.12035588555336,7.309634442782402,0.026582738316925036,17,0.9829596412556053,0.07692307692307693,0.0020448260243788492,2.804817157848691
2025-07-07,2025-07-08,2025-07-09,NVTS,1,6.210310538148881,6.554672078347206,0.05544997115409456,15,0.9982142857142857,0.07692307692307693,0.0042653823964688125,5.85067755778179
2025-07-07,2025-07-08,2025-07-09,FLNC,1,8.08040392370224,8.41957907629013,0.041975024490172874,14,0.9758928571428571,0.07692307692307693,0.003228848037705606,4.4288992160072755
2025-07-07,2025-07-08,2025-07-09,RCAT,1,6.860343133521081,6.949652309274674,0.013018179122442186,10,0.9794642857142857,0.07692307692307693,0.0010013983940340143,1.373583553780293
2025-07-07,2025-07-08,2025-07-09,APP,1,352.15762164917,350.2524755142212,-0.005409924470828997,8,0.9785714285714284,0.07692307692307693,-0.0004161480362176152,-0.5708158729751928
2025-07-07,2025-07-08,2025-07-09,UUUU,1,6.150307595372201,5.8497074046373365,-0.04887563525457672,4,0.9641255605381166,0.07692307692307693,-0.0037596642503520557,-5.157001461941515
2025-07-07,2025-07-09,2025-07-10,EXK,1,4.910245347404481,5.359732133507729,0.09154059610093479,3,0.9795555555555555,0.07692307692307693,0.007041584315456523,9.658697742968227
2025-07-07,2025-07-08,2025-07-09,LUNR,1,10.485523906660081,10.799460190725327,0.029939971226982998,0,0.9758928571428571,0.07692307692307693,0.002303074709767923,3.159047950657176
2025-07-08,2025-07-09,2025-07-10,COMP,1,6.33031642370224,6.529673709797859,0.03149246779342296,39,0.9820627802690582,0.07692307692307693,0.0024224975225709973,3.3692136819935
2025-07-08,2025-07-09,2025-07-10,IAG,1,6.910345347404481,6.969651290202141,0.008582196665458453,38,0.960730593607306,0.07692307692307693,0.0006601689742660349,0.9181641342461073
2025-07-08,2025-07-09,2025-07-10,SOUN,1,13.200659809255601,12.959352038145065,-0.018279978016049192,31,0.9678571428571427,0.07692307692307693,-0.001406152155080707,-1.955678813175635
2025-07-08,2025-07-09,2025-07-10,AG,1,8.05832984469899,8.507385271685123,0.055725620028018064,31,0.9726027397260273,0.07692307692307693,0.00428658615600139,5.961791329518495
2025-07-08,2025-07-09,2025-07-10,FSLY,1,7.310365442776681,7.129643614435196,-0.024721312464625833,18,0.9542600896860987,0.07692307692307693,-0.0019016394203558334,-2.6448033459622615
2025-07-08,2025-07-09,2025-07-10,NVTS,1,6.555327578330041,6.429678328347206,-0.019167501315753288,16,0.9982142857142857,0.07692307692307693,-0.0014744231781348685,-2.0506302683637725
2025-07-08,2025-07-09,2025-07-10,FLNC,1,8.42042107629776,8.739562771129608,0.03790091872367096,15,0.9937219730941703,0.07692307692307693,0.002915455286436228,4.054820179909322
2025-07-08,2025-07-09,2025-07-10,RCAT,1,6.9503473092556005,6.879656114435196,-0.010170886672996371,11,0.9794642857142857,0.07692307692307693,-0.0007823758979227978,-1.088129731891681
2025-07-08,2025-07-09,2025-07-10,APP,1,350.2875025131226,359.3370432357788,0.025834609164559597,9,0.9785714285714284,0.07692307692307693,0.001987277628043046,2.7639091111293346
2025-07-08,2025-07-09,2025-07-10,UUUU,1,5.8502924046278,6.049697690725327,0.034084670014064455,5,0.9641255605381166,0.07692307692307693,0.002621897693389574,3.6465397793183736
2025-07-08,2025-07-09,2025-07-10,LUNR,1,10.800540190744401,10.859456656694412,0.005454955484587742,1,0.9739910313901345,0.07692307692307693,0.0004196119603529033,0.5835970294197409
2025-07-08,2025-07-09,2025-07-10,CLSK,1,11.820590694808963,12.45437717370987,0.05361715799695488,0,0.9802690582959641,0.07692307692307693,0.0041243967689965294,5.736218053723783
2025-07-08,2025-07-09,2025-07-10,AFRM,1,68.7534375,69.10654511032105,0.005135853902883625,0,0.9623318385650224,0.07692307692307693,0.0003950656848372019,0.5494580276090345
2025-07-09,2025-07-10,2025-07-11,IAG,1,6.97034829018116,7.0296487097978595,0.008507526044320146,39,0.960730593607306,0.1111111111111111,0.0009452806715911273,1.33319362222513
2025-07-09,2025-07-10,2025-07-11,AG,1,8.508236052751347,8.907261949507854,0.04689878069702513,32,0.9726027397260273,0.1111111111111111,0.005210975633002792,7.349393347688007
2025-07-09,2025-07-10,2025-07-11,FSLY,1,7.130356614446641,6.859657133507729,-0.03796436778357681,19,0.9542600896860987,0.1111111111111111,-0.00421826308706409,-5.949303327101182
2025-07-09,2025-07-10,2025-07-11,FLNC,1,8.74043677110672,8.449577309274673,-0.033277451625019716,16,0.9758928571428571,0.1111111111111111,-0.0036974946250021906,-5.214828146191929
2025-07-09,2025-07-10,2025-07-11,UUUU,1,6.050302690744401,6.339683152580261,0.04782908833281141,6,0.9553571428571428,0.1111111111111111,0.0053143431480901565,7.495179584518354
2025-07-09,2025-07-10,2025-07-11,LUNR,1,10.860542656660082,11.549422690725327,0.06342961450851625,2,0.9739910313901345,0.1111111111111111,0.0070477349453906945,9.939899928888213
2025-07-09,2025-07-10,2025-07-11,CLSK,1,12.455622673702242,13.259337228870391,0.0645262445903283,1,0.9794642857142857,0.1111111111111111,0.007169582732258699,10.111750149903772
2025-07-09,2025-07-10,2025-07-11,AFRM,1,69.11345611038209,67.95660108451844,-0.01673849190837773,1,0.9624999999999999,0.1111111111111111,-0.001859832434264192,-2.6230481742473963
2025-07-09,2025-07-10,2025-07-11,CDE,1,9.00045,9.539522961854935,0.05989400106160625,0,0.9482142857142857,0.1111111111111111,0.006654889006845139,9.385842583248845
2025-07-10,2025-07-11,2025-07-14,AG,1,8.908152720241342,9.317136417120249,0.04591116808646567,33,0.9726027397260273,0.1,0.004591116808646567,6.619348171242123
2025-07-10,2025-07-11,2025-07-14,FSLY,1,6.860343133521081,6.7096645381450655,-0.021963711208520698,20,0.9542600896860987,0.1,-0.00219637112085207,-3.1666685401687777
2025-07-10,2025-07-11,2025-07-14,FLNC,1,8.4504223092556,7.7496125000000005,-0.082931927376933,17,0.9858407079646018,0.1,-0.0082931927376933,-11.95690122251354
2025-07-10,2025-07-11,2025-07-14,UUUU,1,6.340317152595521,6.599669904637337,0.040905327888155485,7,0.9553571428571428,0.1,0.0040905327888155485,5.897619656301922
2025-07-10,2025-07-11,2025-07-14,LUNR,1,11.5505776907444,10.759462228870392,-0.06849141948180981,3,0.9739910313901345,0.1,-0.006849141948180981,-9.874907809769823
2025-07-10,2025-07-11,2025-07-14,CLSK,1,13.260663228893282,12.99935,-0.01970589437215442,2,0.9566371681415929,0.1,-0.0019705894372154423,-2.841142608903993
2025-07-10,2025-07-11,2025-07-14,AFRM,1,67.96339708442689,62.256885321617126,-0.0839644868799142,2,0.9610619469026549,0.1,-0.00839644868799142,-12.105772861869022
2025-07-10,2025-07-11,2025-07-14,CDE,1,9.540476961851121,9.649517118549346,0.011429214402407295,1,0.9482142857142857,0.1,0.0011429214402407296,1.6478332529206807
2025-07-10,2025-07-14,2025-07-16,WULF,1,4.930246328330041,4.9897502711296084,0.012069162235900377,0,1.0,0.1,0.0012069162235900377,1.7400992025333097
2025-07-10,2025-07-11,2025-07-14,NVTS,1,6.240311771106721,5.819709171652794,-0.06740089516061676,0,0.9601769911504424,0.1,-0.006740089516061676,-9.717678959534748
2025-07-11,2025-07-14,2025-07-15,AG,1,9.318068177349973,9.147188236084352,-0.01833855880996771,34,0.9726027397260273,0.125,-0.0022923198512459636,-3.2271245493948078
2025-07-11,2025-07-14,2025-07-15,FSLY,1,6.710335538148881,6.859657133507729,0.022252478212146265,21,0.96,0.125,0.002781559776518283,3.915875803951289
2025-07-11,2025-07-14,2025-07-15,FLNC,1,7.7503875,8.289585461854935,0.06957045203932521,18,0.9964444444444445,0.125,0.008696306504915652,12.242647637423357
2025-07-11,2025-07-14,2025-07-15,UUUU,1,6.600329904627801,7.099644904637337,0.07565000647307696,8,0.9733333333333333,0.125,0.00945625080913462,13.31249612256595
2025-07-11,2025-07-14,2025-07-15,CLSK,1,13.000650000000002,12.424378940725326,-0.04432632670479364,3,0.9813333333333334,0.125,-0.005540790838099205,-7.800317275520196
2025-07-11,2025-07-14,2025-07-15,AFRM,1,62.26311132144929,64.29678805160522,0.03266262618417115,3,0.9610619469026549,0.125,0.004082828273021394,5.747799698924649
2025-07-11,2025-07-14,2025-07-15,NVTS,1,5.820291171669961,6.2496875,0.07377574689391975,1,0.9601769911504424,0.125,0.009221968361739968,12.982673634195214
2025-07-11,2025-07-14,2025-07-15,APP,1,342.9171388961792,347.9826,0.014771676680046086,0,0.9697777777777778,0.125,0.0018464595850057608,2.5994431156710647
2025-07-14,2025-07-15,2025-07-16,AG,1,9.14810300064619,8.957246804780096,-0.02086292599160855,35,0.9726027397260273,0.1111111111111111,-0.0023181028879565055,-3.3549682383073365
2025-07-14,2025-07-15,2025-07-16,FSLY,1,6.860343133521081,6.869656385564804,0.0013575490121211509,22,0.96,0.1111111111111111,0.00015083877912457232,0.2183075288405797
2025-07-14,2025-07-15,2025-07-16,FLNC,1,8.290414461851121,8.409579347419738,0.014373815219608455,19,0.9955752212389379,0.1111111111111111,0.001597090579956495,2.311453989938008
2025-07-14,2025-07-15,2025-07-16,UUUU,1,7.1003549046278005,7.8396081525802614,0.10411497141792703,9,0.963716814159292,0.1111111111111111,0.011568330157547447,16.742734091081815
2025-07-14,2025-07-15,2025-07-16,CLSK,1,12.4256214407444,12.56937119483948,0.01156881808934851,4,0.9813333333333334,0.1111111111111111,0.0012854242321498344,1.860382252236859
2025-07-14,2025-07-15,2025-07-16,AFRM,1,64.3032180519104,67.02664727935792,0.042352922761174305,4,0.9610619469026549,0.1111111111111111,0.004705880306797145,6.8107757617687925
2025-07-14,2025-07-15,2025-07-16,NVTS,1,6.250312500000001,6.209689538145065,-0.006499348929343118,2,0.9769911504424778,0.1111111111111111,-0.0007221498810381242,-1.0451606469961774
2025-07-14,2025-07-16,2025-07-17,WULF,1,4.990249271106721,5.229738519072533,0.047991439897089316,0,1.0,0.1111111111111111,0.005332382210787702,7.7175060022803725
2025-07-14,2025-07-15,2025-07-16,JOBY,1,13.290664461851122,14.94425244483948,0.12441725451234853,0,0.9778761061946902,0.1111111111111111,0.013824139390260948,20.007545315274655
2025-07-15,2025-07-16,2025-07-17,AG,1,8.958142574249049,8.577364260820879,-0.042506391282803424,36,0.9726027397260273,0.1111111111111111,-0.0047229323647559355,-7.076567741788163
2025-07-15,2025-07-16,2025-07-17,FSLY,1,6.870343385553361,6.829658423709869,-0.005921823635342882,23,0.992,0.1111111111111111,-0.0006579804039269869,-0.9858796488183627
2025-07-15,2025-07-16,2025-07-17,FLNC,1,8.41042034740448,8.264587093305588,-0.0173395916107687,20,0.9964444444444445,0.1111111111111111,-0.001926621290085411,-2.8867375221803044
2025-07-15,2025-07-16,2025-07-17,UUUU,1,7.840392152595521,8.199589809274674,0.04581373605913863,10,0.9635555555555555,0.1111111111111111,0.00509041511768207,7.627182570496382
2025-07-15,2025-07-16,2025-07-17,CLSK,1,12.570628194808963,12.489375271129608,-0.006463712268008015,5,0.9866666666666666,0.1111111111111111,-0.0007181902520008905,-1.076094590661971
2025-07-15,2025-07-16,2025-07-17,AFRM,1,67.03335027923585,68.79656305160522,0.026303515563887103,5,0.9610619469026549,0.1111111111111111,0.0029226128404319,4.379073455015492
2025-07-15,2025-07-16,2025-07-17,NVTS,1,6.210310538148881,6.1696915762901305,-0.0065405685608207476,3,0.9769911504424778,0.1111111111111111,-0.0007267298400911942,-1.0888898138286116
2025-07-15,2025-07-16,2025-07-17,JOBY,1,14.945746944808963,16.57917092370987,0.10929022048431225,1,0.9786666666666667,0.1111111111111111,0.01214335783159025,18.194902588333584
2025-07-15,2025-07-16,2025-07-17,VFC,1,11.680850355057181,11.669841107987601,-0.0009425039046762063,0,0.9635555555555555,0.1111111111111111,-0.00010472265607513402,-0.15691034988047428
2025-07-16,2025-07-17,2025-07-18,AG,1,8.578222040135927,8.607353847491874,0.003396019270618611,37,0.9726027397260273,0.1,0.0003396019270618611,0.5145384208581204
2025-07-16,2025-07-17,2025-07-18,FSLY,1,6.830341423702241,6.859657133507729,0.004291983077706396,24,0.9867256637168141,0.1,0.00042919830777063964,0.6502878868383304
2025-07-16,2025-07-17,2025-07-18,FLNC,1,8.265413593339922,8.219589267015458,-0.005544105664765264,21,0.9982300884955753,0.1,-0.0005544105664765265,-0.8399997604546119
2025-07-16,2025-07-17,2025-07-18,UUUU,1,8.200409809255602,9.049547690725326,0.10354822517666418,11,0.9716814159292035,0.1,0.010354822517666418,15.68882153467774
2025-07-16,2025-07-17,2025-07-18,CLSK,1,12.490624271106721,13.129343614435196,0.051135902374868314,6,0.9831858407079646,0.1,0.005113590237486832,7.747714120693706
2025-07-16,2025-07-17,2025-07-18,AFRM,1,68.8034430519104,69.38652988967895,0.008474675276477495,6,0.9610619469026549,0.1,0.0008474675276477495,1.2840168699189325
2025-07-16,2025-07-17,2025-07-18,NVTS,1,6.170308576297761,6.369681385564804,0.03231164321876889,4,0.9769911504424778,0.1,0.0032311643218768896,4.895608814989989
2025-07-16,2025-07-17,2025-07-18,JOBY,1,16.580828923702242,16.979150542259216,0.024023022032847452,2,0.9786666666666667,0.1,0.002402302203284745,3.6397814134810704
2025-07-16,2025-07-17,2025-07-18,VFC,1,11.671008150450524,12.250381604190576,0.049642108571202215,1,0.9635555555555555,0.1,0.004964210857120222,7.521386104396558
2025-07-16,2025-07-17,2025-07-18,WULF,1,5.230261519074441,5.429728328347206,0.03813706227601088,0,0.9920353982300885,0.1,0.003813706227601088,5.778230992220476
2025-07-17,2025-07-18,2025-07-21,AG,1,8.608214625915545,8.537376244950527,-0.00822916063822976,38,0.9726027397260273,0.1111111111111111,-0.0009143511820255289,-1.4281496489059824
2025-07-17,2025-07-18,2025-07-21,FSLY,1,6.860343133521081,7.2096395381450655,0.05091529648382287,25,0.9946902654867257,0.1111111111111111,0.005657255164869208,8.836218661172941
2025-07-17,2025-07-18,2025-07-21,FLNC,1,8.220411267042161,9.16954157629013,0.11546019760024495,22,0.9938053097345132,0.1111111111111111,0.01282891084447166,20.037820127044807
2025-07-17,2025-07-18,2025-07-21,UUUU,1,9.0504526907444,9.449527309274673,0.04409443728029139,12,0.9761061946902655,0.1111111111111111,0.004899381920032376,7.65247610163334
2025-07-17,2025-07-18,2025-07-21,CLSK,1,13.130656614446641,12.919354076290128,-0.016092305538173424,7,0.9831858407079646,0.1111111111111111,-0.0017880339486859359,-2.7927782084679365
2025-07-17,2025-07-18,2025-07-21,NVTS,1,6.370318385553361,7.4796260190725326,0.1741369216387778,5,0.9769911504424778,0.1111111111111111,0.01934854684875309,30.221014564310114
2025-07-17,2025-07-18,2025-07-21,VFC,1,12.251606703605967,12.309420532552215,0.004718877315024406,2,0.9635555555555555,0.1111111111111111,0.0005243197016693784,0.8189490127795398
2025-07-17,2025-07-18,2025-07-22,WULF,1,5.430271328330041,5.089745652580262,-0.06270877736315628,1,0.9823008849557522,0.1111111111111111,-0.0069676419292395856,-10.882946914228723
2025-07-17,2025-07-18,2025-07-21,EXK,1,5.710285538148881,5.499725,-0.03687390704758686,0,0.9646017699115045,0.1111111111111111,-0.004097100783065207,-6.399371663636819
2025-07-18,2025-07-21,2025-07-22,AG,1,8.538230025264038,8.747311914305254,0.024487732050150424,39,0.9726027397260273,0.1111111111111111,0.0027208591166833804,4.374476969221398
2025-07-18,2025-07-21,2025-07-22,FSLY,1,7.210360538148881,7.1196438855648045,-0.012581430859678777,26,0.9946902654867257,0.1111111111111111,-0.0013979367621865307,-2.247540908353663
2025-07-18,2025-07-21,2025-07-22,FLNC,1,9.17045857629776,9.529523232984543,0.039154493060448825,23,0.9920353982300885,0.1111111111111111,0.0043504992289387584,6.994540277706946
2025-07-18,2025-07-21,2025-07-22,UUUU,1,9.4504723092556,8.719564267015457,-0.07734090089066836,13,0.9796460176991151,0.1111111111111111,-0.008593433432296484,-13.816142263896797
2025-07-18,2025-07-21,2025-07-22,CLSK,1,12.920646076297759,12.549372690725326,-0.02873489323831213,8,0.9787610619469027,0.1111111111111111,-0.003192765915368014,-5.133187852047733
2025-07-18,2025-07-21,2025-07-22,NVTS,1,7.480374019074441,8.789560461854935,0.1750161742503995,6,0.9769911504424778,0.1111111111111111,0.01944624158337772,31.26480728928544
2025-07-18,2025-07-21,2025-07-22,VFC,1,12.310651536155651,12.437335051469935,0.010290561384360686,3,0.9635555555555555,0.1111111111111111,0.0011433957093734094,1.838301059651147
2025-07-18,2025-07-22,2025-07-23,WULF,1,5.090254652595521,5.239737771129608,0.029366530505082977,2,0.9849557522123893,0.1111111111111111,0.0032629478338981085,5.246023237159441
2025-07-18,2025-07-21,2025-07-22,EXK,1,5.500275,5.519723980927467,0.0035360015503709263,1,0.9646017699115045,0.1111111111111111,0.0003928890611523251,0.6316696586499015
2025-07-21,2025-07-22,2025-07-23,FSLY,1,7.12035588555336,7.229638519072533,0.015347917333865091,27,0.9688888888888889,0.14285714285714285,0.002192559619123584,3.5890199742695525
2025-07-21,2025-07-22,2025-07-23,UUUU,1,8.72043626704216,9.2495375,0.0606737113551894,14,0.9973333333333333,0.14285714285714285,0.008667673050741342,14.188189656609355
2025-07-21,2025-07-22,2025-07-23,VFC,1,12.438578847164868,12.998196481649673,0.044990480131285926,4,0.9635555555555555,0.14285714285714285,0.006427211447326561,10.520758506229129
2025-07-21,2025-07-22,2025-07-23,EXK,1,5.52027598092556,5.649717595362663,0.02344839549406008,2,0.9646017699115045,0.14285714285714285,0.0033497707848657255,5.483269030063277
2025-07-21,2025-07-22,2025-07-23,SOFI,1,20.79104041557312,21.20893858451843,0.020099916146201657,0,0.9715555555555555,0.14285714285714285,0.0028714165923145224,4.700246877840979
2025-07-21,2025-07-22,2025-07-23,LUNR,1,11.22056126704216,11.419429076290129,0.017723517078606088,0,0.9591111111111111,0.14285714285714285,0.002531931011229441,4.144539967586975
2025-07-21,2025-07-22,2025-07-23,U,1,35.801789237022405,33.548321737098696,-0.06294287374870677,0,0.9484444444444444,0.14285714285714285,-0.00899183910695811,-14.718819902918106
2025-07-22,2025-07-23,2025-07-24,FSLY,1,7.230361519074441,7.259637228870392,0.004048996681385697,28,0.9955752212389379,0.1111111111111111,0.0004498885201539663,0.7486870048456401
2025-07-22,2025-07-23,2025-07-24,UUUU,1,9.250462500000001,9.399529618549344,0.016114558439574544,15,0.9884955752212389,0.1111111111111111,0.0017905064932860603,2.9796913758907175
2025-07-22,2025-07-23,2025-07-24,VFC,1,12.999496366292071,12.919479613026569,-0.006155373332230596,5,0.9635555555555555,0.1111111111111111,-0.0006839303702478439,-1.138170363290417
2025-07-22,2025-07-23,2025-07-24,EXK,1,5.6502825953722,5.699714809274673,0.008748626828498862,3,0.9646017699115045,0.1111111111111111,0.0009720696476109847,1.6176805594464971
2025-07-22,2025-07-23,2025-07-24,SOFI,1,21.21105958442688,21.7489125,0.025357192243616655,1,0.9715555555555555,0.1111111111111111,0.002817465804846295,4.688717182566648
2025-07-22,2025-07-23,2025-07-24,LUNR,1,11.42057107629776,13.084345788145065,0.14568226936569761,1,0.9591111111111111,0.1111111111111111,0.016186918818410844,26.937641715525555
2025-07-22,2025-07-23,2025-07-24,WULF,1,5.24026177110672,5.209739538145065,-0.005824562644932252,0,0.9867256637168141,0.1111111111111111,-0.0006471736272146946,-1.0770012188989322
2025-07-22,2025-07-23,2025-07-24,CLSK,1,12.630631614446642,12.419379076290129,-0.01672541362974178,0,0.9805309734513274,0.1111111111111111,-0.0018583792921935312,-3.0926426521471866
2025-07-22,2025-07-23,2025-07-24,RIOT,1,14.220711267042162,14.37428125,0.010799036705973375,0,0.9646017699115045,0.1111111111111111,0.001199892967330375,1.9968152811244964
2025-07-23,2025-07-24,2025-07-25,FSLY,1,7.260363228893281,7.179640828347206,-0.011118231691884639,29,0.9911504424778761,0.14285714285714285,-0.001588318813126377,-2.6961549112600496
2025-07-23,2025-07-24,2025-07-25,UUUU,1,9.400469618511199,9.9995,0.06372345274210578,16,0.9920353982300885,0.14285714285714285,0.009103350391729397,15.452844016416888
2025-07-23,2025-07-24,2025-07-25,EXK,1,5.7002848092556,5.689715557217598,-0.001854162097451817,4,0.9646017699115045,0.14285714285714285,-0.00026488029963597385,-0.449631594650602
2025-07-23,2025-07-24,2025-07-25,WULF,1,5.210260538148881,5.269736480927468,0.011415157139093468,1,0.9982300884955753,0.14285714285714285,0.0016307367341562096,2.7681588975913027
2025-07-23,2025-07-24,2025-07-25,CLSK,1,12.42062107629776,12.084395788145065,-0.027069925576774345,1,0.9805309734513274,0.14285714285714285,-0.003867132225253478,-6.564417329469468
2025-07-23,2025-07-24,2025-07-25,RIOT,1,14.37571875,14.459277038145066,0.0058124598566637875,1,0.9699115044247787,0.14285714285714285,0.0008303514080948267,1.4095130074042852
2025-07-23,2025-07-24,2025-07-25,FLNC,1,9.525475868511199,9.369531385564803,-0.01637130628422545,0,0.9814159292035398,0.14285714285714285,-0.0023387580406036357,-3.97001781085162
2025-07-24,2025-07-25,2025-07-28,FSLY,1,7.180358828330041,7.149642595362663,-0.004277813087305238,30,0.9858407079646018,0.16666666666666666,-0.0007129688478842062,-1.2142576371475235
2025-07-24,2025-07-25,2025-07-28,UUUU,1,10.0005,10.299485190725326,0.029897024221321455,17,0.9946902654867257,0.16666666666666666,0.004982837370220242,8.486273067062067
2025-07-24,2025-07-25,2025-07-28,EXK,1,5.690284557223321,5.6697165762901305,-0.00361457862543646,5,0.9672566371681416,0.16666666666666666,-0.0006024297709060766,-1.025998474321196
2025-07-24,2025-07-25,2025-07-28,WULF,1,5.270263480925561,5.289735461854935,0.0036946883205837278,2,0.9955752212389379,0.16666666666666666,0.0006157813867639546,1.048737618635565
2025-07-24,2025-07-25,2025-07-28,RIOT,1,14.460723038148881,14.544272826290129,0.005777704746908974,2,0.9699115044247787,0.16666666666666666,0.0009629507911514956,1.6400020222802996
2025-07-24,2025-07-25,2025-07-28,FLNC,1,9.37046838555336,9.489525271129608,0.01270554263432544,1,0.979646017699115,0.16666666666666666,0.00211759043905424,3.606469441971741
2025-07-25,2025-07-28,2025-07-29,FSLY,1,7.150357595372201,7.319634171652794,0.023673861624788017,31,0.9911894273127753,0.14285714285714285,0.0033819802321125737,5.801978580197311
2025-07-25,2025-07-28,2025-07-29,UUUU,1,10.3005151907444,10.039497961854934,-0.02534021105313311,18,0.9920704845814978,0.14285714285714285,-0.003620030150447587,-6.210366693789186
2025-07-25,2025-07-28,2025-07-29,EXK,1,5.670283576297761,5.549722690725327,-0.021261879401656136,6,0.9672566371681416,0.14285714285714285,-0.0030374113430937334,-5.210851141158172
2025-07-25,2025-07-28,2025-07-29,WULF,1,5.2902644618511205,5.16974157629013,-0.022782015233850483,3,0.985022026431718,0.14285714285714285,-0.003254573604835783,-5.5834052971792225
2025-07-25,2025-07-28,2025-07-29,RIOT,1,14.54572732629776,14.479275542259217,-0.004568474476927875,3,0.9699115044247787,0.14285714285714285,-0.0006526392109896964,-1.1196395197123228
2025-07-25,2025-07-28,2025-07-29,FLNC,1,9.490474271106722,8.729563042259217,-0.08017631228020516,2,0.985022026431718,0.14285714285714285,-0.011453758897172166,-19.649571914447918
2025-07-25,2025-07-28,2025-07-29,EOSE,1,6.450322309255601,6.289685461854935,-0.0249036931333132,0,0.9700440528634361,0.14285714285714285,-0.003557670447616171,-6.1033850926964615
2025-07-28,2025-07-29,2025-07-30,FSLY,1,7.320366171669961,6.969651290202141,-0.04790947245577648,32,0.9911894273127753,0.125,-0.00598868405697206,-10.045392301075704
2025-07-28,2025-07-29,2025-07-30,UUUU,1,10.04050196185112,9.199539809274674,-0.08375698304444157,19,0.9947136563876652,0.125,-0.010469622880555196,-17.561699378188766
2025-07-28,2025-07-29,2025-07-30,EXK,1,5.550277690744401,5.429728328347206,-0.021719519114912322,7,0.9672566371681416,0.125,-0.0027149398893640403,-4.554028231085241
2025-07-28,2025-07-29,2025-07-30,WULF,1,5.17025857629776,5.259737228870392,0.01730641731978988,4,0.9859030837004406,0.125,0.002163302164973735,3.6287135380982325
2025-07-28,2025-07-29,2025-07-30,RIOT,1,14.480723542213441,13.839308152580262,-0.04429442960936025,4,0.9699115044247787,0.125,-0.005536803701170032,-9.287410179461466
2025-07-28,2025-07-29,2025-07-30,FLNC,1,8.73043604221344,8.489575271129608,-0.027588630157671656,3,0.9762114537444934,0.125,-0.003448578769708957,-5.784630862694566
2025-07-28,2025-07-29,2025-07-30,EOSE,1,6.29031446185112,5.924703940725326,-0.058122773248159953,1,0.9982378854625551,0.125,-0.007265346656019994,-12.186860530413496
2025-07-28,2025-07-29,2025-07-30,QS,1,10.840542152595521,9.309534919595718,-0.14122976613611882,0,0.9762114537444935,0.125,-0.017653720767014852,-29.612273579844764
2025-07-29,2025-07-30,2025-07-31,FSLY,1,6.97034829018116,6.919654076290131,-0.0072728379961214396,33,0.9938325991189427,0.125,-0.0009091047495151799,-1.447211260914302
2025-07-29,2025-07-30,2025-07-31,UUUU,1,9.200459809255602,8.899554618549347,-0.032705451351849435,20,0.9894273127753304,0.125,-0.004088181418981179,-6.508009323859969
2025-07-29,2025-07-30,2025-07-31,EXK,1,5.430271328330041,5.259737228870392,-0.03140434227843503,8,0.9770925110132159,0.125,-0.003925542784804378,-6.249103556437777
2025-07-29,2025-07-30,2025-07-31,WULF,1,5.2602632288932805,5.069746671652794,-0.03621806532304839,5,0.9735682819383259,0.125,-0.004527258165381048,-7.206979175391796
2025-07-29,2025-07-30,2025-07-31,RIOT,1,13.84069215259552,13.689315080404281,-0.010937102749074001,5,0.9699115044247787,0.125,-0.0013671378436342502,-2.1763578768945218
2025-07-29,2025-07-30,2025-07-31,FLNC,1,8.49042427110672,8.199589809274674,-0.034254408560214,4,0.9762114537444934,0.125,-0.00428180107002675,-6.81623402456347
2025-07-29,2025-07-30,2025-07-31,EOSE,1,5.9252964407444,5.469726290202141,-0.0768856301280727,2,0.9982378854625551,0.125,-0.009610703766009088,-15.299357662466594
2025-07-29,2025-07-30,2025-07-31,QS,1,9.31046591963768,8.799560190725327,-0.054874346066263846,1,0.9762114537444935,0.125,-0.006859293258282981,-10.919364848324255
2025-07-30,2025-07-31,2025-08-01,FSLY,1,6.92034607629776,6.609669633507728,-0.04489319455483609,34,0.9938325991189427,0.125,-0.005611649319354511,-8.615484018093841
2025-07-30,2025-07-31,2025-08-01,UUUU,1,8.900444618511202,8.679566305160522,-0.024816548253251858,21,0.9876651982378855,0.125,-0.0031020685316564822,-4.7625609400325875
2025-07-30,2025-07-31,2025-08-04,EXK,1,5.2602632288932805,5.019748980927467,-0.04572285406645238,9,0.9744493392070485,0.125,-0.005715356758306547,-8.774704548815011
2025-07-30,2025-07-31,2025-08-05,WULF,1,5.070253671669961,4.929753328347206,-0.027710712800781523,6,0.9735682819383259,0.125,-0.0034638391000976904,-5.317982060142865
2025-07-30,2025-07-31,2025-08-01,EOSE,1,5.470273290181161,5.469726290202141,-9.99950002500416e-05,3,1.0,0.125,-1.24993750312552e-05,-0.019190109661080423
2025-07-30,2025-07-31,2025-08-01,QS,1,8.800440190744402,8.199589809274674,-0.06827503720798589,2,0.9762114537444935,0.125,-0.008534379650998236,-13.102709614074433
2025-07-30,2025-07-31,2025-08-01,NVTS,1,7.5503776907444005,7.014649116492271,-0.07095387756679372,0,0.986784140969163,0.125,-0.008869234695849215,-13.616807720194783
2025-07-30,2025-07-31,2025-08-01,QUBT,1,15.245762135553361,14.199289809274674,-0.0686402107663937,0,0.9744493392070485,0.125,-0.008580026345799213,-13.17279032424644
2025-07-31,2025-08-01,2025-08-04,FSLY,1,6.61033063352108,6.509674728870392,-0.015227060525574987,35,0.9982378854625551,0.125,-0.0019033825656968734,-2.7933971097979757
2025-07-31,2025-08-01,2025-08-04,UUUU,1,8.68043430519104,8.889555843305589,0.02409113769681892,22,0.988546255506608,0.125,0.003011392212102365,4.419507908372084
2025-07-31,2025-08-04,2025-08-05,EXK,1,5.02025098092556,5.159741847419739,0.027785636021819382,10,0.9744493392070485,0.125,0.0034732045027274228,5.097261892857547
2025-07-31,2025-08-05,2025-08-06,WULF,1,4.930246328330041,5.049747690725327,0.024238416183915756,7,0.9735682819383259,0.125,0.0030298020229894695,4.446526077735812
2025-07-31,2025-08-01,2025-08-04,EOSE,1,5.470273290181161,5.6697165762901305,0.03645947387435999,4,0.9973568281938325,0.125,0.004557434234294999,6.688473377664349
2025-07-31,2025-08-01,2025-08-04,QS,1,8.200409809255602,8.369581385564803,0.020629649035132536,3,0.9770925110132158,0.125,0.002578706129391567,3.7844994373075025
2025-07-31,2025-08-01,2025-08-04,NVTS,1,7.015350616478921,8.049597690725326,0.1474262842710925,1,0.9841409691629955,0.125,0.018428285533886563,27.045282686007702
2025-07-31,2025-08-01,2025-08-04,QUBT,1,14.200709809255601,14.92925380516052,0.0513033507261782,1,0.9744493392070485,0.125,0.006412918840772275,9.41157562227832
2025-08-01,2025-08-04,2025-08-05,FSLY,1,6.510325728893281,6.589670652580261,0.01218755051453746,36,0.9964444444444445,0.14285714285714285,0.0017410786449339227,2.656356683824114
2025-08-01,2025-08-04,2025-08-05,UUUU,1,8.890444843339921,9.799510190725327,0.1022519529004684,23,0.9875555555555555,0.14285714285714285,0.014607421842924056,22.28648473680079
2025-08-01,2025-08-04,2025-08-05,EOSE,1,5.670283576297761,6.204689673709869,0.09424680269007513,5,0.9973333333333333,0.14285714285714285,0.013463828955725017,20.541709669733
2025-08-01,2025-08-04,2025-08-05,QS,1,8.37041838555336,8.99955,0.0751613103990676,4,0.9770925110132158,0.14285714285714285,0.010737330057009655,16.381901269282196
2025-08-01,2025-08-04,2025-08-05,NVTS,1,8.0504026907444,6.279686209797859,-0.21995377734114419,2,0.9866666666666667,0.14285714285714285,-0.03142196819159202,-47.94037045225602
2025-08-01,2025-08-04,2025-08-05,QUBT,1,14.93074680519104,16.469175813388823,0.10303764629260947,2,0.9744493392070485,0.14285714285714285,0.014719663756087067,22.4577317721391
2025-08-01,2025-08-04,2025-08-05,SOUN,1,10.325516059255602,10.91945407629013,0.05752138814428864,0,0.9795555555555555,0.14285714285714285,0.008217341163469805,12.537164352891399
2025-08-04,2025-08-05,2025-08-06,FSLY,1,6.59032965259552,6.379681114435196,-0.03196327790330833,37,0.9707964601769912,0.14285714285714285,-0.004566182557615476,-7.188943483012451
2025-08-04,2025-08-05,2025-08-06,UUUU,1,9.800490190744402,10.039497961854934,0.024387328231423755,24,0.9946902654867257,0.14285714285714285,0.0034839040330605364,5.485017052623164
2025-08-04,2025-08-05,2025-08-06,EOSE,1,6.205310173702241,6.509674728870392,0.04904904777492525,6,0.9982300884955753,0.14285714285714285,0.00700700682498932,11.031748164759362
2025-08-04,2025-08-05,2025-08-06,QS,1,9.00045,8.459577038145065,-0.060093991062106444,5,0.9770925110132158,0.14285714285714285,-0.008584855866015206,-13.515894919194865
2025-08-04,2025-08-05,2025-08-06,NVTS,1,6.28031420981884,6.7096645381450655,0.06836446616874126,3,0.9884955752212389,0.14285714285714285,0.009766352309820179,15.376028860998908
2025-08-04,2025-08-05,2025-08-06,QUBT,1,16.47082281332016,16.78416059741974,0.019023808807303588,3,0.9744493392070485,0.14285714285714285,0.002717686972471941,4.278694030100857
2025-08-04,2025-08-05,2025-08-06,SOUN,1,10.920546076297759,11.16944157629013,0.02279148847076251,1,0.9734513274336283,0.14285714285714285,0.0032559269243946443,5.126092605573558
2025-08-05,2025-08-06,2025-08-07,FSLY,1,6.380319114446641,7.5296237097978596,0.18013277623511104,38,0.9876651982378855,0.14285714285714285,0.025733253747873004,41.04404674877425
2025-08-05,2025-08-06,2025-08-07,UUUU,1,10.04050196185112,9.379531114435196,-0.06583045846983382,25,0.9894273127753304,0.14285714285714285,-0.009404351209976259,-14.999760018146237
2025-08-05,2025-08-06,2025-08-07,EOSE,1,6.510325728893281,6.564671807217598,0.008347674231279356,7,0.988546255506608,0.14285714285714285,0.001192524890182765,1.9020543543112558
2025-08-05,2025-08-06,2025-08-07,NVTS,1,6.710335538148881,6.499675,-0.03139344328629412,4,0.9955947136563876,0.14285714285714285,-0.004484777612327732,-7.153134375533458
2025-08-05,2025-08-06,2025-08-07,QUBT,1,16.78583909740448,15.989200271129608,-0.04745898144573857,4,0.9744493392070485,0.14285714285714285,-0.006779854492248366,-10.813738031582183
2025-08-05,2025-08-06,2025-08-07,SOUN,1,11.17055857629776,10.939452580404282,-0.02068884866544185,2,0.9734513274336283,0.14285714285714285,-0.0029555498093488354,-4.714045325623511
2025-08-05,2025-08-06,2025-08-07,EXK,1,5.24026177110672,5.409729347419739,0.032339524954156706,0,0.9718061674008811,0.14285714285714285,0.0046199321363081,7.368703252089425
2025-08-06,2025-08-07,2025-08-08,FSLY,1,7.5303767098188406,7.409629347419739,-0.016034704112698583,39,0.9929515418502203,0.14285714285714285,-0.0022906720160997974,-3.682153265101732
2025-08-06,2025-08-07,2025-08-08,UUUU,1,9.38046911444664,9.7495125,0.039341676951422766,26,0.9894273127753304,0.14285714285714285,0.005620239564488966,9.034284837631414
2025-08-06,2025-08-07,2025-08-08,EOSE,1,6.565328307223321,6.599669904637337,0.005230750970402154,8,0.9903083700440529,0.14285714285714285,0.0007472501386288791,1.2011713237257164
2025-08-06,2025-08-07,2025-08-08,NVTS,1,6.500325000000001,6.899655095362664,0.06143232767018003,5,0.9911894273127753,0.14285714285714285,0.008776046810025718,14.107104460656224
2025-08-06,2025-08-07,2025-08-08,SOUN,1,10.940546580362321,13.15934184741974,0.20280479140229013,3,0.9734513274336283,0.14285714285714285,0.028972113057470016,46.57138164768676
2025-08-06,2025-08-07,2025-08-08,EXK,1,5.410270347404481,5.449727309274674,0.007292974165167498,1,0.9718061674008811,0.14285714285714285,0.0010418534521667855,1.6747330319183968
2025-08-06,2025-08-07,2025-08-08,UEC,1,9.7004848092556,9.799510190725327,0.010208291999513452,0,0.9788546255506608,0.14285714285714285,0.0014583274285019216,2.3441964038084353
2025-08-07,2025-08-08,2025-08-11,UUUU,1,9.7504875,9.499525,-0.025738456666910214,27,0.9893805309734514,0.14285714285714285,-0.0036769223809871732,-6.171881311046653
2025-08-07,2025-08-08,2025-08-11,EOSE,1,6.600329904627801,6.369681385564804,-0.03494499856761368,9,0.9902654867256637,0.14285714285714285,-0.0049921426525162405,-8.379538305856702
2025-08-07,2025-08-08,2025-08-11,NVTS,1,6.9003450953722005,6.719663790202141,-0.02618438682019486,6,0.9964601769911504,0.14285714285714285,-0.0037406266885992656,-6.278811886360751
2025-08-07,2025-08-08,2025-08-11,SOUN,1,13.160657847404481,13.639318343305588,0.03637056000171812,4,0.9734513274336283,0.14285714285714285,0.005195794285959732,8.721376827364072
2025-08-07,2025-08-08,2025-08-11,EXK,1,5.450272309255601,5.2497375,-0.03679353945582764,2,0.9718061674008811,0.14285714285714285,-0.005256219922261091,-8.822804003886718
2025-08-07,2025-08-08,2025-08-11,UEC,1,9.800490190744402,10.099495381450655,0.03050920769132892,1,0.9716814159292034,0.14285714285714285,0.004358458241618417,7.315870224924339
2025-08-07,2025-08-08,2025-08-11,FSLY,1,7.410370347404481,6.929653328347206,-0.06487084943408361,0,0.9805309734513274,0.14285714285714285,-0.009267264204869086,-15.555524110684964
2025-08-08,2025-08-11,2025-08-12,UUUU,1,9.500475000000002,9.599520381450654,0.010425308360966445,28,0.9859030837004406,0.14285714285714285,0.0014893297658523492,2.456211998404986
2025-08-08,2025-08-11,2025-08-12,EOSE,1,6.370318385553361,6.209689538145065,-0.025215199254808085,10,0.9947136563876652,0.14285714285714285,-0.0036021713221154406,-5.940723555354932
2025-08-08,2025-08-11,2025-08-12,NVTS,1,6.720335790181161,6.609669633507728,-0.016467355222803404,7,0.9982378854625551,0.14285714285714285,-0.0023524793175433434,-3.8797236570657363
2025-08-08,2025-08-11,2025-08-12,EXK,1,5.250262500000001,5.609719633507728,0.06846460219993333,3,0.9718061674008811,0.14285714285714285,0.009780657457133333,16.130321671743012
2025-08-08,2025-08-11,2025-08-12,UEC,1,10.100505381488803,9.969501767015457,-0.01297000590816344,2,0.9744493392070485,0.14285714285714285,-0.0018528579868804912,-3.055745022400602
2025-08-08,2025-08-11,2025-08-12,FSLY,1,6.930346328330041,6.7496625,-0.026071399576589216,1,0.9805309734513274,0.14285714285714285,-0.0037244856537984594,-6.142445118936776
2025-08-08,2025-08-11,2025-08-12,QS,1,8.870443385553362,8.99955,0.014554696855052729,0,0.9762114537444934,0.14285714285714285,0.0020792424078646754,3.429099630508559
2025-08-11,2025-08-12,2025-08-13,UUUU,1,9.600480381488802,9.789510461854935,0.01968964810663132,29,0.988546255506608,0.14285714285714285,0.0028128068723759026,4.646864830904429
2025-08-11,2025-08-12,2025-08-13,EOSE,1,6.210310538148881,6.139692866492272,-0.011371037120095129,11,0.9973568281938325,0.14285714285714285,-0.001624433874299304,-2.68362706119074
2025-08-11,2025-08-12,2025-08-13,NVTS,1,6.61033063352108,7.039647961854935,0.06494642282441676,8,0.9982378854625551,0.14285714285714285,0.009278060403488109,15.327711621935386
2025-08-11,2025-08-12,2025-08-13,EXK,1,5.61028063352108,5.209739538145065,-0.0713941283048849,4,0.9718061674008811,0.14285714285714285,-0.010199161186412127,-16.84940544170082
2025-08-11,2025-08-12,2025-08-13,UEC,1,9.97049876704216,10.769461957740784,0.08013272047529107,3,0.9894273127753304,0.14285714285714285,0.011447531496470154,18.911761071845433
2025-08-11,2025-08-12,2025-08-13,FSLY,1,6.7503375000000005,6.959652038145065,0.03100801080613591,2,0.9805309734513274,0.14285714285714285,0.004429715829447987,7.318060440237581
2025-08-11,2025-08-12,2025-08-13,WULF,1,5.450272309255601,5.479726019072532,0.005404080410241763,0,0.975330396475771,0.14285714285714285,0.0007720114871773946,1.2753925852679149
2025-08-12,2025-08-13,2025-08-14,UUUU,1,9.790489461851122,9.419529076290129,-0.03788987128850396,30,0.988546255506608,0.125,-0.004736233911062995,-7.956020005913989
2025-08-12,2025-08-13,2025-08-14,EOSE,1,6.14030686647892,6.119693885564804,-0.003356995238568028,12,0.9947136563876652,0.125,-0.0004196244048210035,-0.7048934284954596
2025-08-12,2025-08-13,2025-08-14,NVTS,1,7.040351961851121,7.07964592370987,0.005581249640879804,9,0.9982378854625551,0.125,0.0006976562051099755,1.1719367812767583
2025-08-12,2025-08-13,2025-08-14,EXK,1,5.210260538148881,5.369731385564804,0.030607077371332503,5,0.9718061674008811,0.125,0.003825884671416563,6.426797231236873
2025-08-12,2025-08-13,2025-08-14,UEC,1,10.770538957786561,10.259487228870391,-0.047449039543810856,4,0.9779735682819384,0.125,-0.005931129942976357,-9.963230146588035
2025-08-12,2025-08-13,2025-08-14,FSLY,1,6.960348038148881,7.089645652580261,0.018576314535238003,3,0.9805309734513274,0.125,0.0023220393169047504,3.900607868344644
2025-08-12,2025-08-13,2025-08-14,WULF,1,5.48027401907444,7.199639809274673,0.31373719347168993,1,0.975330396475771,0.125,0.03921714918396124,65.87774787763415
2025-08-12,2025-08-13,2025-08-14,FLNC,1,7.370368385553361,7.546622581338882,0.023913892300281292,0,0.9841409691629955,0.125,0.0029892365375351615,5.021379041159119
2025-08-13,2025-08-14,2025-08-15,UUUU,1,9.420471076297758,9.799510190725327,0.0402356858120656,31,0.988546255506608,0.1111111111111111,0.004470631756896178,7.794592250906279
2025-08-13,2025-08-14,2025-08-15,EOSE,1,6.1203058855533605,6.349682404637337,0.03747795018307931,13,0.9947136563876652,0.1111111111111111,0.004164216687008812,7.260354438628234
2025-08-13,2025-08-14,2025-08-15,NVTS,1,7.080353923702241,7.199639809274673,0.01684744673188021,10,0.9938325991189427,0.1111111111111111,0.0018719385257644678,3.2637439897815974
2025-08-13,2025-08-14,2025-08-15,EXK,1,5.37026838555336,5.589720652580262,0.040864301608696696,6,0.9718061674008811,0.1111111111111111,0.004540477956521855,7.916369815233235
2025-08-13,2025-08-14,2025-08-15,UEC,1,10.26051322889328,10.2494875,-0.0010745786928311185,5,0.985022026431718,0.1111111111111111,-0.00011939763253679094,-0.20817099505282266
2025-08-13,2025-08-14,2025-08-15,FSLY,1,7.09035465259552,6.929653328347206,-0.022664779425312198,4,0.9805309734513274,0.1111111111111111,-0.0025183088250346885,-4.390697225895479
2025-08-13,2025-08-14,2025-08-15,WULF,1,7.200359809255601,8.529573232984543,0.18460375022097142,2,0.9823788546255506,0.1111111111111111,0.020511527802330155,35.76205877741324
2025-08-13,2025-08-14,2025-08-15,FLNC,1,7.547377281332016,7.609619633507728,0.008246884958257539,1,0.9841409691629955,0.1111111111111111,0.0009163205509175043,1.5976142643621496
2025-08-13,2025-08-14,2025-08-15,QS,1,9.26046322889328,9.159541847419739,-0.010898092134166704,0,0.9911894273127754,0.1111111111111111,-0.0012108991260185225,-2.1112150267652545
2025-08-14,2025-08-15,2025-08-18,UUUU,1,9.800490190744402,9.839508152580262,0.003981225538362221,32,0.9709251101321585,0.1111111111111111,0.00044235839315135783,0.7963812282317464
2025-08-14,2025-08-15,2025-08-18,EOSE,1,6.350317404627801,5.959702038145065,-0.06151115630819881,14,0.9947136563876652,0.1111111111111111,-0.006834572923133201,-12.304334366053045
2025-08-14,2025-08-15,2025-08-18,NVTS,1,7.200359809255601,6.824658559274673,-0.05217812164025304,11,0.9929515418502203,0.1111111111111111,-0.005797569071139226,-10.437408330246056
2025-08-14,2025-08-15,2025-08-18,EXK,1,5.5902796525955205,5.599719904637337,0.001688690482136046,7,0.9718061674008811,0.1111111111111111,0.000187632275792894,0.3377958337974491
2025-08-14,2025-08-15,2025-08-18,UEC,1,10.250512500000001,10.669466576290128,0.04087152484230683,6,0.9903083700440529,0.1111111111111111,0.004541280538034092,8.17570239113121
2025-08-14,2025-08-15,2025-08-18,FSLY,1,6.930346328330041,6.879656114435196,-0.007314239648837151,5,0.9805309734513274,0.1111111111111111,-0.0008126932943152389,-1.4630980081370872
2025-08-14,2025-08-15,2025-08-18,WULF,1,8.530426232957842,10.009499728870392,0.17338799440033315,3,0.9788546255506607,0.1111111111111111,0.019265332711148126,34.683527122650894
2025-08-14,2025-08-15,2025-08-18,FLNC,1,7.610380633521081,8.16959157629013,0.0734800228395831,2,0.9841409691629955,0.1111111111111111,0.0081644469821759,14.698516895266602
2025-08-14,2025-08-15,2025-08-18,QS,1,9.160457847404482,8.989550271129609,-0.018657099800235222,1,0.9709251101321585,0.1111111111111111,-0.0020730110889150247,-3.7320578578087504
2025-08-15,2025-08-18,2025-08-19,UUUU,1,9.840492152595521,10.449477309274673,0.06188564019316112,33,0.9779735682819384,0.1111111111111111,0.006876182243684568,12.590721103062947
2025-08-15,2025-08-18,2025-08-19,EOSE,1,5.96029803814888,6.2496875,0.04855285088075845,15,0.9973568281938325,0.1111111111111111,0.0053947612089731605,9.87814624346068
2025-08-15,2025-08-18,2025-08-19,NVTS,1,6.8253410592556,6.769661480927468,-0.008157772314194789,12,0.9982378854625551,0.1111111111111111,-0.0009064191460216431,-1.6597103255250083
2025-08-15,2025-08-18,2025-08-19,EXK,1,5.600279904627801,5.569721671652794,-0.00545655458216554,8,0.9718061674008811,0.1111111111111111,-0.0006062838424628378,-1.1101437540801045
2025-08-15,2025-08-18,2025-08-19,UEC,1,10.670533576297759,10.469476767015458,-0.018842245127170032,7,0.9823788546255506,0.1111111111111111,-0.002093582791907781,-3.833481444342583
2025-08-15,2025-08-18,2025-08-19,FSLY,1,6.880344114446641,7.099644904637337,0.031873520647060616,6,0.9805309734513274,0.1111111111111111,0.003541502294117846,6.484712896033139
2025-08-15,2025-08-18,2025-08-19,WULF,1,10.01050072889328,9.149542118549345,-0.08600554893912082,4,0.9832599118942732,0.1111111111111111,-0.009556172104346757,-17.497950681747458
2025-08-15,2025-08-18,2025-08-19,FLNC,1,8.170408576297762,8.079595923709869,-0.011114823908725757,3,0.9841409691629955,0.1111111111111111,-0.0012349804343028618,-2.2613266584561718
2025-08-15,2025-08-18,2025-08-19,QS,1,8.990449271106721,8.799560190725327,-0.02123242950659532,2,0.9709251101321585,0.1111111111111111,-0.0023591588340661465,-4.319767839899125
2025-08-18,2025-08-19,2025-08-20,UUUU,1,10.450522309255602,8.429578805160522,-0.19338205730685942,34,0.9832599118942732,0.125,-0.024172757163357428,-44.22004510241059
2025-08-18,2025-08-19,2025-08-20,EOSE,1,6.250312500000001,5.909704347419739,-0.054494579683857736,16,0.9911894273127753,0.125,-0.006811822460482217,-12.461098020243375
2025-08-18,2025-08-19,2025-08-20,NVTS,1,6.7703384809255605,6.37468125,-0.058439800615621595,13,1.0,0.125,-0.007304975076952699,-13.363238839154727
2025-08-18,2025-08-19,2025-08-20,EXK,1,5.570278671669961,5.339733152580261,-0.04138850723254428,9,0.9718061674008811,0.125,-0.005173563404068035,-9.464175125825575
2025-08-18,2025-08-19,2025-08-20,UEC,1,10.470523767042161,9.499525,-0.09273640828728669,8,0.9955947136563876,0.125,-0.011592051035910836,-21.20573239425311
2025-08-18,2025-08-19,2025-08-20,FSLY,1,7.1003549046278005,7.319634171652794,0.030882860078173424,7,0.9805309734513274,0.125,0.003860357509771678,7.061883013175616
2025-08-18,2025-08-19,2025-08-20,FLNC,1,8.08040392370224,7.789610461854934,-0.03598749079786989,4,0.9841409691629955,0.125,-0.0044984363497337365,-8.22914229151675
2025-08-18,2025-08-19,2025-08-20,QS,1,8.800440190744402,7.849607404637337,-0.1080437757087509,3,0.9788546255506607,0.125,-0.013505471963593862,-24.706018238778086
2025-08-19,2025-08-20,2025-08-21,UUUU,1,8.430421805191042,8.719564267015457,0.03429750829862099,35,0.9876651982378855,0.125,0.004287188537327624,7.299602597349337
2025-08-19,2025-08-20,2025-08-21,EOSE,1,5.910295347404481,5.939703057217598,0.004975675170959537,17,0.9947136563876652,0.125,0.0006219593963699421,1.0589822177537949
2025-08-19,2025-08-20,2025-08-21,NVTS,1,6.375318750000001,6.189690557217598,-0.02911669205283307,14,0.9964757709251102,0.125,-0.003639586506604134,-6.196959822402805
2025-08-19,2025-08-20,2025-08-21,EXK,1,5.340267152595521,5.3997300953626635,0.01113482548120115,10,0.9718061674008811,0.125,0.0013918531851501437,2.369845654556647
2025-08-19,2025-08-20,2025-08-21,UEC,1,9.500475000000002,9.379531114435196,-0.012730298807670737,9,0.9797356828193833,0.125,-0.001591287350958842,-2.7094132154563186
2025-08-19,2025-08-20,2025-08-21,FSLY,1,7.320366171669961,7.149642595362663,-0.02332172630489482,8,0.9805309734513274,0.125,-0.0029152157881118523,-4.9636064645758955
2025-08-19,2025-08-20,2025-08-21,FLNC,1,7.790389461851121,7.399630095362664,-0.05015915679209271,5,0.9841409691629955,0.125,-0.006269894599011588,-10.675466801042631
2025-08-19,2025-08-20,2025-08-21,QS,1,7.850392404627801,7.889605366492272,0.0049950320752572,4,0.9920704845814977,0.125,0.00062437900940715,1.0631019837629643
2025-08-20,2025-08-21,2025-08-22,UUUU,1,8.72043626704216,9.65951684741974,0.10768733944272046,36,0.9788546255506608,0.1111111111111111,0.011965259938080052,20.22010464438167
2025-08-20,2025-08-21,2025-08-22,EOSE,1,5.9402970572233205,6.029698709797859,0.015050030615190835,18,0.9947136563876652,0.1111111111111111,0.0016722256239100927,2.8258957414596777
2025-08-20,2025-08-21,2025-08-22,NVTS,1,6.190309557223321,6.199689809274673,0.0015153122739082203,15,0.9982378854625551,0.1111111111111111,0.0001683680304342467,0.2845253017290638
2025-08-20,2025-08-21,2025-08-22,EXK,1,5.400270095372201,5.589720652580262,0.03508168181632465,11,0.9718061674008811,0.1111111111111111,0.003897964646258294,6.587174324278819
2025-08-20,2025-08-21,2025-08-22,UEC,1,9.38046911444664,9.949502309274674,0.06066148589004783,10,0.9797356828193833,0.1111111111111111,0.006740165098894203,11.390211689953352
2025-08-20,2025-08-21,2025-08-22,FSLY,1,7.150357595372201,7.359632133507729,0.029267702397286044,9,0.9805309734513274,0.1111111111111111,0.0032519669330317823,5.495502147571617
2025-08-20,2025-08-21,2025-08-22,FLNC,1,7.4003700953722005,6.899655095362664,-0.0676608052781924,6,0.9841409691629955,0.1111111111111111,-0.007517867253132489,-12.704451332237502
2025-08-20,2025-08-21,2025-08-22,QS,1,7.890394366478921,7.859607133507729,-0.0039018623837088207,5,0.9867841409691629,0.1111111111111111,-0.00043354026485653563,-0.7326401238516451
2025-08-20,2025-08-21,2025-08-22,WULF,1,9.3004651907444,9.269536957740783,-0.0033254501112908175,0,0.9797356828193833,0.1111111111111111,-0.00036949445681009084,-0.6244090492711715
2025-08-21,2025-08-22,2025-08-25,UUUU,1,9.66048284740448,10.7494625,0.11272517841984464,37,0.9806167400881057,0.1111111111111111,0.012525019824427181,21.575078243409827
2025-08-21,2025-08-22,2025-08-25,EOSE,1,6.030301709818841,6.319684171652794,0.04798805694294961,19,0.9903083700440529,0.1111111111111111,0.0053320063269944006,9.18469234475017
2025-08-21,2025-08-22,2025-08-25,NVTS,1,6.200309809255601,6.289685461854935,0.014414707546696715,16,1.0,0.1111111111111111,0.0016016341718551905,2.7589084136778994
2025-08-21,2025-08-22,2025-08-25,EXK,1,5.5902796525955205,5.7597122288703915,0.030308425839878028,12,0.9718061674008811,0.1111111111111111,0.0033676028710975586,5.8008926496836315
2025-08-21,2025-08-22,2025-08-25,UEC,1,9.950497309255601,10.449477309274673,0.05014623736995927,11,0.9797356828193833,0.1111111111111111,0.005571804152217696,9.597758105468735
2025-08-21,2025-08-22,2025-08-25,FSLY,1,7.360368133521081,7.459627038145065,0.0134855896910826,10,0.9805309734513274,0.1111111111111111,0.0014983988545647332,2.581079549592511
2025-08-21,2025-08-22,2025-08-25,FLNC,1,6.9003450953722005,7.669616576290131,0.11148304472972681,7,0.9841409691629955,0.1111111111111111,0.012387004969969645,21.337339595055205
2025-08-21,2025-08-22,2025-08-25,QS,1,7.860393133521081,8.049597690725326,0.024070622676284792,6,0.9832599118942731,0.1111111111111111,0.00267451363069831,4.60700594923179
2025-08-21,2025-08-22,2025-08-25,WULF,1,9.27046395778656,8.989550271129609,-0.030302009471813274,1,0.9894273127753304,0.1111111111111111,-0.0033668899413125857,-5.799664586486251
2025-08-22,2025-08-25,2025-08-26,UUUU,1,10.750537500000002,11.539422961854935,0.07338102507478661,38,0.9823788546255506,0.1111111111111111,0.008153447230531845,14.628927259482829
2025-08-22,2025-08-25,2025-08-26,EOSE,1,6.320316171669961,6.3446825402021405,0.0038552451919096065,20,0.9903083700440529,0.1111111111111111,0.0004283605768788451,0.7685651900125157
2025-08-22,2025-08-25,2025-08-26,NVTS,1,6.29031446185112,6.284685597419739,-0.0008948462696927173,17,0.9973568281938325,0.1111111111111111,-9.94273632991908e-05,-0.17839272447356694
2025-08-22,2025-08-25,2025-08-26,EXK,1,5.76028822889328,5.799710190725326,0.006843748136474703,13,0.9718061674008811,0.1111111111111111,0.0007604164596083003,1.3643403532272165
2025-08-22,2025-08-25,2025-08-26,UEC,1,10.450522309255602,10.479475542259216,0.002770505831844572,12,0.9797356828193833,0.1111111111111111,0.00030783398131606354,0.5523161913413087
2025-08-22,2025-08-25,2025-08-26,FSLY,1,7.460373038148881,7.239637771129608,-0.02958769834839825,11,0.9805309734513274,0.1111111111111111,-0.0032875220387109166,-5.8984769764814695
2025-08-22,2025-08-25,2025-08-26,FLNC,1,7.670383576297761,7.46962629020214,-0.02617304390304287,8,0.9841409691629955,0.1111111111111111,-0.0029081159892269852,-5.217746073002484
2025-08-22,2025-08-25,2025-08-26,QS,1,8.0504026907444,8.109594156694412,0.007352609331960913,7,0.9911894273127753,0.1111111111111111,0.0008169565924401014,1.4657847444217325
2025-08-22,2025-08-25,2025-08-26,WULF,1,8.990449271106721,8.839558152580262,-0.016783490343623808,2,0.9911894273127754,0.1111111111111111,-0.0018648322604026453,-3.3458848407592803
2025-08-25,2025-08-26,2025-08-27,UUUU,1,11.540576961851121,12.079395923709871,0.04668908353888068,39,0.9823788546255506,0.125,0.005836135442360085,10.495361263185663
2025-08-25,2025-08-26,2025-08-27,EOSE,1,6.34531704018116,6.949652309274674,0.0952411463866365,21,0.9903083700440529,0.125,0.011905143298329562,21.409506520197244
2025-08-25,2025-08-26,2025-08-27,NVTS,1,6.2853140974044805,6.119693885564804,-0.026350347695124565,18,0.9947136563876652,0.125,-0.0032937934618905707,-5.92336361112292
2025-08-25,2025-08-26,2025-08-27,EXK,1,5.8002901907444,5.779711209797859,-0.003547922650383839,14,0.9762114537444935,0.125,-0.0004434903312979799,-0.7975468166687912
2025-08-25,2025-08-26,2025-08-27,UEC,1,10.48052354221344,10.789460461854935,0.0294772411318156,13,0.9797356828193833,0.125,0.00368465514147695,6.626266169110105
2025-08-25,2025-08-26,2025-08-27,FLNC,1,7.47037329018116,7.549622690725327,0.010608492703882755,9,0.9859030837004406,0.125,0.0013260615879853443,2.384710834865705
2025-08-25,2025-08-26,2025-08-27,QS,1,8.11040515666008,8.16959157629013,0.007297590994137737,8,0.9814977973568282,0.125,0.0009121988742672171,1.6404445756718302
2025-08-25,2025-08-26,2025-08-27,WULF,1,8.840442152595521,9.259537228870393,0.047406574132926815,3,0.9947136563876652,0.125,0.005925821766615852,10.656647851327426
2025-08-26,2025-08-27,2025-08-28,EOSE,1,6.9503473092556005,7.268636603403092,0.04579473226088049,22,0.986784140969163,0.16666666666666666,0.0076324553768134145,14.079918964105554
2025-08-26,2025-08-27,2025-08-28,NVTS,1,6.1203058855533605,6.139692866492272,0.003167649019744756,19,0.9911894273127753,0.16666666666666666,0.0005279415032907926,0.9739164157715512
2025-08-26,2025-08-27,2025-08-28,EXK,1,5.78028920981884,6.009699728870392,0.039688415358501095,15,0.9832599118942732,0.16666666666666666,0.006614735893083515,12.202488025873077
2025-08-26,2025-08-27,2025-08-28,FLNC,1,7.5503776907444005,7.399630095362664,-0.019965570141812883,10,0.9859030837004406,0.16666666666666666,-0.0033275950236354803,-6.13855777270322
2025-08-26,2025-08-27,2025-08-28,QS,1,8.170408576297762,8.129593614435196,-0.0049954615465582775,9,0.9832599118942731,0.16666666666666666,-0.0008325769244263795,-1.5358904898310592
2025-08-26,2025-08-27,2025-08-28,WULF,1,9.26046322889328,9.279535732984543,0.0020595626395616407,4,0.9982378854625551,0.16666666666666666,0.0003432604399269401,0.6332273087946139
2025-08-27,2025-08-28,2025-08-29,EOSE,1,7.2693635034084325,7.129643614435196,-0.019220374508404414,23,0.9780701754385965,0.14285714285714285,-0.002745767786914916,-5.1202354785421065
2025-08-27,2025-08-28,2025-08-29,NVTS,1,6.14030686647892,6.019698980927467,-0.01964199643015796,20,0.9947368421052631,0.14285714285714285,-0.0028059994900225655,-5.23255397271867
2025-08-27,2025-08-28,2025-08-29,EXK,1,6.010300728893281,5.909704347419739,-0.01673732913062831,16,0.9832599118942732,0.14285714285714285,-0.002391047018661187,-4.458761528980931
2025-08-27,2025-08-28,2025-08-29,FLNC,1,7.4003700953722005,7.6996148092746735,0.040436452507909726,11,0.9771929824561403,0.14285714285714285,0.005776636072558532,10.772118860995604
2025-08-27,2025-08-28,2025-08-29,QS,1,8.13040661444664,8.189590080404281,0.007279275042958,10,0.9832599118942731,0.14285714285714285,0.0010398964347082857,1.939171493080016
2025-08-27,2025-08-28,2025-08-29,WULF,1,9.280463732957841,9.459527038145065,0.01929465060580049,5,0.9956140350877193,0.14285714285714285,0.0027563786579714983,5.140022351525707
2025-08-27,2025-08-28,2025-08-29,VXX,1,35.521776457786565,35.45822608451843,-0.0017890539158045282,0,0.9771929824561404,0.14285714285714285,-0.0002555791308292183,-0.4765972342901803
2025-08-28,2025-08-29,2025-09-02,EOSE,1,7.130356614446641,6.7096645381450655,-0.05900014530117914,24,0.9780701754385965,0.14285714285714285,-0.008428592185882733,-15.738234797857375
2025-08-28,2025-08-29,2025-09-02,NVTS,1,6.020300980925561,5.719713790202141,-0.04992893074213178,21,0.9894736842105263,0.14285714285714285,-0.007132704391733111,-13.318496610718093
2025-08-28,2025-08-29,2025-09-02,EXK,1,5.910295347404481,6.509674728870392,0.10141276302361613,17,0.9832599118942732,0.14285714285714285,0.014487537574802303,27.05176178495346
2025-08-28,2025-08-29,2025-09-02,FLNC,1,7.700384809255601,7.059646942782402,-0.0832085515652482,12,0.9736842105263157,0.14285714285714285,-0.0118869359378926,-22.195805027912826
2025-08-28,2025-08-29,2025-09-02,QS,1,8.19040908036232,7.769611480927467,-0.05137687205926944,11,0.9807017543859649,0.14285714285714285,-0.007339553151324205,-13.704733632784814
2025-08-28,2025-08-29,2025-09-02,WULF,1,9.460473038148882,9.199539809274674,-0.027581414567961704,6,0.9973684210526316,0.14285714285714285,-0.003940202081137386,-7.357317110182608
2025-08-28,2025-08-29,2025-09-02,VXX,1,35.46177208442688,38.208088584518435,0.07744442363323412,1,0.9850877192982457,0.14285714285714285,0.011063489090462016,20.658229173890092
2025-08-29,2025-09-02,2025-09-03,EOSE,1,6.710335538148881,7.669616576290131,0.1429557482912216,25,0.9832599118942731,0.125,0.0178694685364027,32.92697966330894
2025-08-29,2025-09-02,2025-09-03,NVTS,1,5.720285790181161,5.769711480927468,0.008640423321356616,22,0.9876651982378855,0.125,0.001080052915169577,1.9901476252995132
2025-08-29,2025-09-02,2025-09-03,EXK,1,6.510325728893281,6.719663790202141,0.03215477535629341,18,0.9744493392070485,0.125,0.004019346919536676,7.4062053949596605
2025-08-29,2025-09-02,2025-09-03,FLNC,1,7.060352942776681,7.129643614435196,0.009814052104775373,13,0.9736842105263157,0.125,0.0012267565130969216,2.260469396517694
2025-08-29,2025-09-02,2025-09-03,QS,1,7.770388480925561,7.799610190725327,0.0037606497888100776,12,0.9807017543859649,0.125,0.0004700812236012597,0.8661899965346147
2025-08-29,2025-09-02,2025-09-03,WULF,1,9.200459809255602,9.67951630516052,0.0520687558922861,7,0.9973568281938325,0.125,0.0065085944865357626,11.992990046587595
2025-08-29,2025-09-02,2025-09-03,VXX,1,38.211909584426884,37.16813966903687,-0.027315303703518645,2,0.9850877192982457,0.125,-0.0034144129629398307,-6.291530493132996
2025-08-29,2025-09-02,2025-09-03,SBSW,1,7.969133972940953,8.493081374487979,0.06574709414173219,0,0.9753303964757709,0.125,0.008218386767716523,15.143519988551661
2025-09-02,2025-09-03,2025-09-04,EOSE,1,7.670383576297761,7.619618885564804,-0.00661827276667426,26,0.9832599118942731,0.1,-0.0006618272766674261,-1.2633235974055694
2025-09-02,2025-09-03,2025-09-04,NVTS,1,5.770288480925561,5.639717866492272,-0.022628091275662676,23,0.9806167400881057,0.1,-0.0022628091275662676,-4.319344741536963
2025-09-02,2025-09-03,2025-09-04,EXK,1,6.720335790181161,6.299685190725326,-0.06259368766519546,19,0.9744493392070485,0.1,-0.006259368766519547,-11.948145001556316
2025-09-02,2025-09-03,2025-09-04,FLNC,1,7.130356614446641,6.7496625,-0.05339061354593766,14,0.9832599118942731,0.1,-0.005339061354593767,-10.191423706828951
2025-09-02,2025-09-03,2025-09-04,QS,1,7.800390190744401,7.659616847419739,-0.018046961739388134,13,0.9807017543859649,0.1,-0.0018046961739388136,-3.4448795676188584
2025-09-02,2025-09-03,2025-09-04,WULF,1,9.680484305191039,8.99955,-0.07034093375120676,8,0.9903083700440529,0.1,-0.007034093375120676,-13.426971749926222
2025-09-02,2025-09-03,2025-09-04,VXX,1,37.17185666885376,36.238189678382874,-0.025117577493868004,3,0.9850877192982457,0.1,-0.0025117577493868008,-4.7945482871978875
2025-09-02,2025-09-03,2025-09-04,SBSW,1,8.493930725092959,7.958619311358288,-0.06302281370782103,1,0.9753303964757709,0.1,-0.006302281370782104,-12.03005837609113
2025-09-02,2025-09-03,2025-09-04,UEC,1,11.380569114446642,11.659416847419738,0.024502090376053554,0,0.9876651982378855,0.1,0.0024502090376053555,4.677061530872359
2025-09-02,2025-09-03,2025-09-04,UUUU,1,11.330566423702242,11.309434919595718,-0.0018649997993320788,0,0.985022026431718,0.1,-0.0001864999799332079,-0.3559989650950616
2025-09-03,2025-09-04,2025-09-05,EOSE,1,7.62038088555336,7.539622961854935,-0.010597622994347411,27,0.988546255506608,0.1,-0.0010597622994347412,-1.962206408843454
2025-09-03,2025-09-04,2025-09-05,NVTS,1,5.6402818664789205,5.649717595362663,0.0016729179688377283,24,0.9788546255506608,0.1,0.00016729179688377283,0.3097496827046642
2025-09-03,2025-09-04,2025-09-05,EXK,1,6.300315190744401,6.329683423709869,0.004661391069547216,20,0.9744493392070485,0.1,0.0004661391069547216,0.863081413225384
2025-09-03,2025-09-04,2025-09-05,FLNC,1,6.7503375000000005,6.9796510190725325,0.0339706746621975,15,0.9832599118942731,0.1,0.00339706746621975,6.289851561095711
2025-09-03,2025-09-04,2025-09-05,QS,1,7.660382847404481,7.809609442782402,0.01948030514277521,14,0.9797356828193832,0.1,0.0019480305142775213,3.6068823752050663
2025-09-03,2025-09-04,2025-09-05,WULF,1,9.00045,9.07954592370987,0.008787996567934941,9,1.0,0.1,0.0008787996567934941,1.6271444262259374
2025-09-03,2025-09-04,2025-09-05,VXX,1,36.24181367855073,34.55827337322235,-0.04645298163774736,4,0.9850877192982457,0.1,-0.004645298163774736,-8.601017259067733
2025-09-03,2025-09-04,2025-09-05,SBSW,1,7.959415213084512,8.35703667831884,0.04995611544183265,2,0.9753303964757709,0.1,0.004995611544183265,9.249641163228006
2025-09-03,2025-09-04,2025-09-05,UEC,1,11.66058284740448,11.439427580404281,-0.01896605597630363,1,0.9876651982378855,0.1,-0.0018966055976303632,-3.511666399817835
2025-09-03,2025-09-04,2025-09-05,UUUU,1,11.310565919637682,11.229438042259217,-0.007172751386171461,1,0.985022026431718,0.1,-0.0007172751386171462,-1.3280731675861144
2025-09-04,2025-09-05,2025-09-08,EOSE,1,7.540376961851121,7.199639809274673,-0.04518834460138166,28,0.9929515418502202,0.09090909090909091,-0.004108031327398332,-7.633119502328255
2025-09-04,2025-09-05,2025-09-08,NVTS,1,5.6502825953722,5.659716847419739,0.001669695610493127,25,0.9859030837004406,0.09090909090909091,0.00015179051004482973,0.28204144763066374
2025-09-04,2025-09-05,2025-09-08,EXK,1,6.33031642370224,6.139692866492272,-0.03011280075925238,21,0.9744493392070485,0.09090909090909091,-0.0027375273417502162,-5.086590552780429
2025-09-04,2025-09-05,2025-09-08,FLNC,1,6.980349019074441,7.57962092370987,0.08585128093134942,16,0.9832599118942731,0.09090909090909091,0.007804661902849947,14.50181662014033
2025-09-04,2025-09-05,2025-09-08,QS,1,7.810390442776681,10.059497419595719,0.2879634498809325,15,0.9762114537444934,0.09090909090909091,0.026178495443721136,48.64217630969965
2025-09-04,2025-09-05,2025-09-08,WULF,1,9.080453923702242,9.119543885564804,0.004304846672976037,10,1.0,0.09090909090909091,0.0003913496975432761,0.727165586256541
2025-09-04,2025-09-05,2025-09-08,VXX,1,34.56172937335968,35.09824347419739,0.015523358077424554,5,0.9850877192982457,0.09090909090909091,0.0014112143706749595,2.622172782111414
2025-09-04,2025-09-05,2025-09-08,SBSW,1,8.357872423773946,8.774888240904462,0.049894972785695435,3,0.9753303964757709,0.09090909090909091,0.004535906616881404,8.428153170872841
2025-09-04,2025-09-05,2025-09-08,UEC,1,11.440571580362322,11.269436957740783,-0.014958572779291024,2,0.9876651982378855,0.09090909090909091,-0.0013598702526628204,-2.5267704452513127
2025-09-04,2025-09-05,2025-09-08,UUUU,1,11.230561042213441,11.619418885564803,0.034624970372336916,2,0.985022026431718,0.09090909090909091,0.003147724579303356,5.848776691159028
2025-09-04,2025-09-05,2025-09-08,CLSK,1,9.200459809255602,9.259537228870393,0.006421137730025173,0,0.9726872246696036,0.09090909090909091,0.0005837397936386521,1.0846449912372387
2025-09-05,2025-09-08,2025-09-09,EOSE,1,7.200359809255601,6.924653940725326,-0.03829056822630894,29,0.9955947136563876,0.09090909090909091,-0.0034809607478462675,-6.7004814125457415
2025-09-05,2025-09-08,2025-09-09,NVTS,1,5.66028284740448,5.689715557217598,0.005199865555590266,26,0.9859030837004406,0.09090909090909091,0.00047271505050820603,0.9099264940923548
2025-09-05,2025-09-08,2025-09-09,EXK,1,6.14030686647892,6.009699728870392,-0.021270457722811442,22,0.973568281938326,0.09090909090909091,-0.0019336779748010402,-3.722125662008664
2025-09-05,2025-09-08,2025-09-09,FLNC,1,7.5803789237022405,7.2096395381450655,-0.0489077642804836,17,0.9832599118942731,0.09090909090909091,-0.004446160389134873,-8.558388675605675
2025-09-05,2025-09-08,2025-09-09,QS,1,10.060503419637682,9.62451875,-0.043336267724600974,16,0.9753303964757709,0.09090909090909091,-0.003939660702236452,-7.583430328366941
2025-09-05,2025-09-08,2025-09-09,WULF,1,9.12045588555336,9.579520923709872,0.05033356269873113,11,1.0,0.09090909090909091,0.004575778427157375,8.807889694839455
2025-09-05,2025-09-08,2025-09-09,VXX,1,35.101753474044806,34.95825108451843,-0.004088182934578577,6,0.9850877192982457,0.09090909090909091,-0.0003716529940525979,-0.715392720273324
2025-09-05,2025-09-08,2025-09-09,SBSW,1,8.775765773605189,8.473646711788886,-0.034426518392843164,4,0.9753303964757709,0.09090909090909091,-0.0031296834902584695,-6.024309830727884
2025-09-05,2025-09-08,2025-09-09,UEC,1,11.27056395778656,11.719414267015457,0.03982500883807116,3,0.9814977973568282,0.09090909090909091,0.0036204553489155604,6.968993771437919
2025-09-05,2025-09-08,2025-09-09,UUUU,1,11.62058088555336,12.399379618549345,0.06701891589293796,3,0.985022026431718,0.09090909090909091,0.006092628717539814,11.727666133746604
2025-09-05,2025-09-08,2025-09-09,CLSK,1,9.26046322889328,9.344533017015458,0.00907835667009338,1,0.9726872246696036,0.09090909090909091,0.0008253051518266708,1.588625161290406
2025-09-08,2025-09-09,2025-09-10,EOSE,1,6.9253464407444,7.049647690725327,0.01794874105497679,30,0.9894736842105263,0.1,0.0017948741054976793,3.449017960182447
2025-09-08,2025-09-09,2025-09-10,NVTS,1,5.690284557223321,5.959702038145065,0.04734692583690592,27,0.9859030837004406,0.1,0.004734692583690592,9.098153295026519
2025-09-08,2025-09-09,2025-09-10,EXK,1,6.010300728893281,5.909704347419739,-0.01673732913062831,23,0.973568281938326,0.1,-0.001673732913062831,-3.2162338628767153
2025-09-08,2025-09-09,2025-09-10,FLNC,1,7.210360538148881,6.869656385564804,-0.04725202724350119,18,0.9903508771929824,0.1,-0.004725202724350119,-9.079917645403716
2025-09-08,2025-09-09,2025-09-10,QS,1,9.625481250000002,8.599570381450652,-0.10658281304629302,17,0.9753303964757709,0.1,-0.010658281304629303,-20.480881378669373
2025-09-08,2025-09-09,2025-09-10,WULF,1,9.580478923702243,10.539472961854935,0.10009875767067622,12,1.0,0.1,0.010009875767067623,19.23490967643018
2025-09-08,2025-09-09,2025-09-10,VXX,1,34.96174708442688,34.21829022064209,-0.021264865911576614,7,0.9850877192982457,0.1,-0.0021264865911576614,-4.086242273218535
2025-09-08,2025-09-09,2025-09-10,SBSW,1,8.474494118830417,8.473647261119353,-9.993017862652831e-05,5,0.9753303964757709,0.1,-9.993017862652832e-06,-0.019202515641149623
2025-09-08,2025-09-09,2025-09-10,UEC,1,11.720586267042162,12.089395652580261,0.03146680354848619,4,0.9885964912280703,0.1,0.003146680354848619,6.046639720069322
2025-09-08,2025-09-09,2025-09-10,UUUU,1,12.4006196185112,13.079345923709871,0.05473325737574375,4,0.9728070175438597,0.1,0.005473325737574375,10.517505775475273
2025-09-09,2025-09-10,2025-09-11,EOSE,1,7.0503526907444005,6.809659442782402,-0.03413917835315916,31,0.9964912280701754,0.09090909090909091,-0.003103561668469015,-5.999063405551086
2025-09-09,2025-09-10,2025-09-11,NVTS,1,5.96029803814888,5.6697165762901305,-0.04875284088125853,28,0.9859030837004406,0.09090909090909091,-0.004432076443750776,-8.567030542501278
2025-09-09,2025-09-10,2025-09-11,EXK,1,5.910295347404481,5.789710461854935,-0.02040251433500706,24,0.973568281938326,0.09090909090909091,-0.0018547740304551874,-3.5852057088844984
2025-09-09,2025-09-10,2025-09-11,FLNC,1,6.870343385553361,6.759662228870392,-0.016109989045919426,19,0.9850877192982457,0.09090909090909091,-0.0014645444587199478,-2.830907198452267
2025-09-09,2025-09-10,2025-09-11,QS,1,8.6004303814888,8.33958315258026,-0.030329555305740996,18,0.9753303964757709,0.09090909090909091,-0.0027572323005219087,-5.3296222732458185
2025-09-09,2025-09-10,2025-09-11,WULF,1,10.540526961851121,10.449477309274673,-0.008638055090222752,13,0.9947368421052631,0.09090909090909091,-0.0007852777354747956,-1.5179111708789634
2025-09-09,2025-09-10,2025-09-11,VXX,1,34.22171222076416,33.89830652580261,-0.00945030724574103,8,0.9710526315789474,0.09090909090909091,-0.0008591188405219118,-1.660643140929402
2025-09-09,2025-09-10,2025-09-11,SBSW,1,8.47449466821582,8.201557017867977,-0.03220695286664288,6,0.9753303964757709,0.09090909090909091,-0.002927904806058444,-5.659525555883995
2025-09-09,2025-09-10,2025-09-11,UEC,1,12.090604652595522,12.499375,0.03380892512408207,5,0.9885964912280703,0.09090909090909091,0.003073538647643824,5.941030079715692
2025-09-09,2025-09-10,2025-09-11,RUN,1,16.200810762977603,16.174190487098695,-0.0016431446714840758,0,0.9719298245614035,0.09090909090909091,-0.00014937678831673418,-0.2887394935740803
2025-09-09,2025-09-10,2025-09-11,MP,1,63.96319708442689,62.59686847419738,-0.021361168179665158,0,0.9710526315789474,0.09090909090909091,-0.0019419243799695598,-3.7536639283116524
2025-09-10,2025-09-11,2025-09-12,EOSE,1,6.81034044277668,7.239637771129608,0.06303610398922976,32,0.9903508771929824,0.1,0.0063036103989229765,11.973201706812791
2025-09-10,2025-09-11,2025-09-12,NVTS,1,5.670283576297761,6.349682404637337,0.11981743403090395,29,0.9859030837004406,0.1,0.011981743403090396,22.758359334673685
2025-09-10,2025-09-11,2025-09-12,EXK,1,5.7902894618511205,6.239687771129608,0.07761240819467052,25,0.9771929824561403,0.1,0.007761240819467052,14.741853627645728
2025-09-10,2025-09-11,2025-09-12,FLNC,1,6.760338228893281,6.939653057217598,0.02652453505328123,20,0.9824561403508772,0.1,0.002652453505328123,5.038122413571504
2025-09-10,2025-09-11,2025-09-12,QS,1,8.34041715259552,8.879556114435196,0.06464172618415098,19,0.9753303964757709,0.1,0.0064641726184150984,12.278176747910063
2025-09-10,2025-09-11,2025-09-12,WULF,1,10.450522309255602,10.67946630516052,0.021907421383345893,14,0.9947368421052631,0.1,0.0021907421383345893,4.161138752226193
2025-09-10,2025-09-11,2025-09-12,VXX,1,33.9016965259552,33.65831684741974,-0.007178982277454171,9,0.9710526315789474,0.1,-0.0007178982277454172,-1.3635900288551979
2025-09-10,2025-09-11,2025-09-12,SBSW,1,8.2023772145796,8.483363625784774,0.03425670434977368,7,0.9753303964757709,0.1,0.0034256704349773684,6.506785874021832
2025-09-10,2025-09-11,2025-09-12,RUN,1,16.175807987022402,15.979200542259216,-0.012154412621670718,1,0.9719298245614035,0.1,-0.001215441262167072,-2.3086330648220157
2025-09-10,2025-09-11,2025-09-12,MP,1,62.6031284740448,63.39683152580261,0.012678328880750378,1,0.9763157894736842,0.1,0.001267832888075038,2.4081467506378673
2025-09-11,2025-09-12,2025-09-15,EOSE,1,7.240361771106721,8.439577580404281,0.16562926649371756,33,0.9921052631578947,0.1,0.016562926649371756,32.720364376981316
2025-09-11,2025-09-12,2025-09-15,NVTS,1,6.350317404627801,6.229688519072533,-0.01899572538962535,30,0.9859030837004406,0.1,-0.0018995725389625352,-3.7526402761506685
2025-09-11,2025-09-12,2025-09-15,EXK,1,6.240311771106721,6.129693614435196,-0.017726383028440762,26,0.9771929824561403,0.1,-0.0017726383028440762,-3.501879372257678
2025-09-11,2025-09-12,2025-09-15,FLNC,1,6.94034705722332,7.1596418474197385,0.03159709282379208,21,0.986842105263158,0.1,0.0031597092823792087,6.2420634488953315
2025-09-11,2025-09-12,2025-09-15,QS,1,8.880444114446641,10.049497690725326,0.13164359363253886,20,0.9753303964757709,0.1,0.013164359363253886,26.006432575219506
2025-09-11,2025-09-12,2025-09-15,WULF,1,10.68053430519104,10.839458152580262,0.01487976564168525,15,0.9912280701754386,0.1,0.001487976564168525,2.939524903701098
2025-09-11,2025-09-12,2025-09-15,VXX,1,33.661682847404485,33.27833477935791,-0.011388262131289517,10,0.974561403508772,0.1,-0.0011388262131289517,-2.24977200252532
2025-09-11,2025-09-12,2025-09-15,SBSW,1,8.484212004566292,8.405624081644465,-0.00926284289920265,8,0.9753303964757709,0.1,-0.0009262842899202651,-1.8298915478209943
2025-09-11,2025-09-12,2025-09-15,RUN,1,15.980798542213442,16.005200218772888,0.0015269372487856092,2,0.9728070175438597,0.1,0.00015269372487856093,0.3016492448388981
2025-09-11,2025-09-12,2025-09-15,MP,1,63.40317152595521,66.00670163612365,0.04106308955069604,2,0.9728070175438597,0.1,0.0041063089550696045,8.112088406757222
2025-09-12,2025-09-15,2025-09-16,EOSE,1,8.44042158036232,8.324583559274673,-0.01372419848756834,34,0.9982456140350877,0.1,-0.001372419848756834,-2.8004312384060555
2025-09-12,2025-09-15,2025-09-16,NVTS,1,6.230311519074441,6.129693614435196,-0.0161497389546571,31,0.9859030837004406,0.1,-0.00161497389546571,-3.295364279501768
2025-09-12,2025-09-15,2025-09-16,EXK,1,6.13030661444664,6.479676019072532,0.05699052699950946,27,0.9771929824561403,0.1,0.005699052699950947,11.628952484709195
2025-09-12,2025-09-15,2025-09-16,FLNC,1,7.160357847404481,7.57962092370987,0.058553369152823054,22,0.9842105263157894,0.1,0.005855336915282306,11.947851398245138
2025-09-12,2025-09-15,2025-09-16,QS,1,10.050502690744402,10.299485190725326,0.02477313898042266,21,0.9753303964757709,0.1,0.002477313898042266,5.054974418869858
2025-09-12,2025-09-15,2025-09-16,WULF,1,10.840542152595521,10.539472961854935,-0.027772521567890562,16,0.986842105263158,0.1,-0.0027772521567890566,-5.667000301582411
2025-09-12,2025-09-15,2025-09-16,VXX,1,33.281662779235845,34.01829945774078,0.02213340972147937,11,0.9728070175438597,0.1,0.002213340972147937,4.516336021561963
2025-09-12,2025-09-15,2025-09-16,SBSW,1,8.406464686082852,8.677713758421882,0.032266723583350254,9,0.9753303964757709,0.1,0.0032266723583350256,6.584045018416051
2025-09-12,2025-09-15,2025-09-16,RUN,1,16.006800818824768,16.564172284030914,0.03482091590411063,3,0.9947368421052631,0.1,0.003482091590411063,7.105229550280217
2025-09-12,2025-09-15,2025-09-16,MP,1,66.01330263633729,67.17164430160523,0.01754709458560444,3,0.9728070175438597,0.1,0.001754709458560444,3.5804955652094317
2025-09-15,2025-09-16,2025-09-17,EOSE,1,8.3254160592556,8.269586957740783,-0.0067058632406424845,35,1.0,0.1,-0.0006705863240642485,-1.3942571393727272
2025-09-15,2025-09-16,2025-09-17,NVTS,1,6.13030661444664,5.889705366492271,-0.039247832626735146,32,0.9692982456140351,0.1,-0.003924783262673515,-8.160257506159416
2025-09-15,2025-09-16,2025-09-17,EXK,1,6.480324019074441,6.069696671652794,-0.06336524936299326,28,0.9771929824561403,0.1,-0.006336524936299326,-13.17465748138669
2025-09-15,2025-09-16,2025-09-17,FLNC,1,7.5803789237022405,7.499625,-0.01065301939586949,23,0.9912280701754386,0.1,-0.001065301939586949,-2.214934575245545
2025-09-15,2025-09-16,2025-09-17,QS,1,10.3005151907444,9.90950434741974,-0.03796031907957442,22,0.9753303964757709,0.1,-0.0037960319079574424,-7.8925626709459324
2025-09-15,2025-09-16,2025-09-17,WULF,1,10.540526961851121,10.789460461854935,0.023616798373057524,17,0.9833333333333334,0.1,0.0023616798373057527,4.910313342090595
2025-09-15,2025-09-16,2025-09-17,VXX,1,34.02170145778656,34.2482875,0.006660044398266951,12,0.9728070175438597,0.1,0.0006660044398266951,1.3847306629434584
2025-09-15,2025-09-16,2025-09-17,SBSW,1,8.678581573188463,8.269579250667409,-0.04712778454311273,10,0.9753303964757709,0.1,-0.004712778454311273,-9.798626620330408
2025-09-15,2025-09-16,2025-09-17,RUN,1,16.56582878408432,16.244188589191438,-0.019415883085903918,4,0.9903508771929824,0.1,-0.001941588308590392,-4.036875289325776
2025-09-15,2025-09-16,2025-09-17,MP,1,67.17836180191041,67.9966,0.01218008561301831,4,0.9728070175438597,0.1,0.001218008561301831,2.532436274750925
2025-09-16,2025-09-17,2025-09-18,EOSE,1,8.27041395778656,8.774560868549347,0.06095788110921996,36,1.0,0.1,0.006095788110921996,12.44343357092103
2025-09-16,2025-09-17,2025-09-18,NVTS,1,5.890294366478921,6.739662771129608,0.14419795545098024,33,0.9692982456140351,0.1,0.014419795545098025,29.43536827505492
2025-09-16,2025-09-17,2025-09-18,EXK,1,6.0703036716699605,6.459677038145065,0.06414396833099234,29,0.9771929824561403,0.1,0.006414396833099235,13.093814850156285
2025-09-16,2025-09-17,2025-09-18,FLNC,1,7.500375000000001,7.669616576290131,0.022564415284586303,24,0.9807017543859649,0.1,0.0022564415284586302,4.606111589694948
2025-09-16,2025-09-17,2025-09-18,QS,1,9.910495347404481,10.379481114435196,0.047322131799752976,23,0.9753303964757709,0.1,0.0047322131799752976,9.659945404426656
2025-09-16,2025-09-17,2025-09-18,WULF,1,10.790539461851122,11.609419156694413,0.0758886706024624,18,0.9921052631578947,0.1,0.007588867060246241,15.49128044223341
2025-09-16,2025-09-17,2025-09-18,VXX,1,34.251712500000004,32.67836630516052,-0.04593481843687319,13,0.9728070175438597,0.1,-0.00459348184368732,-9.37675082221808
2025-09-16,2025-09-17,2025-09-18,SBSW,1,8.27040624994244,8.531950954080116,0.031624166483901206,11,0.9753303964757709,0.1,0.0031624166483901206,6.455493657548614
2025-09-16,2025-09-17,2025-09-18,RUN,1,16.245813089275362,16.459176084518433,0.013133414380097852,5,0.9903508771929824,0.1,0.0013133414380097853,2.6809457025796855
2025-09-16,2025-09-17,2025-09-18,MP,1,68.00340000000001,68.06659619483948,0.0009293093409956654,5,0.975438596491228,0.1,9.293093409956654e-05,0.18970146010811592
2025-09-17,2025-09-18,2025-09-19,EOSE,1,8.775438368511201,9.224539131450655,0.05117701749817494,37,1.0,0.09090909090909091,0.004652456136197722,9.891102959766323
2025-09-17,2025-09-18,2025-09-19,NVTS,1,6.740336771106721,6.689665557217598,-0.0075176086314160395,34,0.9692982456140351,0.09090909090909091,-0.0006834189664923672,-1.4529459632385917
2025-09-17,2025-09-18,2025-09-19,EXK,1,6.46032303814888,6.179690828347206,-0.04343934632130808,30,0.9771929824561403,0.09090909090909091,-0.00394903148375528,-8.395624988977273
2025-09-17,2025-09-18,2025-09-19,FLNC,1,7.670383576297761,8.049597690725326,0.04943874196844256,25,0.9807017543859649,0.09090909090909091,0.004494431088040232,9.555142345460526
2025-09-17,2025-09-18,2025-09-19,QS,1,10.380519114446642,12.179391305160522,0.1732930859122812,24,0.9753303964757709,0.09090909090909091,0.015753916901116473,33.492763720260385
2025-09-17,2025-09-18,2025-09-19,WULF,1,11.610580156660081,11.219439267015456,-0.033688315688536696,19,0.9894736842105263,0.09090909090909091,-0.003062574153503336,-6.511020284218606
2025-09-17,2025-09-18,2025-09-19,VXX,1,32.68163430519105,32.87835706806183,0.006019367361917327,14,0.9728070175438597,0.09090909090909091,0.000547215214719757,1.1633773369365363
2025-09-17,2025-09-18,2025-09-19,SBSW,1,8.532804191837412,8.716583779401127,0.021538005962860485,12,0.9753303964757709,0.09090909090909091,0.0019580005420782257,4.16270124640052
2025-09-17,2025-09-18,2025-09-19,RUN,1,16.46082208442688,16.409179347419737,-0.003137312142872939,6,0.9903508771929824,0.09090909090909091,-0.00028521019480663083,-0.60635572253088
2025-09-17,2025-09-18,2025-09-19,MP,1,68.07340319480896,72.99635,0.07231821202038047,6,0.9815789473684211,0.09090909090909091,0.006574382910943679,13.977111522477895
2025-09-17,2025-09-18,2025-09-19,UEC,1,11.9505973092556,12.109394156694412,0.01328777493956923,0,0.9763157894736842,0.09090909090909091,0.0012079795399608391,2.568159624350306
2025-09-18,2025-09-19,2025-09-22,EOSE,1,9.225461631488804,10.459477038145065,0.1337619141403461,38,1.0,0.125,0.016720239267543263,36.512556216918405
2025-09-18,2025-09-19,2025-09-22,EXK,1,6.18030882833004,7.049647690725327,0.1406626896070804,31,0.9710526315789474,0.125,0.01758283620088505,38.396238532537026
2025-09-18,2025-09-19,2025-09-22,FLNC,1,8.0504026907444,9.509524728870392,0.18124832932935808,26,0.9736842105263159,0.125,0.02265604116616976,49.47476908051074
2025-09-18,2025-09-19,2025-09-22,WULF,1,11.22056126704216,10.979450542259217,-0.021488294484087178,20,0.9921052631578947,0.125,-0.0026860368105108973,-5.865590107605054
2025-09-18,2025-09-19,2025-09-22,VXX,1,32.881645068168645,33.498325,0.018754534043320614,15,0.9728070175438597,0.125,0.0023443167554150768,5.1193643794628345
2025-09-18,2025-09-19,2025-09-22,SBSW,1,8.717455481364166,9.62030981745727,0.10356856287057514,13,0.9753303964757709,0.125,0.012946070358821893,28.270774969245952
2025-09-18,2025-09-19,2025-09-22,RUN,1,16.41082034740448,16.529174186611176,0.007211939238943144,7,0.9929824561403509,0.125,0.000901492404867893,1.9686196821213484
2025-09-18,2025-09-19,2025-09-22,UEC,1,12.110605156660082,12.399379618549345,0.023844759048267328,1,0.9763157894736842,0.125,0.002980594881033416,6.508826603028767
2025-09-19,2025-09-22,2025-09-23,EOSE,1,10.460523038148882,10.299485190725326,-0.015394817910754588,39,1.0,0.14285714285714285,-0.0021992597015363696,-5.154607455856516
2025-09-19,2025-09-22,2025-09-23,EXK,1,7.0503526907444005,7.9296033283472065,0.12471016361452003,32,0.9710526315789474,0.14285714285714285,0.017815737659217148,41.756384707832
2025-09-19,2025-09-22,2025-09-23,WULF,1,10.980548542213441,11.549422690725327,0.05180744352842814,21,0.9903508771929824,0.14285714285714285,0.00740106336120402,17.34655364088107
2025-09-19,2025-09-22,2025-09-23,VXX,1,33.501675000000006,33.67831630516052,0.005272611150353379,16,0.9701754385964912,0.14285714285714285,0.0007532301643361969,1.765414888633234
2025-09-19,2025-09-22,2025-09-23,SBSW,1,9.621271896542972,10.047879214453811,0.044340012682119845,14,0.9753303964757709,0.14285714285714285,0.0063342875260171206,14.846252894252299
2025-09-19,2025-09-22,2025-09-23,RUN,1,16.530827186679844,17.769111957740783,0.07490761091850984,8,0.9929824561403509,0.14285714285714285,0.010701087274072834,25.081123529964756
2025-09-19,2025-09-22,2025-09-23,UEC,1,12.4006196185112,13.32933342370987,0.07489253229026716,2,0.9640350877192982,0.14285714285714285,0.010698933184323878,25.076074791485716
2025-09-22,2025-09-23,2025-09-24,WULF,1,11.5505776907444,11.369431385564804,-0.015682878383195598,22,0.9780701754385965,0.14285714285714285,-0.0022404111975993708,-5.52125161313343
2025-09-22,2025-09-23,2025-09-24,VXX,1,33.68168430519104,33.988302178382874,0.009103400839861608,17,0.9798245614035088,0.14285714285714285,0.001300485834265944,3.2049069911772494
2025-09-22,2025-09-23,2025-09-24,SBSW,1,10.048884052617167,10.01872723500191,-0.003001011600626713,15,0.9753303964757709,0.14285714285714285,-0.00042871594294667325,-1.0565241747169725
2025-09-22,2025-09-23,2025-09-24,RUN,1,17.77088895778656,16.729163042259216,-0.05861979769283843,9,0.9833333333333334,0.14285714285714285,-0.008374256813262633,-20.637452173316575
2025-09-22,2025-09-23,2025-09-24,UEC,1,13.330666423702244,13.549322690725326,0.016402500825788202,3,0.9640350877192982,0.14285714285714285,0.0023432144036840286,5.774599020090867
2025-09-22,2025-09-23,2025-09-24,EOSE,1,10.3005151907444,10.269486957740783,-0.0030122991354353257,0,1.0,0.14285714285714285,-0.0004303284479193322,-1.0604980192018683
2025-09-22,2025-09-23,2025-09-24,PM,1,157.5155162911344,159.1246922795586,0.010215983963446362,0,0.962280701754386,0.14285714285714285,0.0014594262804923375,3.5965985681787966
2025-09-23,2025-09-24,2025-09-25,WULF,1,11.37056838555336,11.109444156694412,-0.02296492312475029,23,0.993859649122807,0.125,-0.0028706153905937865,-7.027839396458246
2025-09-23,2025-09-24,2025-09-25,VXX,1,33.99170117855073,34.508272821617126,0.01519699294698329,18,0.9798245614035088,0.125,0.0018996241183729112,4.650658970654341
2025-09-23,2025-09-24,2025-09-25,SBSW,1,10.019729157821551,10.203358360547941,0.01832676311245862,16,0.9753303964757709,0.125,0.0022908453890573277,5.608446721621452
2025-09-23,2025-09-24,2025-09-25,RUN,1,16.730836042213443,15.719214267015458,-0.06046450832735262,10,0.9929824561403509,0.125,-0.007558063540919077,-18.50364799403468
2025-09-23,2025-09-24,2025-09-25,UEC,1,13.5506776907444,13.079345923709871,-0.03478289261919831,4,0.9719298245614036,0.125,-0.004347861577399789,-10.64443289202766
2025-09-23,2025-09-24,2025-09-25,EOSE,1,10.27051395778656,10.119493885564804,-0.014704237085161775,1,1.0,0.125,-0.001838029635645222,-4.499863383848621
2025-09-23,2025-09-24,2025-09-25,PM,1,159.1406055444498,160.00039005110585,0.005402672081801896,1,0.962280701754386,0.125,0.000675334010225237,1.6533524408671543
2025-09-23,2025-09-24,2025-09-25,EXK,1,7.7303865190744405,7.609619633507728,-0.015622360572621341,0,0.9701754385964914,0.125,-0.0019527950715776676,-4.780832076011492
2025-09-24,2025-09-25,2025-09-26,WULF,1,11.110555156660082,11.039447961854934,-0.006399967760613912,24,0.9885964912280703,0.14285714285714285,-0.0009142811086591302,-2.2075619203943426
2025-09-24,2025-09-25,2025-09-26,VXX,1,34.51172382144928,33.91830216903686,-0.01719478445882794,19,0.9780701754385965,0.14285714285714285,-0.0024563977798325626,-5.931053533472153
2025-09-24,2025-09-25,2025-09-26,SBSW,1,10.20437874740334,10.39770830789354,0.018945745280122717,17,0.9753303964757709,0.14285714285714285,0.002706535040017531,6.535018206072626
2025-09-24,2025-09-25,2025-09-26,RUN,1,15.720786267042161,16.979150542259216,0.08004461442587973,11,0.9903508771929824,0.14285714285714285,0.011434944917982819,27.610052010991637
2025-09-24,2025-09-25,2025-09-26,EOSE,1,10.120505885553362,10.499475,0.03744566909324187,2,1.0,0.14285714285714285,0.0053493812990345535,12.916257747835699
2025-09-24,2025-09-25,2025-09-26,PM,1,160.01639089015293,160.20471049876784,0.0011768769909588084,2,0.962280701754386,0.14285714285714285,0.0001681252844226869,0.40594404962748265
2025-09-24,2025-09-25,2025-09-26,EXK,1,7.610380633521081,7.719613790202141,0.014353179156365137,1,0.9736842105263159,0.14285714285714285,0.0020504541651950193,4.950889274346917
2025-09-25,2025-09-26,2025-09-29,WULF,1,11.04055196185112,11.059447419595719,0.0017114595184994918,25,0.9956140350877193,0.16666666666666666,0.0002852432530832486,0.7013252566583534
2025-09-25,2025-09-26,2025-09-29,VXX,1,33.92169416885376,32.71836522064209,-0.03547372788109571,20,0.9666666666666667,0.16666666666666666,-0.005912287980182618,-14.536494168819234
2025-09-25,2025-09-26,2025-09-29,RUN,1,16.98084854221344,17.7491125,0.045242966267362794,12,0.9912280701754386,0.16666666666666666,0.007540494377893799,18.539751940649165
2025-09-25,2025-09-26,2025-09-29,EOSE,1,10.500525000000001,10.432477960920336,-0.00648034637122108,3,1.0,0.16666666666666666,-0.0010800577285368465,-2.6555291158836734
2025-09-25,2025-09-26,2025-09-29,PM,1,160.22073177088134,160.087974671941,-0.000828588769212435,3,0.962280701754386,0.16666666666666666,-0.00013809812820207248,-0.3395407399069677
2025-09-25,2025-09-26,2025-09-29,EXK,1,7.720385790181161,7.9996,0.03616583645003146,2,0.974561403508772,0.16666666666666666,0.006027639408338577,14.820107783104355
2025-09-26,2025-09-29,2025-09-30,WULF,1,11.060553419637682,11.689415080404281,0.056856256365081626,26,0.993859649122807,0.14285714285714285,0.008122322337868804,20.103547988960713
2025-09-26,2025-09-29,2025-09-30,VXX,1,32.721637220764165,33.498325,0.023736213869609557,21,0.974561403508772,0.14285714285714285,0.0033908876956585078,8.39278111347818
2025-09-26,2025-09-29,2025-09-30,RUN,1,17.7508875,17.779111686611177,0.0015900155195720522,13,0.9894736842105263,0.14285714285714285,0.00022714507422457887,0.5622064368019205
2025-09-26,2025-09-29,2025-09-30,EOSE,1,10.433521260881427,10.99945,0.05424139415332552,4,1.0,0.14285714285714285,0.007748770593332216,19.17897061930393
2025-09-26,2025-09-29,2025-09-30,PM,1,160.10398426988812,158.50195733477224,-0.010006165320753824,4,0.962280701754386,0.14285714285714285,-0.0014294521886791176,-3.5380349951213352
2025-09-26,2025-09-29,2025-09-30,EXK,1,8.0004,7.499625,-0.06259374531273443,3,0.974561403508772,0.14285714285714285,-0.008941963616104918,-22.13224090279998
2025-09-26,2025-09-29,2025-09-30,UEC,1,14.010700728893282,13.279335732984542,-0.05220045806848883,0,0.9701754385964914,0.14285714285714285,-0.007457208295498404,-18.457325207751392
2025-09-29,2025-09-30,2025-10-01,VXX,1,33.501675000000006,33.443327444839476,-0.001741630982944331,22,0.9692982456140351,0.16666666666666666,-0.0002902718304907218,-0.7196084448368434
2025-09-29,2025-09-30,2025-10-01,RUN,1,17.780889686679842,18.509074728870395,0.040953239968417154,14,0.9842105263157894,0.16666666666666666,0.006825539994736192,16.9210915591783
2025-09-29,2025-09-30,2025-10-01,EOSE,1,11.00055,11.369431385564804,0.03353299476524385,5,1.0,0.16666666666666666,0.005588832460873975,13.855188871838324
2025-09-29,2025-09-30,2025-10-01,PM,1,158.51780832305514,158.47275810016646,-0.0002841966045661337,5,0.9535087719298245,0.16666666666666666,-4.736610076102228e-05,-0.11742457423099469
2025-09-29,2025-09-30,2025-10-01,EXK,1,7.500375000000001,7.949602309274674,0.05989397987096279,4,0.974561403508772,0.16666666666666666,0.009982329978493798,24.74704121143347
2025-09-29,2025-09-30,2025-10-01,UEC,1,13.28066373295784,13.299335190725326,0.0014059129982448848,1,0.9728070175438597,0.16666666666666666,0.00023431883304081413,0.5808962266694145
2025-09-30,2025-10-01,2025-10-02,VXX,1,33.44667194480896,32.798359237098694,-0.019383474349258467,23,0.9692982456140351,0.14285714285714285,-0.0027690677641797807,-7.01744878414925
2025-09-30,2025-10-01,2025-10-02,RUN,1,18.510925728893284,18.729063042259217,0.011784246588243175,15,0.993859649122807,0.14285714285714285,0.0016834637983204534,4.266280925841636
2025-09-30,2025-10-01,2025-10-02,EOSE,1,11.37056838555336,12.954352173709871,0.13928800517736262,6,0.9894736842105263,0.14285714285714285,0.019898286453908943,50.42679268775419
2025-09-30,2025-10-01,2025-10-02,PM,1,158.4886061683799,156.20567463291314,-0.014404389000943985,6,0.9535087719298245,0.14285714285714285,-0.002057769857277712,-5.214857783478543
2025-09-30,2025-10-01,2025-10-02,EXK,1,7.9503973092556,7.909604347419739,-0.005130933744452171,5,0.9754385964912282,0.14285714285714285,-0.0007329905349217386,-1.8575650638160073
2025-09-30,2025-10-01,2025-10-02,UEC,1,13.300665190744402,13.359331656694412,0.004410791874592368,2,0.9728070175438597,0.14285714285714285,0.0006301131249417669,1.5968502611957038
2025-09-30,2025-10-01,2025-10-02,WULF,1,11.530576232957841,11.849407881450654,0.027650972687860653,0,0.9842105263157894,0.14285714285714285,0.003950138955408664,10.010552348495512
2025-10-01,2025-10-02,2025-10-03,VXX,1,32.80163923702241,33.1983407629013,0.012093954299428722,24,0.9692982456140351,0.125,0.0015117442874285902,3.909842078423723
2025-10-01,2025-10-02,2025-10-03,RUN,1,18.730936042213443,19.12904266080856,0.021253962839759666,16,0.9859649122807017,0.125,0.0026567453549699582,6.871171842287501
2025-10-01,2025-10-02,2025-10-03,EOSE,1,12.955647673702243,12.469376767015458,-0.03753350808341538,7,0.9921052631578947,0.125,-0.004691688510426922,-12.13416932312423
2025-10-01,2025-10-02,2025-10-03,PM,1,156.2212959814439,153.01811458135577,-0.02050412768607801,7,0.9535087719298245,0.125,-0.0025630159607597514,-6.628758404700398
2025-10-01,2025-10-02,2025-10-03,EXK,1,7.910395347404481,7.739612771129608,-0.021589638542011458,6,0.9754385964912282,0.125,-0.0026987048177514322,-6.979692095702919
2025-10-01,2025-10-02,2025-10-03,UEC,1,13.360667656660082,13.189340080404282,-0.012823279543997645,3,0.9833333333333334,0.125,-0.0016029099429997057,-4.145624888534635
2025-10-01,2025-10-02,2025-10-03,WULF,1,11.850592881488803,11.80940991959572,-0.003475181563060259,1,0.9850877192982457,0.125,-0.00043439769538253237,-1.123487882375837
2025-10-01,2025-10-02,2025-10-03,CDE,1,19.22096031332016,18.969050813388822,-0.013105978880605829,0,0.9894736842105263,0.125,-0.0016382473600757286,-4.237018467048931
2025-10-02,2025-10-03,2025-10-06,VXX,1,33.2016607629776,33.08834565258026,-0.003412935009675766,25,0.9692982456140351,0.125,-0.00042661687620947075,-1.0928707401903242
2025-10-02,2025-10-03,2025-10-06,RUN,1,19.13095566072464,19.354031792259217,0.01166048029647282,17,0.9833333333333334,0.125,0.0014575600370591024,3.733853031614447
2025-10-02,2025-10-03,2025-10-06,EOSE,1,12.470623767042161,14.434278669595718,0.15746244448037783,8,1.0,0.125,0.01968280556004723,50.42173313103808
2025-10-02,2025-10-03,2025-10-06,PM,1,153.03341715794275,149.42346315478386,-0.02358931839987033,8,0.9535087719298245,0.125,-0.002948664799983791,-7.553638081933669
2025-10-02,2025-10-03,2025-10-06,EXK,1,7.740386771106721,7.8396081525802614,0.012818659378096342,7,0.9780701754385965,0.125,0.0016023324222620428,4.104718584758132
2025-10-02,2025-10-03,2025-10-06,UEC,1,13.190659080362321,13.399329618549345,0.01581956875056245,4,0.9833333333333334,0.125,0.0019774460938203064,5.065652806427558
2025-10-02,2025-10-03,2025-10-06,WULF,1,11.810590919637681,12.389380843305588,0.04900600889541806,2,0.9807017543859649,0.125,0.006125751111927258,15.692426918025951
2025-10-02,2025-10-03,2025-10-06,CDE,1,18.97094781332016,19.13904238967896,0.008860631425108734,1,0.9921052631578947,0.125,0.0011075789281385917,2.8373012661123536
2025-10-03,2025-10-06,2025-10-07,VXX,1,33.09165465259552,32.99835,-0.0028195825677215236,26,0.9692982456140351,0.1,-0.0002819582567721524,-0.7429385543882778
2025-10-03,2025-10-06,2025-10-07,RUN,1,19.355967292213442,19.499025,0.007390883939141002,18,0.9833333333333334,0.1,0.0007390883939141003,1.9474416859635206
2025-10-03,2025-10-06,2025-10-07,EOSE,1,14.435722169637682,14.199289809274674,-0.016378284202524407,9,0.9947368421052631,0.1,-0.0016378284202524407,-4.315553276603188
2025-10-03,2025-10-06,2025-10-07,PM,1,149.43840624825404,150.75918998082557,0.008838315167637667,9,0.9535087719298245,0.1,0.0008838315167637667,2.3288288021935455
2025-10-03,2025-10-06,2025-10-07,EXK,1,7.840392152595521,7.899605095362664,0.007552293509648145,8,0.975438596491228,0.1,0.0007552293509648146,1.9899718797410746
2025-10-03,2025-10-06,2025-10-07,UEC,1,13.4006696185112,13.219339267015457,-0.013531439596515371,5,0.9833333333333334,0.1,-0.0013531439596515373,-3.565431382543687
2025-10-03,2025-10-06,2025-10-07,WULF,1,12.390619843339922,12.159391847419739,-0.018661535810451824,3,0.9754385964912281,0.1,-0.0018661535810451824,-4.91717270364805
2025-10-03,2025-10-06,2025-10-07,CDE,1,19.140956389617926,19.329033423709866,0.00982589533477829,2,0.9885964912280701,0.1,0.000982589533477829,2.5890486624372175
2025-10-03,2025-10-06,2025-10-07,IAG,1,13.560678419637682,13.81930869483948,0.019072074950709395,0,0.9780701754385965,0.1,0.0019072074950709395,5.025346643604431
2025-10-03,2025-10-06,2025-10-07,MP,1,73.3036680519104,75.89620652580261,0.03536710430447054,0,0.9763157894736842,0.1,0.0035367104304470545,9.318962900985666
2025-10-06,2025-10-07,2025-10-08,VXX,1,33.001650000000005,33.608320110321046,0.018383023585822,27,0.9692982456140351,0.1111111111111111,0.0020425581762024444,5.401175249630963
2025-10-06,2025-10-07,2025-10-08,RUN,1,19.500975,19.45902608451843,-0.002151118879008318,19,0.9833333333333334,0.1111111111111111,-0.00023901320877870198,-0.6320271523382317
2025-10-06,2025-10-07,2025-10-08,EOSE,1,14.200709809255601,13.549322690725326,-0.045870039405052854,10,0.9947368421052631,0.1111111111111111,-0.005096671045005872,-13.477223720979639
2025-10-06,2025-10-07,2025-10-08,PM,1,150.7742666536573,151.70204335393336,0.006153415439302146,10,0.9535087719298245,0.1111111111111111,0.0006837128265891273,1.8079547695890992
2025-10-06,2025-10-07,2025-10-08,UEC,1,13.22066126704216,13.57932092370987,0.027128722945335193,6,0.9675438596491228,0.1111111111111111,0.003014302549481688,7.970777290382727
2025-10-06,2025-10-07,2025-10-08,CDE,1,19.33096642370224,19.36903233919144,0.0019691677412736475,3,0.9947368421052631,0.1111111111111111,0.00021879641569707192,0.578567503701723
2025-10-06,2025-10-07,2025-10-08,IAG,1,13.820690694808963,13.499325,-0.023252506108805915,1,0.9666666666666667,0.1111111111111111,-0.002583611789867324,-6.831893562038285
2025-10-06,2025-10-07,2025-10-08,MP,1,75.90379652595522,75.23623586387635,-0.008794825721933353,1,0.9763157894736842,0.1111111111111111,-0.0009772028579925947,-2.5840360152048465
2025-10-06,2025-10-07,2025-10-08,EQX,1,11.20008351106302,11.828342657431525,0.05609414838272708,0,0.9719298245614036,0.1111111111111111,0.0062326831536363425,16.481202043802128
2025-10-07,2025-10-08,2025-10-09,VXX,1,33.61168111038209,32.99835,-0.018247558292841082,28,0.9692982456140351,0.125,-0.0022809447866051352,-6.050518029347404
2025-10-07,2025-10-08,2025-10-09,EOSE,1,13.5506776907444,15.049247690725327,0.11059004089548252,11,0.9921052631578947,0.125,0.013823755111935315,36.66940121884126
2025-10-07,2025-10-08,2025-10-09,PM,1,151.71721431681692,152.50740612263237,0.005208320027319857,11,0.9535087719298245,0.125,0.0006510400034149821,1.726972656953956
2025-10-07,2025-10-08,2025-10-09,UEC,1,13.580678923702242,14.219289267015457,0.047023447568490306,7,0.9719298245614035,0.125,0.005877930946061288,15.59201580558013
2025-10-07,2025-10-08,2025-10-09,CDE,1,19.370969339275362,21.678916305160524,0.11914462954653038,4,0.9894736842105263,0.125,0.014893078693316297,39.50592827830665
2025-10-07,2025-10-08,2025-10-09,IAG,1,13.500675000000001,13.389330843305588,-0.008247302945549984,2,0.9824561403508771,0.125,-0.001030912868193748,-2.734637388998898
2025-10-07,2025-10-08,2025-10-09,EQX,1,11.82952555084194,12.207969421247036,0.031991466502911514,1,0.9719298245614036,0.125,0.003998933312863939,10.607717578141369
2025-10-07,2025-10-08,2025-10-09,EXK,1,8.01040072889328,8.589570652580262,0.07230224096004734,0,0.9649122807017544,0.125,0.009037780120005917,23.97394793705711
2025-10-08,2025-10-09,2025-10-10,VXX,1,33.001650000000005,33.2483375,0.007475005037626659,29,0.9692982456140351,0.125,0.0009343756297033323,2.589649818449847
2025-10-08,2025-10-09,2025-10-10,EOSE,1,15.050752690744401,14.689265080404281,-0.02401790912174251,12,0.9736842105263157,0.125,-0.0030022386402178136,-8.320793589245994
2025-10-08,2025-10-09,2025-10-10,PM,1,152.52265762581982,154.5600752859572,0.013358131125250416,12,0.9535087719298245,0.125,0.001669766390656302,4.627807161226658
2025-10-08,2025-10-09,2025-10-10,UEC,1,14.220711267042162,13.919304076290128,-0.021194944830261297,8,0.9771929824561404,0.125,-0.002649368103782662,-7.342802413571038
2025-10-08,2025-10-09,2025-10-10,CDE,1,21.681084305191042,20.488975271129608,-0.054983829096407866,5,0.9894736842105263,0.125,-0.006872978637050983,-19.048664491923745
2025-10-08,2025-10-09,2025-10-10,IAG,1,13.390669843339921,12.699364809274673,-0.051625873996817284,3,0.9947368421052631,0.125,-0.0064532342496021605,-17.885330451311717
2025-10-08,2025-10-09,2025-10-10,EQX,1,12.209190279232061,11.74842187208019,-0.03773947302104397,2,0.9798245614035088,0.125,-0.004717434127630496,-13.074508841852191
2025-10-08,2025-10-09,2025-10-10,EXK,1,8.590429652595521,7.739612771129608,-0.09904241299605376,1,0.9815789473684211,0.125,-0.01238030162450672,-34.31237377674068
2025-10-09,2025-10-10,2025-10-13,VXX,1,33.2516625,35.358232610321046,0.06335232442350947,30,0.9692982456140351,0.125,0.007919040552938683,21.213230404472675
2025-10-09,2025-10-10,2025-10-13,EOSE,1,14.690734080362322,15.103244891548156,0.02807965952751501,13,0.9736842105263157,0.125,0.0035099574409393763,9.402343049867294
2025-10-09,2025-10-10,2025-10-13,PM,1,154.57553206632483,155.66990398089385,0.007079852159910027,13,0.9535087719298245,0.125,0.0008849815199887534,2.3706554805121263
2025-10-09,2025-10-10,2025-10-13,UEC,1,13.92069607629776,15.899204618549346,0.14212712722177145,9,0.9657894736842105,0.125,0.017765890902721432,47.590605773612445
2025-10-09,2025-10-10,2025-10-13,CDE,1,20.49102427110672,20.83895815258026,0.016979818913403166,6,0.9789473684210526,0.125,0.002122477364175396,5.685613181741103
2025-10-09,2025-10-10,2025-10-13,IAG,1,12.700634809255602,13.17934130516052,0.03769154086345816,4,0.993859649122807,0.125,0.00471144260793227,12.620836692448586
2025-10-09,2025-10-10,2025-10-13,EQX,1,11.749596773012446,12.038136503271488,0.02455741552950874,3,0.9798245614035088,0.125,0.0030696769411885927,8.222936072295518
2025-10-09,2025-10-10,2025-10-13,EXK,1,7.740386771106721,8.019599457740783,0.036072187978552606,2,0.9798245614035088,0.125,0.004509023497319076,12.078603930411184
2025-10-10,2025-10-13,2025-10-14,EOSE,1,15.104755291557314,16.609170110321045,0.09959875481098401,14,0.9982456140350877,0.125,0.012449844351373002,34.83401110810611
2025-10-10,2025-10-13,2025-10-14,PM,1,155.6854717496804,155.60115006713505,-0.0005416156151096807,14,0.9535087719298245,0.125,-6.770195188871009e-05,-0.18942650828174487
2025-10-10,2025-10-13,2025-10-14,UEC,1,15.900794618511199,15.199239809274674,-0.04412073899877911,10,0.9947368421052631,0.125,-0.0055150923748473885,-15.430939024268085
2025-10-10,2025-10-13,2025-10-14,CDE,1,20.841042152595524,20.698965762901306,-0.006817144202960312,7,0.9780701754385965,0.125,-0.000852143025370039,-2.38425146320496
2025-10-10,2025-10-13,2025-10-14,IAG,1,13.180659305191039,13.279335732984542,0.007486456140675779,5,0.993859649122807,0.125,0.0009358070175844724,2.618338922605581
2025-10-10,2025-10-13,2025-10-14,EQX,1,12.03934037711551,11.728440728830291,-0.02582364469702836,4,0.9701754385964914,0.125,-0.003227955587128545,-9.031650324697308
2025-10-10,2025-10-13,2025-10-14,EXK,1,8.02040145778656,8.139593343305588,0.014861087209457668,3,0.9798245614035088,0.125,0.0018576359011822086,5.1975677599103065
2025-10-10,2025-10-13,2025-10-14,NVTS,1,8.6004303814888,12.449377309274674,0.4475295720165564,0,0.9736842105263158,0.125,0.05594119650206955,156.52053193250842
2025-10-13,2025-10-14,2025-10-15,PM,1,155.61671096018642,155.02169240755555,-0.003823616043286737,15,0.9535087719298245,0.125,-0.00047795200541084215,-1.419422776697415
2025-10-13,2025-10-14,2025-10-15,UEC,1,15.2007598092556,16.83915815258026,0.10778397684614771,11,0.9973684210526316,0.125,0.013472997105768464,40.01213248570312
2025-10-13,2025-10-14,2025-10-15,CDE,1,20.701035762977604,21.58892065258026,0.04289084371278551,8,0.9780701754385965,0.125,0.005361355464098189,15.922163676603079
2025-10-13,2025-10-14,2025-10-15,IAG,1,13.28066373295784,13.879306114435195,0.04507623967556218,6,0.987719298245614,0.125,0.0056345299594452725,16.733437813585027
2025-10-13,2025-10-14,2025-10-15,EQX,1,11.729613631548311,12.138037653646991,0.03481990412712066,5,0.9701754385964914,0.125,0.0043524880158900825,12.926027205904004
2025-10-13,2025-10-14,2025-10-15,EXK,1,8.140407343339922,8.919554076290131,0.095713482149965,4,0.9815789473684211,0.125,0.011964185268745625,35.53126021615389
2025-10-13,2025-10-14,2025-10-15,NVTS,1,12.450622309255602,13.119343885564804,0.053709891738671134,1,0.9947368421052631,0.125,0.006713736467333892,19.93846735779716
2025-10-13,2025-10-14,2025-10-15,SATS,1,74.00370000000001,76.3761782535553,0.03205891399423666,0,0.9833333333333334,0.125,0.0040073642492795825,11.901077985980857
2025-10-14,2025-10-15,2025-10-16,PM,1,155.03719535194352,155.85651857929503,0.005284688138814664,16,0.9535087719298245,0.1111111111111111,0.0005871875709794071,1.8326418094395567
2025-10-14,2025-10-15,2025-10-16,UEC,1,16.84084215259552,16.949153262901305,0.006431454515419821,12,0.9956140350877193,0.1111111111111111,0.000714606057268869,2.2303212849776353
2025-10-14,2025-10-15,2025-10-16,CDE,1,21.59107965259552,22.66886657629013,0.04991815791689902,9,0.9885964912280701,0.1111111111111111,0.005546461990766557,17.31078558388394
2025-10-14,2025-10-15,2025-10-16,IAG,1,13.88069411444664,14.649267118549345,0.0553699258672371,7,0.9842105263157894,0.1111111111111111,0.006152213985248567,19.20136788859363
2025-10-14,2025-10-15,2025-10-16,EQX,1,12.139251518105581,12.797387897283814,0.05421556495444779,6,0.9701754385964914,0.1111111111111111,0.00602395166160531,18.80105475442352
2025-10-14,2025-10-15,2025-10-16,EXK,1,8.920446076297761,9.689515080404282,0.08621418677144299,5,0.9894736842105263,0.1111111111111111,0.009579354085715888,29.897643738655113
2025-10-14,2025-10-15,2025-10-16,NVTS,1,13.120655885553361,15.239237771129607,0.16146920581225932,2,0.9947368421052631,0.1111111111111111,0.017941022868028813,55.99483067602922
2025-10-14,2025-10-15,2025-10-16,SATS,1,76.38381625328064,74.71626522064209,-0.021831208683121273,1,0.9833333333333334,0.1111111111111111,-0.0024256898536801413,-7.570699487342266
2025-10-14,2025-10-15,2025-10-16,AG,1,14.087079932333369,15.055373623861186,0.06873629568221173,0,0.9798245614035088,0.1111111111111111,0.007637366186912415,23.836602271383093
2025-10-15,2025-10-16,2025-10-17,PM,1,155.87210501047454,154.22614404092678,-0.010559689108177173,17,0.9535087719298245,0.1111111111111111,-0.0011732987897974635,-3.8512694639662635
2025-10-15,2025-10-16,2025-10-17,UEC,1,16.9508482629776,15.359231656694412,-0.09389598571060565,13,0.9859649122807017,0.1111111111111111,-0.010432887301178405,-34.24520730219597
2025-10-15,2025-10-16,2025-10-17,CDE,1,22.671133576297763,22.358882610321043,-0.0137730636593828,10,0.9885964912280701,0.1111111111111111,-0.0015303404065980888,-5.023233066167505
2025-10-15,2025-10-16,2025-10-17,IAG,1,14.6507321185112,14.2492875,-0.027400993702149212,8,0.993859649122807,0.1111111111111111,-0.003044554855794357,-9.993533829106799
2025-10-15,2025-10-16,2025-10-17,EQX,1,12.798667700063682,12.168008049842175,-0.04927541405097724,7,0.9763157894736842,0.1111111111111111,-0.0054750460056641375,-17.971447408604785
2025-10-15,2025-10-16,2025-10-17,EXK,1,9.690484080362321,9.729513042259216,0.0040275554423525595,6,0.9868421052631579,0.1111111111111111,0.0004475061602613955,1.4689070038579113
2025-10-15,2025-10-16,2025-10-17,NVTS,1,15.24076177110672,14.289285461854934,-0.062429708143301954,3,0.9947368421052631,0.1111111111111111,-0.006936634238144661,-22.769006374481112
2025-10-15,2025-10-16,2025-10-17,SATS,1,74.72373722076416,72.20638858451844,-0.033688741086496554,2,0.9833333333333334,0.1111111111111111,-0.0037431934540551725,-12.28676512127794
2025-10-15,2025-10-16,2025-10-17,AG,1,15.056879236504207,14.755464945942524,-0.020018377369390605,1,0.9710526315789474,0.1111111111111111,-0.0022242641521545117,-7.30098819113774
2025-10-16,2025-10-17,2025-10-20,PM,1,154.24156742650015,155.3359720812908,0.007095393758314694,18,0.9535087719298245,0.1111111111111111,0.0007883770842571882,2.4995148745052744
2025-10-16,2025-10-17,2025-10-20,UEC,1,15.360767656660082,15.759212228870393,0.02593910546114886,14,0.9771929824561403,0.1111111111111111,0.00288212282901654,9.137643679820567
2025-10-16,2025-10-17,2025-10-20,CDE,1,22.36111861038208,22.058896465969084,-0.0135155199379281,11,0.9885964912280701,0.1111111111111111,-0.0015017244375475666,-4.761151286626816
2025-10-16,2025-10-17,2025-10-20,IAG,1,14.250712500000002,13.949302309274673,-0.021150534804861842,9,0.9807017543859649,0.1111111111111111,-0.002350059422762427,-7.450760049298588
2025-10-16,2025-10-17,2025-10-20,EQX,1,12.169224911490243,12.26790921710275,0.008109333694648724,8,0.9763157894736842,0.1111111111111111,0.0009010370771831915,2.8566984275324714
2025-10-16,2025-10-17,2025-10-20,EXK,1,9.73048604221344,9.42952880516052,-0.03092931182957226,7,0.9973684210526316,0.1111111111111111,-0.0034365902032858064,-10.89555810565616
2025-10-16,2025-10-17,2025-10-20,NVTS,1,14.290714461851122,14.824258559274673,0.03733501910263759,4,0.9789473684210526,0.1111111111111111,0.0041483354558486205,13.152115127877913
2025-10-16,2025-10-17,2025-10-20,SATS,1,72.21360958442689,73.50632663612366,0.01790129394079676,3,0.9833333333333334,0.1111111111111111,0.0019890326600885285,6.306140575423176
2025-10-16,2025-10-17,2025-10-20,AG,1,14.756940566218132,14.415569290605754,-0.023132930168049293,2,0.9850877192982457,0.1111111111111111,-0.002570325574227699,-8.149104195686629
2025-10-17,2025-10-20,2025-10-21,PM,1,155.35150645521765,151.90828582108503,-0.022164063372794973,19,0.9535087719298245,0.125,-0.0027705079215993716,-8.791241536723678
2025-10-17,2025-10-20,2025-10-21,UEC,1,15.760788228893281,14.499275,-0.08004125241532178,15,0.9763157894736842,0.125,-0.010005156551915223,-31.74787813270121
2025-10-17,2025-10-20,2025-10-21,CDE,1,22.06110246591568,18.989050271129607,-0.13925197979259574,12,0.9885964912280701,0.125,-0.017406497474074467,-55.23345463478062
2025-10-17,2025-10-20,2025-10-21,IAG,1,13.9506973092556,12.599370381450655,-0.09686447192201686,10,0.9754385964912282,0.125,-0.012108058990252107,-38.42070628794878
2025-10-17,2025-10-20,2025-10-21,EQX,1,12.269136069367075,11.059100489687653,-0.09862435079684007,9,0.9763157894736842,0.125,-0.012328043849605008,-39.118751587843505
2025-10-17,2025-10-20,2025-10-21,EXK,1,9.43047180519104,8.299585190725326,-0.11991834956160019,8,1.0,0.125,-0.014989793695200024,-47.56488726590149
2025-10-17,2025-10-20,2025-10-21,SATS,1,73.51367763633729,74.07629783096314,0.007653272325852889,4,0.9754385964912281,0.125,0.0009566590407316111,3.035624128627966
2025-10-17,2025-10-20,2025-10-21,AG,1,14.417010919616267,13.006003330294847,-0.09787102175261275,3,0.9956140350877193,0.125,-0.012233877719076594,-38.81994818374566
2025-10-20,2025-10-21,2025-10-22,PM,1,151.92347740924657,149.1582845991086,-0.018201221149573676,20,0.9535087719298245,0.125,-0.0022751526436967096,-6.635099686407119
2025-10-20,2025-10-21,2025-10-22,UEC,1,14.500725000000001,12.729363042259216,-0.1221567857980056,16,0.986842105263158,0.125,-0.0152695982247507,-44.53121274007669
2025-10-20,2025-10-21,2025-10-22,CDE,1,18.99094927110672,17.629117660808564,-0.07170950703186174,13,0.9859649122807017,0.125,-0.008963688378982718,-26.14108821103245
2025-10-20,2025-10-21,2025-10-22,IAG,1,12.600630381488804,11.859406656694413,-0.058824336747731354,11,0.987719298245614,0.125,-0.007353042093466419,-21.4439094553346
2025-10-20,2025-10-21,2025-10-22,EQX,1,11.06020645503489,10.599553538185031,-0.04164957668038449,10,0.9763157894736842,0.125,-0.0052061970850480616,-15.182997387924232
2025-10-20,2025-10-21,2025-10-22,EXK,1,8.3004151907444,7.739612771129608,-0.06756317686856561,9,0.9868421052631579,0.125,-0.008445397108570701,-24.629578969968648
2025-10-20,2025-10-21,2025-10-22,SATS,1,74.08370583114625,73.00635163612365,-0.01454239070434904,5,0.9754385964912281,0.125,-0.00181779883804363,-5.301304303106948
2025-10-20,2025-10-21,2025-10-22,AG,1,13.007303995661147,12.27622684856067,-0.05620512500856001,4,0.987719298245614,0.125,-0.007025640626070001,-20.48909819039831
2025-10-21,2025-10-22,2025-10-23,UEC,1,12.730636042213442,13.799310190725327,0.08394507116284489,17,0.9912280701754386,0.125,0.01049313389535561,28.87686703268373
2025-10-21,2025-10-22,2025-10-23,CDE,1,17.630880660724642,19.429028805160524,0.10198856081202567,14,0.9894736842105263,0.125,0.01274857010150321,35.08377643412119
2025-10-21,2025-10-22,2025-10-23,IAG,1,11.860592656660081,12.339383152580261,0.04036817634499279,12,0.9885964912280703,0.125,0.005046022043124099,13.88653847710646
2025-10-21,2025-10-22,2025-10-23,EQX,1,10.600613546539268,11.288874729036817,0.064926542173801,11,0.9763157894736842,0.125,0.008115817771725126,22.3345468563332
2025-10-21,2025-10-22,2025-10-23,EXK,1,7.740386771106721,8.279585732984543,0.06966046759969946,10,0.9868421052631579,0.125,0.008707558449962433,23.963003812443517
2025-10-21,2025-10-22,2025-10-23,SATS,1,73.01365263633728,71.91640216903687,-0.015028017743004107,6,0.9850877192982457,0.125,-0.0018785022178755134,-5.169595595287533
2025-10-21,2025-10-22,2025-10-23,AG,1,12.277454532629731,13.055987929816796,0.06341162943165135,5,0.987719298245614,0.125,0.007926453678956419,21.813421158121436
2025-10-21,2025-10-22,2025-10-23,WULF,1,12.970648767042162,12.769361957740784,-0.015518638498086434,0,0.9754385964912281,0.125,-0.0019398298122608043,-5.3383677472641935
2025-10-22,2025-10-23,2025-10-24,UEC,1,13.800690190744401,13.489325271129609,-0.022561546945210953,18,0.9912280701754386,0.09090909090909091,-0.0020510497222919048,-5.9216930541134065
2025-10-22,2025-10-23,2025-10-24,CDE,1,19.430971805191042,18.38907988967896,-0.053620165062137404,15,0.9903508771929824,0.09090909090909091,-0.00487456046019431,-14.073598755437848
2025-10-22,2025-10-23,2025-10-24,IAG,1,12.340617152595522,11.799410190725327,-0.043855745233646326,13,0.9885964912280703,0.09090909090909091,-0.0039868859303314845,-11.510747138204374
2025-10-22,2025-10-23,2025-10-24,EQX,1,11.290003672956917,10.989170285063896,-0.0266459955733771,12,0.9763157894736842,0.09090909090909091,-0.0024223632339433728,-6.993731737011813
2025-10-22,2025-10-23,2025-10-24,EXK,1,8.280413732957841,7.909604347419739,-0.04478150458378671,11,0.9868421052631579,0.09090909090909091,-0.004071045871253337,-11.753729710579382
2025-10-22,2025-10-23,2025-10-24,SATS,1,71.92359416885377,74.3962815258026,0.0343793630660858,7,0.9842105263157895,0.09090909090909091,0.0031253966423714363,9.023496304028798
2025-10-22,2025-10-23,2025-10-24,AG,1,13.057293593892982,12.696097464679813,-0.027662403898316645,6,0.987719298245614,0.09090909090909091,-0.002514763990756059,-7.260506800466191
2025-10-22,2025-10-23,2025-10-24,WULF,1,12.770638957786561,13.939302580404282,0.09151175806322209,1,0.9754385964912281,0.09090909090909091,0.00831925073302019,24.01894441939925
2025-10-22,2025-10-23,2025-10-24,ACHR,1,11.04055196185112,11.279435732984544,0.02163694097531077,0,0.9894736842105263,0.09090909090909091,0.001966994634119161,5.679013207600847
2025-10-22,2025-10-23,2025-10-24,RCAT,1,10.190509080362322,10.709464538145065,0.05092537121455476,0,0.9850877192982457,0.09090909090909091,0.00462957920132316,13.36630053478614
2025-10-22,2025-10-23,2025-10-24,RDW,1,7.790389461851121,8.019599457740783,0.029422148534689274,0,0.9736842105263158,0.09090909090909091,0.002674740775880843,7.722384153802241
2025-10-23,2025-10-24,2025-10-27,UEC,1,13.490674271106721,13.439327580404282,-0.0038060877959532613,19,0.9912280701754386,0.08333333333333333,-0.0003171739829961051,-0.9163205284696613
2025-10-23,2025-10-24,2025-10-27,CDE,1,18.390918889617925,17.849107881450653,-0.029460790481390053,16,0.9964912280701754,0.08333333333333333,-0.002455065873449171,-7.092723171479043
2025-10-23,2025-10-24,2025-10-27,IAG,1,11.800590190744401,11.549422690725327,-0.021284316797652414,14,0.9885964912280703,0.08333333333333333,-0.0017736930664710344,-5.124226623694008
2025-10-23,2025-10-24,2025-10-27,EQX,1,10.990269257041001,10.549603908565603,-0.040095955628483226,13,0.9763157894736842,0.08333333333333333,-0.0033413296357069355,-9.653152848983575
2025-10-23,2025-10-24,2025-10-27,EXK,1,7.910395347404481,7.759612228870392,-0.01906138845305161,12,0.9763157894736842,0.08333333333333333,-0.0015884490377543006,-4.589053767818085
2025-10-23,2025-10-24,2025-10-27,SATS,1,74.4037215259552,74.50627663612366,0.0013783599538454983,8,0.987719298245614,0.08333333333333333,0.00011486332948712485,0.33184193036009374
2025-10-23,2025-10-24,2025-10-27,AG,1,12.697367137909945,12.266230321510418,-0.03395482005968786,7,0.987719298245614,0.08333333333333333,-0.0028295683383073216,-8.174666568192718
2025-10-23,2025-10-24,2025-10-27,WULF,1,13.94069658036232,14.189290080404282,0.01783221509835764,2,0.9815789473684211,0.08333333333333333,0.0014860179248631367,4.293128702938728
2025-10-23,2025-10-24,2025-10-27,ACHR,1,11.280563732957841,11.579420923709872,0.026493107776065727,1,0.9894736842105263,0.08333333333333333,0.0022077589813388103,6.378249746098697
2025-10-23,2025-10-24,2025-10-27,RCAT,1,10.71053553814888,11.9994,0.12033613606531901,1,0.9842105263157894,0.08333333333333333,0.010028011338776583,28.971079414039938
2025-10-23,2025-10-24,2025-10-27,RDW,1,8.02040145778656,8.449577309274673,0.05351051985950783,1,0.9736842105263158,0.08333333333333333,0.004459209988292319,12.882726428035513
2025-10-23,2025-10-24,2025-10-27,LUMN,1,8.030401232957841,8.619568885564805,0.07336715009817207,0,0.9763157894736842,0.08333333333333333,0.0061139291748476725,17.66323567778665
2025-10-24,2025-10-27,2025-10-28,UEC,1,13.440671580362322,14.129293614435197,0.05123419837733367,20,0.9912280701754386,0.08333333333333333,0.004269516531444473,12.483387869287858
2025-10-24,2025-10-27,2025-10-28,CDE,1,17.8508928814888,17.33913315258026,-0.028668578782366172,17,0.9956140350877193,0.08333333333333333,-0.0023890482318638475,-6.98519738643636
2025-10-24,2025-10-27,2025-10-28,IAG,1,11.5505776907444,11.239437771129609,-0.026937173875217657,15,0.9885964912280703,0.08333333333333333,-0.002244764489601471,-6.563334652183347
2025-10-24,2025-10-27,2025-10-28,EQX,1,10.550658921707118,10.299850031013227,-0.023771869847661553,14,0.9763157894736842,0.08333333333333333,-0.001980989153971796,-5.7920974873274025
2025-10-24,2025-10-27,2025-10-28,EXK,1,7.760388228893281,7.6996148092746735,-0.007831234446794455,13,0.9798245614035088,0.08333333333333333,-0.0006526028705662046,-1.908107088446472
2025-10-24,2025-10-27,2025-10-28,SATS,1,74.5137276363373,74.1262907535553,-0.00519953698562603,9,0.9859649122807017,0.08333333333333333,-0.0004332947488021691,-1.2668849906509547
2025-10-24,2025-10-27,2025-10-28,AG,1,12.267457005876789,12.236239430078253,-0.0025447471129167454,8,0.987719298245614,0.08333333333333333,-0.00021206225940972878,-0.6200363477111441
2025-10-24,2025-10-27,2025-10-28,WULF,1,14.190709080362321,14.639268343305588,0.031609362182190015,3,0.9842105263157894,0.08333333333333333,0.0026341135151825013,7.701729331548342
2025-10-24,2025-10-27,2025-10-28,ACHR,1,11.580578923702243,11.339433152580261,-0.020823291539287636,2,0.9894736842105263,0.08333333333333333,-0.0017352742949406363,-5.0736662860560955
2025-10-24,2025-10-27,2025-10-28,RCAT,1,12.000600000000002,11.599420381450654,-0.033429963380943284,2,0.9842105263157894,0.08333333333333333,-0.0027858302817452734,-8.145325047674197
2025-10-24,2025-10-27,2025-10-28,RDW,1,8.4504223092556,8.33958315258026,-0.013116404437437335,2,0.9736842105263158,0.08333333333333333,-0.0010930337031197779,-3.195856853991825
2025-10-24,2025-10-27,2025-10-28,LUMN,1,8.620430885553361,9.379531114435196,0.08805826981966525,1,0.9947368421052631,0.08333333333333333,0.00733818915163877,21.455698968125326
2025-10-27,2025-10-28,2025-10-29,UEC,1,14.130706614446641,15.089245652580262,0.06783376545045883,21,0.9912280701754386,0.09090909090909091,0.006166705950041712,18.043358574281843
2025-10-27,2025-10-28,2025-10-29,CDE,1,17.34086715259552,18.99905,0.09562283320740894,18,1.0,0.09090909090909091,0.008692984837037177,25.435077295098825
2025-10-27,2025-10-28,2025-10-29,IAG,1,11.240561771106721,11.949402309274674,0.06306095305574422,16,0.9885964912280703,0.09090909090909091,0.0057328139141585655,16.773820242247083
2025-10-27,2025-10-28,2025-10-29,EQX,1,10.300880067518154,11.188972607591104,0.08621521018125233,15,0.9763157894736842,0.09090909090909091,0.007837746380113848,22.932708239431637
2025-10-27,2025-10-28,2025-10-29,EXK,1,7.700384809255601,8.309584919595718,0.07911294375936628,14,0.9798245614035088,0.09090909090909091,0.007192085796306026,21.04354966347491
2025-10-27,2025-10-28,2025-10-29,SATS,1,74.13370375328064,74.33627933807374,0.002732570673485757,10,0.9859649122807017,0.09090909090909091,0.00024841551577143244,0.7268467578624863
2025-10-27,2025-10-28,2025-10-29,AG,1,12.23746311520552,13.11596853025513,0.07178819717609874,9,0.987719298245614,0.09090909090909091,0.006526199743281704,19.09521275205629
2025-10-27,2025-10-28,2025-10-29,WULF,1,14.640732343339922,15.189240080404282,0.03746450137884505,4,0.9771929824561403,0.09090909090909091,0.0034058637617131863,9.965323724788233
2025-10-27,2025-10-28,2025-10-29,ACHR,1,11.340567152595522,11.219439267015456,-0.0106809372009532,3,0.9894736842105263,0.09090909090909091,-0.0009709942909957455,-2.841062685322023
2025-10-27,2025-10-28,2025-10-29,RDW,1,8.34041715259552,7.879606114435196,-0.05525035855273985,3,0.9736842105263158,0.09090909090909091,-0.005022759868430896,-14.696250814099272
2025-10-27,2025-10-28,2025-10-29,LUMN,1,9.38046911444664,10.039497961854934,0.07025542532764573,2,0.9956140350877193,0.09090909090909091,0.006386856847967794,18.68750499927938
2025-10-28,2025-10-29,2025-10-30,UEC,1,15.090754652595521,15.429228805160522,0.022429239647520527,22,0.9912280701754386,0.1,0.002242923964752053,6.865480784052341
2025-10-28,2025-10-29,2025-10-30,CDE,1,19.000950000000003,16.619169839191436,-0.1253505830397199,19,0.9982456140350877,0.1,-0.012535058303971992,-38.36920166056942
2025-10-28,2025-10-29,2025-10-30,EQX,1,11.190091560799525,10.879278360400328,-0.027775751316282293,16,0.9763157894736842,0.1,-0.0027775751316282296,-8.502021910744224
2025-10-28,2025-10-29,2025-10-30,EXK,1,8.31041591963768,8.059597419595718,-0.0301812210685235,15,0.9824561403508771,0.1,-0.00301812210685235,-9.238324461350606
2025-10-28,2025-10-29,2025-10-30,SATS,1,74.34371333770753,72.97635435676575,-0.01839239553088401,11,0.9885964912280701,0.1,-0.001839239553088401,-5.629822502874425
2025-10-28,2025-10-29,2025-10-30,AG,1,13.117280192691279,12.596129281401309,-0.03973010438401292,10,0.987719298245614,0.1,-0.003973010438401293,-12.161191038278808
2025-10-28,2025-10-29,2025-10-30,WULF,1,15.190759080362321,14.349282881450655,-0.055393953288316866,5,0.9824561403508771,0.1,-0.005539395328831687,-16.95581873617699
2025-10-28,2025-10-29,2025-10-30,ACHR,1,11.22056126704216,10.924453940725327,-0.026389707187516764,4,0.9894736842105263,0.1,-0.0026389707187516767,-8.077760567897489
2025-10-28,2025-10-29,2025-10-30,RDW,1,7.8803941144466405,7.669616576290131,-0.026747080805273993,4,0.9736842105263158,0.1,-0.0026747080805273995,-8.18715088803305
2025-10-28,2025-10-29,2025-10-30,LUMN,1,10.04050196185112,10.539472961854935,0.04969582217100843,3,0.9815789473684211,0.1,0.0049695822171008435,15.211648612460099
2025-10-29,2025-10-30,2025-10-31,UEC,1,15.43077180519104,15.529223232984544,0.006380201135524732,23,0.9912280701754386,0.1,0.0006380201135524733,1.8985908937099003
2025-10-29,2025-10-30,2025-10-31,CDE,1,16.62083183927536,17.629117660808564,0.0606639806769842,20,0.9956140350877193,0.1,0.00606639806769842,18.052108208347732
2025-10-29,2025-10-30,2025-10-31,EQX,1,10.880366342635481,10.989169522656022,0.009999955570814567,17,0.9763157894736842,0.1,0.0009999955570814568,2.9757407612966507
2025-10-29,2025-10-30,2025-10-31,EXK,1,8.06040341963768,8.299585190725326,0.02967367247462116,16,0.9824561403508771,0.1,0.002967367247462116,8.830154903668626
2025-10-29,2025-10-30,2025-10-31,SATS,1,72.98365235710145,73.0263472793579,0.0005849929522239172,12,0.9815789473684211,0.1,5.849929522239172e-05,0.17407951072148367
2025-10-29,2025-10-30,2025-10-31,AG,1,12.597388957313246,12.93602360223532,0.02688133597125164,11,0.987719298245614,0.1,0.002688133597125164,7.999224256678122
2025-10-29,2025-10-30,2025-10-31,WULF,1,14.350717881488803,15.019249457740784,0.04658523578909812,6,0.9807017543859649,0.1,0.004658523578909813,13.862620091715348
2025-10-29,2025-10-30,2025-10-31,ACHR,1,10.925546440744402,11.089445652580261,0.01500146585113904,5,0.9894736842105263,0.1,0.001500146585113904,4.464067174730249
2025-10-29,2025-10-30,2025-10-31,RDW,1,7.670383576297761,7.769611480927467,0.012936498369694238,5,0.9736842105263158,0.1,0.001293649836969424,3.8495836541012824
2025-10-29,2025-10-30,2025-10-31,LUMN,1,10.540526961851121,8.699564809274673,-0.1746556087033755,4,0.9947368421052631,0.1,-0.01746556087033755,-51.973212313519994
2025-10-30,2025-10-31,2025-11-03,UEC,1,15.530776232957841,14.99925,-0.034224060986075444,24,0.9912280701754386,0.1,-0.0034224060986075447,-10.218917671396964
2025-10-30,2025-10-31,2025-11-03,CDE,1,17.630880660724642,15.939202580404281,-0.09594972099657062,21,0.986842105263158,0.1,-0.009594972099657062,-28.649501876951287
2025-10-30,2025-10-31,2025-11-03,EQX,1,10.990268494556883,10.949209325533133,-0.003735956864391987,18,0.9763157894736842,0.1,-0.0003735956864391987,-1.115514480781375
2025-10-30,2025-10-31,2025-11-03,EXK,1,8.3004151907444,8.239587771129608,-0.0073282381925448,17,0.9780701754385965,0.1,-0.0007328238192544801,-2.1881290708449512
2025-10-30,2025-10-31,2025-11-03,SATS,1,73.03365027923584,74.94624944839478,0.02618791696493794,13,0.9771929824561404,0.1,0.002618791696493794,7.8194159237550025
2025-10-30,2025-10-31,2025-11-03,AG,1,12.937317269278898,12.736085785721578,-0.015554344024256594,12,0.987719298245614,0.1,-0.0015554344024256595,-4.644351267406109
2025-10-30,2025-10-31,2025-11-03,WULF,1,15.020751457786561,16.189191034030916,0.07778835696257058,7,0.9982456140350877,0.1,0.0077788356962570585,23.22672390974202
2025-10-30,2025-10-31,2025-11-03,ACHR,1,11.090554652595522,11.089445652580261,-9.999500025015262e-05,6,0.9894736842105263,0.1,-9.999500025015263e-06,-0.029857376525929496
2025-10-30,2025-10-31,2025-11-03,RDW,1,7.770388480925561,7.799610190725327,0.0037606497888100776,6,0.9736842105263158,0.1,0.0003760649788810078,1.1228875088331063
2025-10-30,2025-10-31,2025-11-03,LUMN,1,8.7004348092556,10.019499457740784,0.15160904913418238,5,0.9894736842105263,0.1,0.01516090491341824,45.2687479715319
2025-10-31,2025-11-03,2025-11-04,UEC,1,15.000750000000002,13.399329618549345,-0.10675602096232895,25,0.9912280701754386,0.1,-0.010675602096232896,-32.20272358976561
2025-10-31,2025-11-03,2025-11-04,CDE,1,15.940796580362322,14.489275271129609,-0.09105701223368357,22,0.9798245614035088,0.1,-0.009105701223368358,-27.467151449059106
2025-10-31,2025-11-03,2025-11-04,EQX,1,10.950304301214471,10.56958295211836,-0.03476810676885811,19,0.9763157894736842,0.1,-0.003476810676885811,-10.48772445735946
2025-10-31,2025-11-03,2025-11-04,EXK,1,8.240411771106722,7.8396081525802614,-0.04863878525243048,18,0.9956140350877193,0.1,-0.004863878525243049,-14.671784720963782
2025-10-31,2025-11-03,2025-11-04,SATS,1,74.95374444808961,73.31633369483947,-0.021845616457282557,14,0.9780701754385965,0.1,-0.002184561645728256,-6.5896831118325885
2025-10-31,2025-11-03,2025-11-04,AG,1,12.737359457983764,11.916338071065061,-0.06445773864096205,13,0.987719298245614,0.1,-0.006445773864096205,-19.44353790976074
2025-10-31,2025-11-03,2025-11-04,WULF,1,16.190810034084322,15.15924184741974,-0.063713191896697,8,0.9947368421052631,0.1,-0.0063713191896697,-19.21894698936958
2025-10-31,2025-11-03,2025-11-04,ACHR,1,11.090554652595522,9.9995,-0.09837692403780574,7,0.9894736842105263,0.1,-0.009837692403780574,-29.6751870652684
2025-10-31,2025-11-03,2025-11-04,RDW,1,7.800390190744401,7.039647961854935,-0.09752617629206928,7,0.9736842105263158,0.1,-0.009752617629206928,-29.41856084172046
2025-10-31,2025-11-03,2025-11-04,LUMN,1,10.020501457786562,10.979450542259217,0.09569871213655601,6,0.9763157894736842,0.1,0.0095698712136556,28.86731021866694
2025-11-03,2025-11-04,2025-11-05,UEC,1,13.4006696185112,13.149342118549345,-0.018754846370862,26,0.9912280701754386,0.1,-0.0018754846370862,-5.356703805733914
2025-11-03,2025-11-04,2025-11-05,CDE,1,14.490724271106721,14.199289809274674,-0.020111794026275276,23,0.993859649122807,0.1,-0.0020111794026275278,-5.744271185716666
2025-11-03,2025-11-04,2025-11-05,EQX,1,10.57063996326413,10.649504501214471,0.0074607155502806055,20,0.9763157894736842,0.1,0.0007460715550280606,2.130907531387551
2025-11-03,2025-11-04,2025-11-05,EXK,1,7.840392152595521,7.609619633507728,-0.0294337980290178,19,0.9956140350877193,0.1,-0.00294337980290178,-8.406794425370512
2025-11-03,2025-11-04,2025-11-05,SATS,1,73.32366569480897,73.54632555160522,0.0030366711032017157,15,0.9850877192982456,0.1,0.0003036671103201716,0.8673250280820722
2025-11-03,2025-11-04,2025-11-05,AG,1,11.917529764456837,11.206556101904516,-0.059657804646122914,14,0.987719298245614,0.1,-0.005965780464612292,-17.03928589285102
2025-11-03,2025-11-04,2025-11-05,WULF,1,15.160757847404481,15.079245923709871,-0.005376507198059599,9,1.0,0.1,-0.0005376507198059599,-1.5356221000107253
2025-11-03,2025-11-04,2025-11-05,ACHR,1,10.0005,9.839508152580262,-0.01609837982298279,8,0.9894736842105263,0.1,-0.001609837982298279,-4.597971679357377
2025-11-03,2025-11-04,2025-11-05,RDW,1,7.040351961851121,6.9796510190725325,-0.008621861961944921,8,0.9894736842105263,0.1,-0.0008621861961944921,-2.462550738662228
2025-11-03,2025-11-04,2025-11-05,LUMN,1,10.980548542213441,10.649467118549346,-0.0301516287998993,7,0.9824561403508772,0.1,-0.00301516287998993,-8.611819129184019
2025-11-04,2025-11-05,2025-11-06,UEC,1,13.1506571185112,13.079345923709871,-0.005422633573264446,27,0.9912280701754386,0.1,-0.0005422633573264447,-1.5212730336087414
2025-11-04,2025-11-05,2025-11-06,CDE,1,14.200709809255601,14.449277309274674,0.017503878563666087,24,0.993859649122807,0.1,0.0017503878563666087,4.910562014323431
2025-11-04,2025-11-05,2025-11-06,EQX,1,10.650569504914777,11.528638014533579,0.0824433387541963,21,0.9763157894736842,0.1,0.00824433387541963,23.12876692716058
2025-11-04,2025-11-05,2025-11-06,EXK,1,7.610380633521081,7.429628328347206,-0.023750757534744538,20,0.9868421052631579,0.1,-0.0023750757534744538,-6.6630699783085765
2025-11-04,2025-11-05,2025-11-06,SATS,1,73.5536805519104,72.39638152580261,-0.0157340736374304,16,0.9850877192982457,0.1,-0.0015734073637430402,-4.414058521573239
2025-11-04,2025-11-05,2025-11-06,AG,1,11.20767681355029,10.796682249951418,-0.036670807914622516,15,0.987719298245614,0.1,-0.0036670807914622517,-10.287678569359365
2025-11-04,2025-11-05,2025-11-06,WULF,1,15.080753923702243,15.129243614435197,0.0032153359824234062,10,0.9894736842105263,0.1,0.00032153359824234063,0.9020347508208919
2025-11-04,2025-11-05,2025-11-06,ACHR,1,9.840492152595521,9.499525,-0.03464940038650277,9,0.9894736842105263,0.1,-0.003464940038650277,-9.720590138818215
2025-11-04,2025-11-05,2025-11-06,RDW,1,6.980349019074441,6.489675271129609,-0.07029358368815397,9,0.9912280701754386,0.1,-0.007029358368815398,-19.720258036194803
2025-11-04,2025-11-05,2025-11-06,LUMN,1,10.6505321185112,10.959452038145065,0.02900511600701594,8,0.9894736842105263,0.1,0.002900511600701594,8.137134885107747
2025-11-05,2025-11-06,2025-11-07,UEC,1,13.080653923702243,11.849407881450654,-0.09412725460311755,28,0.9912280701754386,0.1,-0.009412725460311756,-26.263059365034277
2025-11-05,2025-11-06,2025-11-07,CDE,1,14.450722309255601,14.339283152580261,-0.007711666883527646,25,0.993859649122807,0.1,-0.0007711666883527646,-2.1516824857945815
2025-11-05,2025-11-06,2025-11-07,EQX,1,11.529790935981104,11.548618785560112,0.001632974065492565,22,0.9763157894736842,0.1,0.00016329740654925652,0.45562674705028705
2025-11-05,2025-11-06,2025-11-07,EXK,1,7.4303713283300405,6.699664809274673,-0.09834051176815028,21,0.9842105263157894,0.1,-0.00983405117681503,-27.43862773268691
2025-11-05,2025-11-06,2025-11-07,SATS,1,72.4036215259552,69.01654564323425,-0.046780476049899655,17,0.9859649122807017,0.1,-0.0046780476049899655,-13.052525804597161
2025-11-05,2025-11-06,2025-11-07,AG,1,10.797761972162526,10.986623054857791,0.017490761806211674,16,0.987719298245614,0.1,0.0017490761806211676,4.880211556079923
2025-11-05,2025-11-06,2025-11-07,WULF,1,15.130756614446641,13.779310732984543,-0.08931779922834504,11,0.9982456140350877,0.1,-0.008931779922834504,-24.92114184546232
2025-11-05,2025-11-06,2025-11-07,ACHR,1,9.500475000000002,7.829608423709869,-0.17587189864613417,10,0.9894736842105263,0.1,-0.01758718986461342,-49.071165777225715
2025-11-05,2025-11-06,2025-11-07,RDW,1,6.49032427110672,5.719713790202141,-0.118732200228445,10,0.9850877192982457,0.1,-0.011873220022844501,-33.128245759305386
2025-11-05,2025-11-06,2025-11-07,LUMN,1,10.96054803814888,10.889455843305587,-0.0064861897959712644,9,0.9842105263157895,0.1,-0.0006486189795971265,-1.809754128947376
2025-11-06,2025-11-07,2025-11-10,UEC,1,11.850592881488803,12.889355843305587,0.08765493610360897,29,0.9912280701754386,0.125,0.010956867012951121,28.68140589169334
2025-11-06,2025-11-07,2025-11-10,EXK,1,6.700334809255601,7.5696216716527935,0.12973782462279204,22,0.974561403508772,0.125,0.016217228077849005,42.451268267577
2025-11-06,2025-11-07,2025-11-10,SATS,1,69.02344764289856,73.92630380516053,0.07103174833612358,18,0.9868421052631579,0.125,0.008878968542015447,23.242164055848228
2025-11-06,2025-11-07,2025-11-10,AG,1,10.98772177209914,11.996312754213807,0.09179254835845563,17,0.987719298245614,0.125,0.011474068544806953,30.035266173599535
2025-11-06,2025-11-07,2025-11-10,WULF,1,13.780688732957842,14.499275,0.05214443784101963,12,0.9982456140350877,0.125,0.006518054730127454,17.062082903633318
2025-11-06,2025-11-07,2025-11-10,ACHR,1,7.830391423702241,8.469576767015457,0.08162878567965715,11,0.9894736842105263,0.125,0.010203598209957143,26.709600606598322
2025-11-06,2025-11-07,2025-11-10,RDW,1,5.720285790181161,6.559671942782402,0.14673849933198135,11,0.9798245614035088,0.125,0.01834231241649767,48.01402689180956
2025-11-06,2025-11-07,2025-11-10,LUMN,1,10.89054484333992,10.899454618549345,0.000818120244449716,10,0.9947368421052631,0.125,0.0001022650305562145,0.2676955781650222
2025-11-07,2025-11-10,2025-11-11,UEC,1,12.89064484333992,12.629368614435196,-0.02026867019299783,30,0.9912280701754386,0.1111111111111111,-0.0022520744658886473,-6.382078646330655
2025-11-07,2025-11-10,2025-11-11,EXK,1,7.570378671669961,7.899605095362664,0.043488765618124425,23,0.9754385964912282,0.1111111111111111,0.004832085068680492,13.693484563313623
2025-11-07,2025-11-10,2025-11-11,SATS,1,73.93369680519105,72.96635272064209,-0.01308394042702643,19,0.9885964912280701,0.1111111111111111,-0.0014537711585584923,-4.119793553996221
2025-11-07,2025-11-10,2025-11-11,AG,1,11.997512445473793,12.01630724568567,0.001566558092545911,18,0.987719298245614,0.1111111111111111,0.000174062010282879,0.4932685201088176
2025-11-07,2025-11-10,2025-11-11,ACHR,1,8.470423767042162,8.319583694839478,-0.017807854288187097,12,0.9894736842105263,0.1111111111111111,-0.001978650476465233,-5.607231530604778
2025-11-07,2025-11-10,2025-11-11,RDW,1,6.560327942776681,6.329683423709869,-0.035157467900787664,12,0.9798245614035088,0.1111111111111111,-0.003906385322309741,-11.070174955345008
2025-11-07,2025-11-10,2025-11-11,LUMN,1,10.9005446185112,10.379481114435196,-0.047801602792500786,11,1.0,0.1111111111111111,-0.005311289199166754,-15.05148515109749
2025-11-07,2025-11-10,2025-11-11,ROIV,1,20.16100784740448,21.263936139678957,0.05470600977006557,0,0.9903508771929824,0.1111111111111111,0.006078445530007285,17.22550386655892
2025-11-07,2025-11-10,2025-11-11,NVTS,1,8.4004196185112,9.469526767015457,0.12726830290100843,0,0.9894736842105263,0.1111111111111111,0.014140922544556492,40.07348832287326
2025-11-10,2025-11-11,2025-11-12,UEC,1,12.630631614446642,12.599370381450655,-0.002475033232719026,31,0.9912280701754386,0.125,-0.00030937915408987826,-0.8856586270791116
2025-11-10,2025-11-11,2025-11-12,EXK,1,7.9003950953722,7.899605095362664,-9.999500024993058e-05,24,0.9807017543859649,0.125,-1.2499375031241322e-05,-0.03578191737604952
2025-11-10,2025-11-11,2025-11-12,SATS,1,72.97364972076417,71.58641683807373,-0.01901005209412887,20,0.9929824561403509,0.125,-0.002376256511766109,-6.80250124152571
2025-11-10,2025-11-11,2025-11-12,AG,1,12.01750893649478,12.096282545180793,0.006554903275070023,19,0.987719298245614,0.125,0.0008193629093837529,2.3455873474705533
2025-11-10,2025-11-11,2025-11-12,RDW,1,6.33031642370224,6.209689538145065,-0.019055427483137932,13,0.9894736842105263,0.125,-0.0023819284353922415,-6.818738237539213
2025-11-10,2025-11-11,2025-11-12,LUMN,1,10.380519114446642,9.369531385564803,-0.09739279102861431,12,0.9973684210526316,0.125,-0.012174098878576789,-34.85075046650799
2025-11-10,2025-11-11,2025-11-12,ROIV,1,21.266062639617925,20.938953534030915,-0.015381742785691599,1,0.9833333333333334,0.125,-0.0019227178482114499,-5.504157688700488
2025-11-10,2025-11-11,2025-11-12,NVTS,1,9.470473767042161,9.269536957740783,-0.021217186620657857,1,0.9894736842105263,0.125,-0.002652148327582232,-7.592295781939656
2025-11-11,2025-11-12,2025-11-13,UEC,1,12.600630381488804,12.139393343305589,-0.036604282819120204,32,0.9912280701754386,0.125,-0.0045755353523900255,-12.822521846297937
2025-11-11,2025-11-12,2025-11-13,EXK,1,7.9003950953722,8.179591305160523,0.03533952497538584,25,0.9807017543859649,0.125,0.00441744062192323,12.379475737139108
2025-11-11,2025-11-12,2025-11-13,SATS,1,71.59357583770753,68.7165652206421,-0.04018531807361059,21,0.9929824561403509,0.125,-0.0050231647592013234,-14.076962563248163
2025-11-11,2025-11-12,2025-11-13,AG,1,12.097492233919748,12.676104833395888,0.04782913584798898,20,0.987719298245614,0.125,0.005978641980998622,16.75460061138089
2025-11-11,2025-11-12,2025-11-13,RDW,1,6.210310538148881,5.989700271129609,-0.035523226361081406,14,0.9912280701754386,0.125,-0.004440403295135176,-12.443826541194369
2025-11-11,2025-11-12,2025-11-13,LUMN,1,9.37046838555336,8.429578805160522,-0.10041009068910867,13,0.9973684210526316,0.125,-0.012551261336138583,-35.1737688131216
2025-11-11,2025-11-12,2025-11-13,ROIV,1,20.941047534084323,21.068946194839477,0.006107557921683826,2,0.980701754385965,0.125,0.0007634447402104783,2.13948447686601
2025-11-11,2025-11-12,2025-11-13,NVTS,1,9.27046395778656,8.37458125,-0.09663838960660431,2,0.9815789473684211,0.125,-0.01207979870082554,-33.852537640061826
2025-11-12,2025-11-13,2025-11-14,UEC,1,12.140607343339921,11.179441305160521,-0.07916951854197596,33,0.9912280701754386,0.1,-0.007916951854197597,-21.576172044048953
2025-11-12,2025-11-13,2025-11-14,EXK,1,8.180409305191041,7.499625,-0.08322130101228997,26,0.9807017543859649,0.1,-0.008322130101228998,-22.680409600049817
2025-11-12,2025-11-13,2025-11-14,SATS,1,68.72343722076417,69.33652933807373,0.008921150368834008,22,0.9955947136563876,0.1,0.0008921150368834008,2.431292734043058
2025-11-12,2025-11-13,2025-11-14,AG,1,12.677372507262923,11.406493956107115,-0.10024778797244593,21,0.987719298245614,0.1,-0.010024778797244595,-27.32066027636664
2025-11-12,2025-11-13,2025-11-14,RDW,1,5.9902992711067204,5.369731385564804,-0.10359547285644466,15,0.9964757709251102,0.1,-0.010359547285644467,-28.23300919974833
2025-11-12,2025-11-13,2025-11-14,LUMN,1,8.430421805191042,7.7496125000000005,-0.08075625643924866,14,0.9894273127753304,0.1,-0.008075625643924866,-22.008607790670503
2025-11-12,2025-11-13,2025-11-14,ROIV,1,21.07105319480896,19.999,-0.05087800713602075,3,0.980701754385965,0.1,-0.005087800713602076,-13.865849577487348
2025-11-12,2025-11-13,2025-11-14,NVTS,1,8.375418750000001,7.499625,-0.1045671597017166,3,0.9815789473684211,0.1,-0.01045671597017166,-28.49782428177274
2025-11-12,2025-11-13,2025-11-14,IAG,1,14.480723542213441,12.979350542259217,-0.1036807998977054,0,0.9832599118942732,0.1,-0.01036807998977054,-28.256263489482013
2025-11-12,2025-11-13,2025-11-14,EQX,1,13.218296043821246,12.202973824105712,-0.07681188379724146,0,0.9823788546255506,0.1,-0.0076811883797241465,-20.93364277513028
2025-11-13,2025-11-14,2025-11-17,UEC,1,11.18055930519104,10.149492118549345,-0.09221964290847051,34,0.9912280701754386,0.1,-0.009221964290847052,-23.184934449019476
2025-11-13,2025-11-14,2025-11-17,EXK,1,7.500375000000001,7.6996148092746735,0.026563979704304463,27,0.9807017543859649,0.1,0.0026563979704304465,6.6784484164686875
2025-11-13,2025-11-14,2025-11-17,SATS,1,69.34346333770753,67.496625,-0.026633200143369007,23,0.9912280701754386,0.1,-0.002663320014336901,-6.695851122569345
2025-11-13,2025-11-14,2025-11-17,AG,1,11.407634662538047,11.856355401684441,0.03933512532794947,22,0.987719298245614,0.1,0.003933512532794947,9.8892413103099
2025-11-13,2025-11-14,2025-11-17,RDW,1,5.37026838555336,5.389730366492271,0.003624023892598416,16,0.9947368421052631,0.1,0.0003624023892598416,0.9111156120499035
2025-11-13,2025-11-14,2025-11-17,LUMN,1,7.7503875,7.989600271129608,0.030864620785684194,15,0.986842105263158,0.1,0.0030864620785684195,7.7596723121143585
2025-11-13,2025-11-14,2025-11-17,ROIV,1,20.001,20.278986686611177,0.01389863939858893,4,0.980701754385965,0.1,0.001389863939858893,3.494256030753353
2025-11-13,2025-11-14,2025-11-17,NVTS,1,7.500375000000001,7.949602309274674,0.05989397987096279,4,0.9798245614035088,0.1,0.005989397987096279,15.057941599030151
2025-11-13,2025-11-14,2025-11-17,IAG,1,12.98064854221344,13.629318614435196,0.049972084993462396,1,0.9885964912280703,0.1,0.00499720849934624,12.563478650683827
2025-11-13,2025-11-14,2025-11-17,EQX,1,12.204194182506043,12.657525775589964,0.03714555719981427,1,0.9823788546255506,0.1,0.0037145557199814274,9.338762129070153
2025-11-14,2025-11-17,2025-11-18,UEC,1,10.1505071185112,11.029448232984542,0.08659085740361094,35,0.9912280701754386,0.1111111111111111,0.009621206378178994,24.53322462040115
2025-11-14,2025-11-17,2025-11-18,EXK,1,7.700384809255601,7.559621942782402,-0.01827997820368743,28,0.9807017543859649,0.1111111111111111,-0.0020311086892986032,-5.179147369297202
2025-11-14,2025-11-17,2025-11-18,SATS,1,67.503375,67.38662988967896,-0.0017294707164056122,24,0.9929824561403509,0.1111111111111111,-0.0001921634129339569,-0.48999969318025965
2025-11-14,2025-11-17,2025-11-18,AG,1,11.857541096509351,11.6264269751312,-0.01949089777527213,23,0.987719298245614,0.1111111111111111,-0.00216565530836357,-5.522229338199021
2025-11-14,2025-11-17,2025-11-18,RDW,1,5.390269366478921,5.329733423709869,-0.011230596961538497,17,0.9947368421052631,0.1111111111111111,-0.0012478441068376107,-3.1818920165482614
2025-11-14,2025-11-17,2025-11-18,LUMN,1,7.990399271106721,7.899605095362664,-0.011362908493492863,16,0.9842105263157895,0.1111111111111111,-0.0012625453881658735,-3.219378982616465
2025-11-14,2025-11-17,2025-11-18,ROIV,1,20.281014686679843,20.438978534030916,0.0077887546452406475,5,0.9798245614035088,0.1111111111111111,0.0008654171828045164,2.206737211692204
2025-11-14,2025-11-17,2025-11-18,NVTS,1,7.9503973092556,7.594620040202141,-0.044749621335184675,5,0.9798245614035088,0.1111111111111111,-0.004972180148353852,-12.678619253956011
2025-11-14,2025-11-17,2025-11-18,IAG,1,13.630681614446642,13.659316847419738,0.0021007924462668193,2,0.9798245614035088,0.1111111111111111,0.00023342138291853546,0.5952038645936383
2025-11-17,2025-11-18,2025-11-19,UEC,1,11.03055123295784,11.549422690725327,0.047039485770862255,36,0.9912280701754386,0.1111111111111111,0.005226609530095806,13.311379433149853
2025-11-17,2025-11-18,2025-11-19,EXK,1,7.560377942776681,7.759612228870392,0.026352424125048346,29,0.9815789473684211,0.1111111111111111,0.0029280471250053715,7.4572906306960345
2025-11-17,2025-11-18,2025-11-19,SATS,1,67.39336888961793,69.46652772064209,0.030762059608857584,25,0.9912280701754386,0.1111111111111111,0.003418006623206398,8.70514294295974
2025-11-17,2025-11-18,2025-11-19,AG,1,11.627589675963755,12.006310112262442,0.03257084631061313,24,0.987719298245614,0.1111111111111111,0.0036189829234014592,9.216999008266008
2025-11-17,2025-11-18,2025-11-19,RDW,1,5.33026642370224,5.809709442782402,0.08994728986682721,18,0.9982456140350877,0.1111111111111111,0.009994143318536356,25.45356278410916
2025-11-17,2025-11-18,2025-11-19,LUMN,1,7.9003950953722,7.6996148092746735,-0.02541395508373212,17,0.9842105263157895,0.1111111111111111,-0.0028237727870813467,-7.1917197535806485
2025-11-17,2025-11-18,2025-11-19,ROIV,1,20.441022534084322,20.51397363967896,0.0035688579410837473,6,0.9763157894736842,0.1111111111111111,0.00039653977123152743,1.0099264781121968
2025-11-17,2025-11-18,2025-11-19,NVTS,1,7.595379540181161,7.769611480927467,0.022939201369014173,6,0.9903508771929824,0.1111111111111111,0.0025488001521126857,6.491406279477722
2025-11-17,2025-11-18,2025-11-19,IAG,1,13.660682847404482,13.959302038145065,0.02185975577328625,3,0.9798245614035088,0.1111111111111111,0.002428861752587361,6.185941420185459
2025-11-18,2025-11-19,2025-11-20,UEC,1,11.5505776907444,12.349382881450655,0.06915716357168389,37,0.9912280701754386,0.1111111111111111,0.007684129285742654,20.113114776735095
2025-11-18,2025-11-19,2025-11-20,EXK,1,7.760388228893281,7.729613519072533,-0.003965614723522304,30,0.9815789473684211,0.1111111111111111,-0.00044062385816914486,-1.153327579894738
2025-11-18,2025-11-19,2025-11-20,SATS,1,69.47347472076417,70.58646683807373,0.01602038939009498,26,0.980701754385965,0.1111111111111111,0.0017800432655661089,4.659241558352475
2025-11-18,2025-11-19,2025-11-20,AG,1,12.007510803308222,11.89634308787176,-0.009258181587963543,25,0.987719298245614,0.1111111111111111,-0.0010286868431070603,-2.692575277607389
2025-11-18,2025-11-19,2025-11-20,RDW,1,5.81029044277668,5.589720652580262,-0.03796192158872713,19,0.9982456140350877,0.1111111111111111,-0.004217991287636348,-11.040540800492169
2025-11-18,2025-11-19,2025-11-20,LUMN,1,7.700384809255601,8.089595652580261,0.05054433680468051,18,0.9947368421052631,0.1111111111111111,0.005616037422742279,14.699909524379907
2025-11-18,2025-11-19,2025-11-20,ROIV,1,20.516025139617927,20.608970110321042,0.004530359563833519,7,0.9780701754385965,0.1111111111111111,0.000503373284870391,1.3175734397032397
2025-11-18,2025-11-19,2025-11-20,NVTS,1,7.770388480925561,8.489575271129608,0.09255480494565727,7,0.9929824561403509,0.1111111111111111,0.01028386721618414,26.917897132677428
2025-11-18,2025-11-19,2025-11-20,IAG,1,13.960698038148882,13.769311957740785,-0.013708919130341335,4,0.9771929824561403,0.1111111111111111,-0.0015232132367045926,-3.986992087200506
2025-11-19,2025-11-20,2025-11-21,UEC,1,12.350617881488803,10.989450271129607,-0.11021048691007795,38,0.9912280701754386,0.1111111111111111,-0.012245609656675328,-32.65073985151452
2025-11-19,2025-11-20,2025-11-21,EXK,1,7.7303865190744405,7.009649728870392,-0.09323425011487552,31,0.9815789473684211,0.1111111111111111,-0.010359361123875057,-27.621393672233847
2025-11-19,2025-11-20,2025-11-21,SATS,1,70.59352583770753,67.16663966903687,-0.04854391572038741,27,0.9885964912280701,0.1111111111111111,-0.0053937684133763784,-14.381524009175566
2025-11-19,2025-11-20,2025-11-21,AG,1,11.897532781665237,10.946635165869942,-0.07992393324275449,26,0.987719298245614,0.1111111111111111,-0.00888043702697272,-23.678105644775655
2025-11-19,2025-11-20,2025-11-21,RDW,1,5.5902796525955205,5.059746942782402,-0.09490271377869197,20,0.974561403508772,0.1111111111111111,-0.010544745975410219,-28.115689401853697
2025-11-19,2025-11-20,2025-11-21,LUMN,1,8.09040465259552,7.499625,-0.07302226253985822,19,0.9947368421052631,0.1111111111111111,-0.008113584726650913,-21.633430396721025
2025-11-19,2025-11-20,2025-11-21,ROIV,1,20.61103111038208,20.258987228870396,-0.01708036243438371,8,0.9780701754385965,0.1111111111111111,-0.0018978180482648566,-5.060194234235321
2025-11-19,2025-11-20,2025-11-21,NVTS,1,8.49042427110672,7.449627309274674,-0.12258480007576578,8,0.9929824561403509,0.1111111111111111,-0.013620533341751753,-36.31672928084802
2025-11-19,2025-11-20,2025-11-21,IAG,1,13.770688957786561,12.789360461854935,-0.07126212050390834,5,0.975438596491228,0.1111111111111111,-0.007918013389323148,-21.11197421474802
2025-11-20,2025-11-21,2025-11-24,UEC,1,10.99054927110672,10.99945,0.000809852963097768,39,0.9912280701754386,0.09090909090909091,7.362299664525163e-05,0.18079984594301904
2025-11-20,2025-11-21,2025-11-24,EXK,1,7.010350728893281,7.2496375,0.03413335229013503,32,0.9815789473684211,0.09090909090909091,0.0031030320263759122,7.620278145268935
2025-11-20,2025-11-21,2025-11-24,SATS,1,67.17335666885377,70.50647663612365,0.04961967262855782,28,0.9833333333333334,0.09090909090909091,0.004510879329868893,11.077602448561096
2025-11-20,2025-11-21,2025-11-24,AG,1,10.947729884122444,11.216553189581724,0.024555164249088435,27,0.987719298245614,0.09090909090909091,0.0022322876590080394,5.481945631660002
2025-11-20,2025-11-21,2025-11-24,RDW,1,5.060252942776681,5.359732133507729,0.05918265235308895,21,0.974561403508772,0.09090909090909091,0.005380241123008086,13.21253970227923
2025-11-20,2025-11-21,2025-11-24,LUMN,1,7.500375000000001,7.659616847419739,0.021231184763393474,20,0.9903508771929824,0.09090909090909091,0.0019301077057630432,4.73986650579916
2025-11-20,2025-11-21,2025-11-24,ROIV,1,20.261013228893287,20.168991576290132,-0.004541809018313359,9,0.9780701754385965,0.09090909090909091,-0.0004128917289375781,-1.0139598275625956
2025-11-20,2025-11-21,2025-11-24,NVTS,1,7.4503723092556005,7.669616576290131,0.02942729006470768,9,0.9912280701754386,0.09090909090909091,0.002675208187700698,6.569648754347253
2025-11-20,2025-11-21,2025-11-24,IAG,1,12.790639461851121,12.969351767015457,0.013972116538610635,6,0.975438596491228,0.09090909090909091,0.001270192412600967,3.11927798351927
2025-11-20,2025-11-21,2025-11-24,FLNC,1,15.580778923702244,15.499225000000001,-0.005234264865807137,0,0.9973684210526316,0.09090909090909091,-0.00047584226052792153,-1.1685507425236656
2025-11-20,2025-11-21,2025-11-24,RCAT,1,6.11030563352108,6.469676290202141,0.05881385944257134,0,0.9824561403508771,0.09090909090909091,0.005346714494779212,13.130206606711594
2025-11-21,2025-11-24,2025-11-25,EXK,1,7.2503625000000005,7.649617595362663,0.055066914980135495,33,0.9815789473684211,0.09090909090909091,0.005006083180012318,12.607602299305489
2025-11-21,2025-11-24,2025-11-25,SATS,1,70.51352763633729,70.98644836387635,0.006706808514503448,29,0.9833333333333334,0.09090909090909091,0.000609709864954859,1.5355277207549725
2025-11-21,2025-11-24,2025-11-25,AG,1,11.217674900986253,12.026303254300121,0.07208520129628404,28,0.987719298245614,0.09090909090909091,0.006553200117844004,16.50394887632206
2025-11-21,2025-11-24,2025-11-25,RDW,1,5.360268133521081,5.339733152580261,-0.0038309615170930567,22,0.974561403508772,0.09090909090909091,-0.0003482692288266415,-0.8771008735258992
2025-11-21,2025-11-24,2025-11-25,LUMN,1,7.660382847404481,7.789610461854934,0.016869602606642387,21,0.9842105263157894,0.09090909090909091,0.0015336002369674897,3.8623053550139352
2025-11-21,2025-11-24,2025-11-25,ROIV,1,20.171008576297762,20.353981792259216,0.009071099011700445,10,0.9780701754385965,0.09090909090909091,0.0008246453647000405,2.0768334089243523
2025-11-21,2025-11-24,2025-11-25,NVTS,1,7.670383576297761,8.039597961854934,0.04813506154999625,10,0.9929824561403509,0.09090909090909091,0.004375914686363296,11.020550413871229
2025-11-21,2025-11-24,2025-11-25,IAG,1,12.970648767042162,13.849307881450654,0.06774210991212137,7,0.975438596491228,0.09090909090909091,0.006158373628374671,15.509595571060355
2025-11-21,2025-11-24,2025-11-25,FLNC,1,15.500775,18.144093207740784,0.17052813215731355,1,0.9921052631578947,0.09090909090909091,0.015502557468846687,39.0425153081188
2025-11-21,2025-11-24,2025-11-25,RCAT,1,6.4703232901811605,7.009649728870392,0.08335386262811162,1,0.9859649122807017,0.09090909090909091,0.007577623875282874,19.083915460041048
2025-11-21,2025-11-24,2025-11-25,EOSE,1,12.665633211851121,13.17934130516052,0.040559211270126294,0,0.9850877192982457,0.09090909090909091,0.003687201024556936,9.286055074117085
2025-11-24,2025-11-25,2025-11-26,EXK,1,7.650382595372201,7.979601019072533,0.043032935882119094,34,0.987719298245614,0.08333333333333333,0.003586077990176591,9.495419263446566
2025-11-24,2025-11-25,2025-11-26,SATS,1,70.99354736366273,70.94644944839477,-0.0006634112115386781,30,0.9894736842105263,0.08333333333333333,-5.528426762822317e-05,-0.14638479733027654
2025-11-24,2025-11-25,2025-11-26,AG,1,12.027505944760074,12.556141761211947,0.04395223904937495,29,0.987719298245614,0.08333333333333333,0.0036626865874479124,9.698267821751319
2025-11-24,2025-11-25,2025-11-26,RDW,1,5.340267152595521,5.439728057217598,0.018624705802168906,23,0.9947368421052631,0.08333333333333333,0.0015520588168474088,4.109628744234101
2025-11-24,2025-11-25,2025-11-26,LUMN,1,7.790389461851121,7.989600271129608,0.025571354327534657,22,0.9842105263157894,0.08333333333333333,0.002130946193961221,5.642439343186487
2025-11-24,2025-11-25,2025-11-26,ROIV,1,20.35601729221344,20.91895407629013,0.02765456405325528,11,0.9780701754385965,0.08333333333333333,0.00230454700443794,6.102109346032521
2025-11-24,2025-11-25,2025-11-26,NVTS,1,8.04040196185112,8.349582881450653,0.03845341577031691,11,0.986842105263158,0.08333333333333333,0.0032044513141930757,8.48492665829257
2025-11-24,2025-11-25,2025-11-26,IAG,1,13.850692881488802,14.829258423709872,0.07065101728801637,8,0.975438596491228,0.08333333333333333,0.005887584774001364,15.589478542120132
2025-11-24,2025-11-25,2025-11-26,FLNC,1,18.145907707786563,17.619119839191438,-0.029030670555492577,2,0.9921052631578947,0.08333333333333333,-0.002419222546291048,-6.405753704058475
2025-11-24,2025-11-25,2025-11-26,RCAT,1,7.010350728893281,7.359632133507729,0.04982367047270242,2,0.9859649122807017,0.08333333333333333,0.004151972539391868,10.993826720957982
2025-11-24,2025-11-25,2025-11-26,EOSE,1,13.180659305191039,13.499325,0.024176764411432572,1,0.9850877192982457,0.08333333333333333,0.002014730367619381,5.33471653314539
2025-11-24,2025-11-25,2025-11-26,MARA,1,10.9005446185112,11.31943369483948,0.03842827042026209,0,0.9780701754385965,0.08333333333333333,0.003202355868355174,8.479378218791469
2025-11-25,2025-11-26,2025-11-28,EXK,1,7.980399019074441,9.009549728870391,0.12895980606184154,35,0.9833333333333334,0.09090909090909091,0.011723618732894686,31.948056597895267
2025-11-25,2025-11-26,2025-11-28,AG,1,12.557397438171916,13.985701728735133,0.11374206300275769,30,0.987719298245614,0.09090909090909091,0.010340187545705244,28.17806553330963
2025-11-25,2025-11-26,2025-11-28,RDW,1,5.4402720572233205,5.429728328347206,-0.00193808853035482,24,0.9833333333333334,0.09090909090909091,-0.00017618986639589274,-0.48013535341248215
2025-11-25,2025-11-26,2025-11-28,LUMN,1,7.990399271106721,8.139593343305588,0.018671666726136182,23,0.9842105263157894,0.09090909090909091,0.0016974242478305622,4.625654175205405
2025-11-25,2025-11-26,2025-11-28,ROIV,1,20.921046076297763,20.83895815258026,-0.003923700727876289,12,0.9780701754385965,0.09090909090909091,-0.00035670006617057173,-0.9720440558609543
2025-11-25,2025-11-26,2025-11-28,NVTS,1,8.3504178814888,8.529573232984543,0.021454657004997824,12,0.9947368421052631,0.09090909090909091,0.0019504233640907113,5.315102567348825
2025-11-25,2025-11-26,2025-11-28,IAG,1,14.830741423702243,15.549222690725326,0.048445404480912835,9,0.975438596491228,0.09090909090909091,0.0044041276800829855,12.001697052195697
2025-11-25,2025-11-26,2025-11-28,FLNC,1,17.620881839275363,19.009049728870394,0.07877970593395212,3,0.9921052631578947,0.09090909090909091,0.007161791448541102,19.51661204217778
2025-11-25,2025-11-26,2025-11-28,RCAT,1,7.360368133521081,7.4796260190725326,0.016202706629349084,3,0.9859649122807017,0.09090909090909091,0.0014729733299408258,4.014002534908475
2025-11-25,2025-11-26,2025-11-28,EOSE,1,13.500675000000001,14.459277038145066,0.07100400818070685,2,0.9929824561403509,0.09090909090909091,0.006454909834609714,17.590287557867686
2025-11-25,2025-11-26,2025-11-28,MARA,1,11.320565694808963,11.739412771129608,0.03699877617535563,1,0.9771929824561404,0.09090909090909091,0.003363525106850512,9.165948921606507
2025-11-26,2025-11-28,2025-12-01,EXK,1,9.01045072889328,9.949502309274674,0.10421804731368134,36,0.9833333333333334,0.1,0.010421804731368134,29.763308748271243
2025-11-26,2025-11-28,2025-12-01,AG,1,13.987100368840013,15.615200323973923,0.11640010525419098,31,0.987719298245614,0.1,0.011640010525419098,33.242344875108365
2025-11-26,2025-11-28,2025-12-01,RDW,1,5.430271328330041,5.3097344427824025,-0.022197212304805203,25,0.9833333333333334,0.1,-0.0022197212304805205,-6.339232985150295
2025-11-26,2025-11-28,2025-12-01,LUMN,1,8.140407343339922,7.949602309274674,-0.023439248924238987,24,0.9842105263157894,0.1,-0.002343924892423899,-6.693942369309077
2025-11-26,2025-11-28,2025-12-01,ROIV,1,20.841042152595524,20.67896630516052,-0.0077767630931459,13,0.9833333333333334,0.1,-0.00077767630931459,-2.2209416408157634
2025-11-26,2025-11-28,2025-12-01,NVTS,1,8.530426232957842,8.429578805160522,-0.011822085443713104,13,0.9982456140350877,0.1,-0.0011822085443713105,-3.376232698455913
2025-11-26,2025-11-28,2025-12-01,IAG,1,15.550777690744402,15.719214267015458,0.010831392462854472,10,0.975438596491228,0.1,0.0010831392462854472,3.093303764129489
2025-11-26,2025-11-28,2025-12-01,RCAT,1,7.480374019074441,7.129643614435196,-0.046886747072393264,4,0.9859649122807017,0.1,-0.0046886747072393264,-13.39024060887914
2025-11-26,2025-11-28,2025-12-01,MARA,1,11.740586771106722,11.079445923709871,-0.05631241949711585,2,0.9789473684210527,0.1,-0.005631241949711586,-16.082089149206347
2025-11-26,2025-11-28,2025-12-01,ACHR,1,7.560377942776681,7.519623980927467,-0.005390466211831368,0,0.9824561403508771,0.1,-0.0005390466211831369,-1.5394465190560083
2025-11-28,2025-12-01,2025-12-02,EXK,1,9.950497309255601,9.439527580404281,-0.05135117501876352,37,0.9824561403508771,0.1111111111111111,-0.005705686113195946,-16.386145236423747
2025-11-28,2025-12-01,2025-12-02,AG,1,15.616761922086228,15.395267854384747,-0.014183098186841825,32,0.987719298245614,0.1111111111111111,-0.0015758997985379805,-4.52582256797684
2025-11-28,2025-12-01,2025-12-02,RDW,1,5.3102654427766804,5.16974157629013,-0.02646268213911951,26,0.9964912280701754,0.1111111111111111,-0.0029402980154577233,-8.444234289059313
2025-11-28,2025-12-01,2025-12-02,LUMN,1,7.9503973092556,8.389580843305588,0.0552404511330149,25,0.986842105263158,0.1111111111111111,0.006137827903668322,17.627212130207386
2025-11-28,2025-12-01,2025-12-02,ROIV,1,20.68103430519104,20.268986957740783,-0.019923923599257876,14,0.9833333333333334,0.1111111111111111,-0.0022137692888064306,-6.357718312337681
2025-11-28,2025-12-01,2025-12-02,NVTS,1,8.430421805191042,8.349582881450653,-0.009588953626331276,14,0.9929824561403509,0.1111111111111111,-0.0010654392918145862,-3.05983235493605
2025-11-28,2025-12-01,2025-12-02,IAG,1,15.720786267042161,15.17924130516052,-0.03444770208580239,11,0.9921052631578947,0.1111111111111111,-0.003827522453978043,-10.992251866345061
2025-11-28,2025-12-01,2025-12-02,MARA,1,11.080553923702244,11.979400542259217,0.08111928561931037,3,0.9789473684210527,0.1111111111111111,0.009013253957701152,25.885140800522354
2025-11-28,2025-12-01,2025-12-02,ACHR,1,7.520375980925561,7.509624728870392,-0.0014296162961051628,1,0.9824561403508771,0.1111111111111111,-0.00015884625512279586,-0.45619015050342354
2025-12-01,2025-12-02,2025-12-03,EXK,1,9.44047158036232,9.309534919595718,-0.01386971611026,38,0.9824561403508771,0.1,-0.001386971611026,-3.973734671245198
2025-12-01,2025-12-02,2025-12-03,AG,1,15.396807458150374,15.935102528033017,0.034961473107055996,33,0.9815789473684211,0.1,0.0034961473107056,10.01661582247848
2025-12-01,2025-12-02,2025-12-03,RDW,1,5.17025857629776,5.219738790202141,0.009570162337956267,27,0.9973684210526316,0.1,0.0009570162337956267,2.7418936039829966
2025-12-01,2025-12-02,2025-12-03,LUMN,1,8.39041984333992,9.119543885564804,0.08689958975099943,26,0.986842105263158,0.1,0.008689958975099943,24.897114689686102
2025-12-01,2025-12-02,2025-12-03,ROIV,1,20.27101395778656,20.208988584518433,-0.003059806154605438,15,0.9833333333333334,0.1,-0.0003059806154605438,-0.8766479217877189
2025-12-01,2025-12-02,2025-12-03,NVTS,1,8.3504178814888,8.359581656694413,0.0010974031881598734,15,0.9885964912280701,0.1,0.00010974031881598734,0.31441084031273364
2025-12-01,2025-12-02,2025-12-03,IAG,1,15.18075930519104,15.209239538145065,0.001876074337354483,12,0.9859649122807017,0.1,0.0001876074337354483,0.5375035495257241
2025-12-01,2025-12-02,2025-12-03,MARA,1,11.980598542213441,12.059397419595719,0.006577207065626256,4,0.9789473684210527,0.1,0.0006577207065626257,1.8843987540093927
2025-12-01,2025-12-02,2025-12-03,ACHR,1,7.510375728893281,7.669616576290131,0.021202780412733935,2,0.9824561403508771,0.1,0.0021202780412733937,6.07468984823367
2025-12-01,2025-12-02,2025-12-03,EOSE,1,13.640682343339922,12.769361957740784,-0.06387659822784164,0,0.9982456140350877,0.1,-0.006387659822784164,-18.30092635215557
2025-12-02,2025-12-03,2025-12-04,EXK,1,9.31046591963768,8.649567118549347,-0.07098450354609664,39,0.9824561403508771,0.1111111111111111,-0.007887167060677405,-22.779842499628913
2025-12-02,2025-12-03,2025-12-04,AG,1,15.936696117965317,15.305296218128394,-0.039619246998450985,34,0.9780701754385965,0.1111111111111111,-0.004402138555383442,-12.714327233302704
2025-12-02,2025-12-03,2025-12-04,RDW,1,5.22026079018116,5.639717866492272,0.08035174738780726,28,0.987719298245614,0.1111111111111111,0.008927971931978584,25.785911834624223
2025-12-02,2025-12-03,2025-12-04,LUMN,1,9.12045588555336,9.539522961854935,0.04594804048834544,27,0.9885964912280701,0.1111111111111111,0.005105337832038382,14.7453186710163
2025-12-02,2025-12-03,2025-12-04,ROIV,1,20.211009584426883,20.698965762901306,0.024143087777782624,16,0.9833333333333334,0.1111111111111111,0.0026825653086425135,7.747828181617909
2025-12-02,2025-12-03,2025-12-04,NVTS,1,8.360417656660081,8.599570381450652,0.028605356169025598,16,0.9982456140350877,0.1111111111111111,0.003178372907669511,9.179827647213623
2025-12-02,2025-12-03,2025-12-04,IAG,1,15.210760538148882,14.869256385564805,-0.022451484376969755,13,0.9859649122807017,0.1111111111111111,-0.0024946093752188617,-7.204970837869215
2025-12-02,2025-12-03,2025-12-04,ACHR,1,7.670383576297761,8.299585190725326,0.08203000647475567,3,0.9824561403508771,0.1111111111111111,0.00911444516386174,26.32448681598518
2025-12-02,2025-12-03,2025-12-04,EOSE,1,12.770638957786561,13.409329347419739,0.05001240672016283,1,0.9973684210526316,0.1111111111111111,0.0055569340800180915,16.049626202891705
2025-12-03,2025-12-04,2025-12-05,AG,1,15.306826824280515,15.485241038224657,0.011655858917873907,35,0.987719298245614,0.14285714285714285,0.0016651227025534152,4.9041285396276155
2025-12-03,2025-12-04,2025-12-05,RDW,1,5.6402818664789205,6.139692866492272,0.08854362456270648,29,0.9885964912280703,0.14285714285714285,0.012649089223243782,37.2541671342782
2025-12-03,2025-12-04,2025-12-05,LUMN,1,9.540476961851121,8.719564267015457,-0.08604524680665271,28,0.9964912280701754,0.14285714285714285,-0.012292178115236101,-36.20299057641463
2025-12-03,2025-12-04,2025-12-05,ROIV,1,20.701035762977604,21.188941034030915,0.023569123624523902,17,0.9833333333333334,0.14285714285714285,0.0033670176606462716,9.916558928470856
2025-12-03,2025-12-04,2025-12-05,NVTS,1,8.6004303814888,9.449527309274673,0.09872726016286726,17,0.9815789473684211,0.14285714285714285,0.014103894308981036,41.53886707237817
2025-12-03,2025-12-04,2025-12-05,IAG,1,14.87074338555336,15.41922907629013,0.03688354216841727,14,0.9859649122807017,0.14285714285714285,0.005269077452631038,15.518515886745783
2025-12-03,2025-12-04,2025-12-05,EOSE,1,13.410670347404482,15.429228805160522,0.15051883354561135,2,0.9903508771929824,0.14285714285714285,0.021502690506515907,63.329842317372204
2025-12-04,2025-12-05,2025-12-08,AG,1,15.486789639758557,15.075367040402092,-0.026566035242077346,36,0.9701754385964912,0.125,-0.0033207544052596683,-10.231809074961259
2025-12-04,2025-12-05,2025-12-08,RDW,1,6.14030686647892,6.584670788145066,0.07236835736858871,30,0.9885964912280703,0.125,0.009046044671073589,27.872402069661064
2025-12-04,2025-12-05,2025-12-08,LUMN,1,8.72043626704216,8.349582881450653,-0.042526930331811874,29,1.0,0.125,-0.005315866291476484,-16.379088100059786
2025-12-04,2025-12-05,2025-12-08,ROIV,1,21.191060034084323,21.018949457740785,-0.008121848367505513,18,0.9833333333333334,0.125,-0.0010152310459381891,-3.1280995103281377
2025-12-04,2025-12-05,2025-12-08,NVTS,1,9.4504723092556,9.859506656694412,0.04328189470892507,18,0.9929824561403509,0.125,0.005410236838615634,16.66985980515729
2025-12-04,2025-12-05,2025-12-08,IAG,1,15.42077107629776,15.369231385564804,-0.0033422252673326325,15,0.9859649122807017,0.125,-0.00041777815841657906,-1.287245556562952
2025-12-04,2025-12-05,2025-12-08,UEC,1,14.160707847404481,13.799310190725327,-0.025521157598445532,0,0.9640350877192982,0.125,-0.0031901446998056915,-9.829378359993187
2025-12-04,2025-12-05,2025-12-08,EXK,1,8.900444618511202,8.739562771129608,-0.01807570905469047,0,0.9587719298245614,0.125,-0.0022594636318363087,-6.961791710989211
2025-12-05,2025-12-08,2025-12-09,AG,1,15.076874652486739,14.46555462711328,-0.04054686660624518,37,0.9701754385964912,0.14285714285714285,-0.005792409515177882,-17.825750694408562
2025-12-05,2025-12-08,2025-12-09,LUMN,1,8.3504178814888,8.32958342370987,-0.0024950197792036333,30,0.9964912280701754,0.14285714285714285,-0.0003564313970290904,-1.0968936513296927
2025-12-05,2025-12-08,2025-12-09,NVTS,1,9.860492656660082,9.299535190725326,-0.05688939543561933,19,0.9956140350877193,0.14285714285714285,-0.00812705649080276,-25.0104697371308
2025-12-05,2025-12-08,2025-12-09,IAG,1,15.370768385553362,14.969251767015457,-0.02612209152245637,16,0.9859649122807017,0.14285714285714285,-0.00373172736035091,-11.484139961239574
2025-12-05,2025-12-08,2025-12-09,UEC,1,13.800690190744401,13.499325,-0.021836965150229593,1,0.9692982456140351,0.14285714285714285,-0.0031195664500327986,-9.6002559327365
2025-12-05,2025-12-08,2025-12-09,EXK,1,8.74043677110672,8.57957092370987,-0.018404783606309594,1,0.9649122807017545,0.14285714285714285,-0.0026292548009013705,-8.09135481014162
2025-12-05,2025-12-08,2025-12-09,EOSE,1,15.120755885553361,15.329233423709871,0.013787507696999102,0,0.9921052631578947,0.14285714285714285,0.001969643956714157,6.061446801565927
2025-12-08,2025-12-09,2025-12-10,AG,1,14.467001254907382,15.245314927835146,0.05379924002313552,38,0.9657894736842105,0.16666666666666666,0.00896654000385592,26.988601342093048
2025-12-08,2025-12-09,2025-12-10,LUMN,1,8.330416423702241,8.479575542259216,0.017905361625449867,31,0.9684210526315791,0.16666666666666666,0.0029842269375749777,8.982295411375096
2025-12-08,2025-12-09,2025-12-10,NVTS,1,9.3004651907444,9.034548097419739,-0.028591805664656023,20,0.9947368421052631,0.16666666666666666,-0.004765300944109337,-14.343192290488897
2025-12-08,2025-12-09,2025-12-10,IAG,1,14.970748767042162,15.219239267015457,0.016598401578973965,17,0.9798245614035088,0.16666666666666666,0.0027664002631623275,8.326653739685815
2025-12-08,2025-12-09,2025-12-10,UEC,1,13.500675000000001,13.849307881450654,0.025823366716897667,2,0.9701754385964912,0.16666666666666666,0.0043038944528162775,12.95439395302459
2025-12-08,2025-12-09,2025-12-10,EXK,1,8.580428923702241,8.819558694839477,0.027869209484000734,2,0.9649122807017545,0.16666666666666666,0.004644868247333456,13.980699061167478
2025-12-09,2025-12-10,2025-12-11,AG,1,15.246839535558317,16.095054258986757,0.055632167010760014,39,0.9657894736842105,0.125,0.006954020876345002,21.325636183892914
2025-12-09,2025-12-10,2025-12-11,LUMN,1,8.48042354221344,8.599570381450652,0.014049633092513503,32,0.9684210526315791,0.125,0.0017562041365641878,5.385685655390256
2025-12-09,2025-12-10,2025-12-11,NVTS,1,9.035451597404482,8.809559919595719,-0.025000596303747846,21,1.0,0.125,-0.0031250745379684808,-9.583549406784485
2025-12-09,2025-12-10,2025-12-11,IAG,1,15.220761267042162,15.379231114435196,0.010411427169294996,18,0.9798245614035088,0.125,0.0013014283961618744,3.9910418719540344
2025-12-09,2025-12-10,2025-12-11,UEC,1,13.850692881488802,12.579370923709872,-0.09178760720902479,3,0.9815789473684211,0.125,-0.011473450901128099,-35.18520350197999
2025-12-09,2025-12-10,2025-12-11,EXK,1,8.82044069480896,9.149542118549345,0.03731122232181305,3,0.987719298245614,0.125,0.004663902790226632,14.302616553790418
2025-12-09,2025-12-10,2025-12-11,EOSE,1,14.975749131488804,14.559272419595718,-0.02781007535825908,0,0.993859649122807,0.125,-0.003476259419782385,-10.660514971889755
2025-12-09,2025-12-10,2025-12-11,NVO,1,45.725400252632674,48.19013503274396,0.05390296785798787,0,0.962280701754386,0.125,0.006737870982248484,20.662777373910153
2025-12-10,2025-12-11,2025-12-12,NVTS,1,8.810440919637681,9.099545381450655,0.03281384716723834,22,0.9956140350877193,0.16666666666666666,0.005468974527873057,16.825816882902032
2025-12-10,2025-12-11,2025-12-12,UEC,1,12.580628923702243,14.06929619483948,0.11833011530389759,4,0.9771929824561403,0.16666666666666666,0.01972168588398293,60.67563006826882
2025-12-10,2025-12-11,2025-12-12,EXK,1,9.150457118511198,9.699514809274673,0.06000330733780945,4,0.9859649122807017,0.16666666666666666,0.010000551222968241,30.76764076119891
2025-12-10,2025-12-11,2025-12-12,EOSE,1,14.560728419637682,16.319183694839477,0.12076698531305707,1,0.9947368421052631,0.16666666666666666,0.020127830885509512,61.92517354095527
2025-12-10,2025-12-11,2025-12-12,NVO,1,48.19495428720997,48.73994158657604,0.011307974194109782,1,0.962280701754386,0.16666666666666666,0.0018846623656849637,5.798341844434389
2025-12-10,2025-12-11,2025-12-12,FISV,1,66.5133276363373,68.72656685676574,0.03327512393500087,0,0.956140350877193,0.16666666666666666,0.005545853989166812,17.062343809694642
2025-12-11,2025-12-12,2025-12-15,NVTS,1,9.100455381488803,8.7495625,-0.038557727803660624,23,1.0,0.2,-0.007711545560732125,-25.209305518762594
2025-12-11,2025-12-12,2025-12-15,UEC,1,14.070703194808964,13.079345923709871,-0.07045541771251551,5,0.9850877192982456,0.2,-0.014091083542503102,-46.06423282022903
2025-12-11,2025-12-12,2025-12-15,EXK,1,9.7004848092556,9.299535190725326,-0.041332946385083114,5,0.9815789473684211,0.2,-0.008266589277016623,-27.023762362710343
2025-12-11,2025-12-12,2025-12-15,TTD,1,37.19185812664032,36.69316494483948,-0.013408665415499343,0,0.9859649122807017,0.2,-0.002681733083099869,-8.766676936447931
2025-12-11,2025-12-12,2025-12-15,UUUU,1,16.0008,14.759262228870393,-0.07759223108404634,0,0.9710526315789474,0.2,-0.015518446216809268,-50.73033009726385
2025-12-12,2025-12-15,2025-12-16,NVTS,1,8.7504375,7.799610190725327,-0.10866054517556112,24,0.9973684210526316,0.14285714285714285,-0.015522935025080158,-48.28288712729238
2025-12-12,2025-12-15,2025-12-16,UEC,1,13.080653923702243,12.2493875,-0.06354930178192264,6,0.9842105263157894,0.14285714285714285,-0.009078471683131806,-28.237883032864755
2025-12-12,2025-12-15,2025-12-16,EXK,1,9.3004651907444,9.139543343305588,-0.017302558972959514,6,0.9552631578947369,0.14285714285714285,-0.002471794138994216,-7.6883242261940925
2025-12-12,2025-12-15,2025-12-16,TTD,1,36.696834444808964,36.09819347419738,-0.016313150157731493,1,0.9789473684210526,0.14285714285714285,-0.0023304500225330704,-7.248684299197418
2025-12-12,2025-12-15,2025-12-16,UUUU,1,14.760738228893281,13.359331656694412,-0.09494149618178971,1,0.9710526315789474,0.14285714285714285,-0.013563070883112816,-42.1868815073147
2025-12-12,2025-12-15,2025-12-16,EOSE,1,15.090754652595521,13.439327580404282,-0.10943303434511831,0,0.9982456140350877,0.14285714285714285,-0.015633290620731186,-48.626139660403865
2025-12-12,2025-12-15,2025-12-16,QUBT,1,12.03060123295784,10.799460190725327,-0.10233412432121858,0,0.9552631578947368,0.14285714285714285,-0.01461916061731694,-45.471766830256826
2025-12-15,2025-12-16,2025-12-17,NVTS,1,7.800390190744401,7.859607133507729,0.007591535976442909,25,0.9956140350877193,0.125,0.0009489419970553636,2.7352009381481026
2025-12-15,2025-12-16,2025-12-17,UEC,1,12.2506125,12.299385190725326,0.003981245078588991,7,0.9692982456140351,0.125,0.0004976556348236238,1.4344271446180397
2025-12-15,2025-12-16,2025-12-17,EXK,1,9.140457343339921,9.56952119483948,0.04694117978814161,7,0.9552631578947369,0.125,0.005867647473517701,16.91272482837706
2025-12-15,2025-12-16,2025-12-17,TTD,1,36.10180347404479,36.56817119483948,0.012918128068864387,2,0.9789473684210526,0.125,0.0016147660086080484,4.654351388535625
2025-12-15,2025-12-16,2025-12-17,UUUU,1,13.360667656660082,14.119293885564804,0.056780562798189216,2,0.9710526315789474,0.125,0.007097570349773652,20.457816325459174
2025-12-15,2025-12-16,2025-12-17,EOSE,1,13.440671580362322,13.449327309274674,0.0006439952691796869,1,1.0,0.125,8.049940864746086e-05,0.2320289951716158
2025-12-15,2025-12-16,2025-12-17,QUBT,1,10.800540190744401,11.179441305160521,0.03508168181632443,1,0.9824561403508771,0.125,0.0043852102270405535,12.639793753672587
2025-12-15,2025-12-16,2025-12-17,MARA,1,10.770538957786561,10.779460732984543,0.0008283499305790087,0,0.9701754385964912,0.125,0.00010354374132237609,0.29845126391619087
2025-12-16,2025-12-17,2025-12-18,NVTS,1,7.860393133521081,7.739612771129608,-0.015365689774013647,26,0.9973684210526316,0.14285714285714285,-0.0021950985391448064,-6.457079069204381
2025-12-16,2025-12-17,2025-12-18,UEC,1,12.300615190744402,11.419429076290129,-0.07163756452744918,8,0.9692982456140351,0.14285714285714285,-0.010233937789635597,-30.104045134456946
2025-12-16,2025-12-17,2025-12-18,EXK,1,9.570478194808963,9.369531385564803,-0.020996527566736756,8,0.987719298245614,0.14285714285714285,-0.0029995039381052508,-8.823309637972411
2025-12-16,2025-12-17,2025-12-18,TTD,1,36.571828194808965,37.62811956806183,0.028882651630819822,3,0.9789473684210526,0.14285714285714285,0.004126093090117117,12.137272589213138
2025-12-16,2025-12-17,2025-12-18,EOSE,1,13.450672309255602,12.699364809274673,-0.05585650164593947,2,0.9982456140350877,0.14285714285714285,-0.00797950023513421,-23.47241503384627
2025-12-16,2025-12-17,2025-12-18,QUBT,1,11.18055930519104,10.594470517015457,-0.05242034608263879,2,0.9815789473684211,0.14285714285714285,-0.007488620868948398,-22.02844938748509
2025-12-16,2025-12-17,2025-12-18,MARA,1,10.780538732957842,10.199489809274674,-0.05389794870889042,1,0.9754385964912281,0.14285714285714285,-0.0076997069584129165,-22.64937803637051
2025-12-17,2025-12-18,2025-12-19,NVTS,1,7.740386771106721,7.449627309274674,-0.03756394485575221,27,0.9929824561403509,0.125,-0.004695493106969026,-13.33541234535438
2025-12-17,2025-12-18,2025-12-19,UEC,1,11.42057107629776,11.879406114435197,0.040176190408700574,9,0.9692982456140351,0.125,0.005022023801087572,14.262774253951962
2025-12-17,2025-12-18,2025-12-19,EXK,1,9.37046838555336,9.289535461854936,-0.008637020089967029,9,0.9789473684210526,0.125,-0.0010796275112458786,-3.066190858737318
2025-12-17,2025-12-18,2025-12-19,TTD,1,37.63188256816864,37.148144025802615,-0.01285448692314961,4,0.9789473684210526,0.125,-0.0016068108653937013,-4.56341537786908
2025-12-17,2025-12-18,2025-12-19,EOSE,1,12.700634809255602,12.449377309274674,-0.019783066260422255,3,0.9921052631578947,0.125,-0.002472883282552782,-7.023100131023654
2025-12-17,2025-12-18,2025-12-19,QUBT,1,10.595530017042162,10.33948315258026,-0.024165555102016345,3,0.9815789473684211,0.125,-0.003020694387752043,-8.578908394133228
2025-12-17,2025-12-18,2025-12-19,MARA,1,10.200509809255601,9.899504618549345,-0.029508837924270614,2,0.9885964912280701,0.125,-0.003688604740533827,-10.47580394081323
2025-12-17,2025-12-18,2025-12-19,FLNC,1,20.481023542213443,18.964051902580263,-0.07406717913812022,0,1.0,0.125,-0.009258397392265028,-26.294266453029696
2025-12-18,2025-12-19,2025-12-22,NVTS,1,7.4503723092556005,8.059597419595718,0.08177109613479017,28,0.9973684210526316,0.14285714285714285,0.01168158516211288,32.48448853570677
2025-12-18,2025-12-19,2025-12-22,UEC,1,11.880594114446641,12.599370381450655,0.060500027193925554,10,0.9692982456140351,0.14285714285714285,0.00864286102770365,24.03431692479006
2025-12-18,2025-12-19,2025-12-22,EXK,1,9.290464461851121,10.019499457740784,0.07847131850977473,10,0.9807017543859649,0.14285714285714285,0.011210188358539246,31.173614724580364
2025-12-18,2025-12-19,2025-12-22,TTD,1,37.151859025955204,37.528122279357916,0.010127709979192323,5,0.9789473684210526,0.14285714285714285,0.0014468157113131889,4.023346809118571
2025-12-18,2025-12-19,2025-12-22,EOSE,1,12.450622309255602,13.434328669595718,0.07900860984344882,4,0.9947368421052631,0.14285714285714285,0.01128694426334983,31.38705975582099
2025-12-18,2025-12-19,2025-12-22,QUBT,1,10.34051715259552,10.939452580404282,0.05792122569599201,4,0.9780701754385965,0.14285714285714285,0.008274460813713143,23.009858997047484
2025-12-18,2025-12-19,2025-12-22,MARA,1,9.9004946185112,10.409479347419738,0.051410030359178016,3,0.9912280701754386,0.14285714285714285,0.007344290051311144,20.42321334509454
2025-12-19,2025-12-22,2025-12-23,NVTS,1,8.06040341963768,7.7046146737098695,-0.044140314994780216,29,0.9929824561403509,0.125,-0.005517539374347527,-16.261433652391908
2025-12-19,2025-12-22,2025-12-23,UEC,1,12.600630381488804,12.539372961854935,-0.00486145675091465,11,0.9692982456140351,0.125,-0.0006076820938643313,-1.7909762632713389
2025-12-19,2025-12-22,2025-12-23,EXK,1,10.020501457786562,9.9995,-0.0020958489827116455,11,0.9850877192982456,0.125,-0.0002619811228389557,-0.7721174890081502
2025-12-19,2025-12-22,2025-12-23,TTD,1,37.53187527923585,37.12814456806183,-0.010757008760427733,6,0.9789473684210526,0.125,-0.0013446260950534666,-3.962916537332814
2025-12-19,2025-12-22,2025-12-23,EOSE,1,13.435672169637682,12.519374457740783,-0.06819887388794543,5,1.0,0.125,-0.008524859235993179,-25.12468393186168
2025-12-19,2025-12-22,2025-12-23,QUBT,1,10.940546580362321,11.969401767015457,0.09404056544120687,5,0.9789473684210527,0.125,0.011755070680150859,34.644846003850304
2025-12-19,2025-12-22,2025-12-23,MARA,1,10.41052034740448,9.989500271129609,-0.040441789864983924,4,0.9912280701754386,0.125,-0.0050552237331229904,-14.898885129188148
2025-12-19,2025-12-22,2025-12-23,AG,1,17.376396888043708,17.79453060016694,0.024063315013881814,0,0.9780701754385965,0.125,0.0030079143767352268,8.865002449600068
2025-12-22,2025-12-23,2025-12-24,NVTS,1,7.705385173702241,7.629618614435196,-0.009832935999828929,30,0.987719298245614,0.125,-0.0012291169999786161,-3.5985806540476384
2025-12-22,2025-12-23,2025-12-24,UEC,1,12.540626961851121,12.369381385564804,-0.013655264350598273,12,0.9692982456140351,0.125,-0.0017069080438247841,-4.9974463495769985
2025-12-22,2025-12-23,2025-12-24,EXK,1,10.0005,9.839508152580262,-0.01609837982298279,12,0.9771929824561404,0.125,-0.0020122974778728486,-5.891558553163022
2025-12-22,2025-12-23,2025-12-24,TTD,1,37.13185756816864,37.39813152580261,0.007171037892330867,7,0.9789473684210526,0.125,0.0008963797365413584,2.6244001007667874
2025-12-22,2025-12-23,2025-12-24,EOSE,1,12.52062645778656,12.074396059274674,-0.035639622347680255,6,0.9973684210526316,0.125,-0.004454952793460032,-13.043108945299487
2025-12-22,2025-12-23,2025-12-24,QUBT,1,11.970598767042162,11.729413042259216,-0.020148175498704957,6,0.9789473684210527,0.125,-0.0025185219373381196,-7.373670952933866
2025-12-22,2025-12-23,2025-12-24,MARA,1,9.99049927110672,9.809509919595719,-0.018116146811044453,5,0.9859649122807017,0.125,-0.0022645183513805567,-6.630005060670139
2025-12-22,2025-12-23,2025-12-24,AG,1,17.79631014220406,17.184719443204543,-0.03436615197827586,1,0.9710526315789474,0.125,-0.004295768997284483,-12.577054265911633
2025-12-23,2025-12-24,2025-12-26,NVTS,1,7.630381614446641,7.649617595362663,0.0025209723298245112,31,0.993859649122807,0.14285714285714285,0.0003601389042606444,1.0358639702103465
2025-12-23,2025-12-24,2025-12-26,UEC,1,12.370618385553362,12.389380843305588,0.0015166952182550375,13,0.9692982456140351,0.14285714285714285,0.00021667074546500534,0.6232079233055594
2025-12-23,2025-12-24,2025-12-26,EXK,1,9.840492152595521,10.079495923709871,0.024287786363541786,13,0.9807017543859649,0.14285714285714285,0.003469683766220255,9.979817117592265
2025-12-23,2025-12-24,2025-12-26,EOSE,1,12.075603559255601,12.079395923709871,0.00031405175200238666,7,0.9982456140350877,0.14285714285714285,4.486453600034095e-05,0.12904342139421782
2025-12-23,2025-12-24,2025-12-26,QUBT,1,11.73058604221344,11.349432881450655,-0.032492252253312426,7,0.9789473684210527,0.14285714285714285,-0.004641750321901775,-13.351020565360686
2025-12-23,2025-12-24,2025-12-26,MARA,1,9.810490919637681,9.969501767015457,0.01620824571168833,6,0.9815789473684211,0.14285714285714285,0.0023154636730983325,6.659945273664722
2025-12-23,2025-12-24,2025-12-26,AG,1,17.18643800107676,17.764539859897006,0.03363709564390405,2,0.9649122807017545,0.14285714285714285,0.004805299377700578,13.821435097808118
2025-12-24,2025-12-26,2025-12-29,NVTS,1,7.650382595372201,7.189640557217598,-0.06022470541974079,32,0.993859649122807,0.125,-0.007528088177467598,-21.794150968836604
2025-12-24,2025-12-26,2025-12-29,UEC,1,12.390619843339922,11.9994,-0.031573871871325765,14,0.9692982456140351,0.125,-0.003946733983915721,-11.425970877539894
2025-12-24,2025-12-26,2025-12-29,EXK,1,10.080503923702242,9.499525,-0.05763391672674112,14,0.9798245614035088,0.125,-0.00720423959084264,-20.856594869391053
2025-12-24,2025-12-26,2025-12-29,EOSE,1,12.080603923702244,11.509424728870393,-0.04728068219430592,8,1.0,0.125,-0.00591008527428824,-17.10996041359671
2025-12-24,2025-12-26,2025-12-29,QUBT,1,11.350567881488804,10.479475542259216,-0.07674438392199023,8,0.9789473684210527,0.125,-0.00959304799024878,-27.772301708228277
2025-12-24,2025-12-26,2025-12-29,MARA,1,9.97049876704216,9.469526767015457,-0.05024543021685979,7,0.9859649122807017,0.125,-0.0062806787771074735,-18.182845129889884
2025-12-24,2025-12-26,2025-12-29,AG,1,17.76631640271014,16.504928461449914,-0.07099884481781538,3,0.9649122807017545,0.125,-0.008874855602226922,-25.693102719025813
2025-12-24,2025-12-26,2025-12-29,MSTR,1,159.89799388961794,157.94209944839477,-0.012232138713218488,0,0.9763157894736842,0.125,-0.001529017339152311,-4.426573379307064
2025-12-26,2025-12-29,2025-12-30,NVTS,1,7.190359557223321,7.254637364435196,0.008939442694114286,33,0.9921052631578947,0.1,0.0008939442694114286,2.4562355484980127
2025-12-26,2025-12-29,2025-12-30,UEC,1,12.000600000000002,12.279385732984544,0.02323098286623515,15,0.9692982456140351,0.1,0.0023230982866235153,6.383033920018722
2025-12-26,2025-12-29,2025-12-30,EXK,1,9.500475000000002,9.809509919595719,0.032528365118135394,15,0.9798245614035088,0.1,0.0032528365118135397,8.937618313755866
2025-12-26,2025-12-29,2025-12-30,EOSE,1,11.510575728893281,11.339433152580261,-0.01486828985308064,9,0.9929824561403509,0.1,-0.0014868289853080642,-4.085268325122067
2025-12-26,2025-12-29,2025-12-30,QUBT,1,10.48052354221344,10.579470923709872,0.009441072394703598,9,0.9789473684210527,0.1,0.0009441072394703598,2.5940652482824422
2025-12-26,2025-12-29,2025-12-30,MARA,1,9.470473767042161,9.519524457740784,0.005179328078529943,8,0.9947368421052631,0.1,0.0005179328078529944,1.4230920404238474
2025-12-26,2025-12-29,2025-12-30,AG,1,16.506579036824828,17.214709468783607,0.04289989042423614,4,0.9649122807017545,0.1,0.004289989042423614,11.787338371334402
2025-12-26,2025-12-29,2025-12-30,MSTR,1,157.9578944480896,155.81221632385254,-0.013583861267169595,1,0.9763157894736842,0.1,-0.0013583861267169595,-3.732353802352219
2025-12-26,2025-12-29,2025-12-30,SOUN,1,10.470523767042161,10.449477309274673,-0.002010067331467691,0,0.9850877192982457,0.1,-0.0002010067331467691,-0.5522938066011793
2025-12-26,2025-12-29,2025-12-30,TEVA,1,31.501575000000003,31.498425,-9.99950002500416e-05,0,0.9728070175438597,0.1,-9.99950002500416e-06,-0.027475009649978503
2025-12-29,2025-12-30,2025-12-31,NVTS,1,7.25536286444664,7.199639809274673,-0.007680257516136879,34,0.9921052631578947,0.09090909090909091,-0.0006982052287397163,-1.9358072094023493
2025-12-29,2025-12-30,2025-12-31,UEC,1,12.28061373295784,11.669416576290129,-0.04976926804785209,16,0.9692982456140351,0.09090909090909091,-0.004524478913441099,-12.544333011137148
2025-12-29,2025-12-30,2025-12-31,EXK,1,9.810490919637681,9.609519156694413,-0.02048539309495545,16,0.974561403508772,0.09090909090909091,-0.0018623084631777683,-5.163338801770083
2025-12-29,2025-12-30,2025-12-31,EOSE,1,11.340567152595522,11.32943342370987,-0.0009817612061053804,10,0.9929824561403509,0.09090909090909091,-8.925101873685277e-05,-0.24745269500368014
2025-12-29,2025-12-30,2025-12-31,QUBT,1,10.580528923702243,10.324483559274674,-0.024199675297326806,10,0.9789473684210527,0.09090909090909091,-0.002199970481575164,-6.099522809923223
2025-12-29,2025-12-30,2025-12-31,MARA,1,9.520476457786561,9.349532881450655,-0.01795535938709203,9,0.9964912280701754,0.09090909090909091,-0.001632305398826548,-4.525644364907442
2025-12-29,2025-12-30,2025-12-31,AG,1,17.216431025808337,16.434949528299256,-0.045391608535915395,5,0.9649122807017545,0.09090909090909091,-0.0041265098669014,-11.440944898731988
2025-12-29,2025-12-30,2025-12-31,MSTR,1,155.827798324585,156.2321934928894,0.00259514138460748,2,0.9763157894736842,0.09090909090909091,0.00023592194405522545,0.6541048123954626
2025-12-29,2025-12-30,2025-12-31,SOUN,1,10.450522309255602,9.9995,-0.04315787248797609,1,0.9850877192982457,0.09090909090909091,-0.003923442953452372,-10.877932221563604
2025-12-29,2025-12-30,2025-12-31,TEVA,1,31.501575000000003,31.41842907629013,-0.002639421162588529,1,0.974561403508772,0.09090909090909091,-0.000239947378417139,-0.6652655206485844
2025-12-29,2025-12-30,2025-12-31,PSLV,1,25.40126961851121,24.008799728870397,-0.054818909076342015,0,0.9833333333333334,0.09090909090909091,-0.004983537188758365,-13.817093916263874
2025-12-30,2025-12-31,2026-01-02,NVTS,1,7.200359809255601,7.499625,0.04156253280005706,35,0.9947368421052631,0.1,0.0041562532800057065,11.245764484932499
2025-12-30,2025-12-31,2026-01-02,UEC,1,11.67058357629776,11.949402309274674,0.023890727584795046,17,0.9692982456140351,0.1,0.002389072758479505,6.464223368791337
2025-12-30,2025-12-31,2026-01-02,EXK,1,9.610480156660081,9.719514267015457,0.01134533432024365,17,0.974561403508772,0.1,0.001134533432024365,3.069758967338647
2025-12-30,2025-12-31,2026-01-02,EOSE,1,11.330566423702242,11.689415080404281,0.0316708488598918,11,0.9982456140350877,0.1,0.00316708488598918,8.569326345668403
2025-12-30,2025-12-31,2026-01-02,QUBT,1,10.325516059255602,10.549472690725327,0.02168963083147557,11,0.9789473684210527,0.1,0.0021689630831475573,5.868662558879714
2025-12-30,2025-12-31,2026-01-02,MARA,1,9.350467881488802,9.189540080404281,-0.017210668292130138,10,0.9921052631578947,0.1,-0.0017210668292130138,-4.6567691909605
2025-12-30,2025-12-31,2026-01-02,AG,1,16.436593105430944,17.034765719324422,0.036392737233108985,6,0.9649122807017545,0.1,0.0036392737233108987,9.846949266889137
2025-12-30,2025-12-31,2026-01-02,MSTR,1,156.24781749343873,154.58226683807374,-0.010659673089097321,3,0.9780701754385965,0.1,-0.0010659673089097321,-2.884236473822326
2025-12-30,2025-12-31,2026-01-02,SOUN,1,10.0005,10.289485461854936,0.02889710133042689,2,0.9850877192982457,0.1,0.002889710133042689,7.81882079762868
2025-12-30,2025-12-31,2026-01-02,SMR,1,14.315715330362321,14.559272419595718,0.01701326714123974,0,0.9833333333333334,0.1,0.0017013267141239741,4.603357459229728
2025-12-31,2026-01-02,2026-01-05,NVTS,1,7.500375000000001,8.689565080404282,0.15855074984974493,36,0.9947368421052631,0.1,0.015855074984974495,43.68526148034568
2025-12-31,2026-01-02,2026-01-05,UEC,1,11.9505973092556,13.56932119483948,0.13545129533652656,18,0.9692982456140351,0.1,0.013545129533652656,37.32070179570462
2025-12-31,2026-01-02,2026-01-05,EXK,1,9.720486267042162,9.32953342370987,-0.04021947386087443,18,0.974561403508772,0.1,-0.004021947386087444,-11.081614144867158
2025-12-31,2026-01-02,2026-01-05,EOSE,1,11.69058408036232,13.28333619670868,0.13624230452453112,12,0.9982456140350877,0.1,0.013624230452453112,37.538647426640345
2025-12-31,2026-01-02,2026-01-05,QUBT,1,10.550527690744401,11.269436957740783,0.06813965026858848,12,0.9789473684210527,0.1,0.006813965026858848,18.774420442562057
2025-12-31,2026-01-02,2026-01-05,MARA,1,9.19045908036232,10.369481385564804,0.1282876399201598,11,0.993859649122807,0.1,0.01282876399201598,35.34691005825999
2025-12-31,2026-01-02,2026-01-05,AG,1,17.036469281074446,16.59490068622608,-0.025919020400482773,7,0.9649122807017545,0.1,-0.0025919020400482773,-7.14143064339046
2025-12-31,2026-01-02,2026-01-05,MSTR,1,154.59772583770754,163.41182716903685,0.05701313705340083,4,0.9736842105263158,0.1,0.005701313705340084,15.708748160150106
2025-12-31,2026-01-02,2026-01-05,SOUN,1,10.29051446185112,10.7494625,0.04459913446021435,3,0.9850877192982457,0.1,0.004459913446021435,12.288335769701147
2025-12-31,2026-01-02,2026-01-05,SMR,1,14.560728419637682,17.944102444839476,0.232362964797745,1,0.975438596491228,0.1,0.0232362964797745,64.02263556090132
2026-01-02,2026-01-05,2026-01-06,NVTS,1,8.690434080362321,9.019549457740784,0.03787099405335348,37,1.0,0.14285714285714285,0.005410142007621925,16.239884694934183
2026-01-02,2026-01-05,2026-01-06,MARA,1,10.37051838555336,10.629468614435195,0.0249698442502706,12,0.9780701754385965,0.14285714285714285,0.0035671206071815143,10.707598298147976
2026-01-02,2026-01-05,2026-01-06,MSTR,1,163.42816916885377,166.87166088256836,0.02107036829224218,5,0.9736842105263158,0.14285714285714285,0.003010052613177454,9.035420381723785
2026-01-02,2026-01-05,2026-01-06,VXX,1,25.851292881488803,26.298684237098694,0.017306343541922065,0,0.9815789473684211,0.14285714285714285,0.002472334791703152,7.421326813227548
2026-01-02,2026-01-05,2026-01-06,UNH,1,332.878880097386,345.6454281921756,0.03835193176285223,0,0.9780701754385965,0.14285714285714285,0.005478847394693176,16.44612097531019
2026-01-02,2026-01-05,2026-01-06,EQX,1,13.88770320328603,14.48572396554947,0.04306117098772244,0,0.9719298245614035,0.14285714285714285,0.00615159585538892,18.46554253855224
2026-01-02,2026-01-05,2026-01-06,OKLO,1,81.65408402595521,92.99535,0.13889404442329867,0,0.9719298245614035,0.14285714285714285,0.019842006346185524,59.56070926127964
2026-01-05,2026-01-06,2026-01-07,MARA,1,10.63053161444664,10.289485461854936,-0.03208175893369536,13,0.9596491228070175,0.125,-0.00401021986671192,-12.583965530509346
2026-01-05,2026-01-06,2026-01-07,MSTR,1,166.88834888305666,163.44182444839478,-0.020651677949531155,6,0.9736842105263158,0.125,-0.0025814597436913944,-8.100553464078583
2026-01-05,2026-01-06,2026-01-07,VXX,1,26.301314237022403,26.16869157629013,-0.005042434744404911,1,0.9921052631578947,0.125,-0.0006303043430506139,-1.9778786177084817
2026-01-05,2026-01-06,2026-01-07,UNH,1,345.6799944633084,346.2705499589702,0.0017083878301338284,1,0.9710526315789474,0.125,0.00021354847876672856,0.6701095663606578
2026-01-05,2026-01-06,2026-01-07,EQX,1,14.487172610378266,14.096107784647202,-0.026993868040953273,1,0.9719298245614035,0.125,-0.003374233505119159,-10.58825688655427
2026-01-05,2026-01-06,2026-01-07,OKLO,1,93.00465000000001,93.59531847419738,0.006350956368282423,1,0.9719298245614035,0.125,0.0007938695460353029,2.491141966043979
2026-01-05,2026-01-06,2026-01-07,GIS,1,43.029648542437876,42.627766519359746,-0.009339653859402941,0,0.9780701754385965,0.125,-0.0011674567324253676,-3.6634488301130514
2026-01-05,2026-01-06,2026-01-07,SOUN,1,11.08555428814888,11.459427038145066,0.03372612142596032,0,0.9640350877192982,0.125,0.00421576517824504,13.228961366463695
2026-01-06,2026-01-07,2026-01-08,MARA,1,10.29051446185112,9.899504618549345,-0.03799711323970467,14,0.9780701754385965,0.14285714285714285,-0.005428159034243524,-16.91945976583937
2026-01-06,2026-01-07,2026-01-08,MSTR,1,163.45816944808962,158.62207338256837,-0.02958613865461812,7,0.9736842105263158,0.14285714285714285,-0.004226591236374017,-13.174197719585683
2026-01-06,2026-01-07,2026-01-08,VXX,1,26.17130857629776,26.568671194839478,0.015183139099952836,2,0.9885964912280703,0.14285714285714285,0.0021690198714218335,6.760790207935051
2026-01-06,2026-01-07,2026-01-08,UNH,1,346.30517874540544,338.36242232360695,-0.02293571366900582,2,0.9710526315789474,0.14285714285714285,-0.0032765305241436882,-10.21287807248623
2026-01-06,2026-01-07,2026-01-08,GIS,1,42.63202950916118,41.696863509344446,-0.021935760755086187,1,0.9780701754385965,0.14285714285714285,-0.003133680107869455,-9.767616270936577
2026-01-06,2026-01-07,2026-01-08,EOSE,1,14.330716423702244,13.909304347419738,-0.029406211373041558,0,0.9982456140350877,0.14285714285714285,-0.0042008873390059365,-13.094079201575994
2026-01-06,2026-01-07,2026-01-08,LUMN,1,8.220411267042161,7.91960407629013,-0.03659271792860874,0,0.9833333333333334,0.14285714285714285,-0.005227531132658392,-16.294106734109803
2026-01-07,2026-01-08,2026-01-09,MARA,1,9.9004946185112,10.529473232984543,0.0635300193282593,15,0.986842105263158,0.16666666666666666,0.010588336554709882,32.22558731951997
2026-01-07,2026-01-08,2026-01-09,MSTR,1,158.63793638305665,166.7416625,0.051083153889341926,8,0.9736842105263158,0.16666666666666666,0.008513858981556988,25.91191776145441
2026-01-07,2026-01-08,2026-01-09,VXX,1,26.571328194808963,26.128692660808564,-0.0166583894773793,3,0.987719298245614,0.16666666666666666,-0.002776398246229883,-8.449964133208898
2026-01-07,2026-01-08,2026-01-09,GIS,1,41.70103340419013,42.6774866348153,0.02341556433771874,2,0.9754385964912282,0.16666666666666666,0.003902594056286457,11.877539487310404
2026-01-07,2026-01-08,2026-01-09,EOSE,1,13.91069534740448,14.279285732984542,0.026496905896859824,1,1.0,0.16666666666666666,0.00441615098280997,13.440549266392859
2026-01-07,2026-01-08,2026-01-09,PPL,1,34.06638734898178,34.59893775293472,0.015632723203003795,0,0.9535087719298246,0.16666666666666666,0.002605453867167299,7.9296951574544385
2026-01-08,2026-01-09,2026-01-12,MARA,1,10.530526232957842,10.219489267015458,-0.029536697318023664,16,0.9824561403508771,0.16666666666666666,-0.004922782886337277,-15.388507973262895
2026-01-08,2026-01-09,2026-01-12,VXX,1,26.131305660724642,26.328683423709865,0.007553306579773489,4,0.9964912280701754,0.16666666666666666,0.0012588844299622481,3.9352442582135247
2026-01-08,2026-01-09,2026-01-12,GIS,1,42.68175459687689,43.837841048293534,0.027086197892652653,3,0.9780701754385965,0.16666666666666666,0.004514366315442109,14.111807009042801
2026-01-08,2026-01-09,2026-01-12,EOSE,1,14.28071373295784,15.279235732984542,0.06992101506259152,2,0.9973684210526316,0.16666666666666666,0.011653502510431919,36.428585302011676
2026-01-08,2026-01-09,2026-01-12,PPL,1,34.60239781971335,34.311106848699,-0.00841823079810966,1,0.9535087719298246,0.16666666666666666,-0.00140303846635161,-4.38586651590286
2026-01-08,2026-01-09,2026-01-12,CL,1,80.37188944506045,81.49685695382573,0.01399702702689698,0,0.9596491228070176,0.16666666666666666,0.002332837837816163,7.292398323557478
2026-01-09,2026-01-12,2026-01-13,MARA,1,10.220511267042161,10.899454618549345,0.06642949004875676,17,0.9710526315789474,0.14285714285714285,0.009489927149822393,30.060847902527097
2026-01-09,2026-01-12,2026-01-13,VXX,1,26.33131642370224,25.713714402580262,-0.023455037765071296,5,0.9956140350877193,0.14285714285714285,-0.0033507196807244705,-10.613935501933497
2026-01-09,2026-01-12,2026-01-13,GIS,1,43.84222505159853,42.756153240314795,-0.02477227855122599,4,0.9701754385964914,0.14285714285714285,-0.003538896935889427,-11.210016773888746
2026-01-09,2026-01-12,2026-01-13,EOSE,1,15.280763732957842,16.584169834518434,0.08529718306876122,3,0.9973684210526316,0.14285714285714285,0.012185311866965887,38.59890607111515
2026-01-09,2026-01-12,2026-01-13,PPL,1,34.31453813094799,34.50960993676679,0.005684815137956711,2,0.9587719298245614,0.14285714285714285,0.0008121164482795301,2.5725075277662555
2026-01-09,2026-01-12,2026-01-13,CL,1,81.50500704702579,81.85465364366641,0.0042898787363934154,1,0.9596491228070176,0.14285714285714285,0.0006128398194847736,1.9412672311703387
2026-01-09,2026-01-12,2026-01-13,EQX,1,14.627049295727558,14.68552647904051,0.003997879690610828,0,0.9719298245614035,0.14285714285714285,0.0005711256700872612,1.8091310534500094
2026-01-12,2026-01-13,2026-01-14,MARA,1,10.9005446185112,11.179441305160521,0.025585573602964873,18,0.9885964912280703,0.14285714285714285,0.003655081943280696,11.771771723416393
2026-01-12,2026-01-13,2026-01-14,VXX,1,25.716285902595523,27.163642665481568,0.056281718455306384,6,1.0,0.14285714285714285,0.008040245493615197,25.8948871789485
2026-01-12,2026-01-13,2026-01-14,GIS,1,42.76042906943029,43.61166918042575,0.019907192923936723,5,0.9736842105263158,0.14285714285714285,0.0028438847034195315,9.159182216944217
2026-01-12,2026-01-13,2026-01-14,PPL,1,34.51306107031715,34.73788549589349,0.006514183865588663,3,0.9587719298245614,0.14285714285714285,0.0009305976950840947,2.9971376299801147
2026-01-12,2026-01-13,2026-01-14,CL,1,81.86283951832452,82.59010636366442,0.008883967983752905,2,0.9596491228070176,0.14285714285714285,0.0012691382833932721,4.087461345434139
2026-01-12,2026-01-13,2026-01-14,EQX,1,14.68699510511972,14.895320533647514,0.014184346562161831,1,0.9763157894736842,0.14285714285714285,0.002026335223165976,6.5261343117297175
2026-01-12,2026-01-13,2026-01-14,KHC,1,23.00501758574791,23.110895876389847,0.004602399900251797,0,0.9631578947368422,0.14285714285714285,0.0006574857000359709,2.1175370873592727
2026-01-13,2026-01-14,2026-01-15,VXX,1,27.166359165573123,26.253686410808562,-0.033595696397961006,7,1.0,0.2,-0.006719139279592202,-22.058200644015095
2026-01-13,2026-01-14,2026-01-15,GIS,1,43.61603056541305,44.595021293501254,0.02244566310590712,6,0.9736842105263158,0.2,0.004489132621181425,14.737332261643955
2026-01-13,2026-01-14,2026-01-15,PPL,1,34.74135945814119,35.33339071747642,0.01704110802136416,4,0.9640350877192984,0.2,0.003408221604272832,11.188819409452684
2026-01-13,2026-01-14,2026-01-15,EQX,1,14.896810140181207,14.535674738189096,-0.02424246523878426,2,0.9763157894736842,0.2,-0.004848493047756853,-15.917073306303584
2026-01-13,2026-01-14,2026-01-15,KHC,1,23.113207081537748,23.83372583515804,0.031173465070359008,1,0.9675438596491228,0.2,0.006234693014071802,20.4678164472551
2026-01-14,2026-01-15,2026-01-16,VXX,1,26.256311910724644,26.148692118549356,-0.004098816031025687,8,1.0,0.125,-0.0005123520038782109,-1.6861408242349338
2026-01-14,2026-01-15,2026-01-16,GIS,1,44.59948101861686,44.51635569019195,-0.0018638182895046596,7,0.9763157894736842,0.125,-0.00023297728618808244,-0.7667238741874229
2026-01-14,2026-01-15,2026-01-16,PPL,1,35.33692423322396,35.7006232997044,0.010292323804981462,5,0.9640350877192984,0.125,0.0012865404756226828,4.233980547665989
2026-01-14,2026-01-15,2026-01-16,EQX,1,14.537128378344924,14.395812615766603,-0.009721023224148584,3,0.9763157894736842,0.125,-0.001215127903018573,-3.9989631121529357
2026-01-14,2026-01-15,2026-01-16,KHC,1,23.836109326916148,23.445265305536235,-0.016397139987043285,2,0.9675438596491228,0.125,-0.0020496424983804107,-6.74533497565397
2026-01-14,2026-01-15,2026-01-16,OKLO,1,97.8048930519104,92.0953934741974,-0.0583764206427041,0,0.9921052631578947,0.125,-0.007297052580338012,-24.014463023787616
2026-01-14,2026-01-15,2026-01-16,QS,1,10.9005446185112,10.429478805160521,-0.043214887864476026,0,0.9719298245614035,0.125,-0.005401860983059503,-17.777423063506895
2026-01-14,2026-01-15,2026-01-16,SHEL,1,72.68461693581904,73.56401675485243,0.012098843690817151,0,0.9666666666666668,0.125,0.001512355461352144,4.977133425531928
2026-01-15,2026-01-16,2026-01-20,VXX,1,26.15130711851121,28.728563042259218,0.09855170573572192,9,1.0,0.125,0.01231896321696524,39.97145871390328
2026-01-15,2026-01-16,2026-01-20,GIS,1,44.520807548353886,43.75917378653152,-0.017107366280253555,8,0.9763157894736842,0.125,-0.0021384207850316944,-6.938554537132863
2026-01-15,2026-01-16,2026-01-20,PPL,1,35.70419354054641,36.28620500311116,0.01630092728193966,6,0.9640350877192984,0.125,0.0020376159102424574,6.611471988071499
2026-01-15,2026-01-16,2026-01-20,EQX,1,14.397252269010844,14.735478007199083,0.023492381175833632,4,0.9666666666666667,0.125,0.002936547646979204,9.52824446062069
2026-01-15,2026-01-16,2026-01-20,KHC,1,23.44760994929898,23.02238610634887,-0.01813506126507458,3,0.9675438596491228,0.125,-0.0022668826581343227,-7.355376015255382
2026-01-15,2026-01-16,2026-01-20,OKLO,1,92.10460347404481,90.83045733451843,-0.013833685738470547,1,0.9868421052631579,0.125,-0.0017292107173088184,-5.610786685308076
2026-01-15,2026-01-16,2026-01-20,SHEL,1,73.57137352436641,72.89530215696985,-0.009189326432415323,1,0.9789473684210526,0.125,-0.0011486658040519154,-3.7270870083857974
2026-01-15,2026-01-16,2026-01-20,MARA,1,10.69053408036232,10.809459919595719,0.01112440579108731,0,0.980701754385965,0.125,0.0013905507238859138,4.511933339718727
2026-01-16,2026-01-20,2026-01-21,VXX,1,28.731436042213442,28.15859184741974,-0.019937889423698008,10,1.0,0.125,-0.002492236177962251,-8.177965162075857
2026-01-16,2026-01-20,2026-01-21,GIS,1,43.76354992271698,43.493667924199364,-0.0061668214528805,9,0.9728070175438597,0.125,-0.0007708526816100625,-2.5294578543732738
2026-01-16,2026-01-20,2026-01-21,PPL,1,36.28983380505157,36.72291057982885,0.011933831857807942,7,0.9640350877192984,0.125,0.0014917289822259927,4.894924387895561
2026-01-16,2026-01-20,2026-01-21,EQX,1,14.736951628680877,16.07415909075053,0.0907384034203651,5,0.9666666666666667,0.125,0.011342300427545637,37.21835778425622
2026-01-16,2026-01-20,2026-01-21,KHC,1,23.02468846007719,21.861923704478233,-0.05050078126421076,4,0.9675438596491228,0.125,-0.006312597658026345,-20.714009445024203
2026-01-16,2026-01-20,2026-01-21,OKLO,1,90.83954083442688,96.38517988967895,0.061048734992618536,2,0.9929824561403509,0.125,0.007631091874077317,25.04048534671007
2026-01-16,2026-01-20,2026-01-21,SHEL,1,72.90259205168029,72.69220217736026,-0.0028859038944855087,2,0.9736842105263157,0.125,-0.0003607379868106886,-1.183717143207234
2026-01-16,2026-01-20,2026-01-21,NVTS,1,10.29051446185112,10.184491169595718,-0.010303011831765185,0,0.9789473684210527,0.125,-0.0012878764789706482,-4.226007579542651
2026-01-20,2026-01-21,2026-01-22,VXX,1,28.161407847404483,26.288686415481568,-0.0664995671406221,11,0.9964912280701754,0.1111111111111111,-0.0073888407934024555,-24.46719273314483
2026-01-20,2026-01-21,2026-01-22,GIS,1,43.498017508471,43.11016167073803,-0.008916632526009716,10,0.9728070175438597,0.1111111111111111,-0.0009907369473344128,-3.2806975432361716
2026-01-20,2026-01-21,2026-01-22,PPL,1,36.72658305451057,36.881709931341994,0.0042238309129161156,8,0.9640350877192984,0.1111111111111111,0.00046931454587956835,1.5540745520943986
2026-01-20,2026-01-21,2026-01-22,EQX,1,16.075766587034423,14.76544837781357,-0.08150890983187464,6,0.9675438596491228,0.1111111111111111,-0.00905654553687496,-29.989581768371554
2026-01-20,2026-01-21,2026-01-22,KHC,1,21.864110006163767,21.92093095156486,0.0025988227000812714,5,0.9675438596491228,0.1111111111111111,0.00028875807778680794,0.9561851094113072
2026-01-20,2026-01-21,2026-01-22,OKLO,1,96.39481888961792,92.45537608451843,-0.04086778574282668,3,0.9956140350877193,0.1111111111111111,-0.004540865082536297,-15.036488707244457
2026-01-20,2026-01-21,2026-01-22,NVTS,1,10.185509669637682,9.9995,-0.018262185759065575,1,0.9789473684210527,0.1111111111111111,-0.002029131751007286,-6.71920792733404
2026-01-20,2026-01-21,2026-01-22,UEC,1,18.6009303814888,19.179041305160524,0.03107967783412846,0,0.9701754385964914,0.1111111111111111,0.0034532975371253842,11.435149134785128
2026-01-20,2026-01-21,2026-01-22,CDE,1,23.281164686679844,23.15884184741974,-0.0052541546312796505,0,0.968421052631579,0.1111111111111111,-0.0005837949590310722,-1.933161666171743
2026-01-21,2026-01-22,2026-01-23,VXX,1,26.291315415573123,26.348682881450653,0.002181992987827064,12,0.9982456140350877,0.1,0.0002181992987827064,0.7077061479956978
2026-01-21,2026-01-22,2026-01-23,GIS,1,43.114472902466694,43.64117119337055,0.01221627577577844,11,0.9728070175438597,0.1,0.0012216275775778441,3.9622187240569287
2026-01-21,2026-01-22,2026-01-23,PPL,1,36.8853982867529,36.325902086224445,-0.01516850099269218,9,0.9640350877192984,0.1,-0.001516850099269218,-4.91974147868247
2026-01-21,2026-01-22,2026-01-23,EQX,1,14.766924996482286,15.984247323379698,0.08243573575320506,7,0.9675438596491228,0.1,0.008243573575320507,26.737151463163087
2026-01-21,2026-01-22,2026-01-23,KHC,1,21.92312315427015,22.304473811787634,0.017394905590502274,6,0.9675438596491228,0.1,0.0017394905590502276,5.641852058590976
2026-01-21,2026-01-22,2026-01-23,OKLO,1,92.46462208442689,91.38542988967896,-0.011671406538195206,4,0.9973684210526316,0.1,-0.0011671406538195205,-3.7854961995380068
2026-01-21,2026-01-22,2026-01-23,NVTS,1,10.0005,11.139443343305588,0.1138886398985639,2,0.9728070175438597,0.1,0.01138886398985639,36.9385653816179
2026-01-21,2026-01-22,2026-01-23,CDE,1,23.161157847404482,25.848707881450654,0.11603694650124541,1,0.968421052631579,0.1,0.011603694650124542,37.635345709959616
2026-01-21,2026-01-22,2026-01-23,MARA,1,10.610530156660081,10.259487228870391,-0.033084390940573805,0,0.987719298245614,0.1,-0.0033084390940573806,-10.730569255703287
2026-01-21,2026-01-22,2026-01-23,AEO,1,25.905459033903306,24.850068809699046,-0.040740070377561555,0,0.9631578947368422,0.1,-0.004074007037756156,-13.213607209934276
2026-01-22,2026-01-23,2026-01-26,VXX,1,26.351317881488804,26.448678262901307,0.003694706346391019,13,0.9982456140350877,0.125,0.0004618382932988774,1.534171498674346
2026-01-22,2026-01-23,2026-01-26,GIS,1,43.64553552870666,43.92633889304615,0.006433724799981055,12,0.9728070175438597,0.125,0.0008042155999976319,2.671507907005022
2026-01-22,2026-01-23,2026-01-26,PPL,1,36.32953485807166,36.14725190647395,-0.005017486524664716,10,0.9640350877192984,0.125,-0.0006271858155830895,-2.0834361649992252
2026-01-22,2026-01-23,2026-01-26,KHC,1,22.30670437069676,22.815864228671902,0.022825418291910538,7,0.9675438596491228,0.125,0.002853177286488817,9.477913237401081
2026-01-22,2026-01-23,2026-01-26,OKLO,1,91.39456888961793,86.17569130516053,-0.057102710236102916,5,0.9728070175438597,0.125,-0.0071378387795128645,-23.7110455684419
2026-01-22,2026-01-23,2026-01-26,NVTS,1,11.140557343339921,10.209489538145066,-0.08357461628717067,3,0.9789473684210527,0.125,-0.010446827035896333,-34.70310825802567
2026-01-22,2026-01-23,2026-01-26,MARA,1,10.26051322889328,10.379481114435196,0.011594730486473637,1,0.9789473684210527,0.125,0.0014493413108092046,4.814538255397203
2026-01-22,2026-01-23,2026-01-26,AEO,1,24.852553940836575,23.846928480474702,-0.04046366674249424,1,0.9798245614035088,0.125,-0.00505795834281178,-16.801931852805986
2026-01-23,2026-01-26,2026-01-27,VXX,1,26.451323262977603,26.48867527112961,0.0014121035753353883,14,1.0,0.14285714285714285,0.00020172908219076975,0.6581908885161983
2026-01-23,2026-01-26,2026-01-27,GIS,1,43.93073174657814,43.75917117243627,-0.003905251911840435,13,0.9684210526315791,0.14285714285714285,-0.0005578931302629192,-1.8202639456693837
2026-01-23,2026-01-26,2026-01-27,PPL,1,36.150866812409895,36.21673131178757,0.001821934166045036,11,0.9640350877192984,0.14285714285714285,0.00026027630943500517,0.8492156584777318
2026-01-23,2026-01-26,2026-01-27,KHC,1,22.8181459291798,23.14039943861448,0.01412268597259625,8,0.9640350877192982,0.14285714285714285,0.00201752656751375,6.5826780633500075
2026-01-23,2026-01-26,2026-01-27,OKLO,1,86.18430930519105,82.80585705871582,-0.039200317014917996,6,0.9929824561403509,0.14285714285714285,-0.005600045287845428,-18.271529041371817
2026-01-23,2026-01-26,2026-01-27,MARA,1,10.380519114446642,10.049497690725326,-0.031888715783070065,2,0.9833333333333334,0.14285714285714285,-0.004555530826152866,-14.863542973407133
2026-01-23,2026-01-26,2026-01-27,AEO,1,23.849313292563355,24.025705352603637,0.007396106457089546,2,0.9798245614035088,0.14285714285714285,0.001056586636727078,3.447374516699988
2026-01-26,2026-01-27,2026-01-28,VXX,1,26.491324271106723,26.818658694839478,0.01235628768055852,15,1.0,0.125,0.001544535960069815,5.003007815815431
2026-01-26,2026-01-27,2026-01-28,GIS,1,43.76354730836031,43.83784325641839,0.0016976674110666945,14,0.9684210526315791,0.125,0.0002122084263833368,0.6873782438381936
2026-01-26,2026-01-27,2026-01-28,PPL,1,36.22035316601146,36.454931837090605,0.006476432463371706,12,0.9640350877192984,0.125,0.0008095540579214633,2.6222796903499126
2026-01-26,2026-01-27,2026-01-28,KHC,1,23.142713594266127,23.287915128117206,0.006274179268547675,9,0.9614035087719299,0.125,0.0007842724085684594,2.5403882403741758
2026-01-26,2026-01-27,2026-01-28,OKLO,1,82.81413805847168,86.72566685676574,0.04723262102338466,7,0.9798245614035088,0.125,0.005904077627923082,19.124285404365107
2026-01-26,2026-01-27,2026-01-28,MARA,1,10.050502690744402,10.709464538145065,0.06556506352737035,3,0.993859649122807,0.125,0.008195632940921294,26.547012642638805
2026-01-26,2026-01-27,2026-01-28,AEO,1,24.028108043273434,23.489372420370202,-0.02242105878386247,3,0.9798245614035088,0.125,-0.0028026323479828086,-9.078190410782893
2026-01-26,2026-01-27,2026-01-28,NFLX,1,85.28426277923585,85.6257157535553,0.004003704355202364,0,0.9763157894736842,0.125,0.0005004630444002955,1.621082698876294
2026-01-27,2026-01-28,2026-01-29,VXX,1,26.821340694808963,27.298634237098693,0.01779529023998805,16,0.9982456140350877,0.1111111111111111,0.001977254471109783,6.501352945238434
2026-01-27,2026-01-28,2026-01-29,GIS,1,43.84222725994421,43.65100434110934,-0.004361615063511515,15,0.9684210526315791,0.1111111111111111,-0.00048462389594572386,-1.5934777436468466
2026-01-27,2026-01-28,2026-01-29,PPL,1,36.458577512558094,36.59388060477979,0.0037111456741583115,13,0.9640350877192984,0.1111111111111111,0.0004123495193509235,1.3558344670704408
2026-01-27,2026-01-28,2026-01-29,KHC,1,23.290244036075418,22.86306737911415,-0.01834144186293596,10,0.9614035087719299,0.1111111111111111,-0.002037937984770662,-6.7008846423624435
2026-01-27,2026-01-28,2026-01-29,OKLO,1,86.73433985710145,93.94529944839479,0.08313846168857353,8,0.9921052631578947,0.1111111111111111,0.009237606854285946,30.373906548992775
2026-01-27,2026-01-28,2026-01-29,MARA,1,10.71053553814888,10.109494156694412,-0.05611683741804263,4,0.9763157894736842,0.1111111111111111,-0.006235204157560292,-20.501793525425683
2026-01-27,2026-01-28,2026-01-29,AEO,1,23.491721475064974,22.99276886228277,-0.02123950828004717,4,0.9798245614035088,0.1111111111111111,-0.0023599453644496853,-7.759667746334746
2026-01-27,2026-01-28,2026-01-29,NFLX,1,85.63427875328065,84.30578205871582,-0.015513608731292483,1,0.9701754385964914,0.1111111111111111,-0.0017237343034769426,-5.667760652187756
2026-01-27,2026-01-28,2026-01-29,TTD,1,32.486624860382086,31.548421737098693,-0.028879673629240155,0,0.987719298245614,0.1111111111111111,-0.003208852625471128,-10.550935032521913
2026-01-28,2026-01-29,2026-01-30,VXX,1,27.3013642370224,27.42862880516052,0.004661472849241122,17,0.9982456140350877,0.1111111111111111,0.000517941427693458,1.695410357291933
2026-01-28,2026-01-29,2026-01-30,GIS,1,43.65536965980939,43.975511400297464,0.007333387461446961,16,0.9684210526315791,0.1111111111111111,0.0008148208290496622,2.6672044347949075
2026-01-28,2026-01-29,2026-01-30,PPL,1,36.59754017581882,35.91897275061078,-0.018541339717044525,14,0.9640350877192984,0.1111111111111111,-0.0020601488574493914,-6.743615250159216
2026-01-28,2026-01-29,2026-01-30,KHC,1,22.865353800173114,22.815863905297867,-0.002164405384134982,11,0.9614035087719299,0.1111111111111111,-0.0002404894871261091,-0.7872094130588511
2026-01-28,2026-01-29,2026-01-30,OKLO,1,93.95469444808963,85.14574402580261,-0.09375742717309343,9,0.9921052631578947,0.1111111111111111,-0.010417491908121492,-34.10023360496128
2026-01-28,2026-01-29,2026-01-30,MARA,1,10.11050515666008,9.7495125,-0.03570471020652066,5,0.9789473684210527,0.1111111111111111,-0.00396719002294674,-12.986053431180437
2026-01-28,2026-01-29,2026-01-30,AEO,1,22.995068254138594,22.843788014976983,-0.0065788123561835166,5,0.9798245614035088,0.1111111111111111,-0.0007309791506870573,-2.392760178613824
2026-01-28,2026-01-29,2026-01-30,NFLX,1,84.3142130584717,83.0958434741974,-0.0144503463897524,2,0.9807017543859649,0.1111111111111111,-0.0016055940433058222,-5.255692294685518
2026-01-28,2026-01-29,2026-01-30,TTD,1,31.551576737022405,31.328433423709868,-0.00707233477339031,1,0.9903508771929824,0.1111111111111111,-0.0007858149748211455,-2.5722577418838464
2026-01-29,2026-01-30,2026-02-02,VXX,1,27.43137180519104,27.228638042259217,-0.007390580550312054,18,0.9912280701754386,0.1,-0.0007390580550312054,-2.3745106770275908
2026-01-29,2026-01-30,2026-02-02,GIS,1,43.97990917132605,45.97171599396112,0.04528901628413751,17,0.9684210526315791,0.1,0.004528901628413751,14.55085320925435
2026-01-29,2026-01-30,2026-02-02,PPL,1,35.92256482748969,36.06785255356166,0.004044469730089872,15,0.9640350877192984,0.1,0.0004044469730089873,1.2994427828281778
2026-01-29,2026-01-30,2026-02-02,KHC,1,22.818145605773424,23.346921348353902,0.023173475694128642,12,0.9614035087719299,0.1,0.0023173475694128645,7.445377948992717
2026-01-29,2026-01-30,2026-02-02,OKLO,1,85.15425902595521,78.2460875,-0.08112537887094506,10,0.986842105263158,0.1,-0.008112537887094507,-26.06467475668525
2026-01-29,2026-01-30,2026-02-02,MARA,1,9.7504875,9.179541305160521,-0.058555656303285186,6,0.9894736842105263,0.1,-0.005855565630328519,-18.81327591871492
2026-01-29,2026-01-30,2026-02-02,AEO,1,22.846072508003132,23.330459210362125,0.02120218703627552,6,0.9798245614035088,0.1,0.002120218703627552,6.81202500280529
2026-01-29,2026-01-30,2026-02-02,NFLX,1,83.10415347404481,83.52582227935791,0.005073979911783821,3,0.9807017543859649,0.1,0.0005073979911783821,1.6302128626479124
2026-01-29,2026-01-30,2026-02-02,TTD,1,31.331566423702238,30.128492660808565,-0.03839813645523804,2,0.9885964912280701,0.1,-0.003839813645523804,-12.336890772007798
2026-01-29,2026-01-30,2026-02-02,IAG,1,18.79094041557312,17.929103805160523,-0.04586447465387877,0,0.987719298245614,0.1,-0.004586447465387877,-14.73574153214501
2026-01-30,2026-02-02,2026-02-03,VXX,1,27.231361042213443,26.278686686611177,-0.034984456124886765,19,0.993859649122807,0.09090909090909091,-0.003180405102262433,-10.082329642307403
2026-01-30,2026-02-02,2026-02-03,GIS,1,45.976313395430594,44.447521127888315,-0.033251736701756074,18,0.9684210526315791,0.09090909090909091,-0.0030228851547050976,-9.582969345286667
2026-01-30,2026-02-02,2026-02-03,PPL,1,36.071459519165295,35.581520257563035,-0.013582462925902594,16,0.9640350877192984,0.09090909090909091,-0.0012347693569002359,-3.9143918111664604
2026-01-30,2026-02-02,2026-02-03,KHC,1,23.34925615722918,22.92404163175757,-0.018211052318253818,13,0.9614035087719299,0.09090909090909091,-0.001655550210750347,-5.248326055162755
2026-01-30,2026-02-02,2026-02-03,OKLO,1,78.25391250000001,75.47622935676574,-0.03549577336768006,11,0.9842105263157895,0.09090909090909091,-0.0032268884879709148,-10.229688485767326
2026-01-30,2026-02-02,2026-02-03,MARA,1,9.18045930519104,9.229538042259216,0.0053460001767478005,7,0.9982456140350877,0.09090909090909091,0.0004860000160679819,1.5406881232451755
2026-01-30,2026-02-02,2026-02-03,AEO,1,23.33279237294129,24.52230984344189,0.050980502097128566,7,0.9798245614035088,0.09090909090909091,0.0046345910997389606,14.692302937016368
2026-01-30,2026-02-02,2026-02-03,NFLX,1,83.53417527923585,82.22589185676574,-0.01566165486277704,4,0.9807017543859649,0.09090909090909091,-0.0014237868057070037,-4.513603598891905
2026-01-30,2026-02-02,2026-02-03,TTD,1,30.131505660724642,28.503573910808562,-0.054027560661796925,3,0.9815789473684211,0.09090909090909091,-0.004911596423799721,-15.570448613448601
2026-01-30,2026-02-02,2026-02-03,IAG,1,17.930896805191043,19.299034237098695,0.0763005580128917,1,0.987719298245614,0.09090909090909091,0.006936414364808337,21.989405095559814
2026-01-30,2026-02-02,2026-02-03,SOUN,1,8.41042034740448,8.574571059274673,0.019517539562793784,0,0.9771929824561403,0.09090909090909091,0.0017743217784357986,5.624848560640592
2026-02-02,2026-02-03,2026-02-04,VXX,1,26.281314686679842,27.08864565258026,0.030718819645259243,20,0.987719298245614,0.09090909090909091,0.0027926199677508405,8.809842038444208
2026-02-02,2026-02-03,2026-02-04,GIS,1,44.45196610224983,46.020881162098675,0.035294615681114694,19,0.9684210526315791,0.09090909090909091,0.0032086014255558815,10.122133355023063
2026-02-02,2026-02-03,2026-02-04,PPL,1,35.58507858750529,35.49219193385018,-0.002610269735015547,17,0.9640350877192984,0.09090909090909091,-0.00023729724863777698,-0.748598556480262
2026-02-02,2026-02-03,2026-02-04,KHC,1,22.926334150546687,23.553445375060868,0.027353314332602352,14,0.9614035087719299,0.09090909090909091,0.0024866649393274864,7.84464967342351
2026-02-02,2026-02-03,2026-02-04,MARA,1,9.230461042213442,8.919554076290131,-0.033682712542899784,8,0.993859649122807,0.09090909090909091,-0.003062064776627253,-9.659856086790285
2026-02-02,2026-02-03,2026-02-04,NFLX,1,82.23411485710145,79.98599836387635,-0.027338003177047154,5,0.9807017543859649,0.09090909090909091,-0.002485273016095196,-7.84025859123269
2026-02-02,2026-02-03,2026-02-04,TTD,1,28.506424410724645,27.03364809741974,-0.051664715717584686,4,0.9815789473684211,0.09090909090909091,-0.004696792337962244,-14.816909949314738
2026-02-02,2026-02-03,2026-02-04,IAG,1,19.300964237022402,20.108995110321043,0.04186479304224111,2,0.987719298245614,0.09090909090909091,0.0038058902765673737,12.006392756409886
2026-02-02,2026-02-03,2026-02-04,SOUN,1,8.5754285592556,8.179591305160523,-0.0461594719564008,1,0.9982456140350877,0.09090909090909091,-0.004196315632400072,-13.238062569134053
2026-02-02,2026-02-03,2026-02-04,EQX,1,15.026694672402433,15.604621345890893,0.03845999975961867,0,0.9771929824561403,0.09090909090909091,0.003496363614510788,11.029933005031097
2026-02-02,2026-02-03,2026-02-04,PSLV,1,27.931396805191042,29.098545381450652,0.04178625882550557,0,0.974561403508772,0.09090909090909091,0.0037987508023186885,11.983869949477757
2026-02-03,2026-02-04,2026-02-05,VXX,1,27.091354652595523,28.7485625,0.06117109567445356,21,0.9692982456140351,0.08333333333333333,0.005097591306204463,16.15706667209007
2026-02-03,2026-02-04,2026-02-05,GIS,1,46.0254834803308,48.36126169258016,0.05074967247758666,20,0.9684210526315791,0.08333333333333333,0.004229139373132221,13.404465503951052
2026-02-03,2026-02-04,2026-02-05,PPL,1,35.495741330513404,35.07533948448686,-0.011843726325139525,18,0.9640350877192984,0.08333333333333333,-0.000986977193761627,-3.1282728185819284
2026-02-03,2026-02-04,2026-02-05,KHC,1,23.55580083737149,24.256606949795355,0.029750893092627573,15,0.9614035087719299,0.08333333333333333,0.0024792410910522977,7.858076726465333
2026-02-03,2026-02-04,2026-02-05,MARA,1,8.920446076297761,7.799610190725327,-0.1256479637885568,9,0.9973684210526316,0.08333333333333333,-0.0104706636490464,-33.187284055660434
2026-02-03,2026-02-04,2026-02-05,NFLX,1,79.99399736366273,81.48592336387634,0.01865047440286216,6,0.9807017543859649,0.08333333333333333,0.0015542062002385133,4.926133087379018
2026-02-03,2026-02-04,2026-02-05,TTD,1,27.036351597404483,26.99865,-0.0013944779963618315,5,0.9771929824561403,0.08333333333333333,-0.00011620649969681929,-0.3683222232913185
2026-02-03,2026-02-04,2026-02-05,IAG,1,20.11100611038208,18.339083152580262,-0.08810712642004925,3,0.987719298245614,0.08333333333333333,-0.007342260535004104,-23.271656329829522
2026-02-03,2026-02-04,2026-02-05,SOUN,1,8.180409305191041,7.879606114435196,-0.036771166274646494,2,0.9894736842105263,0.08333333333333333,-0.003064263856220541,-9.71233518967503
2026-02-03,2026-02-04,2026-02-05,EQX,1,15.606181886052493,14.625586673950544,-0.06283376800691554,1,0.9771929824561403,0.08333333333333333,-0.005236147333909627,-16.59622682498965
2026-02-03,2026-02-04,2026-02-05,PSLV,1,29.101455381488805,24.23878777112961,-0.1670936228657588,1,0.974561403508772,0.08333333333333333,-0.013924468572146565,-44.13428883946921
2026-02-03,2026-02-04,2026-02-05,EOSE,1,14.440721580362322,12.024398368549345,-0.16732704099072793,0,0.9771929824561403,0.08333333333333333,-0.01394392008256066,-44.19594135960178
2026-02-04,2026-02-05,2026-02-06,VXX,1,28.7514375,28.478575542259218,-0.009490376185217975,22,0.9842105263157894,0.09090909090909091,-0.0008627614713834522,-2.620329257000566
2026-02-04,2026-02-05,2026-02-06,PPL,1,35.07884719382078,35.6311490968564,0.015744585333263394,19,0.9640350877192984,0.09090909090909091,0.0014313259393875814,4.347140385472983
2026-02-04,2026-02-05,2026-02-06,KHC,1,24.25903273177944,23.995992990134134,-0.010842960828389536,16,0.9614035087719299,0.09090909090909091,-0.000985723711671776,-2.9937830636676313
2026-02-04,2026-02-05,2026-02-06,MARA,1,7.800390190744401,7.229638519072533,-0.07316963096911444,10,0.993859649122807,0.09090909090909091,-0.006651784633555859,-20.20241569042731
2026-02-04,2026-02-05,2026-02-06,NFLX,1,81.49407236366272,81.01594564323425,-0.005867012244704872,7,0.9807017543859649,0.09090909090909091,-0.0005333647495186247,-1.6199045786958595
2026-02-04,2026-02-05,2026-02-06,TTD,1,27.001350000000002,26.328683423709865,-0.024912331283070577,6,0.9771929824561403,0.09090909090909091,-0.0022647573893700523,-6.878390197302908
2026-02-04,2026-02-05,2026-02-06,IAG,1,18.340917152595523,18.579070923709867,0.012984834353315877,4,0.987719298245614,0.09090909090909091,0.0011804394866650797,3.58516255723304
2026-02-04,2026-02-05,2026-02-06,SOUN,1,7.8803941144466405,7.629618614435196,-0.03182271043420448,3,0.9824561403508771,0.09090909090909091,-0.002892973675836771,-8.786372379809725
2026-02-04,2026-02-05,2026-02-06,EQX,1,14.62704930574953,14.166039142371114,-0.03151764609128682,2,0.9771929824561403,0.09090909090909091,-0.0028652405537533477,-8.70214294491547
2026-02-04,2026-02-05,2026-02-06,EOSE,1,12.0256008685112,11.884405978870392,-0.0117411920771896,1,0.9780701754385965,0.09090909090909091,-0.0010673810979263273,-3.241788155862921
2026-02-04,2026-02-05,2026-02-06,NVTS,1,7.860393133521081,7.784610597419738,-0.009641061816382135,0,0.9894736842105263,0.09090909090909091,-0.0008764601651256486,-2.661934137591501
2026-02-05,2026-02-06,2026-02-09,VXX,1,28.48142354221344,27.508624728870394,-0.03415555447575236,23,0.9842105263157894,0.09090909090909091,-0.003105050406886578,-9.274511862472622
2026-02-05,2026-02-06,2026-02-09,PPL,1,35.63471238993074,35.621221727949944,-0.0003785820363351178,20,0.9640350877192984,0.09090909090909091,-3.441654875773798e-05,-0.10279919740145717
2026-02-05,2026-02-06,2026-02-09,KHC,1,23.998392709419115,24.168095941468025,0.007071441579598048,17,0.9614035087719299,0.09090909090909091,0.0006428583254180043,1.920161151572685
2026-02-05,2026-02-06,2026-02-09,MARA,1,7.230361519074441,7.849607404637337,0.08564521759102384,11,1.0,0.09090909090909091,0.007785928871911258,23.255883229063073
2026-02-05,2026-02-06,2026-02-09,NFLX,1,81.02404764289857,82.17589130516052,0.014216071595664292,8,0.9807017543859649,0.09090909090909091,0.0012923701450603903,3.8601957039037154
2026-02-05,2026-02-06,2026-02-09,TTD,1,26.33131642370224,27.118644839191436,0.02990083757379014,7,0.9798245614035088,0.09090909090909091,0.002718257961253649,8.11919692221232
2026-02-05,2026-02-06,2026-02-09,IAG,1,18.58092892370224,19.479025542259215,0.048334322909515226,5,0.987719298245614,0.09090909090909091,0.004394029355410475,13.124578361247838
2026-02-05,2026-02-06,2026-02-09,SOUN,1,7.630381614446641,8.409579347419738,0.10211779336145366,4,0.9789473684210526,0.09090909090909091,0.009283435760132151,27.7288043024653
2026-02-05,2026-02-06,2026-02-09,EQX,1,14.167455817119091,14.7354781890796,0.04009346344840159,3,0.9771929824561403,0.09090909090909091,0.0036448603134910536,10.886876470525287
2026-02-05,2026-02-06,2026-02-09,EOSE,1,11.885594478893282,12.56937119483948,0.057529870900480784,2,0.9789473684210526,0.09090909090909091,0.005229988263680071,15.621513932435569
2026-02-05,2026-02-06,2026-02-09,NVTS,1,7.78538909740448,8.649567118549347,0.11099997833543984,1,0.9956140350877193,0.09090909090909091,0.010090907121403623,30.140650081879965
2026-02-06,2026-02-09,2026-02-10,VXX,1,27.511375728893288,26.708663584518433,-0.029177462889717343,24,0.9824561403508771,0.09090909090909091,-0.00265249662633794,-8.25507984534765
2026-02-06,2026-02-09,2026-02-10,PPL,1,35.624784028237755,35.59144595540734,-0.0009358112263639917,21,0.9640350877192984,0.09090909090909091,-8.507374785127197e-05,-0.26476587162518345
2026-02-06,2026-02-09,2026-02-10,KHC,1,24.170512871908695,24.17301357746055,0.00010346100494884602,18,0.9614035087719299,0.09090909090909091,9.405545904440547e-06,0.029271868495242773
2026-02-06,2026-02-09,2026-02-10,MARA,1,7.850392404627801,7.9996,0.01900638690165879,12,0.9973684210526316,0.09090909090909091,0.0017278533546962536,5.377412081297073
2026-02-06,2026-02-09,2026-02-10,NFLX,1,82.18410930519104,82.71586522064209,0.006470300888415936,9,0.9807017543859649,0.09090909090909091,0.0005882091716741761,1.830620114544676
2026-02-06,2026-02-09,2026-02-10,TTD,1,27.121356839275364,27.33863315258026,0.008011262658889295,8,0.9807017543859649,0.09090909090909091,0.0007282966053535723,2.266599161179635
2026-02-06,2026-02-09,2026-02-10,IAG,1,19.48097354221344,21.118944839191435,0.0840805667862885,6,0.987719298245614,0.09090909090909091,0.0076436878896625916,23.788627369225704
2026-02-06,2026-02-09,2026-02-10,SOUN,1,8.41042034740448,8.82955842370987,0.049835568139556585,5,0.9964912280701754,0.09090909090909091,0.004530506194505144,14.09980695323878
2026-02-06,2026-02-09,2026-02-10,EQX,1,14.736951810579585,15.42479806583915,0.046674934145184865,4,0.9771929824561403,0.09090909090909091,0.004243175831380442,13.205579580417625
2026-02-06,2026-02-09,2026-02-10,EOSE,1,12.570628194808963,12.979350542259217,0.03251407496238223,3,0.9789473684210526,0.09090909090909091,0.002955824996580203,9.19909609435834
2026-02-06,2026-02-09,2026-02-10,NVTS,1,8.650432118511201,9.109544156694412,0.05307388485261333,2,0.9692982456140351,0.09090909090909091,0.004824898622964848,15.016012832134036
2026-02-09,2026-02-10,2026-02-11,VXX,1,26.711334584426883,26.518674457740783,-0.007212673184754492,25,0.9894736842105263,0.1111111111111111,-0.000801408131639388,-2.5552782728558405
2026-02-09,2026-02-10,2026-02-11,PPL,1,35.59500527796901,35.87927693043015,0.007986279261407825,22,0.9640350877192984,0.1111111111111111,0.0008873643623786471,2.829348475232381
2026-02-09,2026-02-10,2026-02-11,KHC,1,24.17543099968941,23.405927788447947,-0.03182996866741894,19,0.9614035087719299,0.1111111111111111,-0.003536663185268771,-11.276599573852213
2026-02-09,2026-02-10,2026-02-11,MARA,1,8.0004,7.629618614435196,-0.0463453559278042,13,0.9973684210526316,0.1111111111111111,-0.005149483991978244,-16.419055462044994
2026-02-09,2026-02-10,2026-02-11,NFLX,1,82.72413722076416,81.95590108451843,-0.00928672286053045,10,0.9807017543859649,0.1111111111111111,-0.0010318580956144943,-3.2900646603128787
2026-02-09,2026-02-10,2026-02-11,TTD,1,27.341367152595524,28.24058847980499,0.0328886745930006,9,0.9798245614035088,0.1111111111111111,0.0036542971770000664,11.651673860415029
2026-02-09,2026-02-10,2026-02-11,SOUN,1,8.830441423702242,8.359581656694413,-0.053322336270072546,6,0.9912280701754386,0.1111111111111111,-0.0059247040300080605,-18.89083337601233
2026-02-09,2026-02-10,2026-02-11,EQX,1,15.426340622773584,16.26397138526297,0.05429873376792993,5,0.9798245614035088,0.1111111111111111,0.006033192640881103,19.236747747568696
2026-02-09,2026-02-10,2026-02-11,NVTS,1,9.11045515666008,9.069546194839479,-0.004490331286104432,3,0.9692982456140351,0.1111111111111111,-0.000498925698456048,-1.5908173959081215
2026-02-10,2026-02-11,2026-02-12,VXX,1,26.521326457786564,26.858657610321043,0.012719241364921974,26,0.9789473684210526,0.1111111111111111,0.0014132490405468858,4.476977726551962
2026-02-10,2026-02-11,2026-02-12,PPL,1,35.88286503752855,35.90904955405266,0.0007297220134656612,23,0.9640350877192984,0.1111111111111111,8.10802237184068e-05,0.2568509478773035
2026-02-10,2026-02-11,2026-02-12,MARA,1,7.630381614446641,7.559621942782402,-0.009273411899906714,14,0.9982456140350877,0.1111111111111111,-0.0010303790999896347,-3.2640986466002926
2026-02-10,2026-02-11,2026-02-12,NFLX,1,81.96409708442688,79.10604511032105,-0.034869559670277384,11,0.9807017543859649,0.1111111111111111,-0.003874395518919709,-12.27354977389126
2026-02-10,2026-02-11,2026-02-12,TTD,1,28.243412679862978,27.328633423709867,-0.03238911906723407,10,0.9728070175438597,0.1111111111111111,-0.0035987910074704523,-11.400472755124571
2026-02-10,2026-02-11,2026-02-12,SOUN,1,8.360417656660081,7.869606385564804,-0.05870654927200758,7,0.9973684210526316,0.1111111111111111,-0.006522949919111953,-20.663804228005986
2026-02-10,2026-02-11,2026-02-12,EQX,1,16.26559786372542,16.11411810010312,-0.00931289245507061,6,0.9798245614035088,0.1111111111111111,-0.0010347658283411788,-3.277995196011497
2026-02-10,2026-02-11,2026-02-12,NVTS,1,9.070453194808962,8.809559919595719,-0.028762981254624953,4,0.9692982456140351,0.1111111111111111,-0.003195886806069439,-10.124127904461501
2026-02-10,2026-02-11,2026-02-12,EOSE,1,13.035651597404481,11.699414809274673,-0.10250632875121224,0,0.9780701754385965,0.1111111111111111,-0.011389592083468026,-36.08065430029722
2026-02-11,2026-02-12,2026-02-13,VXX,1,26.86134361038208,28.808558965969087,0.07249136096209274,27,0.9789473684210526,0.125,0.009061420120261593,27.865626545503368
2026-02-11,2026-02-12,2026-02-13,PPL,1,35.912640638562294,36.216731962076665,0.008467528928737256,24,0.9640350877192984,0.125,0.001058441116092157,3.2549119751638176
2026-02-11,2026-02-12,2026-02-13,MARA,1,7.560377942776681,7.499625,-0.008035701817622143,15,1.0,0.125,-0.0010044627272027679,-3.0889179470361117
2026-02-11,2026-02-12,2026-02-13,NFLX,1,79.11395611038209,76.13619238967895,-0.03763891817707199,12,0.9807017543859649,0.125,-0.004704864772133999,-14.468372832005496
2026-02-11,2026-02-12,2026-02-13,TTD,1,27.33136642370224,26.41368016548157,-0.033576303650330375,11,0.9710526315789474,0.125,-0.004197037956291297,-12.906706756240727
2026-02-11,2026-02-12,2026-02-13,SOUN,1,7.870393385553361,7.679615828347206,-0.024239901090120863,8,0.9903508771929824,0.125,-0.003029987636265108,-9.317800387696682
2026-02-11,2026-02-12,2026-02-13,EQX,1,16.11572959248775,15.464758645393093,-0.040393513887084675,7,0.9798245614035088,0.125,-0.0050491892358855844,-15.527237423873178
2026-02-11,2026-02-12,2026-02-13,EOSE,1,11.7005848092556,10.944452444839479,-0.06462346769351157,1,0.9885964912280701,0.125,-0.008077933461688946,-24.841214082936826
2026-02-12,2026-02-13,2026-02-17,VXX,1,28.81143996591568,29.478525542259217,0.023153496567082543,28,0.9789473684210526,0.1111111111111111,0.002572610729675838,7.784747655731878
2026-02-12,2026-02-13,2026-02-17,PPL,1,36.22035381636559,37.71541998570377,0.04127696203405562,25,0.9640350877192984,0.1111111111111111,0.004586329114895068,13.878281083781788
2026-02-12,2026-02-13,2026-02-17,MARA,1,7.500375000000001,7.679615828347206,0.02389758223384897,16,1.0,0.1111111111111111,0.0026552869148721075,8.03492667872484
2026-02-12,2026-02-13,2026-02-17,NFLX,1,76.14380638961792,76.91615216903686,0.010143251513681228,13,0.9807017543859649,0.1111111111111111,0.0011270279459645808,3.4103986503226653
2026-02-12,2026-02-13,2026-02-17,TTD,1,26.416321665573122,25.88870488967896,-0.019973135645973583,12,0.968421052631579,0.1111111111111111,-0.0022192372939970647,-6.715435849920946
2026-02-12,2026-02-13,2026-02-17,SOUN,1,7.680383828330041,7.329633423709869,-0.0456683432052426,9,0.9885964912280703,0.1111111111111111,-0.005074260356138067,-15.354766252178562
2026-02-12,2026-02-13,2026-02-17,EQX,1,15.466305198585294,15.234985357239994,-0.014956373767049391,8,0.9798245614035088,0.1111111111111111,-0.0016618193074499322,-5.028683045083522
2026-02-12,2026-02-13,2026-02-17,EOSE,1,10.945546944808964,10.899454618549345,-0.004211057381785621,2,0.9912280701754386,0.1111111111111111,-0.00046789526464284677,-1.4158560883462594
2026-02-12,2026-02-13,2026-02-17,QUBT,1,8.360417656660081,8.309584919595718,-0.0060801671820628345,0,0.9771929824561404,0.1111111111111111,-0.0006755741313403149,-2.044294566044704
2026-02-13,2026-02-17,2026-02-18,VXX,1,29.481473542213443,28.348582881450653,-0.03842720612796524,29,0.9789473684210526,0.125,-0.004803400765995655,-14.546660868013864
2026-02-13,2026-02-17,2026-02-18,MARA,1,7.680383828330041,7.4796260190725326,-0.026139033379684595,17,1.0,0.125,-0.0032673791724605744,-9.894959647228976
2026-02-13,2026-02-17,2026-02-18,NFLX,1,76.92384416885376,77.31613369483948,0.005099712972282289,14,0.9807017543859649,0.125,0.0006374641215352861,1.93050191796313
2026-02-13,2026-02-17,2026-02-18,SOUN,1,7.330366423702241,7.319634171652794,-0.001464081251756344,10,0.9850877192982457,0.125,-0.000183010156469543,-0.5542295576106846
2026-02-13,2026-02-17,2026-02-18,EQX,1,15.236508931954454,15.384837485414478,0.0097350747551459,9,0.9798245614035088,0.125,0.0012168843443932376,3.6852231857889968
2026-02-13,2026-02-17,2026-02-18,EOSE,1,10.9005446185112,11.549422690725327,0.05952712409545202,3,0.9912280701754386,0.125,0.007440890511931503,22.534057869862853
2026-02-13,2026-02-17,2026-02-18,QUBT,1,8.31041591963768,8.059597419595718,-0.0301812210685235,1,0.9798245614035088,0.125,-0.0037726526335654376,-11.425134213617985
2026-02-13,2026-02-17,2026-02-18,QS,1,7.485374383521081,7.199639809274673,-0.03817238251642385,0,0.9789473684210527,0.125,-0.004771547814552982,-14.450197111426641
2026-02-17,2026-02-18,2026-02-19,VXX,1,28.351417881488803,29.048546737098693,0.024588853316752868,30,0.9728070175438597,0.1111111111111111,0.002732094812972541,8.210581714089654
2026-02-17,2026-02-18,2026-02-19,MARA,1,7.480374019074441,7.41962907629013,-0.008120575606168301,18,1.0,0.1111111111111111,-0.0009022861784631445,-2.7115802726132503
2026-02-17,2026-02-18,2026-02-19,NFLX,1,77.32386569480897,77.7461125,0.0054607565387068124,15,0.9807017543859649,0.1111111111111111,0.0006067507265229791,1.8234273556487497
2026-02-17,2026-02-18,2026-02-19,SOUN,1,7.320366171669961,7.409629347419739,0.012193812940017867,11,0.9956140350877193,0.1111111111111111,0.0013548681044464295,4.071694448725185
2026-02-17,2026-02-18,2026-02-19,EQX,1,15.386376046091055,15.195025311552786,-0.012436374489032564,10,0.9798245614035088,0.1111111111111111,-0.0013818193876702848,-4.152689336661844
2026-02-17,2026-02-18,2026-02-19,EOSE,1,11.5505776907444,11.32943342370987,-0.019145732183744824,4,0.9912280701754386,0.1111111111111111,-0.0021273035759716468,-6.3930430811757795
2026-02-17,2026-02-18,2026-02-19,QUBT,1,8.06040341963768,8.049597690725326,-0.001340594055879163,2,0.9894736842105263,0.1111111111111111,-0.00014895489509768477,-0.4476441784180077
2026-02-17,2026-02-18,2026-02-19,QS,1,7.200359809255601,7.2096395381450655,0.0012887868294493288,1,0.9789473684210527,0.1111111111111111,0.00014319853660548098,0.4303449794475259
2026-02-17,2026-02-18,2026-02-19,RDW,1,8.140407343339922,8.159591847419739,0.0023567007485827407,0,0.9771929824561403,0.1111111111111111,0.0002618556387314156,0.7869372281265102
2026-02-18,2026-02-19,2026-02-20,VXX,1,29.051451737022404,29.53852391548157,0.016765846432329923,31,0.9789473684210526,0.1,0.0016765846432329923,5.040988469945995
2026-02-18,2026-02-19,2026-02-20,MARA,1,7.42037107629776,7.879606114435196,0.061888419516421544,19,1.0,0.1,0.0061888419516421544,18.607996349284615
2026-02-18,2026-02-19,2026-02-20,NFLX,1,77.7538875,76.60617011032105,-0.014760900407442157,16,0.9807017543859649,0.1,-0.0014760900407442157,-4.438161178456916
2026-02-18,2026-02-19,2026-02-20,SOUN,1,7.410370347404481,7.659616847419739,0.03363482367687021,12,0.9921052631578947,0.1,0.0033634823676870207,10.112985289953343
2026-02-18,2026-02-19,2026-02-20,EQX,1,15.196544890062869,16.98326238691357,0.11757392945412537,11,0.9798245614035088,0.1,0.011757392945412538,35.35096334901386
2026-02-18,2026-02-19,2026-02-20,EOSE,1,11.330566423702242,11.349432881450655,0.00166509396290615,5,0.9912280701754386,0.1,0.00016650939629061503,0.5006439431653631
2026-02-18,2026-02-19,2026-02-20,QUBT,1,8.0504026907444,8.159591847419739,0.013563191913477102,3,0.9894736842105263,0.1,0.0013563191913477102,4.078046063911208
2026-02-18,2026-02-19,2026-02-20,QS,1,7.210360538148881,6.99965,-0.02922330125297401,2,0.9771929824561404,0.1,-0.0029223301252974013,-8.786572468296686
2026-02-18,2026-02-19,2026-02-20,RDW,1,8.16040784740448,8.489575271129608,0.04033712896222741,1,0.9771929824561403,0.1,0.004033712896222741,12.128167989014278
2026-02-18,2026-02-19,2026-02-20,MSTR,1,123.49617236366272,130.5034690071106,0.05674100265078086,0,0.9780701754385965,0.1,0.005674100265078086,17.060322083363626
2026-02-19,2026-02-20,2026-02-23,VXX,1,29.54147791557312,28.443577444839477,-0.03716471037337221,32,0.9789473684210526,0.1111111111111111,-0.004129412263708023,-12.785510588325842
2026-02-19,2026-02-20,2026-02-23,MARA,1,7.8803941144466405,7.7496125000000005,-0.016595821547413014,20,1.0,0.1111111111111111,-0.0018439801719347792,-5.709342276172893
2026-02-19,2026-02-20,2026-02-23,NFLX,1,76.6138311103821,77.78611141548157,0.015301157612265914,17,0.9807017543859649,0.1111111111111111,0.0017001286235851015,5.263948264357677
2026-02-19,2026-02-20,2026-02-23,SOUN,1,7.660382847404481,7.634618478870392,-0.0033633264873724755,13,0.9956140350877193,0.1111111111111111,-0.00037370294304138615,-1.1570612547301735
2026-02-19,2026-02-20,2026-02-23,EQX,1,16.98496079807282,17.0332116798596,0.0028408003033046914,12,0.9798245614035088,0.1111111111111111,0.0003156444781449657,0.9773002935398829
2026-02-19,2026-02-20,2026-02-23,EOSE,1,11.350567881488804,10.419479076290129,-0.0820301516999119,6,0.9798245614035088,0.1111111111111111,-0.00911446129999021,-28.22024879474485
2026-02-19,2026-02-20,2026-02-23,QUBT,1,8.16040784740448,7.759612228870392,-0.049114655300171894,4,0.9894736842105263,0.1111111111111111,-0.0054571839222413215,-16.896565022937455
2026-02-19,2026-02-20,2026-02-23,QS,1,7.000350000000001,6.769661480927468,-0.03295385503189596,3,0.9824561403508771,0.1111111111111111,-0.00366153944798844,-11.33688001880237
2026-02-19,2026-02-20,2026-02-23,MSTR,1,130.51652000656128,127.89360652580261,-0.020096409869239662,1,0.9780701754385965,0.1111111111111111,-0.002232934429915518,-6.913624742104655
2026-02-20,2026-02-23,2026-02-24,VXX,1,28.446421944808964,29.42852880516052,0.03452479409385889,33,0.9780701754385965,0.1111111111111111,0.0038360882326509875,11.582198007173629
2026-02-20,2026-02-23,2026-02-24,MARA,1,7.7503875,7.779611209797859,0.0037706127336032402,21,0.9973684210526316,0.1111111111111111,0.00041895697040036,1.2649455104710132
2026-02-20,2026-02-23,2026-02-24,NFLX,1,77.79389041557313,75.72621685676575,-0.026578868183117277,18,0.9807017543859649,0.1111111111111111,-0.0029532075759019197,-8.916540190407362
2026-02-20,2026-02-23,2026-02-24,SOUN,1,7.635381978893281,7.8396081525802614,0.02674734207817364,14,0.9842105263157894,0.1111111111111111,0.002971926897574849,8.97305893477055
2026-02-20,2026-02-23,2026-02-24,EQX,1,17.034915086197906,17.31293688891625,0.016320703761159683,13,0.9798245614035088,0.1111111111111111,0.0018134115290177424,5.475184647424111
2026-02-20,2026-02-23,2026-02-24,EOSE,1,10.42052107629776,10.309484919595718,-0.010655528249407964,7,0.9929824561403509,0.1111111111111111,-0.0011839475832675515,-3.574661089075912
2026-02-20,2026-02-23,2026-02-24,QUBT,1,7.760388228893281,7.809609442782402,0.006342622615948645,5,0.9780701754385965,0.1111111111111111,0.0007047358462165161,2.127789982555226
2026-02-20,2026-02-23,2026-02-24,QS,1,6.7703384809255605,6.829658423709869,0.00876173960156268,4,0.9824561403508771,0.1111111111111111,0.0009735266223958532,2.939342742398697
2026-02-20,2026-02-23,2026-02-24,MSTR,1,127.90639652595522,121.70391358451843,-0.04849235933386764,2,0.9780701754385965,0.1111111111111111,-0.0053880399259852935,-16.267964006185707
2026-02-23,2026-02-24,2026-02-25,VXX,1,29.431471805191045,27.938603534030914,-0.05072353435266608,34,0.9728070175438597,0.1111111111111111,-0.005635948261407342,-17.03677529415413
2026-02-23,2026-02-24,2026-02-25,MARA,1,7.780389209818841,8.389580843305588,0.0782983494859033,22,0.9973684210526316,0.1111111111111111,0.008699816609544811,26.29847078123351
2026-02-23,2026-02-24,2026-02-25,NFLX,1,75.73378985710144,79.42602880516053,0.04875286123968969,19,0.9807017543859649,0.1111111111111111,0.005416984582187743,16.37487514400725
2026-02-23,2026-02-24,2026-02-25,SOUN,1,7.840392152595521,8.649567118549347,0.10320593029086611,15,0.9982456140350877,0.1111111111111111,0.011467325587874012,34.66430850746116
2026-02-23,2026-02-24,2026-02-25,EQX,1,17.314668269174156,18.821450955373063,0.08702347990584824,14,0.9798245614035088,0.1111111111111111,0.009669275545094249,29.22902537041658
2026-02-23,2026-02-24,2026-02-25,EOSE,1,10.31051591963768,11.639418343305588,0.12888806283076915,8,0.9789473684210526,0.1111111111111111,0.01432089587008546,43.290298922776415
2026-02-23,2026-02-24,2026-02-25,QUBT,1,7.810390442776681,8.219589267015458,0.05239159645561875,6,0.9824561403508771,0.1111111111111111,0.00582128849506875,17.597035922428056
2026-02-23,2026-02-24,2026-02-25,QS,1,6.830341423702241,7.099644904637337,0.0394275284688661,5,0.9824561403508771,0.1111111111111111,0.004380836496540677,13.242727493271186
2026-02-23,2026-02-24,2026-02-25,MSTR,1,121.7160845844269,130.04350055160523,0.06841672565799728,3,0.9780701754385965,0.1111111111111111,0.007601858406444142,22.97947878184131
2026-02-24,2026-02-25,2026-02-26,VXX,1,27.941397534084324,27.268636957740785,-0.024077556447306248,35,0.9842105263157894,0.1111111111111111,-0.002675284049700694,-8.586366692961604
2026-02-24,2026-02-25,2026-02-26,MARA,1,8.39041984333992,8.429578805160522,0.004667103977125331,23,0.9973684210526316,0.1111111111111111,0.0005185671085694811,1.6643493798666151
2026-02-24,2026-02-25,2026-02-26,NFLX,1,79.43397180519105,83.19583694839477,0.04735839160138644,20,0.9807017543859649,0.1111111111111111,0.00526204351126516,16.888612312810956
2026-02-24,2026-02-25,2026-02-26,SOUN,1,8.650432118511201,8.639568343305587,-0.0012558650315707132,16,0.9929824561403509,0.1111111111111111,-0.00013954055906341257,-0.4478576429270655
2026-02-24,2026-02-25,2026-02-26,EQX,1,18.823333194580563,17.992268408965877,-0.044150776965152905,15,0.9798245614035088,0.1111111111111111,-0.004905641885016989,-15.744735626790638
2026-02-24,2026-02-25,2026-02-26,EOSE,1,11.640582343339922,7.319634171652794,-0.37119690787285464,9,0.9789473684210526,0.1111111111111111,-0.04124410087476162,-132.37359751455998
2026-02-24,2026-02-25,2026-02-26,QUBT,1,8.220411267042161,9.099545381450655,0.10694527145292332,7,0.9763157894736842,0.1111111111111111,0.011882807939213702,38.13806101058286
2026-02-24,2026-02-25,2026-02-26,QS,1,7.1003549046278005,6.949652309274674,-0.021224656707639067,6,0.9824561403508771,0.1111111111111111,-0.0023582951897376738,-7.568985906973344
2026-02-24,2026-02-25,2026-02-26,MSTR,1,130.05650555191042,133.69331194839478,0.027963279353471204,4,0.980701754385965,0.1111111111111111,0.003107031039274578,9.972065520522882
2026-02-25,2026-02-26,2026-02-27,VXX,1,27.271363957786562,29.16854157629013,0.06956665685809549,36,0.9929824561403509,0.1111111111111111,0.007729628539788387,24.050410261435253
2026-02-25,2026-02-26,2026-02-27,MARA,1,8.430421805191042,9.67951630516052,0.1481651249289031,24,0.986842105263158,0.1111111111111111,0.01646279165876701,51.2232756598573
2026-02-25,2026-02-26,2026-02-27,NFLX,1,83.2041569480896,94.29528805160521,0.1333002041044089,21,0.9807017543859649,0.1111111111111111,0.014811133789378766,46.08421248679015
2026-02-25,2026-02-26,2026-02-27,SOUN,1,8.64043234333992,9.029548232984542,0.04503430779647899,17,0.975438596491228,0.1111111111111111,0.005003811977386554,15.569148026681866
2026-02-25,2026-02-26,2026-02-27,EQX,1,17.994067725772616,18.62164806005852,0.034877068590057014,16,0.9798245614035088,0.1111111111111111,0.003875229843339668,12.057612744250713
2026-02-25,2026-02-26,2026-02-27,EOSE,1,7.320366171669961,6.154692459797859,-0.15923707701717082,10,0.9894736842105263,0.1111111111111111,-0.017693008557463422,-55.05104318735212
2026-02-25,2026-02-26,2026-02-27,QUBT,1,9.100455381488803,8.709564538145065,-0.042952888285002544,8,0.9763157894736842,0.1111111111111111,-0.00477254314277806,-14.849564889615545
2026-02-25,2026-02-26,2026-02-27,QS,1,6.9503473092556005,7.019648980927467,0.009970965275300614,7,0.9824561403508771,0.1111111111111111,0.001107885030588957,3.447137125802506
2026-02-25,2026-02-26,2026-02-27,IAG,1,22.93114680519104,24.138792389678958,0.05266398557156049,0,0.9754385964912282,0.1111111111111111,0.00585155395239561,18.20686110562956
2026-02-26,2026-02-27,2026-03-02,VXX,1,29.171458576297763,30.588470652580263,0.048575290555880724,37,0.9929824561403509,0.1111111111111111,0.005397254506208969,17.335357269812746
2026-02-26,2026-02-27,2026-03-02,MARA,1,9.680484305191039,8.609569156694413,-0.11062619541899998,25,0.9973684210526316,0.1111111111111111,-0.012291799490999997,-39.47983839195619
2026-02-26,2026-02-27,2026-03-02,NFLX,1,94.3047180519104,95.25523913612368,0.010079252701758357,22,0.9807017543859649,0.1111111111111111,0.0011199169668620395,3.597043776746967
2026-02-26,2026-02-27,2026-03-02,SOUN,1,9.03045123295784,7.944602921652794,-0.12024297383303484,18,0.9763157894736842,0.1111111111111111,-0.013360330425892759,-42.91183617692332
2026-02-26,2026-02-27,2026-03-02,EQX,1,18.623510317977424,18.87639634659142,0.013578859425329881,17,0.9798245614035088,0.1111111111111111,0.0015087621583699867,4.845969561085001
2026-02-26,2026-02-27,2026-03-02,EOSE,1,6.155307959818841,5.499725,-0.10650693094454622,11,0.9807017543859649,0.1111111111111111,-0.011834103438282912,-38.00977160416508
2026-02-26,2026-02-27,2026-03-02,QUBT,1,8.71043553814888,8.089595652580261,-0.07127541244631708,9,0.9763157894736842,0.1111111111111111,-0.007919490271813007,-25.436486846923852
2026-02-26,2026-02-27,2026-03-02,QS,1,7.020350980925561,6.649667595362663,-0.0528012611577473,8,0.9780701754385965,0.1111111111111111,-0.005866806795305255,-18.843504917654528
2026-02-26,2026-02-27,2026-03-02,IAG,1,24.141206389617928,24.848757881450652,0.02930887050189046,1,0.9754385964912282,0.1111111111111111,0.0032565411668767177,10.459633601994728
2026-02-27,2026-03-02,2026-03-03,VXX,1,30.591529652595522,31.528424186611176,0.03062594596135737,38,0.9929824561403509,0.1111111111111111,0.0034028828845952632,10.492588312299647
2026-02-27,2026-03-02,2026-03-03,MARA,1,8.610430156660081,9.019549457740784,0.047514385882829746,26,0.9903508771929824,0.1111111111111111,0.0052793762092033045,16.278644604458073
2026-02-27,2026-03-02,2026-03-03,NFLX,1,95.2647651363373,96.00520163612367,0.0077724067101483385,23,0.9807017543859649,0.1111111111111111,0.0008636007455720376,2.6628618723562627
2026-02-27,2026-03-02,2026-03-03,SOUN,1,7.945397421669961,8.229588042259216,0.03576795539694033,19,0.9807017543859649,0.1111111111111111,0.003974217266326703,12.254264120570452
2026-02-27,2026-03-02,2026-03-03,EOSE,1,5.500275,5.7497125,0.04535000522701127,12,1.0,0.1111111111111111,0.005038889469667919,15.537117952472764
2026-02-27,2026-03-02,2026-03-03,QUBT,1,8.09040465259552,8.114594021129609,0.0029898836427579845,10,0.9763157894736842,0.1111111111111111,0.00033220929363977605,1.0243477280578308
2026-02-27,2026-03-02,2026-03-03,QS,1,6.650332595372201,6.609669633507728,-0.0061144252984833836,9,0.9763157894736842,0.1111111111111111,-0.0006793805887203759,-2.0948299035153317
2026-02-27,2026-03-02,2026-03-03,IAG,1,24.8512428814888,22.518874457740782,-0.09385319015514326,2,0.9754385964912282,0.1111111111111111,-0.010428132239460363,-32.154529604944386
2026-02-27,2026-03-02,2026-03-03,EXK,1,13.710685538148882,12.209389538145066,-0.1094982446958308,0,0.9736842105263159,0.1111111111111111,-0.012166471632870088,-37.51459641320022
2026-03-02,2026-03-03,2026-03-04,VXX,1,31.531577186679844,30.288486415481568,-0.03942367880422437,39,0.9929824561403509,0.1,-0.003942367880422438,-12.101565137848834
2026-03-02,2026-03-03,2026-03-04,MARA,1,9.02045145778656,9.109544156694412,0.009876745008249532,27,0.9929824561403509,0.1,0.0009876745008249534,3.0317838591574477
2026-03-02,2026-03-03,2026-03-04,NFLX,1,96.01480263633731,97.10514511032105,0.011355983078083165,24,0.9807017543859649,0.1,0.0011355983078083166,3.485853504594984
2026-03-02,2026-03-03,2026-03-04,SOUN,1,8.23041104221344,8.57957092370987,0.04242314019380111,20,0.9973684210526316,0.1,0.004242314019380112,13.022285336607556
2026-03-02,2026-03-03,2026-03-04,EOSE,1,5.750287500000001,6.189690557217598,0.07641410228925039,13,0.9964912280701754,0.1,0.007641410228925039,23.456213736312183
2026-03-02,2026-03-03,2026-03-04,QUBT,1,8.115405521106721,7.989600271129608,-0.01550202878339435,11,0.9763157894736842,0.1,-0.0015502028783394351,-4.75853133906297
2026-03-02,2026-03-03,2026-03-04,QS,1,6.61033063352108,6.569671671652794,-0.00615082121038002,10,0.9789473684210527,0.1,-0.000615082121038002,-1.8880674200475707
2026-03-02,2026-03-03,2026-03-04,IAG,1,22.52112645778656,22.778861686611176,0.011444153528808343,3,0.9754385964912282,0.1,0.0011444153528808343,3.512918468724356
2026-03-02,2026-03-03,2026-03-04,EXK,1,12.210610538148881,12.2493875,0.0031756775576430307,1,0.9736842105263159,0.1,0.00031756775576430307,0.9748118386279024
2026-03-02,2026-03-03,2026-03-04,HBM,1,25.0334623206631,25.670727712993482,0.025456542293966544,0,0.9807017543859649,0.1,0.0025456542293966545,7.814187161088322
2026-03-03,2026-03-04,2026-03-05,MARA,1,9.11045515666008,9.089545652580261,-0.0022951108062404524,28,0.9947368421052631,0.1111111111111111,-0.0002550123118044947,-0.7920720268308166
2026-03-03,2026-03-04,2026-03-05,NFLX,1,97.11485611038209,98.495075,0.01421223224641488,25,0.9807017543859649,0.1111111111111111,0.00157913691626832,4.904822708602919
2026-03-03,2026-03-04,2026-03-05,SOUN,1,8.580428923702241,8.104594292259216,-0.05545580945593498,21,0.9973684210526316,0.1111111111111111,-0.0061617566062149975,-19.138507507294655
2026-03-03,2026-03-04,2026-03-05,EOSE,1,6.190309557223321,6.6646667118549345,0.07662898765346848,14,0.9947368421052631,0.1111111111111111,0.008514331961496497,26.445641491314333
2026-03-03,2026-03-04,2026-03-05,QUBT,1,7.990399271106721,7.979601019072533,-0.0013514033113758428,12,0.9754385964912281,0.1111111111111111,-0.00015015592348620476,-0.4663865278298887
2026-03-03,2026-03-04,2026-03-05,QS,1,6.5703286716699605,6.899655095362664,0.050123279998563586,11,0.9824561403508772,0.1111111111111111,0.005569253333173731,17.298183543871737
2026-03-03,2026-03-04,2026-03-05,IAG,1,22.781139686679843,22.298884237098694,-0.02116906599993873,4,0.9754385964912282,0.1111111111111111,-0.0023521184444376367,-7.3057148121545294
2026-03-03,2026-03-04,2026-03-05,HBM,1,25.673294914124842,23.99133389845157,-0.06551403009622647,1,0.9807017543859649,0.1111111111111111,-0.0072793366773584965,-22.609727801846557
2026-03-03,2026-03-04,2026-03-05,LUMN,1,7.030351709818841,6.809659442782402,-0.031391355105067076,0,0.9728070175438597,0.1111111111111111,-0.0034879283450074527,-10.833557227577023
2026-03-04,2026-03-05,2026-03-06,MARA,1,9.09045465259552,8.459577038145065,-0.06940000677197433,29,0.9947368421052631,0.1111111111111111,-0.007711111863552703,-23.850867098552282
2026-03-04,2026-03-05,2026-03-06,NFLX,1,98.50492500000001,99.32503533096312,0.00832557692890079,26,0.9807017543859649,0.1111111111111111,0.0009250641032111989,2.8612710298779804
2026-03-04,2026-03-05,2026-03-06,SOUN,1,8.105404792213442,7.9996,-0.01305360989682891,22,0.9921052631578947,0.1111111111111111,-0.0014504010996476567,-4.486165481634231
2026-03-04,2026-03-05,2026-03-06,EOSE,1,6.665333211851121,6.519673980927467,-0.021853255687902973,15,0.9912280701754386,0.1111111111111111,-0.0024281395208781077,-7.5103608965833475
2026-03-04,2026-03-05,2026-03-06,QUBT,1,7.980399019074441,7.499625,-0.06024435844941001,13,0.9780701754385965,0.1111111111111111,-0.0066938176054900005,-20.704323438116376
2026-03-04,2026-03-05,2026-03-06,QS,1,6.9003450953722005,6.769661480927468,-0.018938707070227156,12,0.987719298245614,0.1111111111111111,-0.002104300785580795,-6.508710969359896
2026-03-04,2026-03-05,2026-03-06,IAG,1,22.301114237022404,21.098945381450655,-0.05390622382338239,5,0.9754385964912282,0.1111111111111111,-0.005989580424820265,-18.526081480376916
2026-03-04,2026-03-05,2026-03-06,HBM,1,23.993733151804083,22.431897093897213,-0.06509349954112642,2,0.9807017543859649,0.1111111111111111,-0.007232611060125157,-22.370839409803025
2026-03-04,2026-03-05,2026-03-06,LUMN,1,6.81034044277668,6.6196688855648045,-0.027997360603919552,1,0.9728070175438597,0.1111111111111111,-0.00311081784487995,-9.6219201976215
2026-03-05,2026-03-06,2026-03-09,MARA,1,8.46042303814888,8.059597419595718,-0.04737654568167571,30,0.9947368421052631,0.125,-0.0059220682102094635,-17.661583179194874
2026-03-05,2026-03-06,2026-03-09,NFLX,1,99.33496833114624,97.6951119483948,-0.016508349580228066,27,0.9807017543859649,0.125,-0.002063543697528508,-6.154175764975531
2026-03-05,2026-03-06,2026-03-09,SOUN,1,8.0004,7.944602921652794,-0.006974286079096892,23,0.9921052631578947,0.125,-0.0008717857598871115,-2.599955989385545
2026-03-05,2026-03-06,2026-03-09,EOSE,1,6.520325980925561,6.049697690725327,-0.07217864437713717,16,0.9964912280701754,0.125,-0.009022330547142146,-26.907599806741448
2026-03-05,2026-03-06,2026-03-09,QUBT,1,7.500375000000001,7.399630095362664,-0.013431982352527294,14,0.974561403508772,0.125,-0.0016789977940659118,-5.007331585012419
2026-03-05,2026-03-06,2026-03-09,QS,1,6.7703384809255605,6.479676019072532,-0.042931747455747904,13,0.9868421052631579,0.125,-0.005366468431968488,-16.00459927603275
2026-03-05,2026-03-06,2026-03-09,HBM,1,22.4341403957717,21.402268820660478,-0.045995592294042376,3,0.9807017543859649,0.125,-0.005749449036755297,-17.146775213114932
2026-03-05,2026-03-06,2026-03-09,FSLY,1,19.935996215915683,19.65201722793579,-0.014244534604856196,0,0.9719298245614035,0.125,-0.0017805668256070245,-5.310244323487982
2026-03-06,2026-03-09,2026-03-10,MARA,1,8.06040341963768,8.699564809274673,0.07929645159940679,31,0.9929824561403509,0.16666666666666666,0.013216075266567798,38.12961964366394
2026-03-06,2026-03-09,2026-03-10,EOSE,1,6.050302690744401,6.267686725878716,0.03592944787156904,17,1.0,0.16666666666666666,0.0059882413119281734,17.27663916502447
2026-03-06,2026-03-09,2026-03-10,QUBT,1,7.4003700953722005,7.739612771129608,0.04584131217566423,15,0.9736842105263158,0.16666666666666666,0.0076402186959440375,22.04274922735148
2026-03-06,2026-03-09,2026-03-10,QS,1,6.480324019074441,6.87465625,0.060850696626413514,14,0.9710526315789474,0.16666666666666666,0.010141782771068919,29.259996766797183
2026-03-06,2026-03-09,2026-03-10,HBM,1,21.40440915455924,22.948853262901306,0.07215541887607269,4,0.9807017543859649,0.16666666666666666,0.012025903146012113,34.695861182702444
2026-03-06,2026-03-09,2026-03-10,FSLY,1,19.653982527923585,22.073897012901305,0.12312591005612239,1,0.9885964912280701,0.16666666666666666,0.02052098500935373,59.20497101732917
2026-03-09,2026-03-10,2026-03-11,MARA,1,8.7004348092556,8.599570381450652,-0.011593032993896801,32,0.9947368421052631,0.14285714285714285,-0.0016561475705566858,-5.109903122592122
2026-03-09,2026-03-10,2026-03-11,EOSE,1,6.268313525891305,6.3896803664922714,0.019361960772967146,18,0.9973684210526316,0.14285714285714285,0.0027659943961381634,8.534241545364115
2026-03-09,2026-03-10,2026-03-11,QUBT,1,7.740386771106721,7.57962092370987,-0.020769743444469357,16,0.9850877192982457,0.14285714285714285,-0.0029671062063527653,-9.154755010030984
2026-03-09,2026-03-10,2026-03-11,QS,1,6.875343750000001,6.859657133507729,-0.0022815755928236037,15,0.9710526315789474,0.14285714285714285,-0.00032593937040337195,-1.005658333961185
2026-03-09,2026-03-10,2026-03-11,FSLY,1,22.0761045129776,22.958851084518432,0.039986518954098216,2,0.9885964912280701,0.14285714285714285,0.005712359850585459,17.625002721264096
2026-03-09,2026-03-10,2026-03-11,SOUN,1,8.210410538148881,7.909604347419739,-0.03663716806016892,0,0.9912280701754386,0.14285714285714285,-0.005233881151452703,-16.148697202203103
2026-03-09,2026-03-10,2026-03-11,EQX,1,16.895040067248544,16.283951973737622,-0.03616967412202421,0,0.9710526315789474,0.14285714285714285,-0.005167096303146316,-15.942638206634285
2026-03-10,2026-03-11,2026-03-12,MARA,1,8.6004303814888,8.439577580404281,-0.018702878106045984,33,0.9929824561403509,0.14285714285714285,-0.0026718397294351404,-8.185849296907506
2026-03-10,2026-03-11,2026-03-12,EOSE,1,6.390319366478921,6.289685461854935,-0.015747867806399696,19,1.0,0.14285714285714285,-0.0022496954009142422,-6.8925045589179845
2026-03-10,2026-03-11,2026-03-12,QUBT,1,7.5803789237022405,7.489625271129608,-0.011972178895815477,17,0.980701754385965,0.14285714285714285,-0.0017103112708307824,-5.239966364592905
2026-03-10,2026-03-11,2026-03-12,QS,1,6.860343133521081,6.8896553664922715,0.004272706539701243,16,0.9710526315789474,0.14285714285714285,0.000610386648528749,1.870072168871116
2026-03-10,2026-03-11,2026-03-12,FSLY,1,22.961147084426884,23.528824186611175,0.024723377281499648,3,0.9798245614035088,0.14285714285714285,0.003531911040214235,10.820892880199008
2026-03-10,2026-03-11,2026-03-12,SOUN,1,7.910395347404481,7.669616576290131,-0.03043827274617228,1,0.9903508771929824,0.14285714285714285,-0.004348324678024611,-13.32218026260822
2026-03-10,2026-03-11,2026-03-12,EQX,1,16.28558045035883,15.949202309274673,-0.020654967878455,1,0.9710526315789474,0.14285714285714285,-0.0029507096969221425,-9.04023719380606
2026-03-11,2026-03-12,2026-03-13,MARA,1,8.44042158036232,9.179541305160521,0.08756905301008344,34,0.9815789473684211,0.14285714285714285,0.012509864715726205,37.95193155004788
2026-03-11,2026-03-12,2026-03-13,EOSE,1,6.29031446185112,6.204689673709869,-0.013612163376018782,20,0.9982456140350877,0.14285714285714285,-0.0019445947680026832,-5.899434502680381
2026-03-11,2026-03-12,2026-03-13,QUBT,1,7.490374271106721,7.489625271129608,-9.999500025015262e-05,18,0.9842105263157895,0.14285714285714285,-1.4285000035736088e-05,-0.04333726669858842
2026-03-11,2026-03-12,2026-03-13,QS,1,6.890344366478921,6.939653057217598,0.007156201216670821,17,0.9710526315789474,0.14285714285714285,0.001022314459524403,3.10145707185148
2026-03-11,2026-03-12,2026-03-13,FSLY,1,23.53117718667984,24.228788042259218,0.029646236992098673,4,0.9789473684210526,0.14285714285714285,0.004235176713156953,12.848511184779731
2026-03-11,2026-03-12,2026-03-13,SOUN,1,7.670383576297761,7.6146190211296085,-0.007270112975897303,2,0.9903508771929824,0.14285714285714285,-0.0010385875679853288,-3.150825783060577
2026-03-11,2026-03-12,2026-03-13,EQX,1,15.950797309255602,15.729213042259216,-0.013891736112012998,2,0.9710526315789474,0.14285714285714285,-0.001984533730287571,-6.020599742853645
2026-03-12,2026-03-13,2026-03-16,MARA,1,9.18045930519104,9.759512228870392,0.06307450470935927,35,0.9789473684210526,0.16666666666666666,0.010512417451559878,32.29990776092975
2026-03-12,2026-03-13,2026-03-16,EOSE,1,6.205310173702241,5.8947052309274675,-0.05005470058388051,21,1.0,0.16666666666666666,-0.008342450097313417,-25.63257879408119
2026-03-12,2026-03-13,2026-03-16,QUBT,1,7.490374271106721,7.494625135564804,0.0005675102877675808,19,0.9824561403508772,0.16666666666666666,9.458504796126346e-05,0.29061710484666864
2026-03-12,2026-03-13,2026-03-16,SOUN,1,7.6153805211067205,7.5296237097978596,-0.011261001478675703,3,0.9894736842105263,0.16666666666666666,-0.0018768335797792837,-5.766661359180628
2026-03-12,2026-03-13,2026-03-16,EQX,1,15.730786042213442,14.559272419595718,-0.0744726690372608,3,0.9710526315789474,0.16666666666666666,-0.012412111506210133,-38.13680902763934
2026-03-12,2026-03-13,2026-03-16,SMR,1,11.980598542213441,11.969401767015457,-0.0009345756106035052,0,0.9885964912280703,0.16666666666666666,-0.00015576260176725087,-0.47858807860965386
2026-03-13,2026-03-16,2026-03-17,MARA,1,9.760488228893282,9.209539538145066,-0.05644683727165223,36,0.9842105263157894,0.16666666666666666,-0.009407806211942038,-28.549521961048786
2026-03-13,2026-03-16,2026-03-17,EOSE,1,5.895294730925561,5.539722961854935,-0.0603145025481705,22,1.0,0.16666666666666666,-0.010052417091361749,-30.50569878311845
2026-03-13,2026-03-16,2026-03-17,QUBT,1,7.495374635553361,7.349632404637337,-0.019444289045235208,20,0.9850877192982457,0.16666666666666666,-0.0032407148408725344,-9.834477606643665
2026-03-13,2026-03-16,2026-03-17,SOUN,1,7.5303767098188406,7.504624864435196,-0.003419728703620728,4,0.9859649122807017,0.16666666666666666,-0.000569954783936788,-1.7296207271098918
2026-03-13,2026-03-16,2026-03-17,EQX,1,14.560728419637682,14.99925,0.03011673370481205,4,0.9710526315789474,0.16666666666666666,0.005019455617468674,15.23235652978547
2026-03-13,2026-03-16,2026-03-17,SMR,1,11.970598767042162,12.319383694839479,0.02913679880054132,1,0.9710526315789474,0.16666666666666666,0.004856133133423553,14.736727821037153
2026-03-16,2026-03-17,2026-03-18,MARA,1,9.210460538148881,9.039547961854934,-0.0185563550906106,37,0.9894736842105263,0.16666666666666666,-0.0030927258484350997,-9.259660846730235
2026-03-16,2026-03-17,2026-03-18,EOSE,1,5.540276961851121,5.679715828347206,0.025168212249355726,23,1.0,0.16666666666666666,0.004194702041559287,12.558991699047455
2026-03-16,2026-03-17,2026-03-18,QUBT,1,7.350367404627801,7.4796260190725326,0.017585327008735607,21,0.987719298245614,0.16666666666666666,0.0029308878347892677,8.775115758704677
2026-03-16,2026-03-17,2026-03-18,SOUN,1,7.505375364446641,7.6996148092746735,0.025880044021269866,5,0.993859649122807,0.16666666666666666,0.004313340670211644,12.914197274477898
2026-03-16,2026-03-17,2026-03-18,EQX,1,15.000750000000002,13.904304482984543,-0.07309271316537236,5,0.9771929824561404,0.16666666666666666,-0.012182118860895392,-36.473420074890974
2026-03-16,2026-03-17,2026-03-18,SMR,1,12.320615694808962,12.099395381450655,-0.017955296946037702,2,0.9710526315789474,0.16666666666666666,-0.0029925494910062835,-8.959731548075775
2026-03-17,2026-03-18,2026-03-19,MARA,1,9.04045196185112,8.639568343305587,-0.04434331604627528,38,0.987719298245614,0.14285714285714285,-0.0063347594351821825,-18.836839938179303
2026-03-17,2026-03-18,2026-03-19,EOSE,1,5.68028382833004,5.149742595362663,-0.09340047944811103,24,1.0,0.14285714285714285,-0.013342925635444432,-39.67610089595578
2026-03-17,2026-03-18,2026-03-19,QUBT,1,7.480374019074441,7.009649728870392,-0.06292790828422945,22,0.9833333333333334,0.14285714285714285,-0.00898970118346135,-26.731490598435403
2026-03-17,2026-03-18,2026-03-19,SOUN,1,7.700384809255601,7.1196438855648045,-0.07541713019234642,6,0.9903508771929824,0.14285714285714285,-0.010773875741763772,-32.03685553303105
2026-03-17,2026-03-18,2026-03-19,EQX,1,13.905694982957842,12.419379076290129,-0.1068854097899653,6,0.9771929824561404,0.14285714285714285,-0.015269344255709328,-45.40443826616792
2026-03-17,2026-03-18,2026-03-19,SMR,1,12.100605381488803,11.729413042259216,-0.03067551808584945,3,0.9710526315789474,0.14285714285714285,-0.004382216869407064,-13.030821231341056
2026-03-17,2026-03-18,2026-03-19,QS,1,6.880344114446641,6.7496625,-0.018993470714967375,0,0.9789473684210526,0.14285714285714285,-0.0027133529592810535,-8.068340386518946
2026-03-18,2026-03-19,2026-03-20,MARA,1,8.64043234333992,9.089545652580261,0.05197810611716891,39,0.9868421052631579,0.125,0.006497263264646114,18.124991379768773
2026-03-18,2026-03-19,2026-03-20,EOSE,1,5.1502575953722,5.429728328347206,0.054263447565443323,25,1.0,0.125,0.0067829309456804154,18.921899869593876
2026-03-18,2026-03-19,2026-03-20,QUBT,1,7.010350728893281,7.0696466716527935,0.00845834182234606,23,0.987719298245614,0.125,0.0010572927277932576,2.949460533855831
2026-03-18,2026-03-19,2026-03-20,SOUN,1,7.12035588555336,6.819659171652794,-0.04223057368672489,7,0.986842105263158,0.125,-0.005278821710840612,-14.725984481026513
2026-03-18,2026-03-19,2026-03-20,EQX,1,12.42062107629776,12.659366847419738,0.019221725681461743,7,0.9771929824561404,0.125,0.002402715710182718,6.702699238318267
2026-03-18,2026-03-19,2026-03-20,SMR,1,11.73058604221344,11.859406656694413,0.010981600920653145,4,0.9710526315789474,0.125,0.0013727001150816431,3.829331941687533
2026-03-18,2026-03-19,2026-03-20,QS,1,6.7503375000000005,6.809659442782402,0.00878799656793472,1,0.9789473684210526,0.125,0.00109849957099184,3.0644125755601883
2026-03-18,2026-03-19,2026-03-20,NVTS,1,8.71043553814888,8.944552444839477,0.026877749759497194,0,0.9859649122807017,0.125,0.003359718719937149,9.372388089714471
2026-03-19,2026-03-20,2026-03-23,EOSE,1,5.430271328330041,5.229738519072533,-0.03692869050784198,26,1.0,0.125,-0.004616086313480247,-13.099227234038562
2026-03-19,2026-03-20,2026-03-23,QUBT,1,7.07035367166996,6.974651154637336,-0.013535746792425973,24,0.9850877192982457,0.125,-0.0016919683490532467,-4.801356901045389
2026-03-19,2026-03-20,2026-03-23,SOUN,1,6.820341171669961,6.724663654637337,-0.014028259675636923,8,0.9903508771929824,0.125,-0.0017535324594546153,-4.9760594990565945
2026-03-19,2026-03-20,2026-03-23,EQX,1,12.66063284740448,12.029398232984542,-0.0498580617594756,8,0.9771929824561404,0.125,-0.00623225771993445,-17.68549253858352
2026-03-19,2026-03-20,2026-03-23,SMR,1,11.860592656660081,11.539422961854935,-0.027078722295112212,5,0.9710526315789474,0.125,-0.0033848402868890265,-9.605277947122895
2026-03-19,2026-03-20,2026-03-23,QS,1,6.81034044277668,6.739662771129608,-0.01037799391101446,2,0.9789473684210526,0.125,-0.0012972492388768075,-3.681248877345887
2026-03-19,2026-03-20,2026-03-23,NVTS,1,8.94544694480896,9.07954592370987,0.014990752248408068,1,0.9807017543859649,0.125,0.0018738440310510085,5.31747179254494
2026-03-19,2026-03-20,2026-03-23,MARA,1,9.09045465259552,8.599570381450652,-0.05399996918797778,0,0.9859649122807017,0.125,-0.006749996148497223,-19.154696722164875
2026-03-20,2026-03-23,2026-03-24,EOSE,1,5.230261519074441,5.289735461854935,0.011371122182628257,27,1.0,0.125,0.0014213902728285321,3.936916752625979
2026-03-20,2026-03-23,2026-03-24,QUBT,1,6.9753486546278,7.199639809274673,0.03215483064033897,25,0.9903508771929824,0.125,0.0040193538300423715,11.132664779488117
2026-03-20,2026-03-23,2026-03-24,SOUN,1,6.725336154627801,6.699664809274673,-0.003817109622908932,9,0.993859649122807,0.125,-0.0004771387028636165,-1.3215619865555435
2026-03-20,2026-03-23,2026-03-24,EQX,1,12.03060123295784,12.469376767015458,0.03647162145609073,9,0.9771929824561404,0.125,0.004558952682011341,12.627226688784827
2026-03-20,2026-03-23,2026-03-24,SMR,1,11.540576961851121,11.519424457740783,-0.0018328809885554964,6,0.9824561403508771,0.125,-0.00022911012356943705,-0.6345811568569354
2026-03-20,2026-03-23,2026-03-24,QS,1,6.740336771106721,6.959652038145065,0.03253773134577864,3,0.9789473684210526,0.125,0.00406721641822233,11.265232891731312
2026-03-20,2026-03-23,2026-03-24,NVTS,1,9.080453923702242,8.921553831338883,-0.01749913536245029,2,0.9807017543859649,0.125,-0.0021873919203062864,-6.058561156800162
2026-03-20,2026-03-23,2026-03-24,MARA,1,8.6004303814888,8.82955842370987,0.026641462352190448,1,0.9842105263157894,0.125,0.003330182794023806,9.223823098922178
2026-03-23,2026-03-24,2026-03-25,EOSE,1,5.2902644618511205,5.214739402580261,-0.014276235113666158,28,0.9982456140350877,0.125,-0.0017845293892082698,-5.014413312152042
2026-03-23,2026-03-24,2026-03-25,QUBT,1,7.200359809255601,7.619618885564804,0.05822751743187493,26,0.9885964912280701,0.125,0.007278439678984366,20.451949426390378
2026-03-23,2026-03-24,2026-03-25,SOUN,1,6.700334809255601,6.549672690725327,-0.02248575971489586,10,0.9973684210526316,0.125,-0.0028107199643619823,-7.8979431166898735
2026-03-23,2026-03-24,2026-03-25,EQX,1,12.470623767042161,13.349332881450655,0.07046232256086338,10,0.9771929824561404,0.125,0.008807790320107922,24.749326796678787
2026-03-23,2026-03-24,2026-03-25,SMR,1,11.52057645778656,11.769411957740784,0.021599222996002032,7,0.9824561403508771,0.125,0.002699902874500254,7.586554190300078
2026-03-23,2026-03-24,2026-03-25,QS,1,6.960348038148881,6.989650271129608,0.004209880428410306,4,0.9789473684210526,0.125,0.0005262350535512883,1.4786868032581655
2026-03-23,2026-03-24,2026-03-25,NVTS,1,8.922446031332017,9.594520517015457,0.0753240180241368,3,0.9728070175438597,0.125,0.0094155022530171,26.45695841359792
2026-03-23,2026-03-24,2026-03-25,MARA,1,8.830441423702242,8.57957092370987,-0.02840973491075971,2,0.9894736842105263,0.125,-0.0035512168638449637,-9.978691986856795
2026-03-24,2026-03-25,2026-04-09,EOSE,1,5.215260902595521,4.949752309274674,-0.05090993495430107,29,1.0,0.14285714285714285,-0.007272847850614439,-20.856843190704037
2026-03-24,2026-03-25,2026-03-26,QUBT,1,7.62038088555336,7.109644633507728,-0.0670224047480199,27,0.9885964912280701,0.14285714285714285,-0.009574629249717128,-27.457819133890894
2026-03-24,2026-03-25,2026-03-26,SOUN,1,6.550327690744401,6.349682404637337,-0.030631335649142444,11,0.9956140350877193,0.14285714285714285,-0.0043759050927346345,-12.549082314276497
2026-03-24,2026-03-25,2026-03-26,SMR,1,11.770588957786561,11.389430843305588,-0.03238224661891931,8,0.9894736842105263,0.14285714285714285,-0.004626035231274187,-13.266397619634875
2026-03-24,2026-03-25,2026-03-26,QS,1,6.99034927110672,6.729663519072533,-0.03729223561284445,5,0.980701754385965,0.14285714285714285,-0.005327462230406349,-15.277927797512808
2026-03-24,2026-03-25,2026-03-26,NVTS,1,9.595480017042162,9.154541982984544,-0.04595268118681761,4,0.9728070175438597,0.14285714285714285,-0.006564668740973945,-18.825949523726482
2026-03-24,2026-03-25,2026-03-26,MARA,1,8.580428923702241,8.57957092370987,-9.99950002500416e-05,3,0.9807017543859649,0.14285714285714285,-1.4285000035720228e-05,-0.0409660715917558
2026-03-25,2026-04-09,2026-04-10,EOSE,1,4.950247309255601,6.189690557217598,0.25038006599075957,30,1.0,0.14285714285714285,0.035768580855822796,98.69803424984438
2026-03-25,2026-03-26,2026-03-27,QUBT,1,7.110355633521081,6.959652038145065,-0.021194944830261186,28,0.9771929824561404,0.14285714285714285,-0.0030278492614658837,-8.354895915946773
2026-03-25,2026-03-26,2026-03-27,SOUN,1,6.350317404627801,5.959702038145065,-0.06151115630819881,12,0.993859649122807,0.14285714285714285,-0.008787308044028401,-24.247258614742087
2026-03-25,2026-03-26,2026-03-27,SMR,1,11.390569843339922,10.759462228870392,-0.055406149398095184,9,0.9789473684210526,0.14285714285714285,-0.007915164199727882,-21.84070848174874
2026-03-25,2026-03-26,2026-03-27,QS,1,6.730336519074441,6.379681114435196,-0.05210072388586395,6,0.980701754385965,0.14285714285714285,-0.007442960555123421,-20.537733346225984
2026-03-25,2026-03-26,2026-03-27,NVTS,1,9.155457482957841,8.82955842370987,-0.03559615233368807,5,0.9728070175438597,0.14285714285714285,-0.005085164619098296,-14.031749086297799
2026-03-25,2026-03-26,2026-03-27,MARA,1,8.580428923702241,8.309584919595718,-0.03156532226009756,4,0.9894736842105263,0.14285714285714285,-0.004509331751442508,-12.44282465222076
2026-03-26,2026-03-27,2026-03-30,QUBT,1,6.960348038148881,6.719663790202141,-0.034579340950707804,29,0.9832599118942731,0.2,-0.006915868190141561,-19.064233031006363
2026-03-26,2026-03-27,2026-03-30,SOUN,1,5.96029803814888,5.989700271129609,0.004933013884966808,13,1.0,0.2,0.0009866027769933616,2.7196621931648544
2026-03-26,2026-03-27,2026-03-30,SMR,1,10.760538228893282,10.474476631450655,-0.026584320538401984,10,0.9955947136563876,0.2,-0.005316864107680397,-14.656429757799941
2026-03-26,2026-03-27,2026-03-30,QS,1,6.380319114446641,6.289685461854935,-0.014205191145767015,7,0.9841409691629955,0.2,-0.0028410382291534034,-7.8315857621152105
2026-03-26,2026-03-27,2026-03-30,MARA,1,8.31041591963768,8.16959157629013,-0.016945522908760724,5,0.9850220264317181,0.2,-0.003389104581752145,-9.342381568965637
2026-03-27,2026-03-30,2026-03-31,QUBT,1,6.720335790181161,6.45467717370987,-0.03953055691940799,30,0.9894273127753304,0.16666666666666666,-0.006588426153234664,-17.842395263070554
2026-03-27,2026-03-30,2026-03-31,SOUN,1,5.9902992711067204,6.229688519072533,0.039962819407115324,14,1.0,0.16666666666666666,0.006660469901185887,18.03749998114463
2026-03-27,2026-03-30,2026-03-31,SMR,1,10.475524131488802,10.32948342370987,-0.013941136113651997,11,0.9938325991189427,0.16666666666666666,-0.002323522685608666,-6.292429966599403
2026-03-27,2026-03-30,2026-03-31,QS,1,6.29031446185112,6.119693885564804,-0.02712433175178741,8,0.9779735682819384,0.16666666666666666,-0.004520721958631235,-12.242758161710558
2026-03-27,2026-03-30,2026-03-31,MARA,1,8.170408576297762,7.829608423709869,-0.04171151900243386,6,0.9814977973568282,0.16666666666666666,-0.006951919833738976,-18.826787858865536
2026-03-27,2026-03-30,2026-03-31,TTD,1,21.2010607629776,21.9989,0.03763204331811676,0,0.9797356828193833,0.16666666666666666,0.0062720072196861265,16.985487778675292
2026-03-30,2026-03-31,2026-04-01,QUBT,1,6.45532267370224,6.964651902580261,0.07890066145770391,31,0.9920353982300885,0.14285714285714285,0.011271523065386273,30.295886723752126
2026-03-30,2026-03-31,2026-04-01,SOUN,1,6.230311519074441,7.074646059274674,0.13552043707850836,15,0.9876106194690265,0.14285714285714285,0.01936006243978691,52.03646882839894
2026-03-30,2026-03-31,2026-04-01,SMR,1,10.330516423702242,10.899454618549345,0.05507354826344746,12,0.9955752212389379,0.14285714285714285,0.007867649751921064,21.14686935240625
2026-03-30,2026-03-31,2026-04-01,QS,1,6.1203058855533605,6.529673709797859,0.0668868242698113,9,0.9779735682819384,0.14285714285714285,0.009555260609973042,25.68287279157986
2026-03-30,2026-03-31,2026-04-01,MARA,1,7.830391423702241,8.219589267015458,0.0497034978526274,7,0.9840707964601769,0.14285714285714285,0.007100499693232485,19.084903889236383
2026-03-30,2026-03-31,2026-04-01,TTD,1,22.0011,22.63886738967896,0.028987977404718812,1,0.9797356828193833,0.14285714285714285,0.004141139629245544,11.130660549339382
2026-03-30,2026-03-31,2026-04-01,NVTS,1,8.180409305191041,8.99955,0.10013443878525186,0,0.984070796460177,0.14285714285714285,0.01430491982646455,38.44912778343093
2026-03-31,2026-04-01,2026-04-02,QUBT,1,6.965348402595521,6.399680095362664,-0.08121177499492638,32,0.9859030837004406,0.14285714285714285,-0.01160168214213234,-33.476861068703585
2026-03-31,2026-04-01,2026-04-02,SOUN,1,7.075353559255601,6.3896803664922714,-0.09691009601440592,16,0.9876106194690265,0.14285714285714285,-0.013844299430629417,-39.947973315835945
2026-03-31,2026-04-01,2026-04-02,SMR,1,10.9005446185112,9.91950407629013,-0.0899992226585703,13,0.9894273127753304,0.14285714285714285,-0.012857031808367185,-37.09919495566382
2026-03-31,2026-04-01,2026-04-02,QS,1,6.530326709818841,5.929703328347206,-0.09197447664732483,10,0.985022026431718,0.14285714285714285,-0.013139210949617832,-37.91342790847231
2026-03-31,2026-04-01,2026-04-02,MARA,1,8.220411267042161,7.779611209797859,-0.05362262822683672,8,0.9814977973568282,0.14285714285714285,-0.007660375460976674,-22.104150234380473
2026-03-31,2026-04-01,2026-04-02,TTD,1,22.641131389617925,21.73891277112961,-0.039848654334563305,2,0.9762114537444934,0.14285714285714285,-0.0056926649049376145,-16.426286274574213
2026-03-31,2026-04-01,2026-04-02,NVTS,1,9.00045,8.119593885564804,-0.09786800820350061,1,0.984070796460177,0.14285714285714285,-0.013981144029071515,-40.3428408491751
2026-04-01,2026-04-02,2026-04-06,QUBT,1,6.400320095372201,6.839658152580261,0.06864313825893298,33,0.9973568281938325,0.14285714285714285,0.009806162608418996,26.066811353572827
2026-04-01,2026-04-02,2026-04-06,SOUN,1,6.390319366478921,6.819659171652794,0.06718596998860793,17,0.9982378854625551,0.14285714285714285,0.009597995712658276,25.513460627245397
2026-04-01,2026-04-02,2026-04-06,SMR,1,9.92049607629776,10.099495381450655,0.018043382485737336,14,0.9876651982378855,0.14285714285714285,0.002577626069391048,6.851863993483247
2026-04-01,2026-04-02,2026-04-06,QS,1,5.930296328330041,6.359682133507729,0.07240545520911645,11,0.9841409691629955,0.14285714285714285,0.010343636458445207,27.49552817334934
2026-04-01,2026-04-02,2026-04-06,MARA,1,7.780389209818841,8.809559919595719,0.13227753548345178,9,0.9814977973568282,0.14285714285714285,0.018896790783350253,50.231583975022524
2026-04-01,2026-04-02,2026-04-06,TTD,1,21.741086771106723,21.888904889678958,0.006799021600368382,3,0.9762114537444934,0.14285714285714285,0.000971288800052626,2.581886812592015
2026-04-01,2026-04-02,2026-04-06,NVTS,1,8.12040588555336,8.789560461854935,0.08240408000935484,2,0.988546255506608,0.14285714285714285,0.011772011429907834,31.292444705338625
2026-04-02,2026-04-06,2026-04-07,QUBT,1,6.840342152595521,6.729663519072533,-0.016180277397526366,34,0.9903083700440528,0.14285714285714285,-0.0023114681996466236,-6.537388458907552
2026-04-02,2026-04-06,2026-04-07,SOUN,1,6.820341171669961,6.549672690725327,-0.03968547527635791,18,1.0,0.14285714285714285,-0.005669353610908272,-16.034296673899185
2026-04-02,2026-04-06,2026-04-07,SMR,1,10.100505381488803,9.979500542259217,-0.011980077695057934,15,0.9903083700440529,0.14285714285714285,-0.0017114396707225618,-4.840363347074681
2026-04-02,2026-04-06,2026-04-07,QS,1,6.360318133521081,6.239687771129608,-0.018966089409224507,12,0.9841409691629955,0.14285714285714285,-0.0027094413441749294,-7.662952307197674
2026-04-02,2026-04-06,2026-04-07,MARA,1,8.810440919637681,8.65956684741974,-0.017124463303721527,10,0.9762114537444935,0.14285714285714285,-0.0024463519005316465,-6.918872032679103
2026-04-02,2026-04-06,2026-04-07,TTD,1,21.891093889617927,22.10889511032104,0.009949307321111434,4,0.9806167400881057,0.14285714285714285,0.0014213296173016332,4.019862284011396
2026-04-02,2026-04-06,2026-04-07,NVTS,1,8.79043946185112,8.65956684741974,-0.014888062764022547,3,0.988546255506608,0.14285714285714285,-0.002126866109146078,-6.015289311658642
2026-04-06,2026-04-07,2026-04-08,QUBT,1,6.730336519074441,7.379631114435196,0.09647282769897014,35,0.9955947136563876,0.14285714285714285,0.013781832528424305,38.37208663265219
2026-04-06,2026-04-07,2026-04-08,SOUN,1,6.550327690744401,7.379631114435196,0.12660487579309954,19,1.0,0.14285714285714285,0.018086410827585647,50.35711482623875
2026-04-06,2026-04-07,2026-04-08,SMR,1,9.980498542213441,9.81950869483948,-0.01613044144969722,16,0.9859030837004406,0.14285714285714285,-0.002304348778528174,-6.415886332906908
2026-04-06,2026-04-07,2026-04-08,QS,1,6.240311771106721,6.669666576290131,0.06880342215774649,13,0.9894273127753304,0.14285714285714285,0.009829060308249498,27.366575010096582
2026-04-06,2026-04-07,2026-04-08,MARA,1,8.660432847404481,9.509524728870392,0.09804266096473269,11,0.9832599118942732,0.14285714285714285,0.01400609442353324,38.99648813004193
2026-04-06,2026-04-07,2026-04-08,TTD,1,22.111106110382078,21.518924457740784,-0.026782090849957085,5,0.9806167400881057,0.14285714285714285,-0.0038260129785652975,-10.652582025530132
2026-04-06,2026-04-07,2026-04-08,NVTS,1,8.660432847404481,9.539522961854935,0.10150648702436582,4,0.988546255506608,0.14285714285714285,0.014500926717766545,40.37422564236427
2026-04-07,2026-04-08,2026-04-09,QUBT,1,7.380369114446641,6.859657133507729,-0.0705536502123788,36,0.988546255506608,0.14285714285714285,-0.010079092887482686,-29.860818804565646
2026-04-07,2026-04-08,2026-04-09,SOUN,1,7.380369114446641,6.694665421652794,-0.09290913261392597,20,0.9982378854625551,0.14285714285714285,-0.013272733230560852,-39.322455548685966
2026-04-07,2026-04-08,2026-04-09,SMR,1,9.820490694808964,9.619518885564805,-0.02046453843191265,17,0.9973568281938325,0.14285714285714285,-0.0029235054902732355,-8.661321876259164
2026-04-07,2026-04-08,2026-04-09,QS,1,6.670333576297761,6.279686209797859,-0.058564892149924996,14,0.9841409691629955,0.14285714285714285,-0.008366413164275,-24.78674919771917
2026-04-07,2026-04-08,2026-04-09,MARA,1,9.510475728893281,9.349532881450655,-0.016922691569852266,12,0.9832599118942732,0.14285714285714285,-0.0024175273671217523,-7.1622860777832384
2026-04-07,2026-04-08,2026-04-09,TTD,1,21.521076457786563,20.208988584518433,-0.06096757640547301,6,0.9806167400881057,0.14285714285714285,-0.00870965377221043,-25.803650789394922
2026-04-07,2026-04-08,2026-04-09,NVTS,1,9.540476961851121,9.459527038145065,-0.008484892739613059,5,0.9859030837004406,0.14285714285714285,-0.001212127534230437,-3.591108949162584
2026-04-08,2026-04-09,2026-04-10,QUBT,1,6.860343133521081,6.929653328347206,0.010103021594861872,37,0.9832599118942731,0.125,0.001262877699357734,3.5656859816713617
2026-04-08,2026-04-09,2026-04-10,SOUN,1,6.695334921669961,6.57967092370987,-0.017275311737690036,21,0.9982378854625551,0.125,-0.0021594139672112544,-6.097021204370321
2026-04-08,2026-04-09,2026-04-10,SMR,1,9.620480885553361,9.499525,-0.012572748388803956,18,0.9920704845814978,0.125,-0.0015715935486004945,-4.437333154255461
2026-04-08,2026-04-09,2026-04-10,QS,1,6.28031420981884,6.279686209797859,-9.99950002500416e-05,15,0.9920704845814977,0.125,-1.24993750312552e-05,-0.03529149841767436
2026-04-08,2026-04-09,2026-04-10,MARA,1,9.350467881488802,9.739512771129608,0.0416069970585109,13,0.9832599118942732,0.125,0.005200874632313862,14.684466895173673
2026-04-08,2026-04-09,2026-04-10,TTD,1,20.211009584426883,20.698965762901306,0.024143087777782624,7,0.9806167400881057,0.125,0.003017885972222828,8.52088346394133
2026-04-08,2026-04-09,2026-04-10,NVTS,1,9.460473038148882,9.479525542259216,0.0020139060735657743,6,0.9859030837004406,0.125,0.0002517382591957218,0.7107731669670329
2026-04-08,2026-04-09,2026-04-10,OWL,1,8.260413228893281,8.289585461854935,0.0035315706555230086,0,0.9823788546255506,0.125,0.0004414463319403761,1.246406519222381
2026-04-09,2026-04-10,2026-04-13,QUBT,1,6.930346328330041,6.869656385564804,-0.008757129859029766,38,0.9885964912280701,0.125,-0.0010946412323787208,-3.110399457534251
2026-04-09,2026-04-10,2026-04-13,SOUN,1,6.580328923702241,6.299685190725326,-0.04264889129873739,22,0.9947368421052631,0.125,-0.005331111412342174,-15.148238120877581
2026-04-09,2026-04-10,2026-04-13,SMR,1,9.500475000000002,9.054547555160521,-0.046937384166526375,19,0.9956140350877193,0.125,-0.005867173020815797,-16.67144562200378
2026-04-09,2026-04-10,2026-04-13,QS,1,6.28031420981884,6.229688519072533,-0.008061012403990486,16,0.9736842105263158,0.125,-0.0010076265504988108,-2.8631491153114865
2026-04-09,2026-04-10,2026-04-13,MARA,1,9.74048677110672,9.269536957740783,-0.04834972054609421,14,0.9832599118942732,0.125,-0.006043715068261776,-17.173086042961337
2026-04-09,2026-04-10,2026-04-13,TTD,1,20.701035762977604,20.148992118549355,-0.026667440738184722,8,0.9754385964912282,0.125,-0.0033334300922730903,-9.471869726854374
2026-04-09,2026-04-10,2026-04-13,NVTS,1,9.48047354221344,9.369531385564803,-0.011702174596516457,7,0.9859030837004406,0.125,-0.0014627718245645571,-4.156434597055135
2026-04-09,2026-04-10,2026-04-13,OWL,1,8.290414461851121,8.179591305160523,-0.013367625611549139,1,0.9823788546255506,0.125,-0.0016709532014436423,-4.747977490342944
2026-04-10,2026-04-13,2026-04-14,QUBT,1,6.870343385553361,7.594620040202141,0.10542073576289579,39,0.9885964912280701,0.1,0.01054207357628958,29.181891655977324
2026-04-10,2026-04-13,2026-04-14,SOUN,1,6.300315190744401,7.0696466716527935,0.12210999888364205,23,0.9921052631578947,0.1,0.012210999888364205,33.8017063886604
2026-04-10,2026-04-13,2026-04-14,SMR,1,9.05545305519104,10.33948315258026,0.1417963396821047,20,0.9912280701754386,0.1,0.01417963396821047,39.25115293374494
2026-04-10,2026-04-13,2026-04-14,QS,1,6.230311519074441,6.629668614435196,0.06409905734859356,17,0.9824561403508771,0.1,0.006409905734859356,17.7434897722967
2026-04-10,2026-04-13,2026-04-14,MARA,1,9.27046395778656,10.619468885564805,0.1455164416712038,15,0.9832599118942732,0.1,0.014551644167120383,40.280927696835576
2026-04-10,2026-04-13,2026-04-14,TTD,1,20.15100711851121,21.328933423709866,0.05845495951001789,9,0.9754385964912282,0.1,0.0058454959510017895,16.181126823213383
2026-04-10,2026-04-13,2026-04-14,NVTS,1,9.37046838555336,10.244487635564804,0.09327380596672596,8,0.9859030837004406,0.1,0.009327380596672596,25.81945648893544
2026-04-10,2026-04-13,2026-04-14,OWL,1,8.180409305191041,8.709564538145065,0.06468566708737145,2,0.9823788546255506,0.1,0.006468566708737145,17.90587131628306
2026-04-10,2026-04-13,2026-04-14,FSLY,1,23.1011553814888,24.518774457740783,0.061365721880211055,0,0.9956140350877193,0.1,0.0061365721880211055,16.98686538601678
2026-04-10,2026-04-13,2026-04-14,EOSE,1,5.48027401907444,6.409679347419739,0.1695910323298515,0,0.9894736842105263,0.1,0.01695910323298515,46.94510141160422
2026-04-13,2026-04-14,2026-04-15,SOUN,1,7.07035367166996,7.194640421652794,0.01757857608747848,24,0.9982456140350877,0.1111111111111111,0.001953175120830942,5.9610057256659665
2026-04-13,2026-04-14,2026-04-15,SMR,1,10.34051715259552,10.799460190725327,0.04438298697803611,21,0.9973684210526316,0.1111111111111111,0.004931442997559567,15.0505500662643
2026-04-13,2026-04-14,2026-04-15,QS,1,6.630331614446641,6.949652309274674,0.04816059186727162,18,0.9868421052631579,0.1111111111111111,0.005351176874141291,16.331559646447353
2026-04-13,2026-04-14,2026-04-15,MARA,1,10.620530885553361,10.609469156694413,-0.0010415419886397048,16,0.9832599118942732,0.1111111111111111,-0.00011572688762663387,-0.35319343995247243
2026-04-13,2026-04-14,2026-04-15,TTD,1,21.33106642370224,21.428928805160524,0.00458778663543713,10,0.9754385964912282,0.1111111111111111,0.0005097540706041255,1.555747306600951
2026-04-13,2026-04-14,2026-04-15,OWL,1,8.71043553814888,9.31953369483948,0.06992740535452535,3,0.9823788546255506,0.1111111111111111,0.007769711706058372,23.712823019619385
2026-04-13,2026-04-14,2026-04-15,FSLY,1,24.52122645778656,21.758912228870397,-0.11264992122932782,1,0.9956140350877193,0.1111111111111111,-0.012516657914369757,-38.200296889926655
2026-04-13,2026-04-14,2026-04-15,EOSE,1,6.410320347404481,6.8896553664922715,0.07477551715209874,1,0.9771929824561403,0.1111111111111111,0.008308390794677637,25.356848226222404
2026-04-13,2026-04-14,2026-04-15,QUBT,1,7.595379540181161,8.549572690725327,0.12562810660037238,0,0.9807017543859649,0.1111111111111111,0.013958678511152485,42.60128118584229
2026-04-14,2026-04-15,2026-04-16,SOUN,1,7.195359921669961,8.139593343305588,0.13122810143130148,25,0.9929824561403509,0.1111111111111111,0.014580900159033497,45.8352804630145
2026-04-14,2026-04-15,2026-04-16,SMR,1,10.800540190744401,12.409379347419739,0.1489591379933055,22,0.9964912280701754,0.1111111111111111,0.0165510153325895,52.02836734650397
2026-04-14,2026-04-15,2026-04-16,QS,1,6.9503473092556005,7.57962092370987,0.09053844167129332,19,0.9868421052631579,0.1111111111111111,0.010059826852365924,31.623218056389216
2026-04-14,2026-04-15,2026-04-16,MARA,1,10.610530156660081,10.56947119483948,-0.003869642818443819,17,0.9832599118942732,0.1111111111111111,-0.0004299603131604243,-1.3515867557370276
2026-04-14,2026-04-15,2026-04-16,TTD,1,21.431071805191042,22.768861957740786,0.06242292334747823,11,0.9789473684210527,0.1111111111111111,0.006935880371942025,21.8030449861439
2026-04-14,2026-04-15,2026-04-16,OWL,1,9.320465694808963,10.099495381450655,0.0835826998511,4,0.9823788546255506,0.1111111111111111,0.009286966650122222,29.193720306444384
2026-04-14,2026-04-15,2026-04-16,FSLY,1,21.761088228893286,23.568821194839476,0.08307180904427258,2,0.9973684210526316,0.1111111111111111,0.009230201004919175,29.0152766410899
2026-04-14,2026-04-15,2026-04-16,EOSE,1,6.890344366478921,7.259637228870392,0.05359570476448994,2,0.9771929824561403,0.1111111111111111,0.005955078307165548,18.719878842256563
2026-04-14,2026-04-15,2026-04-16,QUBT,1,8.550427690744401,9.764512093305587,0.14199107301677993,1,0.9807017543859649,0.1111111111111111,0.015776785890753327,49.59456537116444
2026-04-15,2026-04-16,2026-04-17,SOUN,1,8.140407343339922,8.034598097419739,-0.012998028410304396,26,0.9929824561403509,0.1,-0.0012998028410304398,-4.445295702905815
2026-04-15,2026-04-16,2026-04-17,SMR,1,12.410620347404482,11.979400542259217,-0.03474603146936561,23,0.9929824561403509,0.1,-0.0034746031469365616,-11.883062531341553
2026-04-15,2026-04-16,2026-04-17,QS,1,7.5803789237022405,7.239637771129608,-0.04495041158261981,20,0.9868421052631579,0.1,-0.004495041158261981,-15.372936967398743
2026-04-15,2026-04-16,2026-04-17,MARA,1,10.570528194808963,11.659416847419738,0.10301175424190379,18,0.9832599118942732,0.1,0.01030117542419038,35.229782088897664
2026-04-15,2026-04-16,2026-04-17,TTD,1,22.77113895778656,23.064846684741973,0.012898244901139666,12,0.9736842105263158,0.1,0.0012898244901139667,4.411169973179051
2026-04-15,2026-04-16,2026-04-17,OWL,1,10.100505381488803,9.899504618549345,-0.019900069882427096,5,0.9823788546255506,0.1,-0.0019900069882427098,-6.805777949042576
2026-04-15,2026-04-16,2026-04-17,FSLY,1,23.57117819480896,25.15874184741974,0.06735190067675134,3,0.9973684210526316,0.1,0.006735190067675135,23.034194510880475
2026-04-15,2026-04-16,2026-04-17,EOSE,1,7.260363228893281,7.284635597419739,0.0033431341878136234,3,0.9771929824561403,0.1,0.0003343134187813624,1.1433441726857552
2026-04-15,2026-04-16,2026-04-17,QUBT,1,9.76548859333992,9.56952119483948,-0.02006734190791959,2,0.9807017543859649,0.1,-0.002006734190791959,-6.8629845955174105
2026-04-15,2026-04-16,2026-04-17,IAG,1,19.7509875,19.559021465969085,-0.00971931322577746,0,0.9780701754385965,0.1,-0.000971931322577746,-3.323982680595817
2026-04-16,2026-04-17,2026-04-20,SOUN,1,8.035401597404482,7.910604224944115,-0.015530944029067295,27,0.9973684210526316,0.1,-0.0015530944029067296,-5.334771117618846
2026-04-16,2026-04-17,2026-04-20,SMR,1,11.980598542213441,12.274385868549345,0.024521923950689972,24,0.9929824561403509,0.1,0.0024521923950689972,8.423110108165329
2026-04-16,2026-04-17,2026-04-20,QS,1,7.240361771106721,6.931653560209274,-0.04263712514053819,21,0.9728070175438597,0.1,-0.004263712514053819,-14.645555563933321
2026-04-16,2026-04-17,2026-04-20,MARA,1,11.66058284740448,11.299435190725326,-0.030971664230278306,19,0.9832599118942732,0.1,-0.003097166423027831,-10.638550978681241
2026-04-16,2026-04-17,2026-04-20,TTD,1,23.06715328474045,22.268886957740783,-0.0346061916330066,13,0.9736842105263158,0.1,-0.00346061916330066,-11.886985830933655
2026-04-16,2026-04-17,2026-04-20,OWL,1,9.9004946185112,9.7495125,-0.015249957131324043,6,0.9823788546255506,0.1,-0.0015249957131324044,-5.238254075016379
2026-04-16,2026-04-17,2026-04-20,FSLY,1,25.16125784740448,24.818758694839477,-0.013612163376018782,4,0.9903508771929824,0.1,-0.0013612163376018783,-4.6756833255457355
2026-04-16,2026-04-17,2026-04-20,EOSE,1,7.28536409740448,7.009649728870392,-0.0378449676430469,4,0.9771929824561403,0.1,-0.0037844967643046903,-12.99948283578169
2026-04-16,2026-04-17,2026-04-20,QUBT,1,9.570478194808963,9.349532881450655,-0.023086131002121646,3,0.9789473684210527,0.1,-0.0023086131002121647,-7.929925229089881
2026-04-16,2026-04-17,2026-04-20,IAG,1,19.56097746591568,18.989050271129607,-0.029238170525099583,1,0.9780701754385965,0.1,-0.0029238170525099586,-10.043107962876562
2026-04-17,2026-04-20,2026-04-21,SOUN,1,7.9113953249216085,8.849557881450654,0.11858370337957314,28,0.987719298245614,0.1111111111111111,0.013175967042174792,44.27073742697517
2026-04-17,2026-04-20,2026-04-21,QS,1,6.932346760225297,7.384630978870392,0.06524258440736119,22,0.975438596491228,0.1111111111111111,0.007249176045262354,24.356949909974624
2026-04-17,2026-04-20,2026-04-21,TTD,1,22.27111395778656,23.923802987098693,0.07420773978547701,14,0.9736842105263158,0.1111111111111111,0.008245304420608557,27.703902555450593
2026-04-17,2026-04-20,2026-04-21,OWL,1,9.7504875,10.009499728870392,0.026564028605789325,7,0.9823788546255506,0.1111111111111111,0.0029515587339765917,9.91712268966068
2026-04-17,2026-04-20,2026-04-21,FSLY,1,24.821240694808964,25.498725,0.027294538315835393,5,1.0,0.1111111111111111,0.0030327264795372657,10.189843161695423
2026-04-17,2026-04-20,2026-04-21,EOSE,1,7.010350728893281,7.259637228870392,0.03555977576837521,5,0.9771929824561403,0.1111111111111111,0.003951086196486134,13.275496135964241
2026-04-17,2026-04-20,2026-04-21,QUBT,1,9.350467881488802,10.004499864435196,0.06994644452404208,4,0.9736842105263158,0.1111111111111111,0.007771827169338009,26.113037383918975
2026-04-17,2026-04-20,2026-04-21,IAG,1,18.99094927110672,18.139092389678957,-0.04485594002000726,2,0.9780701754385965,0.1111111111111111,-0.004983993335556361,-16.74602399884196
2026-04-17,2026-04-20,2026-04-21,ACHR,1,6.010300728893281,6.154692459797859,0.024024044289571833,0,0.9763157894736842,0.1111111111111111,0.00266933825439687,8.968872841433477
2026-04-20,2026-04-21,2026-04-22,SOUN,1,8.850442881488801,8.079595923709869,-0.08709699255742354,29,0.9920704845814977,0.125,-0.010887124069677942,-38.18666494955168
2026-04-20,2026-04-21,2026-04-22,QS,1,7.38536947889328,7.169641576290131,-0.02921017062445974,23,0.9841409691629956,0.125,-0.0036512713280574677,-12.806860099331969
2026-04-20,2026-04-21,2026-04-22,TTD,1,23.9261954870224,23.428828805160524,-0.020787537330439698,15,0.9736842105263158,0.125,-0.0025984421663049623,-9.11405434166326
2026-04-20,2026-04-21,2026-04-22,OWL,1,10.01050072889328,10.049497690725326,0.0038956055134673484,8,0.9823788546255506,0.125,0.00048695068918341855,1.7079829986130168
2026-04-20,2026-04-21,2026-04-22,FSLY,1,25.501275000000003,26.698665762901307,0.046954152798293514,6,0.9814977973568282,0.125,0.005869269099786689,20.586503026684177
2026-04-20,2026-04-21,2026-04-22,QUBT,1,10.005500364446641,9.589520652580262,-0.04157510336459669,5,0.9903083700440529,0.125,-0.005196887920574586,-18.22812126813804
2026-04-20,2026-04-21,2026-04-22,IAG,1,18.140906389617925,17.369132339191438,-0.04254330152258401,3,0.9780701754385965,0.125,-0.005317912690323001,-18.652616507046076
2026-04-20,2026-04-21,2026-04-22,ACHR,1,6.155307959818841,6.139692866492272,-0.0025368500534015404,1,0.9806167400881057,0.125,-0.00031710625667519254,-1.1122524460603784
2026-04-21,2026-04-22,2026-04-23,SOUN,1,8.08040392370224,8.099595381450653,0.002375061683750568,30,0.985022026431718,0.1111111111111111,0.00026389574263895195,0.9055650068639737
2026-04-21,2026-04-22,2026-04-23,QS,1,7.170358576297761,9.656516738033295,0.34672717344342363,24,0.9841409691629955,0.1111111111111111,0.03852524149371373,132.20035393076347
2026-04-21,2026-04-22,2026-04-23,TTD,1,23.431171805191042,23.258837228870394,-0.007354927775420461,16,0.9736842105263158,0.1111111111111111,-0.00081721419726894,-2.804291470407192
2026-04-21,2026-04-22,2026-04-23,OWL,1,10.050502690744402,9.689515080404282,-0.03591736865784401,9,0.9823788546255506,0.1111111111111111,-0.003990818739760445,-13.694596825718593
2026-04-21,2026-04-22,2026-04-23,FSLY,1,26.701335762977603,24.828758423709868,-0.07013047421635488,7,0.9911894273127753,0.1111111111111111,-0.007792274912928319,-26.739391149125538
2026-04-21,2026-04-22,2026-04-23,QUBT,1,9.590479652595521,9.709514538145065,0.012411776038472544,6,0.9903083700440529,0.1111111111111111,0.0013790862264969493,4.732369744487824
2026-04-21,2026-04-22,2026-04-23,ACHR,1,6.14030686647892,6.009699728870392,-0.021270457722811442,2,0.9806167400881057,0.1111111111111111,-0.0023633841914234934,-8.110013447457268
2026-04-21,2026-04-22,2026-04-23,NVTS,1,16.12580625,18.069096194839478,0.12050807970233901,0,0.9814977973568282,0.1111111111111111,0.013389786633593222,45.94739613266974
2026-04-21,2026-04-22,2026-04-23,SMR,1,12.1506071185112,14.024298368549346,0.1542055661715549,0,0.9806167400881057,0.1111111111111111,0.017133951796839433,58.79559488665162
2026-04-22,2026-04-23,2026-04-24,SOUN,1,8.100405381488802,7.994600135564804,-0.013061722338709836,31,0.9903083700440529,0.125,-0.0016327152923387295,-5.914093003000148
2026-04-22,2026-04-23,2026-04-24,QS,1,9.657482437992098,7.499625,-0.223438919184899,25,0.9841409691629955,0.125,-0.027929864898112375,-101.16878266758891
2026-04-22,2026-04-23,2026-04-24,TTD,1,23.261163228893285,23.63881738967896,0.016235394467142505,17,0.9736842105263158,0.125,0.002029424308392813,7.351069815235323
2026-04-22,2026-04-23,2026-04-24,OWL,1,9.690484080362321,9.489525271129608,-0.020737747213264046,10,0.9823788546255506,0.125,-0.0025922184016580058,-9.389647284759606
2026-04-22,2026-04-23,2026-04-24,FSLY,1,24.831241423702238,25.048746737098693,0.00875934109314569,8,1.0,0.125,0.0010949176366432112,3.9660587269061067
2026-04-22,2026-04-23,2026-04-24,QUBT,1,9.71048553814888,9.25753747382164,-0.04664525399350794,7,0.9770925110132159,0.125,-0.0058306567491884925,-21.120060824491414
2026-04-22,2026-04-23,2026-04-24,ACHR,1,6.010300728893281,5.859707133507729,-0.025055916863128802,3,0.9770925110132158,0.125,-0.0031319896078911003,-11.344830242243546
2026-04-22,2026-04-23,2026-04-24,NVTS,1,18.070903194808963,19.119044839191435,0.0580016191267938,1,0.9735682819383259,0.125,0.007250202390849225,26.262001361325297
2026-04-23,2026-04-24,2026-04-27,SOUN,1,7.995399635553361,8.09859502711296,0.012906845969364422,32,0.9903083700440529,0.1,0.0012906845969364424,4.531212223263666
2026-04-23,2026-04-24,2026-04-27,QS,1,7.500375000000001,7.099644904637337,-0.05342800798128944,26,0.9841409691629955,0.1,-0.005342800798128944,-18.75699480756792
2026-04-23,2026-04-24,2026-04-27,TTD,1,23.641181389617927,23.2488375,-0.01659578187536026,18,0.9736842105263158,0.1,-0.001659578187536026,-5.826288612008057
2026-04-23,2026-04-24,2026-04-27,OWL,1,9.490474271106722,9.119543885564804,-0.03908449408805592,11,0.9823788546255506,0.1,-0.003908449408805592,-13.721410929691022
2026-04-23,2026-04-24,2026-04-27,FSLY,1,25.0512517370224,23.84380706338882,-0.04819897569625786,9,0.9947136563876652,0.1,-0.004819897569625787,-16.921236089906383
2026-04-23,2026-04-24,2026-04-27,QUBT,1,9.258463273859025,8.814558830404282,-0.047945801622186424,8,0.9770925110132159,0.1,-0.004794580162218643,-16.832354153779704
2026-04-23,2026-04-24,2026-04-27,ACHR,1,5.860293133521081,5.649717595362663,-0.03593259472873778,4,0.9788546255506607,0.1,-0.003593259472873778,-12.614872203085099
2026-04-23,2026-04-24,2026-04-27,NVTS,1,19.12095683927536,17.229138042259216,-0.09893954643160219,2,0.9735682819383259,0.1,-0.00989395464316022,-34.73475109404405
2026-04-23,2026-04-24,2026-04-27,EOSE,1,7.000350000000001,7.7046146737098695,0.10060420889096533,0,0.9947136563876652,0.1,0.010060420889096533,35.3191648928434
2026-04-23,2026-04-24,2026-04-27,JOBY,1,8.610430156660081,8.689565080404282,0.009190588890961582,0,0.9779735682819384,0.1,0.0009190588890961582,3.2265441782263014
2026-04-24,2026-04-27,2026-04-28,SOUN,1,8.099404927110673,8.104594292259216,0.0006407094342417707,33,0.9903083700440529,0.09090909090909091,5.8246312203797345e-05,0.20001914335956858
2026-04-24,2026-04-27,2026-04-28,QS,1,7.1003549046278005,6.849657404637337,-0.03530774212808241,27,0.9841409691629955,0.09090909090909091,-0.0032097947389165826,-11.022507172501964
2026-04-24,2026-04-27,2026-04-28,TTD,1,23.251162500000003,23.038848915481566,-0.009131310510536284,19,0.9736842105263158,0.09090909090909091,-0.0008301191373214803,-2.8506477483496657
2026-04-24,2026-04-27,2026-04-28,OWL,1,9.12045588555336,8.879556114435196,-0.02641312826256248,12,0.9823788546255506,0.09090909090909091,-0.002401193478414771,-8.245752296087739
2026-04-24,2026-04-27,2026-04-28,FSLY,1,23.846191563320158,25.798709237098695,0.08187964390850033,10,0.9947136563876652,0.09090909090909091,0.007443603991681849,25.561503168040957
2026-04-24,2026-04-27,2026-04-28,QUBT,1,8.815440330362321,8.82955842370987,0.0016015187918545504,9,0.9770925110132159,0.09090909090909091,0.00014559261744132276,0.49996831590296303
2026-04-24,2026-04-27,2026-04-28,ACHR,1,5.6502825953722,5.859707133507729,0.03706443608803833,5,0.9788546255506607,0.09090909090909091,0.003369494189821667,11.570918671126352
2026-04-24,2026-04-27,2026-04-28,NVTS,1,17.23086104221344,17.189141034030914,-0.0024212375736950564,3,0.9735682819383259,0.09090909090909091,-0.0002201125066995506,-0.7558712881036459
2026-04-24,2026-04-27,2026-04-28,EOSE,1,7.705385173702241,6.969651290202141,-0.09548307669434752,1,0.9841409691629956,0.09090909090909091,-0.008680279699486138,-29.80827530398531
2026-04-24,2026-04-27,2026-04-28,JOBY,1,8.690434080362321,9.202539918661117,0.05892753268286044,1,0.9779735682819384,0.09090909090909091,0.005357048425714586,18.396224524877304
2026-04-24,2026-04-27,2026-04-28,SMR,1,11.760588228893281,11.959402038145065,0.016905090577301163,0,0.9867841409691629,0.09090909090909091,0.0015368264161182876,5.277496404730243
2026-04-27,2026-04-28,2026-04-29,SOUN,1,8.105404792213442,8.001599755048751,-0.012806891182586266,34,0.9982378854625551,0.1111111111111111,-0.0014229879091762518,-4.898883219400688
2026-04-27,2026-04-28,2026-04-29,QS,1,6.850342404627801,6.949652309274674,0.014497071647073145,28,0.9797356828193833,0.1111111111111111,0.0016107857385636826,5.545409889861673
2026-04-27,2026-04-28,2026-04-29,TTD,1,23.04115291557312,23.58882065258026,0.02376911168524809,20,0.9736842105263158,0.1111111111111111,0.00264101240947201,9.092144277234969
2026-04-27,2026-04-28,2026-04-29,OWL,1,8.880444114446641,8.779560732984542,-0.011360173000580343,13,0.9823788546255506,0.1111111111111111,-0.001262241444508927,-4.345485574024627
2026-04-27,2026-04-28,2026-04-29,FSLY,1,25.801289237022402,24.91875407629013,-0.03420507993321187,11,0.9947136563876652,0.1111111111111111,-0.003800564437023541,-13.084103684031762
2026-04-27,2026-04-28,2026-04-29,QUBT,1,8.830441423702242,8.519574457740784,-0.03520401201315293,10,0.9859030837004406,0.1111111111111111,-0.003911556890350326,-13.466214497185096
2026-04-27,2026-04-28,2026-04-29,ACHR,1,5.860293133521081,5.7497125,-0.018869471373122226,6,0.9762114537444935,0.1111111111111111,-0.002096607930346914,-7.217937230109473
2026-04-27,2026-04-28,2026-04-29,EOSE,1,6.97034829018116,6.869656385564804,-0.01444574939794574,2,0.9709251101321585,0.1111111111111111,-0.0016050832664384154,-5.525778138373535
2026-04-27,2026-04-28,2026-04-29,JOBY,1,9.203460218667985,8.789560461854935,-0.04497218947863868,2,0.9779735682819384,0.1111111111111111,-0.0049969099420709645,-17.20273103250655
2026-04-28,2026-04-29,2026-04-30,SOUN,1,8.002399955034257,7.759612228870392,-0.030339364131772628,35,0.9841409691629955,0.1,-0.003033936413177263,-10.288763962421838
2026-04-28,2026-04-29,2026-04-30,QS,1,6.9503473092556005,6.879656114435196,-0.010170886672996371,29,0.9797356828193833,0.1,-0.0010170886672996372,-3.4491775045941777
2026-04-28,2026-04-29,2026-04-30,TTD,1,23.59117965259552,23.868807339191438,0.011768283345058306,21,0.9736842105263158,0.1,0.0011768283345058306,3.9908908128171325
2026-04-28,2026-04-29,2026-04-30,OWL,1,8.78043873295784,9.129543614435196,0.03975938926228961,14,0.9823788546255506,0.1,0.003975938926228962,13.48330735057651
2026-04-28,2026-04-29,2026-04-30,FSLY,1,24.921246076297763,26.388679889678958,0.05888284273140143,12,0.9947136563876652,0.1,0.005888284273140143,19.968502558870174
2026-04-28,2026-04-29,2026-04-30,QUBT,1,8.520426457786561,8.32958342370987,-0.022398296026871378,11,0.9806167400881058,0.1,-0.002239829602687138,-7.595768321973267
2026-04-28,2026-04-29,2026-04-30,ACHR,1,5.750287500000001,5.649717595362663,-0.017489543720611844,7,0.9762114537444935,0.1,-0.0017489543720611844,-5.9310994907564885
2026-04-28,2026-04-29,2026-04-30,EOSE,1,6.870343385553361,6.509674728870392,-0.05249645271608494,3,0.9929515418502203,0.1,-0.005249645271608494,-17.80273339000527
2026-04-28,2026-04-29,2026-04-30,JOBY,1,8.79043946185112,8.799560190725327,0.0010375737087762182,3,0.9779735682819384,0.1,0.00010375737087762183,0.35186469092915035
2026-04-28,2026-04-29,2026-04-30,SMR,1,11.980598542213441,11.439427580404281,-0.045170611460049526,0,0.985022026431718,0.1,-0.004517061146004953,-15.318375076424607
2026-04-29,2026-04-30,2026-05-01,SOUN,1,7.760388228893281,8.094595517015458,0.043065794940240876,36,0.9894273127753304,0.1,0.004306579494024088,14.506562547640868
2026-04-29,2026-04-30,2026-05-01,QS,1,6.880344114446641,7.219638790202141,0.049313620091048005,30,0.9797356828193833,0.1,0.004931362009104801,16.611120618905407
2026-04-29,2026-04-30,2026-05-01,TTD,1,23.871194339275362,24.308783965969084,0.018331283323086867,22,0.9736842105263158,0.1,0.0018331283323086867,6.174828735284881
2026-04-29,2026-04-30,2026-05-01,OWL,1,9.130456614446642,10.199489809274674,0.11708430804397629,15,0.9823788546255506,0.1,0.01170843080439763,39.43944005547928
2026-04-29,2026-04-30,2026-05-01,FSLY,1,26.391318889617928,25.62871766080856,-0.02889591202315267,13,0.9947136563876652,0.1,-0.0028895912023152674,-9.73348699859498
2026-04-29,2026-04-30,2026-05-01,QUBT,1,8.330416423702241,9.009549728870391,0.08152453258348968,12,0.988546255506608,0.1,0.00815245325834897,27.461253942499834
2026-04-29,2026-04-30,2026-05-01,ACHR,1,5.6502825953722,5.7597122288703915,0.019367108043023995,8,0.9762114537444935,0.1,0.0019367108043023995,6.523742672877611
2026-04-29,2026-04-30,2026-05-01,EOSE,1,6.510325728893281,6.689665557217598,0.027546982408022114,4,0.9929515418502203,0.1,0.0027546982408022114,9.279104771089136
2026-04-29,2026-04-30,2026-05-01,JOBY,1,8.800440190744402,9.109544156694412,0.03512369373012736,4,0.9841409691629956,0.1,0.003512369373012736,11.831293505839186
2026-04-29,2026-04-30,2026-05-01,SMR,1,11.440571580362322,12.229388042259217,0.06894904300506233,1,0.9885462555066079,0.1,0.006894904300506233,23.225244218545996
2026-04-30,2026-05-01,2026-05-04,SOUN,1,8.095405017042161,9.539522961854935,0.17838736193836735,37,0.9929515418502202,0.1111111111111111,0.019820817993151926,69.64607635520541
2026-04-30,2026-05-01,2026-05-04,QS,1,7.220360790181161,7.229638519072533,0.0012849397919267869,31,0.9885462555066079,0.1111111111111111,0.0001427710879918652,0.501666787870846
2026-04-30,2026-05-01,2026-05-04,TTD,1,24.31121496591568,24.578770923709865,0.011005453991883796,23,0.9736842105263158,0.1111111111111111,0.0012228282213204216,4.296754437723337
2026-04-30,2026-05-01,2026-05-04,FSLY,1,25.63128066072464,27.66861657629013,0.07948630981546478,14,0.986784140969163,0.1111111111111111,0.008831812201718308,31.03308184194138
2026-04-30,2026-05-01,2026-05-04,QUBT,1,9.01045072889328,9.149542118549345,0.015436673906894294,13,0.988546255506608,0.1111111111111111,0.0017151859896549215,6.026793366457285
2026-04-30,2026-05-01,2026-05-04,ACHR,1,5.76028822889328,5.859707133507729,0.017259362841562043,9,0.9762114537444935,0.1111111111111111,0.0019177069823957825,6.738408423355299
2026-04-30,2026-05-01,2026-05-04,EOSE,1,6.690334557223321,6.399680095362664,-0.043443935333076555,5,0.9947136563876652,0.1111111111111111,-0.0048271039258973945,-16.96140132630826
2026-04-30,2026-05-01,2026-05-04,JOBY,1,9.11045515666008,9.114544021129609,0.00044881011971598106,5,0.9779735682819384,0.1111111111111111,4.986779107955345e-05,0.17522465452192548
2026-04-30,2026-05-01,2026-05-04,SMR,1,12.230611042213441,12.109394156694412,-0.009910942724010607,2,0.9885462555066079,0.1111111111111111,-0.0011012158582234008,-3.86943484228997
2026-05-01,2026-05-04,2026-05-05,SOUN,1,9.540476961851121,9.579520923709872,0.004092453869431578,38,0.9929515418502202,0.1111111111111111,0.00045471709660350866,1.6420723981183118
2026-05-01,2026-05-04,2026-05-05,QS,1,7.230361519074441,7.2096395381450655,-0.0028659674726786433,32,0.9832599118942731,0.1111111111111111,-0.000318440830297627,-1.149952138970391
2026-05-01,2026-05-04,2026-05-05,TTD,1,24.581228923702238,24.008799728870397,-0.023287248843766317,24,0.9736842105263158,0.1111111111111111,-0.0025874720937518127,-9.343867951716826
2026-05-01,2026-05-04,2026-05-05,FSLY,1,27.671383576297764,29.108545110321042,0.051936742883152975,15,0.9823788546255507,0.1111111111111111,0.005770749209239219,20.839304402089372
2026-05-01,2026-05-04,2026-05-05,QUBT,1,9.150457118511198,9.584520788145065,0.04743628258262245,14,0.986784140969163,0.1111111111111111,0.005270698064735827,19.033521887708858
2026-05-01,2026-05-04,2026-05-05,ACHR,1,5.860293133521081,5.769711480927468,-0.015456846701999094,10,0.9762114537444935,0.1111111111111111,-0.0017174274113332326,-6.201966385225035
2026-05-01,2026-05-04,2026-05-05,EOSE,1,6.400320095372201,6.489675271129609,0.013961047951651206,6,1.0,0.1111111111111111,0.0015512275501834672,5.601786170749634
2026-05-01,2026-05-04,2026-05-05,JOBY,1,9.115455521106721,8.849557881450654,-0.029169978290211063,6,0.9797356828193833,0.1111111111111111,-0.0032411086989123403,-11.704277612472866
2026-05-01,2026-05-04,2026-05-05,SMR,1,12.110605156660082,12.209389538145066,0.008156849323971205,3,0.9885462555066079,0.1111111111111111,0.000906316591552356,3.272886526724248
2026-05-04,2026-05-05,2026-05-06,SOUN,1,9.580478923702243,9.159541847419739,-0.0439369555149377,39,0.9929515418502202,0.1,-0.00439369555149377,-15.963109433251978
2026-05-04,2026-05-05,2026-05-06,QS,1,7.210360538148881,7.284635597419739,0.010301157463330934,33,0.9779735682819383,0.1,0.0010301157463330935,3.7426012328142804
2026-05-04,2026-05-05,2026-05-06,TTD,1,24.011200728893286,24.818758694839477,0.033632552368546786,25,0.9736842105263158,0.1,0.003363255236854679,12.21932898368804
2026-05-04,2026-05-05,2026-05-06,FSLY,1,29.11145611038208,31.498425,0.08199414280643458,16,0.9823788546255507,0.1,0.008199414280643458,29.78999020675913
2026-05-04,2026-05-05,2026-05-06,QUBT,1,9.58547928814888,9.699514809274673,0.011896694750233472,15,0.9788546255506607,0.1,0.0011896694750233472,4.322289470589425
2026-05-04,2026-05-05,2026-05-06,ACHR,1,5.770288480925561,5.979701019072532,0.03629151971157296,11,0.9859030837004406,0.1,0.0036291519711572962,13.185381050307436
2026-05-04,2026-05-05,2026-05-06,EOSE,1,6.49032427110672,6.299685190725326,-0.029372812885493427,7,0.9903083700440529,0.1,-0.0029372812885493428,-10.671686760229777
2026-05-04,2026-05-05,2026-05-06,JOBY,1,8.850442881488801,8.869556385564804,0.0021596099011023107,7,0.9797356828193833,0.1,0.00021596099011023107,0.7846262623433286
2026-05-04,2026-05-05,2026-05-06,SMR,1,12.210610538148881,12.099395381450655,-0.009108075009907401,4,0.9885462555066079,0.1,-0.0009108075009907402,-3.3091322875111047
2026-05-04,2026-05-05,2026-05-06,RDW,1,8.880444114446641,8.814558830404282,-0.007419142915969457,0,0.9770925110132159,0.1,-0.0007419142915969457,-2.6955119871310123
2026-05-05,2026-05-06,2026-05-07,QS,1,7.28536409740448,7.9296033283472065,0.08842924283938625,34,0.9762114537444934,0.125,0.01105365535492328,40.50510607335499
2026-05-05,2026-05-06,2026-05-07,QUBT,1,9.7004848092556,10.054497555160522,0.0364943353725109,16,0.9806167400881057,0.125,0.0045617919215638625,16.716268033924113
2026-05-05,2026-05-06,2026-05-07,ACHR,1,5.98029901907444,6.329683423709869,0.05842256441041682,12,0.9859030837004406,0.125,0.007302820551302103,26.76051600735126
2026-05-05,2026-05-06,2026-05-07,EOSE,1,6.300315190744401,6.829658423709869,0.08401853192092834,8,1.0,0.125,0.010502316490116043,38.484775378727925
2026-05-05,2026-05-06,2026-05-07,JOBY,1,8.870443385553362,10.219489267015458,0.15208325253044142,8,0.9903083700440529,0.125,0.019010406566305177,69.66189099815115
2026-05-05,2026-05-06,2026-05-07,SMR,1,12.100605381488803,13.014349593305587,0.07551227256899118,5,0.9885462555066079,0.125,0.009439034071123897,34.588474491435676
2026-05-05,2026-05-06,2026-05-07,RDW,1,8.815440330362321,9.349532881450655,0.06058603212919511,1,0.9770925110132159,0.125,0.007573254016149389,27.751494631860787
2026-05-05,2026-05-06,2026-05-07,FLNC,1,12.650632118511199,19.204039673709865,0.5180300473372637,0,0.9806167400881058,0.125,0.06475375591715796,237.28419856191775
2026-05-06,2026-05-07,2026-05-08,QS,1,7.9303963283300405,7.379631114435196,-0.06944989772167198,35,0.9876651982378855,0.1111111111111111,-0.007716655302407997,-32.06600636225138
2026-05-06,2026-05-07,2026-05-08,QUBT,1,10.05550305519104,9.814508830404282,-0.023966401627449785,17,0.9691629955947136,0.1111111111111111,-0.002662933514161087,-11.065628780994771
2026-05-06,2026-05-07,2026-05-08,ACHR,1,6.33031642370224,6.299685190725326,-0.004838815459875412,13,0.9859030837004406,0.1111111111111111,-0.000537646162208379,-2.2341499759143177
2026-05-06,2026-05-07,2026-05-08,EOSE,1,6.830341423702241,6.549672690725327,-0.041091464623269736,9,0.9982378854625551,0.1111111111111111,-0.004565718291474415,-18.972514132772048
2026-05-06,2026-05-07,2026-05-08,JOBY,1,10.220511267042161,9.989500271129609,-0.02260268492218076,9,0.9903083700440529,0.1111111111111111,-0.0025114094357978622,-10.435981366354744
2026-05-06,2026-05-07,2026-05-08,SMR,1,13.01565109333992,12.339383152580261,-0.05195805695081246,6,0.9885462555066079,0.1111111111111111,-0.0057731174389791615,-23.98977449084228
2026-05-06,2026-05-07,2026-05-08,RDW,1,9.350467881488802,9.409529347419738,0.006316418245536193,2,0.9770925110132159,0.1111111111111111,0.0007018242495040214,2.916380214981951
2026-05-06,2026-05-07,2026-05-08,FLNC,1,19.205960173702238,23.77381086854935,0.23783506023831302,1,0.9788546255506607,0.1111111111111111,0.026426117804257,109.81183277377737
2026-05-06,2026-05-07,2026-05-08,SOUN,1,9.490474271106722,8.684566169595719,-0.08491757929996713,0,0.9726872246696034,0.1111111111111111,-0.009435286588885235,-39.207655121571534
