Date,Adj Close,Close,High,Low,Open,Volume
1993-01-29,24.113262176513672,43.9375,43.96875,43.75,43.96875,1003200
1993-02-01,24.28476524353028,44.25,44.25,43.96875,43.96875,480500
1993-02-02,24.33622169494629,44.34375,44.375,44.125,44.21875,201300
1993-02-03,24.59346580505371,44.8125,44.84375,44.375,44.40625,529400
1993-02-04,24.69636344909668,45.0,45.09375,44.46875,44.96875,531500
1993-02-05,24.6792049407959,44.96875,45.0625,44.71875,44.96875,492100
1993-02-08,24.6792049407959,44.96875,45.125,44.90625,44.96875,596100
1993-02-09,24.507719039916992,44.65625,44.8125,44.5625,44.8125,122100
1993-02-10,24.5420150756836,44.71875,44.75,44.53125,44.65625,379600
1993-02-11,24.662073135375977,44.9375,45.125,44.78125,44.78125,19500
1993-02-12,24.4734115600586,44.59375,44.875,44.59375,44.875,42500
1993-02-16,23.856006622314453,43.46875,44.46875,43.40625,44.46875,374800
1993-02-17,23.8388671875,43.4375,43.53125,43.28125,43.46875,210900
1993-02-18,23.821697235107425,43.40625,43.9375,42.8125,43.9375,378100
1993-02-19,23.907451629638672,43.5625,43.5625,43.34375,43.40625,34900
1993-02-22,23.99321174621582,43.71875,43.78125,43.5625,43.6875,513600
1993-02-23,23.97606658935547,43.6875,43.875,43.46875,43.84375,373700
1993-02-24,24.28476524353028,44.25,44.25,43.71875,43.71875,26300
1993-02-25,24.33622169494629,44.34375,44.375,44.125,44.21875,44500
1993-02-26,24.37051773071289,44.40625,44.4375,44.1875,44.4375,66200
1993-03-01,24.301916122436523,44.28125,44.5625,44.21875,44.5625,66500
1993-03-02,24.662073135375977,44.9375,44.9375,44.25,44.3125,182400
1993-03-03,24.76496315002441,45.125,45.15625,44.9375,45.0,280100
1993-03-04,24.62775611877441,44.875,45.1875,44.875,45.1875,89500
1993-03-05,24.559160232543945,44.75,45.125,44.71875,44.9375,40000
1993-03-08,25.10797500610352,45.75,45.75,44.84375,44.84375,50800
1993-03-09,25.022220611572266,45.59375,45.6875,45.5,45.65625,169300
1993-03-10,25.073686599731445,45.6875,45.6875,45.40625,45.59375,194400
1993-03-11,25.005077362060547,45.5625,45.84375,45.5,45.71875,70900
1993-03-12,24.747821807861328,45.09375,45.21875,44.8125,45.1875,643600
1993-03-15,24.86786842346192,45.3125,45.3125,45.0625,45.0625,310800
1993-03-16,24.86786842346192,45.3125,45.4375,45.3125,45.3125,30800
1993-03-17,24.713525772094727,45.03125,45.25,44.96875,45.25,21800
1993-03-18,24.86786842346192,45.3125,45.5,45.21875,45.21875,59300
1993-03-19,24.83024978637696,45.03125,45.28125,45.03125,45.28125,66900
1993-03-22,24.6923885345459,44.78125,44.875,44.5625,44.59375,183400
1993-03-23,24.74408912658692,44.875,44.9375,44.8125,44.90625,55200
1993-03-24,24.74408912658692,44.875,45.0625,44.59375,44.8125,37200
1993-03-25,24.899152755737305,45.15625,45.25,44.84375,44.90625,110100
1993-03-26,24.761314392089844,44.90625,45.15625,44.875,45.125,101500
1993-03-29,24.864688873291016,45.09375,45.3125,44.9375,44.9375,87100
1993-03-30,24.933629989624023,45.21875,45.21875,45.09375,45.15625,56000
1993-03-31,24.916391372680664,45.1875,45.46875,45.1875,45.34375,111600
1993-04-01,24.83024978637696,45.03125,45.25,44.9375,45.25,129500
1993-04-02,24.31330108642578,44.09375,44.65625,44.09375,44.65625,59400
1993-04-05,24.43392372131348,44.3125,44.4375,44.1875,44.4375,172200
1993-04-06,24.364988327026367,44.1875,44.40625,44.0625,44.40625,129700
1993-04-07,24.451147079467773,44.34375,44.34375,44.15625,44.25,28000
1993-04-08,24.416683197021484,44.28125,44.53125,44.09375,44.53125,180800
1993-04-12,24.761314392089844,44.90625,44.9375,44.65625,44.71875,348500
1993-04-13,24.81300926208496,45.0,45.15625,44.84375,44.875,146100
1993-04-14,24.778549194335938,44.9375,45.0625,44.90625,45.03125,119600
1993-04-15,24.778549194335938,44.9375,45.03125,44.75,44.90625,148600
1993-04-16,24.778549194335938,44.9375,45.03125,44.875,44.96875,47900
1993-04-19,24.675161361694336,44.75,45.0625,44.71875,44.9375,157000
1993-04-20,24.55454444885254,44.53125,44.75,44.25,44.6875,279500
1993-04-21,24.53731155395508,44.5,44.625,44.375,44.625,67900
1993-04-22,24.227144241333008,43.9375,44.6875,43.9375,44.3125,97700
1993-04-23,24.12374687194824,43.75,43.96875,43.6875,43.84375,106000
1993-04-26,23.934200286865234,43.40625,43.9375,43.28125,43.78125,62600
1993-04-27,24.192686080932617,43.875,43.875,43.34375,43.34375,156800
1993-04-28,24.14099502563477,43.78125,43.90625,43.71875,43.8125,85900
1993-04-29,24.24437713623047,43.96875,43.96875,43.625,43.875,85000
1993-04-30,24.278839111328125,44.03125,44.28125,44.03125,44.125,88500
1993-05-03,24.43392372131348,44.3125,44.3125,43.90625,44.09375,80500
1993-05-04,24.520065307617188,44.46875,44.625,44.34375,44.40625,149100
1993-05-05,24.588985443115234,44.59375,44.75,44.46875,44.46875,109000
1993-05-06,24.502853393554688,44.4375,44.5625,44.40625,44.53125,54700
1993-05-07,24.451147079467773,44.34375,44.46875,44.28125,44.46875,68000
1993-05-10,24.502853393554688,44.4375,44.6875,44.40625,44.40625,113900
1993-05-11,24.60623550415039,44.625,44.625,44.3125,44.4375,42600
1993-05-12,24.571765899658203,44.5625,44.59375,44.4375,44.4375,31000
1993-05-13,24.278839111328125,44.03125,44.375,44.0,44.375,129100
1993-05-14,24.261613845825195,44.0,44.15625,43.96875,44.03125,63500
1993-05-17,24.34776496887207,44.15625,44.15625,43.9375,44.125,34000
1993-05-18,24.33053398132324,44.125,44.21875,43.96875,44.1875,105200
1993-05-19,24.83024978637696,45.03125,45.03125,43.84375,44.125,50200
1993-05-20,24.899152755737305,45.15625,45.15625,44.9375,45.03125,98200
1993-05-21,24.675161361694336,44.75,45.25,44.71875,45.1875,221400
1993-05-24,24.778549194335938,44.9375,45.09375,44.84375,44.84375,30500
1993-05-25,24.83024978637696,45.03125,45.125,45.03125,45.125,191800
1993-05-26,25.14040756225586,45.59375,45.625,45.125,45.15625,102400
1993-05-27,25.05423927307129,45.4375,45.65625,45.375,45.65625,53800
1993-05-28,24.933629989624023,45.21875,45.40625,45.0,45.40625,79100
1993-06-01,25.17485618591309,45.65625,45.8125,45.3125,45.375,28300
1993-06-02,25.14040756225586,45.59375,45.75,45.34375,45.53125,20300
1993-06-03,25.05423927307129,45.4375,45.5,45.34375,45.5,21600
1993-06-04,24.96808242797852,45.28125,45.3125,45.09375,45.3125,32000
1993-06-07,24.88193702697754,45.125,45.375,45.125,45.375,121400
1993-06-08,24.65793800354004,44.71875,45.0,44.71875,45.0,104500
1993-06-09,24.74408912658692,44.875,45.0625,44.8125,44.875,43300
1993-06-10,24.761314392089844,44.90625,44.9375,44.75,44.84375,17900
1993-06-11,24.864688873291016,45.09375,45.15625,44.90625,45.0625,647400
1993-06-14,24.83024978637696,45.03125,45.1875,45.03125,45.15625,64200
1993-06-15,24.778549194335938,44.9375,45.125,44.9375,45.09375,142400
1993-06-16,24.83024978637696,45.03125,45.03125,44.8125,44.9375,330900
1993-06-17,24.916391372680664,45.1875,45.1875,45.03125,45.125,37400
1993-06-18,24.71121597290039,44.5,44.84375,44.5,44.84375,58500
1993-06-21,24.76325225830078,44.59375,44.625,44.53125,44.625,29300
1993-06-22,24.780637741088867,44.625,44.65625,44.5625,44.65625,137500
1993-06-23,24.555025100708008,44.21875,44.625,44.21875,44.625,227600
1993-06-24,24.884746551513672,44.8125,44.8125,44.34375,44.34375,243700
1993-06-25,24.867387771606445,44.78125,44.90625,44.75,44.78125,44800
1993-06-28,25.1450424194336,45.28125,45.28125,44.9375,45.0,439900
1993-06-29,25.02357292175293,45.0625,45.21875,45.0,45.21875,207500
1993-06-30,25.02357292175293,45.0625,45.21875,45.0,45.125,437600
1993-07-01,24.95416641235352,44.9375,45.125,44.875,45.125,605700
1993-07-02,24.815326690673828,44.6875,44.8125,44.53125,44.78125,285400
1993-07-06,24.555025100708008,44.21875,44.75,44.15625,44.625,246400
1993-07-07,24.62443733215332,44.34375,44.40625,44.1875,44.1875,343700
1993-07-08,24.90210151672364,44.84375,44.9375,44.3125,44.375,248200
1993-07-09,24.97150421142578,44.96875,44.96875,44.75,44.84375,378200
1993-07-12,24.95416641235352,44.9375,44.96875,44.84375,44.90625,373700
1993-07-13,24.93680191040039,44.90625,45.09375,44.65625,44.96875,389600
1993-07-14,25.02357292175293,45.0625,45.1875,44.90625,44.9375,617300
1993-07-15,24.91945457458496,44.875,45.03125,44.78125,45.03125,443800
1993-07-16,24.85003471374512,44.75,44.9375,44.6875,44.90625,216400
1993-07-19,24.83269500732422,44.71875,44.75,44.59375,44.75,188200
1993-07-20,24.90210151672364,44.84375,44.84375,44.46875,44.6875,68500
1993-07-21,24.884746551513672,44.8125,44.8125,44.65625,44.78125,142700
1993-07-22,24.71121597290039,44.5,44.8125,44.5,44.75,632400
1993-07-23,24.83269500732422,44.71875,44.71875,44.5625,44.59375,286200
1993-07-26,24.97150421142578,44.96875,45.0625,44.84375,44.84375,121300
1993-07-27,24.95416641235352,44.9375,45.03125,44.78125,45.0,92800
1993-07-28,24.90210151672364,44.84375,44.9375,44.78125,44.84375,30800
1993-07-29,25.04090690612793,45.09375,45.21875,44.875,44.9375,331000
1993-07-30,24.90210151672364,44.84375,45.09375,44.78125,45.09375,75300
1993-08-02,24.97150421142578,44.96875,45.125,44.90625,44.90625,41300
1993-08-03,24.98886680603028,45.0,45.1875,44.84375,45.0625,81600
1993-08-04,24.98886680603028,45.0,45.09375,44.875,45.0,434000
1993-08-05,24.93680191040039,44.90625,45.0,44.84375,45.0,36800
1993-08-06,24.97150421142578,44.96875,45.0625,44.90625,45.03125,402300
1993-08-09,25.11033821105957,45.21875,45.34375,45.0,45.09375,828200
1993-08-10,25.09298515319824,45.1875,45.21875,45.125,45.1875,604900
1993-08-11,25.09298515319824,45.1875,45.3125,45.15625,45.15625,542200
1993-08-12,25.02357292175293,45.0625,45.3125,44.90625,45.3125,303700
1993-08-13,25.05827140808105,45.125,45.15625,45.09375,45.09375,103500
1993-08-16,25.197105407714844,45.375,45.5,45.15625,45.15625,241800
1993-08-17,25.283870697021484,45.53125,45.53125,45.34375,45.34375,369300
1993-08-18,25.422683715820312,45.78125,45.875,45.65625,45.6875,414300
1993-08-19,25.422683715820312,45.78125,45.8125,45.71875,45.8125,28500
1993-08-20,25.4400577545166,45.8125,45.8125,45.65625,45.6875,80700
1993-08-23,25.38797378540039,45.71875,45.75,45.625,45.625,15600
1993-08-24,25.6656436920166,46.21875,46.21875,45.71875,45.71875,273400
1993-08-25,25.68301010131836,46.25,46.4375,46.15625,46.21875,242300
1993-08-26,25.700347900390625,46.28125,46.53125,46.09375,46.28125,120000
1993-08-27,25.68301010131836,46.25,46.25,46.15625,46.15625,25700
1993-08-30,25.787109375,46.4375,46.5,46.28125,46.28125,183500
1993-08-31,25.85654640197754,46.5625,46.5625,46.34375,46.40625,66500
1993-09-01,25.82180976867676,46.5,46.59375,46.40625,46.40625,136500
1993-09-02,25.735048294067383,46.34375,46.59375,46.3125,46.53125,472400
1993-09-03,25.752412796020508,46.375,46.4375,46.25,46.3125,630500
1993-09-07,25.5788803100586,46.0625,46.4375,46.0,46.375,196400
1993-09-08,25.49210929870605,45.90625,46.0625,45.59375,46.0625,269900
1993-09-09,25.54415512084961,46.0,46.03125,45.71875,45.71875,239200
1993-09-10,25.76976203918457,46.40625,46.4375,46.0625,46.125,106500
1993-09-13,25.787109375,46.4375,46.5625,46.4375,46.5625,66900
1993-09-14,25.68301010131836,46.25,46.3125,46.09375,46.3125,184500
1993-09-15,25.752412796020508,46.375,46.40625,45.90625,46.0625,101000
1993-09-16,25.64828872680664,46.1875,46.34375,46.15625,46.3125,54300
1993-09-17,25.598567962646484,45.8125,45.90625,45.75,45.875,200900
1993-09-20,25.38901138305664,45.4375,45.96875,45.4375,45.875,57800
1993-09-21,25.301708221435547,45.28125,45.5625,44.8125,45.5,318200
1993-09-22,25.51123809814453,45.65625,45.71875,45.375,45.4375,439700
1993-09-23,25.65094947814941,45.90625,45.9375,45.71875,45.78125,88500
1993-09-24,25.58108711242676,45.78125,45.875,45.71875,45.84375,53500
1993-09-27,25.8604793548584,46.28125,46.28125,46.125,46.125,274600
1993-09-28,25.80809211730957,46.1875,46.3125,46.15625,46.3125,158300
1993-09-29,25.720775604248047,46.03125,46.3125,45.96875,46.1875,221000
1993-09-30,25.66840934753418,45.9375,46.125,45.84375,46.03125,99300
1993-10-01,25.790637969970703,46.15625,46.21875,45.8125,45.875,22700
1993-10-04,25.82555389404297,46.21875,46.21875,46.09375,46.21875,1038500
1993-10-05,25.790637969970703,46.15625,46.3125,46.0,46.3125,436500
1993-10-06,25.77318382263184,46.125,46.375,46.125,46.1875,209200
1993-10-07,25.70332336425781,46.0,46.1875,45.96875,46.1875,59400
1993-10-08,25.73825454711914,46.0625,46.15625,45.71875,46.125,54400
1993-10-11,25.790637969970703,46.15625,46.25,46.15625,46.15625,467100
1993-10-12,25.82555389404297,46.21875,46.25,46.1875,46.21875,26200
1993-10-13,25.82555389404297,46.21875,46.25,46.15625,46.25,139100
1993-10-14,26.157331466674805,46.8125,46.8125,46.28125,46.40625,108100
1993-10-15,26.297008514404297,47.0625,47.15625,46.90625,47.03125,1502500
1993-10-18,26.22718811035156,46.9375,47.03125,46.875,47.03125,722400
1993-10-19,26.03508758544922,46.59375,46.96875,46.59375,46.875,880100
1993-10-20,26.070011138916016,46.65625,46.75,46.5625,46.75,230400
1993-10-21,26.03508758544922,46.59375,46.6875,46.53125,46.6875,56200
1993-10-22,25.9128646850586,46.375,46.84375,46.375,46.65625,390700
1993-10-25,25.982702255249023,46.5,46.5625,46.28125,46.40625,114500
1993-10-26,25.965255737304688,46.46875,46.5,46.3125,46.46875,186200
1993-10-27,25.982702255249023,46.5,46.53125,46.40625,46.40625,118400
1993-10-28,26.174781799316406,46.84375,46.96875,46.5625,46.5625,129600
1993-10-29,26.174781799316406,46.84375,46.875,46.78125,46.8125,80700
1993-11-01,26.2446346282959,46.96875,47.0,46.78125,46.78125,36400
1993-11-02,26.22718811035156,46.9375,47.0,46.65625,46.90625,262100
1993-11-03,25.895395278930664,46.34375,46.90625,46.125,46.90625,479100
1993-11-04,25.61601448059082,45.84375,46.34375,45.8125,46.34375,130400
1993-11-05,25.73825454711914,46.0625,46.0625,45.53125,45.71875,363200
1993-11-08,25.77318382263184,46.125,46.25,45.96875,46.09375,367600
1993-11-09,25.790637969970703,46.15625,46.46875,46.125,46.4375,246900
1993-11-10,25.982702255249023,46.5,46.5,46.03125,46.15625,46500
1993-11-11,25.9128646850586,46.375,46.625,46.34375,46.5,88900
1993-11-12,26.03508758544922,46.59375,46.75,46.4375,46.46875,108200
1993-11-15,26.01764488220215,46.5625,46.6875,46.4375,46.6875,243300
1993-11-16,26.13985824584961,46.78125,46.8125,46.46875,46.65625,492600
1993-11-17,26.00016212463379,46.53125,46.8125,46.40625,46.8125,39600
1993-11-18,25.930334091186523,46.40625,46.5625,46.28125,46.46875,240800
1993-11-19,25.8779296875,46.3125,46.375,46.21875,46.25,106000
1993-11-22,25.720775604248047,46.03125,46.21875,45.875,46.1875,165300
1993-11-23,25.8604793548584,46.28125,46.3125,46.03125,46.28125,89700
1993-11-24,25.965255737304688,46.46875,46.5,46.34375,46.40625,77200
1993-11-26,25.982702255249023,46.5,46.59375,46.46875,46.59375,1019800
1993-11-29,25.8779296875,46.3125,46.71875,46.3125,46.625,517500
1993-11-30,25.895395278930664,46.34375,46.5625,46.25,46.28125,230000
1993-12-01,25.930334091186523,46.40625,46.625,46.40625,46.59375,379200
1993-12-02,26.00016212463379,46.53125,46.5625,46.40625,46.5,352000
1993-12-03,26.104944229125977,46.71875,46.71875,46.5,46.5,306000
1993-12-06,26.192251205444336,46.875,46.9375,46.78125,46.78125,99500
1993-12-07,26.174781799316406,46.84375,46.90625,46.78125,46.875,88800
1993-12-08,26.174781799316406,46.84375,46.84375,46.78125,46.84375,146700
1993-12-09,26.08748435974121,46.6875,46.90625,46.625,46.84375,416500
1993-12-10,26.03508758544922,46.59375,46.71875,46.5,46.71875,412900
1993-12-13,26.192251205444336,46.875,46.875,46.53125,46.59375,273200
1993-12-14,26.00016212463379,46.53125,46.90625,46.53125,46.90625,41900
1993-12-15,25.965255737304688,46.46875,46.625,46.46875,46.59375,82600
1993-12-16,26.052568435668945,46.625,46.65625,46.5625,46.65625,78200
1993-12-17,26.19575500488281,46.5625,46.59375,46.375,46.40625,104700
1993-12-20,26.23090553283692,46.625,46.65625,46.5,46.53125,68800
1993-12-21,26.14299201965332,46.46875,46.5625,46.40625,46.5625,205700
1993-12-22,26.31879234313965,46.78125,46.8125,46.5,46.59375,410300
1993-12-23,26.301225662231445,46.75,46.84375,46.6875,46.75,533800
1993-12-27,26.4418888092041,47.0,47.0,46.75,46.75,447100
1993-12-28,26.494617462158203,47.09375,47.125,46.9375,46.96875,880600
1993-12-29,26.459449768066406,47.03125,47.15625,47.0,47.125,266700
1993-12-30,26.35395622253418,46.84375,47.0,46.75,47.0,219900
1993-12-31,26.213308334350582,46.59375,47.0,46.5625,46.9375,312900
1994-01-03,26.14299201965332,46.46875,46.65625,46.40625,46.59375,960900
1994-01-04,26.248476028442383,46.65625,46.65625,46.46875,46.53125,164300
1994-01-05,26.301225662231445,46.75,46.78125,46.53125,46.71875,710900
1994-01-06,26.301225662231445,46.75,46.84375,46.6875,46.8125,201000
1994-01-07,26.459449768066406,47.03125,47.0625,46.71875,46.84375,775500
1994-01-10,26.77589225769043,47.59375,47.59375,46.96875,47.09375,593700
1994-01-11,26.72317123413086,47.5,47.5625,47.34375,47.5625,295200
1994-01-12,26.63525009155273,47.34375,47.53125,47.1875,47.53125,158400
1994-01-13,26.564950942993164,47.21875,47.3125,47.15625,47.21875,244300
1994-01-14,26.670440673828125,47.40625,47.5,47.375,47.375,137200
1994-01-17,26.670440673828125,47.40625,47.46875,47.3125,47.40625,17700
1994-01-18,26.70559501647949,47.46875,47.53125,47.375,47.46875,166400
1994-01-19,26.63525009155273,47.34375,47.46875,47.25,47.40625,200800
1994-01-20,26.70559501647949,47.46875,47.5,47.375,47.40625,281100
1994-01-21,26.6528549194336,47.375,47.53125,47.34375,47.53125,85600
1994-01-24,26.547344207763672,47.1875,47.5625,47.1875,47.34375,373800
1994-01-25,26.547344207763672,47.1875,47.25,47.09375,47.21875,310400
1994-01-26,26.6176872253418,47.3125,47.34375,47.125,47.1875,145100
1994-01-27,26.86382293701172,47.75,47.8125,47.34375,47.40625,344500
1994-01-28,26.934154510498047,47.875,48.03125,47.875,47.9375,356500
1994-01-31,27.12753677368164,48.21875,48.3125,48.0,48.0625,313800
1994-02-01,26.98688507080078,47.96875,48.15625,47.90625,48.15625,303600
1994-02-02,27.162702560424805,48.28125,48.28125,48.09375,48.125,307600
1994-02-03,27.039634704589844,48.0625,48.1875,47.90625,48.1875,466100
1994-02-04,26.424285888671875,46.96875,48.125,46.96875,48.0625,1403200
1994-02-07,26.547344207763672,47.1875,47.3125,46.84375,46.84375,516400
1994-02-08,26.564950942993164,47.21875,47.28125,47.03125,47.28125,188200
1994-02-09,26.670440673828125,47.40625,47.4375,47.1875,47.25,144600
1994-02-10,26.4418888092041,47.0,47.40625,47.0,47.375,883900
1994-02-11,26.52977752685547,47.15625,47.28125,46.8125,47.03125,519400
1994-02-14,26.564950942993164,47.21875,47.375,47.0,47.0625,2742100
1994-02-15,26.70559501647949,47.46875,47.5,47.25,47.3125,374700
1994-02-16,26.68800544738769,47.4375,47.53125,47.34375,47.53125,287600
1994-02-17,26.52977752685547,47.15625,47.6875,47.03125,47.65625,342400
1994-02-18,26.37154769897461,46.875,47.21875,46.75,47.1875,313300
1994-02-22,26.63525009155273,47.34375,47.34375,47.0,47.0,154500
1994-02-23,26.564950942993164,47.21875,47.4375,47.0625,47.40625,391700
1994-02-24,26.213308334350582,46.59375,47.0625,46.5625,47.0625,770800
1994-02-25,26.33639144897461,46.8125,46.8125,46.5625,46.65625,531300
1994-02-28,26.33639144897461,46.8125,47.0625,46.8125,46.9375,333000
1994-03-01,26.23090553283692,46.625,46.90625,46.375,46.8125,423600
1994-03-02,26.266063690185547,46.6875,46.6875,45.90625,46.03125,581500
1994-03-03,26.19575500488281,46.5625,46.625,46.4375,46.625,223200
1994-03-04,26.266063690185547,46.6875,46.8125,46.40625,46.5625,595800
1994-03-07,26.406723022460938,46.9375,47.0,46.84375,46.84375,539800
1994-03-08,26.301225662231445,46.75,46.96875,46.6875,46.96875,880300
1994-03-09,26.424285888671875,46.96875,47.0,46.59375,46.8125,2500100
1994-03-10,26.213308334350582,46.59375,46.9375,46.4375,46.9375,207400
1994-03-11,26.35395622253418,46.84375,46.90625,46.40625,46.65625,576600
1994-03-14,26.38912582397461,46.90625,47.03125,46.84375,47.03125,345900
1994-03-15,26.37154769897461,46.875,47.09375,46.84375,47.0,748600
1994-03-16,26.5825252532959,47.25,47.25,46.78125,46.9375,455500
1994-03-17,26.5825252532959,47.25,47.3125,47.09375,47.09375,133000
1994-03-18,26.576717376708984,46.96875,47.03125,46.71875,46.75,365500
1994-03-21,26.505983352661133,46.84375,46.9375,46.71875,46.8125,324800
1994-03-22,26.576717376708984,46.96875,47.0625,46.75,46.84375,435700
1994-03-23,26.559051513671875,46.9375,47.0625,46.90625,46.9375,698500
1994-03-24,26.240753173828125,46.375,46.84375,46.15625,46.75,1200500
1994-03-25,25.99320411682129,45.9375,46.53125,45.9375,46.40625,100900
1994-03-28,26.02855682373047,46.0,46.0625,45.59375,46.0,1117200
1994-03-29,25.515766143798828,45.09375,46.03125,45.09375,46.0,338400
1994-03-30,25.162118911743164,44.46875,45.25,44.46875,45.125,1123900
1994-03-31,25.232839584350582,44.59375,44.6875,43.53125,44.46875,788800
1994-04-04,24.843843460083008,43.90625,44.03125,43.34375,43.34375,2627300
1994-04-05,25.356639862060547,44.8125,44.8125,44.34375,44.34375,1179000
1994-04-06,25.356639862060547,44.8125,44.90625,44.5,44.875,516500
1994-04-07,25.480409622192383,45.03125,45.125,44.53125,44.78125,666100
1994-04-08,25.285903930664062,44.6875,44.9375,44.46875,44.9375,242400
1994-04-11,25.39200210571289,44.875,45.0625,44.703125,44.8125,203300
1994-04-12,25.356639862060547,44.8125,45.0,44.71875,44.921875,1409200
1994-04-13,25.22401428222656,44.578125,44.90625,44.25,44.796875,364100
1994-04-14,25.232839584350582,44.59375,44.828125,44.40625,44.5,419900
1994-04-15,25.232839584350582,44.59375,44.78125,44.515625,44.578125,387300
1994-04-18,25.06487464904785,44.296875,44.765625,44.15625,44.640625,369100
1994-04-19,25.100242614746094,44.359375,44.53125,43.984375,44.25,472200
1994-04-20,25.07372093200684,44.3125,44.515625,44.078125,44.40625,508000
1994-04-21,25.409677505493164,44.90625,44.96875,44.34375,44.5,200300
1994-04-22,25.38313865661621,44.859375,45.046875,44.734375,45.015625,301800
1994-04-25,25.648378372192383,45.328125,45.359375,44.84375,44.84375,394600
1994-04-26,25.621864318847656,45.28125,45.34375,45.1875,45.265625,399000
1994-04-28,25.436208724975582,44.953125,45.25,44.8125,45.1875,287000
1994-04-29,25.515766143798828,45.09375,45.15625,44.8125,44.875,481900
1994-05-02,25.67491912841797,45.375,45.71875,44.9375,45.09375,275000
1994-05-03,25.648378372192383,45.328125,45.40625,45.0625,45.390625,183400
1994-05-04,25.60419654846192,45.25,45.421875,45.078125,45.421875,401900
1994-05-05,25.56882667541504,45.1875,45.375,45.1875,45.296875,659800
1994-05-06,25.321266174316406,44.75,44.96875,44.59375,44.96875,216300
1994-05-09,25.100242614746094,44.359375,44.75,44.28125,44.625,499300
1994-05-10,25.294740676879883,44.703125,44.84375,44.546875,44.578125,583400
1994-05-11,25.06487464904785,44.296875,44.71875,44.171875,44.65625,210600
1994-05-12,25.18865394592285,44.515625,44.625,44.40625,44.578125,305200
1994-05-13,25.18865394592285,44.515625,44.640625,44.296875,44.640625,321300
1994-05-16,25.19749641418457,44.53125,44.75,44.515625,44.609375,450400
1994-05-17,25.56882667541504,45.1875,45.1875,44.5,44.5625,470200
1994-05-18,25.75448608398437,45.515625,45.6875,45.015625,45.21875,824800
1994-05-19,25.87827491760254,45.734375,45.859375,45.421875,45.421875,531000
1994-05-20,25.781009674072266,45.5625,45.6875,45.5,45.65625,370400
1994-05-23,25.73681259155273,45.484375,45.53125,45.34375,45.515625,262700
1994-05-24,25.8428897857666,45.671875,45.84375,45.609375,45.609375,549600
1994-05-25,25.91362762451172,45.796875,45.828125,45.34375,45.5,738200
1994-05-26,25.931310653686523,45.828125,45.9375,45.734375,45.78125,369600
1994-05-27,25.957839965820312,45.875,45.875,45.671875,45.75,162000
1994-05-31,25.922475814819336,45.8125,45.90625,45.65625,45.734375,160000
1994-06-01,26.037410736083984,46.015625,46.015625,45.5625,45.703125,200500
1994-06-02,26.010881423950195,45.96875,46.046875,45.890625,46.046875,55100
1994-06-03,26.161191940307617,46.234375,46.390625,45.859375,46.0,550400
1994-06-06,26.15233993530273,46.21875,46.46875,46.1875,46.328125,99300
1994-06-07,26.116979598999023,46.15625,46.21875,46.03125,46.140625,120600
1994-06-08,25.90477180480957,45.78125,46.265625,45.78125,46.265625,131900
1994-06-09,26.04623413085937,46.03125,46.03125,45.890625,45.984375,80500
1994-06-10,26.0904541015625,46.109375,46.203125,46.078125,46.078125,83100
1994-06-13,26.125837326049805,46.171875,46.1875,46.03125,46.046875,109700
1994-06-14,26.329160690307617,46.53125,46.546875,46.3125,46.3125,161000
1994-06-15,26.223058700561523,46.34375,46.5625,46.3125,46.546875,142800
1994-06-16,26.27611923217773,46.4375,46.46875,46.296875,46.34375,44000
1994-06-17,26.129467010498047,45.875,46.203125,45.8125,46.15625,403800
1994-06-20,25.90696144104004,45.484375,45.625,45.4375,45.546875,137400
1994-06-21,25.684467315673828,45.09375,45.453125,44.90625,45.453125,139200
1994-06-22,25.782377243041992,45.265625,45.421875,45.171875,45.21875,279900
1994-06-23,25.63106155395508,45.0,45.40625,44.9375,45.34375,922500
1994-06-24,25.09709548950196,44.0625,44.78125,44.0,44.78125,353800
1994-06-27,25.533164978027344,44.828125,44.828125,44.015625,44.234375,371200
1994-06-28,25.408567428588867,44.609375,44.84375,44.25,44.84375,5382300
1994-06-29,25.488666534423828,44.75,45.015625,44.625,44.671875,311800
1994-06-30,25.328487396240234,44.46875,44.84375,44.3125,44.828125,271900
1994-07-01,25.38186454772949,44.5625,44.6875,44.375,44.6875,406900
1994-07-05,25.515380859375,44.796875,44.859375,44.515625,44.65625,112000
1994-07-06,25.47977828979492,44.734375,44.8125,44.46875,44.625,174800
1994-07-07,25.586565017700195,44.921875,44.921875,44.6875,44.734375,66700
1994-07-08,25.577682495117188,44.90625,44.984375,44.625,44.640625,148400
1994-07-11,25.488666534423828,44.75,45.015625,44.53125,44.9375,124000
1994-07-12,25.52427673339844,44.8125,44.828125,44.515625,44.765625,257300
1994-07-13,25.568790435791016,44.890625,45.03125,44.828125,44.828125,532700
1994-07-14,25.84467506408692,45.375,45.46875,45.078125,45.109375,494200
1994-07-15,25.853559494018555,45.390625,45.484375,45.328125,45.34375,49100
1994-07-18,25.89805793762207,45.46875,45.578125,45.390625,45.390625,72300
1994-07-19,25.84467506408692,45.375,45.5625,45.375,45.546875,609500
1994-07-20,25.72896957397461,45.171875,45.40625,45.0625,45.40625,185300
1994-07-21,25.782377243041992,45.265625,45.296875,45.078125,45.171875,86300
1994-07-22,25.82685279846192,45.34375,45.40625,45.25,45.375,151600
1994-07-25,25.86245346069336,45.40625,45.453125,45.3125,45.359375,120900
1994-07-26,25.835769653320312,45.359375,45.421875,45.3125,45.390625,489600
1994-07-27,25.835769653320312,45.359375,45.359375,45.171875,45.359375,83200
1994-07-28,25.88916206359864,45.453125,45.578125,45.359375,45.359375,828200
1994-07-29,26.147254943847656,45.90625,46.046875,45.75,45.765625,459100
1994-08-01,26.2718448638916,46.125,46.15625,45.890625,45.9375,486300
1994-08-02,26.30744743347168,46.1875,46.375,46.03125,46.28125,505500
1994-08-03,26.31634330749512,46.203125,46.234375,46.09375,46.171875,144100
1994-08-04,26.16502952575684,45.9375,46.21875,45.921875,46.171875,231700
1994-08-05,26.0760440826416,45.78125,45.84375,45.65625,45.703125,138400
1994-08-08,26.138357162475582,45.890625,45.9375,45.78125,45.828125,328600
1994-08-09,26.18285369873047,45.96875,45.96875,45.71875,45.71875,105900
1994-08-10,26.280744552612305,46.140625,46.1875,45.9375,46.0,840300
1994-08-11,26.18285369873047,45.96875,46.234375,45.734375,46.03125,876200
1994-08-12,26.38754844665528,46.328125,46.34375,46.046875,46.046875,184100
1994-08-15,26.37863540649414,46.3125,46.484375,46.3125,46.375,325900
1994-08-16,26.56553840637207,46.640625,46.6875,46.15625,46.34375,1089500
1994-08-17,26.5477352142334,46.609375,46.734375,46.578125,46.703125,133700
1994-08-18,26.45873260498047,46.453125,46.5625,46.40625,46.453125,620000
1994-08-19,26.4409294128418,46.421875,46.515625,46.3125,46.46875,103200
1994-08-22,26.414249420166016,46.375,46.4375,46.28125,46.4375,79700
1994-08-23,26.56553840637207,46.640625,46.859375,46.515625,46.578125,268600
1994-08-24,26.85032844543457,47.140625,47.140625,46.671875,46.6875,254700
1994-08-25,26.77912712097168,47.015625,47.203125,46.890625,47.09375,147400
1994-08-26,27.161815643310547,47.6875,47.78125,47.125,47.125,339500
1994-08-29,27.14402198791504,47.65625,47.984375,47.640625,47.8125,350300
1994-08-30,27.215198516845703,47.78125,47.859375,47.578125,47.640625,36000
1994-08-31,27.14402198791504,47.65625,47.890625,47.59375,47.703125,356200
1994-09-01,27.05501747131348,47.5,47.53125,47.328125,47.5,294600
1994-09-02,26.939313888549805,47.296875,47.71875,47.21875,47.71875,99600
1994-09-06,26.948230743408203,47.3125,47.359375,47.125,47.265625,229800
1994-09-07,26.921527862548828,47.265625,47.421875,47.21875,47.421875,27900
1994-09-08,27.05501747131348,47.5,47.5625,47.34375,47.359375,284800
1994-09-09,26.770227432250977,47.0,47.125,46.8125,47.03125,488400
1994-09-12,26.69013214111328,46.859375,47.0625,46.78125,47.0,129400
1994-09-13,26.770227432250977,47.0,47.125,46.859375,46.953125,389200
1994-09-14,26.79693031311035,47.046875,47.109375,46.84375,46.84375,423500
1994-09-15,27.135108947753903,47.640625,47.640625,47.171875,47.171875,779800
1994-09-16,26.941999435424805,47.015625,47.140625,46.84375,47.0,571300
1994-09-19,26.96885108947754,47.0625,47.328125,47.015625,47.125,167300
1994-09-20,26.4585018157959,46.171875,46.859375,46.171875,46.8125,355600
1994-09-21,26.4585018157959,46.171875,46.3125,45.734375,46.3125,397500
1994-09-22,26.395830154418945,46.0625,46.28125,46.015625,46.28125,266400
1994-09-23,26.30627822875977,45.90625,46.171875,45.828125,46.078125,176600
1994-09-26,26.44058990478516,46.140625,46.171875,45.984375,46.078125,223000
1994-09-27,26.42268943786621,46.109375,46.265625,46.0,46.140625,479500
1994-09-28,26.628612518310547,46.46875,46.53125,46.328125,46.359375,324000
1994-09-29,26.49431037902832,46.234375,46.46875,46.09375,46.46875,195900
1994-09-30,26.4585018157959,46.171875,46.4375,46.171875,46.21875,5200
1994-10-03,26.395830154418945,46.0625,46.25,45.984375,46.203125,72600
1994-10-04,26.001861572265625,45.375,46.296875,45.34375,46.296875,84200
1994-10-05,26.01080322265625,45.390625,45.390625,45.0,45.296875,461900
1994-10-06,25.93022918701172,45.25,45.453125,45.171875,45.421875,345200
1994-10-07,26.046619415283203,45.453125,45.578125,45.203125,45.25,188700
1994-10-10,26.324174880981445,45.9375,46.015625,45.640625,45.65625,213600
1994-10-11,26.718162536621094,46.625,46.75,46.140625,46.140625,461400
1994-10-12,26.75395965576172,46.6875,46.75,46.578125,46.6875,162400
1994-10-13,26.84351348876953,46.84375,47.328125,46.796875,47.21875,1564500
1994-10-14,26.959911346435547,47.046875,47.0625,46.6875,47.0,72800
1994-10-17,26.90618896484375,46.953125,47.0625,46.90625,47.0,282300
1994-10-18,26.84351348876953,46.84375,46.90625,46.6875,46.90625,132100
1994-10-19,26.96885108947754,47.0625,47.234375,46.65625,46.671875,136700
1994-10-20,26.789777755737305,46.75,47.0625,46.609375,47.0625,290300
1994-10-21,26.682342529296875,46.5625,46.6875,46.359375,46.625,87800
1994-10-24,26.4585018157959,46.171875,46.765625,46.15625,46.578125,149600
1994-10-25,26.4853630065918,46.21875,46.3125,46.0,46.015625,91800
1994-10-26,26.583850860595703,46.390625,46.4375,46.171875,46.390625,201000
1994-10-27,26.74501037597656,46.671875,46.671875,46.453125,46.5625,210300
1994-10-28,27.309112548828125,47.65625,47.703125,46.765625,46.765625,192100
1994-10-31,27.21063232421875,47.484375,47.59375,47.46875,47.546875,36300
1994-11-01,26.90618896484375,46.953125,47.28125,46.9375,47.28125,435200
1994-11-02,26.75395965576172,46.6875,47.234375,46.6875,46.8125,115600
1994-11-03,26.897247314453125,46.9375,47.015625,46.78125,46.84375,87000
1994-11-04,26.548030853271484,46.328125,47.15625,46.328125,47.15625,124400
1994-11-07,26.628612518310547,46.46875,46.59375,46.3125,46.4375,115000
1994-11-08,26.834548950195312,46.828125,46.984375,46.546875,46.625,308300
1994-11-09,26.87933349609375,46.90625,47.328125,46.5,47.328125,318500
1994-11-10,26.691295623779297,46.578125,47.03125,46.546875,46.9375,172100
1994-11-11,26.59280204772949,46.40625,46.5625,46.28125,46.515625,302200
1994-11-14,26.84351348876953,46.84375,46.859375,46.609375,46.609375,181400
1994-11-15,26.75395965576172,46.6875,47.09375,46.328125,46.796875,316900
1994-11-16,26.84351348876953,46.84375,46.84375,46.609375,46.765625,106900
1994-11-17,26.664438247680664,46.53125,46.875,46.34375,46.875,104700
1994-11-18,26.628612518310547,46.46875,46.625,46.265625,46.546875,269300
1994-11-21,26.360002517700195,46.0,46.578125,46.0,46.4375,283100
1994-11-22,25.78696060180664,45.0,46.0,45.0,45.828125,483600
1994-11-23,25.93022918701172,45.25,45.265625,44.609375,45.03125,601600
1994-11-25,26.05556869506836,45.46875,45.53125,45.28125,45.28125,77300
1994-11-28,26.171974182128903,45.671875,45.6875,45.34375,45.453125,79900
1994-11-29,26.163009643554688,45.65625,45.75,45.5,45.65625,105500
1994-11-30,26.127201080322266,45.59375,45.953125,45.59375,45.890625,218800
1994-12-01,25.86754035949707,45.140625,45.640625,45.046875,45.640625,439000
1994-12-02,26.10929679870605,45.5625,45.5625,45.046875,45.046875,318500
1994-12-05,26.13615608215332,45.609375,45.8125,45.5,45.65625,139200
1994-12-06,26.154071807861328,45.640625,45.65625,45.359375,45.4375,249900
1994-12-07,25.966049194335938,45.3125,45.5,45.265625,45.359375,531900
1994-12-08,25.71533393859864,44.875,45.5625,44.75,45.5,261500
1994-12-09,25.81382369995117,45.046875,45.078125,44.6875,44.875,235900
1994-12-12,25.983930587768555,45.34375,45.34375,44.953125,44.953125,151100
1994-12-13,26.08244705200196,45.515625,45.53125,45.3125,45.3125,70900
1994-12-14,26.21672821044922,45.75,45.953125,45.453125,45.453125,203300
1994-12-15,26.29733657836914,45.890625,46.03125,45.8125,45.8125,130100
1994-12-16,26.425765991210938,45.75,45.84375,45.625,45.671875,266100
1994-12-19,26.461877822875977,45.8125,45.84375,45.609375,45.75,1120200
1994-12-20,26.380645751953125,45.671875,45.890625,45.671875,45.859375,675600
1994-12-21,26.66043281555176,46.15625,46.265625,45.703125,45.703125,544500
1994-12-22,26.57921028137207,46.015625,46.203125,45.96875,46.15625,222000
1994-12-23,26.60628890991211,46.0625,46.171875,45.984375,45.984375,125800
1994-12-27,26.75066947937012,46.3125,46.40625,46.1875,46.21875,95200
1994-12-28,26.615293502807617,46.078125,46.359375,45.96875,46.359375,358200
1994-12-29,26.633359909057617,46.109375,46.25,46.0625,46.25,220100
1994-12-30,26.31747055053711,45.5625,46.25,45.5625,46.203125,2209500
1995-01-03,26.443819046020508,45.78125,45.84375,45.6875,45.703125,324300
1995-01-04,26.57018280029297,46.0,46.0,45.75,45.984375,351800
1995-01-05,26.57018280029297,46.0,46.109375,45.953125,46.03125,89800
1995-01-06,26.59725379943848,46.046875,46.25,45.90625,46.09375,448400
1995-01-09,26.62432861328125,46.09375,46.09375,46.0,46.03125,36800
1995-01-10,26.651397705078125,46.140625,46.390625,46.140625,46.203125,229800
1995-01-11,26.66946220397949,46.171875,46.296875,45.8125,46.296875,222400
1995-01-12,26.6784725189209,46.1875,46.21875,46.03125,46.125,40300
1995-01-13,26.99437141418457,46.734375,46.734375,46.375,46.4375,170600
1995-01-16,27.15681266784668,47.015625,47.03125,46.71875,46.71875,105100
1995-01-17,27.16584205627441,47.03125,47.0625,46.859375,46.921875,89500
1995-01-18,27.13877868652344,46.984375,47.078125,46.875,47.0,84500
1995-01-19,26.9853515625,46.71875,46.875,46.6875,46.828125,139100
1995-01-20,26.88607406616211,46.546875,46.671875,46.453125,46.65625,78700
1995-01-23,26.967288970947266,46.6875,46.6875,46.203125,46.234375,53700
1995-01-24,27.003381729125977,46.75,46.75,46.640625,46.671875,32400
1995-01-25,27.07557487487793,46.875,47.046875,46.515625,46.515625,15700
1995-01-26,27.1026611328125,46.921875,46.984375,46.75,46.84375,9800
1995-01-27,27.210962295532227,47.109375,47.234375,46.921875,47.234375,91200
1995-01-30,27.093647003173828,46.90625,47.046875,46.84375,47.015625,26600
1995-01-31,27.20193672180176,47.09375,47.171875,46.921875,47.0,127500
1995-02-01,27.19291877746582,47.078125,47.328125,47.0,47.15625,380200
1995-02-02,27.3553524017334,47.359375,47.359375,47.0625,47.0625,131700
1995-02-03,27.743453979492188,48.03125,48.109375,47.578125,47.65625,405100
1995-02-06,27.860795974731445,48.234375,48.375,47.96875,48.015625,405400
1995-02-07,27.89688301086425,48.296875,48.3125,48.140625,48.3125,702900
1995-02-08,27.89688301086425,48.296875,48.46875,48.203125,48.234375,521500
1995-02-09,27.89688301086425,48.296875,48.296875,48.125,48.21875,390700
1995-02-10,27.932973861694336,48.359375,48.359375,48.09375,48.234375,148300
1995-02-13,27.942012786865234,48.375,48.46875,48.328125,48.328125,79700
1995-02-14,27.97808837890625,48.4375,48.53125,48.25,48.53125,170200
1995-02-15,28.13153076171875,48.703125,48.765625,48.390625,48.4375,431500
1995-02-16,28.09545135498047,48.640625,48.6875,48.5,48.640625,99300
1995-02-17,27.98714637756348,48.453125,48.625,48.4375,48.59375,49100
1995-02-21,27.97808837890625,48.4375,48.53125,48.421875,48.453125,168000
1995-02-22,28.185665130615234,48.796875,48.796875,48.453125,48.484375,386400
1995-02-23,28.230796813964844,48.875,49.15625,48.859375,48.984375,402800
1995-02-24,28.303009033203125,49.0,49.015625,48.8125,48.9375,307600
1995-02-27,28.07740592956543,48.609375,49.0,48.53125,48.859375,280900
1995-02-28,28.312042236328125,49.015625,49.015625,48.5625,48.5625,493500
1995-03-01,28.13153076171875,48.703125,49.03125,48.65625,48.96875,242600
1995-03-02,28.16763496398925,48.765625,48.765625,48.546875,48.6875,488600
1995-03-03,28.176666259765625,48.78125,48.78125,48.484375,48.609375,290000
1995-03-06,28.1947021484375,48.8125,48.8125,48.390625,48.453125,85700
1995-03-07,27.97808837890625,48.4375,48.75,48.21875,48.640625,180900
1995-03-08,28.050323486328125,48.5625,48.625,48.34375,48.515625,155900
1995-03-09,28.04130172729492,48.546875,48.59375,48.421875,48.546875,63500
1995-03-10,28.456445693969727,49.265625,49.390625,48.53125,48.59375,192100
1995-03-13,28.42936897277832,49.21875,49.390625,49.171875,49.234375,261300
1995-03-14,28.63695526123047,49.578125,49.640625,49.359375,49.359375,223300
1995-03-15,28.582788467407227,49.484375,49.578125,49.296875,49.5,278500
1995-03-16,28.7542724609375,49.78125,49.8125,49.4375,49.4375,20400
1995-03-17,28.782867431640625,49.5625,49.625,49.40625,49.4375,89900
1995-03-20,28.782867431640625,49.5625,49.625,49.46875,49.625,91700
1995-03-21,28.71030235290528,49.4375,49.875,49.359375,49.5625,104400
1995-03-22,28.73750114440918,49.484375,49.53125,49.328125,49.53125,74900
1995-03-23,28.755661010742188,49.515625,49.65625,49.359375,49.421875,220500
1995-03-24,29.16398811340332,50.21875,50.21875,49.671875,49.671875,134000
1995-03-27,29.281957626342773,50.421875,50.421875,50.171875,50.296875,132100
1995-03-28,29.281957626342773,50.421875,50.421875,50.234375,50.296875,121900
1995-03-29,29.272872924804688,50.40625,50.890625,50.125,50.375,246100
1995-03-30,29.218429565429688,50.3125,50.515625,50.109375,50.515625,298400
1995-03-31,29.10045623779297,50.109375,50.171875,49.546875,49.921875,541300
1995-04-03,29.17306327819824,50.234375,50.234375,50.0625,50.09375,193300
1995-04-04,29.36360549926757,50.5625,50.5625,50.25,50.25,66900
1995-04-05,29.36360549926757,50.5625,50.609375,50.421875,50.453125,107200
1995-04-06,29.47248268127441,50.75,50.796875,50.59375,50.6875,352500
1995-04-07,29.445276260375977,50.703125,50.859375,50.46875,50.859375,361400
1995-04-10,29.499731063842773,50.796875,50.796875,50.59375,50.625,285400
1995-04-11,29.39990997314453,50.625,50.9375,50.59375,50.921875,250300
1995-04-12,29.499731063842773,50.796875,50.796875,50.609375,50.703125,150900
1995-04-13,29.663061141967773,51.078125,51.09375,50.859375,50.890625,243400
1995-04-17,29.49065399169922,50.78125,51.3125,50.625,51.265625,178900
1995-04-18,29.390838623046875,50.609375,50.828125,50.484375,50.828125,329500
1995-04-19,29.36360549926757,50.5625,50.71875,50.296875,50.609375,223000
1995-04-20,29.40898704528809,50.640625,50.78125,50.4375,50.703125,207900
1995-04-21,29.554162979125977,50.890625,50.90625,50.65625,50.65625,145000
1995-04-24,29.89897918701172,51.484375,51.484375,50.859375,50.859375,169000
1995-04-25,29.817325592041016,51.34375,51.484375,51.3125,51.40625,293200
1995-04-26,29.84454345703125,51.390625,51.421875,51.125,51.25,204400
1995-04-27,29.917133331298828,51.515625,51.546875,51.28125,51.3125,502200
1995-04-28,29.962501525878903,51.59375,51.671875,51.171875,51.5,130800
1995-05-01,29.880836486816406,51.453125,51.65625,51.453125,51.546875,518700
1995-05-02,29.944360733032227,51.5625,51.640625,51.390625,51.5,228400
1995-05-03,30.361745834350582,52.28125,52.28125,51.734375,51.734375,724700
1995-05-04,30.34360694885254,52.25,52.6875,52.125,52.34375,311400
1995-05-05,30.307329177856445,52.1875,52.46875,52.078125,52.46875,314900
1995-05-08,30.52507972717285,52.5625,52.734375,52.09375,52.140625,183100
1995-05-09,30.49787712097168,52.515625,52.84375,52.4375,52.78125,180600
1995-05-10,30.534164428710938,52.578125,52.671875,52.328125,52.65625,330300
1995-05-11,30.61582946777344,52.71875,52.71875,52.484375,52.65625,351700
1995-05-12,30.633974075317383,52.75,52.875,52.5,52.515625,94600
1995-05-15,30.779186248779297,53.0,53.0,52.78125,52.890625,147200
1995-05-16,30.79730224609375,53.03125,53.15625,52.890625,52.984375,221600
1995-05-17,30.679346084594727,52.828125,53.046875,52.78125,53.03125,189200
1995-05-18,30.234743118286133,52.0625,52.765625,52.0625,52.734375,577800
1995-05-19,30.25285530090332,52.09375,52.1875,51.90625,51.984375,363900
1995-05-22,30.58860206604004,52.671875,52.75,52.234375,52.265625,216000
1995-05-23,30.869922637939453,53.15625,53.15625,52.609375,52.765625,136800
1995-05-24,30.85175514221192,53.125,53.421875,52.796875,53.25,370800
1995-05-25,30.87898635864257,53.171875,53.21875,52.71875,52.96875,379900
1995-05-26,30.52507972717285,52.5625,52.984375,52.359375,52.96875,518600
1995-05-30,30.51602363586425,52.546875,52.828125,52.375,52.6875,61500
1995-05-31,31.15119743347168,53.640625,53.640625,52.453125,52.453125,564500
1995-06-01,31.069549560546875,53.5,53.90625,53.25,53.40625,810100
1995-06-02,31.09676551818848,53.546875,53.921875,53.09375,53.28125,112900
1995-06-05,31.287322998046875,53.875,54.046875,53.5,53.546875,257200
1995-06-06,31.23285484313965,53.78125,54.015625,53.78125,53.828125,165800
1995-06-07,31.069549560546875,53.5,53.703125,53.4375,53.671875,41900
1995-06-08,30.9969425201416,53.375,53.640625,53.375,53.484375,141100
1995-06-09,30.81546401977539,53.0625,53.328125,52.75,53.265625,304900
1995-06-12,30.987876892089844,53.359375,53.578125,53.203125,53.234375,378500
1995-06-13,31.323617935180664,53.9375,53.96875,53.5625,53.609375,120000
1995-06-14,31.2963981628418,53.890625,53.953125,53.6875,53.859375,389400
1995-06-15,31.432504653930664,54.125,54.234375,53.875,53.96875,274500
1995-06-16,31.52581596374512,53.96875,53.96875,53.703125,53.703125,325100
1995-06-19,31.881778717041016,54.578125,54.609375,54.09375,54.125,134600
1995-06-20,31.79963493347168,54.4375,54.609375,54.390625,54.421875,287800
1995-06-21,31.781383514404297,54.40625,54.65625,54.40625,54.609375,158200
1995-06-22,32.201229095458984,55.125,55.15625,54.640625,54.640625,297000
1995-06-23,32.13734436035156,55.015625,55.03125,54.84375,55.0,315400
1995-06-26,31.75399780273437,54.359375,54.953125,54.359375,54.859375,132900
1995-06-27,31.69010353088379,54.25,54.703125,54.21875,54.34375,127700
1995-06-28,31.85440826416016,54.53125,54.75,54.078125,54.25,212600
1995-06-29,31.79963493347168,54.4375,54.671875,54.0625,54.53125,89200
1995-06-30,31.781383514404297,54.40625,54.734375,54.296875,54.546875,714100
1995-07-03,31.900041580200195,54.609375,54.609375,54.46875,54.46875,9500
1995-07-05,32.018680572509766,54.8125,55.0625,54.640625,54.765625,409300
1995-07-06,32.42942428588867,55.515625,55.515625,54.71875,54.828125,202500
1995-07-07,32.57546615600586,55.765625,55.78125,55.375,55.40625,481700
1995-07-10,32.59371566772461,55.796875,55.953125,55.703125,55.8125,400400
1995-07-11,32.43855285644531,55.53125,55.796875,55.453125,55.75,420500
1995-07-12,32.84013748168945,56.21875,56.3125,55.53125,55.640625,203400
1995-07-13,32.767127990722656,56.09375,56.265625,56.03125,56.140625,215600
1995-07-14,32.73976516723633,56.046875,56.09375,55.75,55.796875,543700
1995-07-17,32.92230224609375,56.359375,56.421875,56.078125,56.125,171500
1995-07-18,32.63935470581055,55.875,56.265625,55.828125,56.265625,221200
1995-07-19,32.283382415771484,55.265625,55.71875,54.203125,55.65625,486600
1995-07-20,32.40203857421875,55.46875,55.578125,55.03125,55.328125,318900
1995-07-21,32.36553192138672,55.40625,55.625,55.1875,55.421875,94000
1995-07-24,32.60285568237305,55.8125,55.875,55.484375,55.484375,108400
1995-07-25,32.84927749633789,56.234375,56.3125,55.703125,55.875,107400
1995-07-26,32.821903228759766,56.1875,56.46875,56.171875,56.203125,167800
1995-07-27,33.095703125,56.65625,56.703125,56.453125,56.453125,187700
1995-07-28,32.88579177856445,56.296875,56.703125,56.25,56.703125,415600
1995-07-31,32.80363464355469,56.15625,56.390625,56.03125,56.34375,342500
1995-08-01,32.74887466430664,56.0625,56.234375,55.75,56.234375,141000
1995-08-02,32.67585754394531,55.9375,56.796875,55.84375,56.390625,240400
1995-08-03,32.66673278808594,55.921875,55.953125,55.453125,55.546875,1193600
1995-08-04,32.70325469970703,55.984375,56.078125,55.921875,56.03125,240500
1995-08-07,32.77626037597656,56.109375,56.28125,56.078125,56.109375,193100
1995-08-08,32.77626037597656,56.109375,56.3125,55.9375,56.140625,951900
1995-08-09,32.767127990722656,56.09375,56.296875,56.046875,56.296875,107100
1995-08-10,32.69411087036133,55.96875,56.28125,55.734375,56.15625,280800
1995-08-11,32.51158142089844,55.65625,55.984375,55.421875,55.921875,257200
1995-08-14,32.80363464355469,56.15625,56.15625,55.671875,55.796875,254800
1995-08-15,32.73976516723633,56.046875,56.140625,55.65625,56.140625,44400
1995-08-16,32.83101272583008,56.203125,56.203125,55.9375,56.0,374900
1995-08-17,32.77626037597656,56.109375,56.234375,55.90625,56.234375,353800
1995-08-18,32.81279754638672,56.171875,56.40625,56.125,56.390625,85400
1995-08-21,32.72147750854492,56.015625,56.640625,56.0,56.40625,266700
1995-08-22,32.785396575927734,56.125,56.21875,55.8125,56.09375,220200
1995-08-23,32.66673278808594,55.921875,56.203125,55.921875,56.171875,176500
1995-08-24,32.70325469970703,55.984375,56.09375,55.75,55.9375,167400
1995-08-25,32.88579177856445,56.296875,56.390625,56.078125,56.078125,195000
1995-08-28,32.767127990722656,56.09375,56.453125,56.0,56.453125,293000
1995-08-29,32.84927749633789,56.234375,56.25,55.765625,56.15625,1133100
1995-08-30,32.92230224609375,56.359375,56.421875,56.21875,56.28125,437400
1995-08-31,32.94968795776367,56.40625,56.5,56.296875,56.34375,491900
1995-09-01,33.095703125,56.65625,56.75,56.34375,56.390625,629900
1995-09-05,33.406036376953125,57.1875,57.21875,56.734375,56.828125,272200
1995-09-06,33.4699592590332,57.296875,57.359375,57.21875,57.234375,214500
1995-09-07,33.48820877075195,57.328125,57.390625,57.25,57.359375,258800
1995-09-08,33.615966796875,57.546875,57.546875,57.171875,57.546875,107300
1995-09-11,33.70724868774414,57.703125,57.8125,57.640625,57.640625,260700
1995-09-12,33.86241149902344,57.96875,57.96875,57.578125,57.71875,139500
1995-09-13,34.017578125,58.234375,58.3125,57.890625,57.90625,239800
1995-09-14,34.32790756225586,58.765625,58.8125,58.28125,58.4375,457600
1995-09-15,34.31843566894531,58.4375,58.578125,58.203125,58.40625,431200
1995-09-18,34.189964294433594,58.21875,58.265625,57.9375,58.234375,307500
1995-09-19,34.355133056640625,58.5,58.53125,58.125,58.328125,549600
1995-09-20,34.52031326293945,58.78125,58.78125,58.546875,58.59375,290800
1995-09-21,34.23586654663086,58.296875,58.75,58.0625,58.703125,508500
1995-09-22,34.24502944946289,58.3125,58.375,57.78125,57.828125,449900
1995-09-25,34.189964294433594,58.21875,58.375,58.015625,58.375,130000
1995-09-26,34.18079376220703,58.203125,58.53125,58.0625,58.390625,466600
1995-09-27,34.15327453613281,58.15625,58.1875,57.59375,57.953125,654400
1995-09-28,34.41019058227539,58.59375,58.59375,58.15625,58.203125,456200
1995-09-29,34.34596252441406,58.484375,58.90625,58.40625,58.546875,606600
1995-10-02,34.17162322998047,58.1875,58.625,58.046875,58.484375,293100
1995-10-03,34.20832443237305,58.25,58.34375,57.953125,58.1875,839700
1995-10-04,34.17162322998047,58.1875,58.28125,58.109375,58.28125,248800
1995-10-05,34.27256393432617,58.359375,58.359375,58.09375,58.25,268800
1995-10-06,34.30009460449219,58.40625,58.578125,58.390625,58.390625,75300
1995-10-09,34.015628814697266,57.921875,58.21875,57.8125,58.1875,358200
1995-10-10,33.99727249145508,57.890625,57.890625,57.265625,57.328125,360800
1995-10-11,34.10740661621094,58.078125,58.09375,57.875,58.09375,228100
1995-10-12,34.31843566894531,58.4375,58.46875,58.125,58.125,199800
1995-10-13,34.42853927612305,58.625,58.859375,58.625,58.703125,488100
1995-10-16,34.26338577270508,58.34375,58.5625,58.34375,58.453125,443600
1995-10-17,34.4927864074707,58.734375,58.796875,58.296875,58.40625,146000
1995-10-18,34.593727111816406,58.90625,59.09375,58.71875,59.015625,228100
1995-10-19,34.758880615234375,59.1875,59.1875,58.796875,58.875,500600
1995-10-20,34.5478401184082,58.828125,59.1875,58.828125,59.140625,748400
1995-10-23,34.47441864013672,58.703125,58.8125,58.546875,58.546875,533000
1995-10-24,34.51112747192383,58.765625,58.84375,58.625,58.78125,172200
1995-10-25,34.2266731262207,58.28125,58.890625,58.28125,58.8125,302700
1995-10-26,33.91470718383789,57.75,58.421875,57.28125,58.375,606800
1995-10-27,34.17162322998047,58.1875,58.1875,57.421875,57.6875,905800
1995-10-30,34.391845703125,58.5625,58.59375,58.328125,58.328125,488700
1995-10-31,34.24502944946289,58.3125,58.84375,58.3125,58.71875,508200
1995-11-01,34.52031326293945,58.78125,58.78125,58.234375,58.28125,415700
1995-11-02,34.74052810668945,59.15625,59.15625,58.6875,58.6875,326000
1995-11-03,34.78641891479492,59.234375,59.25,59.0625,59.234375,615000
1995-11-06,34.66712951660156,59.03125,59.21875,59.015625,59.21875,311200
1995-11-07,34.53866195678711,58.8125,59.0,58.625,59.0,358200
1995-11-08,34.85064697265625,59.34375,59.375,58.890625,58.890625,357200
1995-11-09,34.97910690307617,59.5625,59.578125,59.28125,59.578125,503700
1995-11-10,34.96078109741211,59.53125,59.609375,59.21875,59.234375,795600
1995-11-13,34.92404556274414,59.46875,59.65625,59.3125,59.421875,818500
1995-11-14,34.69467544555664,59.078125,59.484375,59.078125,59.359375,341800
1995-11-15,35.043338775634766,59.671875,59.6875,59.109375,59.140625,584700
1995-11-16,35.23603820800781,60.0,60.0625,59.65625,59.671875,577700
1995-11-17,35.346160888671875,60.1875,60.203125,60.015625,60.09375,267000
1995-11-20,35.16263198852539,59.875,60.296875,59.859375,60.28125,448800
1995-11-21,35.447105407714844,60.359375,60.359375,59.921875,59.9375,119200
1995-11-22,35.33700180053711,60.171875,60.375,60.171875,60.3125,351600
1995-11-24,35.42873001098633,60.328125,60.328125,60.1875,60.234375,62400
1995-11-27,35.43791580200195,60.34375,60.640625,60.34375,60.453125,273000
1995-11-28,35.814144134521484,60.984375,60.984375,60.15625,60.296875,479000
1995-11-29,35.850852966308594,61.046875,61.09375,60.84375,61.09375,549200
1995-11-30,35.768245697021484,60.90625,61.203125,60.84375,61.046875,286200
1995-12-01,35.814144134521484,60.984375,61.078125,60.84375,60.984375,465200
1995-12-04,36.25458908081055,61.734375,61.734375,61.046875,61.125,631700
1995-12-05,36.49314880371094,62.140625,62.203125,61.625,61.671875,567700
1995-12-06,36.57575607299805,62.28125,62.53125,62.0,62.296875,272800
1995-12-07,36.38306427001953,61.953125,62.28125,61.90625,62.203125,289700
1995-12-08,36.50233840942383,62.15625,62.234375,61.765625,62.21875,296900
1995-12-11,36.6583366394043,62.421875,62.546875,62.15625,62.28125,186500
1995-12-12,36.5482292175293,62.234375,62.359375,62.140625,62.140625,299400
1995-12-13,36.77762222290039,62.625,62.703125,62.3125,62.3125,390700
1995-12-14,36.51151657104492,62.171875,62.796875,62.015625,62.6875,395000
1995-12-15,36.52487182617188,61.8125,61.875,61.59375,61.875,416700
1995-12-18,35.82319641113281,60.625,61.265625,60.609375,61.265625,862300
1995-12-19,36.20172882080078,61.265625,61.34375,60.578125,60.65625,1022600
1995-12-20,35.85091018676758,60.671875,61.515625,60.671875,61.453125,1349800
1995-12-21,36.035552978515625,60.984375,61.171875,60.75,61.03125,857600
1995-12-22,36.1648063659668,61.203125,61.375,61.140625,61.3125,332800
1995-12-26,36.34023666381836,61.5,61.53125,61.328125,61.453125,432200
1995-12-27,36.32176971435547,61.46875,61.65625,61.359375,61.65625,151800
1995-12-28,36.28481674194336,61.40625,61.65625,61.25,61.34375,256200
1995-12-29,36.33102035522461,61.484375,61.53125,61.25,61.46875,339200
1996-01-02,36.71876907348633,62.140625,62.140625,61.34375,61.40625,514400
1996-01-03,36.82032012939453,62.3125,62.5,62.0,62.34375,610300
1996-01-04,36.469486236572266,61.71875,62.625,61.21875,62.390625,1129700
1996-01-05,36.3956298828125,61.59375,61.75,61.171875,61.3125,302400
1996-01-08,36.53411102294922,61.828125,61.90625,61.734375,61.8125,179900
1996-01-09,35.90629577636719,60.765625,62.0625,60.625,62.015625,415500
1996-01-10,35.43541717529297,59.96875,60.8125,59.640625,60.6875,787700
1996-01-11,35.64775848388672,60.328125,60.328125,59.78125,60.0625,513200
1996-01-12,35.592376708984375,60.234375,60.5,59.671875,60.484375,390400
1996-01-15,35.518524169921875,60.109375,60.453125,59.859375,60.25,154200
1996-01-16,35.952449798583984,60.84375,60.890625,59.890625,60.40625,454600
1996-01-17,35.8416633605957,60.65625,61.125,60.453125,60.703125,407600
1996-01-18,35.961708068847656,60.859375,60.90625,60.375,60.890625,425600
1996-01-19,36.20172882080078,61.265625,61.421875,60.796875,60.859375,169800
1996-01-22,36.21097946166992,61.28125,61.421875,61.109375,61.21875,288200
1996-01-23,36.29405975341797,61.421875,61.421875,61.125,61.25,362200
1996-01-24,36.58952331542969,61.921875,62.046875,61.484375,61.515625,1506500
1996-01-25,36.460235595703125,61.703125,62.0,61.625,61.96875,298400
1996-01-26,36.774169921875,62.234375,62.265625,61.578125,61.65625,726300
1996-01-29,36.92189407348633,62.484375,62.484375,62.140625,62.1875,254800
1996-01-30,37.23580932617188,63.015625,63.140625,62.53125,62.609375,272100
1996-01-31,37.623573303222656,63.671875,63.6875,62.96875,63.0,498000
1996-02-01,37.76206970214844,63.90625,63.90625,63.5625,63.609375,373900
1996-02-02,37.60512161254883,63.640625,64.015625,63.5,63.875,496200
1996-02-05,37.90980911254883,64.15625,64.25,63.4375,63.53125,295300
1996-02-06,38.26987075805664,64.765625,64.828125,64.09375,64.1875,301600
1996-02-07,38.4914665222168,65.140625,65.140625,64.6875,64.75,585100
1996-02-08,38.90694808959961,65.84375,65.90625,64.921875,65.046875,1526600
1996-02-09,38.897705078125,65.828125,66.375,65.515625,65.8125,804600
1996-02-12,39.19313430786133,66.328125,66.625,65.890625,65.953125,626500
1996-02-13,39.11006164550781,66.1875,66.6875,66.0,66.046875,1045900
1996-02-14,38.76845169067383,65.609375,66.359375,65.578125,66.140625,431400
1996-02-15,38.528411865234375,65.203125,65.90625,65.125,65.46875,889500
1996-02-16,38.37144470214844,64.9375,65.234375,64.734375,65.078125,606100
1996-02-20,37.99290084838867,64.296875,64.625,63.875,64.4375,492300
1996-02-21,38.46376800537109,65.09375,65.140625,64.421875,64.421875,434000
1996-02-22,39.0731315612793,66.125,66.328125,65.40625,65.453125,721400
1996-02-23,38.962364196777344,65.9375,66.609375,65.328125,66.5,1430400
1996-02-26,38.40835952758789,65.0,65.890625,64.96875,65.75,1408400
1996-02-27,38.2883415222168,64.796875,65.171875,64.5,65.15625,601000
1996-02-28,38.112937927246094,64.5,65.734375,64.5,65.3125,865900
1996-02-29,37.74361038208008,63.875,64.953125,63.875,64.125,914300
1996-03-01,38.34374237060547,64.890625,64.890625,63.609375,64.640625,1452600
1996-03-04,38.56533050537109,65.265625,65.65625,64.8125,65.03125,652600
1996-03-05,38.92538833618164,65.875,65.875,65.078125,65.109375,402000
1996-03-06,38.58378601074219,65.296875,65.96875,65.296875,65.78125,624700
1996-03-07,38.77768707275391,65.625,65.65625,65.234375,65.421875,534200
1996-03-08,37.52201843261719,63.5,64.875,62.0,64.1875,2289900
1996-03-11,37.955963134765625,64.234375,64.328125,63.0625,63.25,1511400
1996-03-12,37.66049575805664,63.734375,64.046875,62.90625,63.8125,1385300
1996-03-13,37.919036865234375,64.171875,64.4375,63.796875,64.15625,1019300
1996-03-14,38.08524703979492,64.453125,64.8125,64.234375,64.265625,725600
1996-03-15,38.05963897705078,64.125,64.328125,63.75,64.0625,869200
1996-03-18,38.792259216308594,65.359375,65.359375,64.578125,64.71875,917600
1996-03-19,38.708778381347656,65.21875,65.9375,65.0,65.9375,858300
1996-03-20,38.66243743896485,65.140625,65.53125,64.640625,65.53125,744300
1996-03-21,38.56967544555664,64.984375,65.25,64.765625,65.21875,650800
1996-03-22,38.671688079833984,65.15625,65.328125,64.9375,65.015625,344500
1996-03-25,38.59752655029297,65.03125,65.8125,64.859375,65.75,802400
1996-03-26,38.78298568725586,65.34375,65.515625,64.859375,64.921875,969400
1996-03-27,38.43058013916016,64.75,65.484375,64.6875,65.4375,809600
1996-03-28,38.57895660400391,65.0,65.03125,64.5,64.515625,1001300
1996-03-29,38.39347839355469,64.6875,65.1875,64.375,65.1875,457700
1996-04-01,38.8386344909668,65.4375,65.453125,64.796875,65.0,773400
1996-04-02,38.91283416748047,65.5625,65.5625,65.296875,65.515625,638800
1996-04-03,38.91283416748047,65.5625,65.609375,65.171875,65.328125,288000
1996-04-04,38.8849983215332,65.515625,65.71875,65.5,65.5625,934900
1996-04-08,38.21728897094727,64.390625,64.390625,63.59375,63.875,2217200
1996-04-09,38.06891250610352,64.140625,64.640625,64.015625,64.640625,1180900
1996-04-10,37.39191055297852,63.0,64.3125,62.75,64.03125,939500
1996-04-11,37.34555435180664,62.921875,63.46875,62.125,63.15625,1276000
1996-04-12,37.81851196289063,63.71875,63.8125,63.171875,63.359375,411300
1996-04-15,38.1338119506836,64.25,64.328125,63.84375,64.046875,484200
1996-04-16,38.24510955810547,64.4375,64.65625,64.234375,64.375,429700
1996-04-17,38.15237808227539,64.28125,64.5625,63.84375,64.375,525300
1996-04-18,38.20800018310547,64.375,64.578125,64.09375,64.4375,818600
1996-04-19,38.30073928833008,64.53125,64.859375,64.421875,64.6875,885100
1996-04-22,38.59752655029297,65.03125,65.28125,64.59375,65.125,828900
1996-04-23,38.71807098388672,65.234375,65.28125,64.78125,64.921875,225400
1996-04-24,38.57895660400391,65.0,65.5625,64.859375,65.5625,699000
1996-04-25,38.75515365600586,65.296875,65.5625,64.75,65.140625,475500
1996-04-26,38.8386344909668,65.4375,65.8125,65.234375,65.46875,563300
1996-04-29,38.8386344909668,65.4375,65.5625,65.15625,65.15625,219900
1996-04-30,38.810813903808594,65.390625,65.5625,65.125,65.4375,184400
1996-05-01,38.89425659179688,65.53125,65.796875,65.28125,65.375,561900
1996-05-02,38.2265510559082,64.40625,65.375,64.09375,65.015625,1299600
1996-05-03,38.17091751098633,64.3125,64.984375,63.75,64.78125,1329300
1996-05-06,38.1338119506836,64.25,64.5625,63.6875,64.5625,647500
1996-05-07,37.976173400878906,63.984375,64.25,63.765625,64.25,582100
1996-05-08,38.44913482666016,64.78125,64.78125,63.078125,63.671875,1694700
1996-05-09,38.42131042480469,64.734375,65.0625,64.5,64.5625,593400
1996-05-10,38.80154037475586,65.375,65.59375,65.0625,65.375,925100
1996-05-13,39.38578796386719,66.359375,66.640625,65.46875,65.53125,867500
1996-05-14,39.62689971923828,66.765625,66.9375,66.5625,66.625,632300
1996-05-15,39.58052444458008,66.6875,67.3125,66.640625,66.78125,466100
1996-05-16,39.66398620605469,66.828125,66.9375,66.28125,66.3125,514400
1996-05-17,39.87728118896485,67.1875,67.296875,67.0,67.0,427700
1996-05-20,40.14622497558594,67.640625,67.75,66.984375,67.65625,788500
1996-05-21,40.090599060058594,67.546875,67.875,67.5,67.75,352700
1996-05-22,40.4708137512207,68.1875,68.1875,67.390625,67.625,1218100
1996-05-23,40.30390930175781,67.90625,68.4375,67.53125,68.28125,967900
1996-05-24,40.4615592956543,68.171875,68.328125,67.9375,67.96875,659100
1996-05-28,40.053489685058594,67.484375,68.375,67.3125,68.375,456400
1996-05-29,39.78455352783203,67.03125,67.6875,66.8125,67.625,649600
1996-05-30,39.98858642578125,67.375,67.71875,66.75,66.9375,895800
1996-05-31,39.69178771972656,66.875,67.640625,66.875,67.359375,923500
1996-06-03,39.8031005859375,67.0625,67.109375,66.703125,66.890625,503100
1996-06-04,40.0813102722168,67.53125,67.59375,67.25,67.375,627100
1996-06-05,40.43372344970703,68.125,68.203125,67.421875,67.5625,428000
1996-06-06,40.13695907592773,67.625,68.5,67.5,68.5,523300
1996-06-07,40.13695907592773,67.625,67.640625,66.1875,66.1875,1422800
1996-06-10,40.007110595703125,67.40625,67.734375,67.296875,67.53125,548800
1996-06-11,39.97003173828125,67.34375,68.03125,67.34375,67.65625,688700
1996-06-12,39.89583206176758,67.21875,67.734375,67.109375,67.5625,1120600
1996-06-13,39.89583206176758,67.21875,67.46875,66.828125,67.375,1502000
1996-06-14,39.72890472412109,66.9375,67.25,66.71875,67.25,1468200
1996-06-17,39.70110702514648,66.890625,67.21875,66.71875,66.96875,1101000
1996-06-18,39.37650680541992,66.34375,67.03125,66.328125,66.84375,718000
1996-06-19,39.55271530151367,66.640625,67.0,66.421875,66.65625,552100
1996-06-20,39.52489471435547,66.59375,66.921875,66.1875,66.703125,1234400
1996-06-21,39.8648567199707,66.8125,66.8125,66.375,66.5625,573300
1996-06-24,39.93942260742188,66.9375,67.21875,66.84375,66.96875,416500
1996-06-25,39.892799377441406,66.859375,67.171875,66.78125,67.125,454400
1996-06-26,39.62241744995117,66.40625,66.921875,66.390625,66.78125,838200
1996-06-27,39.902103424072266,66.875,67.046875,66.15625,66.40625,1090500
1996-06-28,40.0419807434082,67.109375,67.5,66.96875,67.15625,1060800
1996-07-01,40.38692474365234,67.6875,67.703125,67.1875,67.28125,471300
1996-07-02,40.23775100708008,67.4375,67.640625,67.328125,67.625,389400
1996-07-03,40.15384292602539,67.296875,67.5,67.0625,67.40625,308300
1996-07-05,39.128326416015625,65.578125,66.4375,65.375,66.125,842900
1996-07-08,38.9698600769043,65.3125,65.984375,65.125,65.625,942000
1996-07-09,39.128326416015625,65.578125,65.8125,65.375,65.609375,716300
1996-07-10,39.28682327270508,65.84375,65.84375,64.921875,65.5625,1132300
1996-07-11,38.49435424804688,64.515625,65.6875,63.875,65.5625,1587400
1996-07-12,38.52234649658203,64.5625,64.90625,64.078125,64.625,1312000
1996-07-15,37.38493347167969,62.65625,64.71875,62.65625,64.71875,1951300
1996-07-16,37.478172302246094,62.8125,63.5,60.375,62.84375,4141000
1996-07-17,37.92569732666016,63.5625,64.0,63.0,63.75,1340500
1996-07-18,38.44775390625,64.4375,64.546875,63.328125,63.75,1432500
1996-07-19,38.1680793762207,63.96875,64.375,63.625,64.28125,1216000
1996-07-22,37.888370513916016,63.5,63.75,63.015625,63.53125,519800
1996-07-23,37.403602600097656,62.6875,63.9375,62.578125,63.59375,1479800
1996-07-24,37.478172302246094,62.8125,63.1875,61.625,61.9375,2463400
1996-07-25,37.81380081176758,63.375,63.5625,63.125,63.4375,1989800
1996-07-26,38.01889419555664,63.71875,63.8125,63.390625,63.5625,642300
1996-07-29,37.599365234375,63.015625,63.71875,62.9375,63.625,1297900
1996-07-30,37.96295928955078,63.625,63.6875,62.9375,63.4375,1868200
1996-07-31,38.24266052246094,64.09375,64.265625,63.515625,63.671875,767100
1996-08-01,38.87660598754883,65.15625,65.390625,64.0625,64.15625,1168600
1996-08-02,39.71566390991211,66.5625,66.59375,65.75,66.0,1098500
1996-08-05,39.48263168334961,66.171875,66.59375,65.96875,66.578125,710200
1996-08-06,39.603790283203125,66.375,66.515625,65.796875,66.15625,640000
1996-08-07,39.70635223388672,66.546875,66.75,66.125,66.625,917800
1996-08-08,39.641090393066406,66.4375,66.5625,66.1875,66.5625,925100
1996-08-09,39.51057815551758,66.21875,66.765625,66.0625,66.671875,648800
1996-08-12,39.79957962036133,66.703125,66.859375,66.0,66.25,764200
1996-08-13,39.48263168334961,66.171875,66.625,66.0,66.578125,805200
1996-08-14,39.62241744995117,66.40625,66.46875,66.0,66.1875,533800
1996-08-15,39.54785537719727,66.28125,66.625,66.203125,66.234375,632600
1996-08-16,39.883487701416016,66.84375,66.875,66.46875,66.46875,475100
1996-08-19,39.902103424072266,66.875,66.921875,66.625,66.859375,436400
1996-08-20,39.874168395996094,66.828125,66.90625,66.671875,66.890625,645700
1996-08-21,39.73432922363281,66.59375,66.8125,66.375,66.65625,266400
1996-08-22,40.10723114013672,67.21875,67.34375,66.71875,66.75,584800
1996-08-23,39.892799377441406,66.859375,67.203125,66.640625,67.09375,757100
1996-08-26,39.697052001953125,66.53125,66.78125,66.421875,66.703125,784700
1996-08-27,39.84619140625,66.78125,66.84375,66.5,66.71875,389400
1996-08-28,39.78093719482422,66.671875,67.0,66.65625,66.9375,227600
1996-08-29,39.38937377929688,66.015625,66.59375,65.625,66.59375,680200
1996-08-30,38.97916793823242,65.328125,66.015625,65.125,66.0,1500900
1996-09-03,39.23088455200195,65.75,65.84375,64.375,64.46875,1782000
1996-09-04,39.268165588378906,65.8125,66.75,65.484375,65.75,930200
1996-09-05,38.79269409179688,65.015625,65.765625,65.015625,65.5,616600
1996-09-06,39.34274673461914,65.9375,66.171875,65.140625,65.25,804900
1996-09-09,39.80889892578125,66.71875,66.734375,66.078125,66.1875,719200
1996-09-10,39.79025268554688,66.6875,66.90625,66.375,66.625,669900
1996-09-11,40.01399230957031,67.0625,67.125,66.40625,66.5625,713500
1996-09-12,40.293704986572266,67.53125,67.734375,67.15625,67.25,713300
1996-09-13,40.90900802612305,68.5625,68.625,68.125,68.3125,2008800
1996-09-16,41.05818176269531,68.8125,69.15625,68.5625,68.65625,1220200
1996-09-17,40.964962005615234,68.65625,68.984375,68.234375,68.875,604700
1996-09-18,40.862403869628906,68.484375,68.75,68.21875,68.5625,225500
1996-09-19,41.02089309692383,68.75,68.796875,68.28125,68.375,410000
1996-09-20,41.1663932800293,68.640625,68.78125,68.375,68.59375,948400
1996-09-23,41.15702438354492,68.625,68.75,68.15625,68.46875,466800
1996-09-24,41.14765930175781,68.609375,69.25,68.3125,68.5625,1269800
1996-09-25,41.17576599121094,68.65625,68.9375,68.5,68.9375,1353300
1996-09-26,41.15702438354492,68.625,69.1875,68.390625,68.75,773200
1996-09-27,41.19450378417969,68.6875,68.71875,68.375,68.71875,407600
1996-09-30,41.15702438354492,68.625,69.0625,68.578125,68.78125,578200
1996-10-01,41.38191986083984,69.0,69.046875,68.4375,68.703125,561400
1996-10-02,41.66304016113281,69.46875,69.59375,69.15625,69.25,609000
1996-10-03,41.62556457519531,69.40625,69.53125,69.203125,69.5,342200
1996-10-04,42.18781661987305,70.34375,70.34375,69.5,69.6875,754100
1996-10-07,42.23466873168945,70.421875,70.625,70.25,70.3125,235100
1996-10-08,42.06599807739258,70.140625,70.6875,70.015625,70.453125,386200
1996-10-09,41.73801040649414,69.59375,70.375,69.515625,70.25,528800
1996-10-10,41.65369415283203,69.453125,69.859375,69.375,69.59375,1562200
1996-10-11,42.16908645629883,70.3125,70.3125,69.71875,69.71875,331300
1996-10-14,42.22530364990234,70.40625,70.6875,70.296875,70.3125,201600
1996-10-15,42.16908645629883,70.3125,71.125,69.953125,71.125,776900
1996-10-16,42.37523651123047,70.65625,70.65625,69.9375,70.5,590100
1996-10-17,42.487701416015625,70.84375,71.03125,70.546875,70.875,792500
1996-10-18,42.71259307861328,71.21875,71.3125,70.71875,70.875,695800
1996-10-21,42.656375885009766,71.125,71.625,70.9375,71.28125,879200
1996-10-22,42.35651016235352,70.625,71.078125,70.59375,71.0625,848900
1996-10-23,42.4970703125,70.859375,70.890625,70.1875,70.46875,735900
1996-10-24,42.1316032409668,70.25,70.984375,70.21875,70.859375,379300
1996-10-25,42.16908645629883,70.3125,70.5625,70.125,70.234375,568300
1996-10-28,41.88795471191406,69.84375,70.734375,69.8125,70.375,975400
1996-10-29,42.22530364990234,70.40625,70.578125,69.703125,70.0625,815900
1996-10-30,42.084754943847656,70.171875,70.625,70.09375,70.625,495400
1996-10-31,42.487701416015625,70.84375,70.875,70.1875,70.265625,726300
1996-11-01,42.33776473999024,70.59375,71.15625,70.265625,70.984375,821300
1996-11-04,42.6188850402832,71.0625,71.0625,70.53125,70.6875,1608400
1996-11-05,42.86252975463867,71.46875,71.796875,71.28125,71.296875,764000
1996-11-06,43.68717193603516,72.84375,72.875,71.53125,71.59375,1665000
1996-11-07,43.79022216796875,73.015625,73.296875,72.53125,72.625,1446300
1996-11-08,44.033912658691406,73.421875,73.4375,72.75,73.03125,1355700
1996-11-11,43.987064361572266,73.34375,73.515625,73.21875,73.25,655900
1996-11-12,43.85585784912109,73.125,73.59375,73.015625,73.546875,719900
1996-11-13,44.05263519287109,73.453125,73.5625,73.015625,73.203125,481900
1996-11-14,44.34313583374024,73.9375,73.9375,73.15625,73.1875,558800
1996-11-15,44.39934539794922,74.03125,74.5,73.71875,74.125,2250900
1996-11-18,44.408721923828125,74.046875,74.25,73.734375,74.171875,1518200
1996-11-19,44.72735595703125,74.578125,74.59375,74.03125,74.140625,1029300
1996-11-20,44.80231475830078,74.703125,75.015625,74.3125,74.5625,730000
1996-11-21,44.73670959472656,74.59375,74.84375,74.375,74.796875,653000
1996-11-22,45.08340835571289,75.171875,75.25,74.703125,74.703125,965100
1996-11-25,45.655059814453125,76.125,76.15625,75.078125,75.25,2058800
1996-11-26,45.505130767822266,75.875,76.6875,75.46875,76.28125,2861800
1996-11-27,45.42078399658203,75.734375,76.1875,75.640625,76.0625,872000
1996-11-29,45.589481353759766,76.015625,76.21875,75.859375,76.0,1073400
1996-12-02,45.60820007324219,76.046875,76.125,75.390625,75.921875,1350600
1996-12-03,44.83042144775391,74.75,76.578125,74.75,76.0625,1777800
1996-12-04,44.95223236083984,74.953125,75.0625,74.09375,74.875,2365100
1996-12-05,44.83042144775391,74.75,75.140625,74.53125,74.84375,1697700
1996-12-06,44.56802749633789,74.3125,74.75,72.65625,73.25,3401800
1996-12-09,45.22399520874024,75.40625,75.421875,74.578125,74.6875,1864600
1996-12-10,45.00848388671875,75.046875,75.671875,74.96875,75.5625,1331600
1996-12-11,44.59611511230469,74.359375,74.625,73.3125,73.625,1847900
1996-12-12,43.85585784912109,73.125,74.875,72.9375,74.78125,2540200
1996-12-13,43.96831130981445,73.3125,73.578125,72.40625,73.0625,1678300
1996-12-16,43.406028747558594,72.375,73.6875,72.0625,73.5,1831100
1996-12-17,43.752777099609375,72.953125,73.28125,71.875,72.15625,2023200
1996-12-18,44.09949493408203,73.53125,73.765625,73.265625,73.375,1666800
1996-12-19,45.00848388671875,75.046875,75.125,73.890625,74.1875,2269300
1996-12-20,45.10724639892578,74.84375,75.71875,74.75,75.125,1543200
1996-12-23,44.994232177734375,74.65625,75.203125,74.328125,75.09375,1263700
1996-12-24,45.323822021484375,75.203125,75.203125,74.796875,74.84375,633000
1996-12-26,45.67224884033203,75.78125,75.828125,75.375,75.4375,1384300
1996-12-27,45.72875213623047,75.875,76.03125,75.5,75.78125,410400
1996-12-30,45.33324432373047,75.21875,76.125,75.15625,76.125,694100
1996-12-31,44.50455093383789,73.84375,75.375,73.84375,75.28125,1378100
1997-01-02,44.6175422668457,74.03125,74.375,72.75,74.375,2031900
1997-01-03,45.25789642333984,75.09375,75.125,74.078125,74.375,2123200
1997-01-06,44.86240768432617,74.4375,75.4375,74.3125,75.09375,1374100
1997-01-07,45.4085807800293,75.34375,75.46875,74.125,74.4375,939000
1997-01-08,45.01306915283203,74.6875,75.78125,74.6875,75.75,1802200
1997-01-09,45.389739990234375,75.3125,75.875,74.9375,75.0625,1415700
1997-01-10,45.8794174194336,76.125,76.25,74.25,74.25,2369500
1997-01-13,45.81350326538086,76.015625,76.5,75.640625,76.5,1364600
1997-01-14,46.3879280090332,76.96875,77.390625,76.5,76.6875,2111200
1997-01-15,46.274932861328125,76.78125,77.203125,76.375,76.71875,1583900
1997-01-16,46.46325302124024,77.09375,77.296875,76.5,77.03125,1308400
1997-01-17,46.74580001831055,77.5625,77.75,77.109375,77.203125,1604000
1997-01-20,46.80228042602539,77.65625,78.09375,77.46875,77.75,1889900
1997-01-21,47.178955078125,78.28125,78.546875,77.109375,77.375,2785800
1997-01-22,47.51797866821289,78.84375,78.84375,77.875,78.3125,1201600
1997-01-23,46.858795166015625,77.75,79.6875,76.90625,79.0625,2601100
1997-01-24,46.25611877441406,76.75,77.90625,76.75,77.875,2176000
1997-01-27,46.12423324584961,76.53125,77.234375,76.375,76.875,2108500
1997-01-28,46.25611877441406,76.75,77.84375,76.0,77.625,4376000
1997-01-29,46.70810317993164,77.5,77.5,76.59375,76.875,1122700
1997-01-30,47.310791015625,78.5,78.53125,77.40625,77.875,2126300
1997-01-31,47.25429916381836,78.40625,79.40625,78.375,78.9375,3208100
1997-02-03,47.39557647705078,78.640625,78.890625,78.359375,78.71875,755000
1997-02-04,47.68746948242188,79.125,79.203125,78.4375,78.75,654100
1997-02-05,46.792877197265625,77.640625,79.46875,77.125,79.234375,2255400
1997-02-06,47.10363006591797,78.15625,78.203125,77.40625,77.78125,2483100
1997-02-07,47.74398040771485,79.21875,79.25,77.78125,78.8125,2321000
1997-02-10,47.29194641113281,78.46875,79.53125,78.421875,79.25,1670000
1997-02-11,47.8381462097168,79.375,79.375,78.125,78.78125,1664300
1997-02-12,48.51618194580078,80.5,80.640625,79.265625,79.375,2675400
1997-02-13,49.04352188110352,81.375,81.5625,80.6875,80.8125,1104800
1997-02-14,48.93051910400391,81.1875,81.46875,80.90625,81.1875,1112900
1997-02-18,49.34485626220703,81.875,81.9375,80.75,81.34375,833100
1997-02-19,49.01524353027344,81.328125,82.0,81.15625,81.65625,648100
1997-02-20,48.4219856262207,80.34375,81.359375,80.15625,81.03125,1193900
1997-02-21,48.44084167480469,80.375,80.765625,80.140625,80.40625,1844400
1997-02-24,49.01524353027344,81.328125,81.375,79.96875,79.96875,787300
1997-02-25,49.05295181274414,81.390625,81.53125,80.875,81.40625,1653900
1997-02-26,48.57265853881836,80.59375,81.4375,79.625,81.3125,1597800
1997-02-27,47.84756851196289,79.390625,80.8125,79.375,80.8125,1813100
1997-02-28,47.706329345703125,79.15625,79.875,79.0625,79.25,2961200
1997-03-03,48.02649688720703,79.6875,79.75,78.6875,78.75,1210400
1997-03-04,47.7628173828125,79.25,80.125,79.09375,79.90625,1478700
1997-03-05,48.57265853881836,80.59375,80.59375,79.453125,79.71875,1254800
1997-03-06,48.29014205932617,80.125,80.90625,79.875,80.625,1528500
1997-03-07,48.72334671020508,80.84375,81.15625,80.25,80.4375,1859300
1997-03-10,49.231876373291016,81.6875,81.6875,80.546875,80.9375,1074900
1997-03-11,48.96819305419922,81.25,81.796875,81.25,81.75,624600
1997-03-12,48.53503036499024,80.53125,81.34375,80.296875,81.3125,1055600
1997-03-13,47.781646728515625,79.28125,80.46875,79.0625,80.25,2514100
1997-03-14,48.02649688720703,79.6875,80.03125,79.25,79.640625,1642700
1997-03-17,48.15831756591797,79.90625,80.03125,78.4375,79.25,3013500
1997-03-18,47.64039611816406,79.046875,80.109375,78.71875,80.0,1352500
1997-03-19,47.48029708862305,78.78125,79.5,78.0625,78.84375,1510000
1997-03-20,47.2354736328125,78.375,79.0,77.875,78.75,1808200
1997-03-21,47.45417785644531,78.4375,78.75,78.34375,78.6875,2810600
1997-03-24,48.11587905883789,79.53125,79.578125,78.09375,78.5,2145600
1997-03-25,47.64323043823242,78.75,79.96875,78.53125,79.34375,2125800
1997-03-26,47.85120391845703,79.09375,79.65625,78.6875,79.0625,1335300
1997-03-27,46.58449935913086,77.0,79.375,76.15625,79.375,2898500
1997-03-31,45.60137176513672,75.375,77.125,75.25,76.90625,4270700
1997-04-01,45.89443206787109,75.859375,76.1875,75.046875,75.25,3210900
1997-04-02,45.071998596191406,74.5,75.9375,74.4375,75.625,2672700
1997-04-03,45.31778717041016,74.90625,75.125,74.1875,74.4375,2284200
1997-04-04,45.88496780395508,75.84375,75.859375,74.15625,74.5,3706700
1997-04-07,46.06460189819336,76.140625,76.625,76.140625,76.1875,2596200
1997-04-08,46.39544296264648,76.6875,76.78125,75.84375,76.125,1822700
1997-04-09,46.01731872558594,76.0625,77.046875,75.84375,77.0,2453200
1997-04-10,45.84715270996094,75.78125,76.546875,75.6875,76.09375,1996500
1997-04-11,44.39138412475586,73.375,75.3125,73.375,75.0625,4221600
1997-04-14,44.9869270324707,74.359375,74.453125,73.3125,73.734375,3988500
1997-04-15,45.75261688232422,75.625,75.640625,74.5,75.25,2760400
1997-04-16,46.28200149536133,76.5,76.609375,75.25,75.375,2273300
1997-04-17,46.09293746948242,76.1875,77.0,76.0,76.5,1386000
1997-04-18,46.319820404052734,76.5625,76.984375,76.25,76.8125,1702100
1997-04-21,46.01731872558594,76.0625,76.90625,75.46875,76.75,2809400
1997-04-22,47.02878952026367,77.734375,77.734375,76.0,76.109375,3215000
1997-04-23,47.07602310180664,77.8125,78.03125,77.1875,77.65625,2047700
1997-04-24,46.8397331237793,77.421875,78.28125,76.875,78.046875,2689900
1997-04-25,46.30087661743164,76.53125,77.203125,76.421875,77.0625,1606200
1997-04-28,46.754642486572266,77.28125,77.8125,76.375,76.5,1666500
1997-04-29,48.22932052612305,79.71875,79.78125,78.296875,78.59375,3197400
1997-04-30,48.45622253417969,80.09375,80.6875,79.21875,79.25,3372200
1997-05-01,48.39947128295898,80.0,80.53125,79.3125,80.21875,2149500
1997-05-02,49.269187927246094,81.4375,81.671875,80.0625,80.28125,1448300
1997-05-05,50.44133758544922,83.375,83.5625,81.296875,81.65625,3636200
1997-05-06,50.40351486206055,83.3125,83.46875,82.5,82.96875,1721100
1997-05-07,49.30694580078125,81.5,83.0,81.40625,83.0,2327200
1997-05-08,49.64728164672852,82.0625,83.21875,81.1875,81.3125,2923700
1997-05-09,49.987586975097656,82.625,83.125,81.65625,82.96875,2558200
1997-05-12,50.81944274902344,84.0,84.25,82.875,82.9375,2357900
1997-05-13,50.6114501953125,83.65625,84.09375,83.015625,83.9375,1195100
1997-05-14,50.705997467041016,83.8125,84.5,83.4375,84.234375,2772000
1997-05-15,51.046295166015625,84.375,84.59375,83.515625,83.8125,884100
1997-05-16,50.346797943115234,83.21875,84.3125,83.0,84.125,1934200
1997-05-19,50.498046875,83.46875,83.90625,83.0625,83.3125,1375800
1997-05-20,51.10306930541992,84.46875,84.6875,82.75,83.28125,1756400
1997-05-21,50.98958587646485,84.28125,84.984375,83.65625,84.6875,1208000
1997-05-22,50.81944274902344,84.0,84.46875,83.5625,84.375,907600
1997-05-23,51.292083740234375,84.78125,85.21875,84.15625,84.375,644400
1997-05-27,51.50003433227539,85.125,85.53125,84.265625,84.375,1531000
1997-05-28,51.4906120300293,85.109375,85.453125,84.515625,85.125,716700
1997-05-29,51.1881217956543,84.609375,85.25,84.5,85.09375,1282700
1997-05-30,51.518985748291016,85.15625,85.5625,83.125,83.21875,2143300
1997-06-02,51.292083740234375,84.78125,85.5,84.71875,85.34375,1479100
1997-06-03,51.121952056884766,84.5,85.4375,84.34375,84.40625,1562100
1997-06-04,51.06517791748047,84.40625,84.75,84.078125,84.53125,1063100
1997-06-05,51.254276275634766,84.71875,85.3125,84.421875,84.59375,1180800
1997-06-06,52.25630569458008,86.375,86.4375,84.59375,84.59375,1511100
1997-06-09,52.52099990844727,86.8125,86.875,86.34375,86.4375,1823400
1997-06-10,52.681671142578125,87.078125,87.40625,86.5,86.84375,1217500
1997-06-11,52.80456161499024,87.28125,87.40625,86.828125,87.0,1673800
1997-06-12,53.82552337646485,88.96875,89.0,87.5625,87.875,4273300
1997-06-13,54.279239654541016,89.71875,90.0,88.90625,89.0625,2132900
1997-06-16,54.29816055297852,89.75,90.0,89.46875,89.75,800400
1997-06-17,54.2225341796875,89.625,90.234375,88.9375,89.4375,2048100
1997-06-18,54.033477783203125,89.3125,89.625,88.96875,89.125,1971900
1997-06-19,54.591190338134766,90.234375,90.5,89.375,89.609375,2029900
1997-06-20,54.40519714355469,89.578125,90.34375,89.5,89.9375,1396900
1997-06-23,53.08610534667969,87.40625,89.90625,87.34375,89.40625,3991500
1997-06-24,54.43369674682617,89.625,89.875,88.0,88.25,4895100
1997-06-25,54.05406188964844,89.0,90.25,87.9375,89.484375,4708900
1997-06-26,53.78837585449219,88.5625,89.625,87.6875,88.84375,2569900
1997-06-27,53.99713516235352,88.90625,89.71875,88.6875,88.96875,2617900
1997-06-30,53.63652420043945,88.3125,89.46875,87.875,88.90625,2384900
1997-07-01,54.26283264160156,89.34375,89.5625,88.390625,88.5,1749000
1997-07-02,55.15486526489258,90.8125,90.8125,89.21875,89.5625,1961800
1997-07-03,55.9140853881836,92.0625,92.15625,91.46875,91.875,2539100
1997-07-07,55.34470748901367,91.125,92.5,90.90625,92.375,1158600
1997-07-08,55.92353057861328,92.078125,92.1875,91.1875,91.25,3396500
1997-07-09,55.306758880615234,91.0625,92.375,90.03125,92.3125,5390300
1997-07-10,55.553489685058594,91.46875,91.84375,90.484375,91.125,2072200
1997-07-11,55.74329376220703,91.78125,92.1875,91.375,91.59375,2258900
1997-07-14,55.9140853881836,92.0625,92.3125,91.21875,91.890625,3186400
1997-07-15,56.19879150390625,92.53125,92.765625,91.46875,92.3125,2983100
1997-07-16,56.9389762878418,93.75,94.09375,92.890625,93.125,2621300
1997-07-17,56.654296875,93.28125,93.8125,92.78125,93.625,1794800
1997-07-18,55.44907379150391,91.296875,93.21875,91.0625,93.015625,3961900
1997-07-21,55.45855331420898,91.3125,91.59375,90.6875,91.28125,3810300
1997-07-22,56.92952728271485,93.734375,93.796875,91.625,91.6875,4243400
1997-07-23,56.88204574584961,93.65625,94.484375,93.53125,93.9375,3204300
1997-07-24,57.14773941040039,94.09375,94.265625,92.6875,93.9375,4152700
1997-07-25,57.109806060791016,94.03125,94.8125,93.625,94.5625,2364800
1997-07-28,57.071815490722656,93.96875,94.5625,93.5,94.25,2794700
1997-07-29,57.26161956787109,94.28125,94.46875,93.421875,93.625,2737100
1997-07-30,57.94490432739258,95.40625,95.625,94.40625,94.5,4839800
1997-07-31,57.88796615600586,95.3125,96.03125,95.03125,95.40625,2138700
1997-08-01,57.66019821166992,94.9375,95.71875,93.8125,95.5,7077700
1997-08-04,57.81206512451172,95.1875,95.546875,94.40625,94.78125,2339500
1997-08-05,57.84999465942383,95.25,95.6875,94.90625,95.09375,1466700
1997-08-06,58.32450485229492,96.03125,96.53125,95.0625,95.4375,2478200
1997-08-07,57.88796615600586,95.3125,96.625,95.125,96.5,3641900
1997-08-08,56.71123123168945,93.375,94.75,92.40625,94.3125,7113100
1997-08-11,57.1287727355957,94.0625,94.28125,92.625,93.75,6355900
1997-08-12,56.21778106689453,92.5625,94.546875,92.46875,94.21875,6132500
1997-08-13,56.04693603515625,92.28125,93.84375,91.46875,93.6875,6982300
1997-08-14,56.25569534301758,92.625,93.3125,91.71875,93.09375,3462700
1997-08-15,54.52857208251953,89.78125,92.125,89.625,92.125,4907100
1997-08-18,55.74329376220703,91.78125,91.78125,89.34375,90.375,5638900
1997-08-19,56.3885612487793,92.84375,92.90625,91.53125,92.21875,3802800
1997-08-20,57.24267959594727,94.25,94.3125,92.609375,92.9375,3564600
1997-08-21,56.23672103881836,92.59375,94.25,92.09375,94.125,5392600
1997-08-22,56.21778106689453,92.5625,92.734375,90.5625,91.0,8087800
1997-08-25,56.009010314941406,92.21875,93.40625,91.84375,92.78125,3888000
1997-08-26,55.1833610534668,90.859375,92.5625,90.703125,92.0,4290000
1997-08-27,55.5155029296875,91.40625,91.96875,90.40625,91.0,5484300
1997-08-28,54.67092514038086,90.015625,91.9375,90.0,91.1875,4287900
1997-08-29,54.88916778564453,90.375,91.109375,89.71875,90.125,2652300
1997-09-02,56.673248291015625,93.3125,93.359375,90.59375,90.6875,7294000
1997-09-03,56.36960220336914,92.8125,94.0,92.75,93.296875,2812500
1997-09-04,56.73019027709961,93.40625,93.71875,92.75,93.0625,2473700
1997-09-05,56.56888961791992,93.140625,94.4375,92.59375,93.96875,3663300
1997-09-08,56.81560897827149,93.546875,94.0,93.3125,93.71875,803500
1997-09-09,56.84406280517578,93.59375,94.28125,92.90625,93.21875,1885200
1997-09-10,55.6673698425293,91.65625,93.5,91.65625,93.125,3623700
1997-09-11,55.382659912109375,91.1875,91.90625,90.25,91.78125,7055900
1997-09-12,56.27470779418945,92.65625,92.96875,90.9375,92.0,6708000
1997-09-15,56.179786682128906,92.5,93.3125,92.1875,92.65625,2060500
1997-09-16,57.58429336547852,94.8125,95.28125,93.03125,93.3125,6979000
1997-09-17,57.58429336547852,94.8125,95.5,94.5,95.375,2220000
1997-09-18,57.83105850219727,95.21875,96.375,94.96875,95.0,5045400
1997-09-19,57.92887115478516,95.03125,95.359375,94.40625,94.65625,1566400
1997-09-22,58.25267028808594,95.5625,96.203125,95.21875,95.5,3259000
1997-09-23,57.98604965209961,95.125,95.703125,94.75,95.5625,1872800
1997-09-24,57.50976943969727,94.34375,96.109375,94.28125,95.375,2793100
1997-09-25,57.10976409912109,93.6875,94.75,93.625,94.25,6327800
1997-09-26,57.58594512939453,94.46875,94.8125,94.1875,94.4375,3995800
1997-09-29,58.138427734375,95.375,95.5625,94.15625,94.5,2065000
1997-09-30,57.52881622314453,94.375,95.6875,94.375,95.0,4137600
1997-10-01,58.29080581665039,95.625,95.8125,94.78125,95.25,3567500
1997-10-02,58.6146354675293,96.15625,96.1875,95.3125,95.53125,2577500
1997-10-03,58.90986251831055,96.640625,97.75,95.34375,97.46875,6499900
1997-10-06,59.30039978027344,97.28125,97.609375,96.90625,97.3125,2272100
1997-10-07,59.852813720703125,98.1875,98.5,97.203125,97.53125,1832800
1997-10-08,59.43372344970703,97.5,98.375,96.734375,98.359375,4439400
1997-10-09,59.22419357299805,97.15625,97.609375,96.21875,96.78125,3607600
1997-10-10,59.052734375,96.875,96.984375,96.25,96.3125,2858100
1997-10-13,59.10992431640625,96.96875,97.546875,96.71875,97.34375,1760300
1997-10-14,59.1289291381836,97.0,97.5,96.1875,97.46875,2235700
1997-10-15,58.995635986328125,96.78125,97.0625,96.28125,96.3125,2601700
1997-10-16,58.06221389770508,95.25,97.5,95.0,97.3125,9488100
1997-10-17,57.471675872802734,94.28125,95.375,93.0,95.015625,8151300
1997-10-20,58.29080581665039,95.625,95.75,94.15625,94.84375,3636400
1997-10-21,59.42421340942383,97.484375,97.5,96.03125,96.21875,5225400
1997-10-22,59.03374481201172,96.84375,97.390625,96.53125,97.34375,4485200
1997-10-23,57.871700286865234,94.9375,95.75,94.28125,94.9375,8054100
1997-10-24,57.30025100708008,94.0,96.15625,93.671875,96.15625,6778700
1997-10-27,53.147491455078125,87.1875,93.9375,86.84375,93.015625,10840700
1997-10-28,56.21445083618164,92.21875,92.875,84.375,84.375,19548000
1997-10-29,56.06205749511719,91.96875,93.75,91.28125,92.5,10134400
1997-10-30,54.8238410949707,89.9375,92.5625,89.75,90.625,9772900
1997-10-31,56.11916732788086,92.0625,92.5,90.4375,91.8125,7072700
1997-11-03,57.30025100708008,94.0,94.375,92.875,93.1875,5548500
1997-11-04,57.30025100708008,94.0,94.4375,93.28125,93.875,3455700
1997-11-05,57.49072647094727,94.3125,95.28125,93.84375,94.1875,4774900
1997-11-06,57.27166366577149,93.953125,94.34375,93.5,94.03125,3679800
1997-11-07,56.65256881713867,92.9375,93.25,91.4375,92.375,10606800
1997-11-10,56.3096809387207,92.375,93.84375,92.0,93.625,4347900
1997-11-11,56.3287353515625,92.40625,93.0625,92.03125,92.6875,3212400
1997-11-12,55.16672134399414,90.5,92.71875,90.375,91.625,6775300
1997-11-13,55.9668083190918,91.8125,92.15625,90.09375,91.46875,8589600
1997-11-14,56.72876739501953,93.0625,93.390625,91.609375,92.3125,5827900
1997-11-17,57.77645492553711,94.78125,95.3125,94.03125,94.375,5149900
1997-11-18,57.4145393371582,94.1875,95.09375,93.890625,94.8125,3433600
1997-11-19,57.70028305053711,94.65625,95.0625,92.75,93.6875,4387900
1997-11-20,58.57653045654297,96.09375,96.53125,95.28125,95.3125,4822700
1997-11-21,58.976600646972656,96.75,96.8125,95.65625,96.625,5436500
1997-11-24,57.9098014831543,95.0,96.34375,94.625,96.0,4337200
1997-11-25,58.06221389770508,95.25,95.8125,94.65625,95.625,4525000
1997-11-26,58.23365783691406,95.53125,95.984375,95.3125,95.875,2681100
1997-11-28,58.29080581665039,95.625,96.25,95.59375,95.75,1564700
1997-12-01,59.795684814453125,98.09375,98.09375,96.03125,96.21875,4850900
1997-12-02,59.43372344970703,97.5,97.984375,97.25,97.6875,1974900
1997-12-03,59.60519790649414,97.78125,98.53125,96.875,97.625,3302500
1997-12-04,59.5480842590332,97.6875,98.71875,97.375,98.5,2872500
1997-12-05,60.31002426147461,98.9375,99.0,97.125,97.375,3458800
1997-12-08,60.13859176635742,98.65625,99.0,98.25,98.96875,2289200
1997-12-09,59.776641845703125,98.0625,98.59375,97.625,98.21875,1703000
1997-12-10,59.262306213378906,97.21875,97.84375,96.46875,97.5625,3558400
1997-12-11,58.25267028808594,95.5625,96.59375,95.3125,96.3125,5072800
1997-12-12,58.36699295043945,95.75,96.5,94.90625,96.4375,4478400
1997-12-15,58.95749282836914,96.71875,97.109375,95.875,96.25,4674700
1997-12-16,59.31948471069336,97.3125,97.8125,96.875,97.21875,2885800
1997-12-17,59.014678955078125,96.8125,97.875,96.703125,97.84375,2236300
1997-12-18,58.44316482543945,95.875,96.9375,95.21875,96.9375,4658300
1997-12-19,58.00637435913086,94.78125,95.875,92.375,94.53125,8556000
1997-12-22,58.37934494018555,95.390625,95.90625,94.5625,95.4375,5136800
1997-12-23,57.33698272705078,93.6875,95.625,93.53125,95.4375,4436500
1997-12-24,57.16485977172852,93.40625,94.4375,93.25,94.4375,2019200
1997-12-26,57.39439010620117,93.78125,94.125,93.40625,94.125,941800
1997-12-29,58.522735595703125,95.625,95.71875,94.4375,94.59375,2080000
1997-12-30,59.4408073425293,97.125,97.25,95.84375,95.9375,3616000
1997-12-31,59.402530670166016,97.0625,97.625,96.6875,96.875,4359500
1998-01-02,59.70849609375,97.5625,97.65625,96.53125,97.3125,2360900
1998-01-05,59.84236907958984,97.78125,98.4375,96.78125,97.84375,4191800
1998-01-06,58.88611602783203,96.21875,97.28125,96.1875,97.25,3154900
1998-01-07,59.03912734985352,96.46875,96.71875,95.21875,96.09375,4424200
1998-01-08,58.522735595703125,95.625,96.3125,95.375,96.3125,3831000
1998-01-09,56.49551010131836,92.3125,95.5,91.90625,95.25,10258800
1998-01-12,57.52825546264648,94.0,94.1875,90.90625,91.125,12097900
1998-01-13,58.33153533935547,95.3125,95.375,94.21875,94.625,5224900
1998-01-14,58.5992546081543,95.75,95.96875,94.71875,95.6875,3770400
1998-01-15,58.111549377441406,94.953125,95.75,94.8125,95.5,2875400
1998-01-16,58.943504333496094,96.3125,96.6875,95.65625,96.25,4374800
1998-01-20,59.89973449707031,97.875,98.015625,96.5,96.6875,5091700
1998-01-21,59.32598876953125,96.9375,97.6875,96.15625,97.21875,4699400
1998-01-22,58.80007553100586,96.078125,96.875,95.875,96.15625,4543400
1998-01-23,58.71401596069336,95.9375,96.78125,95.0,96.5,6350300
1998-01-26,58.67571258544922,95.875,96.734375,95.40625,96.375,4362900
1998-01-27,59.26860046386719,96.84375,97.5,95.65625,95.8125,7044200
1998-01-28,59.80413818359375,97.71875,98.109375,97.1875,97.40625,4268600
1998-01-29,60.129207611083984,98.25,99.5625,97.5625,97.84375,8007700
1998-01-30,60.16751480102539,98.3125,98.96875,98.0,98.78125,3649100
1998-02-02,61.16199493408203,99.9375,100.5,99.75,99.90625,5756300
1998-02-03,61.62101745605469,100.6875,100.8125,99.71875,100.0,2759600
1998-02-04,61.54449844360352,100.5625,101.15625,99.9375,100.28125,3374000
1998-02-05,61.50625991821289,100.5,101.59375,100.03125,101.3125,5076200
1998-02-06,62.19477844238281,101.625,101.625,100.6875,101.0,5701200
1998-02-09,61.98438262939453,101.28125,101.75,100.71875,101.71875,2322200
1998-02-10,62.57728958129883,102.25,102.46875,101.1875,101.4375,3660400
1998-02-11,62.51993179321289,102.15625,102.34375,101.703125,102.09375,4073200
1998-02-12,62.78764343261719,102.59375,102.9375,100.875,101.71875,5024700
1998-02-13,62.42430114746094,102.0,102.515625,101.875,102.1875,2101300
1998-02-17,62.73030471801758,102.5,103.09375,102.15625,102.8125,3055500
1998-02-18,63.30402374267578,103.4375,103.484375,102.28125,102.3125,3007400
1998-02-19,62.96930313110352,102.890625,103.40625,102.75,103.25,3387800
1998-02-20,63.43791580200195,103.65625,103.71875,102.375,103.15625,3707000
1998-02-23,63.68655014038086,104.0625,104.25,103.34375,104.25,3227800
1998-02-24,63.18928909301758,103.25,104.09375,102.9375,103.90625,3386800
1998-02-25,63.973392486572266,104.53125,104.875,103.625,103.75,3481800
1998-02-26,64.33673858642578,105.125,105.21875,104.1875,104.4375,3187600
1998-02-27,64.33673858642578,105.125,105.53125,104.53125,104.96875,3442900
1998-03-02,64.20288848876953,104.90625,105.75,104.625,105.25,4252300
1998-03-03,64.56626892089844,105.5,105.625,104.53125,104.53125,3349200
1998-03-04,64.14555358886719,104.8125,105.40625,104.4375,105.09375,4404100
1998-03-05,63.55263137817383,103.84375,104.4375,103.15625,103.5,7268000
1998-03-06,64.83402252197266,105.9375,105.9375,104.4375,104.5625,6896300
1998-03-09,64.6045150756836,105.5625,106.21875,105.25,105.53125,3362800
1998-03-10,65.21653747558594,106.5625,106.84375,105.9375,106.21875,5481900
1998-03-11,65.52252960205078,107.0625,107.3125,106.78125,106.96875,3439600
1998-03-12,65.7902603149414,107.5,107.59375,106.5,107.09375,3191300
1998-03-13,65.54165649414062,107.09375,108.0,106.875,107.84375,2879400
1998-03-16,66.24927520751953,108.25,108.375,107.53125,107.84375,3223600
1998-03-17,66.44051361083984,108.5625,108.5625,107.65625,108.3125,4581900
1998-03-18,66.68917846679688,108.96875,108.96875,108.03125,108.25,1944100
1998-03-19,66.86128234863281,109.25,109.375,108.65625,108.96875,2554800
1998-03-20,67.4369888305664,109.875,110.1875,108.875,109.5625,3123300
1998-03-23,67.28353881835938,109.625,110.3125,109.40625,109.71875,4453100
1998-03-24,67.85897064208984,110.5625,110.8125,109.9375,110.0625,3333600
1998-03-25,67.60963439941406,110.15625,111.53125,109.1875,111.40625,4597600
1998-03-26,67.57124328613281,110.09375,110.75,109.625,109.875,3333500
1998-03-27,67.28353881835938,109.625,110.78125,109.0,110.75,2611300
1998-03-30,67.24520111083984,109.5625,110.09375,108.96875,109.625,3108700
1998-03-31,67.4753646850586,109.9375,111.1875,109.75,110.15625,5926500
1998-04-01,68.02196502685547,110.828125,111.078125,109.40625,110.3125,2929000
1998-04-02,68.76040649414062,112.03125,112.25,110.75,110.9375,3920900
1998-04-03,69.10565185546875,112.59375,112.8125,111.84375,112.34375,3787600
1998-04-06,68.54946899414062,111.6875,113.375,111.6875,113.25,4550500
1998-04-07,68.08912658691406,110.9375,111.9375,110.15625,111.75,5583700
1998-04-08,67.7055435180664,110.3125,111.28125,109.75,111.21875,4854800
1998-04-09,68.24256134033203,111.1875,111.28125,110.53125,110.5625,4481200
1998-04-13,68.05077362060547,110.875,111.375,110.0,111.375,4350200
1998-04-14,68.62616729736328,111.8125,111.8125,110.90625,111.125,3279100
1998-04-15,68.81793975830078,112.125,112.125,111.15625,111.96875,3867200
1998-04-16,68.01241302490234,110.8125,111.5,110.5,111.3125,7177900
1998-04-17,68.91385650634766,112.28125,112.4375,110.4375,110.71875,5688800
1998-04-20,68.89468383789062,112.25,112.5625,111.875,112.0,3688300
1998-04-21,69.220703125,112.78125,113.15625,111.90625,112.4375,4573200
1998-04-22,69.41254425048828,113.09375,113.4375,112.8125,112.875,2386100
1998-04-23,68.74124145507812,112.0,113.0,111.75,112.625,5062000
1998-04-24,68.01241302490234,110.8125,112.46875,110.34375,111.75,11039700
1998-04-27,66.72735595703125,108.71875,109.6875,107.625,109.375,14510200
1998-04-28,66.6314697265625,108.5625,109.8125,108.125,109.78125,6511400
1998-04-29,67.09175872802734,109.3125,109.96875,108.4375,109.03125,7703100
1998-04-30,68.33847045898438,111.34375,111.921875,110.40625,110.5625,8684500
1998-05-01,69.10565185546875,112.59375,112.59375,111.3125,111.75,4008800
1998-05-04,68.93304443359375,112.3125,113.3125,112.15625,112.71875,4537200
1998-05-05,68.45352935791016,111.53125,112.15625,111.125,112.0,5146400
1998-05-06,67.6479721069336,110.21875,112.125,110.1875,112.125,5526100
1998-05-07,67.11095428466797,109.34375,110.5625,109.34375,110.5,6940400
1998-05-08,68.20419311523438,111.125,111.375,110.0,110.0,7951000
1998-05-11,67.97403717041016,110.75,112.21875,110.375,111.5625,6336300
1998-05-12,68.70287322998047,111.9375,111.96875,110.34375,110.8125,6045200
1998-05-13,68.87550354003906,112.21875,112.5625,111.59375,112.0625,4441500
1998-05-14,68.53024291992188,111.65625,112.6875,111.34375,111.53125,4187500
1998-05-15,68.14664459228516,111.03125,112.21875,110.8125,112.0,6716100
1998-05-18,67.87814331054688,110.59375,111.59375,109.828125,110.71875,4847200
1998-05-19,68.33847045898438,111.34375,111.6875,110.78125,111.0,5918700
1998-05-20,68.99057006835938,112.40625,112.5,110.875,112.09375,5716600
1998-05-21,68.54946899414062,111.6875,112.78125,111.3125,112.375,6301500
1998-05-22,68.28092193603516,111.25,112.0625,110.9375,111.75,4862200
1998-05-26,67.18766021728516,109.46875,112.09375,109.1875,112.09375,6899300
1998-05-27,67.28353881835938,109.625,109.90625,107.578125,108.53125,10202600
1998-05-28,67.5904312133789,110.125,110.375,109.0625,109.875,4907600
1998-05-29,66.91917419433594,109.03125,110.8125,109.03125,110.625,4772600
1998-06-01,67.22602844238281,109.53125,110.21875,108.5625,108.96875,6092200
1998-06-02,67.28353881835938,109.625,110.34375,109.15625,110.0,6701100
1998-06-03,66.20947265625,107.875,110.1875,107.875,109.875,6445100
1998-06-04,67.4369888305664,109.875,110.0625,108.0625,108.25,6566300
1998-06-05,68.74124145507812,112.0,112.0,109.875,110.375,8463200
1998-06-08,68.6645278930664,111.875,112.46875,111.65625,111.9375,4159900
1998-06-09,68.87550354003906,112.21875,112.421875,111.40625,111.71875,2725300
1998-06-10,68.43435668945312,111.5,113.0625,111.25,111.625,6186900
1998-06-11,67.14927673339844,109.40625,111.875,109.375,111.4375,8056600
1998-06-12,67.78223419189453,110.4375,110.4375,108.25,109.875,9779000
1998-06-15,65.9985122680664,107.53125,109.90625,107.5,108.8125,10234200
1998-06-16,67.01502227783203,109.1875,109.21875,107.75,108.40625,7471500
1998-06-17,68.4151611328125,111.46875,111.78125,109.9375,110.15625,12057700
1998-06-18,68.1082992553711,110.96875,111.4375,110.75,111.1875,3844600
1998-06-19,67.76702117919922,110.0625,111.234375,109.625,111.0625,3549100
1998-06-22,68.0941162109375,110.59375,111.0625,110.0625,110.25,5438300
1998-06-23,68.90227508544922,111.90625,112.0625,111.0,111.09375,5004600
1998-06-24,69.82585144042969,113.40625,113.6875,111.609375,112.15625,8291900
1998-06-25,69.71039581298828,113.21875,114.4375,112.8125,113.90625,5854800
1998-06-26,69.99897766113281,113.6875,113.84375,113.125,113.3125,4833100
1998-06-29,70.2491683959961,114.09375,114.6875,113.796875,114.25,5953400
1998-06-30,69.76811218261719,113.3125,114.1875,113.0625,113.90625,4284800
1998-07-01,70.57624816894531,114.625,114.9375,113.625,114.0625,3489500
1998-07-02,70.7109146118164,114.84375,114.875,114.25,114.71875,3503900
1998-07-06,71.4228515625,116.0,116.0,114.5625,114.78125,3144400
1998-07-07,71.28814697265625,115.78125,116.125,115.28125,115.984375,4920700
1998-07-08,71.8076400756836,116.625,116.9375,115.75,115.875,6875000
1998-07-09,71.3266372680664,115.84375,116.71875,115.625,116.28125,6942500
1998-07-10,71.71144104003906,116.46875,116.9375,115.0625,116.03125,7849700
1998-07-13,71.73072052001953,116.5,116.84375,116.0625,116.5625,6555100
1998-07-14,72.53883361816406,117.8125,118.15625,116.9375,116.9375,6983600
1998-07-15,72.40414428710938,117.59375,118.28125,117.53125,118.0625,4977500
1998-07-16,72.9044418334961,118.40625,118.59375,117.0625,117.6875,6315600
1998-07-17,73.00060272216797,118.5625,119.0,118.3125,118.625,3539500
1998-07-20,73.00060272216797,118.5625,119.234375,117.9375,118.75,2338400
1998-07-21,71.73072052001953,116.5,119.0,116.28125,119.0,5518600
1998-07-22,71.73072052001953,116.5,116.984375,115.53125,116.34375,10417300
1998-07-23,70.30686950683594,114.1875,116.59375,113.90625,116.3125,15110900
1998-07-24,70.2491683959961,114.09375,115.09375,112.875,114.96875,11540500
1998-07-27,70.74943542480469,114.90625,115.0,112.84375,113.625,9600000
1998-07-28,69.55648040771484,112.96875,114.65625,111.875,114.4375,13693000
1998-07-29,69.287109375,112.53125,114.125,112.25,113.71875,7462400
1998-07-30,70.32608795166016,114.21875,114.59375,113.40625,113.625,6821600
1998-07-31,68.82533264160156,111.78125,114.5,111.3125,114.34375,7680500
1998-08-03,68.53671264648438,111.3125,112.421875,111.03125,111.78125,10486500
1998-08-04,65.88143157958984,107.0,112.21875,107.0,112.21875,15091600
1998-08-05,66.78575134277344,108.46875,108.875,105.59375,107.9375,21718400
1998-08-06,67.07437133789062,108.9375,109.5,107.5625,108.125,13084400
1998-08-07,67.18980407714844,109.125,110.59375,108.46875,109.6875,12083800
1998-08-10,66.80500030517578,108.5,109.65625,108.1875,108.75,6273000
1998-08-11,65.80445861816406,106.875,107.4375,105.5,106.78125,14287100
1998-08-12,66.92041778564453,108.6875,108.875,107.5,107.75,11158400
1998-08-13,66.11231231689453,107.375,109.65625,107.375,108.8125,9073900
1998-08-14,65.34265899658203,106.125,108.71875,105.78125,108.34375,8628500
1998-08-17,66.72801971435547,108.375,108.9375,105.5,106.0,11290000
1998-08-18,67.9594497680664,110.375,110.59375,108.78125,109.0,7603900
1998-08-19,67.78628540039062,110.09375,111.09375,109.625,111.09375,6258600
1998-08-20,67.38226318359375,109.4375,110.40625,109.15625,109.6875,7402800
1998-08-21,66.84346008300781,108.5625,108.71875,105.5,108.1875,16685400
1998-08-24,67.26678466796875,109.25,109.9375,108.3125,109.25,7201700
1998-08-25,67.42071533203125,109.5,111.25,108.640625,110.375,9688300
1998-08-26,67.03587341308594,108.875,109.625,107.75,108.28125,9339700
1998-08-27,63.88034439086914,103.75,107.5625,103.46875,107.0,24887800
1998-08-28,63.64945983886719,103.375,105.71875,102.15625,104.96875,23735900
1998-08-31,59.10852813720703,96.0,104.015625,95.0,103.75,22563100
1998-09-01,61.60991668701172,100.0625,100.5625,93.625,96.0625,24748500
1998-09-02,61.1673583984375,99.34375,101.75,98.78125,99.8125,13843200
1998-09-03,60.68635940551758,98.5625,99.375,96.75,97.625,17311300
1998-09-04,60.1860580444336,97.75,99.8125,95.75,99.4375,17783800
1998-09-08,63.4185791015625,103.0,103.0,99.8125,100.875,14746500
1998-09-09,61.87928009033203,100.5,103.125,100.4375,102.75,12109700
1998-09-10,60.64786529541016,98.5,99.34375,96.8125,98.4375,19889300
1998-09-11,62.61046600341797,101.6875,101.6875,97.0,98.1875,20379800
1998-09-14,63.68792343139648,103.4375,104.453125,102.09375,102.875,10686800
1998-09-15,64.07276916503906,104.0625,104.3125,102.28125,102.875,8337900
1998-09-16,64.64998626708984,105.0,105.25,103.15625,104.75,11024900
1998-09-17,62.802825927734375,102.0,103.03125,101.78125,102.25,12945200
1998-09-18,63.08261489868164,102.09375,102.40625,101.09375,102.375,7019200
1998-09-21,63.04398727416992,102.03125,103.40625,98.9375,99.625,8834600
1998-09-22,63.5653076171875,102.875,103.65625,102.15625,103.5,7270100
1998-09-23,66.11412048339844,107.0,107.0,103.78125,103.875,13688500
1998-09-24,64.49217224121094,104.375,106.8125,103.25,106.3125,11129500
1998-09-25,64.4149169921875,104.25,105.421875,102.625,103.125,10247400
1998-09-28,64.9941635131836,105.1875,106.3125,104.25,105.3125,8847800
1998-09-29,64.83971405029297,104.9375,105.9375,103.375,105.375,10618100
1998-09-30,62.87020111083984,101.75,104.3125,101.375,103.5,7908400
1998-10-01,61.055152893066406,98.8125,101.546875,98.09375,100.03125,13335600
1998-10-02,62.233001708984375,100.71875,100.875,97.21875,98.875,14351800
1998-10-05,60.977909088134766,98.6875,99.96875,96.34375,99.59375,12807200
1998-10-06,60.91999053955078,98.59375,101.28125,97.53125,100.75,12621000
1998-10-07,60.01249313354492,97.125,100.03125,95.75,98.625,14348500
1998-10-08,59.6841926574707,96.59375,96.75,92.21875,94.5625,20625000
1998-10-09,60.88134002685547,98.53125,98.78125,94.0625,97.0,12708500
1998-10-12,61.76956558227539,99.96875,101.4375,99.6875,100.625,9508500
1998-10-13,61.55718994140625,99.625,100.40625,98.75,99.5625,6256800
1998-10-14,62.136451721191406,100.5625,101.8125,98.84375,98.9375,8176900
1998-10-15,65.47691345214844,105.96875,107.25,99.9375,100.125,20541100
1998-10-16,65.49622344970703,106.0,106.75,105.0,106.125,16573900
1998-10-19,65.7279281616211,106.375,106.8125,105.5,105.6875,7915900
1998-10-20,66.11412048339844,107.0,108.796875,106.09375,107.5625,14611600
1998-10-21,65.88236999511719,106.625,107.625,105.875,106.875,9178400
1998-10-22,66.86714935302734,108.21875,108.46875,106.15625,106.78125,8277500
1998-10-23,66.01757049560547,106.84375,108.0,106.78125,107.96875,6237200
1998-10-26,66.50027465820312,107.625,108.46875,106.78125,107.71875,5838600
1998-10-27,66.11412048339844,107.0,108.96875,106.28125,108.4375,10089700
1998-10-28,65.9982681274414,106.8125,107.53125,106.03125,106.5625,5650600
1998-10-29,67.60088348388672,109.40625,109.4375,106.625,107.09375,9625600
1998-10-30,67.96776580810547,110.0,110.90625,109.5,110.125,9872800
1998-11-02,69.12631225585938,111.875,111.875,110.1875,110.8125,6501400
1998-11-03,68.62430572509766,111.0625,111.8125,110.75,111.59375,6866000
1998-11-04,69.35799407958984,112.25,113.09375,111.09375,112.46875,8233600
1998-11-05,70.30419158935547,113.78125,113.9375,111.125,111.53125,6841500
1998-11-06,70.51654052734375,114.125,114.5625,113.3125,113.46875,5224800
1998-11-09,70.01448059082031,113.3125,114.25,112.5,113.9375,6188700
1998-11-10,69.82142639160156,113.0,113.9375,112.25,113.0,14015200
1998-11-11,69.35799407958984,112.25,114.0,111.890625,113.8125,10922400
1998-11-12,69.28077697753906,112.125,113.125,111.6875,112.3125,5457400
1998-11-13,69.95661163330078,113.21875,113.21875,112.125,112.21875,5524600
1998-11-16,70.47795104980469,114.0625,114.359375,112.890625,114.21875,6023700
1998-11-17,70.47795104980469,114.0625,115.625,113.0,113.65625,9058900
1998-11-18,70.9027328491211,114.75,115.0,113.5,114.3125,4567700
1998-11-19,71.5206298828125,115.75,115.90625,114.625,115.28125,5249300
1998-11-20,72.0612564086914,116.625,116.75,115.84375,116.359375,5562000
1998-11-23,73.76045989990234,119.375,119.625,117.15625,117.46875,7151300
1998-11-24,73.29705047607422,118.625,119.65625,118.453125,119.0,5323700
1998-11-25,73.29705047607422,118.625,119.1875,118.21875,118.9375,4393500
1998-11-27,73.83770751953125,119.5,119.71875,119.015625,119.46875,4557900
1998-11-30,71.75233459472656,116.125,119.375,116.125,119.015625,8705400
1998-12-01,72.67919158935547,117.625,118.03125,115.21875,116.125,8950600
1998-12-02,72.46678161621094,117.28125,117.90625,116.0,117.21875,7495500
1998-12-03,71.26961517333984,115.34375,118.3125,115.09375,117.25,12145300
1998-12-04,73.14258575439453,118.375,118.5,116.5,116.625,10339500
1998-12-07,73.4901351928711,118.9375,119.46875,118.0,118.0625,4290000
1998-12-08,73.16193389892578,118.40625,119.75,117.5,118.53125,10102600
1998-12-09,73.29705047607422,118.625,118.96875,117.875,118.6875,5327900
1998-12-10,72.22541809082031,116.890625,118.84375,116.71875,118.84375,5966600
1998-12-11,72.37023162841797,117.125,117.34375,115.5625,116.4375,8198200
1998-12-14,70.28487396240234,113.75,116.40625,113.75,116.15625,9521400
1998-12-15,72.09991455078125,116.6875,116.75,114.53125,114.6875,9631500
1998-12-16,72.00334930419922,116.53125,117.125,115.75,117.125,7260000
1998-12-17,73.1522445678711,118.390625,118.59375,117.03125,117.21875,6914700
1998-12-18,73.46306610107422,118.5,119.125,117.875,118.3125,4802400
1998-12-21,74.48983764648438,120.15625,121.34375,119.0,119.25,8580700
1998-12-22,74.81917572021484,120.6875,121.21875,119.1875,120.40625,5461100
1998-12-23,76.38839721679688,123.21875,123.21875,120.8125,121.1875,7791000
1998-12-24,76.0590591430664,122.6875,123.25,122.5,123.15625,1507100
1998-12-28,75.8653335571289,122.375,123.3125,122.0,123.25,4203600
1998-12-29,77.06647491455078,124.3125,124.484375,122.125,122.71875,3935800
1998-12-30,76.44654846191406,123.3125,124.75,123.03125,123.9375,6810700
1998-12-31,76.44654846191406,123.3125,123.9375,122.46875,123.3125,6790500
1999-01-04,76.2721939086914,123.03125,125.21875,121.71875,123.375,9450400
1999-01-05,77.14395904541016,124.4375,124.875,122.9375,122.9375,8031000
1999-01-06,79.00381469726562,127.4375,127.75,125.75,125.8125,7737700
1999-01-07,78.61634826660156,126.8125,127.21875,125.78125,126.375,5504900
1999-01-08,79.19755554199219,127.75,128.5,125.96875,128.1875,6224400
1999-01-11,78.4419937133789,126.53125,127.6875,125.21875,127.6875,7578300
1999-01-12,77.02774047851562,124.25,126.21875,123.75,126.21875,7768800
1999-01-13,76.48531341552734,123.375,125.125,120.375,120.40625,10810600
1999-01-14,75.1485366821289,121.21875,123.90625,120.90625,123.625,11400700
1999-01-15,77.10520935058594,124.375,124.78125,122.0625,122.375,7817700
1999-01-19,77.60894012451172,125.1875,125.625,123.5,125.296875,6535100
1999-01-20,78.2288589477539,126.1875,127.9375,125.03125,126.09375,6534400
1999-01-21,76.15592193603516,122.84375,125.84375,122.59375,125.578125,6937500
1999-01-22,75.98160552978516,122.5625,123.84375,121.78125,122.125,7522300
1999-01-25,76.75650787353516,123.8125,124.0,121.90625,123.28125,5700300
1999-01-26,78.15137481689453,126.0625,126.0625,123.625,124.125,6047000
1999-01-27,77.2408447265625,124.59375,126.625,124.15625,126.375,7399400
1999-01-28,78.53884887695312,126.6875,126.96875,125.1875,125.25,5961700
1999-01-29,79.13944244384766,127.65625,128.296875,125.40625,127.34375,6456800
1999-02-01,78.6744384765625,126.90625,128.6875,126.90625,128.6875,9426800
1999-02-02,78.19017028808594,126.125,127.21875,124.765625,127.078125,9194500
1999-02-03,78.98444366455078,127.40625,127.9375,125.65625,125.6875,10290700
1999-02-04,77.80265045166016,125.5,127.5,124.78125,127.375,7761100
1999-02-05,76.9114990234375,124.0625,125.65625,123.21875,125.65625,7516100
1999-02-08,77.06647491455078,124.3125,125.09375,123.34375,125.09375,8528400
1999-02-09,75.34223937988281,121.53125,124.5,121.515625,124.375,8985700
1999-02-10,75.82664489746094,122.3125,123.0,121.328125,122.125,6936700
1999-02-11,77.57019805908203,125.125,126.09375,122.5,123.0625,9181800
1999-02-12,76.6402816772461,123.625,125.5,122.625,124.8125,10676600
1999-02-16,76.17533874511719,122.875,125.625,122.875,124.75,6915500
1999-02-17,76.09780883789062,122.75,125.359375,122.25,123.1875,7858100
1999-02-18,76.69840240478516,123.71875,124.375,122.21875,123.1875,9048900
1999-02-19,77.02774047851562,124.25,125.75,123.375,124.0,5312200
1999-02-22,79.08129119873047,127.5625,127.71875,124.28125,124.4375,10695800
1999-02-23,79.0425796508789,127.5,128.5,126.59375,127.59375,7770700
1999-02-24,77.64767456054688,125.25,128.84375,125.0,127.84375,7271000
1999-02-25,76.9114990234375,124.0625,125.28125,122.6875,124.53125,11633000
1999-02-26,76.60154724121094,123.5625,124.84375,122.8125,124.75,9621300
1999-03-01,76.81463623046875,123.90625,124.3125,122.375,123.65625,7607200
1999-03-02,76.13658905029297,122.8125,125.3125,122.3125,124.5,9651500
1999-03-03,76.54344940185547,123.46875,123.5625,121.78125,123.09375,7881400
1999-03-04,77.51207733154297,125.03125,125.484375,123.265625,124.0625,8256400
1999-03-05,79.07161712646484,127.546875,128.125,126.5625,127.5,10703100
1999-03-08,79.58499145507812,128.375,128.796875,127.25,128.28125,4802200
1999-03-09,79.39122772216797,128.0625,129.9375,127.75,128.125,7893400
1999-03-10,80.08869934082031,129.1875,129.25,127.78125,128.46875,3950000
1999-03-11,80.97986602783203,130.625,131.1875,128.875,129.6875,6583700
1999-03-12,80.20494079589844,129.375,131.03125,129.21875,131.0,5286500
1999-03-15,81.34794616699219,131.21875,131.25,129.5,129.9375,5394400
1999-03-16,81.03801727294922,130.71875,131.65625,130.46875,131.125,4547500
1999-03-17,80.68927001953125,130.15625,130.9375,129.625,130.6875,4524100
1999-03-18,81.9872817993164,132.25,132.375,129.75,129.78125,3506300
1999-03-19,80.5936508178711,129.6875,132.625,129.6875,132.3125,5526700
1999-03-22,80.74906158447266,129.9375,130.59375,129.421875,130.0625,4603800
1999-03-23,78.4186019897461,126.1875,129.53125,125.703125,129.3125,9713800
1999-03-24,78.86526489257812,126.90625,127.171875,125.625,126.84375,6280900
1999-03-25,80.4771499633789,129.5,129.5,127.75,128.0625,6639600
1999-03-26,79.89454650878906,128.5625,129.125,127.71875,128.625,6159700
1999-03-29,81.50640106201172,131.15625,131.4375,129.15625,129.15625,5863900
1999-03-30,81.07917022705078,130.46875,131.21875,129.5625,129.9375,5401400
1999-03-31,79.77802276611328,128.375,131.609375,128.3125,131.15625,7413600
1999-04-01,80.38003540039062,129.34375,129.6875,128.125,129.6875,7683600
1999-04-05,82.28323364257812,132.40625,132.59375,130.25,130.9375,5791100
1999-04-06,82.08903503417969,132.09375,132.984375,131.15625,132.1875,5381300
1999-04-07,82.74935150146484,133.15625,133.375,131.375,132.6875,6248600
1999-04-08,83.79798889160156,134.84375,134.9375,132.28125,133.1875,5909100
1999-04-09,83.81742095947266,134.875,135.5,133.59375,134.4375,4365800
1999-04-12,84.71076965332031,136.3125,136.40625,133.21875,133.46875,8213200
1999-04-13,84.16696166992188,135.4375,136.46875,134.5,136.25,10071400
1999-04-14,82.74935150146484,133.15625,136.0625,132.6875,136.0625,11551700
1999-04-15,82.43859100341797,132.65625,133.5625,131.0,133.4375,11150000
1999-04-16,81.73946380615234,131.53125,132.90625,131.1875,132.90625,6476200
1999-04-19,80.4771499633789,129.5,134.53125,128.375,132.6875,12487200
1999-04-20,81.48704528808594,131.125,131.1875,129.0,129.8125,9049600
1999-04-21,83.81742095947266,134.875,135.625,130.40625,131.0625,5772200
1999-04-22,84.61363220214844,136.15625,136.375,134.390625,135.125,6897400
1999-04-23,84.4000473022461,135.8125,136.75,135.0,135.875,4593100
1999-04-26,84.88552856445312,136.59375,136.8125,135.46875,136.5,3606500
1999-04-27,85.29338836669922,137.25,137.5,135.84375,137.125,5147200
1999-04-28,84.12812805175781,135.375,137.25,135.0,136.4375,5544300
1999-04-29,83.4872817993164,134.34375,136.0625,133.8125,135.5625,9824300
1999-04-30,82.80757141113281,133.25,135.625,131.5,135.09375,10991900
1999-05-03,84.32232666015625,135.6875,135.84375,133.09375,133.4375,10709700
1999-05-04,83.11830139160156,133.75,135.8125,133.125,135.125,10509300
1999-05-05,83.77857208251953,134.8125,135.0625,131.84375,133.9375,10032300
1999-05-06,83.26396942138672,133.984375,135.125,132.375,134.4375,13507200
1999-05-07,83.89512634277344,135.0,135.125,133.4375,134.5,8680700
1999-05-10,83.47756958007812,134.328125,135.71875,133.53125,134.84375,5580100
1999-05-11,84.32232666015625,135.6875,136.875,134.71875,135.3125,7000600
1999-05-12,84.98263549804688,136.75,137.21875,131.5,135.75,13865800
1999-05-13,85.35160827636719,137.34375,138.0,136.8125,137.25,4485700
1999-05-14,83.13774108886719,133.78125,135.875,133.5,134.5625,8370100
1999-05-17,83.39020538330078,134.1875,134.484375,132.375,133.625,6268100
1999-05-18,83.23477172851562,133.9375,134.984375,132.625,134.53125,8218600
1999-05-19,83.83686065673828,134.90625,135.0,133.25,134.46875,5052400
1999-05-20,83.33192443847656,134.09375,135.59375,134.0625,135.125,4670400
1999-05-21,82.86582946777344,133.34375,134.6875,132.59375,134.125,6418200
1999-05-24,81.48704528808594,131.125,133.84375,130.390625,133.84375,7952000
1999-05-25,80.16642761230469,129.0,132.34375,128.4375,131.375,15406400
1999-05-26,81.05973815917969,130.4375,131.0,128.09375,129.3125,12575900
1999-05-27,79.89454650878906,128.5625,130.28125,128.0,129.84375,14515400
1999-05-28,80.9140853881836,130.203125,130.75,128.59375,129.0,8748000
1999-06-01,80.63250732421875,129.75,130.15625,128.375,130.125,6705300
1999-06-02,80.71018981933594,129.875,130.1875,128.015625,129.75,6981900
1999-06-03,81.1568374633789,130.59375,130.875,129.78125,130.6875,6076600
1999-06-04,82.78815460205078,133.21875,133.359375,130.9375,131.46875,9787200
1999-06-07,83.00177764892578,133.5625,134.1875,132.90625,133.4375,5299100
1999-06-08,82.18614959716797,132.25,133.796875,131.59375,133.375,4895700
1999-06-09,82.10844421386719,132.125,133.09375,131.8125,132.40625,7409700
1999-06-10,81.35108947753906,130.90625,131.46875,129.59375,131.4375,7040700
1999-06-11,80.67134857177734,129.8125,132.21875,129.09375,131.21875,12824800
1999-06-14,80.74906158447266,129.9375,130.75,129.546875,130.6875,6823500
1999-06-15,81.2928237915039,130.8125,131.65625,130.078125,130.46875,5700900
1999-06-16,82.84644317626953,133.3125,133.875,132.375,132.375,7865800
1999-06-17,83.62325286865234,134.5625,135.5625,132.625,132.875,8162800
1999-06-18,83.71981811523438,134.3125,134.6875,133.375,134.0625,2875100
1999-06-21,83.91460418701172,134.625,135.25,133.65625,134.46875,4646400
1999-06-22,83.33025360107422,133.6875,135.1875,133.5,134.0,5862400
1999-06-23,82.92122650146484,133.03125,133.625,132.125,133.0,9629200
1999-06-24,82.29791259765625,132.03125,132.9375,130.65625,132.875,9176900
1999-06-25,82.0933837890625,131.703125,133.015625,131.25,132.59375,4087000
1999-06-28,83.09651184082031,133.3125,133.625,132.5,132.6875,5028900
1999-06-29,83.87568664550781,134.5625,135.1875,132.78125,133.0,6956200
1999-06-30,85.3950424194336,137.0,137.5,133.84375,134.625,16856100
1999-07-01,86.03778839111328,138.03125,138.5,136.0625,137.0,9939500
1999-07-02,86.89485931396484,139.40625,139.5,137.90625,138.125,3772800
1999-07-06,86.87541961669922,139.375,140.75,138.59375,139.25,11221100
1999-07-07,86.99225616455078,139.5625,139.71875,138.515625,139.0625,3230700
1999-07-08,87.06045532226562,139.671875,140.625,138.75,139.0625,7101500
1999-07-09,87.57666778564453,140.5,140.59375,139.5625,140.0,2976800
1999-07-12,87.18704223632812,139.875,140.9375,139.5,140.9375,4436300
1999-07-13,86.87541961669922,139.375,139.921875,138.65625,139.375,6477600
1999-07-14,87.36234283447266,140.15625,140.21875,138.75,140.0,4382500
1999-07-15,87.91754150390625,141.046875,141.375,140.3125,140.78125,3348600
1999-07-16,88.39470672607422,141.8125,142.15625,140.75,141.25,2281500
1999-07-19,87.81035614013672,140.875,142.25,140.5625,142.1875,4287000
1999-07-20,86.00859832763672,137.984375,140.40625,137.53125,140.125,7060100
1999-07-21,85.91121673583984,137.828125,138.90625,137.3125,138.09375,4793700
1999-07-22,84.78144836425781,136.015625,138.0,135.46875,137.4375,7804100
1999-07-23,84.6158447265625,135.75,137.0,135.125,136.65625,4603000
1999-07-26,83.9925537109375,134.75,136.125,134.625,134.875,4333400
1999-07-27,84.69377136230469,135.875,137.203125,135.375,136.0,5908500
1999-07-28,84.96649169921875,136.3125,137.3125,135.59375,136.25,3955500
1999-07-29,83.77827453613281,134.40625,135.25,133.3125,134.9375,7760600
1999-07-30,82.74590301513672,132.75,135.34375,132.5625,134.8125,5994300
1999-08-02,82.94068908691406,133.0625,134.75,132.5,132.75,6065500
1999-08-03,82.55113983154297,132.4375,133.84375,131.375,133.71875,5445400
1999-08-04,81.42135620117188,130.625,133.875,130.4375,132.71875,6497900
1999-08-05,82.16152954101562,131.8125,131.9375,128.84375,130.875,10322000
1999-08-06,81.26551818847656,130.375,132.0,129.5,131.21875,7537700
1999-08-09,81.09020233154297,130.09375,131.796875,129.75,130.59375,5565900
1999-08-10,80.1942138671875,128.65625,130.15625,127.0,129.875,9793300
1999-08-11,81.16812896728516,130.21875,130.53125,128.625,129.6875,8003400
1999-08-12,81.1194076538086,130.140625,131.8125,129.90625,130.6875,7036800
1999-08-13,82.99911499023438,133.15625,133.25,131.125,131.625,5857700
1999-08-16,83.36918640136719,133.75,133.96875,132.25,133.125,3927000
1999-08-17,83.91460418701172,134.625,134.84375,133.125,134.4375,4808000
1999-08-18,83.310791015625,133.65625,134.375,133.25,134.203125,4355500
1999-08-19,82.62899017333984,132.5625,133.234375,131.6875,132.375,6448100
1999-08-20,83.46662139892578,133.90625,134.125,132.6875,133.0625,3663700
1999-08-23,85.0638656616211,136.46875,136.546875,134.65625,134.8125,5637800
1999-08-24,85.37554168701172,136.96875,137.96875,135.375,136.0625,9279500
1999-08-25,86.2520980834961,138.375,138.78125,136.15625,137.1875,6005300
1999-08-26,85.21968078613281,136.71875,138.421875,136.5,138.28125,4322300
1999-08-27,84.18731689453125,135.0625,137.0625,135.0625,136.875,6247400
1999-08-30,82.62899017333984,132.5625,135.5,132.0,135.34375,4652000
1999-08-31,82.3173599243164,132.0625,133.75,130.875,132.9375,11453700
1999-09-01,83.33025360107422,133.6875,133.734375,132.3125,132.9375,6863900
1999-09-02,82.34659576416016,132.109375,132.671875,130.65625,132.125,10896300
1999-09-03,84.75222778320312,135.96875,136.5,134.6875,134.875,9160800
1999-09-07,84.44053649902344,135.46875,136.625,135.21875,136.0625,4560800
1999-09-08,84.03148651123047,134.8125,136.0625,134.03125,134.84375,6159600
1999-09-09,83.9925537109375,134.75,135.25,133.6875,134.75,6177800
1999-09-10,84.69377136230469,135.875,136.359375,134.9375,136.25,2934500
1999-09-13,84.11915588378906,134.953125,135.46875,134.5,135.125,2320500
1999-09-14,83.56398010253906,134.0625,134.5625,133.375,134.0625,3736000
1999-09-15,82.2394790649414,131.9375,135.4375,131.875,135.4375,6984500
1999-09-16,82.56085968017578,132.453125,132.8125,130.3125,132.5,15377600
1999-09-17,83.60401916503906,133.75,133.9375,132.15625,132.625,8542300
1999-09-20,83.48682403564453,133.5625,134.0,133.09375,133.9375,2803900
1999-09-21,81.7287826538086,130.75,132.46875,130.15625,132.25,9335200
1999-09-22,81.64090728759766,130.609375,131.84375,129.75,131.25,13009100
1999-09-23,79.93167114257812,127.875,131.8125,127.625,131.8125,12204100
1999-09-24,79.85356140136719,127.75,128.375,126.3125,127.75,13792900
1999-09-27,80.38097381591797,128.59375,129.75,128.28125,128.75,6970300
1999-09-28,80.2247314453125,128.34375,128.8125,125.5625,127.9375,11063400
1999-09-29,79.26756286621094,126.8125,129.125,126.75,128.4375,7580300
1999-09-30,80.4786148071289,128.75,129.4375,126.96875,127.4375,7498900
1999-10-01,80.30281066894531,128.46875,128.5625,126.625,127.9375,11127100
1999-10-04,81.7287826538086,130.75,130.875,128.75,129.1875,6341600
1999-10-05,81.6506576538086,130.625,131.96875,128.6875,130.71875,11976000
1999-10-06,82.9007797241211,132.625,132.8125,130.6875,130.75,10308200
1999-10-07,82.43203735351562,131.875,133.0,131.5,132.859375,6535600
1999-10-08,83.68217468261719,133.875,133.875,131.234375,131.75,9674300
1999-10-11,83.54541778564453,133.65625,134.125,133.3125,133.59375,4282000
1999-10-12,82.2562026977539,131.59375,133.3125,131.1875,133.125,8686100
1999-10-13,80.12705993652344,128.1875,131.3125,128.1875,130.6875,10469300
1999-10-14,80.10751342773438,128.15625,129.1875,126.75,128.484375,10562200
1999-10-15,78.05644989013672,124.875,126.75,124.5,126.0,14238700
1999-10-18,78.62295532226562,125.78125,125.9375,123.4375,124.9375,9758800
1999-10-19,79.38471221923828,127.0,128.25,125.9375,127.1875,14392900
1999-10-20,80.16609191894531,128.25,129.46875,127.125,127.75,9759400
1999-10-21,80.6348876953125,129.0,129.0,126.625,127.21875,9105400
1999-10-22,81.31858825683594,130.09375,131.21875,129.5625,129.75,8309600
1999-10-25,80.90837097167969,129.4375,130.46875,128.75,129.3125,8114300
1999-10-26,79.89263153076172,127.8125,130.6875,127.8125,130.1875,6256300
1999-10-27,81.33812713623047,130.125,130.3125,128.25,128.375,5433300
1999-10-28,84.11192321777344,134.5625,134.859375,132.1875,132.4375,10509700
1999-10-29,85.635498046875,137.0,137.6875,135.71875,135.84375,10988600
1999-11-01,84.73699951171875,135.5625,137.0,135.5625,136.5,4006500
1999-11-02,84.13141632080078,134.59375,137.25,134.59375,135.96875,6516900
1999-11-03,84.69791412353516,135.5,136.375,135.125,136.0,7222300
1999-11-04,85.34252166748047,136.53125,137.359375,135.765625,136.75,7907500
1999-11-05,86.18243408203125,137.875,139.109375,136.78125,138.625,7431500
1999-11-08,86.26056671142578,138.0,138.375,136.75,137.0,4649200
1999-11-09,85.449951171875,136.703125,138.6875,136.28125,138.5,4533700
1999-11-10,86.08483123779297,137.71875,138.390625,136.078125,136.25,6405600
1999-11-11,86.57313537597656,138.5,138.5,137.46875,138.1875,4794100
1999-11-12,87.35447692871094,139.75,139.984375,137.125,139.25,11802900
1999-11-15,87.55955505371094,140.078125,140.25,139.40625,139.84375,2187500
1999-11-16,88.29212951660156,141.25,143.0,140.09375,140.5625,7544800
1999-11-17,88.52652740478516,141.625,142.9375,141.3125,142.25,9459000
1999-11-18,89.15155792236328,142.625,143.0,141.625,142.4375,4491000
1999-11-19,89.0734634399414,142.5,142.96875,142.0,142.40625,4832100
1999-11-22,89.05387878417969,142.46875,143.0,141.5,142.4375,4155400
1999-11-23,88.27259063720703,141.21875,142.84375,140.375,142.84375,5918000
1999-11-24,88.7413330078125,141.96875,142.4375,140.0,140.75,4459700
1999-11-26,88.40933227539062,141.4375,142.875,141.25,142.46875,1693900
1999-11-29,88.09675598144531,140.9375,141.921875,140.4375,140.875,7348600
1999-11-30,87.06143951416016,139.28125,142.3125,139.0,140.75,7682000
1999-12-01,87.76468658447266,140.40625,140.5,139.0,139.3125,6980200
1999-12-02,88.29212951660156,141.25,141.375,140.375,140.625,6698300
1999-12-03,89.91336822509766,143.84375,145.34375,143.03125,143.03125,10045400
1999-12-06,89.24922943115234,142.78125,143.71875,142.25,143.53125,3138900
1999-12-07,88.52652740478516,141.625,143.3125,141.375,143.28125,10714200
1999-12-08,87.96000671386719,140.71875,142.0625,140.5,141.34375,4611400
1999-12-09,88.38973999023438,141.40625,142.21875,139.375,141.8125,6474700
1999-12-10,88.68278503417969,141.875,142.8125,140.875,142.28125,5127300
1999-12-13,88.83901977539062,142.125,142.71875,141.28125,141.4375,4210800
1999-12-14,87.97955322265625,140.75,142.484375,140.625,141.625,5739000
1999-12-15,88.4483871459961,141.5,142.203125,140.03125,140.375,6879100
1999-12-16,88.83901977539062,142.125,142.65625,141.15625,142.1875,5854900
1999-12-17,89.40959167480469,142.6875,143.3125,142.0625,143.0,4775400
1999-12-20,88.76337432861328,141.65625,143.1875,141.09375,142.5625,4608700
1999-12-21,90.11451721191406,143.8125,144.0625,141.34375,141.59375,7981300
1999-12-22,90.3494873046875,144.1875,144.1875,142.96875,143.625,5377500
1999-12-23,91.78870391845705,146.484375,146.484375,145.0,145.015625,5721700
1999-12-27,91.6614227294922,146.28125,146.78125,145.0625,146.5,2691000
1999-12-28,91.60271453857422,146.1875,146.5,145.484375,145.875,4084500
1999-12-29,91.99433135986328,146.8125,146.8125,145.3125,146.3125,3001000
1999-12-30,91.88662719726562,146.640625,147.5625,146.1875,147.125,3641300
1999-12-31,92.03350067138672,146.875,147.5,146.25,146.84375,3172700
2000-01-03,91.1327667236328,145.4375,148.25,143.875,148.25,8164300
2000-01-04,87.56888580322266,139.75,144.0625,139.640625,143.53125,8089800
2000-01-05,87.7255630493164,140.0,141.53125,137.25,139.9375,12177900
2000-01-06,86.31570434570312,137.75,141.5,137.75,139.625,6227200
2000-01-07,91.32857513427734,145.75,145.75,140.0625,140.3125,8066500
2000-01-10,91.6418914794922,146.25,146.90625,145.03125,146.25,5741700
2000-01-11,90.54530334472656,144.5,146.09375,143.5,145.8125,7503700
2000-01-12,89.64456176757812,143.0625,144.59375,142.875,144.59375,6907700
2000-01-13,90.85860443115234,145.0,145.75,143.28125,144.46875,5158300
2000-01-14,92.0922393798828,146.96875,147.46875,145.96875,146.53125,7437300
2000-01-18,91.3677215576172,145.8125,146.625,145.1875,145.34375,6488500
2000-01-19,92.11183166503906,147.0,147.0,145.0,145.3125,6157900
2000-01-20,90.701904296875,144.75,146.96875,143.8125,146.96875,5800100
2000-01-21,90.5061264038086,144.4375,145.5,144.0625,145.5,6244800
2000-01-24,87.9409408569336,140.34375,145.84375,139.40625,145.65625,7896900
2000-01-25,88.93962860107422,141.9375,141.9375,139.0,140.515625,9942500
2000-01-26,88.23467254638672,140.8125,141.546875,140.09375,141.0,5158100
2000-01-27,87.88223266601562,140.25,142.21875,138.125,141.84375,10922700
2000-01-28,85.14077758789062,135.875,140.0625,135.53125,139.4375,11916200
2000-01-31,87.45138549804688,139.5625,139.671875,135.0,135.8125,10768700
2000-02-01,88.31301879882812,140.9375,141.6875,138.53125,139.75,8419900
2000-02-02,88.39128875732422,141.0625,142.25,140.375,141.28125,6205900
2000-02-03,89.72289276123047,143.1875,143.25,140.0,140.875,7997500
2000-02-04,89.35083770751953,142.59375,144.0,142.125,143.1875,4925400
2000-02-07,89.2137451171875,142.375,142.78125,141.4375,142.5625,5845800
2000-02-08,90.42774963378906,144.3125,144.5625,143.625,143.96875,4936400
2000-02-09,88.52841186523438,141.28125,144.46875,141.265625,144.46875,8511500
2000-02-10,88.70462036132812,141.5625,142.5625,140.875,141.625,6690600
2000-02-11,86.90311431884766,138.6875,141.9375,138.03125,141.84375,9849800
2000-02-14,87.4122314453125,139.5,139.78125,138.3125,139.78125,8528800
2000-02-15,88.40110778808594,141.078125,141.21875,137.796875,139.25,11078300
2000-02-16,87.09892272949219,139.0,140.9375,138.796875,140.375,8845400
2000-02-17,86.64857482910156,138.28125,140.4375,138.21875,140.4375,7584200
2000-02-18,84.78827667236328,135.3125,138.875,134.625,138.875,9409200
2000-02-22,84.57292175292969,134.96875,136.34375,133.53125,135.1875,16415400
2000-02-23,85.57158660888672,136.5625,137.46875,134.5,135.625,12119000
2000-02-24,83.8484115600586,133.8125,137.03125,133.09375,136.6875,17375000
2000-02-25,83.5448989868164,133.328125,136.71875,133.125,135.1875,10559900
2000-02-28,85.2974624633789,136.125,136.6875,132.71875,133.375,13397800
2000-02-29,86.11988067626953,137.4375,137.4375,135.75,136.0625,8242500
2000-03-01,86.74645233154297,138.4375,139.0,137.21875,137.625,6868000
2000-03-02,86.80520629882812,138.53125,139.125,137.34375,138.6875,7600200
2000-03-03,88.43049621582031,141.125,141.71875,139.71875,140.4375,12770300
2000-03-06,87.56888580322266,139.75,141.34375,138.75,140.8125,11967100
2000-03-07,85.87506866455078,137.046875,140.15625,135.21875,140.0,20062000
2000-03-08,85.76738739013672,136.875,137.84375,135.03125,136.46875,11808500
2000-03-09,88.27383422851562,140.875,140.875,136.125,137.25,5500900
2000-03-10,87.80382537841797,140.125,142.0,139.53125,140.1875,7924600
2000-03-13,86.84439849853516,138.59375,140.46875,135.6875,136.6875,10540500
2000-03-14,85.61068725585938,136.625,140.09375,136.15625,139.28125,8263900
2000-03-15,87.60807037353516,139.8125,140.4375,136.0625,136.875,10300800
2000-03-16,91.70062255859376,146.34375,146.84375,140.875,141.625,25601400
2000-03-17,92.30669403076172,146.9375,148.0,145.4375,145.8125,10272900
2000-03-20,91.83550262451172,146.1875,147.34375,144.78125,146.875,12502300
2000-03-21,93.72012329101562,149.1875,149.75,144.5,145.53125,13612600
2000-03-22,94.28941345214844,150.09375,150.84375,148.6875,149.5625,8260000
2000-03-23,95.89920806884766,152.65625,153.46875,149.15625,149.15625,11654500
2000-03-24,96.4685287475586,153.5625,155.75,151.71875,152.875,11462900
2000-03-27,95.44768524169922,151.9375,153.78125,151.8125,153.375,8798600
2000-03-28,94.89804077148438,151.0625,152.984375,150.59375,151.25,6334400
2000-03-29,94.99616241455078,151.21875,152.484375,149.65625,151.5625,6747500
2000-03-30,93.4060287475586,148.6875,151.921875,147.125,150.15625,9491900
2000-03-31,94.4661865234375,150.375,152.3125,148.4375,149.625,9249100
2000-04-03,95.0157699584961,151.25,151.25,148.6875,150.125,8508200
2000-04-04,94.30908966064452,150.125,153.0,141.390625,151.75,19585500
2000-04-05,93.72012329101562,149.1875,150.8125,147.625,147.875,8387200
2000-04-06,94.53479766845705,150.484375,151.6875,149.0,150.25,6378500
2000-04-07,95.13362121582033,151.4375,152.125,150.5,151.5625,6023600
2000-04-10,94.76062774658205,150.84375,153.109375,150.3125,151.75,9624200
2000-04-11,94.48573303222656,150.40625,151.625,148.375,150.0,9006400
2000-04-12,91.89439392089844,146.28125,151.15625,146.15625,150.375,10779200
2000-04-13,90.6183624267578,144.25,148.15625,143.78125,147.46875,12225800
2000-04-14,85.43568420410156,136.0,142.8125,133.5,142.625,29604000
2000-04-17,88.41963195800781,140.75,140.75,134.6875,135.1875,23918200
2000-04-18,90.75577545166016,144.46875,144.46875,139.78125,140.5625,11069200
2000-04-19,89.91159057617188,143.125,145.125,142.53125,144.5,6553700
2000-04-20,90.34354400634766,143.8125,143.9375,142.375,143.5625,8537600
2000-04-24,89.3619384765625,142.25,143.3125,140.5,141.5,12893100
2000-04-25,93.07233428955078,148.15625,148.15625,144.4375,144.625,14102000
2000-04-26,92.0220184326172,146.484375,148.75,146.0,147.96875,7711100
2000-04-27,91.71768951416016,146.0,147.34375,143.0,143.0,15595300
2000-04-28,91.14844512939452,145.09375,147.859375,145.0625,147.0,8743400
2000-05-01,92.38519287109376,147.0625,148.484375,145.84375,146.5625,7328300
2000-05-02,90.53990173339844,144.125,147.125,144.125,145.5,9411900
2000-05-03,88.41963195800781,140.75,144.0,139.78125,144.0,12630700
2000-05-04,89.08712768554688,141.8125,142.359375,140.75,142.0,5963600
2000-05-05,90.1668701171875,143.53125,144.0,140.9375,141.0625,7862400
2000-05-08,89.48955535888672,142.453125,143.375,141.84375,142.75,5064100
2000-05-09,88.77303314208984,141.3125,143.40625,140.265625,143.0625,5620300
2000-05-10,86.77059936523438,138.125,140.96875,137.75,140.5,10293900
2000-05-11,88.75341033935547,141.28125,141.5,139.125,140.125,7091100
2000-05-12,89.71533203125,142.8125,143.46875,141.625,141.8125,5960800
2000-05-15,91.26620483398438,145.28125,145.609375,142.0,142.75,4441300
2000-05-16,92.14965057373048,146.6875,147.71875,145.3125,146.5625,8192200
2000-05-17,91.18768310546876,145.15625,146.1875,144.46875,145.6875,5907200
2000-05-18,90.06869506835938,143.375,146.3125,143.375,145.625,4325600
2000-05-19,88.65525817871094,141.125,143.234375,140.40625,142.5625,6518400
2000-05-22,87.98780822753906,140.0625,141.46875,137.0,141.25,10839400
2000-05-23,86.6921157836914,138.0,140.8125,137.5625,140.4375,7979200
2000-05-24,88.10558319091797,140.25,140.6875,136.5,138.0,11081500
2000-05-25,86.59394073486328,137.84375,141.8125,137.71875,140.6875,8278900
2000-05-26,86.6921157836914,138.0,139.6875,137.328125,138.8125,4814000
2000-05-30,89.51902770996094,142.5,142.9375,139.46875,140.0,5362700
2000-05-31,89.71533203125,142.8125,144.0,142.09375,142.5625,6056500
2000-06-01,91.28583526611328,145.3125,145.4375,143.0,143.6875,8961600
2000-06-02,92.87596893310548,147.84375,149.09375,147.484375,148.9375,8962200
2000-06-05,92.42444610595705,147.125,148.21875,146.875,147.46875,6998100
2000-06-06,92.01223754882812,146.46875,147.78125,145.90625,146.625,4858900
2000-06-07,92.6502456665039,147.484375,148.0,146.0,146.625,4919500
2000-06-08,92.28705596923828,146.90625,147.75,146.0625,147.5,5723100
2000-06-09,92.09073638916016,146.59375,147.96875,145.625,147.5,3085300
2000-06-12,91.010986328125,144.875,146.96875,144.875,146.96875,3678900
2000-06-13,92.71891784667967,147.59375,147.75,144.625,144.8125,6558700
2000-06-14,92.87596893310548,147.84375,148.875,147.1875,148.25,6420500
2000-06-15,93.07233428955078,148.15625,148.75,146.84375,148.125,5881200
2000-06-16,92.30755615234376,146.59375,148.3125,145.875,148.3125,5567900
2000-06-19,93.48821258544922,148.46875,149.15625,146.25,146.46875,5106900
2000-06-20,93.1536636352539,147.9375,148.875,147.0,148.1875,6480000
2000-06-21,93.11433410644533,147.875,148.4375,146.890625,146.9375,3115000
2000-06-22,91.69754028320312,145.625,147.6875,145.0,147.5625,7490500
2000-06-23,90.91047668457033,144.375,146.125,143.875,145.8125,4863300
2000-06-26,92.08121490478516,146.234375,146.25,144.875,145.375,5201300
2000-06-27,91.40242004394533,145.15625,146.71875,145.015625,145.984375,4159500
2000-06-28,91.6581802368164,145.5625,146.984375,145.3125,145.625,5347700
2000-06-29,90.79240417480467,144.1875,145.75,143.515625,144.75,6345700
2000-06-30,91.4810791015625,145.28125,145.59375,143.890625,143.9375,7420200
2000-07-03,92.74046325683594,147.28125,147.4375,145.1875,145.4375,1436600
2000-07-05,91.0678482055664,144.625,146.65625,144.375,146.375,2748200
2000-07-06,91.7762451171875,145.75,146.46875,144.21875,144.9375,5963200
2000-07-07,93.25208282470705,148.09375,148.78125,146.25,146.6875,3034800
2000-07-10,93.09465789794922,147.84375,148.90625,147.53125,147.875,2816100
2000-07-11,93.29145050048828,148.15625,149.125,147.15625,147.46875,5431600
2000-07-12,93.90142059326172,149.125,150.125,148.6875,149.28125,5883000
2000-07-13,94.3146514892578,149.78125,150.375,149.1875,149.984375,5356000
2000-07-14,95.23950958251952,151.25,151.25,149.671875,150.4375,5341900
2000-07-17,95.0820770263672,151.0,151.984375,150.6875,150.984375,4208300
2000-07-18,94.30484008789062,149.765625,150.625,149.34375,150.625,4262100
2000-07-19,93.54723358154295,148.5625,149.90625,148.25,149.46875,8506800
2000-07-20,94.84597778320312,150.625,150.625,148.8125,149.0,4538900
2000-07-21,92.99628448486328,147.6875,149.75,147.6875,149.75,5656900
2000-07-24,92.4649887084961,146.84375,148.859375,146.5625,148.125,5628500
2000-07-25,92.7601318359375,147.3125,147.84375,146.78125,147.75,4757100
2000-07-26,91.85491943359376,145.875,147.15625,145.640625,146.96875,12062500
2000-07-27,91.5401382446289,145.375,146.625,144.6875,145.9375,7652600
2000-07-28,89.47402954101562,142.09375,145.90625,141.515625,145.71875,6229500
2000-07-31,90.04461669921875,143.0,144.125,142.0625,142.9375,5265500
2000-08-01,90.59559631347656,143.875,144.71875,143.125,143.625,3946600
2000-08-02,91.04817962646484,144.59375,145.40625,143.625,143.875,7439800
2000-08-03,91.67788696289062,145.59375,145.8125,142.625,142.875,4607100
2000-08-04,92.1698760986328,146.375,146.71875,145.40625,146.3125,3686600
2000-08-07,93.27178955078124,148.125,148.4375,146.375,146.71875,4159800
2000-08-08,93.6259307861328,148.6875,148.8125,147.5,147.5,3658700
2000-08-09,92.83885955810548,147.4375,149.21875,147.375,149.140625,5383800
2000-08-10,92.38626098632812,146.71875,147.859375,146.28125,147.53125,4193400
2000-08-11,92.8192138671875,147.40625,148.0,145.5625,146.625,5089400
2000-08-14,93.99980926513672,149.28125,149.5625,147.0625,147.78125,2966700
2000-08-15,93.92115783691406,149.15625,149.8125,148.5625,149.34375,5564600
2000-08-16,93.58661651611328,148.625,149.9375,147.84375,149.3125,5191600
2000-08-17,94.57048797607422,150.1875,150.4375,148.34375,148.6875,5652200
2000-08-18,94.25562286376952,149.6875,150.375,149.21875,150.375,4626400
2000-08-21,94.7672119140625,150.5,150.71875,149.40625,150.03125,2380600
2000-08-22,94.6098403930664,150.25,151.3125,150.09375,150.5625,3075300
2000-08-23,94.98370361328124,150.84375,151.28125,149.28125,149.8125,5483200
2000-08-24,95.2788314819336,151.3125,151.5,150.5,151.15625,4529000
2000-08-25,95.23950958251952,151.25,151.625,150.9375,151.15625,2822200
2000-08-28,95.56423950195312,151.765625,152.90625,151.25,151.25,5518700
2000-08-29,95.58385467529295,151.796875,151.875,150.90625,151.4375,3561900
2000-08-30,94.6688461303711,150.34375,151.5,150.34375,151.3125,3964800
2000-08-31,95.9282455444336,152.34375,153.09375,150.90625,151.0625,4863100
2000-09-01,96.02658081054688,152.5,153.59375,152.0,153.25,3191200
2000-09-05,95.2591781616211,151.28125,152.203125,150.8125,151.875,3470800
2000-09-06,94.17693328857422,149.5625,151.953125,149.53125,151.1875,4322200
2000-09-07,94.98370361328124,150.84375,151.078125,149.828125,150.25,4265500
2000-09-08,94.33431243896484,149.8125,150.5,149.328125,150.28125,3518200
2000-09-11,94.19664764404295,149.59375,151.1875,148.6875,149.75,3937500
2000-09-12,93.50790405273438,148.5,150.25,148.4375,149.75,4769100
2000-09-13,93.75384521484376,148.890625,149.34375,147.65625,148.0,7691600
2000-09-14,94.22614288330078,149.640625,149.9375,148.15625,149.875,3397100
2000-09-15,92.16464233398438,146.0,148.25,146.0,148.1875,4085700
2000-09-18,91.3163833618164,144.65625,146.96875,144.203125,146.375,5109300
2000-09-19,92.14494323730467,145.96875,146.3125,144.703125,145.125,6588200
2000-09-20,91.4643325805664,144.890625,146.03125,143.15625,145.6875,6508100
2000-09-21,90.07356262207033,142.6875,145.5625,142.625,144.46875,5972300
2000-09-22,91.7108917236328,145.28125,145.3125,142.421875,142.625,7791300
2000-09-25,91.05994415283205,144.25,146.0625,143.71875,145.9375,9726300
2000-09-26,89.89603424072266,142.40625,145.0,142.40625,144.375,5302400
2000-09-27,90.3695068359375,143.15625,143.96875,142.125,143.5625,7186200
2000-09-28,91.5334014892578,145.0,146.328125,142.890625,143.1875,7036400
2000-09-29,90.66535949707033,143.625,145.96875,143.625,145.46875,9333600
2000-10-02,90.803466796875,143.84375,144.90625,143.140625,144.28125,5517800
2000-10-03,89.95523834228516,142.5,145.75,142.28125,144.53125,9347200
2000-10-04,90.70484161376952,143.6875,144.25,141.75,142.875,6148900
2000-10-05,91.02050018310548,144.1875,144.84375,143.3125,143.40625,4566900
2000-10-06,89.0477523803711,141.0625,144.640625,139.75,143.875,10014900
2000-10-09,88.37704467773438,140.0,141.3125,139.375,141.3125,4508000
2000-10-10,86.91724395751953,137.6875,141.25,137.6875,140.09375,6104700
2000-10-11,86.18733978271484,136.53125,138.625,135.125,137.625,10346000
2000-10-12,84.037109375,133.125,137.59375,132.78125,137.28125,12336900
2000-10-13,86.83834838867188,137.5625,137.65625,132.875,132.9375,11778800
2000-10-16,87.23287963867188,138.1875,138.234375,136.6875,137.40625,5659000
2000-10-17,85.06292724609375,134.75,138.5625,134.40625,138.4375,7831700
2000-10-18,84.74726867675781,134.25,136.125,130.15625,132.625,10897300
2000-10-19,87.94307708740234,139.3125,139.453125,136.4375,136.84375,8767300
2000-10-20,88.31788635253906,139.90625,141.1875,138.375,138.375,7373500
2000-10-23,88.71243286132812,140.53125,141.03125,138.9375,139.9375,5290000
2000-10-24,88.12062072753906,139.59375,141.9375,139.0,140.96875,5750700
2000-10-25,86.04930877685547,136.3125,139.5625,136.125,138.75,9137600
2000-10-26,86.28599548339844,136.6875,137.65625,134.03125,137.125,9345800
2000-10-27,87.92332458496094,139.28125,139.28125,136.625,137.875,9762900
2000-10-30,88.71243286132812,140.53125,141.09375,138.15625,138.4375,10154100
2000-10-31,90.24122619628906,142.953125,143.6875,140.0625,141.015625,7752400
2000-11-01,89.93548583984375,142.46875,143.25,141.21875,142.25,6753600
2000-11-02,90.0834503173828,142.703125,143.90625,142.515625,143.15625,11395100
2000-11-03,90.13275909423828,142.78125,143.75,142.375,143.46875,5187100
2000-11-06,90.76400756835938,143.78125,144.296875,143.03125,143.15625,4042500
2000-11-07,90.7442626953125,143.75,144.0,142.5625,143.140625,5231300
2000-11-08,88.73212432861328,140.5625,144.0625,140.5625,144.0625,6123300
2000-11-09,88.39677429199219,140.03125,141.21875,137.25,140.0,10635300
2000-11-10,86.24652862548828,136.625,139.46875,136.53125,139.0,8569500
2000-11-13,85.57584381103516,135.5625,136.984375,133.015625,135.625,17285300
2000-11-14,87.82467651367188,139.125,139.625,137.0,137.46875,7668900
2000-11-15,88.1008529663086,139.5625,140.109375,137.75,139.0625,8837700
2000-11-16,86.719970703125,137.375,139.875,137.3125,138.578125,6684100
2000-11-17,86.25640869140625,136.640625,139.0,135.75,137.3125,6551100
2000-11-20,85.02345275878906,134.6875,136.375,134.3125,135.75,5458500
2000-11-21,85.45745849609375,135.375,136.1875,133.515625,134.875,7684300
2000-11-22,83.41571044921875,132.140625,134.875,132.125,134.34375,5736900
2000-11-24,85.1220932006836,134.84375,134.96875,133.625,133.625,3411600
2000-11-27,85.87173461914062,136.03125,136.6875,135.3125,136.46875,5992000
2000-11-28,84.3921890258789,133.6875,136.59375,133.640625,135.125,5336100
2000-11-29,84.23441314697266,133.4375,135.90625,133.265625,134.375,6914100
2000-11-30,83.50446319580078,132.28125,133.5,129.75,132.5,11201600
2000-12-01,83.46503448486328,132.21875,134.0625,131.0,133.1875,7587200
2000-12-04,84.1751937866211,133.34375,133.875,131.5,131.875,6996600
2000-12-05,86.93699645996094,137.71875,138.25,134.40625,134.875,8883400
2000-12-06,85.54619598388672,135.515625,138.34375,135.03125,137.78125,12888000
2000-12-07,84.37250518798828,133.65625,135.875,133.65625,134.875,6529100
2000-12-08,84.56970977783203,133.96875,139.46875,133.875,137.0625,10276300
2000-12-11,87.50904846191406,138.625,139.5625,136.71875,137.375,6405600
2000-12-12,87.13426208496094,138.03125,138.8125,137.375,138.1875,5022900
2000-12-13,85.9407958984375,136.140625,139.40625,136.03125,139.25,6070500
2000-12-14,84.845947265625,134.40625,136.5,134.03125,135.875,7678400
2000-12-15,82.92955017089844,130.96875,133.125,130.5625,133.125,9065300
2000-12-18,84.0376205444336,132.71875,133.46875,131.765625,132.0625,7235400
2000-12-19,82.32601165771484,130.015625,134.96875,130.015625,132.46875,9616600
2000-12-20,79.941650390625,126.25,128.9375,126.09375,128.625,9994300
2000-12-21,80.49568939208984,127.125,128.859375,125.53125,126.0,14331500
2000-12-22,82.90975952148438,130.9375,131.109375,128.84375,129.0,10182900
2000-12-26,83.80020904541016,132.34375,132.34375,130.28125,130.84375,4665300
2000-12-27,84.41361236572266,133.3125,133.734375,131.25,131.75,4854100
2000-12-28,84.67081451416016,133.71875,133.875,132.59375,132.8125,8358700
2000-12-29,83.06803894042969,131.1875,134.28125,131.1875,134.0625,8774600
2001-01-02,81.56419372558594,128.8125,132.15625,127.5625,132.0,8737500
2001-01-03,85.48213195800781,135.0,136.0,127.65625,128.3125,19431600
2001-01-04,84.56204986572266,133.546875,135.46875,133.0,134.9375,9219000
2001-01-05,81.8016357421875,129.1875,133.625,129.1875,133.46875,12911400
2001-01-08,82.43484497070312,130.1875,130.1875,127.6875,129.875,6625300
2001-01-09,82.21720886230469,129.84375,131.5,129.421875,131.046875,5702400
2001-01-10,83.66168975830078,132.125,132.125,128.8125,129.0,8746100
2001-01-11,83.74083709716797,132.25,133.484375,131.09375,131.09375,7245100
2001-01-12,83.58253479003906,132.0,133.71875,131.28125,132.6875,7244000
2001-01-16,84.11677551269531,132.84375,133.1875,131.515625,132.0,8542200
2001-01-17,84.50267028808594,133.453125,135.046875,132.640625,134.84375,7851400
2001-01-18,85.34359741210938,134.78125,135.703125,132.9375,133.4375,8107000
2001-01-19,84.85885620117188,134.015625,136.1875,133.875,136.1875,7782500
2001-01-22,85.42274475097656,134.90625,135.78125,133.5625,134.25,7050900
2001-01-23,86.09552764892578,135.96875,136.65625,134.15625,134.46875,8463100
2001-01-24,86.35276794433594,136.375,137.3125,135.84375,136.25,6199900
2001-01-25,86.13511657714844,136.03125,137.25,135.65625,136.25,10818300
2001-01-26,86.0361557006836,135.875,136.125,134.453125,135.15625,7136800
2001-01-29,86.49528503417969,136.60000610351562,136.89999389648438,135.3699951171875,135.5,6705900
2001-01-30,87.25505828857422,137.8000030517578,137.9199981689453,135.7899932861328,136.3000030517578,7069100
2001-01-31,86.76118469238281,137.02000427246094,138.6999969482422,136.60000610351562,137.39999389648438,9706900
2001-02-01,87.3374252319336,137.92999267578125,137.9499969482422,136.25,137.10000610351562,8239100
2001-02-02,85.35543060302734,134.8000030517578,137.99000549316406,134.75,137.39999389648438,8276600
2001-02-05,85.98234558105469,135.7899932861328,135.94000244140625,134.75,134.8000030517578,4352900
2001-02-06,85.72909545898438,135.38999938964844,136.6999969482422,135.22000122070312,135.3000030517578,7106700
2001-02-07,85.28581237792969,134.69000244140625,135.39999389648438,133.67999267578125,134.72000122070312,5748700
2001-02-08,84.29168701171875,133.1199951171875,135.39999389648438,133.10000610351562,134.8000030517578,5943300
2001-02-09,83.48124694824219,131.83999633789062,133.35000610351562,131.25999450683594,133.35000610351562,9913000
2001-02-12,84.4373779296875,133.35000610351562,133.5,131.6999969482422,131.6999969482422,5804400
2001-02-13,83.74717712402344,132.25999450683594,134.1699981689453,132.0,133.6999969482422,6587600
2001-02-14,83.62052917480469,132.05999755859375,132.64999389648438,130.66000366210938,132.64999389648438,8400100
2001-02-15,84.4310073852539,133.33999633789062,133.52000427246094,131.99000549316406,132.83999633789062,5929800
2001-02-16,82.56937408447266,130.39999389648438,131.2899932861328,129.3000030517578,131.0,6434900
2001-02-20,81.29667663574219,128.38999938964844,131.13999938964844,128.10000610351562,131.0399932861328,5760000
2001-02-21,79.54271697998047,125.62000274658205,128.83999633789062,125.5,127.9000015258789,10910800
2001-02-22,79.66302490234375,125.80999755859376,126.54000091552734,123.0199966430664,126.3499984741211,21281600
2001-02-23,79.12480926513672,124.95999908447266,125.54000091552734,121.8000030517578,125.08000183105467,20173000
2001-02-26,80.80911254882812,127.62000274658205,127.62000274658205,124.5,125.8000030517578,11503700
2001-02-27,80.06194305419922,126.44000244140624,127.83999633789062,125.51000213623048,126.8000030517578,11415000
2001-02-28,78.48521423339844,123.9499969482422,126.83999633789062,123.2699966430664,126.75,14825800
2001-03-01,78.8968734741211,124.5999984741211,124.5999984741211,121.75,124.0500030517578,14672000
2001-03-02,78.26996612548828,123.61000061035156,125.6500015258789,122.3000030517578,122.5,12564300
2001-03-05,78.98548889160156,124.73999786376952,124.77999877929688,123.80999755859376,124.1500015258789,5293200
2001-03-06,79.83399200439453,126.08000183105467,127.75,125.48999786376952,126.3499984741211,6917000
2001-03-07,80.40386962890625,126.9800033569336,127.04000091552734,125.76000213623048,126.9000015258789,6371700
2001-03-08,80.49250030517578,127.12000274658205,127.23999786376952,126.13999938964844,126.5999984741211,6055000
2001-03-09,78.1116714477539,123.36000061035156,126.0999984741211,123.11000061035156,126.0999984741211,10020300
2001-03-12,74.76838684082031,118.08000183105467,122.5,117.75,122.33999633789062,13972900
2001-03-13,75.99676513671875,120.0199966430664,120.44000244140624,117.52999877929688,119.4000015258789,12888000
2001-03-14,74.49610137939453,117.6500015258789,119.29000091552734,115.75,117.0500030517578,19883400
2001-03-15,74.51508331298828,117.68000030517578,118.86000061035156,117.36000061035156,118.4499969482422,10370300
2001-03-16,73.02056121826172,115.01000213623048,117.4000015258789,114.80999755859376,117.12999725341795,58514600
2001-03-19,74.50621795654297,117.3499984741211,117.69000244140624,114.81999969482422,115.76000213623048,10067800
2001-03-20,72.50621795654297,114.1999969482422,118.45999908447266,114.11000061035156,117.9000015258789,15083900
2001-03-21,71.27455139160156,112.26000213623048,115.26000213623048,111.9000015258789,114.18000030517578,19004600
2001-03-22,70.5507583618164,111.12000274658205,112.5999984741211,108.04000091552734,112.0199966430664,28624800
2001-03-23,72.68404388427734,114.4800033569336,114.66000366210938,111.5,113.25,12861700
2001-03-26,73.61101531982422,115.94000244140624,116.2699966430664,114.7699966430664,115.6999969482422,9943800
2001-03-27,75.11573028564453,118.30999755859376,118.6500015258789,115.27999877929688,115.62000274658205,12880700
2001-03-28,73.03954315185547,115.04000091552734,116.9499969482422,114.9000015258789,116.9000015258789,10953300
2001-03-29,73.31893920898438,115.4800033569336,116.5,112.13999938964844,114.6999969482422,12060300
2001-03-30,74.08717346191406,116.69000244140624,116.69000244140624,114.5,115.5500030517578,9183600
2001-04-02,72.50621795654297,114.1999969482422,117.37999725341795,113.8000030517578,116.3000030517578,10561000
2001-04-03,70.08724975585938,110.38999938964844,114.1500015258789,110.05999755859376,113.9800033569336,12836000
2001-04-04,70.37933349609375,110.8499984741211,112.0999984741211,109.3000030517578,110.56999969482422,14884300
2001-04-05,73.04593658447266,115.0500030517578,115.48999786376952,112.5,113.3000030517578,21522800
2001-04-06,71.93484497070312,113.3000030517578,114.4000015258789,112.05999755859376,113.98999786376952,14937800
2001-04-09,72.73481750488281,114.55999755859376,114.98999786376952,112.77999877929688,114.0,9034300
2001-04-10,74.06175231933594,116.6500015258789,117.75,115.16999816894533,115.4499969482422,17873600
2001-04-11,74.11256408691406,116.7300033569336,118.98999786376952,116.13999938964844,118.77999877929688,12722300
2001-04-12,75.45854949951172,118.8499984741211,118.94000244140624,115.95999908447266,116.3000030517578,9233200
2001-04-16,74.6649169921875,117.5999984741211,118.88999938964844,116.91000366210938,118.29000091552734,7350000
2001-04-17,75.71891021728516,119.26000213623048,119.66000366210938,117.0199966430664,117.30999755859376,10924700
2001-04-18,78.72832489013672,124.0,126.0,120.69000244140624,121.05999755859376,32481600
2001-04-19,79.77593994140625,125.6500015258789,125.83999633789062,123.58000183105467,124.25,13809900
2001-04-20,79.0457534790039,124.5,125.4000015258789,123.66000366210938,124.9000015258789,7626700
2001-04-23,77.61088562011719,122.23999786376952,123.88999938964844,121.91000366210938,123.6500015258789,8451800
2001-04-24,77.19185638427734,121.58000183105467,123.6500015258789,121.0999984741211,122.5199966430664,10044700
2001-04-25,78.20137023925781,123.16999816894533,123.66999816894533,120.9499969482422,121.41999816894533,8249000
2001-04-26,78.55052185058594,123.72000122070312,125.22000122070312,123.5,123.7300033569336,10590400
2001-04-27,79.85845184326172,125.77999877929688,125.83999633789062,124.1999969482422,124.91999816894533,7938700
2001-04-30,80.41715240478516,126.66000366210938,127.2699966430664,124.66999816894533,126.4499969482422,10766900
2001-05-01,80.66478729248047,127.0500030517578,127.1500015258789,124.5999984741211,125.06999969482422,10578000
2001-05-02,80.51876831054688,126.81999969482422,127.69000244140624,126.0,127.41000366210938,9572900
2001-05-03,79.49657440185547,125.20999908447266,126.1500015258789,124.22000122070312,126.12999725341795,9926200
2001-05-04,80.84891510009766,127.33999633789062,127.3499984741211,123.44000244140624,123.6500015258789,12145300
2001-05-07,80.15050506591797,126.23999786376952,127.37999725341795,126.2300033569336,126.86000061035156,7185200
2001-05-08,80.1124038696289,126.18000030517578,127.0999984741211,125.55999755859376,126.86000061035156,6952600
2001-05-09,79.77593994140625,125.6500015258789,126.5500030517578,125.05999755859376,125.25,9507400
2001-05-10,80.01084899902344,126.0199966430664,127.5,125.7699966430664,127.26000213623048,6872400
2001-05-11,79.45846557617188,125.1500015258789,126.48999786376952,124.4000015258789,126.0,7734400
2001-05-14,79.61722564697266,125.4000015258789,125.44000244140624,124.45999908447266,124.9000015258789,7914000
2001-05-15,79.98541259765625,125.9800033569336,126.5,124.8499984741211,125.5500030517578,9782200
2001-05-16,81.87113189697266,128.9499969482422,129.1999969482422,124.62000274658205,124.83999633789062,14909000
2001-05-17,81.99808502197266,129.14999389648438,130.0800018310547,128.55999755859375,129.0,11824600
2001-05-18,82.3726806640625,129.74000549316406,129.74000549316406,128.10000610351562,129.08999633789062,6683100
2001-05-21,83.58528137207031,131.64999389648438,131.83999633789062,129.14999389648438,129.83999633789062,11531500
2001-05-22,83.47738647460938,131.47999572753906,132.08999633789062,131.07000732421875,131.8300018310547,8342700
2001-05-23,82.06159973144531,129.25,131.0500030517578,129.25,131.0500030517578,12330800
2001-05-24,82.3028564453125,129.6300048828125,130.0,128.5500030517578,129.47000122070312,7902800
2001-05-25,81.33145141601562,128.10000610351562,129.6999969482422,127.9000015258789,129.64999389648438,7425000
2001-05-29,80.68383026123047,127.08000183105467,128.35000610351562,126.9000015258789,128.22000122070312,9003900
2001-05-30,79.55369567871094,125.3000030517578,127.08999633789062,125.0,126.58999633789062,10041800
2001-05-31,79.96643829345703,125.9499969482422,126.76000213623048,125.26000213623048,125.43000030517578,9874200
2001-06-01,80.46162414550781,126.7300033569336,127.0999984741211,125.12000274658205,126.1999969482422,8848300
2001-06-04,80.84891510009766,127.33999633789062,127.43000030517578,126.08000183105467,126.8000030517578,5623500
2001-06-05,81.77588653564453,128.8000030517578,129.22999572753906,127.2699966430664,127.48999786376952,9115400
2001-06-06,81.0965347290039,127.7300033569336,128.8300018310547,127.36000061035156,128.8300018310547,12064900
2001-06-07,81.38859558105469,128.19000244140625,128.35000610351562,127.0,127.0500030517578,7355300
2001-06-08,80.63301849365234,127.0,127.87000274658205,126.13999938964844,127.6999969482422,8170600
2001-06-11,80.06163024902344,126.0999984741211,126.98999786376952,125.41000366210938,126.70999908447266,7012200
2001-06-12,79.92194366455078,125.87999725341795,126.73999786376952,124.04000091552734,124.86000061035156,9364400
2001-06-13,79.23625183105469,124.8000030517578,126.58000183105467,124.6500015258789,126.16999816894533,7629400
2001-06-14,77.45848083496094,122.0,124.3000030517578,121.75,124.18000030517578,12603000
2001-06-15,77.58331298828125,121.8499984741211,122.4000015258789,120.4000015258789,120.91000366210938,16821100
2001-06-18,77.20762634277344,121.26000213623048,122.44000244140624,120.91000366210938,121.6500015258789,11368300
2001-06-19,77.54511260986328,121.79000091552734,122.88999938964844,120.88999938964844,122.37999725341795,7732300
2001-06-20,77.9526138305664,122.43000030517578,122.86000061035156,121.0999984741211,121.19000244140624,8787200
2001-06-21,78.837646484375,123.81999969482422,124.30999755859376,122.1500015258789,122.22000122070312,12259100
2001-06-22,78.22001647949219,122.8499984741211,123.58999633789062,122.16000366210938,123.48999786376952,12212000
2001-06-25,77.50057983398438,121.72000122070312,123.44000244140624,121.5,123.27999877929688,8406800
2001-06-26,77.39227294921875,121.5500030517578,122.38999938964844,120.56999969482422,120.9000015258789,8005800
2001-06-27,77.34773254394531,121.4800033569336,122.23999786376952,120.91000366210938,121.5999984741211,10105100
2001-06-28,77.7743148803711,122.1500015258789,123.94000244140624,121.93000030517578,122.0,10269300
2001-06-29,78.06082153320312,122.5999984741211,124.01000213623048,122.26000213623048,122.8000030517578,9824200
2001-07-02,79.03501892089844,124.12999725341795,124.31999969482422,122.62000274658205,122.8000030517578,8522200
2001-07-03,79.01590728759766,124.0999984741211,124.0999984741211,123.0500030517578,123.9800033569336,3303100
2001-07-05,77.47505950927734,121.68000030517578,123.6500015258789,121.66000366210938,123.06999969482422,5517900
2001-07-06,75.80050659179688,119.0500030517578,121.48999786376952,119.0500030517578,121.30999755859376,11665900
2001-07-09,76.21437072753906,119.6999969482422,120.54000091552734,119.1999969482422,119.48999786376952,8339300
2001-07-10,75.29752349853516,118.26000213623048,120.63999938964844,118.20999908447266,120.29000091552734,8630700
2001-07-11,75.37388610839844,118.37999725341795,118.88999938964844,117.08999633789062,118.0999984741211,15328600
2001-07-12,77.16309356689453,121.19000244140624,121.47000122070312,119.30999755859376,119.5,12002800
2001-07-13,77.83163452148438,122.23999786376952,122.31999969482422,120.62000274658205,120.83999633789062,10433800
2001-07-16,76.85742950439453,120.70999908447266,122.27999877929688,120.29000091552734,121.7699966430664,6915300
2001-07-17,77.57697296142578,121.83999633789062,121.9499969482422,119.83000183105467,120.1999969482422,7469800
2001-07-18,77.04849243164062,121.01000213623048,121.63999938964844,120.05999755859376,120.55999755859376,7709300
2001-07-19,77.7233657836914,122.06999969482422,122.9800033569336,120.76000213623048,122.18000030517578,10082900
2001-07-20,77.2585678100586,121.33999633789062,121.94000244140624,120.91999816894533,121.1500015258789,6705800
2001-07-23,75.7368392944336,118.9499969482422,121.87999725341795,118.9499969482422,121.8000030517578,8065200
2001-07-24,75.00460815429688,117.8000030517578,119.1999969482422,116.75,119.0,12269000
2001-07-25,75.83238220214844,119.0999984741211,119.4800033569336,117.45999908447266,117.91999816894533,12088500
2001-07-26,76.62825775146484,120.3499984741211,120.8499984741211,118.55999755859376,119.05999755859376,12898200
2001-07-27,76.92112731933594,120.80999755859376,121.3499984741211,119.91000366210938,120.83000183105467,8478800
2001-07-30,76.9465560913086,120.8499984741211,121.3499984741211,120.3000030517578,121.19000244140624,8547700
2001-07-31,77.26493835449219,121.3499984741211,122.68000030517578,120.8000030517578,121.0,11918100
2001-08-01,77.74885559082031,122.11000061035156,122.6999969482422,121.5500030517578,121.97000122070312,11940800
2001-08-02,78.06722259521484,122.61000061035156,123.25,121.88999938964844,123.2300033569336,11070100
2001-08-03,77.64061737060547,121.94000244140624,122.36000061035156,120.9000015258789,122.36000061035156,10816300
2001-08-06,76.59638977050781,120.3000030517578,121.51000213623048,120.0999984741211,121.3499984741211,8550100
2001-08-07,76.89566040039062,120.7699966430664,121.1999969482422,119.91000366210938,120.2699966430664,8865100
2001-08-08,75.46944427490234,118.52999877929688,121.16000366210938,118.43000030517578,120.12000274658205,15183800
2001-08-09,75.69229888916016,118.87999725341795,118.97000122070312,117.86000061035156,118.6999969482422,14118500
2001-08-10,75.95333862304688,119.29000091552734,119.83999633789062,117.33999633789062,118.8000030517578,11173300
2001-08-13,75.972412109375,119.31999969482422,119.8499984741211,118.80999755859376,119.5999984741211,7431600
2001-08-14,75.94062042236328,119.2699966430664,120.3499984741211,118.8000030517578,120.13999938964844,13178100
2001-08-15,75.28480529785156,118.23999786376952,119.61000061035156,118.08000183105467,119.2300033569336,8520600
2001-08-16,75.54584503173828,118.6500015258789,118.75,117.0,117.8000030517578,10734700
2001-08-17,74.33609771728516,116.75,117.87000274658205,116.01000213623048,117.6500015258789,11604600
2001-08-20,75.02373504638672,117.83000183105467,117.9000015258789,116.5500030517578,116.8000030517578,10417400
2001-08-21,73.74393463134766,115.81999969482422,118.54000091552734,115.8000030517578,117.8000030517578,14480800
2001-08-22,74.50797271728516,117.0199966430664,117.43000030517578,115.77999877929688,116.75,11752300
2001-08-23,74.2405776977539,116.5999984741211,117.5199966430664,116.48999786376952,116.95999908447266,8744100
2001-08-24,75.7813949584961,119.0199966430664,119.12999725341795,116.73999786376952,117.20999908447266,11687700
2001-08-27,75.329345703125,118.30999755859376,119.1999969482422,118.26000213623048,118.97000122070312,7425100
2001-08-28,74.22783660888672,116.58000183105467,118.48999786376952,116.58000183105467,118.27999877929688,12046600
2001-08-29,73.56566619873047,115.54000091552734,117.18000030517578,115.16999816894533,117.12999725341795,16180000
2001-08-30,72.15216827392578,113.31999969482422,115.73999786376952,112.04000091552734,114.8499984741211,17692600
2001-08-31,72.68064880371094,114.1500015258789,114.7699966430664,113.12999725341795,113.4000015258789,15985400
2001-09-04,72.2157974243164,113.41999816894533,116.16999816894533,113.37000274658205,113.8499984741211,24473400
2001-09-05,72.39407348632812,113.6999969482422,114.19000244140624,111.9499969482422,113.6999969482422,21477100
2001-09-06,70.52854919433594,110.7699966430664,113.3000030517578,110.7699966430664,112.6500015258789,21653000
2001-09-07,69.2232894897461,108.72000122070312,111.25,108.62999725341795,110.0199966430664,33133900
2001-09-10,70.07009887695312,110.0500030517578,110.3499984741211,107.6999969482422,107.6999969482422,23408700
2001-09-17,66.40902709960938,104.3000030517578,106.4000015258789,100.0,101.0,32388700
2001-09-18,66.2498550415039,104.0500030517578,105.3000030517578,103.36000061035156,104.33000183105467,22029200
2001-09-19,64.91272735595703,101.9499969482422,104.5,98.55999755859376,104.0999984741211,42771800
2001-09-20,62.849796295166016,98.70999908447266,101.80999755859376,98.55999755859376,100.4000015258789,36210900
2001-09-21,62.171722412109375,97.27999877929688,98.98999786376952,93.8000030517578,94.27999877929688,49782100
2001-09-24,64.35742950439453,100.6999969482422,101.16000366210938,99.05999755859376,99.72000122070312,25549600
2001-09-25,65.02848052978516,101.75,102.0,99.9000015258789,100.75,25466200
2001-09-26,64.79841613769531,101.38999938964844,102.4000015258789,100.43000030517578,102.3499984741211,18587500
2001-09-27,65.36083984375,102.2699966430664,102.29000091552734,100.0,101.25,20536800
2001-09-28,66.7476806640625,104.44000244140624,109.62000274658205,102.5,102.9800033569336,21687200
2001-10-01,66.63902282714844,104.2699966430664,104.31999969482422,102.83000183105467,103.9000015258789,20457400
2001-10-02,67.47625732421875,105.58000183105467,105.58000183105467,103.6500015258789,104.0,19833100
2001-10-03,68.60746002197266,107.3499984741211,107.87999725341795,104.3499984741211,104.5999984741211,32045800
2001-10-04,68.66495513916016,107.44000244140624,108.97000122070312,106.75,108.29000091552734,32674100
2001-10-05,68.53074645996094,107.2300033569336,107.62000274658205,105.5199966430664,107.25,29796100
2001-10-08,68.08338928222656,106.52999877929688,107.3000030517578,105.87000274658205,106.2699966430664,12970300
2001-10-09,67.71910858154297,105.95999908447266,106.75,105.5999984741211,106.61000061035156,15976300
2001-10-10,69.22734832763672,108.31999969482422,108.5500030517578,105.5199966430664,105.8000030517578,19987400
2001-10-11,70.30106353759766,110.0,110.3000030517578,108.9499969482422,108.9499969482422,23006300
2001-10-12,69.98152923583984,109.5,109.88999938964844,107.3000030517578,109.1500015258789,31360500
2001-10-15,69.85370635986328,109.3000030517578,109.4499969482422,108.05999755859376,108.62999725341795,16873000
2001-10-16,70.29466247558594,109.98999786376952,110.61000061035156,108.9499969482422,109.8000030517578,15877100
2001-10-17,68.79918670654297,107.6500015258789,111.1500015258789,107.6500015258789,111.06999969482422,28542300
2001-10-18,68.65218353271484,107.41999816894533,108.16000366210938,106.75,107.81999969482422,16510000
2001-10-19,68.60746002197266,107.3499984741211,107.91000366210938,106.01000213623048,107.0,21912500
2001-10-22,69.96234893798828,109.47000122070312,109.56999969482422,107.20999908447266,107.3000030517578,17540600
2001-10-23,69.60444641113281,108.91000366210938,110.27999877929688,108.37999725341795,109.95999908447266,22062500
2001-10-24,69.41912078857422,108.62000274658205,109.4499969482422,108.22000122070312,108.9800033569336,16065200
2001-10-25,70.6653823852539,110.56999969482422,110.5999984741211,106.73999786376952,107.4499969482422,27467900
2001-10-26,70.50560760498047,110.31999969482422,111.79000091552734,109.66999816894533,109.9499969482422,18623300
2001-10-29,68.67138671875,107.4499969482422,110.5500030517578,107.4499969482422,110.16000366210938,18727500
2001-10-30,67.84693145751953,106.16000366210938,107.6999969482422,105.55999755859376,107.3499984741211,26178600
2001-10-31,67.61688995361328,105.8000030517578,107.86000061035156,105.8000030517578,106.9000015258789,28124200
2001-11-01,69.34879302978516,108.51000213623048,109.01000213623048,105.6999969482422,106.5999984741211,29806800
2001-11-02,69.82174682617188,109.25,109.37999725341795,107.87000274658205,108.44000244140624,17575900
2001-11-05,70.73565673828125,110.68000030517578,111.08999633789062,109.9499969482422,110.12000274658205,15929500
2001-11-06,71.83492279052734,112.4000015258789,112.4800033569336,109.8499984741211,110.3499984741211,23245800
2001-11-07,71.73905944824219,112.25,113.12000274658205,111.63999938964844,111.7699966430664,19716000
2001-11-08,71.96273803710938,112.5999984741211,114.08000183105467,111.9000015258789,112.87000274658205,22563500
2001-11-09,72.03942108154297,112.72000122070312,112.95999908447266,111.44000244140624,112.25,15895800
2001-11-12,71.59844970703125,112.02999877929688,112.6500015258789,110.0,111.0,26068800
2001-11-13,73.20899963378906,114.5500030517578,114.5500030517578,113.18000030517578,113.44000244140624,15296200
2001-11-14,73.27926635742188,114.66000366210938,115.4000015258789,113.70999908447266,115.16999816894533,17571300
2001-11-15,73.41348266601562,114.87000274658205,115.18000030517578,113.93000030517578,114.37000274658205,19470200
2001-11-16,73.0875473022461,114.36000061035156,115.0999984741211,113.4000015258789,115.08000183105467,18134900
2001-11-19,73.98870086669922,115.7699966430664,115.8499984741211,114.4499969482422,114.91999816894533,13625400
2001-11-20,73.36873626708984,114.8000030517578,115.8000030517578,114.63999938964844,115.37000274658205,16209700
2001-11-21,72.883056640625,114.04000091552734,114.66999816894533,113.51000213623048,114.5,11470200
2001-11-23,73.93116760253906,115.68000030517578,115.75,114.0,114.04000091552734,6717100
2001-11-26,74.09092712402344,115.93000030517578,116.33999633789062,115.06999969482422,115.75,13726000
2001-11-27,73.7713851928711,115.43000030517578,116.9000015258789,114.08999633789062,115.62000274658205,19261400
2001-11-28,72.4356918334961,113.33999633789062,115.16999816894533,113.25,114.73999786376952,20195500
2001-11-29,73.41348266601562,114.87000274658205,114.91999816894533,113.0,113.66000366210938,16354700
2001-11-30,72.88944244384766,114.0500030517578,114.91000366210938,114.0199966430664,114.4000015258789,13680300
2001-12-03,72.45486450195312,113.37000274658205,114.08000183105467,113.01000213623048,113.6500015258789,15220400
2001-12-04,73.68190002441406,115.29000091552734,115.3000030517578,113.3499984741211,113.91999816894533,17239900
2001-12-05,75.0304183959961,117.4000015258789,118.0,115.55999755859376,115.61000061035156,25204000
2001-12-06,74.9920425415039,117.33999633789062,117.94000244140624,116.93000030517578,117.33999633789062,17972900
2001-12-07,74.49356079101562,116.55999755859376,117.08999633789062,115.6999969482422,116.9000015258789,18857800
2001-12-10,73.10031127929688,114.37999725341795,116.38999938964844,114.3499984741211,115.8499984741211,13862700
2001-12-11,72.9533462524414,114.1500015258789,115.72000122070312,113.9000015258789,114.9000015258789,20833300
2001-12-12,73.03638458251953,114.27999877929688,114.77999877929688,113.11000061035156,114.5500030517578,16171500
2001-12-13,71.61762237548828,112.05999755859376,113.6999969482422,112.04000091552734,113.4499969482422,19026700
2001-12-14,72.30146026611328,113.12999725341795,113.48999786376952,112.0,112.33000183105467,16721900
2001-12-17,73.04920196533203,114.3000030517578,114.36000061035156,112.9000015258789,112.98999786376952,13925900
2001-12-18,73.48379516601562,114.9800033569336,115.1500015258789,114.33999633789062,114.62999725341795,13663700
2001-12-19,74.00147247314453,115.79000091552734,115.91999816894533,114.0,114.08999633789062,20143400
2001-12-20,73.27290344238281,114.6500015258789,115.8000030517578,114.5500030517578,115.5,14867900
2001-12-21,73.71733093261719,114.9499969482422,115.06999969482422,114.1999969482422,115.02999877929688,14037700
2001-12-24,73.5761947631836,114.7300033569336,115.04000091552734,114.61000061035156,114.83000183105467,5728800
2001-12-26,73.98021697998047,115.36000061035156,116.20999908447266,114.6500015258789,114.6500015258789,10304800
2001-12-27,74.42914581298828,116.05999755859376,116.08000183105467,115.25,115.3000030517578,9407300
2001-12-28,74.39067840576172,116.0,116.75,115.91999816894533,116.29000091552734,10593800
2001-12-31,73.30047607421875,114.3000030517578,116.38999938964844,114.2300033569336,116.1500015258789,14619500
2002-01-02,74.08927154541016,115.52999877929688,115.75,113.80999755859376,115.11000061035156,18651900
2002-01-03,74.92935180664062,116.83999633789062,116.9499969482422,115.54000091552734,115.6500015258789,15743000
2002-01-04,75.42958068847656,117.62000274658205,117.9800033569336,116.5500030517578,117.16999816894533,20140700
2002-01-07,74.89728546142578,116.79000091552734,117.98999786376952,116.55999755859376,117.6999969482422,13106500
2002-01-08,74.72415161132812,116.5199966430664,117.05999755859376,115.97000122070312,116.79000091552734,12683700
2002-01-09,74.11492919921875,115.56999969482422,117.77999877929688,115.33999633789062,116.68000030517578,16610300
2002-01-10,74.44197845458984,116.08000183105467,116.3499984741211,115.3000030517578,115.69000244140624,12823400
2002-01-11,73.71089935302734,114.94000244140624,116.27999877929688,114.6999969482422,116.20999908447266,13708400
2002-01-14,73.2491683959961,114.22000122070312,114.83999633789062,113.95999908447266,114.6500015258789,12301100
2002-01-15,73.84556579589844,115.1500015258789,115.38999938964844,113.9000015258789,114.5500030517578,20219900
2002-01-16,72.35134887695312,112.81999969482422,114.4000015258789,112.69000244140624,114.3000030517578,17067000
2002-01-17,72.89643859863281,113.66999816894533,114.23999786376952,113.4000015258789,113.76000213623048,17283400
2002-01-18,72.56299591064453,113.1500015258789,113.8499984741211,112.66999816894533,113.0,17028000
2002-01-22,72.06278228759766,112.37000274658205,113.93000030517578,112.0199966430664,113.75,11689300
2002-01-23,72.61427307128906,113.2300033569336,113.5500030517578,112.0199966430664,112.62999725341795,12438900
2002-01-24,72.8387451171875,113.58000183105467,114.25,113.31999969482422,113.63999938964844,12142800
2002-01-25,72.81951141357422,113.5500030517578,114.18000030517578,113.04000091552734,113.12000274658205,12810700
2002-01-28,73.0183334350586,113.86000061035156,114.19000244140624,112.91999816894533,113.9000015258789,10589200
2002-01-29,70.72244262695312,110.27999877929688,114.12999725341795,110.0500030517578,113.8499984741211,27720800
2002-01-30,71.74211120605469,111.87000274658205,113.38999938964844,108.4000015258789,110.38999938964844,34711800
2002-01-31,72.58222961425781,113.18000030517578,113.3000030517578,111.62000274658205,112.1500015258789,19909200
2002-02-01,72.24231719970703,112.6500015258789,113.3000030517578,112.16999816894533,113.08999633789062,15838500
2002-02-04,70.44668579101562,109.8499984741211,112.2300033569336,109.44000244140624,112.2300033569336,24243400
2002-02-05,70.0106201171875,109.16999816894533,110.48999786376952,108.52999877929688,109.4000015258789,33614000
2002-02-06,69.70917510986328,108.6999969482422,109.73999786376952,108.05999755859376,109.6500015258789,29486000
2002-02-07,69.2730941772461,108.0199966430664,109.86000061035156,108.0,108.72000122070312,23445400
2002-02-08,70.6006088256836,110.08999633789062,110.75,108.3000030517578,108.62999725341795,19277800
2002-02-11,71.46633911132812,111.44000244140624,111.63999938964844,109.81999969482422,110.0500030517578,18792400
2002-02-12,71.24188995361328,111.08999633789062,111.70999908447266,110.02999877929688,110.95999908447266,13942500
2002-02-13,71.9986343383789,112.2699966430664,112.54000091552734,111.3499984741211,111.4800033569336,16781100
2002-02-14,71.86395263671875,112.05999755859376,112.97000122070312,111.58999633789062,112.51000213623048,20453800
2002-02-15,71.11361694335938,110.88999938964844,112.23999786376952,110.70999908447266,112.1500015258789,18366800
2002-02-19,69.74767303466797,108.76000213623048,110.29000091552734,108.61000061035156,110.1500015258789,15988100
2002-02-20,70.92125701904297,110.58999633789062,110.58999633789062,107.81999969482422,109.0500030517578,29242800
2002-02-21,69.45270538330078,108.3000030517578,110.62999725341795,108.26000213623048,109.93000030517578,26288600
2002-02-22,70.31200408935547,109.63999938964844,109.94000244140624,107.87000274658205,108.3499984741211,26572900
2002-02-25,71.47274017333984,111.4499969482422,111.80999755859376,109.6999969482422,109.73999786376952,17458700
2002-02-26,71.32527160644531,111.22000122070312,112.04000091552734,110.56999969482422,111.5999984741211,22346500
2002-02-27,71.60104370117188,111.6500015258789,112.86000061035156,110.6500015258789,111.95999908447266,28597900
2002-02-28,71.28035736083984,111.1500015258789,112.75,111.02999877929688,111.83000183105467,23755400
2002-03-01,72.94132995605469,113.73999786376952,113.8499984741211,111.51000213623048,111.72000122070312,26273600
2002-03-04,74.23037719726562,115.75,115.98999786376952,113.6500015258789,113.9000015258789,27184600
2002-03-05,73.99307250976562,115.37999725341795,116.4000015258789,114.97000122070312,115.33000183105467,22718900
2002-03-06,74.87165832519531,116.75,117.1500015258789,115.06999969482422,115.0999984741211,20143200
2002-03-07,74.7113265991211,116.5,117.5,115.56999969482422,117.36000061035156,19330800
2002-03-08,75.02554321289062,116.98999786376952,117.9000015258789,116.4800033569336,117.37999725341795,19930100
2002-03-11,75.18585968017578,117.23999786376952,117.9000015258789,116.43000030517578,116.88999938964844,15621800
2002-03-12,75.1409912109375,117.16999816894533,117.25,115.94000244140624,116.0999984741211,17153600
2002-03-13,74.41632080078125,116.04000091552734,116.75,115.63999938964844,116.62999725341795,17175300
2002-03-14,74.31372833251953,115.87999725341795,116.43000030517578,115.62999725341795,116.04000091552734,11168100
2002-03-15,75.02176666259766,116.6500015258789,116.9499969482422,115.9000015258789,115.97000122070312,21220100
2002-03-18,75.03466796875,116.66999816894533,117.55999755859376,116.0999984741211,117.0999984741211,17548900
2002-03-19,75.53630828857422,117.4499969482422,117.73999786376952,116.81999969482422,117.3000030517578,17912000
2002-03-20,74.11497497558594,115.23999786376952,116.58000183105467,115.19000244140624,116.5,17114500
2002-03-21,74.14714050292969,115.29000091552734,115.9000015258789,114.12000274658205,115.3000030517578,25846800
2002-03-22,73.98636627197266,115.04000091552734,115.94000244140624,114.6999969482422,115.5,15235400
2002-03-25,73.06668090820312,113.61000061035156,115.36000061035156,113.3000030517578,115.08999633789062,17499600
2002-03-26,73.49117279052734,114.2699966430664,115.0199966430664,113.47000122070312,113.5199966430664,19947600
2002-03-27,73.68407440185547,114.56999969482422,115.01000213623048,113.76000213623048,114.02999877929688,19020300
2002-03-28,73.6519546508789,114.5199966430664,115.7699966430664,114.5,114.97000122070312,17532900
2002-04-01,73.68407440185547,114.56999969482422,115.0999984741211,113.5,114.2300033569336,17711000
2002-04-02,73.27892303466797,113.94000244140624,114.9499969482422,113.7699966430664,113.9800033569336,15669500
2002-04-03,72.76439666748047,113.13999938964844,114.20999908447266,112.16000366210938,114.01000213623048,25658500
2002-04-04,72.46211242675781,112.66999816894533,113.4000015258789,112.2300033569336,112.5999984741211,23549000
2002-04-05,72.4749984741211,112.69000244140624,113.62999725341795,112.18000030517578,113.19000244140624,19404900
2002-04-08,72.62935638427734,112.93000030517578,113.02999877929688,111.2300033569336,111.31999969482422,16470100
2002-04-09,72.12125396728516,112.13999938964844,113.18000030517578,111.93000030517578,113.18000030517578,15122700
2002-04-10,72.93805694580078,113.41000366210938,113.54000091552734,112.08999633789062,112.0999984741211,17199300
2002-04-11,71.12439727783203,110.58999633789062,113.0500030517578,110.5,112.88999938964844,25453700
2002-04-12,71.65821075439453,111.41999816894533,111.6500015258789,110.04000091552734,111.0199966430664,14950600
2002-04-15,71.111572265625,110.56999969482422,111.86000061035156,110.1999969482422,111.62000274658205,17394900
2002-04-16,72.80297088623047,113.1999969482422,113.31999969482422,111.66999816894533,111.6999969482422,15040900
2002-04-17,72.64866638183594,112.95999908447266,113.66999816894533,112.5999984741211,113.38999938964844,12920100
2002-04-18,72.33352661132812,112.47000122070312,113.45999908447266,111.1500015258789,112.9000015258789,25204800
2002-04-19,72.59716796875,112.87999725341795,113.23999786376952,112.55999755859376,113.1999969482422,10499200
2002-04-22,71.38809204101562,111.0,112.43000030517578,110.83999633789062,112.37999725341795,13922900
2002-04-23,71.07938385009766,110.5199966430664,111.4800033569336,110.16999816894533,111.08999633789062,16967000
2002-04-24,70.3655014038086,109.41000366210938,111.80999755859376,109.4000015258789,110.55999755859376,18902700
2002-04-25,70.40410614013672,109.47000122070312,109.73999786376952,108.72000122070312,109.20999908447266,25451500
2002-04-26,69.0663833618164,107.38999938964844,110.01000213623048,107.29000091552734,109.79000091552734,19769800
2002-04-29,68.72549438476562,106.86000061035156,108.26000213623048,106.62999725341795,107.93000030517578,17724400
2002-04-30,69.36863708496094,107.86000061035156,108.63999938964844,106.63999938964844,107.0199966430664,19473500
2002-05-01,70.21755981445312,109.18000030517578,109.25,106.8000030517578,107.97000122070312,24575600
2002-05-02,69.94747161865234,108.76000213623048,109.91000366210938,107.77999877929688,109.0999984741211,15666800
2002-05-03,69.18860626220703,107.58000183105467,108.76000213623048,107.1999969482422,108.5999984741211,18185500
2002-05-06,67.83158111572266,105.47000122070312,107.98999786376952,105.30999755859376,107.63999938964844,23630400
2002-05-07,67.59358215332031,105.0999984741211,106.31999969482422,104.9000015258789,106.0999984741211,21910000
2002-05-08,70.1082534790039,109.01000213623048,109.36000061035156,106.79000091552734,107.0500030517578,27917400
2002-05-09,69.29791259765625,107.75,109.0999984741211,107.58000183105467,108.6500015258789,18085600
2002-05-10,67.99235534667969,105.72000122070312,108.0500030517578,105.5999984741211,107.97000122070312,18958900
2002-05-13,69.37507629394531,107.87000274658205,107.9499969482422,105.79000091552734,106.22000122070312,14677700
2002-05-14,70.88645935058594,110.22000122070312,110.37000274658205,109.0,109.62000274658205,34201200
2002-05-15,70.60990142822266,109.79000091552734,110.91000366210938,109.29000091552734,109.5,29535300
2002-05-16,70.97650146484375,110.36000061035156,110.4800033569336,109.33000183105467,109.6999969482422,28092000
2002-05-17,71.32376861572266,110.9000015258789,111.25,110.0999984741211,110.66000366210938,27823700
2002-05-20,70.5520248413086,109.6999969482422,110.69000244140624,109.48999786376952,110.63999938964844,13833800
2002-05-21,69.90888977050781,108.6999969482422,110.4800033569336,108.31999969482422,110.11000061035156,16877200
2002-05-22,70.063232421875,108.94000244140624,109.12000274658205,108.0,108.22000122070312,15844200
2002-05-23,70.80924987792969,110.0999984741211,110.36000061035156,108.4800033569336,109.26000213623048,13879800
2002-05-24,69.90245819091797,108.69000244140624,110.1999969482422,108.61000061035156,109.9800033569336,11877000
2002-05-28,69.52299499511719,108.0999984741211,109.12999725341795,107.4499969482422,109.0500030517578,24236900
2002-05-29,69.00848388671875,107.3000030517578,108.0199966430664,107.12999725341795,107.62000274658205,14773300
2002-05-30,68.81554412841797,107.0,107.51000213623048,105.9000015258789,106.5500030517578,18217900
2002-05-31,68.95704650878906,107.22000122070312,108.55999755859376,106.8499984741211,107.4000015258789,19826300
2002-06-03,67.12409973144531,104.37000274658205,107.5999984741211,104.12999725341795,107.08999633789062,26056300
2002-06-04,67.29130554199219,104.62999725341795,105.1999969482422,103.5500030517578,104.1500015258789,25856200
2002-06-05,67.9216079711914,105.61000061035156,105.66999816894533,104.3499984741211,104.9499969482422,19695900
2002-06-06,66.53882598876953,103.45999908447266,105.5999984741211,103.1500015258789,105.54000091552734,22998500
2002-06-07,66.46167755126953,103.33999633789062,103.91999816894533,101.72000122070312,101.77999877929688,24011600
2002-06-10,66.71891784667969,103.73999786376952,104.45999908447266,103.0199966430664,103.23999786376952,18759900
2002-06-11,65.57415008544922,101.95999908447266,104.54000091552734,101.7300033569336,104.12999725341795,19990700
2002-06-12,65.97291564941406,102.58000183105467,102.80999755859376,100.77999877929688,101.70999908447266,31266000
2002-06-13,65.31046295166016,101.5500030517578,103.0,101.33999633789062,102.12999725341795,21043900
2002-06-14,65.2140121459961,101.4000015258789,101.55999755859376,98.5,100.30999755859376,39267500
2002-06-17,66.96331787109375,104.12000274658205,104.33999633789062,101.8499984741211,101.91999816894533,17647200
2002-06-18,67.50994873046875,104.97000122070312,105.02999877929688,103.62999725341795,103.73999786376952,21628500
2002-06-19,65.93431091308594,102.5199966430664,104.43000030517578,102.23999786376952,103.5,21540700
2002-06-20,65.091796875,101.20999908447266,103.0500030517578,100.95999908447266,102.26000213623048,25691000
2002-06-21,64.0739974975586,99.27999877929688,100.93000030517578,98.68000030517578,100.47000122070312,31190700
2002-06-24,64.40966033935547,99.8000030517578,100.69000244140624,97.25,98.61000061035156,37169700
2002-06-25,62.963958740234375,97.55999755859376,100.88999938964844,97.54000091552734,100.3000030517578,33355000
2002-06-26,63.067230224609375,97.72000122070312,98.1500015258789,95.19000244140624,95.1999969482422,37913600
2002-06-27,64.17080688476562,99.43000030517578,99.48999786376952,96.56999969482422,98.5,31616400
2002-06-28,63.86747360229492,98.95999908447266,100.5,98.87999725341795,99.23999786376952,28184200
2002-07-01,62.62190628051758,97.02999877929688,99.8000030517578,96.88999938964844,99.18000030517578,20270200
2002-07-02,61.29241561889648,94.97000122070312,97.1999969482422,94.7699966430664,96.86000061035156,34213900
2002-07-03,61.64091491699219,95.51000213623048,95.83999633789062,93.72000122070312,94.62000274658205,30565800
2002-07-05,64.09336853027344,99.30999755859376,99.52999877929688,96.66000366210938,96.77999877929688,19013500
2002-07-08,63.29309844970703,98.06999969482422,99.6999969482422,97.55999755859376,98.9800033569336,19118600
2002-07-09,61.69898986816406,95.5999984741211,98.33999633789062,95.01000213623048,97.7300033569336,28620400
2002-07-10,59.45305252075195,92.12000274658205,96.06999969482422,92.04000091552734,96.0,50522500
2002-07-11,59.93707656860352,92.87000274658205,93.3499984741211,90.31999969482422,91.76000213623048,59476500
2002-07-12,59.27882766723633,91.8499984741211,93.88999938964844,91.5199966430664,93.33000183105467,39018600
2002-07-15,59.59503555297852,92.33999633789062,92.4000015258789,87.88999938964844,91.63999938964844,77317200
2002-07-16,58.44625473022461,90.55999755859376,92.37999725341795,89.87000274658203,91.12000274658205,53282400
2002-07-17,58.56240463256836,90.73999786376952,93.3000030517578,89.75,92.45999908447266,48880600
2002-07-18,56.66495513916016,87.80000305175781,91.0999984741211,87.75,90.6999969482422,32656700
2002-07-19,54.67072677612305,84.70999908447266,87.55000305175781,84.30000305175781,86.76000213623047,77572600
2002-07-22,53.050819396972656,82.19999694824219,85.91000366210938,81.44999694824219,84.0999984741211,78134000
2002-07-23,51.59867858886719,79.94999694824219,83.23999786376953,79.75,82.55000305175781,74484100
2002-07-24,54.67720413208008,84.72000122070312,85.12000274658203,77.68000030517578,78.12999725341797,107022800
2002-07-25,54.21250534057617,84.0,85.8499984741211,81.5999984741211,84.2699966430664,87176600
2002-07-26,55.24513244628906,85.5999984741211,85.93000030517578,83.80000305175781,84.6500015258789,41206800
2002-07-29,57.93638610839844,89.7699966430664,90.33999633789062,87.30000305175781,87.5,53492900
2002-07-30,58.69149398803711,90.94000244140624,91.4000015258789,88.72000122070312,89.31999969482422,47532200
2002-07-31,58.83344268798828,91.16000366210938,91.5500030517578,89.25,90.48999786376952,44669900
2002-08-01,57.29747772216797,88.77999877929688,91.3499984741211,88.33000183105469,90.87999725341795,66571900
2002-08-02,56.01313781738281,86.79000091552734,88.91000366210938,85.62000274658203,88.5,51772900
2002-08-05,54.064056396484375,83.7699966430664,86.93000030517578,83.55000305175781,86.48999786376953,47191300
2002-08-06,55.88405227661133,86.58999633789062,87.9000015258789,85.11000061035156,85.2300033569336,64730000
2002-08-07,56.858585357666016,88.0999984741211,88.5,85.7699966430664,87.87000274658203,43289400
2002-08-08,58.69797134399414,90.9499969482422,91.0999984741211,87.80000305175781,88.41999816894531,48339800
2002-08-09,58.91736602783203,91.29000091552734,91.94000244140624,89.3499984741211,90.0999984741211,41879200
2002-08-12,58.48492431640625,90.62000274658205,91.2699966430664,89.55000305175781,89.98999786376953,25841700
2002-08-13,57.42007446289063,88.97000122070312,91.66000366210938,88.6500015258789,90.1500015258789,49690500
2002-08-14,59.51758193969727,92.22000122070312,92.62999725341795,88.0199966430664,89.0199966430664,57423600
2002-08-15,60.34369659423828,93.5,93.98999786376952,92.1999969482422,92.83999633789062,45551500
2002-08-16,60.16298675537109,93.22000122070312,94.08000183105467,92.0,92.81999969482422,36517300
2002-08-19,61.56988906860352,95.4000015258789,95.75,93.0999984741211,93.45999908447266,33669900
2002-08-20,60.9180908203125,94.38999938964844,95.4000015258789,93.62000274658205,94.81999969482422,30508300
2002-08-21,61.795806884765625,95.75,95.77999877929688,93.56999969482422,95.05999755859376,39628900
2002-08-22,62.39601135253906,96.68000030517578,97.1500015258789,95.06999969482422,95.48999786376952,38399800
2002-08-23,61.05363845825195,94.5999984741211,96.1500015258789,94.1500015258789,96.01000213623048,33716400
2002-08-26,61.47955322265625,95.26000213623048,95.63999938964844,93.5,94.91000366210938,33830100
2002-08-27,60.76963806152344,94.16000366210938,96.25,93.5,95.6999969482422,35335700
2002-08-28,59.44014739990234,92.0999984741211,93.48999786376952,91.8000030517578,93.27999877929688,38970600
2002-08-29,59.46592330932617,92.13999938964844,93.0500030517578,90.80999755859376,91.2699966430664,42965700
2002-08-30,59.23359680175781,91.77999877929688,93.38999938964844,91.4000015258789,91.68000030517578,30366700
2002-09-03,56.97476577758789,88.27999877929688,91.0,88.1500015258789,90.7300033569336,76586400
2002-09-04,57.787967681884766,89.54000091552734,90.25,88.05999755859375,88.61000061035156,51099500
2002-09-05,57.29747772216797,88.77999877929688,89.43000030517578,87.5,88.48999786376953,67250900
2002-09-06,58.0848503112793,90.0,90.56999969482422,89.33999633789062,89.75,38622200
2002-09-09,58.51078414916992,90.66000366210938,91.3499984741211,88.80000305175781,89.0999984741211,33998400
2002-09-10,59.18196868896485,91.6999969482422,91.77999877929688,90.55999755859376,91.13999938964844,41416600
2002-09-11,58.81410217285156,91.12999725341795,93.33000183105467,91.0999984741211,92.47000122070312,27711200
2002-09-12,57.72985458374024,89.44999694824219,90.83999633789062,88.98999786376953,90.75,43601700
2002-09-13,57.871829986572266,89.66999816894531,89.9000015258789,88.25,88.69000244140625,41131000
2002-09-16,58.01383972167969,89.88999938964844,89.88999938964844,88.45999908447266,89.30999755859375,28167600
2002-09-17,56.68435287475586,87.83000183105469,91.19000244140624,87.75,90.88999938964844,47609700
2002-09-18,56.11640548706055,86.94999694824219,88.5,86.27999877929688,87.01000213623047,54719400
2002-09-19,54.66427993774414,84.69999694824219,86.80000305175781,84.69999694824219,85.98999786376953,48510500
2002-09-20,54.68244171142578,84.3499984741211,85.19999694824219,84.05000305175781,84.91999816894531,46325600
2002-09-23,54.23512268066406,83.66000366210938,84.05999755859375,82.69000244140625,83.6500015258789,46893800
2002-09-24,53.35997772216797,82.30999755859375,83.6500015258789,81.8499984741211,82.44000244140625,69507000
2002-09-25,54.68244171142578,84.3499984741211,84.7699966430664,82.04000091552734,83.37000274658203,59294400
2002-09-26,55.577056884765625,85.7300033569336,85.97000122070312,84.44999694824219,85.0199966430664,53638000
2002-09-27,53.64518356323242,82.75,85.62999725341797,82.75,85.0,64648300
2002-09-30,53.02285003662109,81.79000091552734,82.80000305175781,80.9000015258789,82.0,73096400
2002-10-01,55.57057189941406,85.72000122070312,85.7699966430664,81.47000122070312,82.43000030517578,67198100
2002-10-02,53.90447616577149,83.1500015258789,85.52999877929688,82.5999984741211,84.69000244140625,56749100
2002-10-03,53.35997772216797,82.30999755859375,84.5999984741211,81.94999694824219,83.13999938964844,55547000
2002-10-04,52.38102340698242,80.80000305175781,82.91999816894531,79.58000183105469,82.80000305175781,68483700
2002-10-07,51.298439025878906,79.12999725341797,81.19999694824219,78.55000305175781,80.05999755859375,53188000
2002-10-08,52.10227966308594,80.37000274658203,81.30999755859375,78.19999694824219,79.80999755859375,79531000
2002-10-09,50.630672454833984,78.0999984741211,79.69999694824219,77.77999877929688,79.08999633789062,79956400
2002-10-10,52.270809173583984,80.62999725341797,81.06999969482422,77.06999969482422,77.94000244140625,76749000
2002-10-11,54.55924987792969,84.16000366210938,84.7300033569336,81.81999969482422,82.0999984741211,82308300
2002-10-14,54.86397552490234,84.62999725341797,84.8499984741211,83.04000091552734,83.19999694824219,40631900
2002-10-15,57.50244522094727,88.69999694824219,88.72000122070312,86.8499984741211,86.98999786376953,82320300
2002-10-16,56.10863876342773,86.55000305175781,87.80000305175781,85.91999816894531,87.41000366210938,62977800
2002-10-17,57.22368240356445,88.2699966430664,89.30000305175781,87.8499984741211,88.87000274658203,68534100
2002-10-18,57.46355056762695,88.63999938964844,89.11000061035156,86.93000030517578,87.6500015258789,47448700
2002-10-21,58.45541763305664,90.16999816894533,90.5,87.56999969482422,88.12000274658203,45859100
2002-10-22,58.03403854370117,89.5199966430664,90.01000213623047,88.5199966430664,89.05000305175781,40966800
2002-10-23,58.4748649597168,90.1999969482422,90.2699966430664,87.68000030517578,88.7699966430664,54905800
2002-10-24,57.282020568847656,88.36000061035156,90.9000015258789,88.0999984741211,90.75,54987400
2002-10-25,58.4748649597168,90.1999969482422,90.38999938964844,87.94000244140625,88.20999908447266,43672100
2002-10-28,58.092411041259766,89.61000061035156,91.29000091552734,88.8499984741211,91.1500015258789,39416100
2002-10-29,57.41817474365234,88.56999969482422,89.48999786376953,87.0,89.08000183105469,59508200
2002-10-30,57.97570037841797,89.43000030517578,89.95999908447266,88.2300033569336,88.68000030517578,41688600
2002-10-31,57.385772705078125,88.5199966430664,90.3000030517578,88.19000244140625,89.66000366210938,41620600
2002-11-01,58.52025985717773,90.2699966430664,90.81999969482422,88.05000305175781,88.3499984741211,51878900
2002-11-04,59.07777786254883,91.12999725341795,92.94000244140624,90.9000015258789,91.8000030517578,49080600
2002-11-05,59.54452133178711,91.8499984741211,92.06999969482422,90.83999633789062,90.83999633789062,37270800
2002-11-06,60.31600570678711,93.04000091552734,93.06999969482422,90.79000091552734,92.4800033569336,65013100
2002-11-07,58.83789825439453,90.76000213623048,92.22000122070312,90.22000122070312,92.0199966430664,51572000
2002-11-08,58.11832809448242,89.6500015258789,91.56999969482422,89.5199966430664,90.52999877929688,37905400
2002-11-11,57.21720886230469,88.26000213623047,89.55999755859375,87.80000305175781,89.51000213623047,33505100
2002-11-12,57.67097854614258,88.95999908447266,89.93000030517578,88.37000274658203,88.66000366210938,37724500
2002-11-13,57.72932815551758,89.05000305175781,89.73999786376953,87.44999694824219,88.31999969482422,63891500
2002-11-14,58.818458557128906,90.7300033569336,91.0,89.75,90.06999969482422,31896800
2002-11-15,59.25278854370117,91.4000015258789,91.5500030517578,89.94999694824219,90.0,39152100
2002-11-18,58.65635299682617,90.4800033569336,92.1500015258789,90.3499984741211,92.1500015258789,28934800
2002-11-19,58.57856369018555,90.36000061035156,91.0999984741211,89.76000213623047,90.0199966430664,32806600
2002-11-20,59.88163757324219,92.37000274658205,92.41999816894533,89.94999694824219,89.9800033569336,36688400
2002-11-21,60.99666976928711,94.08999633789062,94.19000244140624,92.43000030517578,92.5999984741211,55128200
2002-11-22,60.56235122680664,93.41999816894533,94.2699966430664,93.2699966430664,93.4800033569336,32513800
2002-11-25,60.60122680664063,93.4800033569336,94.26000213623048,92.7699966430664,93.43000030517578,33846400
2002-11-26,59.447261810302734,91.6999969482422,93.4499969482422,91.62000274658205,93.06999969482422,42284700
2002-11-27,61.1198616027832,94.27999877929688,94.6500015258789,92.43000030517578,92.5199966430664,37764000
2002-11-29,60.92537689208984,93.9800033569336,94.9499969482422,93.7699966430664,94.8000030517578,19385700
2002-12-02,61.02260971069336,94.12999725341795,96.0500030517578,93.22000122070312,95.47000122070312,49911900
2002-12-03,60.20576477050781,92.87000274658205,93.4000015258789,92.3499984741211,93.25,34407700
2002-12-04,59.93350601196289,92.4499969482422,93.13999938964844,91.43000030517578,91.7699966430664,64040800
2002-12-05,59.272239685058594,91.43000030517578,92.8000030517578,91.0999984741211,92.7300033569336,36724900
2002-12-06,59.661231994628906,92.02999877929688,92.16999816894533,89.9800033569336,90.12000274658205,49824100
2002-12-09,58.02108383178711,89.5,91.45999908447266,89.4800033569336,91.06999969482422,36789600
2002-12-10,58.79898071289063,90.6999969482422,91.0999984741211,89.76000213623047,90.0199966430664,33319900
2002-12-11,58.85087585449219,90.77999877929688,91.62000274658205,90.16000366210938,90.41999816894533,39201000
2002-12-12,58.844383239746094,90.7699966430664,91.48999786376952,90.1999969482422,91.1999969482422,34465600
2002-12-13,57.91731262207031,89.33999633789062,90.4800033569336,89.2699966430664,89.91000366210938,36862200
2002-12-16,59.41487503051758,91.6500015258789,91.79000091552734,89.66000366210938,89.81999969482422,37098400
2002-12-17,58.896217346191406,90.8499984741211,91.73999786376952,90.73999786376952,91.37000274658205,32353900
2002-12-18,58.21555709838867,89.80000305175781,90.4000015258789,89.33000183105469,90.31999969482422,35612600
2002-12-19,57.80066680908203,89.16000366210938,90.6999969482422,88.5999984741211,89.3499984741211,39264200
2002-12-20,58.62540817260742,89.98999786376953,90.0199966430664,89.0999984741211,89.19999694824219,31176900
2002-12-23,58.64494323730469,90.0199966430664,90.47000122070312,89.30999755859375,89.58999633789062,22599300
2002-12-24,58.208473205566406,89.3499984741211,89.86000061035156,89.25,89.58999633789062,10937000
2002-12-26,58.23455047607422,89.38999938964844,90.61000061035156,88.83999633789062,89.69999694824219,17485600
2002-12-27,56.925086975097656,87.37999725341797,89.29000091552734,87.37999725341797,88.95999908447266,22205700
2002-12-30,57.40066909790039,88.11000061035156,88.47000122070312,87.22000122070312,87.79000091552734,29968000
2002-12-31,57.47882080078125,88.2300033569336,88.43000030517578,87.11000061035156,87.98999786376953,34036600
2003-01-02,59.32899856567383,91.06999969482422,91.3000030517578,88.54000091552734,88.8499984741211,44516300
2003-01-03,59.51140594482422,91.3499984741211,91.37999725341795,90.5,90.91000366210938,32222600
2003-01-06,60.56025695800781,92.95999908447266,93.48999786376952,91.16999816894533,91.23999786376952,40984500
2003-01-07,60.41044235229492,92.7300033569336,93.37000274658205,92.1999969482422,92.9000015258789,38640400
2003-01-08,59.53745269775391,91.38999938964844,92.4000015258789,91.0500030517578,92.1999969482422,38702200
2003-01-09,60.4625358581543,92.80999755859376,93.18000030517578,91.41000366210938,91.81999969482422,34804900
2003-01-10,60.625431060791016,93.05999755859376,93.63999938964844,91.8000030517578,91.9499969482422,37768900
2003-01-13,60.60585021972656,93.02999877929688,93.86000061035156,92.44000244140624,93.54000091552734,31649900
2003-01-14,60.80131912231445,93.33000183105467,93.83000183105467,92.41000366210938,92.69000244140624,30733000
2003-01-15,60.19544219970703,92.4000015258789,93.56999969482422,91.91000366210938,93.54000091552734,33511800
2003-01-16,59.94789123535156,92.0199966430664,92.93000030517578,91.4499969482422,92.5,44812100
2003-01-17,59.06190872192383,90.66000366210938,92.3000030517578,90.1500015258789,90.98999786376952,35618300
2003-01-21,58.14330291748047,89.25,90.91999816894533,88.94999694824219,90.87000274658205,36826200
2003-01-22,57.439735412597656,88.16999816894531,89.80000305175781,88.0,88.7699966430664,42286500
2003-01-23,57.79152297973633,88.70999908447266,89.37999725341797,87.94999694824219,88.75,55919800
2003-01-24,56.27359771728516,86.37999725341797,88.68000030517578,86.16999816894531,88.58999633789062,68633900
2003-01-27,55.50490188598633,85.19999694824219,86.80000305175781,84.5,85.7300033569336,57884400
2003-01-28,55.91533279418945,85.83000183105469,86.4000015258789,85.12999725341797,85.62999725341797,46929100
2003-01-29,56.3387565612793,86.4800033569336,87.18000030517578,84.7699966430664,85.41999816894531,53712200
2003-01-30,55.00327682495117,84.43000030517578,86.87999725341797,84.4000015258789,86.79000091552734,49845900
2003-01-31,56.06514358520508,86.05999755859375,86.20999908447266,84.1500015258789,84.1500015258789,55317000
2003-02-03,56.175899505615234,86.2300033569336,86.80999755859375,85.91999816894531,86.13999938964844,39696000
2003-02-04,55.62215042114258,85.37999725341797,85.75,84.30000305175781,85.30999755859375,43633400
2003-02-05,55.27690124511719,84.8499984741211,86.54000091552734,84.4800033569336,85.75,55270600
2003-02-06,55.01626586914063,84.44999694824219,84.88999938964844,83.6500015258789,84.37000274658203,53638000
2003-02-07,54.34527587890625,83.41999816894531,84.98999786376953,82.97000122070312,84.91000366210938,43165000
2003-02-10,54.72964477539063,84.01000213623047,84.12999725341797,82.6500015258789,83.45999908447266,45455900
2003-02-11,54.35177612304688,83.43000030517578,84.87999725341797,82.83000183105469,84.37000274658203,46861000
2003-02-12,53.48532485961914,82.0999984741211,83.62000274658203,82.08999633789062,83.16000366210938,35873600
2003-02-13,53.6482048034668,82.3499984741211,82.66000366210938,81.0,82.1500015258789,57934100
2003-02-14,54.82085800170898,84.1500015258789,84.19999694824219,81.81999969482422,82.37000274658203,59580900
2003-02-18,55.78501129150391,85.62999725341797,85.80000305175781,84.38999938964844,84.52999877929688,39492700
2003-02-19,55.49186706542969,85.18000030517578,85.47000122070312,84.27999877929688,85.31999969482422,31432000
2003-02-20,54.9381217956543,84.33000183105469,85.41999816894531,84.05000305175781,85.20999908447266,29280100
2003-02-21,55.49186706542969,85.18000030517578,85.73999786376953,83.45999908447266,84.37999725341797,60955800
2003-02-24,54.59282684326172,83.80000305175781,85.0,83.58999633789062,84.93000030517578,30628600
2003-02-25,55.029335021972656,84.47000122070312,84.48999786376953,82.22000122070312,82.94999694824219,56770600
2003-02-26,54.228023529052734,83.23999786376953,84.52999877929688,83.08000183105469,84.0199966430664,37787200
2003-02-27,54.94462585449219,84.33999633789062,84.75,83.16000366210938,83.69999694824219,51126000
2003-02-28,55.309452056884766,84.9000015258789,85.2300033569336,84.16000366210938,84.47000122070312,43666800
2003-03-03,54.78175354003906,84.08999633789062,85.77999877929688,83.72000122070312,85.26000213623047,42923100
2003-03-04,53.9088249206543,82.75,84.01000213623047,82.6500015258789,83.94999694824219,31440500
2003-03-05,54.36481475830078,83.44999694824219,83.54000091552734,82.36000061035156,82.61000061035156,43974700
2003-03-06,53.9088249206543,82.75,83.5199966430664,82.47000122070312,82.87000274658203,41217700
2003-03-07,54.28013229370117,83.31999969482422,83.98999786376953,81.43000030517578,81.61000061035156,63538000
2003-03-10,52.97720336914063,81.31999969482422,82.86000061035156,81.0999984741211,82.5999984741211,41014100
2003-03-11,52.45600509643555,80.5199966430664,82.0,80.4800033569336,81.4800033569336,48102700
2003-03-12,52.80781173706055,81.05999755859375,81.0999984741211,79.37999725341797,80.37999725341797,62459800
2003-03-13,54.63190841674805,83.86000061035156,83.91000366210938,81.52999877929688,82.18000030517578,72117800
2003-03-14,54.80783462524414,84.12999725341797,84.7699966430664,83.3499984741211,84.19999694824219,63951800
2003-03-17,56.53419494628906,86.77999877929688,86.94999694824219,83.22000122070312,83.45999908447266,88217500
2003-03-18,56.86642456054688,87.29000091552734,87.3499984741211,86.27999877929688,87.1500015258789,50792300
2003-03-19,57.30295181274414,87.95999908447266,88.16000366210938,86.68000030517578,87.27999877929688,49630800
2003-03-20,57.42672729492188,88.1500015258789,88.58999633789062,86.3499984741211,87.33000183105469,67321600
2003-03-21,58.65249633789063,89.66999816894531,89.87999725341797,87.93000030517578,88.80000305175781,71165300
2003-03-24,56.70329284667969,86.69000244140625,88.13999938964844,86.3499984741211,88.0199966430664,65398900
2003-03-25,57.24619674682617,87.5199966430664,88.26000213623047,86.44000244140625,86.73999786376953,61040100
2003-03-26,56.95840072631836,87.08000183105469,87.8499984741211,86.80000305175781,87.55999755859375,45740800
2003-03-27,57.004180908203125,87.1500015258789,87.66000366210938,85.98999786376953,86.4000015258789,53120200
2003-03-28,56.71637344360352,86.70999908447266,87.27999877929688,86.25,86.47000122070312,32583000
2003-03-31,55.42778015136719,84.73999786376953,86.58999633789062,84.4000015258789,85.3499984741211,61119500
2003-04-01,56.27814102172852,86.04000091552734,86.38999938964844,84.91000366210938,85.25,53574000
2003-04-02,57.63864135742188,88.12000274658203,88.7699966430664,87.5,87.54000091552734,50431200
2003-04-03,57.36391830444336,87.69999694824219,88.98999786376953,87.6500015258789,88.87000274658203,48755500
2003-04-04,57.70402526855469,88.22000122070312,88.58999633789062,87.62000274658203,88.43000030517578,36250100
2003-04-07,57.59285736083984,88.05000305175781,90.8499984741211,87.97000122070312,90.33999633789062,69776200
2003-04-08,57.6844482421875,88.19000244140625,88.6500015258789,87.70999908447266,88.30000305175781,39712700
2003-04-09,56.92567443847656,87.02999877929688,89.0999984741211,86.7699966430664,88.36000061035156,55647300
2003-04-10,57.239654541015625,87.51000213623047,87.62999725341797,85.70999908447266,87.08999633789062,41812400
2003-04-11,57.004180908203125,87.1500015258789,88.69999694824219,86.86000061035156,88.16000366210938,47730100
2003-04-14,58.18153381347656,88.94999694824219,89.0,87.0,87.47000122070312,36711700
2003-04-15,58.72442626953125,89.77999877929688,89.77999877929688,88.41999816894531,88.83999633789062,49709800
2003-04-16,57.72367477416992,88.25,90.05999755859375,88.02999877929688,89.91000366210938,51788000
2003-04-17,58.58053207397461,89.55999755859375,89.72000122070312,88.19000244140625,88.30000305175781,37403100
2003-04-21,58.639408111572266,89.6500015258789,90.16000366210938,89.05999755859375,89.86000061035156,32052700
2003-04-22,59.74483489990234,91.33999633789062,91.55999755859376,88.88999938964844,89.0999984741211,59763600
2003-04-23,60.29425048828125,92.18000030517578,92.3499984741211,91.23999786376952,91.62000274658205,44227100
2003-04-24,59.757938385009766,91.36000061035156,92.08000183105467,90.95999908447266,91.52999877929688,49692400
2003-04-25,59.01877975463867,90.2300033569336,91.47000122070312,90.0199966430664,91.3000030517578,43917200
2003-04-28,60.03916549682617,91.79000091552734,92.19000244140624,90.3000030517578,90.44000244140624,46432900
2003-04-29,60.24846267700195,92.11000061035156,92.8000030517578,91.4000015258789,92.13999938964844,52017100
2003-04-30,60.11764526367188,91.91000366210938,92.56999969482422,91.41000366210938,91.91000366210938,48709100
2003-05-01,60.11111831665039,91.9000015258789,92.7300033569336,90.5,91.91999816894533,50240400
2003-05-02,60.96796417236328,93.20999908447266,93.47000122070312,91.48999786376952,91.55999755859376,50201500
2003-05-05,60.85025405883789,93.02999877929688,93.77999877929688,92.5,93.47000122070312,35437800
2003-05-06,61.42583465576172,93.91000366210938,94.37999725341795,93.0,93.04000091552734,44401000
2003-05-07,61.08570861816406,93.38999938964844,94.13999938964844,92.97000122070312,93.41999816894533,41413100
2003-05-08,60.47086334228516,92.4499969482422,93.33000183105467,92.27999877929688,92.5199966430664,40570700
2003-05-09,61.30812454223633,93.7300033569336,93.8000030517578,92.61000061035156,92.83000183105467,33608100
2003-05-12,62.060302734375,94.87999725341795,95.12000274658205,93.27999877929688,93.5,35662300
2003-05-13,61.94913864135742,94.70999908447266,95.18000030517578,94.26000213623048,94.52999877929688,39253600
2003-05-14,61.81828308105469,94.51000213623048,95.23999786376952,93.91000366210938,95.08999633789062,32195100
2003-05-15,62.21076965332031,95.11000061035156,95.33000183105467,94.25,94.88999938964844,43879200
2003-05-16,62.05378341674805,94.87000274658205,95.4499969482422,94.26000213623048,94.88999938964844,38905000
2003-05-19,60.601688385009766,92.6500015258789,94.41999816894533,92.33000183105467,94.1500015258789,41606000
2003-05-20,60.47739410400391,92.45999908447266,93.02999877929688,91.58999633789062,92.81999969482422,55404600
2003-05-21,60.601688385009766,92.6500015258789,92.87999725341795,91.91000366210938,92.11000061035156,49333800
2003-05-22,61.20345306396485,93.56999969482422,94.0500030517578,92.68000030517578,92.9499969482422,38421800
2003-05-23,61.32772445678711,93.76000213623048,93.9800033569336,93.13999938964844,93.52999877929688,26155900
2003-05-27,62.40047454833984,95.4000015258789,95.83999633789062,93.06999969482422,93.3000030517578,43719200
2003-05-28,62.5770378112793,95.66999816894533,96.47000122070312,95.43000030517578,95.8499984741211,37727100
2003-05-29,62.41351318359375,95.41999816894533,96.81999969482422,95.08000183105467,95.87999725341795,50844200
2003-05-30,63.41426467895508,96.9499969482422,97.08999633789062,95.55999755859376,95.9000015258789,52529500
2003-06-02,63.67591094970703,97.3499984741211,98.4499969482422,96.66999816894533,97.52999877929688,50305500
2003-06-03,63.93756866455078,97.75,97.83999633789062,96.8499984741211,97.1500015258789,38254500
2003-06-04,64.85980987548828,99.16000366210938,99.3499984741211,97.56999969482422,97.66000366210938,49360700
2003-06-05,65.18030548095703,99.6500015258789,99.6500015258789,98.2699966430664,98.58000183105467,46262400
2003-06-06,64.92523193359375,99.26000213623048,101.4000015258789,99.12999725341795,100.4000015258789,60356800
2003-06-09,64.26460266113281,98.25,99.0999984741211,97.7699966430664,98.7699966430664,37808500
2003-06-10,64.91869354248047,99.25,99.26000213623048,98.19000244140624,98.45999908447266,29965900
2003-06-11,65.60547637939453,100.3000030517578,100.38999938964844,98.70999908447266,99.16000366210938,37610200
2003-06-12,65.80826568603516,100.61000061035156,100.9000015258789,99.62000274658205,100.75,36442000
2003-06-13,65.12147521972656,99.55999755859376,100.75,98.9499969482422,100.61000061035156,48628300
2003-06-16,66.49504089355469,101.66000366210938,101.6999969482422,99.8000030517578,99.95999908447266,36326300
2003-06-17,66.49504089355469,101.66000366210938,102.18000030517578,101.2300033569336,102.06999969482422,36801800
2003-06-18,66.43618774414062,101.56999969482422,102.13999938964844,101.0,101.29000091552734,35521000
2003-06-19,65.42237091064453,100.0199966430664,101.7300033569336,99.83999633789062,101.63999938964844,43551700
2003-06-20,65.27788543701172,99.44000244140624,100.5,99.41999816894533,100.38999938964844,41545000
2003-06-23,64.60829162597656,98.41999816894533,99.66000366210938,97.91999816894533,99.4499969482422,34237500
2003-06-24,64.67398071289062,98.5199966430664,99.08999633789062,98.0199966430664,98.22000122070312,36213600
2003-06-25,64.02405548095703,97.52999877929688,99.44000244140624,97.52999877929688,98.52999877929688,47743400
2003-06-26,64.85780334472656,98.8000030517578,98.9800033569336,96.95999908447266,97.77999877929688,33477300
2003-06-27,64.10942840576172,97.66000366210938,99.19000244140624,97.58000183105467,98.75,54208800
2003-06-30,64.08972930908203,97.62999725341795,98.66999816894533,97.47000122070312,98.22000122070312,33349000
2003-07-01,64.68052673339844,98.52999877929688,98.8499984741211,96.43000030517578,97.25,51322800
2003-07-02,65.4945297241211,99.7699966430664,99.79000091552734,98.56999969482422,98.7699966430664,34662100
2003-07-03,64.81838989257812,98.73999786376952,99.8499984741211,97.9000015258789,99.06999969482422,30792800
2003-07-07,66.10507202148438,100.6999969482422,100.9000015258789,99.6500015258789,99.6500015258789,31391100
2003-07-08,66.40046691894531,101.1500015258789,101.29000091552734,100.16999816894533,100.5,30952500
2003-07-09,66.02629852294922,100.58000183105467,101.4000015258789,100.02999877929688,100.91999816894533,36528500
2003-07-10,65.18600463867188,99.3000030517578,100.04000091552734,98.62999725341795,99.83999633789062,49777700
2003-07-11,65.8030776977539,100.23999786376952,100.4499969482422,99.38999938964844,99.38999938964844,39976300
2003-07-14,66.12471771240234,100.7300033569336,101.9000015258789,100.4499969482422,101.1999969482422,42114900
2003-07-15,65.98033142089844,100.51000213623048,101.45999908447266,99.9499969482422,101.37999725341795,42573600
2003-07-16,65.59300231933594,99.91999816894533,100.87000274658205,99.2300033569336,100.80999755859376,39894200
2003-07-17,64.66085052490234,98.5,99.87999725341795,98.16000366210938,99.1500015258789,52253500
2003-07-18,65.32389068603516,99.51000213623048,99.8000030517578,98.45999908447266,99.0199966430664,35698100
2003-07-21,64.51644897460938,98.27999877929688,99.48999786376952,97.8499984741211,99.4499969482422,34786000
2003-07-22,65.10063934326172,99.16999816894533,99.41000366210938,97.91999816894533,98.69000244140624,49968300
2003-07-23,65.14665222167969,99.23999786376952,99.4499969482422,98.27999877929688,99.20999908447266,37275400
2003-07-24,64.6542739868164,98.48999786376952,100.33999633789062,98.37000274658205,99.98999786376952,40896200
2003-07-25,65.7965316772461,100.2300033569336,100.29000091552734,98.04000091552734,98.66000366210938,43241100
2003-07-28,65.55364990234375,99.86000061035156,100.9800033569336,99.66999816894533,100.37000274658205,34382800
2003-07-29,65.25162506103516,99.4000015258789,100.26000213623048,98.68000030517578,100.13999938964844,53472100
2003-07-30,65.09412384033203,99.16000366210938,99.75,98.93000030517578,99.5999984741211,28363300
2003-07-31,65.2450942993164,99.38999938964844,100.91000366210938,99.16999816894533,99.9800033569336,54937200
2003-08-01,64.66743469238281,98.51000213623048,99.52999877929688,98.23999786376952,99.19000244140624,49321000
2003-08-04,64.66743469238281,98.51000213623048,99.0,97.0,98.30999755859376,55214100
2003-08-05,63.29541778564453,96.41999816894533,98.76000213623048,96.33999633789062,98.41000366210938,61415600
2003-08-06,63.6630744934082,96.9800033569336,98.05999755859376,96.41999816894533,96.69000244140624,50096900
2003-08-07,64.33262634277344,98.0,98.06999969482422,96.76000213623048,97.16999816894533,43427400
2003-08-08,64.51644897460938,98.27999877929688,98.5500030517578,97.76000213623048,98.31999969482422,27357300
2003-08-11,64.75931549072266,98.6500015258789,99.04000091552734,97.83999633789062,98.26000213623048,34631400
2003-08-12,65.35015869140625,99.5500030517578,99.58999633789062,98.41999816894533,98.70999908447266,43285600
2003-08-13,65.01534271240234,99.04000091552734,99.8499984741211,98.52999877929688,99.81999969482422,36152000
2003-08-14,65.19259643554688,99.30999755859376,99.75,98.4499969482422,99.0999984741211,35525100
2003-08-15,65.39608764648438,99.62000274658205,99.79000091552734,99.12000274658205,99.36000061035156,12567000
2003-08-18,65.96061706542969,100.4800033569336,100.5999984741211,99.73999786376952,99.93000030517578,22873800
2003-08-19,66.21009826660156,100.86000061035156,100.94000244140624,100.0,100.69000244140624,37437700
2003-08-20,65.94093322753906,100.4499969482422,100.88999938964844,100.16000366210938,100.29000091552734,21295300
2003-08-21,66.1510009765625,100.7699966430664,101.5199966430664,100.4000015258789,101.0500030517578,46494200
2003-08-22,65.4945297241211,99.7699966430664,101.81999969482422,99.7300033569336,101.75,52040300
2003-08-25,65.59957122802734,99.93000030517578,100.83000183105467,99.27999877929688,99.70999908447266,23473000
2003-08-26,65.7177505493164,100.11000061035156,100.38999938964844,98.83000183105467,99.5,45065800
2003-08-27,65.7374267578125,100.13999938964844,100.36000061035156,99.56999969482422,100.0500030517578,18919500
2003-08-28,66.14445495605469,100.76000213623048,101.0,99.66000366210938,100.4000015258789,27402400
2003-08-29,66.5908432006836,101.44000244140624,101.4800033569336,100.4800033569336,100.61000061035156,28706600
2003-09-02,67.48359680175781,102.8000030517578,102.87999725341795,101.0500030517578,101.63999938964844,49419100
2003-09-03,67.8512191772461,103.36000061035156,103.6999969482422,102.77999877929688,103.02999877929688,44912400
2003-09-04,67.88404083251953,103.41000366210938,103.5500030517578,102.76000213623048,103.0999984741211,28381000
2003-09-05,67.50333404541016,102.83000183105467,103.5500030517578,102.4000015258789,102.94000244140624,31637300
2003-09-08,68.06127166748047,103.68000030517578,103.87999725341795,102.93000030517578,103.04000091552734,32632800
2003-09-09,67.61492156982422,103.0,103.45999908447266,102.68000030517578,103.37000274658205,35053200
2003-09-10,66.93218231201172,101.95999908447266,102.8000030517578,101.5500030517578,102.52999877929688,45904900
2003-09-11,67.12914276123047,102.26000213623048,102.76000213623048,101.83999633789062,102.0999984741211,38396300
2003-09-12,67.25384521484375,102.4499969482422,102.63999938964844,101.3499984741211,101.91000366210938,42524800
2003-09-15,67.01753234863281,102.08999633789062,102.62999725341795,101.9499969482422,102.5199966430664,21312800
2003-09-16,67.99563598632812,103.58000183105467,103.63999938964844,102.16999816894533,102.2300033569336,37892600
2003-09-17,67.86434936523438,103.37999725341795,103.79000091552734,103.0500030517578,103.4800033569336,31885800
2003-09-18,68.66522216796875,104.5999984741211,104.6999969482422,103.16999816894533,103.4000015258789,30243600
2003-09-19,68.31596374511719,103.66999816894533,104.5999984741211,103.4000015258789,104.2699966430664,34331600
2003-09-22,67.57793426513672,102.5500030517578,102.95999908447266,102.02999877929688,102.8499984741211,36677400
2003-09-23,67.83489227294922,102.94000244140624,103.29000091552734,102.36000061035156,102.58999633789062,32489200
2003-09-24,66.62899017333984,101.11000061035156,103.22000122070312,101.06999969482422,103.12000274658205,41694700
2003-09-25,66.08202362060547,100.27999877929688,101.87999725341795,100.1999969482422,101.41000366210938,52673100
2003-09-26,65.86457824707031,99.9499969482422,100.66000366210938,99.8499984741211,100.44000244140624,42914700
2003-09-29,66.5103759765625,100.93000030517578,100.98999786376952,99.79000091552734,100.3000030517578,36771600
2003-09-30,65.86457824707031,99.9499969482422,100.76000213623048,99.25,100.4800033569336,70764500
2003-10-01,67.26820373535156,102.08000183105467,102.18000030517578,100.1999969482422,100.23999786376952,65797600
2003-10-02,67.51203155517578,102.4499969482422,102.55999755859376,101.62999725341795,101.93000030517578,44591500
2003-10-03,68.1314468383789,103.38999938964844,104.27999877929688,103.08000183105467,103.66999816894533,48806900
2003-10-06,68.44117736816406,103.86000061035156,103.98999786376952,103.1999969482422,103.4800033569336,20226500
2003-10-07,68.70475769042969,104.26000213623048,104.30999755859376,102.91000366210938,103.26000213623048,42602900
2003-10-08,68.5334243774414,104.0,104.38999938964844,103.41000366210938,104.33000183105467,30920800
2003-10-09,68.71794128417969,104.27999877929688,105.22000122070312,103.83000183105467,104.87999725341795,40066500
2003-10-10,68.90906524658203,104.56999969482422,104.5999984741211,103.91000366210938,104.2699966430664,22682800
2003-10-13,69.12651824951172,104.9000015258789,105.29000091552734,104.51000213623048,104.70999908447266,23825600
2003-10-14,69.37033081054688,105.2699966430664,105.43000030517578,104.36000061035156,104.8000030517578,38484400
2003-10-15,69.18584442138672,104.98999786376952,105.88999938964844,104.63999938964844,105.86000061035156,39021700
2003-10-16,69.46256256103516,105.41000366210938,105.7300033569336,104.6500015258789,104.68000030517578,32772200
2003-10-17,68.70475769042969,104.26000213623048,105.62999725341795,103.9800033569336,105.47000122070312,32790300
2003-10-20,69.21878051757812,105.04000091552734,105.04000091552734,103.94000244140624,104.4499969482422,27657000
2003-10-21,69.10015869140625,104.86000061035156,105.27999877929688,104.31999969482422,104.81999969482422,26729100
2003-10-22,68.23031616210938,103.54000091552734,104.19000244140624,103.19000244140624,104.02999877929688,33914500
2003-10-23,68.10508728027344,103.3499984741211,103.9499969482422,102.83999633789062,102.88999938964844,45830500
2003-10-24,68.25666809082031,103.58000183105467,103.58000183105467,102.18000030517578,102.83000183105467,51723600
2003-10-27,68.28959655761719,103.62999725341795,104.18000030517578,103.2699966430664,103.73999786376952,32460200
2003-10-28,69.21878051757812,105.04000091552734,105.1500015258789,103.81999969482422,103.9800033569336,34956200
2003-10-29,69.31106567382812,105.18000030517578,105.43000030517578,103.87000274658205,104.7699966430664,30955400
2003-10-30,69.4560317993164,105.4000015258789,105.97000122070312,104.8000030517578,105.79000091552734,39123100
2003-10-31,69.39010620117188,105.3000030517578,105.73999786376952,105.22000122070312,105.4000015258789,25761600
2003-11-03,69.84481048583984,105.98999786376952,106.61000061035156,105.70999908447266,105.75,37589300
2003-11-04,69.69320678710938,105.76000213623048,106.2699966430664,105.58000183105467,105.98999786376952,31421600
2003-11-05,69.74594116210938,105.83999633789062,105.97000122070312,104.9000015258789,105.48999786376952,33558800
2003-11-06,70.11499786376953,106.4000015258789,106.44000244140624,105.0999984741211,105.5999984741211,28392300
2003-11-07,69.59439086914062,105.61000061035156,106.72000122070312,105.56999969482422,106.63999938964844,31723200
2003-11-10,69.31106567382812,105.18000030517578,105.83999633789062,105.01000213623048,105.73999786376952,25530800
2003-11-11,69.29124450683594,105.1500015258789,105.33000183105467,104.8000030517578,105.08999633789062,26558600
2003-11-12,70.06885528564453,106.33000183105467,106.47000122070312,105.16000366210938,105.2300033569336,28000000
2003-11-13,70.08860778808594,106.36000061035156,106.54000091552734,105.77999877929688,106.01000213623048,29714800
2003-11-14,69.49555206298828,105.45999908447266,106.9499969482422,105.29000091552734,106.4000015258789,49158500
2003-11-17,69.14628601074219,104.93000030517578,105.13999938964844,104.04000091552734,104.91000366210938,44382100
2003-11-18,68.42799377441406,103.83999633789062,105.4499969482422,103.6999969482422,105.23999786376952,41155000
2003-11-19,69.00788879394531,104.72000122070312,105.01000213623048,103.91999816894533,104.02999877929688,29827000
2003-11-20,68.38848114013672,103.77999877929688,105.23999786376952,103.75,104.0,53578700
2003-11-21,68.6718521118164,104.20999908447266,104.33000183105467,103.62000274658205,104.23999786376952,30016000
2003-11-24,69.58122253417969,105.58999633789062,105.77999877929688,104.68000030517578,104.69000244140624,28906400
2003-11-25,69.84481048583984,105.98999786376952,106.41999816894533,105.4499969482422,105.7300033569336,37580000
2003-11-26,70.09522247314453,106.37000274658205,106.4499969482422,105.38999938964844,106.41999816894533,33053600
2003-11-28,70.14794158935547,106.4499969482422,106.66000366210938,106.1999969482422,106.27999877929688,10507500
2003-12-01,70.90577697753906,107.5999984741211,107.68000030517578,106.8000030517578,106.8499984741211,38699000
2003-12-02,70.72779083251953,107.33000183105467,107.7699966430664,107.06999969482422,107.37999725341795,35352000
2003-12-03,70.61579132080078,107.16000366210938,108.08000183105467,107.06999969482422,107.6500015258789,39078600
2003-12-04,70.90577697753906,107.5999984741211,107.72000122070312,106.94000244140624,107.16999816894533,36089500
2003-12-05,70.41149139404297,106.8499984741211,107.8000030517578,106.62000274658205,107.12000274658205,28824400
2003-12-08,70.885986328125,107.56999969482422,107.63999938964844,106.68000030517578,106.73999786376952,32482900
2003-12-09,70.33903503417969,106.73999786376952,107.93000030517578,106.54000091552734,107.9000015258789,43596100
2003-12-10,70.33244323730469,106.7300033569336,106.9800033569336,105.95999908447266,106.7699966430664,36915400
2003-12-11,71.12319946289062,107.93000030517578,108.0999984741211,106.66999816894533,106.68000030517578,45304000
2003-12-12,71.26161193847656,108.13999938964844,108.1999969482422,107.38999938964844,107.97000122070312,34142200
2003-12-15,70.90577697753906,107.5999984741211,109.2300033569336,107.4800033569336,109.16999816894533,38693400
2003-12-16,71.27478790283203,108.16000366210938,108.5,107.5199966430664,107.68000030517578,32894200
2003-12-17,71.49884796142578,108.5,108.5,107.8000030517578,108.05999755859376,23198800
2003-12-18,72.30278778076172,109.72000122070312,109.7300033569336,108.38999938964844,108.5500030517578,29353100
2003-12-19,72.10150146484375,108.9000015258789,109.37000274658205,108.58000183105467,109.3000030517578,41465100
2003-12-22,72.60467529296875,109.66000366210938,109.66000366210938,108.77999877929688,108.79000091552734,27611300
2003-12-23,72.65103149414062,109.7300033569336,109.9499969482422,109.37999725341795,109.4800033569336,24741200
2003-12-24,72.5782241821289,109.62000274658205,109.87999725341795,109.43000030517578,109.5199966430664,8055800
2003-12-26,72.63116455078125,109.6999969482422,110.08000183105467,109.62999725341795,109.70999908447266,8308400
2003-12-29,73.59782409667969,111.16000366210938,111.2699966430664,109.77999877929688,110.0999984741211,22483700
2003-12-30,73.61107635498047,111.18000030517578,111.2699966430664,110.8499984741211,111.08999633789062,19559500
2003-12-31,73.6772689819336,111.27999877929688,111.5199966430664,110.83999633789062,111.22000122070312,31501800
2004-01-02,73.64412689208984,111.2300033569336,112.19000244140624,110.7300033569336,111.73999786376952,38072300
2004-01-05,74.44530487060547,112.44000244140624,112.5199966430664,111.58999633789062,111.69000244140624,27959800
2004-01-06,74.51812744140625,112.5500030517578,112.7300033569336,112.0,112.16000366210938,20472800
2004-01-07,74.76973724365234,112.93000030517578,113.05999755859376,111.88999938964844,112.38999938964844,30170400
2004-01-08,75.0676498413086,113.37999725341795,113.41000366210938,112.7699966430664,113.25,36438400
2004-01-09,74.41219329833984,112.38999938964844,113.5,112.2699966430664,112.83000183105467,54084300
2004-01-12,74.96170043945312,113.22000122070312,113.25,112.36000061035156,112.5500030517578,31564100
2004-01-13,74.52471923828125,112.55999755859376,113.2300033569336,111.76000213623048,113.08999633789062,54239700
2004-01-14,75.14710998535156,113.5,113.66000366210938,112.66999816894533,112.76000213623048,30112800
2004-01-15,75.33245086669922,113.77999877929688,114.05999755859376,112.58000183105467,113.56999969482422,38408700
2004-01-16,75.63038635253906,114.2300033569336,114.30999755859376,113.62999725341795,114.04000091552734,31922700
2004-01-20,75.61054992675781,114.1999969482422,114.6500015258789,113.81999969482422,114.52999877929688,29863000
2004-01-21,76.20646667480469,115.0999984741211,115.3000030517578,113.72000122070312,114.12999725341795,30725000
2004-01-22,76.00779724121094,114.8000030517578,115.37999725341795,114.58000183105467,115.13999938964844,29888500
2004-01-23,75.76285552978516,114.43000030517578,115.37000274658205,113.9499969482422,115.0,44245300
2004-01-26,76.71630096435547,115.87000274658205,115.93000030517578,114.37999725341795,114.38999938964844,30460600
2004-01-27,75.9283447265625,114.68000030517578,116.5,114.6500015258789,115.75,35322800
2004-01-28,75.06101989746094,113.37000274658205,115.27999877929688,112.94000244140624,114.9800033569336,52621300
2004-01-29,75.1338882446289,113.4800033569336,113.8499984741211,112.55999755859376,113.55999755859376,60117100
2004-01-30,75.1338882446289,113.4800033569336,113.72000122070312,113.08999633789062,113.5199966430664,30984400
2004-02-02,75.45829010009766,113.97000122070312,114.68000030517578,113.12000274658205,113.6999969482422,38832400
2004-02-03,75.33245086669922,113.77999877929688,114.13999938964844,113.44000244140624,113.73999786376952,25093500
2004-02-04,74.71675109863281,112.8499984741211,113.7300033569336,112.79000091552734,113.19000244140624,39332600
2004-02-05,74.93523406982422,113.18000030517578,113.54000091552734,112.77999877929688,113.16999816894533,37226800
2004-02-06,75.7761001586914,114.4499969482422,114.6999969482422,113.1999969482422,113.41999816894533,37216000
2004-02-09,75.79595184326172,114.4800033569336,114.87000274658205,114.29000091552734,114.66999816894533,24851300
2004-02-10,76.04095458984375,114.8499984741211,115.13999938964844,114.26000213623048,114.27999877929688,27908100
2004-02-11,76.84870147705078,116.06999969482422,116.38999938964844,114.16999816894533,114.8499984741211,42965700
2004-02-12,76.57061767578125,115.6500015258789,116.2699966430664,115.58000183105467,115.97000122070312,27814700
2004-02-13,76.2262954711914,115.12999725341795,116.1999969482422,114.75,115.81999969482422,44739900
2004-02-17,76.91488647460938,116.16999816894533,116.43000030517578,115.7699966430664,115.8499984741211,23984300
2004-02-18,76.57726287841797,115.66000366210938,116.5999984741211,115.3499984741211,116.1999969482422,28618000
2004-02-19,76.2925033569336,115.2300033569336,116.38999938964844,115.05999755859376,116.33000183105467,51146200
2004-02-20,76.06074523925781,114.87999725341795,115.55999755859376,114.31999969482422,115.4800033569336,46728800
2004-02-23,75.86876678466797,114.58999633789062,115.26000213623048,114.16999816894533,115.22000122070312,36357000
2004-02-24,75.73637390136719,114.38999938964844,114.98999786376952,113.02999877929688,114.2699966430664,43953000
2004-02-25,76.0541763305664,114.87000274658205,115.05999755859376,114.31999969482422,114.45999908447266,31213600
2004-02-26,76.10054016113281,114.94000244140624,115.29000091552734,114.33999633789062,114.61000061035156,29683000
2004-02-27,76.15349578857422,115.0199966430664,115.73999786376952,114.62999725341795,115.19000244140624,39312000
2004-03-01,76.90827178955078,116.16000366210938,116.33999633789062,115.25,115.43000030517578,33130800
2004-03-02,76.45803833007812,115.4800033569336,116.97000122070312,115.2300033569336,115.94000244140624,38556400
2004-03-03,76.59709930419922,115.69000244140624,115.87000274658205,114.91999816894533,115.25,31346200
2004-03-04,76.79568481445312,115.98999786376952,116.0999984741211,115.5199966430664,115.72000122070312,21060000
2004-03-05,77.05393981933594,116.37999725341795,116.9499969482422,115.27999877929688,115.41999816894533,55905600
2004-03-08,76.1137466430664,114.95999908447266,116.62000274658205,114.91000366210938,116.33999633789062,39281600
2004-03-09,75.80915832519531,114.5,115.20999908447266,114.23999786376952,115.0999984741211,39746100
2004-03-10,74.5379867553711,112.58000183105467,114.7699966430664,112.55999755859376,114.72000122070312,67671800
2004-03-11,73.57134246826172,111.12000274658205,113.2699966430664,111.0999984741211,112.4000015258789,89134800
2004-03-12,74.5379867553711,112.58000183105467,112.70999908447266,111.58000183105467,111.7300033569336,54012200
2004-03-15,73.6242904663086,111.1999969482422,112.3499984741211,110.9000015258789,112.2699966430664,57677200
2004-03-16,74.01496124267578,111.79000091552734,112.05999755859376,110.83999633789062,111.77999877929688,59832600
2004-03-17,74.84254455566406,113.04000091552734,113.26000213623048,112.0999984741211,112.18000030517578,41607300
2004-03-18,74.8624038696289,113.06999969482422,113.2699966430664,111.93000030517578,112.6999969482422,60014300
2004-03-19,73.78937530517578,111.05999755859376,112.56999969482422,111.04000091552734,112.41000366210938,48636200
2004-03-22,72.85254669189453,109.6500015258789,110.56999969482422,109.0999984741211,110.54000091552734,62752100
2004-03-23,72.7263412475586,109.45999908447266,110.4000015258789,109.36000061035156,110.25,54080200
2004-03-24,72.7861099243164,109.5500030517578,110.13999938964844,108.8499984741211,109.58000183105467,51584300
2004-03-25,73.74955749511719,111.0,111.3000030517578,109.79000091552734,110.08000183105467,49873600
2004-03-26,73.76947021484375,111.02999877929688,111.79000091552734,110.8000030517578,110.95999908447266,37409500
2004-03-29,74.80593872070312,112.58999633789062,112.73999786376952,111.58000183105467,111.62999725341795,44113600
2004-03-30,75.05842590332031,112.97000122070312,113.06999969482422,112.22000122070312,112.3000030517578,39059900
2004-03-31,75.14476776123047,113.0999984741211,113.4000015258789,112.37999725341795,112.98999786376952,48517600
2004-04-01,75.59659576416016,113.77999877929688,113.87000274658205,113.0500030517578,113.06999969482422,45103800
2004-04-02,76.16797637939453,114.63999938964844,114.83999633789062,113.9000015258789,114.80999755859376,50987700
2004-04-05,76.58655548095703,115.2699966430664,115.37999725341795,114.44000244140624,114.45999908447266,30251800
2004-04-06,76.34074401855469,114.9000015258789,115.18000030517578,114.62000274658205,114.83000183105467,28420900
2004-04-07,76.16133117675781,114.62999725341795,114.9800033569336,114.11000061035156,114.9499969482422,45890500
2004-04-08,75.98858642578125,114.37000274658205,115.41000366210938,113.73999786376952,115.41000366210938,46929700
2004-04-12,76.28759002685547,114.81999969482422,115.08000183105467,114.56999969482422,114.58000183105467,23085200
2004-04-13,75.21785736083984,113.20999908447266,115.3000030517578,113.0199966430664,115.26000213623048,56210300
2004-04-14,75.33749389648438,113.38999938964844,113.63999938964844,112.5500030517578,112.61000061035156,62322300
2004-04-15,75.0517578125,112.95999908447266,113.77999877929688,112.36000061035156,113.4499969482422,61602500
2004-04-16,75.62982940673828,113.83000183105467,114.0500030517578,112.9800033569336,113.37999725341795,47059200
2004-04-19,75.62982940673828,113.83000183105467,113.98999786376952,113.2699966430664,113.5500030517578,28277600
2004-04-20,74.36077880859375,111.91999816894533,114.31999969482422,111.77999877929688,114.08000183105467,53299400
2004-04-21,74.85906982421875,112.66999816894533,112.9499969482422,111.87000274658205,112.1999969482422,50177300
2004-04-22,75.90884399414062,114.25,114.66999816894533,112.44000244140624,112.4800033569336,62071500
2004-04-23,75.98194885253906,114.36000061035156,114.56999969482422,113.79000091552734,114.41999816894533,29395700
2004-04-26,75.87562561035156,114.1999969482422,114.94000244140624,113.5999984741211,114.5,35515200
2004-04-27,75.94207000732422,114.3000030517578,115.12000274658205,113.95999908447266,114.2300033569336,43485500
2004-04-28,74.958740234375,112.81999969482422,114.01000213623048,112.5,113.88999938964844,50165800
2004-04-29,74.30101013183594,111.83000183105467,113.31999969482422,111.16000366210938,112.72000122070312,69687600
2004-04-30,73.72293853759766,110.95999908447266,112.37999725341795,110.9000015258789,112.16999816894533,48681400
2004-05-03,74.51359558105469,112.1500015258789,112.29000091552734,111.3499984741211,111.37000274658205,33758000
2004-05-04,74.45379638671875,112.05999755859376,113.26000213623048,111.66000366210938,112.25,51185100
2004-05-05,74.93218231201172,112.77999877929688,112.95999908447266,112.16000366210938,112.41000366210938,34405000
2004-05-06,74.2876968383789,111.80999755859376,112.58999633789062,111.0,112.0199966430664,54997000
2004-05-07,73.05854034423828,109.95999908447266,112.2300033569336,109.95999908447266,111.22000122070312,60950000
2004-05-10,72.3077163696289,108.83000183105467,109.75,108.36000061035156,109.44000244140624,75279400
2004-05-11,72.91902160644531,109.75,110.0500030517578,109.33000183105467,109.45999908447266,48300600
2004-05-12,73.3841323852539,110.4499969482422,110.54000091552734,108.05999755859376,109.56999969482422,90830500
2004-05-13,73.0784912109375,109.98999786376952,110.80999755859376,109.62999725341795,109.76000213623048,57393700
2004-05-14,73.1116943359375,110.04000091552734,110.73999786376952,109.2699966430664,109.9499969482422,54123100
2004-05-17,72.48712921142578,109.0999984741211,109.5,108.41000366210938,108.88999938964844,55020400
2004-05-18,72.85254669189453,109.6500015258789,109.94000244140624,109.33000183105467,109.48999786376952,30193100
2004-05-19,72.60009765625,109.2699966430664,111.18000030517578,109.1500015258789,110.5,54804100
2004-05-20,72.83264923095703,109.62000274658205,109.87000274658205,109.04000091552734,109.4499969482422,38082900
2004-05-21,72.95885467529297,109.80999755859376,110.5500030517578,109.47000122070312,109.97000122070312,47480400
2004-05-24,73.26449584960938,110.2699966430664,110.76000213623048,109.68000030517578,110.52999877929688,40961500
2004-05-25,74.31427001953125,111.8499984741211,111.9800033569336,109.5999984741211,109.9000015258789,48668000
2004-05-26,74.5733871459961,112.23999786376952,112.29000091552734,111.51000213623048,111.66000366210938,35977000
2004-05-27,74.99199676513672,112.87000274658205,113.02999877929688,112.05999755859376,112.54000091552734,45306900
2004-05-28,74.98534393310547,112.86000061035156,112.87999725341795,112.36000061035156,112.7300033569336,23367200
2004-06-01,74.88566589355469,112.70999908447266,112.86000061035156,111.87000274658205,112.45999908447266,41044700
2004-06-02,75.16474151611328,113.12999725341795,113.4800033569336,112.45999908447266,113.02999877929688,39774200
2004-06-03,74.4737548828125,112.08999633789062,113.19000244140624,112.06999969482422,112.80999755859376,38688300
2004-06-04,75.06507110595703,112.9800033569336,113.58000183105467,112.70999908447266,112.9800033569336,32739500
2004-06-07,76.20787048339844,114.6999969482422,114.80999755859376,113.41999816894533,113.43000030517578,31643800
2004-06-08,76.31414794921875,114.86000061035156,114.91999816894533,114.16999816894533,114.37000274658205,32846500
2004-06-09,75.603271484375,113.79000091552734,114.6999969482422,113.72000122070312,114.51000213623048,36737600
2004-06-10,75.97526550292969,114.3499984741211,114.3499984741211,113.93000030517578,114.04000091552734,21711000
2004-06-14,75.22451782226562,113.22000122070312,113.8499984741211,112.87000274658205,113.81999969482422,34633000
2004-06-15,75.7560043334961,114.0199966430664,114.4499969482422,113.51000213623048,113.9000015258789,37445000
2004-06-16,75.74278259277344,114.0,114.1999969482422,113.6999969482422,114.0,26633400
2004-06-17,75.62982940673828,113.83000183105467,114.06999969482422,113.33000183105467,113.8499984741211,28402400
2004-06-18,75.77252197265625,113.62999725341795,114.22000122070312,113.18000030517578,113.2699966430664,31799800
2004-06-21,75.4857406616211,113.1999969482422,114.13999938964844,113.12999725341795,113.75,25284000
2004-06-22,75.86585235595703,113.7699966430664,113.87999725341795,112.66999816894533,113.12999725341795,37334000
2004-06-23,76.51934814453125,114.75,114.83999633789062,113.41999816894533,113.61000061035156,35580000
2004-06-24,76.27930450439453,114.38999938964844,114.93000030517578,114.26000213623048,114.55999755859376,35272100
2004-06-25,75.91255187988281,113.83999633789062,114.94000244140624,113.68000030517578,114.41000366210938,32837900
2004-06-28,75.65249633789062,113.4499969482422,114.61000061035156,113.41000366210938,114.5199966430664,40824500
2004-06-29,75.96590423583984,113.91999816894533,114.16999816894533,113.41999816894533,113.52999877929688,28418100
2004-06-30,76.37265014648438,114.52999877929688,114.79000091552734,113.6500015258789,114.06999969482422,52230600
2004-07-01,75.31242370605469,112.94000244140624,114.4000015258789,112.58000183105467,114.25,57734700
2004-07-02,75.27238464355469,112.87999725341795,113.29000091552734,112.5999984741211,113.16000366210938,34615100
2004-07-06,74.61223602294922,111.88999938964844,112.4499969482422,111.62999725341795,112.37000274658205,38698200
2004-07-07,74.83226013183594,112.22000122070312,112.56999969482422,111.75,111.80999755859376,29839800
2004-07-08,74.31216430664062,111.44000244140624,112.31999969482422,111.1999969482422,111.80999755859376,45291100
2004-07-09,74.50553894042969,111.7300033569336,111.94000244140624,111.37999725341795,111.72000122070312,27412900
2004-07-12,74.53884887695312,111.77999877929688,112.04000091552734,111.0,111.5199966430664,35691300
2004-07-13,74.59221649169922,111.86000061035156,112.0199966430664,111.5999984741211,111.91999816894533,26752000
2004-07-14,74.36548614501953,111.5199966430664,112.38999938964844,111.12000274658205,111.26000213623048,54089400
2004-07-15,73.88536834716797,110.8000030517578,111.91000366210938,110.6999969482422,111.73999786376952,38403500
2004-07-16,73.82532501220703,110.70999908447266,111.66999816894533,110.44000244140624,111.56999969482422,40871200
2004-07-19,73.51193237304688,110.23999786376952,110.95999908447266,109.98999786376952,110.75,39592800
2004-07-20,74.44551849365234,111.63999938964844,111.9000015258789,110.25,110.52999877929688,46679800
2004-07-21,73.07182312011719,109.58000183105467,112.05999755859376,109.4499969482422,111.81999969482422,56241100
2004-07-22,73.27188110351562,109.87999725341795,110.38999938964844,108.7699966430664,109.36000061035156,72477100
2004-07-23,72.65836334228516,108.95999908447266,109.70999908447266,108.69000244140624,109.62000274658205,49610500
2004-07-26,72.51834869384766,108.75,109.43000030517578,108.20999908447266,109.19000244140624,49679100
2004-07-27,73.19852447509766,109.7699966430664,110.11000061035156,108.97000122070312,109.0500030517578,51295100
2004-07-28,73.41859436035156,110.0999984741211,110.37000274658205,108.58999633789062,109.5500030517578,65862300
2004-07-29,73.73196411132812,110.56999969482422,110.87000274658205,110.0,110.54000091552734,52200500
2004-07-30,73.91202545166016,110.83999633789062,110.9000015258789,110.0999984741211,110.31999969482422,41581700
2004-08-02,74.06539916992188,111.06999969482422,111.36000061035156,110.0500030517578,110.19000244140624,38263100
2004-08-03,73.49189758300781,110.20999908447266,111.05999755859376,110.16000366210938,110.93000030517578,40948800
2004-08-04,73.4852066040039,110.1999969482422,110.75,109.63999938964844,109.88999938964844,40763200
2004-08-05,72.28498840332031,108.4000015258789,110.37999725341795,108.2699966430664,110.29000091552734,50772000
2004-08-06,71.2513427734375,106.8499984741211,107.95999908447266,106.62000274658205,107.62999725341795,74729000
2004-08-09,71.35139465332031,107.0,107.4800033569336,106.87000274658205,107.0199966430664,37476300
2004-08-10,72.27164459228516,108.37999725341795,108.41000366210938,107.26000213623048,107.30999755859376,55870600
2004-08-11,72.12491607666016,108.16000366210938,108.33000183105467,107.0999984741211,107.68000030517578,52933200
2004-08-12,71.33804321289062,106.9800033569336,107.9499969482422,106.62999725341795,107.68000030517578,50015900
2004-08-13,71.4781265258789,107.19000244140624,107.3499984741211,106.58999633789062,107.0999984741211,41634700
2004-08-16,72.21830749511719,108.3000030517578,108.63999938964844,107.0999984741211,107.13999938964844,45731900
2004-08-17,72.6250228881836,108.91000366210938,109.27999877929688,108.52999877929688,108.75,40701600
2004-08-18,73.37191772460938,110.02999877929688,110.16999816894533,108.48999786376952,108.5199966430664,43165400
2004-08-19,73.15849304199219,109.70999908447266,110.0199966430664,109.18000030517578,109.80999755859376,39881600
2004-08-20,73.67198181152344,110.4800033569336,110.62999725341795,109.51000213623048,109.61000061035156,44870900
2004-08-23,73.4852066040039,110.1999969482422,110.7699966430664,110.0500030517578,110.5500030517578,33745100
2004-08-24,73.58525085449219,110.3499984741211,110.7300033569336,109.8499984741211,110.63999938964844,30453100
2004-08-25,74.08540344238281,111.0999984741211,111.2699966430664,109.9000015258789,110.33000183105467,38551400
2004-08-26,74.08540344238281,111.0999984741211,111.30999755859376,110.8499984741211,110.95999908447266,26629500
2004-08-27,74.31881713867188,111.4499969482422,111.62999725341795,111.0500030517578,111.1999969482422,24902900
2004-08-30,73.70530700683594,110.52999877929688,111.33999633789062,110.4499969482422,111.22000122070312,26726500
2004-08-31,74.09207916259766,111.11000061035156,111.16000366210938,110.0999984741211,110.66000366210938,44125300
2004-09-01,74.23214721679688,111.31999969482422,111.63999938964844,110.4800033569336,110.9499969482422,52778300
2004-09-02,75.07229614257812,112.58000183105467,112.6999969482422,111.23999786376952,111.23999786376952,42736600
2004-09-03,74.7656021118164,112.12000274658205,112.81999969482422,112.01000213623048,112.33000183105467,30480500
2004-09-07,75.2590560913086,112.86000061035156,113.12999725341795,112.31999969482422,112.54000091552734,37338800
2004-09-08,75.07229614257812,112.58000183105467,113.05999755859376,112.30999755859376,112.62000274658205,32963100
2004-09-09,75.00563049316406,112.4800033569336,112.87999725341795,112.02999877929688,112.56999969482422,34314800
2004-09-10,75.3924331665039,113.05999755859376,113.2699966430664,112.08000183105467,112.5199966430664,27900600
2004-09-13,75.63912200927734,113.43000030517578,113.73999786376952,113.01000213623048,113.30999755859376,44398100
2004-09-14,75.79249572753906,113.66000366210938,113.69000244140624,113.19000244140624,113.3000030517578,28048900
2004-09-15,75.21906280517578,112.8000030517578,113.36000061035156,112.68000030517578,113.3000030517578,38295000
2004-09-16,75.44577026367188,113.13999938964844,113.37000274658205,112.8000030517578,112.8499984741211,23911700
2004-09-17,75.76652526855469,113.1500015258789,113.36000061035156,112.69000244140624,112.9499969482422,33683000
2004-09-20,75.31116485595703,112.47000122070312,112.98999786376952,112.27999877929688,112.66999816894533,37149400
2004-09-21,75.63927459716797,112.95999908447266,113.47000122070312,112.54000091552734,112.75,40920800
2004-09-22,74.6950912475586,111.5500030517578,112.5199966430664,111.47000122070312,112.5,49042100
2004-09-23,74.29340362548828,110.9499969482422,111.6999969482422,110.9499969482422,111.5999984741211,44068700
2004-09-24,74.63485717773438,111.45999908447266,111.7300033569336,111.12999725341795,111.16999816894533,34981100
2004-09-27,74.159423828125,110.75,111.1999969482422,110.58000183105467,111.0999984741211,39355100
2004-09-28,74.51432800292969,111.27999877929688,111.51000213623048,110.41000366210938,110.91000366210938,41662900
2004-09-29,74.88929748535156,111.83999633789062,111.8499984741211,111.0,111.20999908447266,33325700
2004-09-30,74.83576202392578,111.76000213623048,111.9800033569336,111.26000213623048,111.5500030517578,43536700
2004-10-01,76.10132598876953,113.6500015258789,113.6500015258789,112.20999908447266,112.26000213623048,62824300
2004-10-04,76.22853088378906,113.83999633789062,114.44000244140624,113.8000030517578,114.0999984741211,33082400
2004-10-05,76.26868438720703,113.9000015258789,114.16000366210938,113.54000091552734,113.8499984741211,36910600
2004-10-06,76.791015625,114.68000030517578,114.68000030517578,113.68000030517578,113.7699966430664,42297800
2004-10-07,75.9674301147461,113.4499969482422,114.4000015258789,113.36000061035156,114.37999725341795,39388800
2004-10-08,75.33797454833984,112.51000213623048,113.7699966430664,112.3499984741211,113.1500015258789,51872600
2004-10-11,75.6459732055664,112.97000122070312,113.0199966430664,112.63999938964844,112.77999877929688,20229100
2004-10-12,75.3513412475586,112.52999877929688,112.83000183105467,111.94000244140624,112.1999969482422,41754700
2004-10-13,74.68844604492188,111.54000091552734,113.06999969482422,111.31999969482422,113.0,54212600
2004-10-14,74.08582305908203,110.63999938964844,111.93000030517578,110.58000183105467,111.68000030517578,64082200
2004-10-15,74.5009536743164,111.26000213623048,111.73999786376952,110.56999969482422,111.0199966430664,63482200
2004-10-18,74.78218078613281,111.68000030517578,111.9000015258789,110.6999969482422,110.88999938964844,43535100
2004-10-19,74.15274047851562,110.73999786376952,112.2300033569336,110.58999633789062,112.0199966430664,55851900
2004-10-20,74.00540924072266,110.5199966430664,110.81999969482422,109.75,110.37999725341795,57118500
2004-10-21,74.48754119873047,111.23999786376952,111.31999969482422,110.20999908447266,110.79000091552734,53218300
2004-10-22,73.65055084228516,109.98999786376952,111.25,109.86000061035156,111.19000244140624,48752400
2004-10-25,73.5634994506836,109.86000061035156,110.12000274658205,109.3499984741211,109.75,43990900
2004-10-26,74.68844604492188,111.54000091552734,111.5999984741211,109.87999725341795,110.12999725341795,54337400
2004-10-27,75.58570861816406,112.87999725341795,113.0999984741211,111.12000274658205,111.37999725341795,73896000
2004-10-28,75.8133773803711,113.22000122070312,113.55999755859376,112.48999786376952,112.77999877929688,54413300
2004-10-29,75.79998016357422,113.1999969482422,113.63999938964844,112.9000015258789,113.12000274658205,48820200
2004-11-01,76.00757598876953,113.51000213623048,113.83999633789062,113.1999969482422,113.55999755859376,36720900
2004-11-02,76.03437805175781,113.5500030517578,114.56999969482422,113.22000122070312,113.66999816894533,56210000
2004-11-03,76.99189758300781,114.9800033569336,115.36000061035156,114.23999786376952,115.02999877929688,76960200
2004-11-04,78.0431900024414,116.5500030517578,116.66999816894533,114.68000030517578,114.77999877929688,55350300
2004-11-05,78.53199768066406,117.27999877929688,117.63999938964844,116.48999786376952,117.0500030517578,63287200
2004-11-08,78.41812896728516,117.11000061035156,117.2300033569336,116.72000122070312,116.9800033569336,33863800
2004-11-09,78.26416778564453,116.87999725341795,117.5,116.76000213623048,117.08000183105467,44658100
2004-11-10,78.32441711425781,116.97000122070312,117.5500030517578,116.76000213623048,117.05999755859376,45265400
2004-11-11,78.92035675048828,117.86000061035156,118.12000274658205,117.0999984741211,117.18000030517578,37863200
2004-11-12,79.54315185546875,118.79000091552734,119.0,117.68000030517578,117.97000122070312,55583700
2004-11-15,79.73855590820312,118.7300033569336,118.7699966430664,118.2300033569336,118.5,35297900
2004-11-16,79.16767120361328,117.87999725341795,118.41000366210938,117.7300033569336,118.36000061035156,40028700
2004-11-17,79.6377944946289,118.58000183105467,119.13999938964844,118.06999969482422,118.37000274658205,54494000
2004-11-18,79.74528503417969,118.73999786376952,118.8000030517578,118.2300033569336,118.52999877929688,31854300
2004-11-19,78.8587646484375,117.41999816894533,118.72000122070312,117.13999938964844,118.6999969482422,54276500
2004-11-22,79.23483276367188,117.9800033569336,118.12000274658205,117.02999877929688,117.16999816894533,37560200
2004-11-23,79.35575866699219,118.16000366210938,118.26000213623048,117.37000274658205,117.93000030517578,41968800
2004-11-24,79.54376220703125,118.44000244140624,118.58999633789062,118.0500030517578,118.2699966430664,29724800
2004-11-26,79.48333740234375,118.3499984741211,118.9800033569336,118.3000030517578,118.51000213623048,15487700
2004-11-29,79.12068939208984,117.80999755859376,119.01000213623048,117.4800033569336,118.79000091552734,61460800
2004-11-30,79.17439270019531,117.88999938964844,118.23999786376952,117.63999938964844,118.0,53685200
2004-12-01,80.07434844970703,119.2300033569336,119.5,118.0999984741211,118.16000366210938,49898300
2004-12-02,80.14149475097656,119.33000183105467,119.87000274658205,119.01000213623048,119.0999984741211,60163500
2004-12-03,80.0877914428711,119.25,120.13999938964844,119.08999633789062,119.30999755859376,49067900
2004-12-06,80.06092071533203,119.20999908447266,119.63999938964844,118.83999633789062,119.20999908447266,33030500
2004-12-07,79.31543731689453,118.0999984741211,119.62000274658205,118.04000091552734,119.48999786376952,52047200
2004-12-08,79.77887725830078,118.79000091552734,118.81999969482422,118.01000213623048,118.20999908447266,43895100
2004-12-09,80.06092071533203,119.20999908447266,119.45999908447266,117.7300033569336,118.13999938964844,60922800
2004-12-10,80.14149475097656,119.33000183105467,119.55999755859376,118.8499984741211,118.91999816894533,47828600
2004-12-13,80.83999633789062,120.37000274658205,120.4000015258789,119.3499984741211,119.76000213623048,38541000
2004-12-14,81.12202453613281,120.79000091552734,120.95999908447266,120.18000030517578,120.18000030517578,41500700
2004-12-15,81.18245697021484,120.87999725341795,121.11000061035156,120.30999755859376,120.6999969482422,46699200
2004-12-16,81.13545989990234,120.80999755859376,121.23999786376952,120.04000091552734,120.72000122070312,51641800
2004-12-17,80.5943374633789,119.44000244140624,119.97000122070312,119.16000366210938,119.45999908447266,70761900
2004-12-20,80.61455535888672,119.47000122070312,120.29000091552734,119.16999816894533,119.75,47187400
2004-12-21,81.23530578613281,120.38999938964844,120.4800033569336,119.45999908447266,119.5999984741211,33094200
2004-12-22,81.43098449707031,120.68000030517578,121.08000183105467,120.3000030517578,120.37999725341795,31500700
2004-12-23,81.49176788330078,120.7699966430664,121.27999877929688,120.66000366210938,120.87000274658205,25646100
2004-12-27,81.32303619384766,120.5199966430664,121.36000061035156,120.38999938964844,121.1999969482422,29944100
2004-12-28,81.76840209960938,121.18000030517578,121.33000183105467,120.5999984741211,120.63999938964844,23422900
2004-12-29,81.8898696899414,121.36000061035156,121.4000015258789,120.9499969482422,121.08000183105467,22650600
2004-12-30,81.73465728759766,121.12999725341795,121.56999969482422,121.04000091552734,121.4000015258789,21076900
2004-12-31,81.55926513671875,120.87000274658205,121.66000366210938,120.8000030517578,121.3000030517578,28648800
2005-01-03,81.17459869384766,120.3000030517578,121.76000213623048,119.9000015258789,121.55999755859376,55748000
2005-01-04,80.18268585205078,118.83000183105467,120.54000091552734,118.44000244140624,120.45999908447266,69167600
2005-01-05,79.62936401367188,118.01000213623048,119.25,118.0,118.73999786376952,65667300
2005-01-06,80.03424072265625,118.61000061035156,119.1500015258789,118.26000213623048,118.44000244140624,47814700
2005-01-07,79.91954803466797,118.44000244140624,119.2300033569336,118.12999725341795,118.97000122070312,55847700
2005-01-10,80.29741668701172,119.0,119.45999908447266,118.33999633789062,118.33999633789062,56563300
2005-01-11,79.74407958984375,118.18000030517578,118.73999786376952,117.98999786376952,118.63999938964844,63099700
2005-01-12,80.00727844238281,118.56999969482422,118.83999633789062,117.5199966430664,118.4000015258789,72720500
2005-01-13,79.3662109375,117.62000274658205,118.7300033569336,117.5,118.63999938964844,55537500
2005-01-14,79.78456115722656,118.23999786376952,118.52999877929688,117.76000213623048,117.97000122070312,42032500
2005-01-18,80.61455535888672,119.47000122070312,119.62000274658205,117.9499969482422,118.0500030517578,57391700
2005-01-19,79.7710952758789,118.22000122070312,119.5199966430664,118.20999908447266,119.43000030517578,54378900
2005-01-20,79.28524780273438,117.5,118.1999969482422,117.29000091552734,117.88999938964844,72049300
2005-01-21,78.79942321777344,116.77999877929688,118.0,116.6500015258789,117.79000091552734,63160400
2005-01-24,78.64424133300781,116.5500030517578,117.33999633789062,116.37000274658205,117.08999633789062,58441900
2005-01-25,78.86688995361328,116.87999725341795,117.47000122070312,116.72000122070312,116.91000366210938,68245000
2005-01-26,79.10307312011719,117.2300033569336,117.5999984741211,117.04000091552734,117.31999969482422,57195100
2005-01-27,79.23802185058594,117.43000030517578,117.75,116.9800033569336,117.19000244140624,55878800
2005-01-28,79.23802185058594,117.43000030517578,117.5500030517578,116.61000061035156,117.48999786376952,60738900
2005-01-31,79.73058319091797,118.16000366210938,118.25,117.70999908447266,117.9499969482422,52532700
2005-02-01,80.23670196533203,118.91000366210938,119.08000183105467,118.0999984741211,118.25,49841200
2005-02-02,80.47957611083984,119.2699966430664,119.58999633789062,118.9000015258789,119.05999755859376,52468900
2005-02-03,80.27042388916016,118.95999908447266,119.16000366210938,118.56999969482422,119.05999755859376,48837100
2005-02-04,81.12740325927734,120.2300033569336,120.43000030517578,118.9800033569336,119.0,50024600
2005-02-07,81.0194091796875,120.06999969482422,120.5199966430664,119.95999908447266,120.25,45412000
2005-02-08,81.11388397216797,120.20999908447266,120.6500015258789,120.06999969482422,120.16999816894533,39263500
2005-02-09,80.50656127929688,119.30999755859376,120.48999786376952,119.25,120.41999816894533,55279400
2005-02-10,80.79673767089844,119.73999786376952,120.0199966430664,119.26000213623048,119.66000366210938,45858600
2005-02-11,81.49176788330078,120.7699966430664,121.04000091552734,119.45999908447266,119.6999969482422,53133000
2005-02-14,81.43098449707031,120.68000030517578,120.86000061035156,120.4800033569336,120.69000244140624,32432100
2005-02-15,81.73465728759766,121.12999725341795,121.43000030517578,120.68000030517578,120.8000030517578,43852700
2005-02-16,81.78864288330078,121.20999908447266,121.45999908447266,120.66999816894533,120.93000030517578,55523000
2005-02-17,81.12740325927734,120.2300033569336,121.33000183105467,120.22000122070312,121.2300033569336,58124000
2005-02-18,81.23530578613281,120.38999938964844,120.4800033569336,119.9000015258789,120.23999786376952,47723300
2005-02-22,80.02750396728516,118.5999984741211,120.47000122070312,118.58000183105467,119.9000015258789,80697600
2005-02-23,80.60105895996094,119.4499969482422,119.56999969482422,118.62000274658205,118.93000030517578,68292600
2005-02-24,81.13411712646484,120.23999786376952,120.31999969482422,118.9800033569336,119.23999786376952,68563600
2005-02-25,81.9371109008789,121.43000030517578,121.66999816894533,120.18000030517578,120.2699966430664,60899900
2005-02-28,81.39723205566406,120.62999725341795,121.3000030517578,120.04000091552734,121.1500015258789,69381300
2005-03-01,81.8021240234375,121.2300033569336,121.5199966430664,120.77999877929688,120.81999969482422,47294400
2005-03-02,81.76168060302734,121.16999816894533,121.93000030517578,120.6500015258789,120.76000213623048,64226500
2005-03-03,81.7953872680664,121.22000122070312,121.9000015258789,120.6999969482422,121.66000366210938,61230800
2005-03-04,82.81427764892578,122.7300033569336,122.83000183105467,121.79000091552734,122.0500030517578,56168500
2005-03-07,82.85478973388672,122.79000091552734,123.25,122.4000015258789,122.66000366210938,43442400
2005-03-08,82.54439544677734,122.33000183105467,123.0,122.11000061035156,122.66999816894533,44362000
2005-03-09,81.62670135498047,120.97000122070312,122.29000091552734,120.95999908447266,121.97000122070312,73263600
2005-03-10,81.80885314941406,121.23999786376952,121.5,120.4000015258789,121.1999969482422,65149000
2005-03-11,81.23530578613281,120.38999938964844,121.72000122070312,120.16000366210938,121.30999755859376,57976500
2005-03-14,81.74140930175781,121.13999938964844,121.16000366210938,120.27999877929688,120.61000061035156,36336400
2005-03-15,81.06664276123047,120.13999938964844,121.45999908447266,120.08000183105467,121.41999816894533,62438500
2005-03-16,80.3783950805664,119.12000274658205,120.16000366210938,118.9000015258789,119.6999969482422,74874200
2005-03-17,80.54029846191406,119.36000061035156,119.73999786376952,118.9800033569336,119.30999755859376,62584200
2005-03-18,80.30118560791016,118.54000091552734,119.52999877929688,118.1500015258789,119.11000061035156,60232000
2005-03-21,80.0031509399414,118.0999984741211,118.77999877929688,117.76000213623048,118.70999908447266,61244300
2005-03-22,79.1902084350586,116.9000015258789,118.93000030517578,116.9000015258789,118.37000274658205,92472400
2005-03-23,79.25796508789062,117.0,117.72000122070312,116.75,116.9499969482422,70817300
2005-03-24,79.3528060913086,117.13999938964844,117.98999786376952,117.05999755859376,117.45999908447266,51932500
2005-03-28,79.46796417236328,117.30999755859376,117.94000244140624,117.30999755859376,117.41999816894533,46765500
2005-03-29,78.9395980834961,116.52999877929688,117.9000015258789,116.25,117.13999938964844,71160300
2005-03-30,80.05731201171875,118.18000030517578,118.1999969482422,116.7699966430664,116.77999877929688,62002100
2005-03-31,79.90829467773438,117.95999908447266,118.45999908447266,117.87000274658205,118.19000244140624,64575400
2005-04-01,79.54925537109375,117.43000030517578,118.98999786376952,116.91000366210938,118.62999725341795,95255300
2005-04-04,79.68473815917969,117.62999725341795,117.86000061035156,116.73999786376952,117.36000061035156,71581200
2005-04-05,80.06409454345703,118.19000244140624,118.37999725341795,117.66999816894533,117.77999877929688,46853900
2005-04-06,80.3418197631836,118.5999984741211,118.9499969482422,118.18000030517578,118.4499969482422,53268200
2005-04-07,80.77538299560547,119.23999786376952,119.26000213623048,118.31999969482422,118.41000366210938,46734600
2005-04-08,79.93536376953125,118.0,119.20999908447266,118.0,119.16999816894533,63772900
2005-04-11,79.996337890625,118.08999633789062,118.41999816894533,117.83000183105467,118.29000091552734,44945000
2005-04-12,80.40957641601562,118.6999969482422,119.05999755859376,117.06999969482422,117.88999938964844,86144800
2005-04-13,79.461181640625,117.3000030517578,118.8000030517578,117.12999725341795,118.55999755859376,65949000
2005-04-14,78.42472076416016,115.7699966430664,117.5,115.7699966430664,117.4000015258789,96119800
2005-04-15,77.32730865478516,114.1500015258789,116.1999969482422,114.0999984741211,115.73999786376952,128677300
2005-04-18,77.56440734863281,114.5,114.95999908447266,113.95999908447266,114.12000274658205,100035200
2005-04-19,78.18090057373047,115.41000366210938,115.52999877929688,114.83000183105467,115.0999984741211,64930100
2005-04-20,77.09024047851562,113.8000030517578,115.62999725341795,113.5500030517578,115.37999725341795,107735900
2005-04-21,78.58731842041016,116.01000213623048,116.20999908447266,114.37999725341795,114.79000091552734,86952200
2005-04-22,78.28924560546875,115.56999969482422,116.5,114.2699966430664,115.73999786376952,88845800
2005-04-25,78.80409240722656,116.33000183105467,116.5,115.72000122070312,115.86000061035156,52284100
2005-04-26,78.0385971069336,115.1999969482422,116.7699966430664,115.1500015258789,115.95999908447266,72626000
2005-04-27,78.34343719482422,115.6500015258789,116.06999969482422,114.44000244140624,114.86000061035156,84131900
2005-04-28,77.3611831665039,114.1999969482422,115.68000030517578,114.1999969482422,115.2699966430664,72481500
2005-04-29,78.41120910644531,115.75,115.87000274658205,113.97000122070312,115.06999969482422,103993800
2005-05-02,78.85147857666016,116.4000015258789,116.41000366210938,115.5199966430664,116.06999969482422,56026400
2005-05-03,78.98699188232422,116.5999984741211,116.8499984741211,115.69000244140624,116.06999969482422,86000300
2005-05-04,79.5966567993164,117.5,117.75,116.27999877929688,116.6500015258789,81055700
2005-05-05,79.56958770751953,117.45999908447266,118.0,116.73999786376952,117.66999816894533,96906700
2005-05-06,79.31890869140625,117.08999633789062,117.98999786376952,117.05999755859376,117.93000030517578,67415400
2005-05-09,79.81344604492188,117.81999969482422,118.08000183105467,117.0500030517578,117.20999908447266,43750500
2005-05-10,78.98699188232422,116.5999984741211,117.5,116.38999938964844,117.36000061035156,74613500
2005-05-11,79.42054748535156,117.23999786376952,117.4000015258789,115.8499984741211,116.93000030517578,91647400
2005-05-12,78.54669952392578,115.9499969482422,117.58999633789062,115.9499969482422,117.31999969482422,95086800
2005-05-13,78.39088439941406,115.72000122070312,116.62000274658205,114.8000030517578,116.3000030517578,85267000
2005-05-16,79.12249755859375,116.8000030517578,116.83999633789062,115.66000366210938,115.6999969482422,49207000
2005-05-17,79.65086364746094,117.58000183105467,117.6999969482422,116.16000366210938,116.41000366210938,61071800
2005-05-18,80.47055053710938,118.79000091552734,119.08000183105467,118.01000213623048,118.08999633789062,77944900
2005-05-19,80.80924987792969,119.29000091552734,119.41000366210938,118.6999969482422,119.0199966430664,61768100
2005-05-20,80.69409942626953,119.12000274658205,119.38999938964844,118.73999786376952,119.33999633789062,46345500
2005-05-23,81.14122772216797,119.77999877929688,120.04000091552734,119.19000244140624,119.20999908447266,51047900
2005-05-24,80.95152282714844,119.5,119.83000183105467,119.1999969482422,119.44000244140624,50654100
2005-05-25,80.89053344726562,119.41000366210938,119.87000274658205,118.83000183105467,119.3499984741211,47608800
2005-05-26,81.32408142089844,120.0500030517578,120.20999908447266,119.62000274658205,119.79000091552734,43256200
2005-05-27,81.45957946777344,120.25,120.25,119.8000030517578,120.05999755859376,24596100
2005-05-31,80.93799591064453,119.4800033569336,120.16999816894533,119.4000015258789,120.08000183105467,43377200
2005-06-01,81.62891387939453,120.5,120.91999816894533,119.4499969482422,119.5199966430664,69611000
2005-06-02,81.80503845214844,120.76000213623048,120.83999633789062,120.0999984741211,120.2300033569336,39704500
2005-06-03,81.39180755615234,120.1500015258789,120.88999938964844,119.7300033569336,120.5500030517578,60999400
2005-06-06,81.31732940673828,120.04000091552734,120.1999969482422,119.5500030517578,119.9499969482422,36046400
2005-06-07,81.37825775146484,120.12999725341795,121.25,120.01000213623048,120.38999938964844,66501300
2005-06-08,81.22929382324219,119.91000366210938,120.58999633789062,119.66999816894533,120.43000030517578,46881200
2005-06-09,81.6153793334961,120.4800033569336,120.58000183105467,119.44000244140624,119.73999786376952,56653300
2005-06-10,81.42569732666016,120.1999969482422,120.6500015258789,119.5999984741211,120.55999755859376,36465300
2005-06-13,81.68312072753906,120.58000183105467,121.08000183105467,119.80999755859376,119.94000244140624,49383200
2005-06-14,81.8728256225586,120.86000061035156,121.1999969482422,120.37999725341795,120.4499969482422,33857100
2005-06-15,82.02857971191406,121.08999633789062,121.23999786376952,120.2300033569336,121.16000366210938,53195600
2005-06-16,82.23860168457031,121.4000015258789,121.63999938964844,120.91999816894533,121.05999755859376,46564500
2005-06-17,82.5433349609375,121.36000061035156,121.9000015258789,121.22000122070312,121.54000091552734,51529400
2005-06-20,82.57052612304688,121.4000015258789,121.83999633789062,120.94000244140624,121.08000183105467,41019400
2005-06-21,82.61815643310547,121.47000122070312,121.6500015258789,121.02999877929688,121.5,39879800
2005-06-22,82.68614959716797,121.56999969482422,121.94000244140624,121.06999969482422,121.68000030517578,46310100
2005-06-23,81.52308654785156,119.86000061035156,121.5999984741211,119.83000183105467,121.31999969482422,62185600
2005-06-24,80.92459106445312,118.9800033569336,120.01000213623048,118.83999633789062,119.87999725341795,58572500
2005-06-27,81.0401840209961,119.1500015258789,119.41000366210938,118.75,118.97000122070312,48183800
2005-06-28,81.72032928466797,120.1500015258789,120.23999786376952,119.37000274658205,119.4000015258789,41174200
2005-06-29,81.50270080566406,119.83000183105467,120.4000015258789,119.76000213623048,120.37000274658205,42316500
2005-06-30,81.06059265136719,119.18000030517578,120.31999969482422,118.9499969482422,120.22000122070312,62288800
2005-07-01,81.29865264892578,119.52999877929688,119.8000030517578,119.20999908447266,119.4499969482422,49737500
2005-07-05,81.95159912109375,120.48999786376952,120.6500015258789,119.19000244140624,119.25,51549000
2005-07-06,81.26466369628906,119.4800033569336,120.6500015258789,119.41000366210938,120.38999938964844,52363600
2005-07-07,81.58428192138672,119.9499969482422,119.9499969482422,118.26000213623048,118.29000091552734,103268800
2005-07-08,82.51615142822266,121.31999969482422,121.31999969482422,119.72000122070312,119.97000122070312,64491200
2005-07-11,82.93779754638672,121.94000244140624,122.0999984741211,121.30999755859376,121.33000183105467,49688300
2005-07-12,83.15542602539062,122.26000213623048,122.62999725341795,121.63999938964844,121.98999786376952,51871100
2005-07-13,83.27111053466797,122.43000030517578,122.5199966430664,121.98999786376952,122.2699966430664,41182300
2005-07-14,83.59751892089844,122.91000366210938,123.44000244140624,122.48999786376952,122.9800033569336,63638800
2005-07-15,83.5499496459961,122.83999633789062,123.04000091552734,122.36000061035156,122.79000091552734,56075900
2005-07-18,83.21669006347656,122.3499984741211,122.62999725341795,122.0500030517578,122.5,56598400
2005-07-19,83.67234802246094,123.0199966430664,123.11000061035156,122.41000366210938,122.70999908447266,59165700
2005-07-20,83.95803833007812,123.44000244140624,123.7300033569336,122.3000030517578,122.58999633789062,69477000
2005-07-21,83.46833801269531,122.72000122070312,123.61000061035156,122.47000122070312,123.5500030517578,101110900
2005-07-22,84.02605438232422,123.54000091552734,123.55999755859376,122.62999725341795,122.87999725341795,52607100
2005-07-25,83.7879867553711,123.19000244140624,123.9499969482422,122.8499984741211,123.41000366210938,57301600
2005-07-26,83.89002227783203,123.33999633789062,123.52999877929688,122.9499969482422,123.2300033569336,42758800
2005-07-27,84.19607543945312,123.79000091552734,123.88999938964844,123.0500030517578,123.5,43181600
2005-07-28,84.72660064697266,124.56999969482422,124.63999938964844,123.63999938964844,123.95999908447266,47880700
2005-07-29,84.16209411621094,123.73999786376952,124.62999725341795,123.5,124.41000366210938,62358100
2005-08-01,84.10083770751953,123.6500015258789,124.04000091552734,123.4499969482422,123.83000183105467,40418200
2005-08-02,84.60418701171875,124.38999938964844,124.5999984741211,123.73999786376952,123.87000274658205,45147400
2005-08-03,84.82860565185547,124.72000122070312,124.73999786376952,124.12000274658205,124.25,36837200
2005-08-04,84.14847564697266,123.72000122070312,124.30999755859376,123.56999969482422,124.2300033569336,50855600
2005-08-05,83.5771484375,122.87999725341795,123.9800033569336,122.66999816894533,123.4499969482422,53595500
2005-08-08,83.42070007324219,122.6500015258789,123.41000366210938,122.37999725341795,123.1500015258789,47616000
2005-08-09,83.92401885986328,123.38999938964844,123.58999633789062,122.87000274658205,123.05999755859376,47170000
2005-08-10,83.88324737548828,123.33000183105467,124.5,122.81999969482422,123.81999969482422,72863700
2005-08-11,84.21649169921875,123.81999969482422,124.02999877929688,123.01000213623048,123.2699966430664,58570200
2005-08-12,83.69957733154297,123.05999755859376,123.69000244140624,122.75,123.56999969482422,54776900
2005-08-15,84.21649169921875,123.81999969482422,123.87000274658205,122.83000183105467,123.22000122070312,36208500
2005-08-16,83.12142944335938,122.20999908447266,123.5199966430664,122.08999633789062,123.44000244140624,71942100
2005-08-17,83.11460876464844,122.1999969482422,122.87000274658205,122.02999877929688,122.19000244140624,62275100
2005-08-18,83.10787200927734,122.19000244140624,122.55999755859376,121.83999633789062,122.0500030517578,53388600
2005-08-19,83.29828643798828,122.47000122070312,122.81999969482422,122.1999969482422,122.62999725341795,39842100
2005-08-22,83.29828643798828,122.47000122070312,123.2300033569336,121.87999725341795,122.58000183105467,69912000
2005-08-23,83.14185333251953,122.23999786376952,122.61000061035156,121.1500015258789,122.5,55168600
2005-08-24,82.40045928955078,121.1500015258789,122.7300033569336,121.08999633789062,121.94000244140624,79104600
2005-08-25,82.69975280761719,121.58999633789062,121.66999816894533,121.20999908447266,121.3499984741211,35631100
2005-08-26,82.13521575927734,120.76000213623048,121.48999786376952,120.68000030517578,121.4800033569336,61956800
2005-08-29,82.76776885986328,121.69000244140624,121.77999877929688,120.37999725341795,120.41000366210938,56179200
2005-08-30,82.33248138427734,121.0500030517578,121.3000030517578,120.38999938964844,121.25,74160200
2005-08-31,83.37309265136719,122.58000183105467,122.66000366210938,120.73999786376952,121.19000244140624,102945200
2005-09-01,83.31190490722656,122.48999786376952,123.1500015258789,121.13999938964844,122.5199966430664,74578700
2005-09-02,83.16223907470703,122.2699966430664,122.87999725341795,122.04000091552734,122.8499984741211,47653400
2005-09-06,84.13484954833984,123.6999969482422,123.8000030517578,122.6500015258789,122.66000366210938,57251300
2005-09-07,84.27770233154297,123.91000366210938,124.12999725341795,123.45999908447266,123.62999725341795,41749700
2005-09-08,83.9988784790039,123.5,124.0,123.30999755859376,123.66000366210938,39068700
2005-09-09,84.74699401855469,124.5999984741211,124.73999786376952,123.8000030517578,123.83000183105467,43093900
2005-09-12,84.57696533203125,124.3499984741211,124.66999816894533,124.2699966430664,124.4499969482422,33017600
2005-09-13,84.10768127441406,123.66000366210938,124.41999816894533,123.5199966430664,124.12999725341795,58427500
2005-09-14,83.8016128540039,123.20999908447266,123.91999816894533,123.0199966430664,123.73999786376952,57694600
2005-09-15,83.76081085205078,123.1500015258789,123.6500015258789,122.9000015258789,123.58999633789062,73156900
2005-09-16,84.35639190673828,123.5,123.73999786376952,122.87000274658205,123.3000030517578,75424100
2005-09-19,84.07635498046875,123.08999633789062,123.5500030517578,122.63999938964844,123.47000122070312,53355300
2005-09-20,83.3659896850586,122.0500030517578,123.61000061035156,121.87000274658205,123.1999969482422,84480300
2005-09-21,82.58733367919922,120.91000366210938,121.87000274658205,120.77999877929688,121.79000091552734,94469100
2005-09-22,82.8810043334961,121.33999633789062,121.66000366210938,120.44000244140624,120.9499969482422,84597200
2005-09-23,82.9493179321289,121.44000244140624,121.88999938964844,120.9000015258789,121.23999786376952,59368100
2005-09-26,83.04496765136719,121.58000183105467,122.23999786376952,121.08000183105467,122.0199966430664,70415400
2005-09-27,83.02444458007812,121.5500030517578,121.98999786376952,121.0199966430664,121.5199966430664,66150800
2005-09-28,83.10643005371094,121.66999816894533,122.12000274658205,121.1999969482422,121.93000030517578,58620500
2005-09-29,83.78263092041016,122.66000366210938,122.86000061035156,121.08000183105467,121.5500030517578,66607700
2005-09-30,84.04220581054688,123.04000091552734,123.04000091552734,121.73999786376952,122.62000274658205,47824200
2005-10-03,83.74163818359375,122.5999984741211,123.33999633789062,122.4499969482422,122.95999908447266,50994800
2005-10-04,82.79907989501953,121.22000122070312,123.02999877929688,121.16000366210938,122.79000091552734,60776300
2005-10-05,81.71300506591797,119.62999725341795,121.30999755859376,119.56999969482422,121.25,106052100
2005-10-06,81.41929626464844,119.1999969482422,120.26000213623048,118.16999816894533,119.77999877929688,140941800
2005-10-07,81.69937896728516,119.61000061035156,120.0500030517578,119.12999725341795,119.6999969482422,75661400
2005-10-10,81.00945281982422,118.5999984741211,119.70999908447266,118.3000030517578,119.68000030517578,52677000
2005-10-11,80.89334106445312,118.43000030517578,119.38999938964844,118.31999969482422,118.98999786376952,75629800
2005-10-12,80.25809478759766,117.5,119.12999725341795,117.41000366210938,118.38999938964844,100510400
2005-10-13,80.2103042602539,117.43000030517578,118.08000183105467,116.87999725341795,117.45999908447266,99052900
2005-10-14,81.05726623535156,118.66999816894533,118.80999755859376,117.55999755859376,118.12000274658205,88651000
2005-10-17,81.35783386230469,119.11000061035156,119.2699966430664,118.4499969482422,118.8000030517578,68109300
2005-10-18,80.4766845703125,117.81999969482422,118.95999908447266,117.8000030517578,118.94000244140624,74996900
2005-10-19,81.81549072265625,119.77999877929688,119.8000030517578,117.12000274658205,117.5,116563800
2005-10-20,80.3742446899414,117.66999816894533,119.80999755859376,117.3000030517578,119.48999786376952,131966700
2005-10-21,80.68843078613281,118.12999725341795,118.77999877929688,117.51000213623048,118.29000091552734,96579500
2005-10-24,81.93844604492188,119.95999908447266,120.08999633789062,118.41000366210938,118.44000244140624,71308400
2005-10-25,81.77449798583984,119.72000122070312,120.23999786376952,118.94000244140624,119.72000122070312,76594500
2005-10-26,81.535400390625,119.37000274658205,120.54000091552734,119.19000244140624,119.51000213623048,80855800
2005-10-27,80.66796112060547,118.0999984741211,119.37000274658205,117.93000030517578,119.1999969482422,66623100
2005-10-28,81.82908630371094,119.8000030517578,119.9499969482422,118.0999984741211,118.43000030517578,72322000
2005-10-31,82.05450439453125,120.12999725341795,121.3000030517578,120.12999725341795,120.29000091552734,77698900
2005-11-01,82.30042266845703,120.48999786376952,120.9000015258789,120.22000122070312,120.58000183105467,66365100
2005-11-02,83.16107177734375,121.75,121.75,120.12999725341795,120.16999816894533,74012300
2005-11-03,83.5162582397461,122.2699966430664,122.66000366210938,121.75,122.1500015258789,84897600
2005-11-04,83.406982421875,122.11000061035156,122.45999908447266,121.5500030517578,122.4000015258789,59156000
2005-11-07,83.48895263671875,122.2300033569336,122.62000274658205,121.8499984741211,122.37000274658205,46765400
2005-11-08,83.48895263671875,122.2300033569336,122.41999816894533,121.79000091552734,121.93000030517578,42152800
2005-11-09,83.59825134277344,122.38999938964844,122.9499969482422,121.86000061035156,122.08000183105467,57666800
2005-11-10,84.24710083007812,123.33999633789062,123.5199966430664,121.75,122.33999633789062,79048100
2005-11-11,84.53401947021484,123.76000213623048,123.83999633789062,122.43000030517578,123.3499984741211,34867000
2005-11-14,84.48619842529297,123.69000244140624,124.0199966430664,123.37999725341795,123.79000091552734,45092200
2005-11-15,84.1788101196289,123.23999786376952,124.08999633789062,122.86000061035156,123.5500030517578,69592500
2005-11-16,84.34957122802734,123.48999786376952,123.5500030517578,122.9800033569336,123.37000274658205,51133000
2005-11-17,85.13508605957031,124.63999938964844,124.6500015258789,123.13999938964844,123.68000030517578,55717500
2005-11-18,85.46976470947266,125.12999725341795,125.27999877929688,124.33000183105467,125.05999755859376,72437200
2005-11-21,85.90007019042969,125.76000213623048,125.91000366210938,124.9800033569336,125.1500015258789,50021200
2005-11-22,86.2689437866211,126.3000030517578,126.5199966430664,125.41999816894533,125.55999755859376,66438800
2005-11-23,86.767578125,127.02999877929688,127.41000366210938,126.20999908447266,126.25,50854700
2005-11-25,86.83584594726562,127.12999725341795,127.22000122070312,126.80999755859376,126.9800033569336,15270000
2005-11-28,86.22113037109375,126.2300033569336,127.2699966430664,126.04000091552734,127.25,54498500
2005-11-29,86.12550354003906,126.08999633789062,126.9800033569336,126.08999633789062,126.6500015258789,51738900
2005-11-30,85.66099548339844,125.41000366210938,126.5199966430664,125.29000091552734,126.16000366210938,56007200
2005-12-01,86.53533172607422,126.69000244140624,127.02999877929688,125.9800033569336,126.0199966430664,65468200
2005-12-02,86.64464569091797,126.8499984741211,127.08000183105467,126.5,126.7699966430664,46699400
2005-12-05,86.4602279663086,126.58000183105467,126.7300033569336,126.18000030517578,126.6999969482422,59273400
2005-12-06,86.6241226196289,126.81999969482422,127.73999786376952,126.62999725341795,127.0500030517578,57935200
2005-12-07,86.11866760253906,126.08000183105467,126.87000274658205,125.68000030517578,126.7699966430664,66816500
2005-12-08,86.06402587890625,126.0,126.81999969482422,125.4800033569336,126.22000122070312,62608600
2005-12-09,86.28942108154297,126.33000183105467,126.77999877929688,125.81999969482422,126.16000366210938,50744500
2005-12-12,86.37138366699219,126.4499969482422,126.86000061035156,125.95999908447266,126.70999908447266,48389900
2005-12-13,86.95884704589844,127.30999755859376,127.6999969482422,126.29000091552734,126.41999816894533,88630900
2005-12-14,87.30035400390625,127.80999755859376,128.08999633789062,127.13999938964844,127.19000244140624,64375000
2005-12-15,87.04759979248047,127.44000244140624,128.0,127.18000030517578,127.83999633789062,55900300
2005-12-16,86.76746368408203,126.36000061035156,127.36000061035156,126.36000061035156,127.27999877929688,46238300
2005-12-19,86.32111358642578,125.70999908447266,126.87000274658205,125.69000244140624,126.7300033569336,48733000
2005-12-20,86.40348815917969,125.83000183105467,126.58999633789062,125.4800033569336,125.86000061035156,46603200
2005-12-21,86.54082489013672,126.02999877929688,126.76000213623048,125.8000030517578,126.22000122070312,51806900
2005-12-22,86.99405670166016,126.69000244140624,126.69000244140624,126.08000183105467,126.30999755859376,32247900
2005-12-23,87.04210662841797,126.76000213623048,126.86000061035156,126.41999816894533,126.77999877929688,27977300
2005-12-27,86.15631866455078,125.47000122070312,127.0500030517578,125.37999725341795,126.95999908447266,44499500
2005-12-28,86.34860229492188,125.75,125.98999786376952,125.5,125.73999786376952,30764300
2005-12-29,85.96405029296875,125.19000244140624,125.95999908447266,125.05999755859376,125.72000122070312,32788900
2005-12-30,85.49708557128906,124.51000213623048,125.05999755859376,124.36000061035156,124.8000030517578,44645600
2006-01-03,87.00090789794922,126.6999969482422,127.0,124.38999938964844,125.19000244140624,73256700
2006-01-04,87.41291046142578,127.3000030517578,127.48999786376952,126.6999969482422,126.86000061035156,51899600
2006-01-05,87.46786499023438,127.37999725341795,127.58999633789062,126.87999725341795,127.1500015258789,47307500
2006-01-06,88.19577026367188,128.44000244140625,128.5800018310547,127.36000061035156,128.02000427246094,62885900
2006-01-09,88.42231750488281,128.77000427246094,129.05999755859375,128.3800048828125,128.4199981689453,43527400
2006-01-10,88.5115966796875,128.89999389648438,128.97999572753906,128.25999450683594,128.38999938964844,44960800
2006-01-11,88.79310607910156,129.30999755859375,129.44000244140625,128.72999572753906,129.02000427246094,49598900
2006-01-12,88.44293212890625,128.8000030517578,129.27999877929688,128.44000244140625,129.0800018310547,40509200
2006-01-13,88.3604965209961,128.67999267578125,128.89999389648438,128.1999969482422,128.57000732421875,44856700
2006-01-17,88.1202163696289,128.3300018310547,128.4199981689453,127.80999755859376,128.1999969482422,52066600
2006-01-18,87.7699966430664,127.81999969482422,128.89999389648438,127.16000366210938,127.58000183105467,75067600
2006-01-19,88.10647583007812,128.30999755859375,128.77000427246094,127.80999755859376,128.1300048828125,81530400
2006-01-20,86.49964141845703,125.97000122070312,128.30999755859375,125.97000122070312,128.27999877929688,114957800
2006-01-23,86.80863189697266,126.41999816894533,126.81999969482422,126.12999725341795,126.20999908447266,67017400
2006-01-24,86.89791870117188,126.5500030517578,127.1500015258789,126.41999816894533,126.62999725341795,53008800
2006-01-25,86.97348022460938,126.66000366210938,127.18000030517578,125.83999633789062,127.04000091552734,87747700
2006-01-26,87.4541015625,127.36000061035156,127.66999816894533,126.76000213623048,127.25,71294000
2006-01-27,88.26437377929688,128.5399932861328,128.66000366210938,127.4499969482422,127.66000366210938,65771200
2006-01-30,88.19577026367188,128.44000244140625,128.80999755859375,128.35000610351562,128.44000244140625,33709600
2006-01-31,87.55025482177734,127.5,128.5399932861328,127.48999786376952,128.32000732421875,72937000
2006-02-01,88.16139221191406,128.38999938964844,128.42999267578125,127.72000122070312,127.81999969482422,63561000
2006-02-02,87.13825225830078,126.9000015258789,128.13999938964844,126.8000030517578,128.10000610351562,83626900
2006-02-03,86.70564270019531,126.2699966430664,128.38999938964844,126.13999938964844,126.58000183105467,86040400
2006-02-06,86.9322509765625,126.5999984741211,126.8000030517578,126.16999816894533,126.44000244140624,45511900
2006-02-07,86.16317749023438,125.4800033569336,126.66000366210938,125.4000015258789,126.37999725341795,71208100
2006-02-08,86.94599914550781,126.62000274658205,128.10000610351562,125.5999984741211,125.8499984741211,59422200
2006-02-09,86.80177307128906,126.41000366210938,127.5999984741211,126.37000274658205,126.91999816894533,62023300
2006-02-10,86.95972442626953,126.63999938964844,127.12999725341795,125.4499969482422,126.43000030517578,64508700
2006-02-13,86.80177307128906,126.41000366210938,126.79000091552734,125.9499969482422,126.5999984741211,52308700
2006-02-14,87.72190856933594,127.75,128.02999877929688,126.20999908447266,126.45999908447266,90964400
2006-02-15,88.03093719482422,128.1999969482422,128.32000732421875,127.23999786376952,127.68000030517578,85471300
2006-02-16,88.69012451171875,129.16000366210938,129.2100067138672,128.17999267578125,128.33999633789062,61017900
2006-02-17,88.44981384277344,128.80999755859375,129.16000366210938,128.5800018310547,129.0500030517578,40342600
2006-02-21,88.23006439208984,128.49000549316406,129.39999389648438,128.2899932861328,129.11000061035156,46456300
2006-02-22,88.76567077636719,129.27000427246094,129.64999389648438,128.64999389648438,128.77000427246094,42326700
2006-02-23,88.63518524169922,129.0800018310547,129.63999938964844,128.27999877929688,129.27000427246094,43423200
2006-02-24,88.86177062988281,129.41000366210938,129.47999572753906,128.75999450683594,129.11000061035156,36777400
2006-02-27,88.89612579345703,129.4600067138672,130.0399932861328,129.27999877929688,129.39999389648438,35858600
2006-02-28,88.051513671875,128.22999572753906,129.91000366210938,128.1300048828125,129.1999969482422,74394800
2006-03-01,88.83431243896484,129.3699951171875,129.49000549316406,128.5,128.60000610351562,48641600
2006-03-02,88.82748413085938,129.36000061035156,129.4199981689453,128.61000061035156,128.89999389648438,60642300
2006-03-03,88.41543579101562,128.75999450683594,130.07000732421875,128.64999389648438,128.6699981689453,73402500
2006-03-06,88.01033782958984,128.1699981689453,129.17999267578125,127.8499984741211,129.13999938964844,57478400
2006-03-07,87.8730239868164,127.97000122070312,128.05999755859375,127.4000015258789,127.86000061035156,61780800
2006-03-08,88.05839538574219,128.24000549316406,128.44000244140625,127.18000030517578,127.6999969482422,66692400
2006-03-09,87.46786499023438,127.37999725341795,128.67999267578125,127.37999725341795,128.27999877929688,56313600
2006-03-10,88.29872131347656,128.58999633789062,128.83999633789062,127.44000244140624,127.70999908447266,60490800
2006-03-13,88.4635238647461,128.8300018310547,129.16000366210938,128.52999877929688,128.83999633789062,45479100
2006-03-14,89.39051055908203,130.17999267578125,130.22999572753906,128.61000061035156,128.7100067138672,69877300
2006-03-15,89.78878784179688,130.75999450683594,130.86000061035156,129.85000610351562,130.14999389648438,53398900
2006-03-16,89.97418212890625,131.02999877929688,131.47000122070312,130.83999633789062,131.00999450683594,65526400
2006-03-17,90.0493392944336,130.6199951171875,130.89999389648438,130.3800048828125,130.67999267578125,47286800
2006-03-20,89.90454864501953,130.41000366210938,130.89999389648438,130.2100067138672,130.63999938964844,45538500
2006-03-21,89.3392562866211,129.58999633789062,130.99000549316406,129.4499969482422,130.3699951171875,87102700
2006-03-22,89.8838882446289,130.3800048828125,130.50999450683594,129.4499969482422,129.50999450683594,51605700
2006-03-23,89.69773864746094,130.11000061035156,130.38999938964844,129.66000366210938,130.25999450683594,46704200
2006-03-24,89.76667022705078,130.2100067138672,130.57000732421875,129.74000549316406,129.99000549316406,43209200
2006-03-27,89.63566589355469,130.02000427246094,130.27999877929688,129.74000549316406,130.02999877929688,32523000
2006-03-28,89.08415985107422,129.22000122070312,130.52999877929688,129.0500030517578,129.92999267578125,82079900
2006-03-29,89.64259338378906,130.02999877929688,130.5,129.2899932861328,129.41000366210938,61505700
2006-03-30,89.48404693603516,129.8000030517578,130.97999572753906,129.5500030517578,130.11000061035156,70571700
2006-03-31,89.50469207763672,129.8300018310547,130.24000549316406,129.3699951171875,130.02000427246094,62925600
2006-04-03,89.4357681274414,129.72999572753906,130.8699951171875,129.49000549316406,130.07000732421875,61624700
2006-04-04,90.00794982910156,130.55999755859375,130.72999572753906,129.36000061035156,129.72999572753906,54809300
2006-04-05,90.31818389892578,131.00999450683594,131.27999877929688,130.3800048828125,130.61000061035156,50607200
2006-04-06,90.22166442871094,130.8699951171875,131.2100067138672,130.19000244140625,130.85000610351562,57906200
2006-04-07,89.30477905273438,129.5399932861328,131.39999389648438,129.35000610351562,131.05999755859375,80180900
2006-04-10,89.4426498413086,129.74000549316406,130.0800018310547,129.25999450683594,129.74000549316406,41496500
2006-04-11,88.6843490600586,128.63999938964844,130.05999755859375,128.25,129.85000610351562,72799400
2006-04-12,88.84976196289062,128.8800048828125,129.1300048828125,128.61000061035156,128.77000427246094,43033700
2006-04-13,88.7325668334961,128.7100067138672,129.25,128.30999755859375,128.58999633789062,51051800
2006-04-17,88.69812774658203,128.66000366210938,129.30999755859375,128.02000427246094,128.8300018310547,64167700
2006-04-18,90.1044692993164,130.6999969482422,130.94000244140625,128.92999267578125,128.92999267578125,92531800
2006-04-19,90.27682495117188,130.9499969482422,131.07000732421875,130.24000549316406,130.75,87269000
2006-04-20,90.40093994140624,131.1300048828125,131.86000061035156,130.60000610351562,131.0,86005500
2006-04-21,90.4147491455078,131.14999389648438,131.7899932861328,130.6199951171875,131.69000244140625,72342600
2006-04-24,90.24925994873048,130.91000366210938,131.07000732421875,130.3800048828125,130.88999938964844,52546400
2006-04-25,89.87699127197266,130.3699951171875,131.1199951171875,129.9199981689453,131.0399932861328,84359800
2006-04-26,89.89765930175781,130.39999389648438,131.13999938964844,130.3000030517578,130.5,67262400
2006-04-27,90.33197021484376,131.02999877929688,131.6300048828125,129.58999633789062,129.89999389648438,124478600
2006-04-28,90.63532257080078,131.47000122070312,131.75,130.7100067138672,130.7899932861328,55854400
2006-05-01,89.89765930175781,130.39999389648438,131.8000030517578,130.32000732421875,131.47000122070312,64990300
2006-05-02,90.57325744628906,131.3800048828125,131.4600067138672,130.74000549316406,131.00999450683594,49063500
2006-05-03,90.23545837402344,130.88999938964844,131.32000732421875,130.4499969482422,131.14999389648438,60821300
2006-05-04,90.55947875976562,131.36000061035156,131.6199951171875,130.97000122070312,131.0800018310547,42921400
2006-05-05,91.35919952392578,132.52000427246094,132.8000030517578,131.85000610351562,132.0500030517578,62588200
2006-05-08,91.24889373779295,132.36000061035156,132.77000427246094,132.36000061035156,132.50999450683594,30016700
2006-05-09,91.42813873291016,132.6199951171875,132.77000427246094,132.30999755859375,132.4199981689453,29864000
2006-05-10,91.37989044189452,132.5500030517578,132.75,131.88999938964844,132.41000366210938,64378200
2006-05-11,90.27682495117188,130.9499969482422,132.5500030517578,130.52000427246094,132.50999450683594,80626900
2006-05-12,89.09798431396484,129.24000549316406,130.72000122070312,129.19000244140625,130.36000061035156,91726500
2006-05-15,89.27723693847656,129.5,129.74000549316406,128.61000061035156,128.7899932861328,84029300
2006-05-16,89.14619445800781,129.30999755859375,130.0,129.00999450683594,129.75999450683594,62137600
2006-05-17,87.45032501220703,126.8499984741211,129.10000610351562,126.7699966430664,128.6699981689453,144789500
2006-05-18,87.00904083251953,126.20999908447266,127.75,126.11000061035156,127.3499984741211,87906300
2006-05-19,87.62264251708984,127.0999984741211,127.48999786376952,125.8000030517578,126.87000274658205,124309400
2006-05-22,86.95394134521484,126.12999725341795,127.16999816894533,125.5,126.27999877929688,110852800
2006-05-23,86.2921142578125,125.16999816894533,127.62999725341795,125.16999816894533,127.18000030517578,92006500
2006-05-24,86.98149871826172,126.16999816894533,126.88999938964844,124.76000213623048,125.68000030517578,168405000
2006-05-25,88.05696868896484,127.7300033569336,127.7300033569336,126.43000030517578,126.91999816894533,78977900
2006-05-26,88.5051040649414,128.3800048828125,128.3800048828125,127.51000213623048,128.00999450683594,62989700
2006-05-30,86.9332504272461,126.0999984741211,128.0,126.0500030517578,127.97000122070312,72419900
2006-05-31,87.90531921386719,127.51000213623048,127.51000213623048,126.1999969482422,126.62000274658205,86926200
2006-06-01,88.74638366699219,128.72999572753906,128.94000244140625,127.2699966430664,127.37999725341795,73721700
2006-06-02,88.93252563476562,129.0,129.42999267578125,128.32000732421875,129.25,91702600
2006-06-05,87.63648986816406,127.12000274658205,128.86000061035156,126.7699966430664,128.85000610351562,86105100
2006-06-06,87.42274475097656,126.80999755859376,127.37999725341795,125.76000213623048,127.20999908447266,130498600
2006-06-07,86.7677993774414,125.86000061035156,127.6500015258789,125.79000091552734,126.91000366210938,108599400
2006-06-08,86.6919937133789,125.75,126.5,123.87000274658205,125.58000183105467,204957200
2006-06-09,86.41620635986328,125.3499984741211,126.95999908447266,125.29000091552734,126.36000061035156,94972200
2006-06-12,85.47863006591797,123.98999786376952,125.93000030517578,123.81999969482422,125.87999725341795,95815900
2006-06-13,84.48587799072266,122.5500030517578,124.83999633789062,122.5500030517578,123.73999786376952,185688800
2006-06-14,85.14083099365234,123.5,123.62999725341795,122.33999633789062,122.83999633789062,163566400
2006-06-15,86.94702911376953,126.12000274658205,126.36000061035156,123.86000061035156,123.9499969482422,134057000
2006-06-16,86.31343841552734,124.6500015258789,125.55999755859376,124.45999908447266,125.29000091552734,94253500
2006-06-19,85.63487243652344,123.66999816894533,125.4800033569336,123.5500030517578,125.4000015258789,95804400
2006-06-20,85.92568969726562,124.08999633789062,124.80999755859376,123.72000122070312,124.01000213623048,65494700
2006-06-21,86.56271362304688,125.01000213623048,125.6999969482422,123.95999908447266,124.0,75008200
2006-06-22,86.18187713623047,124.45999908447266,125.05999755859376,124.04000091552734,124.9499969482422,74566100
2006-06-23,86.16805267333984,124.44000244140624,125.3000030517578,124.02999877929688,124.33000183105467,54107000
2006-06-26,86.54887390136719,124.98999786376952,125.05999755859376,124.25,124.54000091552734,37899600
2006-06-27,85.8010482788086,123.91000366210938,125.29000091552734,123.7699966430664,125.01000213623048,69780200
2006-06-28,86.3827133178711,124.75,124.7699966430664,123.6500015258789,124.19000244140624,62368100
2006-06-29,88.12765502929688,127.2699966430664,127.3499984741211,125.16999816894533,125.1999969482422,110634800
2006-06-30,88.13461303710938,127.27999877929688,127.66000366210938,126.95999908447266,127.54000091552734,54227800
2006-07-03,88.49465942382812,127.8000030517578,128.00999450683594,127.30999755859376,127.43000030517578,23914000
2006-07-05,87.98916625976562,127.06999969482422,127.4499969482422,126.5199966430664,127.29000091552734,69653400
2006-07-06,88.24537658691406,127.44000244140624,127.8499984741211,127.08000183105467,127.1999969482422,50100300
2006-07-07,87.67066192626953,126.61000061035156,127.55999755859376,126.29000091552734,127.19000244140624,81626500
2006-07-10,87.83682250976562,126.8499984741211,127.43000030517578,126.41000366210938,126.94000244140624,60964100
2006-07-11,88.22459411621094,127.41000366210938,127.41000366210938,125.94000244140624,126.61000061035156,73640800
2006-07-12,87.28288269042969,126.0500030517578,127.4000015258789,125.72000122070312,127.1500015258789,82561300
2006-07-13,85.86334228515625,124.0,125.68000030517578,124.0,125.4499969482422,102405700
2006-07-14,85.5309829711914,123.5199966430664,124.26000213623048,122.83000183105467,124.12999725341795,103242500
2006-07-17,85.40634155273438,123.33999633789062,124.0999984741211,123.1500015258789,123.5199966430664,81159000
2006-07-18,85.84259796142578,123.97000122070312,124.0500030517578,122.38999938964844,123.70999908447266,122771000
2006-07-19,87.0335922241211,125.69000244140624,126.26000213623048,123.72000122070312,124.18000030517578,133565300
2006-07-20,86.4380874633789,124.83000183105467,126.3000030517578,124.66000366210938,126.12000274658205,112259800
2006-07-21,85.8287353515625,123.9499969482422,125.19000244140624,123.81999969482422,125.1500015258789,101560000
2006-07-24,87.39368438720703,126.20999908447266,126.31999969482422,124.44000244140624,124.44000244140624,92884000
2006-07-25,87.70526885986328,126.66000366210938,127.3000030517578,125.72000122070312,125.9800033569336,95480700
2006-07-26,87.82300567626953,126.83000183105467,127.4499969482422,126.18000030517578,126.58999633789062,84525800
2006-07-27,87.73991394042969,126.70999908447266,127.69000244140624,126.1999969482422,127.37999725341795,87257100
2006-07-28,88.61929321289062,127.9800033569336,128.13999938964844,126.86000061035156,127.04000091552734,82137000
2006-07-31,88.52928924560547,127.8499984741211,127.95999908447266,127.4499969482422,127.66000366210938,49593100
2006-08-01,88.09303283691406,127.22000122070312,127.37999725341795,126.5999984741211,127.33999633789062,65225600
2006-08-02,88.68854522705078,128.0800018310547,128.4600067138672,127.5500030517578,127.58000183105467,64770900
2006-08-03,88.92395782470703,128.4199981689453,128.5500030517578,127.1500015258789,127.33999633789062,63693800
2006-08-04,88.77162170410156,128.1999969482422,129.42999267578125,127.4800033569336,129.0800018310547,96294200
2006-08-07,88.56391143798828,127.9000015258789,128.0800018310547,127.4000015258789,127.9000015258789,45377300
2006-08-08,88.22459411621094,127.41000366210938,128.4600067138672,126.9499969482422,128.08999633789062,90901300
2006-08-09,87.92683410644531,126.9800033569336,128.60000610351562,126.61000061035156,128.17999267578125,78910600
2006-08-10,88.1969223022461,127.37000274658205,127.5,126.27999877929688,126.58000183105467,69322300
2006-08-11,87.94761657714844,127.01000213623048,127.1999969482422,126.38999938964844,127.16999816894533,47482200
2006-08-14,88.01690673828125,127.11000061035156,128.16000366210938,126.91999816894533,127.62999725341795,57839000
2006-08-15,89.06938171386719,128.6300048828125,128.8699951171875,127.9000015258789,128.25,68143000
2006-08-16,89.8102798461914,129.6999969482422,129.88999938964844,129.0399932861328,129.32000732421875,71737600
2006-08-17,90.0387954711914,130.02999877929688,130.3699951171875,129.49000549316406,129.5800018310547,70992800
2006-08-18,90.49584197998048,130.69000244140625,130.69000244140625,129.58999633789062,130.19000244140625,58288400
2006-08-21,90.10807037353516,130.1300048828125,130.27999877929688,129.8000030517578,130.17999267578125,42133600
2006-08-22,90.10112762451172,130.1199951171875,130.52000427246094,129.67999267578125,129.99000549316406,60839900
2006-08-23,89.8518295288086,129.75999450683594,130.44000244140625,129.19000244140625,130.17999267578125,66592100
2006-08-24,89.77569580078125,129.64999389648438,130.10000610351562,129.39999389648438,129.99000549316406,57983000
2006-08-25,89.88642883300781,129.80999755859375,130.25,129.5500030517578,129.63999938964844,41756000
2006-08-28,90.31581115722656,130.42999267578125,130.82000732421875,129.63999938964844,129.64999389648438,52681500
2006-08-29,90.41963958740234,130.5800018310547,130.8300018310547,129.80999755859375,130.49000549316406,61817800
2006-08-30,90.47505950927734,130.66000366210938,131.0399932861328,130.5500030517578,130.8699951171875,50052200
2006-08-31,90.46121978759766,130.63999938964844,130.99000549316406,130.5800018310547,130.85000610351562,37510300
2006-09-01,91.00130462646484,131.4199981689453,131.5800018310547,130.83999633789062,131.13999938964844,48794500
2006-09-05,91.17443084716795,131.6699981689453,131.85000610351562,131.1999969482422,131.50999450683594,52348300
2006-09-06,90.37117767333984,130.50999450683594,131.16000366210938,130.3300018310547,131.11000061035156,53795600
2006-09-07,89.95575714111328,129.91000366210938,130.57000732421875,129.35000610351562,130.05999755859375,86269400
2006-09-08,90.21192932128906,130.27999877929688,130.4600067138672,129.8300018310547,130.0800018310547,45096300
2006-09-11,90.30194091796876,130.41000366210938,130.69000244140625,129.47999572753906,129.86000061035156,68496600
2006-09-12,91.18827056884766,131.69000244140625,131.83999633789062,130.3699951171875,130.55999755859375,69875600
2006-09-13,91.55528259277344,132.22000122070312,132.4499969482422,131.52000427246094,131.63999938964844,62898400
2006-09-14,91.56218719482422,132.22999572753906,132.24000549316406,131.75,131.9600067138672,57805400
2006-09-15,91.77713775634766,131.9600067138672,132.38999938964844,131.67999267578125,132.30999755859375,76703100
2006-09-18,91.9022979736328,132.13999938964844,132.38999938964844,131.64999389648438,131.7899932861328,64154100
2006-09-19,91.67279815673828,131.80999755859375,132.1300048828125,131.07000732421875,132.1199951171875,92089100
2006-09-20,92.15960693359376,132.50999450683594,132.77000427246094,132.05999755859375,132.25,75204100
2006-09-21,91.71450805664062,131.8699951171875,132.75,131.4199981689453,132.61000061035156,88932500
2006-09-22,91.43631744384766,131.47000122070312,131.67999267578125,131.0,131.6699981689453,65966800
2006-09-25,92.13874053955078,132.47999572753906,132.85000610351562,131.0500030517578,131.72999572753906,92299100
2006-09-26,92.90380096435548,133.5800018310547,133.60000610351562,132.39999389648438,132.5,73962700
2006-09-27,93.01506805419922,133.74000549316406,133.97000122070312,133.27000427246094,133.49000549316406,82432200
2006-09-28,92.98030090332033,133.69000244140625,133.99000549316406,133.27999877929688,133.74000549316406,58597500
2006-09-29,92.90380096435548,133.5800018310547,133.94000244140625,133.47999572753906,133.8000030517578,47966600
2006-10-02,92.55607604980467,133.0800018310547,133.8300018310547,132.9499969482422,133.5399932861328,51687400
2006-10-03,92.75080108642578,133.36000061035156,133.8699951171875,132.64999389648438,132.88999938964844,73108100
2006-10-04,93.83576202392578,134.9199981689453,135.0,133.0800018310547,133.22999572753906,80890500
2006-10-05,94.0165786743164,135.17999267578125,135.41000366210938,134.75,134.9199981689453,60505900
2006-10-06,93.8983383178711,135.00999450683594,135.10000610351562,134.39999389648438,134.9499969482422,64983600
2006-10-09,93.95399475097656,135.08999633789062,135.3000030517578,134.63999938964844,134.85000610351562,41176800
2006-10-10,94.07920837402344,135.27000427246094,135.4499969482422,134.83999633789062,135.10000610351562,56403700
2006-10-11,93.9679183959961,135.11000061035156,135.42999267578125,134.3000030517578,134.83999633789062,104071800
2006-10-12,94.7816390991211,136.27999877929688,136.38999938964844,135.39999389648438,135.4499969482422,59158600
2006-10-13,95.02503204345705,136.6300048828125,136.7100067138672,136.0399932861328,136.16000366210938,53944000
2006-10-16,95.171142578125,136.83999633789062,137.0500030517578,136.4199981689453,136.52000427246094,42273000
2006-10-17,94.8720245361328,136.41000366210938,136.6999969482422,135.6699981689453,136.47000122070312,90500600
2006-10-18,94.99720764160156,136.58999633789062,137.3699951171875,136.10000610351562,137.0399932861328,86848600
2006-10-19,95.15023803710938,136.80999755859375,136.8800048828125,136.22999572753906,136.38999938964844,64063200
2006-10-20,95.171142578125,136.83999633789062,136.9499969482422,136.3300018310547,136.83999633789062,48094500
2006-10-23,95.60923767089844,137.47000122070312,137.8000030517578,136.38999938964844,136.55999755859375,66219900
2006-10-24,95.89442443847656,137.8800048828125,137.92999267578125,137.22000122070312,137.27999877929688,53234900
2006-10-25,96.22125244140624,138.35000610351562,138.41000366210938,137.50999450683594,137.74000549316406,78105400
2006-10-26,96.5203094482422,138.77999877929688,139.0,137.97999572753906,138.66000366210938,66843700
2006-10-27,95.9152603149414,137.91000366210938,138.75,137.6300048828125,138.61000061035156,80238000
2006-10-30,95.845703125,137.80999755859375,138.1999969482422,137.39999389648438,137.66000366210938,49717800
2006-10-31,95.8318099975586,137.7899932861328,138.25999450683594,137.25,138.07000732421875,71274100
2006-11-01,95.1850128173828,136.86000061035156,138.30999755859375,136.72000122070312,138.22000122070312,83005600
2006-11-02,95.12931823730467,136.77999877929688,137.00999450683594,136.36000061035156,136.50999450683594,60693100
2006-11-03,94.96245574951172,136.5399932861328,137.38999938964844,135.6199951171875,137.27000427246094,71346400
2006-11-06,96.0334930419922,138.0800018310547,138.27999877929688,136.9499969482422,136.9600067138672,63303300
2006-11-07,96.40213012695312,138.61000061035156,138.97999572753906,138.0,138.1999969482422,63318900
2006-11-08,96.61080169677734,138.91000366210938,139.0500030517578,136.86000061035156,138.0,87517800
2006-11-09,96.1030502319336,138.17999267578125,139.13999938964844,137.89999389648438,139.00999450683594,95916300
2006-11-10,96.1447982788086,138.24000549316406,138.33999633789062,137.72000122070312,138.13999938964844,48991500
2006-11-13,96.38128662109376,138.5800018310547,139.0399932861328,138.07000732421875,138.17999267578125,59398200
2006-11-14,97.10453033447266,139.6199951171875,139.74000549316406,138.1199951171875,138.97000122070312,96704000
2006-11-15,97.38275146484376,140.02000427246094,140.4499969482422,139.52999877929688,139.57000732421875,76509600
2006-11-16,97.63316345214844,140.3800048828125,140.67999267578125,139.49000549316406,140.44000244140625,76728800
2006-11-17,97.66094207763672,140.4199981689453,140.42999267578125,139.72999572753906,139.92999267578125,56353800
2006-11-20,97.71662902832033,140.5,140.74000549316406,139.94000244140625,140.3000030517578,69174200
2006-11-21,97.81398010253906,140.63999938964844,140.6699981689453,140.2899932861328,140.49000549316406,51367900
2006-11-22,98.00868225097656,140.9199981689453,141.16000366210938,140.5,140.75,45505300
2006-11-24,97.61228942871094,140.35000610351562,140.83999633789062,140.1999969482422,140.24000549316406,30998000
2006-11-27,96.27001190185548,138.4199981689453,140.35000610351562,138.3800048828125,140.27999877929688,84545100
2006-11-28,96.68724822998048,139.02000427246094,139.16000366210938,138.11000061035156,138.24000549316406,106652900
2006-11-29,97.69572448730467,140.47000122070312,140.52999877929688,139.0800018310547,139.47000122070312,90034900
2006-11-30,97.73748016357422,140.52999877929688,141.0500030517578,139.75999450683594,140.44000244140625,83994300
2006-12-01,97.5218505859375,140.22000122070312,140.66000366210938,138.97000122070312,140.52999877929688,126080000
2006-12-04,98.26605224609376,141.2899932861328,141.5500030517578,140.22999572753906,140.25,87813200
2006-12-05,98.69029235839844,141.89999389648438,141.9600067138672,141.25999450683594,141.55999755859375,73374400
2006-12-06,98.6068344116211,141.77999877929688,142.07000732421875,141.5,141.8699951171875,53253200
2006-12-07,98.17565155029295,141.16000366210938,142.3000030517578,141.11000061035156,142.02999877929688,62857400
2006-12-08,98.3564682006836,141.4199981689453,141.89999389648438,140.77999877929688,141.1300048828125,79625500
2006-12-11,98.64159393310548,141.8300018310547,142.08999633789062,141.33999633789062,141.4199981689453,39779400
2006-12-12,98.56509399414062,141.72000122070312,141.8699951171875,140.88999938964844,141.69000244140625,77451600
2006-12-13,98.66944885253906,141.8699951171875,142.33999633789062,141.55999755859375,142.22999572753906,55520200
2006-12-14,99.5387954711914,143.1199951171875,143.24000549316406,141.83999633789062,141.86000061035156,64755200
2006-12-15,99.54788208007812,142.33999633789062,142.88999938964844,142.24000549316406,142.63999938964844,70857400
2006-12-18,99.27513885498048,141.9499969482422,142.8800048828125,141.75,142.5399932861328,48954600
2006-12-19,99.46395874023438,142.22000122070312,142.55999755859375,141.19000244140625,141.5500030517578,65023600
2006-12-20,99.40801239013672,142.13999938964844,142.66000366210938,142.00999450683594,142.27999877929688,41469600
2006-12-21,99.04430389404295,141.6199951171875,142.42999267578125,141.32000732421875,142.27000427246094,48698400
2006-12-22,98.43590545654295,140.75,141.64999389648438,140.6699981689453,141.63999938964844,62069100
2006-12-26,99.01634979248048,141.5800018310547,141.61000061035156,140.77999877929688,140.80999755859375,32696900
2006-12-27,99.666748046875,142.50999450683594,142.60000610351562,141.8300018310547,141.8699951171875,39727100
2006-12-28,99.45695495605467,142.2100067138672,142.6999969482422,141.99000549316406,142.41000366210938,37288800
2006-12-29,99.04430389404295,141.6199951171875,142.5399932861328,141.42999267578125,142.05999755859375,45461200
2007-01-03,98.86949157714844,141.3699951171875,142.86000061035156,140.57000732421875,142.25,94807600
2007-01-04,99.0792999267578,141.6699981689453,142.0500030517578,140.61000061035156,141.22999572753906,69620600
2007-01-05,98.28900909423828,140.5399932861328,141.39999389648438,140.3800048828125,141.3300018310547,76645300
2007-01-08,98.74361419677734,141.19000244140625,141.41000366210938,140.25,140.82000732421875,71655000
2007-01-09,98.65970611572266,141.07000732421875,141.60000610351562,140.39999389648438,141.30999755859375,75680100
2007-01-10,98.9884033203125,141.5399932861328,141.57000732421875,140.3000030517578,140.5800018310547,72428000
2007-01-11,99.42200469970705,142.16000366210938,142.6199951171875,141.5,141.5800018310547,54476800
2007-01-12,100.17733001708984,143.24000549316406,143.24000549316406,142.11000061035156,142.14999389648438,55370600
2007-01-16,99.9814910888672,142.9600067138672,143.44000244140625,142.72999572753906,143.07000732421875,44871300
2007-01-17,100.02347564697266,143.02000427246094,143.4600067138672,142.72999572753906,142.85000610351562,50241400
2007-01-18,99.68771362304688,142.5399932861328,143.25999450683594,142.30999755859375,143.1699981689453,68177300
2007-01-19,99.88361358642578,142.82000732421875,143.10000610351562,142.4600067138672,142.5399932861328,56973000
2007-01-22,99.57588958740234,142.3800048828125,143.10000610351562,141.92999267578125,143.07000732421875,60253600
2007-01-23,99.86956787109376,142.8000030517578,143.0800018310547,142.05999755859375,142.25999450683594,54064400
2007-01-24,100.67385864257812,143.9499969482422,143.97999572753906,142.91000366210938,142.97000122070312,55834700
2007-01-25,99.4919204711914,142.25999450683594,143.9199981689453,142.00999450683594,143.86000061035156,73583800
2007-01-26,99.40103149414062,142.1300048828125,142.64999389648438,141.5800018310547,142.57000732421875,67255600
2007-01-29,99.34507751464844,142.0500030517578,142.8000030517578,141.74000549316406,142.19000244140625,66114600
2007-01-30,99.8625717163086,142.7899932861328,142.86000061035156,142.05999755859375,142.35000610351562,70407600
2007-01-31,100.5339813232422,143.75,144.1300048828125,142.39999389648438,142.6300048828125,91868600
2007-02-01,101.13543701171876,144.61000061035156,144.66000366210938,143.91000366210938,144.14999389648438,69312400
2007-02-02,101.27535247802734,144.80999755859375,144.9499969482422,144.3800048828125,144.72999572753906,49607000
2007-02-05,101.30328369140624,144.85000610351562,144.94000244140625,144.33999633789062,144.6999969482422,45705300
2007-02-06,101.33123016357422,144.88999938964844,145.02999877929688,144.3300018310547,144.97000122070312,57081300
2007-02-07,101.55509185791016,145.2100067138672,145.36000061035156,144.57000732421875,145.1199951171875,55669700
2007-02-08,101.42218017578124,145.02000427246094,145.1199951171875,144.27000427246094,144.77999877929688,70641000
2007-02-09,100.66686248779295,143.94000244140625,145.3300018310547,143.38999938964844,145.05999755859375,79084400
2007-02-12,100.32413482666016,143.4499969482422,144.0399932861328,143.19000244140625,143.94000244140625,65657000
2007-02-13,101.17042541503906,144.66000366210938,144.89999389648438,143.75999450683594,143.77000427246094,64081800
2007-02-14,101.83478546142578,145.61000061035156,145.89999389648438,144.77999877929688,144.8000030517578,66039400
2007-02-15,101.96768188476562,145.8000030517578,145.9499969482422,145.42999267578125,145.6699981689453,38715200
2007-02-16,101.9187240600586,145.72999572753906,145.75999450683594,145.22999572753906,145.44000244140625,39841800
2007-02-20,102.13555145263672,146.0399932861328,146.1999969482422,145.0,145.55999755859375,56911800
2007-02-21,102.0935516357422,145.97999572753906,146.07000732421875,145.35000610351562,145.61000061035156,63971600
2007-02-22,102.01663208007812,145.8699951171875,146.4199981689453,145.1699981689453,146.0500030517578,79067400
2007-02-23,101.6180191040039,145.3000030517578,145.7899932861328,145.02999877929688,145.74000549316406,71966200
2007-02-26,101.52710723876952,145.1699981689453,145.9499969482422,144.75,145.8300018310547,69192800
2007-02-27,97.56169891357422,139.5,144.1999969482422,139.0,143.8800048828125,274466500
2007-02-28,98.5617446899414,140.92999267578125,141.97999572753906,139.8000030517578,140.38999938964844,177536300
2007-03-01,98.26800537109376,140.50999450683594,141.25,138.0500030517578,139.33999633789062,212828600
2007-03-02,96.98121643066406,138.6699981689453,140.66000366210938,138.66000366210938,140.0500030517578,162574000
2007-03-05,96.05804443359376,137.35000610351562,139.5800018310547,137.3300018310547,137.92999267578125,143750400
2007-03-06,97.70157623291016,139.6999969482422,140.1199951171875,137.72000122070312,138.77999877929688,143333300
2007-03-07,97.6036605834961,139.55999755859375,140.4600067138672,139.39999389648438,139.58999633789062,115144900
2007-03-08,98.4289093017578,140.74000549316406,141.16000366210938,140.07000732421875,140.5399932861328,117891600
2007-03-09,98.45684814453124,140.77999877929688,141.4199981689453,140.0800018310547,141.30999755859375,107765100
2007-03-12,98.60376739501952,140.99000549316406,141.33999633789062,140.16000366210938,140.4199981689453,80366900
2007-03-13,96.6874542236328,138.25,140.77000427246094,138.0399932861328,140.17999267578125,190605200
2007-03-14,97.40782165527344,139.27999877929688,139.36000061035156,136.75,138.42999267578125,231853800
2007-03-15,97.54071044921876,139.47000122070312,139.99000549316406,138.8000030517578,138.97000122070312,132435900
2007-03-16,97.2675552368164,138.52999877929688,139.6300048828125,138.1199951171875,139.30999755859375,121531600
2007-03-19,98.4401397705078,140.1999969482422,140.3300018310547,139.14999389648438,139.25999450683594,96161200
2007-03-20,98.98075103759766,140.97000122070312,141.0500030517578,139.9600067138672,140.0800018310547,82147400
2007-03-21,100.60977172851562,143.2899932861328,143.64999389648438,140.82000732421875,141.10000610351562,152368700
2007-03-22,100.53250885009766,143.17999267578125,143.67999267578125,142.7899932861328,143.47999572753906,118942200
2007-03-23,100.67998504638672,143.38999938964844,143.80999755859375,143.14999389648438,143.27999877929688,74416800
2007-03-26,100.54656219482422,143.1999969482422,143.64999389648438,142.08999633789062,143.5,113787500
2007-03-27,100.30784606933594,142.86000061035156,143.16000366210938,142.38999938964844,143.1199951171875,99864600
2007-03-28,99.57762908935548,141.82000732421875,142.47000122070312,141.25999450683594,142.13999938964844,152907900
2007-03-29,99.68292999267578,141.97000122070312,142.61000061035156,141.19000244140625,142.5399932861328,139432700
2007-03-30,99.70396423339844,142.0,142.83999633789062,140.55999755859375,142.24000549316406,128194100
2007-04-02,99.81635284423828,142.16000366210938,142.4600067138672,141.47999572753906,142.16000366210938,79416400
2007-04-03,100.89061737060548,143.69000244140625,143.97999572753906,142.91000366210938,142.97000122070312,82417800
2007-04-04,101.0029296875,143.85000610351562,143.9499969482422,143.16000366210938,143.69000244140625,63995200
2007-04-05,101.27677917480467,144.24000549316406,144.44000244140625,143.61000061035156,143.6699981689453,46822800
2007-04-09,101.41722106933594,144.44000244140625,144.8000030517578,144.14999389648438,144.64999389648438,50967400
2007-04-10,101.53656768798828,144.61000061035156,144.85000610351562,144.27000427246094,144.3300018310547,56620000
2007-04-11,101.1223602294922,144.02000427246094,144.86000061035156,143.5399932861328,144.82000732421875,106365700
2007-04-12,101.57168579101562,144.66000366210938,144.9199981689453,143.33999633789062,143.74000549316406,115534400
2007-04-13,102.03507995605467,145.32000732421875,145.32000732421875,144.36000061035156,144.89999389648438,84287000
2007-04-16,103.0040512084961,146.6999969482422,146.86000061035156,145.82000732421875,145.8300018310547,83064600
2007-04-17,103.27786254882812,147.08999633789062,147.39999389648438,146.64999389648438,146.97000122070312,108424100
2007-04-18,103.40428161621094,147.27000427246094,147.6999969482422,146.57000732421875,146.60000610351562,88345300
2007-04-19,103.37619018554688,147.22999572753906,147.39999389648438,146.36000061035156,146.5500030517578,102947700
2007-04-20,104.35218811035156,148.6199951171875,148.6199951171875,147.0399932861328,148.22000122070312,124114100
2007-04-23,103.9590072631836,148.05999755859375,148.72999572753906,147.97000122070312,148.3699951171875,77270800
2007-04-24,104.00108337402344,148.1199951171875,148.39999389648438,147.32000732421875,148.22999572753906,114471000
2007-04-25,104.95599365234376,149.47999572753906,149.66000366210938,148.02000427246094,148.72999572753906,108418800
2007-04-26,105.07532501220705,149.64999389648438,149.8000030517578,149.10000610351562,149.49000549316406,88741600
2007-04-27,104.99109649658205,149.52999877929688,149.74000549316406,148.83999633789062,149.08999633789062,108191100
2007-04-30,104.1204605102539,148.2899932861328,149.74000549316406,148.2100067138672,149.63999938964844,100874100
2007-05-01,104.38728332519533,148.6699981689453,149.47000122070312,147.6699981689453,148.4199981689453,134342700
2007-05-02,104.99811553955078,149.5399932861328,149.9499969482422,148.75,148.89999389648438,87129800
2007-05-03,105.56687927246094,150.35000610351562,150.39999389648438,149.72999572753906,149.97000122070312,86569700
2007-05-04,105.96704864501952,150.9199981689453,151.1199951171875,150.22000122070312,150.75,96409000
2007-05-07,105.9881362915039,150.9499969482422,151.1999969482422,150.80999755859375,150.8800048828125,63461400
2007-05-08,105.84771728515624,150.75,150.9199981689453,150.1300048828125,150.5800018310547,80584000
2007-05-09,106.13560485839844,151.16000366210938,152.82000732421875,150.3699951171875,150.63999938964844,102070100
2007-05-10,105.0262451171875,149.5800018310547,151.02000427246094,149.27000427246094,150.72999572753906,153617800
2007-05-11,105.92498016357422,150.86000061035156,150.92999267578125,149.72000122070312,149.75,113408900
2007-05-14,105.6932601928711,150.52999877929688,151.3000030517578,149.7899932861328,150.86000061035156,108027500
2007-05-15,105.72134399414062,150.57000732421875,151.66000366210938,150.19000244140625,150.6999969482422,180673300
2007-05-16,106.4445571899414,151.60000610351562,151.6300048828125,150.3800048828125,150.8000030517578,114166500
2007-05-17,106.23389434814452,151.3000030517578,151.9600067138672,151.11000061035156,151.3800048828125,101132800
2007-05-18,107.16072082519533,152.6199951171875,152.6199951171875,151.80999755859375,152.00999450683594,99182000
2007-05-21,107.10456085205078,152.5399932861328,153.22999572753906,152.5,152.5800018310547,174664600
2007-05-22,107.02031707763672,152.4199981689453,153.16000366210938,152.3800048828125,152.6999969482422,82148800
2007-05-23,107.03430938720705,152.44000244140625,153.5,152.36000061035156,152.9499969482422,133786600
2007-05-24,106.06535339355467,151.05999755859375,153.2100067138672,150.74000549316406,152.52999877929688,187593000
2007-05-25,106.5077667236328,151.69000244140625,152.02000427246094,151.17999267578125,151.5,83309200
2007-05-29,106.89392852783205,152.24000549316406,152.5,151.4499969482422,151.94000244140625,82020000
2007-05-30,107.76455688476562,153.47999572753906,153.5399932861328,151.33999633789062,151.4600067138672,129013600
2007-05-31,107.65223693847656,153.32000732421875,153.88999938964844,153.1199951171875,153.6699981689453,114866700
2007-06-01,108.18584442138672,154.0800018310547,154.39999389648438,153.50999450683594,153.8800048828125,107771700
2007-06-04,108.19989013671876,154.10000610351562,154.38999938964844,153.47999572753906,153.5399932861328,78008800
2007-06-05,107.77159118652344,153.49000549316406,153.89999389648438,152.86000061035156,153.74000549316406,126917900
2007-06-06,106.61305236816406,151.83999633789062,152.9499969482422,151.75,152.86000061035156,164096800
2007-06-07,104.6892318725586,149.10000610351562,152.5,149.05999755859375,151.55999755859375,232414600
2007-06-08,106.05133056640624,151.0399932861328,151.19000244140625,149.08999633789062,149.5800018310547,175886000
2007-06-11,106.23389434814452,151.3000030517578,151.9499969482422,150.6999969482422,150.92999267578125,102015600
2007-06-12,105.07532501220705,149.64999389648438,151.5399932861328,149.5500030517578,150.6699981689453,233898000
2007-06-13,106.6481704711914,151.88999938964844,152.07000732421875,149.72000122070312,150.5,193208200
2007-06-14,107.32920837402344,152.86000061035156,153.1199951171875,152.02999877929688,152.05999755859375,146396500
2007-06-15,107.93994140625,153.07000732421875,153.66000366210938,152.92999267578125,153.13999938964844,154030800
2007-06-18,107.81301879882812,152.88999938964844,153.38999938964844,152.66000366210938,153.3800048828125,88537500
2007-06-19,108.08100128173828,153.27000427246094,153.3800048828125,152.36000061035156,152.5500030517578,110851700
2007-06-20,106.57891845703124,151.13999938964844,153.5800018310547,150.9600067138672,153.5800018310547,177119700
2007-06-21,107.17129516601562,151.97999572753906,152.11000061035156,150.25,151.0800018310547,205262000
2007-06-22,106.16287994384766,150.5500030517578,151.77000427246094,149.85000610351562,151.52000427246094,204964700
2007-06-25,105.65519714355467,149.8300018310547,151.25,149.02000427246094,150.24000549316406,232014400
2007-06-26,104.5692138671875,148.2899932861328,150.4600067138672,148.27999877929688,150.2100067138672,198445700
2007-06-27,106.05716705322266,150.39999389648438,150.57000732421875,148.05999755859375,148.1300048828125,213638000
2007-06-28,106.04302215576172,150.3800048828125,151.41000366210938,149.6699981689453,150.3800048828125,157705000
2007-06-29,106.07827758789062,150.42999267578125,151.64999389648438,149.14999389648438,150.89999389648438,199701800
2007-07-02,107.03729248046876,151.7899932861328,151.9199981689453,150.77000427246094,150.8699951171875,103357000
2007-07-03,107.42514038085938,152.33999633789062,152.5,151.99000549316406,152.17999267578125,54048400
2007-07-05,107.31228637695312,152.17999267578125,152.55999755859375,151.6300048828125,152.39999389648438,89279000
2007-07-06,107.87645721435548,152.97999572753906,153.1699981689453,151.92999267578125,152.3800048828125,81109000
2007-07-09,107.96106719970705,153.10000610351562,153.36000061035156,152.6199951171875,153.16000366210938,72348100
2007-07-10,106.42378997802734,150.9199981689453,152.61000061035156,150.77000427246094,152.2899932861328,180362600
2007-07-11,107.1783447265625,151.99000549316406,152.0500030517578,150.52000427246094,150.75,175607600
2007-07-12,108.87078094482422,154.38999938964844,154.75,152.33999633789062,152.3699951171875,133882500
2007-07-13,109.19518280029295,154.85000610351562,155.4600067138672,154.38999938964844,154.57000732421875,111794300
2007-07-16,109.18096160888672,154.8300018310547,155.52999877929688,154.5800018310547,154.99000549316406,98378700
2007-07-17,109.1246109008789,154.75,155.47999572753906,154.67999267578125,154.92999267578125,126201300
2007-07-18,108.9272232055664,154.47000122070312,154.8000030517578,153.3000030517578,154.22999572753906,237887400
2007-07-19,109.35028076171876,155.07000732421875,155.52999877929688,154.75,155.1999969482422,145212700
2007-07-20,108.24315643310548,153.5,154.99000549316406,152.8300018310547,154.88999938964844,245502500
2007-07-23,108.57452392578124,153.97000122070312,154.72000122070312,153.3000030517578,154.17999267578125,121183900
2007-07-24,106.69175720214844,151.3000030517578,154.27999877929688,150.75999450683594,153.1199951171875,256732400
2007-07-25,106.910400390625,151.61000061035156,152.38999938964844,150.25,152.02000427246094,265214500
2007-07-26,104.37882232666016,148.02000427246094,150.8000030517578,146.38999938964844,150.19000244140625,467592500
2007-07-27,102.32676696777344,145.11000061035156,148.8699951171875,145.0500030517578,148.2100067138672,422987600
2007-07-30,103.927490234375,147.3800048828125,147.80999755859375,145.2899932861328,145.92999267578125,283017500
2007-07-31,102.7569351196289,145.72000122070312,149.4600067138672,145.0399932861328,148.3300018310547,316976700
2007-08-01,103.2576141357422,146.42999267578125,147.00999450683594,143.9499969482422,145.17999267578125,467670000
2007-08-02,104.0826644897461,147.60000610351562,147.75999450683594,145.25999450683594,146.75999450683594,294758400
2007-08-03,101.40301513671876,143.8000030517578,147.5800018310547,143.1999969482422,147.27999877929688,359398200
2007-08-06,103.10250854492188,146.2100067138672,146.8300018310547,142.52999877929688,144.2100067138672,324980000
2007-08-07,104.20254516601562,147.77000427246094,149.0,145.22999572753906,145.94000244140625,232568700
2007-08-08,105.65519714355467,149.8300018310547,150.58999633789062,147.33999633789062,148.41000366210938,274930600
2007-08-09,102.52423858642578,145.38999938964844,148.9499969482422,145.2899932861328,147.42999267578125,357622100
2007-08-10,102.04475402832033,144.7100067138672,146.5,143.1199951171875,144.38999938964844,411018400
2007-08-13,102.41136932373048,145.22999572753906,146.88999938964844,145.02000427246094,146.5,181917200
2007-08-14,100.8459701538086,143.00999450683594,146.05999755859375,142.72000122070312,145.6999969482422,264134500
2007-08-15,99.4567413330078,141.0399932861328,144.4600067138672,140.6199951171875,142.72000122070312,323834000
2007-08-16,100.20423889160156,142.10000610351562,142.94000244140625,137.0,139.7899932861328,546743700
2007-08-17,102.04475402832033,144.7100067138672,145.80999755859375,141.38999938964844,145.5,388218100
2007-08-20,101.99535369873048,144.63999938964844,145.47000122070312,143.2899932861328,145.1699981689453,187320400
2007-08-21,102.19983673095705,144.92999267578125,145.97000122070312,144.13999938964844,144.60000610351562,157066400
2007-08-22,103.41275024414062,146.64999389648438,146.8000030517578,145.3300018310547,146.00999450683594,173156700
2007-08-23,103.32103729248048,146.52000427246094,147.64999389648438,145.61000061035156,147.33999633789062,203915300
2007-08-24,104.59742736816406,148.3300018310547,148.3300018310547,146.27999877929688,146.47999572753906,128901900
2007-08-27,103.62430572509766,146.9499969482422,148.3300018310547,146.72999572753906,147.85000610351562,113024300
2007-08-28,101.34662628173828,143.72000122070312,146.25,143.4600067138672,146.16000366210938,219790700
2007-08-29,103.33516693115234,146.5399932861328,146.74000549316406,143.9600067138672,144.3699951171875,207654200
2007-08-30,103.06019592285156,146.14999389648438,147.19000244140625,145.30999755859375,145.4499969482422,191817300
2007-08-31,104.07563018798828,147.58999633789062,148.5,146.8300018310547,147.64999389648438,185477500
2007-09-04,105.12631225585938,149.0800018310547,149.97999572753906,147.39999389648438,147.4499969482422,120062000
2007-09-05,104.21668243408205,147.7899932861328,148.36000061035156,147.0,148.1999969482422,166261800
2007-09-06,104.45641326904295,148.1300048828125,148.61000061035156,147.1199951171875,147.9499969482422,127878400
2007-09-07,103.00373077392578,146.07000732421875,146.88999938964844,145.25999450683594,146.47999572753906,235447600
2007-09-10,102.80630493164062,145.7899932861328,146.72000122070312,144.3300018310547,146.52000427246094,192305900
2007-09-11,104.00509643554688,147.49000549316406,147.6999969482422,146.1300048828125,146.24000549316406,162081900
2007-09-12,104.27304077148438,147.8699951171875,148.44000244140625,146.97999572753906,147.2899932861328,149554600
2007-09-13,105.0064468383789,148.91000366210938,149.4499969482422,148.1999969482422,148.5500030517578,154079000
2007-09-14,104.99935150146484,148.89999389648438,149.08999633789062,147.74000549316406,147.9600067138672,121911000
2007-09-17,104.43524932861328,148.10000610351562,148.64999389648438,147.6300048828125,148.30999755859375,109870800
2007-09-18,107.5097198486328,152.4600067138672,152.5,148.1300048828125,148.8300018310547,263759500
2007-09-19,108.1444320678711,153.36000061035156,154.38999938964844,152.7100067138672,153.41000366210938,193779900
2007-09-20,107.38284301757812,152.27999877929688,153.42999267578125,152.11000061035156,153.33999633789062,175186800
2007-09-21,107.67264556884766,151.97000122070312,153.1199951171875,151.74000549316406,152.7100067138672,141457500
2007-09-24,107.4742660522461,151.69000244140625,152.82000732421875,151.36000061035156,152.4199981689453,139450200
2007-09-25,107.26166534423828,151.38999938964844,151.66000366210938,150.47000122070312,150.80999755859375,142289900
2007-09-26,107.82850646972656,152.19000244140625,152.77000427246094,151.38999938964844,152.25,135547000
2007-09-27,108.46619415283205,153.08999633789062,153.10000610351562,152.19000244140625,152.91000366210938,102713300
2007-09-28,108.10481262207033,152.5800018310547,153.19000244140625,151.97999572753906,152.85000610351562,133372100
2007-10-01,109.32347106933594,154.3000030517578,154.75,152.5,152.60000610351562,148162300
2007-10-02,109.1746597290039,154.08999633789062,154.64999389648438,153.80999755859375,154.61000061035156,112978800
2007-10-03,108.95507049560548,153.77999877929688,154.41000366210938,153.00999450683594,153.80999755859375,119055900
2007-10-04,109.12506103515624,154.02000427246094,154.25999450683594,153.58999633789062,154.11000061035156,76864400
2007-10-05,110.42162322998048,155.85000610351562,156.10000610351562,154.6300048828125,155.02999877929688,134579700
2007-10-08,109.83360290527344,155.02000427246094,155.49000549316406,154.77000427246094,155.38999938964844,71280400
2007-10-09,110.86802673339844,156.47999572753906,156.5,155.02999877929688,155.60000610351562,94054300
2007-10-10,110.68377685546876,156.22000122070312,156.44000244140625,155.41000366210938,156.0399932861328,101711100
2007-10-11,110.15235900878906,155.47000122070312,157.52000427246094,154.5399932861328,156.92999267578125,233529100
2007-10-12,110.76171875,156.3300018310547,156.35000610351562,155.27000427246094,155.4600067138672,124546700
2007-10-15,109.8265151977539,155.00999450683594,156.36000061035156,153.94000244140625,156.27000427246094,161151900
2007-10-16,108.95507049560548,153.77999877929688,154.52000427246094,153.47000122070312,154.41000366210938,166525700
2007-10-17,109.28799438476562,154.25,155.08999633789062,152.47000122070312,154.97999572753906,216687300
2007-10-18,108.89127349853516,153.69000244140625,154.19000244140625,153.0800018310547,153.4499969482422,148367500
2007-10-19,106.04302978515624,149.6699981689453,156.47999572753906,149.66000366210938,153.08999633789062,297169900
2007-10-22,106.65943908691406,150.5399932861328,150.75999450683594,148.66000366210938,148.86000061035156,261989800
2007-10-23,107.52384948730467,151.75999450683594,151.9499969482422,150.25,151.4600067138672,180085100
2007-10-24,107.32545471191406,151.47999572753906,151.74000549316406,148.83999633789062,151.2100067138672,326694200
2007-10-25,107.58049774169922,151.83999633789062,152.2899932861328,149.8800048828125,151.64999389648438,237374500
2007-10-26,108.84164428710938,153.6199951171875,153.6199951171875,151.89999389648438,153.05999755859375,176484000
2007-10-29,109.20301818847656,154.1300048828125,154.44000244140625,153.5500030517578,153.92999267578125,106841000
2007-10-30,108.4449234008789,153.05999755859375,153.75,152.8699951171875,153.4499969482422,132981600
2007-10-31,109.5714340209961,154.64999389648438,155.27000427246094,152.83999633789062,153.97999572753906,220954400
2007-11-01,107.0066146850586,151.02999877929688,153.41000366210938,150.58999633789062,153.2899932861328,333040800
2007-11-02,107.12701416015624,151.1999969482422,152.0,149.2100067138672,151.52999877929688,331228200
2007-11-05,106.3123016357422,150.0500030517578,151.16000366210938,148.97000122070312,149.63999938964844,226841000
2007-11-06,107.74352264404295,152.07000732421875,152.11000061035156,149.89999389648438,150.86000061035156,177800500
2007-11-07,104.79605865478516,147.91000366210938,151.1300048828125,147.5500030517578,150.44000244140625,306639700
2007-11-08,104.26470947265624,147.16000366210938,148.39999389648438,145.07000732421875,147.99000549316406,374509900
2007-11-09,102.83351135253906,145.13999938964844,147.5399932861328,144.88999938964844,145.69000244140625,277745100
2007-11-12,101.81319427490234,143.6999969482422,146.61000061035156,143.6999969482422,145.2100067138672,243087800
2007-11-13,104.91649627685548,148.0800018310547,148.30999755859375,145.22000122070312,145.3699951171875,191117400
2007-11-14,104.62603759765624,147.6699981689453,149.39999389648438,146.77999877929688,149.22000122070312,230558800
2007-11-15,103.11688232421876,145.5399932861328,147.49000549316406,144.52000427246094,146.57000732421875,263111100
2007-11-16,103.29402160644533,145.7899932861328,146.47000122070312,144.57000732421875,146.30999755859375,308770600
2007-11-19,101.8557586669922,143.75999450683594,145.36000061035156,143.19000244140625,145.27999877929688,267746000
2007-11-20,102.4792251586914,144.63999938964844,145.52999877929688,142.11000061035156,144.02000427246094,414767500
2007-11-21,100.38204193115234,141.67999267578125,143.91000366210938,141.6699981689453,143.0800018310547,259012400
2007-11-23,102.1178970336914,144.1300048828125,144.33999633789062,142.6999969482422,143.07000732421875,77688400
2007-11-26,99.86483001708984,140.9499969482422,144.8800048828125,140.66000366210938,144.42999267578125,214232000
2007-11-27,101.01261138916016,142.57000732421875,143.22999572753906,140.9499969482422,141.74000549316406,293897900
2007-11-28,104.2434310913086,147.1300048828125,147.47000122070312,144.13999938964844,144.19000244140625,258596900
2007-11-29,104.27886962890624,147.17999267578125,147.72000122070312,146.10000610351562,146.6199951171875,199409900
2007-11-30,105.32744598388672,148.66000366210938,149.8699951171875,147.3300018310547,149.0399932861328,222908000
2007-12-03,104.63311004638672,147.67999267578125,148.4499969482422,147.2899932861328,148.19000244140625,146430400
2007-12-04,103.69786071777344,146.36000061035156,147.5399932861328,146.30999755859375,146.66000366210938,136533900
2007-12-05,105.4337158203125,148.80999755859375,149.1999969482422,147.8300018310547,147.92999267578125,171130000
2007-12-06,106.94285583496094,150.94000244140625,151.2100067138672,148.57000732421875,148.6300048828125,154457400
2007-12-07,106.92156982421876,150.91000366210938,151.5,150.5500030517578,151.4199981689453,148980100
2007-12-10,107.75055694580078,152.0800018310547,152.25,150.86000061035156,151.27999877929688,123914300
2007-12-11,104.79605865478516,147.91000366210938,152.88999938964844,147.8300018310547,152.13999938964844,250346400
2007-12-12,105.8305206298828,149.3699951171875,151.77000427246094,147.1999969482422,151.05999755859375,322435600
2007-12-13,105.61083221435548,149.05999755859375,149.38999938964844,147.3000030517578,148.32000732421875,237551300
2007-12-14,104.27173614501952,147.1699981689453,149.10000610351562,147.10000610351562,147.92999267578125,159152900
2007-12-17,102.78384399414062,145.07000732421875,146.8699951171875,144.86000061035156,146.61000061035156,177269400
2007-12-18,103.35778045654295,145.8800048828125,146.47999572753906,143.9600067138672,146.10000610351562,245569300
2007-12-19,103.35778045654295,145.8800048828125,146.88999938964844,144.94000244140625,145.94000244140625,198917200
2007-12-20,104.0096206665039,146.8000030517578,146.86000061035156,145.17999267578125,146.83999633789062,214813800
2007-12-21,105.50892639160156,148.1300048828125,148.4199981689453,147.08999633789062,147.3699951171875,146084400
2007-12-24,106.2924346923828,149.22999572753906,149.47999572753906,148.47999572753906,148.82000732421875,45601400
2007-12-26,106.52037048339844,149.5500030517578,149.67999267578125,148.5,148.64999389648438,67093100
2007-12-27,105.1812744140625,147.6699981689453,149.02999877929688,147.32000732421875,149.02000427246094,122981700
2007-12-28,104.9177474975586,147.3000030517578,148.61000061035156,146.89999389648438,148.5399932861328,116398100
2007-12-31,104.1413803100586,146.2100067138672,147.61000061035156,146.05999755859375,147.10000610351562,108126800
2008-01-02,103.22969818115234,144.92999267578125,146.99000549316406,143.8800048828125,146.52999877929688,204935600
2008-01-03,103.17982482910156,144.86000061035156,145.49000549316406,144.07000732421875,144.91000366210938,125133300
2008-01-04,100.6512451171875,141.30999755859375,143.44000244140625,140.91000366210938,143.33999633789062,232330900
2008-01-07,100.56571197509766,141.19000244140625,142.22999572753906,140.10000610351562,141.80999755859375,234991000
2008-01-08,98.94178771972656,138.91000366210938,142.89999389648438,138.44000244140625,142.0800018310547,326365700
2008-01-09,99.98170471191406,140.3699951171875,140.7899932861328,137.6999969482422,139.08999633789062,301824900
2008-01-10,100.6370086669922,141.2899932861328,142.8000030517578,139.3699951171875,139.67999267578125,335701200
2008-01-11,99.82502746582033,140.14999389648438,141.89999389648438,139.0,140.77999877929688,267076600
2008-01-14,100.6298828125,141.27999877929688,141.86000061035156,140.39999389648438,141.16000366210938,170365500
2008-01-15,98.4146728515625,138.1699981689453,141.49000549316406,137.89999389648438,139.7899932861328,239940100
2008-01-16,97.56710815429688,136.97999572753906,139.1199951171875,136.27999877929688,137.36000061035156,378802600
2008-01-17,95.03853607177734,133.42999267578125,137.8800048828125,132.92999267578125,137.80999755859375,397892600
2008-01-18,94.0627212524414,132.05999755859375,135.02000427246094,131.10000610351562,134.74000549316406,348561500
2008-01-22,93.10829162597656,130.72000122070312,132.42999267578125,126.0,127.20999908447266,435923700
2008-01-23,95.34480285644533,133.86000061035156,134.19000244140625,126.83999633789062,127.08999633789062,511913000
2008-01-24,96.1496810913086,134.99000549316406,135.4600067138672,133.30999755859375,134.47999572753906,259949300
2008-01-25,94.76072692871094,133.0399932861328,136.75999450683594,132.60000610351562,136.50999450683594,269603900
2008-01-28,96.32779693603516,135.24000549316406,135.52000427246094,132.05999755859375,133.25999450683594,217934600
2008-01-29,96.80500793457033,135.91000366210938,136.4499969482422,134.8800048828125,136.10000610351562,168968300
2008-01-30,96.09270477294922,134.91000366210938,138.5399932861328,134.60000610351562,135.5800018310547,334939200
2008-01-31,97.8448715209961,137.3699951171875,138.5399932861328,133.1999969482422,133.39999389648438,343680800
2008-02-01,99.41903686523438,139.5800018310547,139.61000061035156,137.52000427246094,137.94000244140625,206843600
2008-02-04,98.1654281616211,137.82000732421875,139.3000030517578,137.63999938964844,139.2100067138672,124694300
2008-02-05,95.5371322631836,134.1300048828125,136.25,133.6699981689453,135.94000244140625,286882500
2008-02-06,94.76788330078124,133.0500030517578,135.25,132.41000366210938,134.5800018310547,250792900
2008-02-07,95.3946533203125,133.92999267578125,134.7899932861328,131.72999572753906,131.8000030517578,297368100
2008-02-08,94.7821273803711,133.07000732421875,134.22000122070312,132.10000610351562,133.08999633789062,221643500
2008-02-11,95.26648712158205,133.75,134.22999572753906,132.0399932861328,133.10000610351562,188576300
2008-02-12,96.1496810913086,134.99000549316406,136.30999755859375,133.97999572753906,134.91000366210938,256654400
2008-02-13,97.13259887695312,136.3699951171875,137.05999755859375,135.13999938964844,136.00999450683594,181967800
2008-02-14,96.27786254882812,135.1699981689453,137.0,134.7899932861328,136.9499969482422,215207200
2008-02-15,96.25652313232422,135.13999938964844,135.22000122070312,133.91000366210938,134.5,154110300
2008-02-19,96.52715301513672,135.52000427246094,136.88999938964844,134.61000061035156,136.72000122070312,145190000
2008-02-20,96.81209564208984,135.9199981689453,136.5500030517578,133.75999450683594,133.99000549316406,220085700
2008-02-21,96.00723266601562,134.7899932861328,137.00999450683594,134.07000732421875,136.66000366210938,201051200
2008-02-22,96.598388671875,135.6199951171875,135.85000610351562,132.86000061035156,134.97000122070312,205491000
2008-02-25,97.81639862060548,137.3300018310547,137.64999389648438,134.77999877929688,135.5399932861328,190107000
2008-02-26,98.55003356933594,138.36000061035156,138.9499969482422,136.5,136.75,212420700
2008-02-27,98.45030975341795,138.22000122070312,139.13999938964844,137.41000366210938,137.55999755859375,168395800
2008-02-28,97.48875427246094,136.8699951171875,137.9600067138672,136.5500030517578,137.24000549316406,170831100
2008-02-29,95.3163604736328,133.82000732421875,135.67999267578125,132.77999877929688,135.60000610351562,252715200
2008-03-03,95.0884246826172,133.5,133.80999755859375,132.24000549316406,133.13999938964844,189483500
2008-03-04,94.72512817382812,132.99000549316406,133.39999389648438,130.99000549316406,132.22999572753906,282513100
2008-03-05,95.32344818115234,133.8300018310547,134.77000427246094,132.33999633789062,133.4199981689453,270681400
2008-03-06,93.35044860839844,131.05999755859375,133.22000122070312,130.5500030517578,132.97999572753906,247911700
2008-03-07,92.38888549804688,129.7100067138672,131.74000549316406,128.5800018310547,129.77000427246094,326434600
2008-03-10,91.17088317871094,128.0,129.92999267578125,127.58999633789062,129.83999633789062,235683600
2008-03-11,94.44737243652344,132.60000610351562,132.72000122070312,128.9499969482422,130.72000122070312,341440600
2008-03-12,93.56412506103516,131.36000061035156,133.77000427246094,131.16000366210938,132.74000549316406,229161100
2008-03-13,93.77067565917967,131.64999389648438,132.63999938964844,128.60000610351562,129.61000061035156,351504200
2008-03-14,92.31766510009766,129.61000061035156,132.80999755859375,127.77999877929688,132.77000427246094,484687800
2008-03-17,91.38458251953124,128.3000030517578,129.25999450683594,126.06999969482422,126.56999969482422,405311100
2008-03-18,95.1810302734375,133.6300048828125,133.69000244140625,129.97999572753906,130.6199951171875,334416600
2008-03-19,92.82337188720705,130.32000732421875,134.64999389648438,130.0399932861328,134.13999938964844,345971600
2008-03-20,94.54273223876952,132.0800018310547,132.91000366210938,129.25999450683594,130.0500030517578,245320700
2008-03-24,96.43244171142578,134.72000122070312,135.80999755859375,133.24000549316406,133.30999755859375,208977300
2008-03-25,96.52546691894533,134.85000610351562,135.5500030517578,133.77000427246094,134.86000061035156,192947200
2008-03-26,95.3444366455078,133.1999969482422,135.08999633789062,133.11000061035156,134.4600067138672,196934300
2008-03-27,95.04373931884766,132.77999877929688,134.44000244140625,132.36000061035156,134.1999969482422,225153200
2008-03-28,94.1347198486328,131.50999450683594,133.36000061035156,131.05999755859375,132.99000549316406,180896100
2008-03-31,94.4639892578125,131.97000122070312,132.72999572753906,131.08999633789062,131.2899932861328,166692100
2008-04-01,97.78532409667967,136.61000061035156,136.83999633789062,133.50999450683594,133.61000061035156,254547300
2008-04-02,97.84969329833984,136.6999969482422,137.6699981689453,135.97999572753906,137.0500030517578,210910800
2008-04-03,98.09310150146484,137.0399932861328,137.44000244140625,135.7100067138672,135.9600067138672,175884800
2008-04-04,97.98566436767578,136.88999938964844,137.9600067138672,136.1199951171875,137.1199951171875,204446800
2008-04-07,98.03582763671876,136.9600067138672,138.57000732421875,136.74000549316406,137.8699951171875,154245500
2008-04-08,97.93562316894533,136.82000732421875,136.9199981689453,135.9499969482422,136.19000244140625,148937300
2008-04-09,97.22695922851562,135.8300018310547,136.8000030517578,134.88999938964844,136.61000061035156,195610600
2008-04-10,97.36294555664062,136.02000427246094,136.6699981689453,134.89999389648438,135.4199981689453,192967800
2008-04-11,95.4732666015625,133.3800048828125,135.1199951171875,133.00999450683594,134.49000549316406,222973300
2008-04-14,95.15117645263672,132.92999267578125,133.5399932861328,132.5500030517578,133.19000244140625,160522000
2008-04-15,95.373046875,133.24000549316406,133.69000244140625,132.3300018310547,133.5800018310547,172389200
2008-04-16,97.95710754394533,136.85000610351562,136.91000366210938,134.52000427246094,134.5399932861328,189268900
2008-04-17,98.10025024414062,137.0500030517578,137.25,135.66000366210938,136.02000427246094,179665700
2008-04-18,99.12384796142578,138.47999572753906,139.55999755859375,138.25999450683594,138.94000244140625,218530600
2008-04-21,99.17393493652344,138.5500030517578,138.97999572753906,137.85000610351562,138.22999572753906,118587400
2008-04-22,98.73731994628906,137.94000244140625,138.30999755859375,136.89999389648438,138.19000244140625,162166000
2008-04-23,98.57984161376952,137.72000122070312,138.77999877929688,137.1199951171875,138.08999633789062,193309000
2008-04-24,99.0093002319336,138.32000732421875,139.74000549316406,137.0399932861328,138.0800018310547,229381300
2008-04-25,99.92549896240234,139.60000610351562,139.88999938964844,137.91000366210938,139.39999389648438,190788100
2008-04-28,99.94703674316406,139.6300048828125,140.25,139.3800048828125,139.8800048828125,105610200
2008-04-29,99.55330657958984,139.0800018310547,139.72999572753906,138.61000061035156,139.38999938964844,125514100
2008-04-30,98.96634674072266,138.25999450683594,140.58999633789062,138.25999450683594,139.2899932861328,208395900
2008-05-01,101.01358032226562,141.1199951171875,141.1199951171875,138.27000427246094,138.3800048828125,187279500
2008-05-02,101.29273223876952,141.50999450683594,142.3699951171875,140.55999755859375,142.33999633789062,181585500
2008-05-05,100.80597686767578,140.8300018310547,141.61000061035156,140.41000366210938,141.0500030517578,118504500
2008-05-06,101.67923736572266,142.0500030517578,142.1999969482422,139.69000244140625,140.02000427246094,179339800
2008-05-07,99.86824798583984,139.52000427246094,142.0399932861328,139.1300048828125,141.88999938964844,199267300
2008-05-08,99.61058807373048,139.16000366210938,140.32000732421875,138.97999572753906,139.74000549316406,178321200
2008-05-09,99.4244613647461,138.89999389648438,139.38999938964844,138.4499969482422,138.60000610351562,152588200
2008-05-12,100.5411148071289,140.4600067138672,140.55999755859375,138.72999572753906,139.25,147865900
2008-05-13,100.55538177490234,140.47999572753906,140.88999938964844,139.72999572753906,140.8000030517578,159132200
2008-05-14,100.7629623413086,140.77000427246094,142.1999969482422,140.4600067138672,141.07000732421875,181910800
2008-05-15,102.02281951904295,142.52999877929688,142.6300048828125,140.8300018310547,141.0399932861328,166927000
2008-05-16,102.11589050292967,142.66000366210938,142.8699951171875,141.61000061035156,142.86000061035156,204236800
2008-05-19,102.39500427246094,143.0500030517578,144.3000030517578,142.3000030517578,142.80999755859375,165664400
2008-05-20,101.56470489501952,141.88999938964844,142.33999633789062,141.0,142.27000427246094,178552100
2008-05-21,99.84681701660156,139.49000549316406,142.1199951171875,139.0,141.80999755859375,252724800
2008-05-22,99.86109161376952,139.50999450683594,140.1699981689453,139.0,139.42999267578125,170820400
2008-05-23,98.52253723144533,137.63999938964844,139.66000366210938,137.52000427246094,139.0500030517578,181376400
2008-05-27,99.25267791748048,138.66000366210938,139.0,137.52999877929688,137.8000030517578,168322900
2008-05-28,99.71077728271484,139.3000030517578,140.0,138.0,139.1699981689453,181288100
2008-05-29,100.21183013916016,140.0,140.92999267578125,139.0800018310547,139.1300048828125,173927200
2008-05-30,100.46237182617188,140.35000610351562,140.74000549316406,139.94000244140625,140.47000122070312,117362000
2008-06-02,99.4244613647461,138.89999389648438,139.86000061035156,138.0,139.8300018310547,181069900
2008-06-03,98.84467315673828,138.08999633789062,139.6199951171875,137.22999572753906,139.3000030517578,271965700
2008-06-04,98.79456329345705,138.02000427246094,139.16000366210938,137.4600067138672,137.6999969482422,246637700
2008-06-05,100.77017211914062,140.77999877929688,140.88999938964844,138.32000732421875,138.5800018310547,237867100
2008-06-06,97.55622100830078,136.2899932861328,139.8000030517578,136.22000122070312,139.5500030517578,384276300
2008-06-09,97.79246520996094,136.6199951171875,137.5,135.41000366210938,136.86000061035156,228263900
2008-06-10,97.30570220947266,135.94000244140625,137.10000610351562,135.35000610351562,135.6699981689453,260234900
2008-06-11,95.87411499023438,133.94000244140625,136.25999450683594,133.92999267578125,135.97000122070312,283890100
2008-06-12,96.2391586303711,134.4499969482422,135.8699951171875,133.52000427246094,134.60000610351562,252791800
2008-06-13,97.45604705810548,136.14999389648438,136.52000427246094,134.4199981689453,135.1699981689453,244726900
2008-06-16,97.51329803466795,136.22999572753906,136.92999267578125,135.4600067138672,135.5500030517578,185832500
2008-06-17,97.04086303710938,135.57000732421875,137.1199951171875,135.3699951171875,137.07000732421875,191707700
2008-06-18,96.09597778320312,134.25,135.52000427246094,133.7100067138672,134.69000244140625,265893000
2008-06-19,96.21769714355467,134.4199981689453,135.24000549316406,133.5,134.14999389648438,304204900
2008-06-20,94.65589904785156,131.5800018310547,133.08999633789062,131.22000122070312,132.83999633789062,289275700
2008-06-23,94.56234741210938,131.4499969482422,132.22999572753906,131.32000732421875,132.08999633789062,165096400
2008-06-24,94.37535095214844,131.19000244140625,132.44000244140625,130.19000244140625,131.0500030517578,267300600
2008-06-25,94.82137298583984,131.80999755859375,133.39999389648438,131.24000549316406,131.72000122070312,287853900
2008-06-26,92.24600219726562,128.22999572753906,131.4199981689453,128.0800018310547,130.57000732421875,297775000
2008-06-27,91.74243927001952,127.52999877929688,128.86000061035156,127.04000091552734,128.27999877929688,303423400
2008-06-30,92.06612396240234,127.9800033569336,128.91000366210938,127.3000030517578,127.88999938964844,258842600
2008-07-01,92.35388946533205,128.3800048828125,128.47000122070312,125.93000030517578,126.5199966430664,388622000
2008-07-02,90.7712631225586,126.18000030517578,129.16000366210938,125.9499969482422,128.7899932861328,288064600
2008-07-03,90.86479949951172,126.30999755859376,127.11000061035156,124.98999786376952,127.11000061035156,239352500
2008-07-07,89.93678283691406,125.0199966430664,127.33999633789062,123.91999816894533,126.79000091552734,372427300
2008-07-08,91.5338134765625,127.23999786376952,127.38999938964844,124.1999969482422,124.98999786376952,375973700
2008-07-09,89.77135467529297,124.79000091552734,127.73999786376952,124.38999938964844,127.5,336729400
2008-07-10,90.13823699951172,125.3000030517578,125.79000091552734,123.58000183105467,124.43000030517578,436475700
2008-07-11,89.0879135131836,123.83999633789062,125.9000015258789,122.48999786376952,123.97000122070312,481124600
2008-07-14,88.28221130371094,122.72000122070312,125.5,122.4000015258789,125.26000213623048,322720800
2008-07-15,87.03767395019531,120.98999786376952,123.48999786376952,120.0199966430664,121.8000030517578,502502500
2008-07-16,89.17423248291016,123.95999908447266,124.56999969482422,121.0999984741211,121.4499969482422,371642900
2008-07-17,90.06629943847656,125.1999969482422,126.26000213623048,124.08999633789062,125.13999938964844,375490600
2008-07-18,90.62737274169922,125.9800033569336,126.41999816894533,125.1500015258789,126.16999816894533,267030100
2008-07-21,90.6777801513672,126.0500030517578,126.8000030517578,125.19000244140624,126.51000213623048,222863000
2008-07-22,91.70646667480467,127.4800033569336,127.8000030517578,124.8499984741211,125.1500015258789,296904200
2008-07-23,92.20281982421876,128.1699981689453,129.14999389648438,127.5500030517578,127.88999938964844,311698400
2008-07-24,90.2892837524414,125.51000213623048,128.41000366210938,125.16000366210938,128.33999633789062,248634500
2008-07-25,90.26770782470705,125.4800033569336,126.48999786376952,125.16999816894533,125.88999938964844,219131000
2008-07-28,88.94403839111328,123.63999938964844,126.05999755859376,123.41999816894533,125.51000213623048,205201300
2008-07-29,90.8432159423828,126.27999877929688,126.37999725341795,123.63999938964844,123.9800033569336,261505600
2008-07-30,92.46179962158205,128.52999877929688,128.60000610351562,126.27999877929688,127.11000061035156,354710000
2008-07-31,91.23887634277344,126.83000183105467,128.57000732421875,126.62999725341795,127.4000015258789,277402100
2008-08-01,90.75689697265624,126.16000366210938,127.27999877929688,125.45999908447266,127.12000274658205,248690900
2008-08-04,89.91520690917969,124.98999786376952,126.13999938964844,124.76000213623048,126.04000091552734,188239600
2008-08-05,92.3395004272461,128.36000061035156,128.55999755859375,124.97000122070312,126.0199966430664,251577600
2008-08-06,92.74956512451172,128.92999267578125,129.3000030517578,127.4800033569336,128.02000427246094,209555400
2008-08-07,91.3683624267578,127.01000213623048,128.44000244140625,126.54000091552734,127.95999908447266,246312500
2008-08-08,93.06609344482422,129.3699951171875,129.92999267578125,126.37999725341795,126.58000183105467,260811700
2008-08-11,94.03004455566406,130.7100067138672,131.50999450683594,129.22999572753906,129.47000122070312,249425800
2008-08-12,93.0517349243164,129.35000610351562,130.6999969482422,128.72999572753906,130.27999877929688,213200800
2008-08-13,92.49059295654295,128.57000732421875,129.64999389648438,127.66999816894533,128.7899932861328,256393200
2008-08-14,93.18836975097656,129.5399932861328,130.27999877929688,127.75,127.83999633789062,239555300
2008-08-15,93.6416015625,130.1699981689453,130.5,129.3000030517578,129.92999267578125,181000800
2008-08-18,92.361083984375,128.38999938964844,130.47999572753906,127.66000366210938,130.42999267578125,172275100
2008-08-19,91.35397338867188,126.98999786376952,127.69000244140624,126.52999877929688,127.41999816894533,194673700
2008-08-20,91.77841186523438,127.58000183105467,127.9499969482422,126.33999633789062,127.38999938964844,225498200
2008-08-21,91.93668365478516,127.8000030517578,128.44000244140625,126.5999984741211,126.75,180609800
2008-08-22,93.26752471923828,129.64999389648438,129.64999389648438,127.8000030517578,128.6699981689453,167715300
2008-08-25,91.37554168701172,127.0199966430664,129.64999389648438,126.75,128.8000030517578,171936900
2008-08-26,91.64170837402344,127.38999938964844,127.87000274658205,126.58000183105467,127.0199966430664,159117200
2008-08-27,92.53376007080078,128.6300048828125,128.8300018310547,127.3000030517578,127.5500030517578,171032800
2008-08-28,93.65599060058594,130.19000244140625,130.33999633789062,129.11000061035156,129.27999877929688,167537100
2008-08-29,92.64884185791016,128.7899932861328,130.13999938964844,128.50999450683594,129.72999572753906,189195800
2008-09-02,92.0733413696289,127.98999786376952,130.7100067138672,127.5199966430664,130.02999877929688,252364900
2008-09-03,91.9942398071289,127.87999725341795,128.5,126.93000030517578,127.87999725341795,251947000
2008-09-04,89.22459411621094,124.02999877929688,127.2300033569336,123.95999908447266,126.97000122070312,340042500
2008-09-05,89.50517272949219,124.41999816894533,124.9499969482422,122.0,123.29000091552734,289503400
2008-09-08,91.35397338867188,126.98999786376952,128.24000549316406,124.41999816894533,128.0399932861328,364075300
2008-09-09,88.64192199707031,123.22000122070312,127.36000061035156,122.8000030517578,127.0999984741211,377326800
2008-09-10,89.00162506103516,123.72000122070312,124.9000015258789,122.5500030517578,123.88999938964844,298916600
2008-09-11,90.2892837524414,125.51000213623048,125.73999786376952,121.5999984741211,122.12000274658205,375369400
2008-09-12,90.70654296875,126.08999633789062,126.20999908447266,123.83000183105467,124.29000091552734,297851200
2008-09-15,86.39024353027344,120.08999633789062,125.6500015258789,119.88999938964844,121.62999725341795,483607000
2008-09-16,87.83619689941406,122.0999984741211,122.31999969482422,117.0,117.1999969482422,581744300
2008-09-17,83.88679504394531,116.61000061035156,121.8499984741211,116.0,119.63999938964844,624095600
2008-09-18,86.37583923339844,120.06999969482422,121.79000091552734,113.8000030517578,118.0500030517578,776114700
2008-09-19,89.80616760253906,124.12000274658205,128.0,123.33000183105467,126.6999969482422,501087800
2008-09-22,87.77304077148438,121.30999755859376,124.75,120.36000061035156,124.4499969482422,249966500
2008-09-23,85.77604675292969,118.5500030517578,122.0199966430664,118.27999877929688,120.8499984741211,327470400
2008-09-24,86.05101013183594,118.93000030517578,120.0,117.79000091552734,119.3499984741211,311818400
2008-09-25,87.39676666259766,120.79000091552734,121.91000366210938,118.44000244140624,119.4000015258789,328253000
2008-09-26,87.44020080566406,120.8499984741211,121.5,118.51000213623048,118.83000183105467,285917400
2008-09-29,80.58821868896484,111.37999725341795,119.33999633789062,110.97000122070312,119.13999938964844,459562300
2008-09-30,83.92378234863281,115.98999786376952,116.8000030517578,110.52999877929688,113.51000213623048,328154400
2008-10-01,83.97441864013672,116.05999755859376,116.69000244140624,113.9499969482422,115.2699966430664,332783000
2008-10-02,80.92831420898438,111.8499984741211,115.11000061035156,111.05999755859376,114.9499969482422,365337800
2008-10-03,79.83574676513672,110.33999633789062,115.4499969482422,109.68000030517578,112.86000061035156,461798000
2008-10-06,75.7694320678711,104.72000122070312,107.62000274658205,100.63999938964844,107.1500015258789,610637500
2008-10-07,72.37602996826172,100.02999877929688,107.33000183105467,99.6500015258789,106.83999633789062,540012100
2008-10-08,70.55266571044922,97.51000213623048,102.18000030517578,96.80999755859376,97.5199966430664,725414800
2008-10-09,65.62539672851562,90.6999969482422,100.62000274658205,90.25,99.66000366210938,534485200
2008-10-10,64.03359985351562,88.5,93.94000244140624,83.58000183105469,86.76000213623047,871026300
2008-10-13,73.33108520507812,101.3499984741211,101.3499984741211,89.94999694824219,93.87000274658205,455584000
2008-10-14,72.24578094482422,99.8499984741211,105.52999877929688,97.11000061035156,104.6999969482422,546268300
2008-10-15,65.1333236694336,90.0199966430664,97.8000030517578,89.70999908447266,97.45999908447266,484627500
2008-10-16,67.84666442871094,93.7699966430664,94.7699966430664,86.54000091552734,91.29000091552734,708811200
2008-10-17,67.44145202636719,93.20999908447266,98.58999633789062,91.6500015258789,91.98999786376952,476649000
2008-10-20,71.4933090209961,98.80999755859376,99.0999984741211,94.08999633789062,95.3499984741211,321294200
2008-10-21,69.35887145996094,95.86000061035156,98.63999938964844,95.22000122070312,96.97000122070312,356502000
2008-10-22,65.58194732666016,90.63999938964844,95.86000061035156,87.52999877929688,93.1999969482422,516168000
2008-10-23,66.34162902832031,91.69000244140624,92.4499969482422,85.80999755859375,90.29000091552734,634666400
2008-10-24,62.977195739746094,87.04000091552734,89.91999816894531,84.0,84.05999755859375,545812600
2008-10-27,60.74143600463867,83.94999694824219,89.51000213623047,83.69999694824219,85.97000122070312,397288600
2008-10-28,67.83940124511719,93.76000213623048,94.23999786376952,84.52999877929688,87.33999633789062,639939500
2008-10-29,67.347412109375,93.08000183105467,97.16999816894533,92.0999984741211,93.7699966430664,531270100
2008-10-30,69.67719268798828,96.3000030517578,96.54000091552734,92.9000015258789,95.77999877929688,414582100
2008-10-31,70.0606918334961,96.83000183105467,98.56999969482422,94.4800033569336,95.08000183105467,411394000
2008-11-03,70.26327514648438,97.11000061035156,97.69000244140624,95.9499969482422,96.77999877929688,205419400
2008-11-04,72.65099334716797,100.41000366210938,100.86000061035156,96.70999908447266,99.05999755859376,346793400
2008-11-05,69.59761810302734,96.19000244140624,100.70999908447266,95.0,99.1999969482422,387844100
2008-11-06,65.74114227294922,90.86000061035156,95.44000244140624,90.05999755859375,94.45999908447266,477721900
2008-11-07,67.91178131103516,93.86000061035156,94.0,90.5,91.6500015258789,380391000
2008-11-10,67.02180480957031,92.62999725341795,95.52999877929688,90.91999816894533,95.20999908447266,301773000
2008-11-11,64.95244598388672,89.7699966430664,92.13999938964844,88.6500015258789,90.76000213623048,418498200
2008-11-12,62.094459533691406,85.81999969482422,88.94999694824219,85.12000274658203,88.2300033569336,454330600
2008-11-13,65.96539306640625,91.16999816894533,91.7300033569336,82.08999633789062,86.12999725341797,753141900
2008-11-14,62.6733283996582,86.62000274658203,92.05999755859376,86.5199966430664,89.41000366210938,540352300
2008-11-17,61.84124755859375,85.47000122070312,88.55999755859375,85.16000366210938,86.37999725341797,415254900
2008-11-18,63.006134033203125,87.08000183105469,87.22000122070312,82.91000366210938,85.1500015258789,523811800
2008-11-19,58.9687614440918,81.5,86.87000274658203,80.91999816894531,85.91000366210938,558327600
2008-11-20,54.5913314819336,75.44999694824219,82.51000213623047,75.05000305175781,80.12999725341797,814180400
2008-11-21,57.536128997802734,79.5199966430664,80.9000015258789,74.33999633789062,77.45999908447266,718536500
2008-11-24,61.52287673950195,85.02999877929688,86.98999786376953,80.36000061035156,81.91999816894531,523305300
2008-11-25,61.97871780395508,85.66000366210938,87.51000213623047,83.81999969482422,87.30000305175781,454112400
2008-11-26,64.37360382080078,88.97000122070312,89.19000244140625,84.23999786376953,84.30000305175781,370134200
2008-11-28,65.18400573730469,90.08999633789062,90.12999725341795,88.4800033569336,88.62999725341797,118308100
2008-12-01,59.41014099121094,82.11000061035156,87.55000305175781,81.86000061035156,87.51000213623047,369927100
2008-12-02,61.69655227661133,85.2699966430664,85.48999786376953,82.04000091552734,83.47000122070312,469508400
2008-12-03,63.17979049682617,87.31999969482422,87.83000183105469,83.13999938964844,83.4000015258789,519863500
2008-12-04,61.7182502746582,85.30000305175781,88.05000305175781,83.73999786376953,86.05999755859375,444173800
2008-12-05,63.62114334106445,87.93000030517578,88.41999816894531,82.23999786376953,83.6500015258789,471905300
2008-12-08,65.84242248535156,91.0,92.37999725341795,88.08000183105469,90.33999633789062,412859300
2008-12-09,64.75713348388672,89.5,92.12999725341795,88.9800033569336,90.37000274658205,370790000
2008-12-10,65.1984634399414,90.11000061035156,91.36000061035156,89.0,90.31999969482422,396187400
2008-12-11,63.628379821777344,87.94000244140625,91.0,87.37000274658203,89.54000091552734,365061000
2008-12-12,64.38811492919922,88.98999786376953,89.06999969482422,85.19999694824219,85.55000305175781,415060400
2008-12-15,63.49091339111328,87.75,89.1500015258789,86.29000091552734,89.0199966430664,256694200
2008-12-16,66.4791488647461,91.87999725341795,92.0199966430664,88.18000030517578,91.87999725341795,377699500
2008-12-17,65.83517456054688,90.98999786376952,92.43000030517578,90.05999755859375,90.83999633789062,281819800
2008-12-18,64.60517883300781,89.29000091552734,91.66999816894533,88.20999908447266,91.4000015258789,374673300
2008-12-19,64.3272476196289,88.19000244140625,90.62000274658205,88.08999633789062,89.0999984741211,301451300
2008-12-22,63.503021240234375,87.05999755859375,88.66999816894531,85.48999786376953,88.58000183105469,243759500
2008-12-23,62.846561431884766,86.16000366210938,87.93000030517578,85.80000305175781,87.52999877929688,221625200
2008-12-24,63.21124649047852,86.66000366210938,86.87000274658203,86.0,86.44999694824219,62061600
2008-12-26,63.57596206665039,87.16000366210938,87.30000305175781,86.5,87.23999786376953,74767700
2008-12-29,63.39360046386719,86.91000366210938,87.33000183105469,85.5999984741211,87.23999786376953,127795900
2008-12-30,64.8962173461914,88.97000122070312,89.05000305175781,86.87999725341797,87.51000213623047,168256300
2008-12-31,65.82258605957031,90.23999786376952,90.97000122070312,88.87000274658203,89.08000183105469,193987200
2009-01-02,67.80657196044922,92.95999908447266,93.44000244140624,89.8499984741211,90.44000244140624,227566300
2009-01-05,67.72635650634766,92.8499984741211,93.66000366210938,91.88999938964844,92.62999725341795,240349700
2009-01-06,68.1785888671875,93.47000122070312,94.4499969482422,92.68000030517578,93.63999938964844,328260900
2009-01-07,66.13623809814453,90.66999816894533,92.26000213623048,90.1999969482422,92.0,280899200
2009-01-08,66.40606689453125,91.04000091552734,91.08999633789062,89.66999816894531,90.16000366210938,263834400
2009-01-09,64.9837417602539,89.08999633789062,91.31999969482422,85.36000061035156,91.16000366210938,330953600
2009-01-12,63.42277145385742,86.94999694824219,88.91000366210938,86.41000366210938,88.83999633789062,277858500
2009-01-13,63.53950500488281,87.11000061035156,87.87999725341797,86.19999694824219,86.7300033569336,356432300
2009-01-14,61.54088592529297,84.37000274658203,85.75,83.16000366210938,85.54000091552734,435491600
2009-01-15,61.562774658203125,84.4000015258789,85.25,81.72000122070312,84.12000274658203,532647300
2009-01-16,62.04417037963867,85.05999755859375,85.98999786376953,83.05000305175781,85.86000061035156,399237200
2009-01-20,58.76911163330078,80.56999969482422,85.05999755859375,80.05000305175781,84.2300033569336,419855200
2009-01-21,61.30747985839844,84.05000305175781,84.23999786376953,80.47000122070312,81.94000244140625,364360700
2009-01-22,60.35923385620117,82.75,84.04000091552734,81.16999816894531,82.41999816894531,427940300
2009-01-23,60.62183380126953,83.11000061035156,83.98999786376953,80.56999969482422,80.9000015258789,386800600
2009-01-26,61.0376091003418,83.68000030517578,85.36000061035156,82.80999755859375,83.58999633789062,317978800
2009-01-27,61.6575927734375,84.52999877929688,85.1500015258789,83.30000305175781,84.12999725341797,273789700
2009-01-28,63.74372100830078,87.38999938964844,87.94999694824219,86.06999969482422,86.4000015258789,330007000
2009-01-29,61.67216873168945,84.55000305175781,87.48999786376953,84.47000122070312,86.11000061035156,294392500
2009-01-30,60.417606353759766,82.83000183105469,85.4000015258789,82.20999908447266,84.9800033569336,383383600
2009-02-02,60.23524856567383,82.58000183105469,83.18000030517578,81.30999755859375,81.56999969482422,288233300
2009-02-03,61.08135986328125,83.73999786376953,84.36000061035156,82.22000122070312,83.0999984741211,278385800
2009-02-04,60.78226852416992,83.33000183105469,85.37000274658203,83.04000091552734,84.30000305175781,322989300
2009-02-05,61.68673706054688,84.56999969482422,85.29000091552734,77.7300033569336,82.69999694824219,417679400
2009-02-06,63.44466400146485,86.9800033569336,87.33999633789062,84.68000030517578,84.86000061035156,366101700
2009-02-09,63.53218078613281,87.0999984741211,87.73999786376953,86.31999969482422,86.95999908447266,240075200
2009-02-10,60.62183380126953,83.11000061035156,87.02999877929688,82.44999694824219,86.2699966430664,536212800
2009-02-11,60.979248046875,83.5999984741211,84.05000305175781,82.4000015258789,83.44999694824219,324442500
2009-02-12,61.02302551269531,83.66000366210938,83.81999969482422,81.05000305175781,82.16999816894531,469302200
2009-02-13,60.36652374267578,82.76000213623047,84.23999786376953,82.73999786376953,83.55000305175781,293998400
2009-02-17,57.784400939941406,79.22000122070312,82.95999908447266,79.16999816894531,80.16000366210938,478910100
2009-02-18,57.64580154418945,79.02999877929688,79.94000244140625,78.27999877929688,79.79000091552734,362964800
2009-02-19,57.02579879760742,78.18000030517578,80.1500015258789,78.0199966430664,79.83999633789062,316867500
2009-02-20,56.47145080566406,77.41999816894531,78.33999633789062,75.7699966430664,76.7300033569336,477176600
2009-02-23,54.45096969604492,74.6500015258789,78.2699966430664,74.58999633789062,78.2699966430664,379641400
2009-02-24,56.51520538330078,77.4800033569336,77.94999694824219,74.69999694824219,75.29000091552734,426260900
2009-02-25,56.07026672363281,76.87000274658203,78.41999816894531,75.62999725341797,77.13999938964844,461985800
2009-02-26,55.15850830078125,75.62000274658203,79.66999816894531,75.52999877929688,77.81999969482422,363353900
2009-02-27,53.92578125,73.93000030517578,75.69000244140625,73.80999755859375,74.01000213623047,470510900
2009-03-02,51.49681854248047,70.5999984741211,73.91999816894531,70.37000274658203,72.5199966430664,426452600
2009-03-03,51.11022186279297,70.06999969482422,71.69999694824219,69.63999938964844,71.61000061035156,443761000
2009-03-04,52.321048736572266,71.7300033569336,72.87000274658203,70.06999969482422,71.2300033569336,462753100
2009-03-05,50.18387985229492,68.80000305175781,71.7300033569336,68.16999816894531,70.0999984741211,485549400
2009-03-06,50.2713737487793,68.91999816894531,70.44999694824219,67.0999984741211,69.4000015258789,490470000
2009-03-09,49.68057632446289,68.11000061035156,70.0,67.7300033569336,67.94999694824219,379905300
2009-03-10,52.64201736450195,72.16999816894531,72.37000274658203,69.37000274658203,69.51000213623047,406227900
2009-03-11,52.98481369018555,72.63999938964844,73.75,71.83000183105469,73.0,356648300
2009-03-12,55.07098007202149,75.5,75.75,71.97000122070312,72.62000274658203,409702700
2009-03-13,55.50130844116211,76.08999633789062,76.9800033569336,74.7300033569336,76.01000213623047,337474700
2009-03-16,55.33356094360352,75.86000061035156,77.97000122070312,75.80999755859375,76.95999908447266,360644900
2009-03-17,57.02579879760742,78.18000030517578,78.36000061035156,75.44999694824219,76.06999969482422,356814300
2009-03-18,58.30226516723633,79.93000030517578,80.9000015258789,77.06999969482422,77.80999755859375,473273200
2009-03-19,57.580169677734375,78.94000244140625,81.0,78.69000244140625,80.93000030517578,428520400
2009-03-20,56.35404968261719,76.70999908447266,78.91000366210938,76.52999877929688,78.76000213623047,371078200
2009-03-23,60.401893615722656,82.22000122070312,82.29000091552734,78.30999755859375,78.73999786376953,419933300
2009-03-24,59.2117805480957,80.5999984741211,82.36000061035156,80.51000213623047,81.23999786376953,330271000
2009-03-25,59.83621597290039,81.44999694824219,82.69999694824219,79.05999755859375,81.2300033569336,441775100
2009-03-26,61.05573272705078,83.11000061035156,83.30000305175781,81.31999969482422,82.25,422025200
2009-03-27,59.95376205444336,81.61000061035156,82.52999877929688,81.30999755859375,82.05000305175781,322332300
2009-03-30,57.8820915222168,78.79000091552734,79.87000274658203,77.95999908447266,79.80000305175781,324108500
2009-03-31,58.41834259033203,79.5199966430664,81.08000183105469,79.05000305175781,79.55999755859375,364238300
2009-04-01,59.5496940612793,81.05999755859375,81.41999816894531,78.33000183105469,78.52999877929688,377018300
2009-04-02,61.29080581665039,83.43000030517578,84.61000061035156,81.12999725341797,83.08000183105469,476230700
2009-04-03,61.90058135986328,84.26000213623047,84.27999877929688,82.66999816894531,83.48999786376953,284646300
2009-04-06,61.41571044921875,83.5999984741211,84.27999877929688,82.29000091552734,83.33999633789062,264866600
2009-04-07,59.983154296875,81.6500015258789,82.6500015258789,81.51000213623047,82.25,258947800
2009-04-08,60.6296272277832,82.52999877929688,82.94000244140625,81.54000091552734,82.05999755859375,230402800
2009-04-09,63.03923416137695,85.80999755859375,85.81999969482422,84.33000183105469,84.66999816894531,269653500
2009-04-13,63.05392456054688,85.83000183105469,86.54000091552734,84.58000183105469,84.91999816894531,224847500
2009-04-14,61.96665573120117,84.3499984741211,85.76000213623047,84.08000183105469,85.02999877929688,276598800
2009-04-15,62.62784957885742,85.25,85.41999816894531,83.61000061035156,83.83999633789062,250726100
2009-04-16,63.546146392822266,86.5,87.1500015258789,84.7699966430664,85.93000030517578,335202900
2009-04-17,63.97224044799805,87.08000183105469,87.6500015258789,86.13999938964844,86.83000183105469,262649000
2009-04-20,61.29080581665039,83.43000030517578,87.05000305175781,83.33999633789062,85.54000091552734,293690100
2009-04-21,62.488258361816406,85.05999755859375,85.12999725341797,82.75,82.81999969482422,114090900
2009-04-22,62.10624694824219,84.54000091552734,86.33999633789062,84.06999969482422,84.29000091552734,340395200
2009-04-23,62.71601486206055,85.37000274658203,85.41999816894531,83.62999725341797,84.70999908447266,324903700
2009-04-24,63.66367721557617,86.66000366210938,87.30999755859375,85.69000244140625,86.02999877929688,287703000
2009-04-27,63.061256408691406,85.83999633789062,87.01000213623047,85.54000091552734,85.68000030517578,289581600
2009-04-28,62.86294555664063,85.56999969482422,86.58999633789062,84.76000213623047,84.97000122070312,247926300
2009-04-29,64.19996643066406,87.38999938964844,88.36000061035156,86.30000305175781,86.5199966430664,311505700
2009-04-30,64.2220230102539,87.41999816894531,89.0199966430664,86.91999816894531,88.55000305175781,301419800
2009-05-01,64.56727600097656,87.88999938964844,88.20999908447266,86.72000122070312,87.44000244140625,236110300
2009-05-04,66.76387023925781,90.87999725341795,90.94000244140624,88.37999725341797,88.55000305175781,287120000
2009-05-05,66.53614044189453,90.56999969482422,90.93000030517578,89.83999633789062,90.56999969482422,243036300
2009-05-06,67.68952178955078,92.13999938964844,92.1999969482422,90.61000061035156,91.68000030517578,291941000
2009-05-07,66.7491683959961,90.86000061035156,93.1500015258789,90.27999877929688,93.01000213623048,317728000
2009-05-08,68.30660247802734,92.9800033569336,93.22000122070312,91.44000244140624,92.02999877929688,299081700
2009-05-11,67.02831268310547,91.23999786376952,92.11000061035156,91.04000091552734,91.6999969482422,247923600
2009-05-12,66.83000183105469,90.97000122070312,91.83000183105467,89.8499984741211,91.62999725341795,282431300
2009-05-13,65.14765167236328,88.68000030517578,90.01000213623047,88.5,89.73999786376953,269619100
2009-05-14,65.70598602294922,89.44000244140625,90.12000274658205,88.5,88.72000122070312,260098700
2009-05-15,65.169677734375,88.70999908447266,90.0,88.1500015258789,89.37000274658203,271502700
2009-05-18,67.02099609375,91.2300033569336,91.33999633789062,88.56999969482422,89.55000305175781,241447400
2009-05-19,66.94019317626953,91.12000274658205,91.97000122070312,90.80999755859376,91.18000030517578,206102200
2009-05-20,66.4920654296875,90.51000213623048,92.8000030517578,90.41000366210938,91.9499969482422,285722200
2009-05-21,65.5370101928711,89.20999908447266,89.80000305175781,88.26000213623047,89.45999908447266,258988400
2009-05-22,65.3974380493164,89.0199966430664,90.0,88.68000030517578,89.45999908447266,166811900
2009-05-26,67.0724105834961,91.3000030517578,91.55999755859376,88.31999969482422,88.36000061035156,236318500
2009-05-27,65.87492370605469,89.66999816894531,91.75,89.52999877929688,91.44000244140624,246015800
2009-05-28,66.79322814941406,90.91999816894533,91.33999633789062,89.0999984741211,90.45999908447266,289095000
2009-05-29,67.97600555419922,92.52999877929688,93.6999969482422,90.68000030517578,91.41999816894533,258641500
2009-06-01,69.62158966064453,94.7699966430664,95.16999816894533,93.43000030517578,93.66999816894533,276246800
2009-06-02,69.68036651611328,94.8499984741211,95.37000274658205,94.2300033569336,94.4000015258789,230874500
2009-06-03,68.79879760742188,93.6500015258789,94.12999725341795,92.76000213623048,94.04000091552734,235310500
2009-06-04,69.44532775878906,94.52999877929688,94.66999816894533,93.3000030517578,94.0,210102300
2009-06-05,69.46000671386719,94.5500030517578,95.66999816894533,93.8000030517578,95.48999786376952,284257900
2009-06-08,69.1734619140625,94.16000366210938,95.0999984741211,93.04000091552734,93.83999633789062,238565100
2009-06-09,69.5261001586914,94.63999938964844,95.13999938964844,94.0199966430664,94.69000244140624,225125500
2009-06-10,69.34978485107422,94.4000015258789,95.48999786376952,93.19000244140624,95.4800033569336,296100400
2009-06-11,69.65834045410156,94.81999969482422,96.11000061035156,94.55999755859376,94.58000183105467,275414200
2009-06-12,69.84933471679688,95.08000183105467,95.13999938964844,94.0,94.4000015258789,184361800
2009-06-15,68.24781799316406,92.9000015258789,94.0199966430664,92.4000015258789,93.95999908447266,224190500
2009-06-16,67.32215881347656,91.63999938964844,93.29000091552734,91.58000183105467,93.2300033569336,227319000
2009-06-17,67.25607299804688,91.5500030517578,92.33000183105467,90.83000183105467,91.5999984741211,223445200
2009-06-18,67.74826049804688,92.22000122070312,92.66999816894533,91.25,91.69000244140624,211725100
2009-06-19,67.99797058105469,92.04000091552734,92.6999969482422,91.5199966430664,92.58000183105467,215655600
2009-06-22,65.95892333984375,89.27999877929688,91.19000244140624,89.25,91.13999938964844,251913600
2009-06-23,66.0106430053711,89.3499984741211,89.87999725341797,88.8499984741211,89.47000122070312,188309800
2009-06-24,66.57952117919922,90.12000274658205,91.08000183105467,89.5999984741211,90.16000366210938,211577700
2009-06-25,68.02755737304688,92.08000183105467,92.16999816894533,89.56999969482422,89.66999816894531,279411000
2009-06-26,67.85023498535156,91.83999633789062,92.23999786376952,91.2699966430664,91.7699966430664,167579000
2009-06-29,68.485595703125,92.6999969482422,92.81999969482422,91.5999984741211,92.11000061035156,168481300
2009-06-30,67.93147277832031,91.9499969482422,93.05999755859376,91.2699966430664,92.72000122070312,228888200
2009-07-01,68.21221923828125,92.33000183105467,93.2300033569336,92.20999908447266,92.33999633789062,173041100
2009-07-02,66.3504867553711,89.80999755859375,92.36000061035156,89.76000213623047,91.12999725341795,212309900
2009-07-06,66.34308624267578,89.80000305175781,89.93000030517578,88.66000366210938,88.94000244140625,174499600
2009-07-07,65.0575942993164,88.05999755859375,89.81999969482422,88.0,89.70999908447266,197088900
2009-07-08,65.01329803466797,88.0,88.80000305175781,87.0,88.58999633789062,248050500
2009-07-09,65.13886260986328,88.16999816894531,88.9000015258789,87.91000366210938,88.61000061035156,163777600
2009-07-10,64.9837417602539,87.95999908447266,88.48999786376953,87.3499984741211,87.69999694824219,173520300
2009-07-13,66.5647201538086,90.0999984741211,90.16999816894533,87.58999633789062,88.30999755859375,217413500
2009-07-14,66.9415283203125,90.61000061035156,90.69000244140624,89.7300033569336,90.37999725341795,181487400
2009-07-15,68.89932250976562,93.26000213623048,93.51000213623048,90.68000030517578,91.80999755859376,220877900
2009-07-16,68.78849029541016,93.11000061035156,94.51000213623048,92.81999969482422,93.0,231174500
2009-07-17,69.54205322265625,94.12999725341795,94.31999969482422,93.54000091552734,94.05999755859376,138561700
2009-07-20,70.28086853027344,95.12999725341795,95.29000091552734,94.19000244140624,94.68000030517578,164179400
2009-07-21,70.60588836669922,95.56999969482422,95.9000015258789,94.41999816894533,95.87000274658205,217718300
2009-07-22,70.59111785888672,95.5500030517578,96.12999725341795,94.88999938964844,94.95999908447266,196068100
2009-07-23,72.14996337890625,97.66000366210938,98.08000183105467,95.52999877929688,95.61000061035156,258795500
2009-07-24,72.44547271728516,98.05999755859376,98.13999938964844,96.69000244140624,97.1999969482422,154003100
2009-07-27,72.65972900390625,98.3499984741211,98.4000015258789,97.33999633789062,97.87999725341795,159259400
2009-07-28,72.31989288330078,97.88999938964844,98.37000274658205,97.05999755859376,97.66000366210938,186685200
2009-07-29,72.142578125,97.6500015258789,98.08999633789062,96.9800033569336,97.44000244140624,194399300
2009-07-30,72.89613342285156,98.66999816894533,99.83000183105467,98.5999984741211,98.83000183105467,225575400
2009-07-31,72.99957275390625,98.80999755859376,99.47000122070312,98.37999725341795,98.6500015258789,207358000
2009-08-03,74.20377349853516,100.44000244140624,100.52999877929688,99.30999755859376,99.8499984741211,175776900
2009-08-04,74.39588928222656,100.6999969482422,100.83999633789062,99.77999877929688,99.98999786376952,176714600
2009-08-05,74.18164825439453,100.41000366210938,100.86000061035156,99.58000183105467,100.7699966430664,184726400
2009-08-06,73.7974624633789,99.88999938964844,101.0199966430664,99.41999816894533,100.87000274658205,193203800
2009-08-07,74.76524353027344,101.1999969482422,102.02999877929688,100.38999938964844,100.94000244140624,220640900
2009-08-10,74.6101303100586,100.98999786376952,101.22000122070312,100.2699966430664,100.73999786376952,130898700
2009-08-11,73.67925262451172,99.7300033569336,100.61000061035156,99.45999908447266,100.54000091552734,157301000
2009-08-12,74.46978759765625,100.8000030517578,101.55999755859376,99.51000213623048,99.55999755859376,219052400
2009-08-13,75.03861999511719,101.56999969482422,101.61000061035156,100.26000213623048,101.26000213623048,176449500
2009-08-14,74.46238708496094,100.79000091552734,101.5999984741211,99.6999969482422,101.5199966430664,199616100
2009-08-17,72.63021087646484,98.30999755859376,98.9499969482422,98.11000061035156,98.8499984741211,237667500
2009-08-18,73.20643615722656,99.08999633789062,99.44000244140624,98.3499984741211,98.52999877929688,173461500
2009-08-19,73.84917449951172,99.95999908447266,100.3000030517578,98.20999908447266,98.30999755859376,192812800
2009-08-20,74.6101303100586,100.98999786376952,101.22000122070312,99.87000274658205,100.08999633789062,174131300
2009-08-21,76.07294464111328,102.97000122070312,103.12999725341795,101.62000274658205,101.81999969482422,224605000
2009-08-24,76.06552124023438,102.95999908447266,103.9499969482422,102.58999633789062,103.38999938964844,191279000
2009-08-25,76.2132797241211,103.16000366210938,104.26000213623048,102.94000244140624,103.37000274658205,215310600
2009-08-26,76.220703125,103.16999816894533,103.63999938964844,102.48999786376952,102.83999633789062,194620700
2009-08-27,76.390625,103.4000015258789,103.72000122070312,101.94000244140624,103.11000061035156,196230100
2009-08-28,76.37584686279297,103.37999725341795,104.3499984741211,102.66999816894533,104.2300033569336,147024400
2009-08-31,75.6961441040039,102.45999908447266,102.58000183105467,101.79000091552734,102.37000274658205,176051600
2009-09-01,74.0264663696289,100.1999969482422,103.23999786376952,99.98999786376952,101.9499969482422,321276800
2009-09-02,73.7457504272461,99.81999969482422,100.44000244140624,99.56999969482422,99.77999877929688,171805000
2009-09-03,74.35893249511719,100.6500015258789,100.7699966430664,99.58999633789062,100.4000015258789,143572300
2009-09-04,75.40062713623047,102.05999755859376,102.08999633789062,100.5500030517578,100.8499984741211,142687900
2009-09-08,76.05078125,102.94000244140624,103.0500030517578,102.38999938964844,103.0,132909100
2009-09-09,76.6343994140625,103.7300033569336,104.08000183105467,102.8000030517578,103.12000274658205,154612500
2009-09-10,77.41752624511719,104.79000091552734,104.86000061035156,103.22000122070312,103.8000030517578,162902400
2009-09-11,77.40274047851562,104.7699966430664,105.3000030517578,104.27999877929688,104.98999786376952,152360100
2009-09-14,77.77950286865234,105.27999877929688,105.45999908447266,103.1500015258789,103.87999725341795,149593800
2009-09-15,78.10460662841797,105.72000122070312,106.11000061035156,104.76000213623048,105.4499969482422,196795900
2009-09-16,79.28665924072266,107.31999969482422,107.33999633789062,105.7300033569336,106.0999984741211,206406300
2009-09-17,79.16844940185547,107.16000366210938,108.05999755859376,106.56999969482422,107.16999816894533,229170900
2009-09-18,79.21891784667969,106.72000122070312,107.16000366210938,106.36000061035156,107.1500015258789,153799100
2009-09-21,79.01849365234375,106.4499969482422,107.0,105.66000366210938,105.88999938964844,151892000
2009-09-22,79.47874450683594,107.06999969482422,107.37000274658205,106.5999984741211,107.08000183105467,143126700
2009-09-23,78.81809997558594,106.18000030517578,108.02999877929688,105.98999786376952,107.31999969482422,225947400
2009-09-24,77.94959259033203,105.01000213623048,106.63999938964844,104.5500030517578,106.41000366210938,228636800
2009-09-25,77.53392791748047,104.4499969482422,105.36000061035156,104.08999633789062,104.77999877929688,204059000
2009-09-28,78.92201232910156,106.31999969482422,106.5500030517578,104.83000183105467,104.8499984741211,118285800
2009-09-29,78.6844711303711,106.0,107.0199966430664,105.77999877929688,106.51000213623048,133733900
2009-09-30,78.38011932373047,105.58999633789062,106.45999908447266,104.62000274658205,106.36000061035156,254383000
2009-10-01,76.4352798461914,102.97000122070312,105.7300033569336,102.9499969482422,103.0,281840600
2009-10-02,76.0789566040039,102.48999786376952,103.0999984741211,101.98999786376952,102.0199966430664,224748800
2009-10-05,77.2146987915039,104.0199966430664,104.31999969482422,102.5999984741211,102.9000015258789,149875000
2009-10-06,78.32073211669922,105.51000213623048,106.11000061035156,104.70999908447266,104.7699966430664,202491100
2009-10-07,78.53600311279297,105.8000030517578,105.91000366210938,105.06999969482422,105.2699966430664,159200300
2009-10-08,79.13726806640625,106.61000061035156,107.16999816894533,105.8499984741211,106.5500030517578,183305800
2009-10-09,79.61976623535156,107.26000213623048,107.26000213623048,106.36000061035156,106.63999938964844,135008300
2009-10-12,79.9315414428711,107.68000030517578,108.08999633789062,107.27999877929688,107.76000213623048,118031000
2009-10-13,79.76821899414062,107.45999908447266,107.70999908447266,106.76000213623048,107.38999938964844,157692700
2009-10-14,81.14151000976562,109.30999755859376,109.41999816894533,107.41999816894533,108.72000122070312,191421600
2009-10-15,81.43841552734375,109.70999908447266,109.70999908447266,108.7300033569336,108.77999877929688,173873600
2009-10-16,80.82972717285156,108.88999938964844,109.2699966430664,108.2300033569336,108.8000030517578,192069400
2009-10-19,81.49781036376953,109.79000091552734,110.12999725341795,108.7300033569336,109.06999969482422,159530400
2009-10-20,81.0672836303711,109.20999908447266,109.98999786376952,108.68000030517578,109.9499969482422,180921100
2009-10-21,80.33980560302734,108.2300033569336,110.30999755859376,108.1500015258789,109.04000091552734,225379300
2009-10-22,81.15636444091797,109.33000183105467,109.68000030517578,107.5,108.19000244140624,238444000
2009-10-23,80.22843933105469,108.08000183105467,109.76000213623048,107.62999725341795,109.69000244140624,240033200
2009-10-26,79.35997009277344,106.91000366210938,109.30999755859376,106.61000061035156,108.1999969482422,242028200
2009-10-27,78.99622344970703,106.41999816894533,107.38999938964844,106.16000366210938,107.02999877929688,253266300
2009-10-28,77.50419616699219,104.41000366210938,106.4800033569336,104.3499984741211,106.1500015258789,248821400
2009-10-29,79.16698455810547,106.6500015258789,106.86000061035156,104.94000244140624,105.19000244140624,198110600
2009-10-30,76.87325286865234,103.55999755859376,106.62000274658205,103.44000244140624,106.3000030517578,325608100
2009-11-02,77.4373779296875,104.31999969482422,105.41000366210938,103.08000183105467,104.12999725341795,254222900
2009-11-03,77.68233489990234,104.6500015258789,104.8000030517578,103.54000091552734,103.73999786376952,228362600
2009-11-04,77.88279724121094,104.91999816894533,106.33000183105467,104.6500015258789,105.51000213623048,247996700
2009-11-05,79.3154296875,106.8499984741211,106.87999725341795,105.44000244140624,105.66000366210938,180015300
2009-11-06,79.52330017089844,107.12999725341795,107.4000015258789,106.0500030517578,106.26000213623048,170954100
2009-11-09,81.33450317382812,109.56999969482422,109.62999725341795,107.87000274658205,107.9499969482422,159495700
2009-11-10,81.34933471679688,109.58999633789062,109.93000030517578,108.97000122070312,109.30999755859376,171899800
2009-11-11,81.76505279541016,110.1500015258789,110.81999969482422,109.62000274658205,110.30999755859376,169466200
2009-11-12,80.93368530273438,109.02999877929688,110.56999969482422,108.75,110.0,157144500
2009-11-13,81.37161254882812,109.62000274658205,110.08999633789062,108.75,109.30999755859376,150963000
2009-11-16,82.55188751220703,111.20999908447266,111.69000244140624,110.31999969482422,110.37999725341795,210922200
2009-11-17,82.64834594726562,111.33999633789062,111.38999938964844,110.5,110.91999816894533,147134100
2009-11-18,82.59644317626953,111.2699966430664,111.43000030517578,110.56999969482422,111.26000213623048,156486800
2009-11-19,81.52008819580078,109.81999969482422,111.30999755859376,109.12999725341795,110.51000213623048,208734600
2009-11-20,81.2305679321289,109.43000030517578,109.76000213623048,109.01000213623048,109.25,134196000
2009-11-23,82.26235961914062,110.81999969482422,111.73999786376952,110.5999984741211,110.72000122070312,148010200
2009-11-24,82.3885726928711,110.98999786376952,111.1999969482422,110.01000213623048,111.0,138420100
2009-11-25,82.67809295654297,111.37999725341795,111.5,110.81999969482422,111.16999816894533,109564800
2009-11-27,81.33450317382812,109.56999969482422,110.31999969482422,108.29000091552734,108.4000015258789,126001800
2009-11-30,81.60914611816406,109.94000244140624,110.1999969482422,108.12000274658205,109.4800033569336,160874800
2009-12-01,82.61869049072266,111.3000030517578,111.66000366210938,110.7300033569336,110.91999816894533,159613700
2009-12-02,82.58157348632812,111.25,112.01000213623048,110.91999816894533,111.27999877929688,132315100
2009-12-03,81.93577575683594,110.37999725341795,112.18000030517578,110.29000091552734,111.5500030517578,167324900
2009-12-04,82.40341186523438,111.01000213623048,112.37999725341795,110.04000091552734,111.83999633789062,274907800
2009-12-07,82.27721405029297,110.83999633789062,111.52999877929688,110.48999786376952,110.91000366210938,127973800
2009-12-08,81.36418914794922,109.61000061035156,110.7699966430664,109.2699966430664,110.04000091552734,169863700
2009-12-09,81.66851806640625,110.0199966430664,110.18000030517578,109.0199966430664,109.58000183105467,155063400
2009-12-10,82.1287612915039,110.63999938964844,111.12000274658205,110.4499969482422,110.6999969482422,138014600
2009-12-11,82.4776611328125,111.11000061035156,111.36000061035156,110.61000061035156,111.11000061035156,124854000
2009-12-14,83.04182434082031,111.87000274658205,112.0,111.12999725341795,111.87000274658205,107141500
2009-12-15,82.65580749511719,111.3499984741211,111.91999816894533,111.0,111.45999908447266,120408800
2009-12-16,82.7820053100586,111.5199966430664,112.12999725341795,111.2699966430664,111.8000030517578,155358200
2009-12-17,81.78731536865234,110.18000030517578,110.93000030517578,110.08000183105467,110.72000122070312,183390100
2009-12-18,82.25001525878906,110.20999908447266,110.3000030517578,109.27999877929688,110.1999969482422,174591200
2009-12-21,83.08586120605469,111.33000183105467,111.6999969482422,110.76000213623048,110.76000213623048,118039600
2009-12-22,83.3843994140625,111.7300033569336,111.97000122070312,111.43000030517578,111.56999969482422,91707500
2009-12-23,83.54855346679688,111.9499969482422,112.11000061035156,111.5,112.0,111783100
2009-12-24,83.9441146850586,112.4800033569336,112.5999984741211,112.0,112.19000244140624,39677500
2009-12-28,84.12326049804688,112.72000122070312,112.98999786376952,112.31999969482422,112.9000015258789,87508500
2009-12-29,84.00383758544922,112.55999755859376,113.02999877929688,112.5500030517578,113.01000213623048,80572500
2009-12-30,83.9739990234375,112.5199966430664,112.6500015258789,112.16999816894533,112.2300033569336,73138400
2009-12-31,83.16798400878906,111.44000244140624,112.8000030517578,111.38999938964844,112.7699966430664,90637900
2010-01-04,84.57847595214844,113.33000183105467,113.38999938964844,111.51000213623048,112.37000274658205,118944600
2010-01-05,84.80236053466797,113.62999725341795,113.68000030517578,112.8499984741211,113.26000213623048,111579900
2010-01-06,84.8620834350586,113.70999908447266,113.98999786376952,113.43000030517578,113.5199966430664,116074400
2010-01-07,85.22029113769531,114.19000244140624,114.33000183105467,113.18000030517578,113.5,131091100
2010-01-08,85.50387573242188,114.56999969482422,114.62000274658205,113.66000366210938,113.88999938964844,126402800
2010-01-11,85.62329864501953,114.7300033569336,115.12999725341795,114.23999786376952,115.08000183105467,106375700
2010-01-12,84.82472229003906,113.66000366210938,114.20999908447266,113.22000122070312,113.97000122070312,163333500
2010-01-13,85.54121398925781,114.62000274658205,114.94000244140624,113.37000274658205,113.9499969482422,161822000
2010-01-14,85.7725601196289,114.93000030517578,115.13999938964844,114.41999816894533,114.48999786376952,115718800
2010-01-15,84.8098373413086,113.63999938964844,114.83999633789062,113.1999969482422,114.7300033569336,212283100
2010-01-19,85.86958312988281,115.05999755859376,115.12999725341795,113.58999633789062,113.62000274658205,139172700
2010-01-20,84.99640655517578,113.88999938964844,114.4499969482422,112.9800033569336,114.27999877929688,216490200
2010-01-21,83.36199951171875,111.6999969482422,114.2699966430664,111.55999755859376,113.91999816894533,344859600
2010-01-22,81.5036849975586,109.20999908447266,111.73999786376952,109.08999633789062,111.1999969482422,345942400
2010-01-25,81.92163848876953,109.7699966430664,110.41000366210938,109.41000366210938,110.20999908447266,186937500
2010-01-26,81.5783462524414,109.30999755859376,110.47000122070312,109.04000091552734,109.33999633789062,211168800
2010-01-27,81.96644592285156,109.83000183105467,110.08000183105467,108.33000183105467,109.16999816894533,271863600
2010-01-28,81.02608489990234,108.56999969482422,110.25,107.91000366210938,110.19000244140624,316104000
2010-01-29,80.14541625976562,107.38999938964844,109.8000030517578,107.22000122070312,109.04000091552734,310677600
2010-02-01,81.39175415039062,109.05999755859376,109.06999969482422,107.5,108.1500015258789,187865000
2010-02-02,82.37688446044922,110.37999725341795,110.58999633789062,108.87999725341795,109.26000213623048,216327900
2010-02-03,81.96644592285156,109.83000183105467,110.4800033569336,109.51000213623048,109.87999725341795,172730700
2010-02-04,79.43647003173828,106.44000244140624,109.02999877929688,106.41999816894533,108.9800033569336,356715700
2010-02-05,79.60065460205078,106.66000366210938,106.87999725341795,104.58000183105467,106.55999755859376,493585800
2010-02-08,79.02598571777344,105.88999938964844,107.33000183105467,105.80999755859376,106.73999786376952,224166900
2010-02-09,80.01856231689453,107.22000122070312,108.1500015258789,106.2699966430664,107.12999725341795,337820500
2010-02-10,79.86186981201172,107.01000213623048,107.5999984741211,106.11000061035156,107.0500030517578,240511500
2010-02-11,80.69770812988281,108.12999725341795,108.25,106.25,106.87000274658205,223591600
2010-02-12,80.63053894042969,108.04000091552734,108.0999984741211,106.51000213623048,106.98999786376952,304622100
2010-02-16,81.89924621582031,109.73999786376952,109.8499984741211,107.81999969482422,108.86000061035156,159317500
2010-02-17,82.28732299804688,110.26000213623048,110.41000366210938,109.73999786376952,110.2699966430664,168845100
2010-02-18,82.77242279052734,110.91000366210938,111.13999938964844,110.04000091552734,110.08000183105467,193708600
2010-02-19,82.94405364990234,111.13999938964844,111.56999969482422,110.36000061035156,110.62000274658205,222684900
2010-02-22,82.95896911621094,111.16000366210938,111.58000183105467,110.83000183105467,111.5500030517578,132346900
2010-02-23,81.95147705078125,109.80999755859376,111.1999969482422,109.5199966430664,110.86000061035156,207497000
2010-02-24,82.70524597167969,110.81999969482422,111.0,109.86000061035156,110.13999938964844,176350700
2010-02-25,82.59329223632812,110.66999816894533,110.75,108.94000244140624,109.23999786376952,259634700
2010-02-26,82.64555358886719,110.73999786376952,111.12000274658205,110.11000061035156,110.7699966430664,173589300
2010-03-01,83.50377655029297,111.88999938964844,112.0,111.16999816894533,111.1999969482422,147709700
2010-03-02,83.73516845703125,112.1999969482422,112.73999786376952,112.0,112.37000274658205,160992400
2010-03-03,83.80977630615234,112.3000030517578,112.97000122070312,112.0199966430664,112.48999786376952,150785000
2010-03-04,84.06352996826172,112.63999938964844,112.8000030517578,112.02999877929688,112.4499969482422,135770400
2010-03-05,85.26510620117188,114.25,114.33999633789062,113.0999984741211,113.37000274658205,176118800
2010-03-08,85.27999877929688,114.2699966430664,114.5199966430664,114.06999969482422,114.26000213623048,114631200
2010-03-09,85.42182159423828,114.45999908447266,114.98999786376952,113.87000274658205,113.93000030517578,154556700
2010-03-10,85.80242156982422,114.97000122070312,115.27999877929688,114.41000366210938,114.51000213623048,186088800
2010-03-11,86.1606216430664,115.4499969482422,115.4800033569336,114.3499984741211,114.6999969482422,160791100
2010-03-12,86.16808319091797,115.45999908447266,115.97000122070312,115.13999938964844,115.9499969482422,162074800
2010-03-15,86.19049835205078,115.48999786376952,115.56999969482422,114.5999984741211,115.26000213623048,146816800
2010-03-16,86.8770523071289,116.41000366210938,116.5199966430664,115.48999786376952,115.80999755859376,168673000
2010-03-17,87.39200592041016,117.0999984741211,117.4800033569336,116.41999816894533,116.76000213623048,177468100
2010-03-18,87.34725952148438,117.04000091552734,117.2699966430664,116.56999969482422,117.11000061035156,196509100
2010-03-19,86.90513610839844,115.97000122070312,117.29000091552734,115.5199966430664,115.97000122070312,226641100
2010-03-22,87.3697509765625,116.58999633789062,116.8000030517578,115.23999786376952,115.30999755859376,184477800
2010-03-23,87.98422241210938,117.41000366210938,117.51000213623048,116.37999725341795,116.76000213623048,182941600
2010-03-24,87.55707550048828,116.83999633789062,117.43000030517578,115.58000183105467,116.97000122070312,196072600
2010-03-25,87.4146957397461,116.6500015258789,118.16999816894533,116.51000213623048,117.62999725341795,223396300
2010-03-26,87.36223602294922,116.58000183105467,117.41999816894533,116.12000274658205,116.87000274658205,205808500
2010-03-29,87.9167709350586,117.31999969482422,117.52999877929688,116.69000244140624,117.16999816894533,134513500
2010-03-30,87.97672271728516,117.4000015258789,117.83000183105467,116.91000366210938,117.45999908447266,145772500
2010-03-31,87.67699432373047,117.0,117.5199966430664,116.61000061035156,116.9499969482422,161078700
2010-04-01,88.27648162841797,117.8000030517578,118.25,117.0999984741211,117.8000030517578,161215200
2010-04-05,88.99588012695312,118.76000213623048,118.83999633789062,117.91999816894533,118.25,105847600
2010-04-06,89.20574188232422,119.04000091552734,119.25,118.29000091552734,118.41999816894533,110384200
2010-04-07,88.69612884521484,118.36000061035156,119.36000061035156,117.80999755859376,118.8000030517578,184576300
2010-04-08,89.00340270996094,118.7699966430664,118.97000122070312,117.5999984741211,117.9499969482422,158704000
2010-04-09,89.58789825439453,119.5500030517578,119.5999984741211,118.8000030517578,119.0199966430664,133006500
2010-04-12,89.73026275634766,119.73999786376952,120.0500030517578,119.55999755859376,119.6999969482422,110279000
2010-04-13,89.79772186279297,119.83000183105467,120.04000091552734,119.0,119.62000274658205,125043600
2010-04-14,90.81685638427734,121.19000244140624,121.19000244140624,120.08000183105467,120.2699966430664,161609000
2010-04-15,90.89181518554688,121.29000091552734,121.56999969482422,120.9499969482422,120.98999786376952,144615300
2010-04-16,89.4455337524414,119.36000061035156,121.29000091552734,118.75,120.86000061035156,366786700
2010-04-19,89.78273010253906,119.80999755859376,119.93000030517578,118.47000122070312,119.01000213623048,217947800
2010-04-20,90.58455657958984,120.87999725341795,120.9800033569336,119.87000274658205,120.55999755859376,157708000
2010-04-21,90.4197235107422,120.66000366210938,121.2300033569336,119.98999786376952,120.9499969482422,192910100
2010-04-22,90.6894760131836,121.0199966430664,121.16999816894533,119.12000274658205,119.80999755859376,115360300
2010-04-23,91.28147888183594,121.80999755859376,121.86000061035156,120.62999725341795,120.94000244140624,177335500
2010-04-26,90.93673706054688,121.3499984741211,122.12000274658205,121.2300033569336,121.8499984741211,143457300
2010-04-27,88.78608703613281,118.4800033569336,121.33999633789062,118.25,120.6500015258789,355853300
2010-04-28,89.46051025390625,119.37999725341795,119.68000030517578,118.2699966430664,119.0500030517578,300674100
2010-04-29,90.56957244873048,120.86000061035156,121.11000061035156,120.06999969482422,120.0999984741211,193775000
2010-04-30,89.03339385986328,118.80999755859376,121.01000213623048,118.77999877929688,120.87999725341795,270000900
2010-05-03,90.18740844726562,120.3499984741211,120.68000030517578,119.1999969482422,119.37999725341795,182747900
2010-05-04,88.06666564941406,117.5199966430664,119.02999877929688,116.91999816894533,119.01000213623048,360353400
2010-05-05,87.54208374023438,116.81999969482422,117.8000030517578,115.97000122070312,116.55999755859376,328973200
2010-05-06,84.63452911376953,112.94000244140624,117.0,105.0,116.26000213623048,647356600
2010-05-07,83.37557220458984,111.26000213623048,113.7699966430664,109.41000366210938,112.63999938964844,637558800
2010-05-10,87.04751586914062,116.16000366210938,116.6500015258789,114.91000366210938,115.80999755859376,396159600
2010-05-11,86.80023193359375,115.83000183105467,117.36000061035156,114.91000366210938,115.06999969482422,317849800
2010-05-12,88.01421356201172,117.4499969482422,117.62000274658205,116.08999633789062,116.29000091552734,235607100
2010-05-13,86.92013549804688,115.98999786376952,117.68000030517578,115.88999938964844,117.12999725341795,234452500
2010-05-14,85.34645080566406,113.88999938964844,115.33000183105467,112.87000274658205,115.12000274658205,345601400
2010-05-17,85.39140319824219,113.9499969482422,114.5199966430664,111.7699966430664,114.1999969482422,325739800
2010-05-18,84.22982788085938,112.4000015258789,115.22000122070312,112.02999877929688,114.87999725341795,360556800
2010-05-19,83.75028228759766,111.76000213623048,112.7699966430664,110.36000061035156,111.7699966430664,394742700
2010-05-20,80.58789825439453,107.54000091552734,109.88999938964844,107.47000122070312,109.37999725341795,530418300
2010-05-21,81.76441192626953,109.11000061035156,109.37999725341795,105.36000061035156,105.91000366210938,500909400
2010-05-24,80.71528625488281,107.70999908447266,109.38999938964844,107.61000061035156,108.5199966430664,269823000
2010-05-25,80.79771423339844,107.81999969482422,107.87000274658205,104.37999725341795,105.11000061035156,396505200
2010-05-26,80.31063079833984,107.16999816894533,109.47000122070312,106.8499984741211,108.4800033569336,349719300
2010-05-27,83.00090789794922,110.76000213623048,110.8000030517578,108.77999877929688,109.19000244140624,300870500
2010-05-28,81.95926666259766,109.37000274658205,110.72000122070312,108.8499984741211,110.63999938964844,297933500
2010-06-01,80.58040618896484,107.52999877929688,109.9499969482422,107.37000274658205,108.3499984741211,277909400
2010-06-02,82.67870330810547,110.33000183105467,110.33999633789062,107.51000213623048,108.08000183105467,240243700
2010-06-03,82.96340942382812,110.70999908447266,111.05999755859376,109.58000183105467,110.6500015258789,226618300
2010-06-04,80.04833984375,106.81999969482422,109.33000183105467,106.45999908447266,108.61000061035156,398475600
2010-06-07,79.05167388916016,105.48999786376952,107.61000061035156,105.41000366210938,107.1999969482422,264609100
2010-06-08,79.8984603881836,106.62000274658205,106.83000183105467,104.6500015258789,105.56999969482422,357774300
2010-06-09,79.4713134765625,106.0500030517578,108.27999877929688,105.5999984741211,107.23999786376952,268023300
2010-06-10,81.79437255859375,109.1500015258789,109.27999877929688,106.04000091552734,107.86000061035156,317890600
2010-06-11,82.19155883789062,109.68000030517578,109.75,108.12000274658205,108.19000244140624,214128200
2010-06-14,82.06416320800781,109.51000213623048,111.12000274658205,109.4000015258789,110.5199966430664,207196100
2010-06-15,83.93010711669922,112.0,112.0999984741211,110.08999633789062,110.27999877929688,238268700
2010-06-16,83.90015411376953,111.95999908447266,112.41999816894533,111.1999969482422,111.41999816894533,216374000
2010-06-17,84.03501892089844,112.13999938964844,112.33000183105467,111.0500030517578,112.27999877929688,263185800
2010-06-18,84.12615203857422,111.7300033569336,112.12999725341795,111.37000274658205,111.83000183105467,174006600
2010-06-21,83.88522338867188,111.41000366210938,113.1999969482422,110.79000091552734,113.12000274658205,213140700
2010-06-22,82.49980926513672,109.56999969482422,111.9000015258789,109.41000366210938,111.41000366210938,239355400
2010-06-23,82.2437744140625,109.2300033569336,110.02999877929688,108.4800033569336,109.63999938964844,254639900
2010-06-24,80.88092803955078,107.41999816894533,108.83000183105467,107.13999938964844,108.69000244140624,268523600
2010-06-25,81.21977996826172,107.87000274658205,108.41999816894533,106.7699966430664,107.73999786376952,238726500
2010-06-28,80.96376037597656,107.52999877929688,108.31999969482422,107.13999938964844,108.02999877929688,169218600
2010-06-29,78.46403503417969,104.20999908447266,107.51000213623048,103.5500030517578,106.0199966430664,373649500
2010-06-30,77.7186050415039,103.22000122070312,104.87999725341795,102.87999725341795,103.91999816894533,284101700
2010-07-01,77.37224578857422,102.76000213623048,103.48999786376952,101.12999725341795,103.1500015258789,382924800
2010-07-02,76.95060729980469,102.1999969482422,103.41999816894533,101.62000274658205,103.11000061035156,233385200
2010-07-06,77.4550552368164,102.87000274658205,104.37000274658205,101.87999725341795,103.63999938964844,256935300
2010-07-07,79.89460754394531,106.11000061035156,106.23999786376952,103.0199966430664,103.12999725341795,253769400
2010-07-08,80.6852035522461,107.16000366210938,107.27999877929688,105.91000366210938,107.0,210842100
2010-07-09,81.28753662109375,107.95999908447266,107.97000122070312,106.93000030517578,107.12999725341795,144999900
2010-07-12,81.34027099609375,108.02999877929688,108.23999786376952,107.1500015258789,107.5999984741211,131283600
2010-07-13,82.56753540039062,109.66000366210938,110.08999633789062,108.93000030517578,109.1500015258789,213025900
2010-07-14,82.55999755859375,109.6500015258789,110.08000183105467,108.86000061035156,109.30999755859376,184426800
2010-07-15,82.58263397216797,109.68000030517578,110.05999755859376,108.16999816894533,109.61000061035156,232337900
2010-07-16,80.30870819091797,106.66000366210938,109.20999908447266,106.4499969482422,109.08999633789062,282693400
2010-07-19,80.78306579589844,107.29000091552734,107.62999725341795,106.22000122070312,107.0500030517578,186709000
2010-07-20,81.67909240722656,108.4800033569336,108.55999755859376,105.81999969482422,105.87000274658205,258162400
2010-07-21,80.61741638183594,107.06999969482422,109.06999969482422,106.62999725341795,109.04000091552734,264527000
2010-07-22,82.41696166992188,109.45999908447266,109.94000244140624,108.33000183105467,108.33999633789062,274781300
2010-07-23,83.13223266601562,110.41000366210938,110.56999969482422,108.93000030517578,109.23999786376952,222020800
2010-07-26,83.9981460571289,111.55999755859376,111.66999816894533,110.29000091552734,110.5999984741211,184445700
2010-07-27,83.9906005859375,111.5500030517578,112.29000091552734,111.11000061035156,112.16999816894533,204855600
2010-07-28,83.44847106933594,110.83000183105467,111.66000366210938,110.45999908447266,111.31999969482422,163056200
2010-07-29,83.04188537597656,110.29000091552734,111.81999969482422,109.41000366210938,111.5199966430664,220149100
2010-07-30,83.02684783935547,110.2699966430664,110.86000061035156,108.9800033569336,109.16999816894533,220070600
2010-08-02,84.90167236328125,112.76000213623048,112.94000244140624,111.54000091552734,111.98999786376952,188263200
2010-08-03,84.49505615234375,112.22000122070312,112.7699966430664,111.8499984741211,112.4800033569336,146657300
2010-08-04,85.05974578857422,112.97000122070312,113.11000061035156,112.16000366210938,112.52999877929688,158171700
2010-08-05,84.96942138671875,112.8499984741211,112.91000366210938,112.08000183105467,112.25,140473800
2010-08-06,84.62309265136719,112.38999938964844,112.56999969482422,110.91999816894533,111.73999786376952,239728300
2010-08-09,85.07482147216797,112.98999786376952,113.18000030517578,112.31999969482422,112.91999816894533,120800400
2010-08-10,84.61552429199219,112.37999725341795,112.9800033569336,111.37000274658205,112.02999877929688,242916300
2010-08-11,82.29649353027344,109.3000030517578,110.69000244140624,109.12000274658205,110.6500015258789,273406900
2010-08-12,81.79200744628906,108.62999725341795,109.0199966430664,107.5999984741211,107.6500015258789,239542600
2010-08-13,81.5510482788086,108.30999755859376,108.95999908447266,108.18000030517578,108.29000091552734,158698500
2010-08-16,81.5134048461914,108.26000213623048,108.61000061035156,107.18000030517578,107.56999969482422,147895300
2010-08-17,82.51484680175781,109.58999633789062,110.38999938964844,108.87999725341795,109.19000244140624,172270300
2010-08-18,82.66543579101562,109.79000091552734,110.37999725341795,108.91000366210938,109.54000091552734,182922100
2010-08-19,81.227294921875,107.87999725341795,109.48999786376952,107.43000030517578,109.22000122070312,265847600
2010-08-20,80.96376037597656,107.52999877929688,107.94000244140624,106.75,107.55999755859376,209714200
2010-08-23,80.65507507324219,107.12000274658205,108.56999969482422,107.06999969482422,108.04000091552734,163490300
2010-08-24,79.45791625976562,105.52999877929688,106.38999938964844,104.97000122070312,105.9499969482422,280677800
2010-08-25,79.76661682128906,105.94000244140624,106.33999633789062,104.29000091552734,104.9499969482422,272234800
2010-08-26,79.2320327758789,105.2300033569336,106.58000183105467,104.87999725341795,106.44000244140624,224439500
2010-08-27,80.45929718017578,106.86000061035156,106.97000122070312,104.30999755859376,105.88999938964844,272649000
2010-08-30,79.29224395751953,105.30999755859376,106.91000366210938,105.3000030517578,106.58000183105467,167238600
2010-08-31,79.29224395751953,105.30999755859376,105.9800033569336,104.48999786376952,104.91999816894533,273933100
2010-09-01,81.66402435302734,108.45999908447266,108.61000061035156,106.66000366210938,106.7300033569336,256828100
2010-09-02,82.42448425292969,109.47000122070312,109.48999786376952,108.48999786376952,108.72000122070312,156112200
2010-09-03,83.49365997314453,110.88999938964844,110.98999786376952,109.9499969482422,110.54000091552734,212197300
2010-09-07,82.55248260498047,109.63999938964844,110.51000213623048,109.5500030517578,110.37000274658205,141973700
2010-09-08,83.13223266601562,110.41000366210938,110.8499984741211,109.80999755859376,109.86000061035156,149924400
2010-09-09,83.51626586914062,110.91999816894533,111.68000030517578,110.62000274658205,111.6500015258789,147017900
2010-09-10,83.93790435791016,111.4800033569336,111.61000061035156,110.87000274658205,111.12000274658205,127819000
2010-09-13,84.87154388427734,112.72000122070312,112.9499969482422,112.12999725341795,112.58000183105467,178503500
2010-09-14,84.8188705444336,112.6500015258789,113.29000091552734,112.08000183105467,112.5,209823600
2010-09-15,85.14260864257812,113.08000183105467,113.20999908447266,111.9800033569336,112.31999969482422,168608400
2010-09-16,85.12002563476562,113.0500030517578,113.12000274658205,112.3499984741211,112.7300033569336,199962900
2010-09-17,85.15179443359375,112.48999786376952,113.1500015258789,112.18000030517578,113.04000091552734,195836900
2010-09-20,86.45379638671875,114.20999908447266,114.45999908447266,112.5199966430664,112.87999725341795,214555200
2010-09-21,86.27969360351562,113.9800033569336,114.83999633789062,113.51000213623048,114.3000030517578,268389100
2010-09-22,85.85578918457031,113.41999816894533,114.44000244140624,113.0999984741211,113.8000030517578,191322400
2010-09-23,85.15938568115234,112.5,113.66999816894533,112.18000030517578,112.48999786376952,202354300
2010-09-24,86.91553497314453,114.81999969482422,114.9000015258789,113.6500015258789,113.75,209671800
2010-09-27,86.49919128417969,114.2699966430664,114.98999786376952,114.16000366210938,114.86000061035156,128761800
2010-09-28,86.80199432373047,114.66999816894533,115.04000091552734,113.18000030517578,114.41999816894533,209207500
2010-09-29,86.65061950683594,114.47000122070312,114.91000366210938,114.0199966430664,114.37999725341795,179665800
2010-09-30,86.3932113647461,114.12999725341795,115.79000091552734,113.58999633789062,115.0500030517578,287106700
2010-10-01,86.7565689086914,114.61000061035156,115.12000274658205,113.93000030517578,114.98999786376952,174638700
2010-10-04,86.10559844970703,113.75,114.8499984741211,113.18000030517578,114.37000274658205,166153200
2010-10-05,87.83909606933594,116.04000091552734,116.31999969482422,114.66999816894533,114.8000030517578,229634100
2010-10-06,87.83147430419922,116.02999877929688,116.33000183105467,115.55999755859376,116.0199966430664,148626600
2010-10-07,87.72550201416016,115.88999938964844,116.52999877929688,115.19000244140624,116.5,164860000
2010-10-08,88.2175064086914,116.54000091552734,116.86000061035156,115.61000061035156,116.0500030517578,177760100
2010-10-11,88.30078125,116.6500015258789,116.97000122070312,116.25,116.72000122070312,103098300
2010-10-12,88.57330322265625,117.01000213623048,117.3499984741211,115.6500015258789,116.2699966430664,182210000
2010-10-13,89.26216888427734,117.91999816894533,118.5500030517578,117.37999725341795,117.66000366210938,194347200
2010-10-14,88.9139404296875,117.45999908447266,118.01000213623048,116.72000122070312,117.80999755859376,217764300
2010-10-15,89.09564208984375,117.6999969482422,118.3499984741211,116.76000213623048,118.27999877929688,243705000
2010-10-18,89.5346908569336,118.27999877929688,118.66999816894533,117.30999755859376,117.73999786376952,141204800
2010-10-19,88.36138916015625,116.7300033569336,117.8499984741211,116.0199966430664,117.19000244140624,280604700
2010-10-20,89.22430419921875,117.87000274658205,118.44000244140624,116.87000274658205,116.94000244140624,200051800
2010-10-21,89.42108917236328,118.12999725341795,119.08999633789062,117.20999908447266,118.4000015258789,221585500
2010-10-22,89.58766174316406,118.3499984741211,118.52999877929688,118.0,118.30999755859376,108212400
2010-10-25,89.85260772705078,118.6999969482422,119.76000213623048,118.61000061035156,119.13999938964844,151145700
2010-10-26,89.86773681640625,118.72000122070312,118.83999633789062,117.87000274658205,118.0999984741211,158982900
2010-10-27,89.6103515625,118.37999725341795,118.51000213623048,117.26000213623048,117.88999938964844,190024000
2010-10-28,89.62551879882812,118.4000015258789,119.11000061035156,117.83000183105467,119.05999755859376,168576000
2010-10-29,89.69363403320312,118.48999786376952,118.72000122070312,118.06999969482422,118.27999877929688,144305500
2010-11-01,89.72392272949219,118.52999877929688,119.75,117.8499984741211,119.06999969482422,174074800
2010-11-02,90.4354476928711,119.47000122070312,119.75,119.0999984741211,119.41999816894533,158345900
2010-11-03,90.79878997802734,119.9499969482422,120.0199966430664,118.4499969482422,119.68000030517578,226702800
2010-11-04,92.54743194580078,122.26000213623048,122.31999969482422,119.97000122070312,121.27999877929688,215039400
2010-11-05,92.89562225341795,122.72000122070312,122.91999816894533,122.18000030517578,122.33999633789062,180654100
2010-11-08,92.72151947021484,122.48999786376952,122.69000244140624,121.94000244140624,122.33999633789062,156107100
2010-11-09,92.0553970336914,121.61000061035156,122.9499969482422,121.12000274658205,122.81999969482422,186621600
2010-11-10,92.42630767822266,122.0999984741211,122.16000366210938,120.66000366210938,121.58000183105467,221387400
2010-11-11,92.0781021118164,121.63999938964844,121.81999969482422,120.68000030517578,121.0500030517578,158017600
2010-11-12,90.988037109375,120.1999969482422,121.3499984741211,119.6500015258789,120.81999969482422,239068800
2010-11-15,90.85936737060548,120.02999877929688,121.0500030517578,119.9800033569336,120.58000183105467,163940800
2010-11-16,89.44384002685547,118.16000366210938,119.48999786376952,117.58999633789062,119.29000091552734,299566200
2010-11-17,89.48924255371094,118.22000122070312,118.70999908447266,117.86000061035156,118.20999908447266,172308900
2010-11-18,90.80636596679688,119.95999908447266,120.38999938964844,119.3499984741211,119.36000061035156,197723700
2010-11-19,91.05619049072266,120.29000091552734,120.33999633789062,119.25,119.9000015258789,156852900
2010-11-22,90.98046112060548,120.19000244140624,120.23999786376952,118.7699966430664,119.69000244140624,181361000
2010-11-23,89.66336059570312,118.4499969482422,119.0199966430664,117.98999786376952,118.7699966430664,222309000
2010-11-24,90.988037109375,120.1999969482422,120.2300033569336,119.18000030517578,119.1999969482422,140046100
2010-11-26,89.92830657958984,118.8000030517578,119.80999755859376,118.8000030517578,119.16000366210938,76007800
2010-11-29,90.20082092285156,119.16000366210938,119.4800033569336,117.73999786376952,118.5,223642300
2010-11-30,89.69363403320312,118.48999786376952,119.16999816894533,117.80999755859376,117.9800033569336,233930700
2010-12-01,91.60120391845705,121.01000213623048,121.23999786376952,120.19000244140624,120.1999969482422,221037200
2010-12-02,92.77450561523438,122.55999755859376,122.6500015258789,121.12999725341795,121.1999969482422,191213600
2010-12-03,93.0243148803711,122.88999938964844,123.02999877929688,122.11000061035156,122.13999938964844,151288900
2010-12-06,92.92594909667967,122.76000213623048,123.04000091552734,122.5,122.62999725341795,103050500
2010-12-07,92.97888946533205,122.83000183105467,124.01000213623048,122.76000213623048,123.94000244140624,206581000
2010-12-08,93.31950378417967,123.27999877929688,123.37999725341795,122.41000366210938,122.9800033569336,138019200
2010-12-09,93.682861328125,123.76000213623048,124.0199966430664,123.1500015258789,123.97000122070312,123705100
2010-12-10,94.22793579101562,124.4800033569336,124.5999984741211,123.7300033569336,124.13999938964844,117571700
2010-12-13,94.28845977783205,124.55999755859376,125.1999969482422,124.5199966430664,125.0500030517578,133812700
2010-12-14,94.37171173095705,124.66999816894533,125.2300033569336,124.29000091552734,124.75,147249600
2010-12-15,93.9402313232422,124.0999984741211,124.93000030517578,123.88999938964844,124.44000244140624,160823100
2010-12-16,94.48528289794922,124.81999969482422,124.91000366210938,123.75,124.18000030517578,185035200
2010-12-17,94.58651733398438,124.3000030517578,124.45999908447266,123.81999969482422,124.08000183105467,141075300
2010-12-20,94.81477355957033,124.5999984741211,124.9000015258789,123.9800033569336,124.63999938964844,119085500
2010-12-21,95.41593933105467,125.38999938964844,125.47000122070312,124.87000274658205,124.98999786376952,94965500
2010-12-22,95.71271514892578,125.77999877929688,125.81999969482422,125.41000366210938,125.4800033569336,78878100
2010-12-23,95.5757293701172,125.5999984741211,125.77999877929688,125.29000091552734,125.63999938964844,70053700
2010-12-27,95.61377716064452,125.6500015258789,125.7699966430664,125.04000091552734,125.12999725341795,58126000
2010-12-28,95.75072479248048,125.83000183105467,125.9499969482422,125.5,125.9000015258789,55309100
2010-12-29,95.81925201416016,125.91999816894533,126.1999969482422,125.9000015258789,125.9800033569336,58033100
2010-12-30,95.6670379638672,125.72000122070312,126.12999725341795,125.52999877929688,125.8000030517578,76616900
2010-12-31,95.68985748291016,125.75,125.87000274658205,125.33000183105467,125.52999877929688,91218900
2011-01-03,96.6791000366211,127.0500030517578,127.5999984741211,125.6999969482422,126.70999908447266,138725200
2011-01-04,96.62583923339844,126.9800033569336,127.37000274658205,126.19000244140624,127.33000183105467,137409700
2011-01-05,97.12808227539062,127.63999938964844,127.72000122070312,126.45999908447266,126.58000183105467,133975300
2011-01-06,96.93782043457033,127.38999938964844,127.83000183105467,127.01000213623048,127.69000244140624,122519000
2011-01-07,96.74758911132812,127.13999938964844,127.7699966430664,126.1500015258789,127.55999755859376,156034600
2011-01-10,96.62583923339844,126.9800033569336,127.16000366210938,126.1999969482422,126.58000183105467,122401700
2011-01-11,96.96826171875,127.43000030517578,127.73999786376952,126.9499969482422,127.44000244140624,110287000
2011-01-12,97.84336853027344,128.5800018310547,128.72000122070312,127.45999908447266,128.2100067138672,107929200
2011-01-13,97.6835479736328,128.3699951171875,128.69000244140625,128.0500030517578,128.6300048828125,129048400
2011-01-14,98.39124298095705,129.3000030517578,129.3300018310547,128.10000610351562,128.19000244140625,117677900
2011-01-18,98.55865478515624,129.52000427246094,129.63999938964844,129.02999877929688,129.17999267578125,114401300
2011-01-19,97.59225463867188,128.25,129.5399932861328,127.91000366210938,129.41000366210938,151958400
2011-01-20,97.46289825439452,128.0800018310547,128.39999389648438,127.12999725341795,127.95999908447266,175745700
2011-01-21,97.6835479736328,128.3699951171875,129.1699981689453,128.22999572753906,128.8800048828125,151462900
2011-01-24,98.23907470703124,129.10000610351562,129.25,128.25999450683594,128.2899932861328,113715500
2011-01-25,98.29235076904295,129.1699981689453,129.27999877929688,128.11000061035156,128.75999450683594,167552200
2011-01-26,98.67279052734376,129.6699981689453,130.0500030517578,129.22999572753906,129.49000549316406,141281500
2011-01-27,98.91631317138672,129.99000549316406,130.2100067138672,129.47000122070312,129.6999969482422,123302700
2011-01-28,97.18895721435548,127.72000122070312,130.35000610351562,127.51000213623048,130.13999938964844,295637300
2011-01-31,97.91943359375,128.67999267578125,128.77999877929688,127.75,128.07000732421875,149249200
2011-02-01,99.48700714111328,130.74000549316406,130.97000122070312,129.3800048828125,129.4600067138672,167194300
2011-02-02,99.29679107666016,130.49000549316406,130.83999633789062,130.3300018310547,130.39999389648438,118323600
2011-02-03,99.51744842529295,130.77999877929688,130.97999572753906,129.57000732421875,130.25999450683594,145886700
2011-02-04,99.79901885986328,131.14999389648438,131.1999969482422,130.22999572753906,130.8300018310547,134634800
2011-02-07,100.4229965209961,131.97000122070312,132.39999389648438,131.42999267578125,131.44000244140625,112439100
2011-02-08,100.87957763671876,132.57000732421875,132.63999938964844,131.72999572753906,132.08999633789062,99072800
2011-02-09,100.65129089355467,132.27000427246094,132.6300048828125,131.61000061035156,132.2100067138672,146436700
2011-02-10,100.68932342529295,132.32000732421875,132.47000122070312,131.3000030517578,131.60000610351562,162708500
2011-02-11,101.29051208496094,133.11000061035156,133.27999877929688,131.77000427246094,131.8000030517578,137710300
2011-02-14,101.5339813232422,133.42999267578125,133.5399932861328,132.8800048828125,133.02999877929688,101690700
2011-02-15,101.21436309814452,133.00999450683594,133.22000122070312,132.32000732421875,133.02000427246094,119575400
2011-02-16,101.85357666015624,133.85000610351562,134.00999450683594,133.19000244140625,133.4600067138672,130183500
2011-02-17,102.157958984375,134.25,134.42999267578125,133.33999633789062,133.4600067138672,109810500
2011-02-18,102.37106323242188,134.52999877929688,134.69000244140625,134.05999755859375,134.3699951171875,130002400
2011-02-22,100.31644439697266,131.8300018310547,134.55999755859375,131.47000122070312,133.1199951171875,233116400
2011-02-23,99.70006561279295,131.02000427246094,132.07000732421875,130.2100067138672,131.75,227584000
2011-02-24,99.6315689086914,130.92999267578125,131.44000244140625,129.6999969482422,130.8800048828125,260431400
2011-02-25,100.6969757080078,132.3300018310547,132.41000366210938,131.39999389648438,131.47999572753906,141686900
2011-02-28,101.32089233398438,133.14999389648438,133.32000732421875,132.3800048828125,132.82000732421875,141585500
2011-03-01,99.6315689086914,130.92999267578125,133.69000244140625,130.88999938964844,133.57000732421875,258565500
2011-03-02,99.8446807861328,131.2100067138672,131.82000732421875,130.35000610351562,130.75,200277400
2011-03-03,101.56442260742188,133.47000122070312,133.6199951171875,132.38999938964844,132.39999389648438,176480100
2011-03-04,100.80345153808594,132.47000122070312,133.6300048828125,131.60000610351562,133.3699951171875,277202300
2011-03-07,100.01209259033205,131.42999267578125,133.16000366210938,130.74000549316406,132.86000061035156,216790400
2011-03-08,100.8871841430664,132.5800018310547,133.0,131.07000732421875,131.63999938964844,174615000
2011-03-09,100.74259948730467,132.38999938964844,132.8000030517578,131.60000610351562,132.32000732421875,153806000
2011-03-10,98.87824249267578,129.94000244140625,131.17999267578125,129.80999755859375,131.0,301291800
2011-03-11,99.56307983398438,130.83999633789062,131.30999755859375,129.49000549316406,129.52000427246094,225621800
2011-03-14,98.9619598388672,130.0500030517578,130.47999572753906,129.05999755859375,129.99000549316406,234974100
2011-03-15,97.828125,128.55999755859375,129.3300018310547,126.5,126.58999633789062,359585400
2011-03-16,96.01703643798828,126.18000030517578,128.57000732421875,125.27999877929688,128.14999389648438,468670300
2011-03-17,97.28787994384766,127.8499984741211,128.38999938964844,127.0999984741211,128.0,254303700
2011-03-18,97.64170837402344,127.76000213623048,128.8800048828125,127.51000213623048,128.83999633789062,230435400
2011-03-21,99.15496063232422,129.74000549316406,130.00999450683594,129.1999969482422,129.35000610351562,153992600
2011-03-22,98.81101989746094,129.2899932861328,129.88999938964844,129.1699981689453,129.72000122070312,129538600
2011-03-23,99.09382629394533,129.66000366210938,130.0,128.32000732421875,128.92999267578125,148603100
2011-03-24,100.04146575927734,130.89999389648438,131.08999633789062,129.6699981689453,130.39999389648438,159129800
2011-03-25,100.34716796875,131.3000030517578,131.8699951171875,130.88999938964844,131.24000549316406,155642800
2011-03-28,100.10260009765624,130.97999572753906,131.9199981689453,130.94000244140625,131.5800018310547,109762400
2011-03-29,100.77516174316406,131.86000061035156,131.89999389648438,130.44000244140625,130.8699951171875,129798800
2011-03-30,101.47066497802734,132.77000427246094,133.16000366210938,132.36000061035156,132.5500030517578,135835000
2011-03-31,101.33309173583984,132.58999633789062,132.9600067138672,132.4499969482422,132.60000610351562,132537100
2011-04-01,101.76105499267578,133.14999389648438,133.77000427246094,132.8300018310547,133.41000366210938,153850100
2011-04-04,101.84513092041016,133.25999450683594,133.6699981689453,132.8800048828125,133.42999267578125,100768900
2011-04-05,101.82984924316406,133.24000549316406,133.8300018310547,132.94000244140625,133.0,120791500
2011-04-06,102.15084838867188,133.66000366210938,134.0,133.1199951171875,133.8800048828125,120411600
2011-04-07,101.8909912109375,133.32000732421875,133.97999572753906,132.66000366210938,133.4199981689453,170731500
2011-04-08,101.5394287109375,132.86000061035156,133.99000549316406,132.30999755859375,133.91000366210938,147945400
2011-04-11,101.23374938964844,132.4600067138672,133.4499969482422,132.13999938964844,133.0,121385400
2011-04-12,100.47712707519533,131.47000122070312,131.97999572753906,130.99000549316406,131.72000122070312,161187400
2011-04-13,100.46949768066406,131.4600067138672,132.17999267578125,130.9600067138672,132.0800018310547,162059000
2011-04-14,100.54586791992188,131.55999755859375,131.75999450683594,130.27000427246094,130.6999969482422,161220400
2011-04-15,100.9127197265625,132.0399932861328,132.3699951171875,131.41000366210938,131.8000030517578,170006700
2011-04-18,99.78164672851562,130.55999755859375,132.02999877929688,129.50999450683594,130.58999633789062,210759300
2011-04-19,100.35481262207033,131.30999755859375,131.35000610351562,130.44000244140625,130.75999450683594,124258800
2011-04-20,101.72284698486328,133.10000610351562,133.38999938964844,132.7899932861328,132.8800048828125,156133800
2011-04-21,102.24254608154295,133.77999877929688,133.83999633789062,133.10000610351562,133.7899932861328,135935400
2011-04-25,102.13558197021484,133.63999938964844,133.86000061035156,133.1999969482422,133.67999267578125,65757100
2011-04-26,103.01446533203124,134.7899932861328,135.05999755859375,133.91000366210938,134.0500030517578,146600000
2011-04-27,103.68699645996094,135.6699981689453,135.8699951171875,134.5,135.0500030517578,143031000
2011-04-28,104.02327728271484,136.11000061035156,136.2899932861328,135.41000366210938,135.42999267578125,124791100
2011-04-29,104.26785278320312,136.42999267578125,136.57000732421875,135.97999572753906,136.16000366210938,115094100
2011-05-02,104.10736083984376,136.22000122070312,137.17999267578125,135.9499969482422,137.07000732421875,126278700
2011-05-03,103.73284912109376,135.72999572753906,136.19000244140625,135.0399932861328,135.9600067138672,138375000
2011-05-04,103.04503631591795,134.8300018310547,135.72999572753906,134.22999572753906,135.6699981689453,182678500
2011-05-05,102.11264038085938,133.61000061035156,134.9499969482422,133.02000427246094,134.0800018310547,226900000
2011-05-06,102.5635223388672,134.1999969482422,135.6300048828125,133.67999267578125,134.94000244140625,222787200
2011-05-09,102.96092224121094,134.72000122070312,135.11000061035156,133.97999572753906,134.19000244140625,114104500
2011-05-10,103.83984375,135.8699951171875,136.11000061035156,135.0,135.1699981689453,114806900
2011-05-11,102.7469711303711,134.44000244140625,135.69000244140625,133.82000732421875,135.6699981689453,193564200
2011-05-12,103.236083984375,135.0800018310547,135.36000061035156,133.38999938964844,134.0800018310547,171550700
2011-05-13,102.4412612915039,134.0399932861328,135.33999633789062,133.55999755859375,135.14999389648438,157444900
2011-05-16,101.79165649414062,133.19000244140625,134.61000061035156,132.97000122070312,133.55999755859375,141675400
2011-05-17,101.77635192871094,133.1699981689453,133.35000610351562,132.1199951171875,132.69000244140625,192686200
2011-05-18,102.68577575683594,134.36000061035156,134.5,132.9499969482422,133.24000549316406,135217900
2011-05-19,102.9303741455078,134.67999267578125,135.02999877929688,133.94000244140625,134.8000030517578,119489500
2011-05-20,102.11264038085938,133.61000061035156,134.67999267578125,133.36000061035156,134.3300018310547,182594900
2011-05-23,100.92799377441406,132.05999755859375,132.72000122070312,131.58999633789062,131.97999572753906,168700000
2011-05-24,100.84391784667967,131.9499969482422,132.72999572753906,131.6999969482422,132.44000244140625,147199600
2011-05-25,101.18024444580078,132.38999938964844,132.94000244140625,131.3800048828125,131.4199981689453,151050100
2011-05-26,101.64640045166016,133.0,133.24000549316406,131.77999877929688,132.02999877929688,164850000
2011-05-27,102.03618621826172,133.50999450683594,133.8699951171875,132.9600067138672,133.3699951171875,120921900
2011-05-31,103.09852600097656,134.89999389648438,134.9199981689453,133.83999633789062,134.77000427246094,164731200
2011-06-01,100.78280639648438,131.8699951171875,134.9199981689453,131.75999450683594,134.50999450683594,233094300
2011-06-02,100.6758041381836,131.72999572753906,132.24000549316406,130.9600067138672,131.9600067138672,200466800
2011-06-03,99.67463684082033,130.4199981689453,131.4199981689453,130.0800018310547,130.14999389648438,234690200
2011-06-06,98.61994934082033,129.0399932861328,130.36000061035156,128.8699951171875,130.08999633789062,179951200
2011-06-07,98.55882263183594,128.9600067138672,130.07000732421875,128.85000610351562,129.6999969482422,161660500
2011-06-08,98.14611053466795,128.4199981689453,129.19000244140625,128.17999267578125,128.75999450683594,198696400
2011-06-09,98.89508819580078,129.39999389648438,129.92999267578125,128.4600067138672,128.77000427246094,160964400
2011-06-10,97.5194320678711,127.5999984741211,128.92999267578125,127.26000213623048,128.85000610351562,238629400
2011-06-13,97.59585571289062,127.6999969482422,128.24000549316406,127.0500030517578,127.88999938964844,207599800
2011-06-14,98.83396911621094,129.32000732421875,129.77000427246094,128.82000732421875,128.8699951171875,160570400
2011-06-15,97.07616424560548,127.0199966430664,129.3000030517578,126.68000030517578,128.24000549316406,300958000
2011-06-16,97.29016876220705,127.3000030517578,127.97000122070312,126.31999969482422,127.05999755859376,308032800
2011-06-17,97.58048248291016,127.0500030517578,127.94000244140624,126.62000274658205,127.93000030517578,233284900
2011-06-20,98.0797119140625,127.6999969482422,127.97000122070312,126.58000183105467,126.62000274658205,159479000
2011-06-21,99.42381286621094,129.4499969482422,129.6999969482422,127.75,128.36000061035156,193157300
2011-06-22,98.82472229003906,128.6699981689453,129.80999755859375,128.58999633789062,129.0500030517578,176703000
2011-06-23,98.54055786132812,128.3000030517578,128.63999938964844,126.19000244140624,127.16000366210938,334286500
2011-06-24,97.3961410522461,126.80999755859376,128.3699951171875,126.62000274658205,128.27000427246094,226129300
2011-06-27,98.26404571533205,127.94000244140624,128.42999267578125,126.63999938964844,126.88999938964844,168904700
2011-06-28,99.54668426513672,129.61000061035156,129.6300048828125,128.27000427246094,128.4499969482422,165556300
2011-06-29,100.3992156982422,130.72000122070312,130.92999267578125,129.6300048828125,130.1999969482422,244295500
2011-06-30,101.35928344726562,131.97000122070312,132.17999267578125,130.7100067138672,131.13999938964844,223322700
2011-07-01,102.85696411132812,133.9199981689453,134.10000610351562,131.77999877929688,132.08999633789062,202385700
2011-07-05,102.77254486083984,133.80999755859375,134.0800018310547,133.38999938964844,133.77999877929688,165936000
2011-07-06,102.8953628540039,133.97000122070312,134.13999938964844,133.11000061035156,133.49000549316406,143331600
2011-07-07,103.96295166015624,135.36000061035156,135.6999969482422,134.8800048828125,135.16000366210938,170464200
2011-07-08,103.2256317138672,134.39999389648438,135.36000061035156,133.38999938964844,133.8300018310547,194100500
2011-07-11,101.35928344726562,131.97000122070312,133.17999267578125,131.66000366210938,132.75,195918600
2011-07-12,100.92149353027344,131.39999389648438,132.77999877929688,131.36000061035156,131.69000244140625,214675700
2011-07-13,101.25941467285156,131.83999633789062,133.22000122070312,131.52000427246094,132.08999633789062,204062600
2011-07-14,100.5605010986328,130.92999267578125,132.77999877929688,130.67999267578125,132.1699981689453,226111800
2011-07-15,101.14421081542967,131.69000244140625,131.8699951171875,130.77000427246094,131.66000366210938,220012800
2011-07-18,100.31468963623048,130.61000061035156,131.27999877929688,129.6300048828125,131.0800018310547,196872100
2011-07-19,101.94298553466795,132.72999572753906,132.88999938964844,131.30999755859375,131.33999633789062,166554900
2011-07-20,101.88157653808594,132.64999389648438,133.14999389648438,132.4199981689453,133.07000732421875,137145400
2011-07-21,103.29476165771484,134.49000549316406,134.82000732421875,132.6699981689453,133.39999389648438,245246300
2011-07-22,103.3638687133789,134.5800018310547,134.72000122070312,133.75999450683594,134.52000427246094,126019400
2011-07-25,102.7878646850586,133.8300018310547,134.49000549316406,133.16000366210938,133.3000030517578,136653800
2011-07-26,102.40383911132812,133.3300018310547,133.9600067138672,133.02999877929688,133.74000549316406,131278200
2011-07-27,100.30707550048828,130.60000610351562,132.6300048828125,130.42999267578125,132.58999633789062,249020100
2011-07-28,100.01519012451172,130.22000122070312,131.77000427246094,130.00999450683594,130.60000610351562,207939900
2011-07-29,99.33161163330078,129.3300018310547,130.5500030517578,127.97000122070312,128.91000366210938,307038400
2011-08-01,98.90921020507812,128.77999877929688,130.9600067138672,127.52999877929688,130.83999633789062,325790900
2011-08-02,96.38231658935548,125.48999786376952,128.5,125.48999786376952,127.80999755859376,346653800
2011-08-03,96.90459442138672,126.16999816894533,126.30999755859376,123.52999877929688,125.66000366210938,370830800
2011-08-04,92.36542510986328,120.26000213623048,124.62000274658205,120.05999755859376,124.41999816894533,520721800
2011-08-05,92.22718811035156,120.08000183105467,122.06999969482422,116.86000061035156,121.76000213623048,655619200
2011-08-08,86.22103118896484,112.26000213623048,120.12000274658205,112.0199966430664,116.91000366210938,702263900
2011-08-09,90.23025512695312,117.4800033569336,117.63999938964844,110.2699966430664,114.06999969482422,717828700
2011-08-10,86.24411010742188,112.29000091552734,116.27999877929688,111.9499969482422,115.26000213623048,662607400
2011-08-11,90.11505126953124,117.33000183105467,118.91999816894533,112.31999969482422,113.26000213623048,487979700
2011-08-12,90.7218017578125,118.12000274658205,119.20999908447266,117.27999877929688,118.4000015258789,313731600
2011-08-15,92.6419677734375,120.62000274658205,120.73999786376952,119.0,119.19000244140624,258810600
2011-08-16,91.85083770751952,119.58999633789062,120.69000244140624,118.30999755859376,119.47000122070312,294095200
2011-08-17,91.91229248046876,119.66999816894533,121.1999969482422,118.72000122070312,120.25,238201100
2011-08-18,87.94918060302734,114.51000213623048,119.70999908447266,113.38999938964844,116.5,512956300
2011-08-19,86.51292419433594,112.63999938964844,115.87999725341795,112.5,112.95999908447266,428281300
2011-08-22,86.58204650878906,112.7300033569336,115.2300033569336,112.41000366210938,115.16999816894533,275090600
2011-08-23,89.4314956665039,116.44000244140624,116.56999969482422,112.58000183105467,113.1500015258789,331136600
2011-08-24,90.69109344482422,118.08000183105467,118.23999786376952,115.91999816894533,116.19000244140624,246869700
2011-08-25,89.30860137939453,116.27999877929688,119.4000015258789,115.87000274658205,118.7300033569336,312365400
2011-08-26,90.60659790039062,117.97000122070312,118.51000213623048,113.8499984741211,115.69000244140624,314495900
2011-08-29,93.21025848388672,121.36000061035156,121.43000030517578,118.05999755859376,119.55999755859376,190977200
2011-08-30,93.4560775756836,121.68000030517578,122.43000030517578,119.26000213623048,120.83000183105467,241315700
2011-08-31,93.8708267211914,122.22000122070312,123.51000213623048,121.3000030517578,122.45999908447266,301828400
2011-09-01,92.88771057128906,120.94000244140624,123.4000015258789,120.77999877929688,122.29000091552734,254585900
2011-09-02,90.51439666748048,117.8499984741211,120.87000274658205,117.43000030517578,118.41999816894533,255517200
2011-09-06,89.85391235351562,116.98999786376952,117.16000366210938,114.37999725341795,114.38999938964844,285130500
2011-09-07,92.38848114013672,120.29000091552734,120.33999633789062,118.36000061035156,118.76000213623048,209803200
2011-09-08,91.42842864990234,119.04000091552734,120.94000244140624,118.7699966430664,119.56999969482422,250568200
2011-09-09,89.03209686279297,115.91999816894533,119.05999755859376,115.27999877929688,117.68000030517578,380195100
2011-09-12,89.60816192626953,116.66999816894533,116.76000213623048,114.0500030517578,114.47000122070312,305793500
2011-09-13,90.42994689941406,117.73999786376952,118.18000030517578,116.22000122070312,117.0500030517578,272514700
2011-09-14,91.681884765625,119.37000274658205,120.8000030517578,116.72000122070312,118.33999633789062,319389500
2011-09-15,93.2640380859375,121.43000030517578,121.47000122070312,119.4000015258789,120.6500015258789,326777200
2011-09-16,93.81604766845705,121.5199966430664,121.97000122070312,120.31999969482422,121.29000091552734,284528300
2011-09-19,92.88187408447266,120.30999755859376,120.93000030517578,118.72000122070312,119.52999877929688,241517000
2011-09-20,92.77381896972656,120.16999816894533,121.98999786376952,120.01000213623048,120.81999969482422,218932200
2011-09-21,90.04084777832031,116.62999725341795,120.5999984741211,116.44000244140624,120.2300033569336,316251300
2011-09-22,87.13033294677734,112.86000061035156,114.20999908447266,111.3000030517578,113.25,513911300
2011-09-23,87.65533447265625,113.54000091552734,114.16000366210938,112.0199966430664,112.11000061035156,307242500
2011-09-26,89.7397689819336,116.23999786376952,116.4000015258789,112.9800033569336,114.61000061035156,260673700
2011-09-27,90.74339294433594,117.54000091552734,119.55999755859376,116.83999633789062,118.52999877929688,311753900
2011-09-28,88.89054870605469,115.13999938964844,118.48999786376952,114.97000122070312,117.77999877929688,286696800
2011-09-29,89.59308624267578,116.0500030517578,117.62999725341795,113.93000030517578,117.0500030517578,298108900
2011-09-30,87.35424041748047,113.1500015258789,115.4499969482422,113.06999969482422,114.4499969482422,288392300
2011-10-03,84.86831665039062,109.93000030517578,113.9499969482422,109.80999755859376,112.48999786376952,365136800
2011-10-04,86.72889709472656,112.33999633789062,112.58000183105467,107.43000030517578,108.3499984741211,459177500
2011-10-05,88.3346939086914,114.41999816894533,114.72000122070312,111.58000183105467,112.62000274658205,284108000
2011-10-06,89.93277740478516,116.48999786376952,116.66000366210938,113.51000213623048,114.36000061035156,257800800
2011-10-07,89.33061218261719,115.70999908447266,117.25,115.05999755859376,117.16999816894533,312657900
2011-10-10,92.31830596923828,119.58000183105467,119.62999725341795,117.66999816894533,117.68000030517578,230666300
2011-10-11,92.4109878540039,119.6999969482422,120.04000091552734,118.75,118.87000274658205,209088000
2011-10-12,93.2215805053711,120.75,122.13999938964844,120.33000183105467,120.5999984741211,281544900
2011-10-13,93.03632354736328,120.51000213623048,120.87000274658205,119.12000274658205,120.04000091552734,212538800
2011-10-14,94.62665557861328,122.56999969482422,122.5999984741211,121.2300033569336,121.91000366210938,211397600
2011-10-17,92.82015228271484,120.2300033569336,122.5500030517578,119.93000030517578,121.98999786376952,202311600
2011-10-18,94.6343765258789,122.58000183105467,123.5,119.1999969482422,120.13999938964844,318857900
2011-10-19,93.51497650146484,121.12999725341795,123.08000183105467,120.70999908447266,122.37999725341795,226601300
2011-10-20,93.9241180419922,121.66000366210938,122.0999984741211,119.81999969482422,121.43000030517578,262075600
2011-10-21,95.70748901367188,123.97000122070312,124.12000274658205,122.72000122070312,123.08999633789062,278999400
2011-10-24,96.8809585571289,125.48999786376952,125.8000030517578,124.05999755859376,124.16999816894533,203215600
2011-10-25,94.99723815917967,123.0500030517578,124.9499969482422,122.77999877929688,124.88999938964844,268596800
2011-10-26,95.9622802734375,124.3000030517578,124.7699966430664,122.20999908447266,124.3499984741211,289053800
2011-10-27,99.30512237548828,128.6300048828125,129.4199981689453,126.61000061035156,127.62999725341795,393220200
2011-10-28,99.281982421875,128.60000610351562,128.85000610351562,127.8000030517578,128.0,225906500
2011-10-31,96.88867950439452,125.5,128.6199951171875,125.31999969482422,127.16000366210938,228146700
2011-11-01,94.18663024902344,122.0,123.51000213623048,121.5199966430664,122.02999877929688,416565800
2011-11-02,95.72295379638672,123.98999786376952,124.4000015258789,122.79000091552734,123.83000183105467,244717600
2011-11-03,97.46768188476562,126.25,126.5,123.5999984741211,125.2699966430664,291174800
2011-11-04,96.8732452392578,125.4800033569336,125.6999969482422,124.01000213623048,125.2300033569336,249401600
2011-11-07,97.47544860839844,126.26000213623048,126.38999938964844,124.1999969482422,125.38999938964844,196617200
2011-11-08,98.72608947753906,127.87999725341795,128.02000427246094,125.70999908447266,126.91999816894533,224426300
2011-11-09,95.08216857910156,123.16000366210938,125.8000030517578,122.86000061035156,124.88999938964844,337982000
2011-11-10,95.97771453857422,124.31999969482422,124.94000244140624,123.0199966430664,124.79000091552734,231866500
2011-11-11,97.78424072265624,126.66000366210938,126.98999786376952,125.79000091552734,125.83000183105467,189924400
2011-11-14,96.8577880859375,125.45999908447266,127.4499969482422,124.91999816894533,126.19000244140624,159258300
2011-11-15,97.33647918701172,126.08000183105467,126.75,124.72000122070312,125.16999816894533,184709400
2011-11-16,95.79242706298828,124.08000183105467,126.33999633789062,123.9000015258789,124.80999755859376,235782500
2011-11-17,94.27153778076172,122.11000061035156,124.16000366210938,121.2300033569336,123.8499984741211,331219600
2011-11-18,94.17119598388672,121.9800033569336,122.75,121.47000122070312,122.5,215580400
2011-11-21,92.3801040649414,119.66000366210938,120.3499984741211,118.6500015258789,120.1999969482422,229611600
2011-11-22,92.0172348022461,119.19000244140624,120.0999984741211,118.5199966430664,119.4000015258789,216494900
2011-11-23,89.98681640625,116.55999755859376,119.19000244140624,116.55999755859376,118.06999969482422,224329100
2011-11-25,89.8169937133789,116.33999633789062,117.6999969482422,116.1999969482422,116.37999725341795,99557000
2011-11-28,92.41870880126952,119.70999908447266,120.18000030517578,118.81999969482422,119.54000091552734,210686000
2011-11-29,92.68119049072266,120.0500030517578,121.0,119.61000061035156,120.0500030517578,199241500
2011-11-30,96.49494934082033,124.98999786376952,125.22000122070312,120.0,123.48999786376952,324439500
2011-12-01,96.47954559326172,124.97000122070312,125.63999938964844,124.43000030517578,124.8499984741211,176954800
2011-12-02,96.39458465576172,124.86000061035156,126.5,124.77999877929688,126.12000274658205,221109700
2011-12-05,97.44452667236328,126.22000122070312,127.18000030517578,125.44000244140624,126.83999633789062,225263900
2011-12-06,97.47544860839844,126.26000213623048,127.11000061035156,125.76000213623048,126.20999908447266,178842100
2011-12-07,97.83824920654295,126.7300033569336,127.26000213623048,124.97000122070312,125.83999633789062,237802500
2011-12-08,95.69207000732422,123.9499969482422,126.18000030517578,123.6500015258789,125.9000015258789,240862800
2011-12-09,97.31330108642578,126.0500030517578,126.37000274658205,124.4000015258789,124.51000213623048,209111400
2011-12-12,95.8927764892578,124.20999908447266,124.97000122070312,123.16000366210938,124.9499969482422,215826100
2011-12-13,94.99723815917967,123.0500030517578,125.56999969482422,122.4499969482422,124.86000061035156,245159800
2011-12-14,93.98587036132812,121.73999786376952,123.02999877929688,121.47000122070312,122.55999755859376,238618800
2011-12-15,94.3255615234375,122.18000030517578,123.1999969482422,121.98999786376952,123.02999877929688,199109200
2011-12-16,94.4654312133789,121.58999633789062,122.9499969482422,121.3000030517578,122.2300033569336,220481400
2011-12-19,93.45541381835938,120.29000091552734,122.31999969482422,120.02999877929688,122.05999755859376,183903000
2011-12-20,96.28341674804688,123.93000030517578,124.13999938964844,120.37000274658205,122.18000030517578,225418100
2011-12-21,96.46985626220705,124.16999816894533,124.36000061035156,122.75,123.93000030517578,194230900
2011-12-22,97.32449340820312,125.2699966430664,125.4000015258789,124.2300033569336,124.62999725341795,119465400
2011-12-23,98.19461822509766,126.38999938964844,126.43000030517578,125.41000366210938,125.66999816894533,92187200
2011-12-27,98.2723159790039,126.48999786376952,126.81999969482422,126.05999755859376,126.16999816894533,86075700
2011-12-28,96.98260498046876,124.83000183105467,126.52999877929688,124.7300033569336,126.51000213623048,119107100
2011-12-29,97.98486328125,126.12000274658205,126.25,124.86000061035156,125.23999786376952,123507200
2011-12-30,97.50315856933594,125.5,126.33000183105467,125.5,126.0199966430664,95599000
2012-01-03,99.05703735351562,127.5,128.3800048828125,127.43000030517578,127.76000213623048,193697900
2012-01-04,99.21241760253906,127.6999969482422,127.80999755859376,126.70999908447266,127.1999969482422,127186500
2012-01-05,99.4765396118164,128.0399932861328,128.22999572753906,126.43000030517578,127.01000213623048,173895000
2012-01-06,99.22015380859376,127.70999908447266,128.22000122070312,127.29000091552734,128.1999969482422,148050000
2012-01-09,99.46101379394533,128.02000427246094,128.17999267578125,127.41000366210938,128.0,99530200
2012-01-10,100.32337188720705,129.1300048828125,129.64999389648438,128.9499969482422,129.38999938964844,115282000
2012-01-11,100.37774658203124,129.1999969482422,129.3699951171875,128.52000427246094,128.72999572753906,111540700
2012-01-12,100.61858367919922,129.50999450683594,129.6999969482422,128.5399932861328,129.57000732421875,118983700
2012-01-13,100.09806823730467,128.83999633789062,129.0500030517578,127.72000122070312,128.63999938964844,179836200
2012-01-17,100.48651123046876,129.33999633789062,130.32000732421875,128.89999389648438,130.0800018310547,132209200
2012-01-18,101.59754180908205,130.77000427246094,130.83999633789062,129.0800018310547,129.30999755859375,163395200
2012-01-19,102.13360595703124,131.4600067138672,131.57000732421875,130.8000030517578,131.22000122070312,126328900
2012-01-20,102.5143051147461,131.9499969482422,131.9499969482422,130.9199981689453,131.24000549316406,138230200
2012-01-23,102.25016784667967,131.61000061035156,132.25,130.97999572753906,131.50999450683594,129295800
2012-01-24,102.13360595703124,131.4600067138672,131.5,130.60000610351562,130.8000030517578,103083300
2012-01-25,102.98821258544922,132.55999755859375,132.8699951171875,130.75,131.25999450683594,198613200
2012-01-26,102.45995330810548,131.8800048828125,133.39999389648438,131.36000061035156,133.14999389648438,184880500
2012-01-27,102.4132843017578,131.82000732421875,132.0500030517578,131.14999389648438,131.24000549316406,135259100
2012-01-30,102.06363677978516,131.3699951171875,131.44000244140625,130.05999755859375,130.50999450683594,147311800
2012-01-31,102.02483367919922,131.32000732421875,132.17999267578125,130.67999267578125,132.02000427246094,157212000
2012-02-01,102.91827392578124,132.47000122070312,133.13999938964844,132.1300048828125,132.2899932861328,166234500
2012-02-02,103.0814208984375,132.67999267578125,133.02000427246094,132.2100067138672,132.72999572753906,113090400
2012-02-03,104.52649688720705,134.5399932861328,134.6199951171875,133.77000427246094,134.0,160598500
2012-02-06,104.45655822753906,134.4499969482422,134.50999450683594,133.8300018310547,133.97999572753906,107694500
2012-02-07,104.72071075439452,134.7899932861328,135.02000427246094,133.63999938964844,134.1699981689453,135528100
2012-02-08,105.0315170288086,135.19000244140625,135.22000122070312,134.30999755859375,134.86000061035156,139361400
2012-02-09,105.16356658935548,135.36000061035156,135.58999633789062,134.55999755859375,135.41000366210938,148602900
2012-02-10,104.38665771484376,134.36000061035156,134.47000122070312,133.83999633789062,134.16000366210938,167907500
2012-02-13,105.16356658935548,135.36000061035156,135.52000427246094,134.74000549316406,135.32000732421875,115841900
2012-02-14,105.0315170288086,135.19000244140625,135.27000427246094,134.25,135.0,165329500
2012-02-15,104.54204559326172,134.55999755859375,135.8300018310547,134.2899932861328,135.6300048828125,195195100
2012-02-16,105.6996841430664,136.0500030517578,136.1699981689453,134.3300018310547,134.57000732421875,186567800
2012-02-17,105.97932434082033,136.41000366210938,136.6300048828125,135.9600067138672,136.52000427246094,129869400
2012-02-21,106.0259246826172,136.47000122070312,137.0500030517578,136.0500030517578,136.72999572753906,134042300
2012-02-22,105.68412017822266,136.02999877929688,136.5500030517578,135.7899932861328,136.25999450683594,124455300
2012-02-23,106.15029907226562,136.6300048828125,136.72999572753906,135.5,135.9600067138672,137704300
2012-02-24,106.38336181640624,136.92999267578125,137.1999969482422,136.6300048828125,136.92999267578125,105539100
2012-02-27,106.5620346069336,137.16000366210938,137.52999877929688,135.8000030517578,136.02000427246094,145728900
2012-02-28,106.87278747558594,137.55999755859375,137.72000122070312,136.92999267578125,137.1999969482422,129355900
2012-02-29,106.45327758789062,137.02000427246094,138.19000244140625,136.5399932861328,137.75999450683594,185934700
2012-03-01,107.0049057006836,137.72999572753906,137.99000549316406,136.92999267578125,137.30999755859375,145023500
2012-03-02,106.6785888671875,137.30999755859375,137.82000732421875,137.0,137.63999938964844,120638300
2012-03-05,106.24349975585938,136.75,137.1999969482422,136.27999877929688,137.10000610351562,140765000
2012-03-06,104.68965911865234,134.75,135.42999267578125,134.36000061035156,135.35000610351562,202129900
2012-03-07,105.4199676513672,135.69000244140625,135.91000366210938,134.92999267578125,135.05999755859375,143692200
2012-03-08,106.46876525878906,137.0399932861328,137.32000732421875,136.24000549316406,136.52000427246094,116968900
2012-03-09,106.88056182861328,137.57000732421875,137.92999267578125,137.1300048828125,137.3000030517578,122836800
2012-03-12,106.88837432861328,137.5800018310547,137.75999450683594,137.08999633789062,137.5500030517578,104003500
2012-03-13,108.81510925292967,140.05999755859375,140.1300048828125,138.08999633789062,138.32000732421875,184090500
2012-03-14,108.69855499267578,139.91000366210938,140.4499969482422,139.47999572753906,140.10000610351562,145163600
2012-03-15,109.32788848876952,140.72000122070312,140.77999877929688,139.75999450683594,140.1199951171875,165118500
2012-03-16,109.47924041748048,140.3000030517578,140.47999572753906,140.0,140.36000061035156,152893500
2012-03-19,109.90840911865234,140.85000610351562,141.27999877929688,140.11000061035156,140.2100067138672,125291100
2012-03-20,109.58847045898438,140.44000244140625,140.61000061035156,139.63999938964844,140.0500030517578,121729700
2012-03-21,109.40899658203124,140.2100067138672,140.64999389648438,139.9199981689453,140.52000427246094,122388400
2012-03-22,108.62088012695312,139.1999969482422,139.5500030517578,138.74000549316406,139.17999267578125,135216700
2012-03-23,108.97200775146484,139.64999389648438,139.80999755859375,138.5500030517578,139.32000732421875,120521000
2012-03-26,110.50149536132812,141.61000061035156,141.61000061035156,140.60000610351562,140.64999389648438,120164000
2012-03-27,110.15812683105467,141.1699981689453,141.8300018310547,141.0800018310547,141.74000549316406,119868500
2012-03-28,109.61190795898438,140.47000122070312,141.32000732421875,139.63999938964844,141.10000610351562,148562100
2012-03-29,109.42456817626952,140.22999572753906,140.49000549316406,139.08999633789062,139.63999938964844,164963700
2012-03-30,109.87718963623048,140.80999755859375,141.0500030517578,140.0500030517578,140.9199981689453,135486800
2012-04-02,110.68096160888672,141.83999633789062,142.2100067138672,140.36000061035156,140.63999938964844,151741100
2012-04-03,110.2283706665039,141.25999450683594,141.8800048828125,140.42999267578125,141.63999938964844,155806700
2012-04-04,109.13590240478516,139.86000061035156,140.33999633789062,139.33999633789062,140.22000122070312,146896000
2012-04-05,109.0812759399414,139.7899932861328,140.1999969482422,139.25999450683594,139.3800048828125,137439400
2012-04-09,107.85620880126952,138.22000122070312,139.83999633789062,137.83999633789062,138.02999877929688,127555900
2012-04-10,106.0458526611328,135.89999389648438,138.33999633789062,135.75999450683594,137.9499969482422,235360300
2012-04-11,106.90418243408205,137.0,137.5399932861328,136.75,137.2899932861328,154133000
2012-04-12,108.30097198486328,138.7899932861328,138.89999389648438,137.02999877929688,137.1300048828125,154321500
2012-04-13,107.013427734375,137.13999938964844,138.82000732421875,137.00999450683594,138.47000122070312,169246700
2012-04-16,106.94322204589844,137.0500030517578,138.0399932861328,136.5800018310547,137.83999633789062,147825300
2012-04-17,108.5272216796875,139.0800018310547,139.36000061035156,137.6999969482422,137.83999633789062,147877600
2012-04-18,108.16051483154295,138.61000061035156,139.0800018310547,138.3800048828125,138.4600067138672,123884200
2012-04-19,107.46603393554688,137.72000122070312,139.14999389648438,137.07000732421875,138.6300048828125,198666700
2012-04-20,107.6455078125,137.9499969482422,138.8300018310547,137.8699951171875,138.3300018310547,143199600
2012-04-23,106.74031066894533,136.7899932861328,136.91000366210938,135.94000244140625,136.5399932861328,171844900
2012-04-24,107.14608001708984,137.30999755859375,137.66000366210938,136.8000030517578,136.91000366210938,137484200
2012-04-25,108.61306762695312,139.19000244140625,139.25,138.52999877929688,138.64999389648438,150252200
2012-04-26,109.3699722290039,140.16000366210938,140.32000732421875,138.80999755859375,138.88999938964844,136291600
2012-04-27,109.54946899414062,140.38999938964844,140.7899932861328,139.8000030517578,140.5800018310547,130725000
2012-04-30,109.1436767578125,139.8699951171875,140.2100067138672,139.49000549316406,140.11000061035156,115092200
2012-05-01,109.82259368896484,140.74000549316406,141.66000366210938,139.6300048828125,139.7899932861328,138832200
2012-05-02,109.49485778808594,140.32000732421875,140.4600067138672,139.4600067138672,139.9199981689453,121081000
2012-05-03,108.65991973876952,139.25,140.4499969482422,138.99000549316406,140.33999633789062,143759700
2012-05-04,106.90418243408205,137.0,139.3000030517578,136.9199981689453,138.52000427246094,193927300
2012-05-07,106.98223114013672,137.10000610351562,137.55999755859375,136.4600067138672,136.50999450683594,127765900
2012-05-08,106.55307006835938,136.5500030517578,136.77000427246094,134.9199981689453,136.27999877929688,213377700
2012-05-09,105.92098236083984,135.74000549316406,136.61000061035156,134.49000549316406,135.10000610351562,220752500
2012-05-10,106.13944244384766,136.02000427246094,136.85000610351562,135.7100067138672,136.67999267578125,150600000
2012-05-11,105.81952667236328,135.61000061035156,136.8699951171875,135.11000061035156,135.1699981689453,153032400
2012-05-14,104.64907836914062,134.11000061035156,135.61000061035156,133.91000366210938,134.30999755859375,163910000
2012-05-15,104.04820251464844,133.33999633789062,134.80999755859375,133.1300048828125,134.02000427246094,207629300
2012-05-16,103.6502685546875,132.8300018310547,134.5500030517578,132.8000030517578,133.94000244140625,207265500
2012-05-17,102.11300659179688,130.86000061035156,133.02000427246094,130.7899932861328,132.86000061035156,247992900
2012-05-18,101.23907470703124,129.74000549316406,131.60000610351562,129.5500030517578,131.3699951171875,319615900
2012-05-21,102.97915649414062,131.97000122070312,132.02000427246094,129.9499969482422,130.16000366210938,177861100
2012-05-22,103.1586456298828,132.1999969482422,133.22999572753906,131.33999633789062,132.30999755859375,197531200
2012-05-23,103.2132568359375,132.27000427246094,132.4600067138672,129.99000549316406,131.25,204958400
2012-05-24,103.41613006591795,132.52999877929688,132.83999633789062,131.4199981689453,132.6300048828125,167357600
2012-05-25,103.08059692382812,132.10000610351562,132.85000610351562,131.77999877929688,132.47999572753906,135465600
2012-05-29,104.3291244506836,133.6999969482422,133.92999267578125,131.1699981689453,133.16000366210938,152883500
2012-05-30,102.81527709960938,131.75999450683594,133.69000244140625,131.49000549316406,132.55999755859375,162370400
2012-05-31,102.58900451660156,131.47000122070312,132.4499969482422,130.33999633789062,131.7100067138672,196186000
2012-06-01,100.00613403320312,128.16000366210938,131.5,128.16000366210938,129.41000366210938,253240900
2012-06-04,99.95933532714844,128.10000610351562,128.74000549316406,127.13999938964844,128.38999938964844,202545800
2012-06-05,100.71620178222656,129.07000732421875,129.25999450683594,127.77999877929688,127.8499984741211,164149400
2012-06-06,102.97915649414062,131.97000122070312,132.02999877929688,129.92999267578125,129.97000122070312,184202800
2012-06-07,103.0416030883789,132.0500030517578,133.52999877929688,131.77999877929688,133.47000122070312,184772700
2012-06-08,103.86090087890624,133.10000610351562,133.1300048828125,131.2899932861328,131.7100067138672,143915400
2012-06-11,102.54218292236328,131.41000366210938,134.25,131.27999877929688,134.1699981689453,169756100
2012-06-12,103.72047424316406,132.9199981689453,133.00999450683594,131.16000366210938,131.7899932861328,181931800
2012-06-13,103.05716705322266,132.07000732421875,133.36000061035156,131.6199951171875,132.52999877929688,172223900
2012-06-14,104.14962005615234,133.47000122070312,134.0,131.97999572753906,132.33999633789062,230615500
2012-06-15,105.21484375,134.13999938964844,134.25999450683594,133.10000610351562,133.3800048828125,169444500
2012-06-18,105.4187240600586,134.39999389648438,134.72999572753906,133.27999877929688,133.5800018310547,131360900
2012-06-19,106.43841552734376,135.6999969482422,136.25,134.3699951171875,135.0800018310547,137382600
2012-06-20,106.26583099365234,135.47999572753906,136.10000610351562,134.27000427246094,135.7100067138672,206451800
2012-06-21,103.88138580322266,132.44000244140625,135.77999877929688,132.3300018310547,135.63999938964844,205272200
2012-06-22,104.68145751953124,133.4600067138672,133.7100067138672,132.6199951171875,133.1300048828125,130029200
2012-06-25,103.00291442871094,131.32000732421875,132.10000610351562,130.85000610351562,132.0500030517578,146375700
2012-06-26,103.52056884765624,131.97999572753906,132.3800048828125,130.92999267578125,131.6999969482422,141634000
2012-06-27,104.45401000976562,133.1699981689453,133.42999267578125,131.97000122070312,132.4199981689453,108088000
2012-06-28,104.15592193603516,132.7899932861328,132.99000549316406,131.27999877929688,132.2899932861328,169242100
2012-06-29,106.75216674804688,136.10000610351562,136.27000427246094,134.85000610351562,135.1999969482422,212250900
2012-07-02,107.07380676269533,136.50999450683594,136.64999389648438,135.52000427246094,136.47999572753906,129524500
2012-07-03,107.77969360351562,137.41000366210938,137.50999450683594,136.33999633789062,136.47999572753906,80450000
2012-07-05,107.29339599609376,136.7899932861328,137.8000030517578,136.2899932861328,136.89999389648438,126177500
2012-07-06,106.27368927001952,135.49000549316406,135.77000427246094,134.85000610351562,135.47000122070312,151192100
2012-07-09,106.14037322998048,135.32000732421875,135.57000732421875,134.6999969482422,135.3800048828125,103780500
2012-07-10,105.21484375,134.13999938964844,136.22999572753906,133.67999267578125,136.00999450683594,167884800
2012-07-11,105.23052215576172,134.16000366210938,134.60000610351562,133.3800048828125,134.2100067138672,141733400
2012-07-12,104.72063446044922,133.50999450683594,134.22999572753906,132.60000610351562,133.3800048828125,143583200
2012-07-13,106.47762298583984,135.75,135.88999938964844,133.83999633789062,133.86000061035156,129642600
2012-07-16,106.22663116455078,135.42999267578125,135.8300018310547,134.89999389648438,135.44000244140625,97525200
2012-07-17,106.95612335205078,136.36000061035156,136.63999938964844,134.5500030517578,135.97000122070312,138860300
2012-07-18,107.7483367919922,137.3699951171875,137.63999938964844,135.9600067138672,136.0399932861328,113349700
2012-07-19,108.0307159423828,137.72999572753906,138.17999267578125,137.2100067138672,137.64999389648438,129847300
2012-07-20,107.0423583984375,136.47000122070312,137.16000366210938,136.32000732421875,136.9499969482422,142904500
2012-07-23,105.9599609375,135.08999633789062,136.3800048828125,133.83999633789062,134.47000122070312,145210900
2012-07-24,105.0500946044922,133.92999267578125,135.25,133.02999877929688,135.19000244140625,173301200
2012-07-25,105.07362365722656,133.9600067138672,134.55999755859375,133.25,134.2100067138672,129122300
2012-07-26,106.8070831298828,136.1699981689453,136.4600067138672,135.25999450683594,135.88999938964844,156526500
2012-07-27,108.77581787109376,138.67999267578125,139.07000732421875,136.13999938964844,136.88999938964844,236768900
2012-07-30,108.77581787109376,138.67999267578125,139.33999633789062,138.27000427246094,138.52000427246094,106782000
2012-07-31,108.01502227783205,137.7100067138672,138.8699951171875,137.7100067138672,138.49000549316406,120575900
2012-08-01,107.92089080810548,137.58999633789062,138.72999572753906,137.39999389648438,138.6999969482422,138293800
2012-08-02,107.17574310302734,136.63999938964844,137.57000732421875,135.5800018310547,136.5500030517578,199556600
2012-08-03,109.30136108398438,139.35000610351562,139.63999938964844,136.67999267578125,138.55999755859375,157825000
2012-08-06,109.51315307617188,139.6199951171875,140.1699981689453,139.55999755859375,139.72000122070312,86326200
2012-08-07,110.06217193603516,140.32000732421875,140.9199981689453,140.02999877929688,140.17999267578125,109545100
2012-08-08,110.1955337524414,140.49000549316406,140.64999389648438,139.80999755859375,139.85000610351562,89754700
2012-08-09,110.28965759277344,140.61000061035156,140.88999938964844,140.14999389648438,140.2899932861328,90291700
2012-08-10,110.47004699707033,140.83999633789062,140.88999938964844,139.80999755859375,140.0399932861328,99792700
2012-08-13,110.41519165039062,140.77000427246094,140.83999633789062,140.0399932861328,140.60000610351562,79426900
2012-08-14,110.43082427978516,140.7899932861328,141.3800048828125,140.3699951171875,141.2899932861328,102379400
2012-08-15,110.55635833740234,140.9499969482422,141.19000244140625,140.5500030517578,140.63999938964844,71085900
2012-08-16,111.37210845947266,141.99000549316406,142.16000366210938,140.8000030517578,141.14999389648438,112014200
2012-08-17,111.52111053466795,142.17999267578125,142.3000030517578,141.86000061035156,142.22999572753906,90813700
2012-08-20,111.52899169921876,142.19000244140625,142.22000122070312,141.58999633789062,141.97999572753906,78255700
2012-08-21,111.19171905517578,141.75999450683594,143.08999633789062,141.4499969482422,142.5399932861328,105581100
2012-08-22,111.23876953125,141.82000732421875,142.0500030517578,141.07000732421875,141.39999389648438,133243500
2012-08-23,110.32886505126952,140.66000366210938,141.47999572753906,140.44000244140625,141.47000122070312,111466400
2012-08-24,110.9955825805664,141.50999450683594,141.8300018310547,140.22000122070312,140.30999755859375,99481200
2012-08-27,111.01913452148438,141.5399932861328,142.0800018310547,141.33999633789062,141.88999938964844,68785900
2012-08-28,110.90934753417967,141.39999389648438,141.83999633789062,140.97000122070312,141.17999267578125,75689600
2012-08-29,110.9955825805664,141.50999450683594,141.88999938964844,141.1199951171875,141.52000427246094,65421300
2012-08-30,110.1955337524414,140.49000549316406,140.94000244140625,140.19000244140625,140.89999389648438,96589900
2012-08-31,110.72105407714844,141.16000366210938,141.82000732421875,140.36000061035156,141.2899932861328,151970400
2012-09-04,110.61908721923828,141.02999877929688,141.4600067138672,140.1300048828125,141.0399932861328,120226200
2012-09-05,110.5250015258789,140.91000366210938,141.47000122070312,140.6300048828125,141.08999633789062,100660300
2012-09-06,112.76825714111328,143.77000427246094,143.77999877929688,141.75,141.75999450683594,158272500
2012-09-07,113.20748138427734,144.3300018310547,144.38999938964844,143.8800048828125,144.00999450683594,107272100
2012-09-10,112.5643081665039,143.50999450683594,144.44000244140625,143.4600067138672,144.19000244140625,86458500
2012-09-11,112.87803649902344,143.91000366210938,144.3699951171875,143.55999755859375,143.60000610351562,88760000
2012-09-12,113.25456237792967,144.38999938964844,144.5500030517578,143.89999389648438,144.38999938964844,87640900
2012-09-13,114.98021697998048,146.58999633789062,147.0399932861328,143.99000549316406,144.3699951171875,225470200
2012-09-14,115.49005126953124,147.24000549316406,148.11000061035156,146.75999450683594,146.8800048828125,169777000
2012-09-17,115.09779357910156,146.74000549316406,147.19000244140625,146.3699951171875,146.94000244140625,119427800
2012-09-18,115.0036849975586,146.6199951171875,146.80999755859375,146.25,146.49000549316406,98326600
2012-09-19,115.06645965576172,146.6999969482422,147.1699981689453,146.41000366210938,146.7899932861328,128318300
2012-09-20,115.07433319091795,146.7100067138672,146.7899932861328,145.6300048828125,146.02999877929688,154009800
2012-09-21,115.02622985839844,145.8699951171875,146.6699981689453,145.80999755859375,146.63999938964844,108737500
2012-09-24,114.85272216796876,145.64999389648438,145.97999572753906,145.0399932861328,145.14999389648438,95682000
2012-09-25,113.63043212890624,144.10000610351562,146.24000549316406,144.05999755859375,145.9600067138672,133165200
2012-09-26,112.99169158935548,143.2899932861328,144.11000061035156,142.9499969482422,144.07000732421875,146502200
2012-09-27,114.05628204345705,144.63999938964844,144.97000122070312,143.50999450683594,143.88999938964844,111830300
2012-09-28,113.52792358398438,143.97000122070312,144.55999755859375,143.4600067138672,144.08999633789062,150696100
2012-10-01,113.82759857177734,144.35000610351562,145.69000244140625,144.00999450683594,144.52000427246094,135911200
2012-10-02,113.94586181640624,144.5,145.14999389648438,143.8300018310547,144.9199981689453,113422200
2012-10-03,114.41111755371094,145.08999633789062,145.42999267578125,144.1300048828125,144.88999938964844,121283100
2012-10-04,115.23121643066406,146.1300048828125,146.33999633789062,145.44000244140625,145.63999938964844,124311600
2012-10-05,115.2391128540039,146.13999938964844,147.16000366210938,145.6999969482422,146.91000366210938,124842100
2012-10-08,114.84481048583984,145.63999938964844,146.1199951171875,145.30999755859375,145.60000610351562,78415400
2012-10-09,113.70933532714844,144.1999969482422,145.64999389648438,144.14999389648438,145.52999877929688,148872900
2012-10-10,112.98384857177734,143.27999877929688,144.32000732421875,143.08999633789062,144.17999267578125,124247500
2012-10-11,113.0469207763672,143.36000061035156,144.49000549316406,143.3300018310547,144.27999877929688,123601500
2012-10-12,112.67628479003906,142.88999938964844,143.9499969482422,142.5800018310547,143.4600067138672,124181900
2012-10-15,113.6146469116211,144.0800018310547,144.22999572753906,142.77000427246094,143.22999572753906,107689100
2012-10-16,114.76597595214844,145.5399932861328,145.63999938964844,144.66000366210938,144.75999450683594,108815500
2012-10-17,115.28638458251952,146.1999969482422,146.32000732421875,145.4199981689453,145.63999938964844,128834100
2012-10-18,114.98674774169922,145.82000732421875,146.52000427246094,145.3300018310547,145.82000732421875,148108500
2012-10-19,113.07058715820312,143.38999938964844,145.55999755859375,143.0500030517578,145.5500030517578,185645200
2012-10-22,113.08638763427734,143.41000366210938,143.6699981689453,142.27999877929688,143.14999389648438,125578600
2012-10-23,111.5171356201172,141.4199981689453,142.05999755859375,140.8300018310547,141.86000061035156,192056300
2012-10-24,111.2016830444336,141.02000427246094,142.10000610351562,140.8000030517578,141.92999267578125,120179400
2012-10-25,111.52501678466795,141.42999267578125,142.27999877929688,140.57000732421875,142.02000427246094,134457400
2012-10-26,111.4619598388672,141.35000610351562,141.83999633789062,140.38999938964844,141.3000030517578,146023500
2012-10-31,111.4619598388672,141.35000610351562,142.02999877929688,140.67999267578125,141.85000610351562,103438500
2012-11-01,112.62899017333984,142.8300018310547,143.00999450683594,141.52000427246094,141.64999389648438,100995600
2012-11-02,111.62751007080078,141.55999755859375,143.72000122070312,141.41000366210938,143.67999267578125,137702200
2012-11-05,111.85623931884766,141.85000610351562,142.1699981689453,140.92999267578125,141.35000610351562,98378500
2012-11-06,112.73149871826172,142.9600067138672,143.52000427246094,142.1300048828125,142.27999877929688,107068100
2012-11-07,110.17658996582033,139.72000122070312,141.67999267578125,139.05999755859375,141.66000366210938,264304500
2012-11-08,108.85179901123048,138.0399932861328,140.41000366210938,137.92999267578125,139.6999969482422,181517300
2012-11-09,108.94647979736328,138.16000366210938,139.44000244140625,137.5500030517578,137.6199951171875,201055300
2012-11-12,109.03319549560548,138.27000427246094,138.80999755859375,137.9600067138672,138.58999633789062,97677500
2012-11-13,108.6546630859375,137.7899932861328,139.25,137.36000061035156,137.5399932861328,123018300
2012-11-14,107.18797302246094,135.92999267578125,138.42999267578125,135.6199951171875,138.2100067138672,191505000
2012-11-15,107.00659942626952,135.6999969482422,136.49000549316406,135.17999267578125,135.97999572753906,178128400
2012-11-16,107.53492736816406,136.3699951171875,136.63999938964844,134.6999969482422,135.89999389648438,239483900
2012-11-19,109.71134948730467,139.1300048828125,139.14999389648438,136.41000366210938,137.89999389648438,151495800
2012-11-20,109.75862121582033,139.19000244140625,139.4199981689453,138.0800018310547,138.91000366210938,119807400
2012-11-21,109.96370697021484,139.4499969482422,139.57000732421875,139.02999877929688,139.30999755859375,81710800
2012-11-23,111.4619598388672,141.35000610351562,141.39999389648438,140.0399932861328,140.1300048828125,65409200
2012-11-26,111.22539520263672,141.0500030517578,141.36000061035156,140.19000244140625,140.64999389648438,100124400
2012-11-27,110.65763092041016,140.3300018310547,141.38999938964844,140.24000549316406,140.91000366210938,128646200
2012-11-28,111.54869842529295,141.4600067138672,141.5399932861328,139.0,139.75999450683594,177086500
2012-11-29,112.06912231445312,142.1199951171875,142.50999450683594,141.3699951171875,141.99000549316406,151085900
2012-11-30,112.09278106689452,142.14999389648438,142.4199981689453,141.66000366210938,142.13999938964844,136568300
2012-12-03,111.54080963134766,141.4499969482422,142.9199981689453,141.33999633789062,142.8000030517578,124656300
2012-12-04,111.38306427001952,141.25,141.8699951171875,140.8699951171875,141.44000244140625,127512200
2012-12-05,111.58026123046876,141.5,142.16000366210938,140.3699951171875,141.3699951171875,147300500
2012-12-06,111.9586944580078,141.97999572753906,142.0399932861328,141.16000366210938,141.3699951171875,103220600
2012-12-07,112.2978286743164,142.41000366210938,142.69000244140625,141.6699981689453,142.52999877929688,108726400
2012-12-10,112.34510040283205,142.47000122070312,142.80999755859375,142.14999389648438,142.2100067138672,98840700
2012-12-11,113.11000061035156,143.44000244140625,144.11000061035156,142.99000549316406,143.05999755859375,152570400
2012-12-12,113.16521453857422,143.50999450683594,144.5500030517578,143.30999755859375,144.0,145880100
2012-12-13,112.47130584716795,142.6300048828125,143.8300018310547,142.27000427246094,143.4199981689453,135715000
2012-12-14,112.0533447265625,142.10000610351562,142.5800018310547,141.8800048828125,142.32000732421875,137701700
2012-12-17,113.37022399902344,143.77000427246094,143.85000610351562,142.42999267578125,142.47000122070312,143238200
2012-12-18,114.63191986083984,145.3699951171875,145.5,143.7899932861328,144.0,177762800
2012-12-19,113.78023529052734,144.2899932861328,145.5800018310547,144.24000549316406,145.52999877929688,150895400
2012-12-20,114.43480682373048,145.1199951171875,145.13999938964844,143.97999572753906,144.3800048828125,168487000
2012-12-21,113.39601135253906,142.7899932861328,144.08999633789062,141.94000244140625,142.1699981689453,245883800
2012-12-24,113.0465850830078,142.35000610351562,142.55999755859375,142.19000244140625,142.47999572753906,53874600
2012-12-26,112.57015228271484,141.75,142.7100067138672,141.35000610351562,142.63999938964844,106947700
2012-12-27,112.41921997070312,141.55999755859375,142.0800018310547,139.9199981689453,141.7899932861328,167920600
2012-12-28,111.20421600341795,140.02999877929688,141.4199981689453,139.8699951171875,140.63999938964844,148806700
2012-12-31,113.0942840576172,142.41000366210938,142.55999755859375,139.5399932861328,139.66000366210938,243935200
2013-01-02,115.9928970336914,146.05999755859375,146.14999389648438,144.72999572753906,145.11000061035156,192059000
2013-01-03,115.73081970214844,145.72999572753906,146.3699951171875,145.33999633789062,145.99000549316406,144761800
2013-01-04,116.23909759521484,146.3699951171875,146.61000061035156,145.6699981689453,145.97000122070312,116817700
2013-01-07,115.92142486572266,145.97000122070312,146.11000061035156,145.42999267578125,145.85000610351562,110002500
2013-01-08,115.58787536621094,145.5500030517578,145.91000366210938,144.97999572753906,145.7100067138672,121265100
2013-01-09,115.88170623779295,145.9199981689453,146.32000732421875,145.63999938964844,145.8699951171875,90745600
2013-01-10,116.80288696289062,147.0800018310547,147.08999633789062,145.97000122070312,146.72999572753906,130735400
2013-01-11,116.79499816894533,147.07000732421875,147.14999389648438,146.61000061035156,147.0399932861328,113917300
2013-01-14,116.71558380126952,146.97000122070312,147.07000732421875,146.42999267578125,146.88999938964844,89567200
2013-01-15,116.79499816894533,147.07000732421875,147.2100067138672,146.1999969482422,146.2899932861328,93172600
2013-01-16,116.77913665771484,147.0500030517578,147.27999877929688,146.61000061035156,146.77000427246094,104849500
2013-01-17,117.53353118896484,148.0,148.4199981689453,147.14999389648438,147.6999969482422,133833500
2013-01-18,117.7956314086914,148.3300018310547,148.49000549316406,147.42999267578125,147.97000122070312,169906000
2013-01-22,118.430908203125,149.1300048828125,149.1300048828125,147.97999572753906,148.3300018310547,111797300
2013-01-23,118.62152099609376,149.3699951171875,149.5,148.86000061035156,149.1300048828125,104596100
2013-01-24,118.65331268310548,149.41000366210938,150.13999938964844,149.00999450683594,149.14999389648438,146426400
2013-01-25,119.32035064697266,150.25,150.25,149.3699951171875,149.8800048828125,147211600
2013-01-28,119.17740631103516,150.07000732421875,150.3300018310547,149.50999450683594,150.2899932861328,113357700
2013-01-29,119.64599609375,150.66000366210938,150.85000610351562,149.6699981689453,149.77000427246094,105694400
2013-01-30,119.17740631103516,150.07000732421875,150.94000244140625,149.92999267578125,150.63999938964844,137447700
2013-01-31,118.88357543945312,149.6999969482422,150.3800048828125,149.60000610351562,149.88999938964844,108975800
2013-02-01,120.10658264160156,151.24000549316406,151.4199981689453,150.38999938964844,150.64999389648438,131173000
2013-02-04,118.75650024414062,149.5399932861328,151.27000427246094,149.42999267578125,150.32000732421875,159073600
2013-02-05,119.95571899414062,151.0500030517578,151.47999572753906,150.2899932861328,150.35000610351562,113912400
2013-02-06,120.04304504394533,151.16000366210938,151.25999450683594,150.41000366210938,150.52000427246094,138762800
2013-02-07,119.8841781616211,150.9600067138672,151.35000610351562,149.86000061035156,151.2100067138672,162490000
2013-02-08,120.5512466430664,151.8000030517578,151.88999938964844,151.22000122070312,151.22000122070312,103133700
2013-02-11,120.52747344970705,151.77000427246094,151.89999389648438,151.38999938964844,151.74000549316406,73775000
2013-02-12,120.72603607177734,152.02000427246094,152.3000030517578,151.61000061035156,151.77999877929688,65392700
2013-02-13,120.8292236328125,152.14999389648438,152.61000061035156,151.72000122070312,152.3300018310547,82322600
2013-02-14,120.9404067993164,152.2899932861328,152.47000122070312,151.52000427246094,151.69000244140625,80834300
2013-02-15,120.7974624633789,152.11000061035156,152.58999633789062,151.5500030517578,152.42999267578125,215226500
2013-02-19,121.7027587890625,153.25,153.27999877929688,152.16000366210938,152.3699951171875,95105400
2013-02-20,120.1859893798828,151.33999633789062,153.19000244140625,151.25999450683594,153.13999938964844,160574800
2013-02-21,119.45539855957033,150.4199981689453,151.4199981689453,149.94000244140625,150.9600067138672,183257000
2013-02-22,120.62274169921876,151.88999938964844,151.88999938964844,150.49000549316406,151.14999389648438,106356600
2013-02-25,118.32769012451172,149.0,152.86000061035156,149.0,152.6300048828125,245824800
2013-02-26,119.13770294189452,150.02000427246094,150.1999969482422,148.72999572753906,149.72000122070312,186596200
2013-02-27,120.63865661621094,151.91000366210938,152.3300018310547,149.75999450683594,149.88999938964844,150781900
2013-02-28,120.4003448486328,151.61000061035156,152.8699951171875,151.41000366210938,151.89999389648438,126866000
2013-03-01,120.7974624633789,152.11000061035156,152.33999633789062,150.41000366210938,151.08999633789062,170634800
2013-03-04,121.44078063964844,152.9199981689453,152.9199981689453,151.52000427246094,151.75999450683594,99010200
2013-03-05,122.52869415283205,154.2899932861328,154.6999969482422,153.63999938964844,153.66000366210938,121431900
2013-03-06,122.69548034667967,154.5,154.9199981689453,154.16000366210938,154.83999633789062,94469900
2013-03-07,122.9178466796875,154.77999877929688,154.97999572753906,154.52000427246094,154.6999969482422,86101400
2013-03-08,123.44197082519533,155.44000244140625,155.64999389648438,154.66000366210938,155.4600067138672,123477800
2013-03-11,123.91050720214844,156.02999877929688,156.0399932861328,155.1300048828125,155.32000732421875,83746800
2013-03-12,123.6326141357422,155.67999267578125,156.10000610351562,155.2100067138672,155.9199981689453,105755800
2013-03-13,123.80729675292967,155.89999389648438,156.1199951171875,155.22999572753906,155.75999450683594,92550900
2013-03-14,124.46639251708984,156.72999572753906,156.8000030517578,155.91000366210938,156.30999755859375,126329900
2013-03-15,124.30208587646484,155.8300018310547,156.0399932861328,155.30999755859375,155.85000610351562,138601100
2013-03-18,123.6161651611328,154.97000122070312,155.63999938964844,154.1999969482422,154.33999633789062,126704300
2013-03-19,123.32891082763672,154.61000061035156,155.50999450683594,153.58999633789062,155.3000030517578,167567300
2013-03-20,124.19043731689452,155.69000244140625,155.9499969482422,155.25999450683594,155.52000427246094,113759300
2013-03-21,123.12948608398438,154.36000061035156,155.63999938964844,154.10000610351562,154.75999450683594,128605000
2013-03-22,124.11864471435548,155.60000610351562,155.60000610351562,154.72999572753906,154.85000610351562,111163600
2013-03-25,123.60012817382812,154.9499969482422,156.27000427246094,154.35000610351562,156.00999450683594,151322300
2013-03-26,124.58930206298828,156.19000244140625,156.22999572753906,155.4199981689453,155.58999633789062,86856600
2013-03-27,124.58930206298828,156.19000244140625,156.24000549316406,155.0,155.25999450683594,99950600
2013-03-28,124.97217559814452,156.6699981689453,156.85000610351562,155.75,156.08999633789062,102932800
2013-04-01,124.47761535644533,156.0500030517578,156.91000366210938,155.6699981689453,156.58999633789062,99194100
2013-04-02,125.09183502197266,156.82000732421875,157.2100067138672,156.3699951171875,156.61000061035156,101504300
2013-04-03,123.82352447509766,155.22999572753906,157.02999877929688,154.82000732421875,156.91000366210938,154167400
2013-04-04,124.32600402832033,155.86000061035156,156.1699981689453,155.08999633789062,155.42999267578125,131885000
2013-04-05,123.76763916015624,155.16000366210938,155.35000610351562,153.77000427246094,153.9499969482422,159666000
2013-04-08,124.60521697998048,156.2100067138672,156.22000122070312,154.75,155.27000427246094,86571200
2013-04-09,125.03596496582033,156.75,157.32000732421875,155.97999572753906,156.5,101922200
2013-04-10,126.56748962402344,158.6699981689453,158.8699951171875,157.1300048828125,157.1699981689453,135711100
2013-04-11,126.98228454589844,159.19000244140625,159.7100067138672,158.5399932861328,158.6999969482422,110142500
2013-04-12,126.67117309570312,158.8000030517578,159.0399932861328,157.9199981689453,158.67999267578125,116359900
2013-04-15,123.73570251464844,155.1199951171875,158.1300048828125,155.10000610351562,158.0,217259000
2013-04-16,125.5624771118164,157.41000366210938,157.49000549316406,155.91000366210938,156.2899932861328,147507800
2013-04-17,123.7277374267578,155.11000061035156,156.32000732421875,154.27999877929688,156.2899932861328,226834800
2013-04-18,122.95401000976562,154.13999938964844,155.41000366210938,153.5500030517578,155.3699951171875,167583200
2013-04-19,124.02293395996094,155.47999572753906,155.5500030517578,154.1199951171875,154.5,149687600
2013-04-22,124.57329559326172,156.1699981689453,156.5399932861328,154.75,155.77999877929688,106553500
2013-04-23,125.85755157470705,157.77999877929688,157.92999267578125,156.1699981689453,156.9499969482422,166141300
2013-04-24,125.93736267089844,157.8800048828125,158.3000030517578,157.5399932861328,157.8300018310547,96781200
2013-04-25,126.44782257080078,158.52000427246094,159.27000427246094,158.10000610351562,158.33999633789062,131060600
2013-04-26,126.22445678710938,158.24000549316406,158.60000610351562,157.72999572753906,158.3300018310547,95918800
2013-04-29,127.07003021240234,159.3000030517578,159.64999389648438,158.4199981689453,158.6699981689453,88572800
2013-04-30,127.3731460571289,159.67999267578125,159.72000122070312,158.61000061035156,159.27000427246094,116010700
2013-05-01,126.25642395019533,158.27999877929688,159.41000366210938,158.10000610351562,159.3300018310547,138874200
2013-05-02,127.42901611328124,159.75,159.88999938964844,158.52999877929688,158.67999267578125,96407600
2013-05-03,128.72128295898438,161.3699951171875,161.8800048828125,159.77999877929688,161.13999938964844,144202300
2013-05-06,129.04820251464844,161.77999877929688,162.00999450683594,161.4199981689453,161.49000549316406,66882100
2013-05-07,129.7024383544922,162.60000610351562,162.64999389648438,161.6699981689453,162.1300048828125,90359200
2013-05-08,130.29266357421875,163.33999633789062,163.38999938964844,162.3300018310547,162.4199981689453,97419200
2013-05-09,129.92576599121094,162.8800048828125,163.6999969482422,162.47000122070312,163.27000427246094,106738600
2013-05-10,130.34849548339844,163.41000366210938,163.5500030517578,162.50999450683594,162.99000549316406,103203000
2013-05-13,130.45220947265625,163.5399932861328,163.80999755859375,162.82000732421875,163.1999969482422,81843200
2013-05-14,131.80029296875,165.22999572753906,165.35000610351562,163.6699981689453,163.6699981689453,119000900
2013-05-15,132.51019287109375,166.1199951171875,166.4499969482422,164.91000366210938,164.9600067138672,120718500
2013-05-16,131.88796997070312,165.33999633789062,166.36000061035156,165.08999633789062,165.77999877929688,109913600
2013-05-17,133.16429138183594,166.94000244140625,167.0399932861328,165.72999572753906,165.9499969482422,129801000
2013-05-20,133.15631103515625,166.92999267578125,167.5800018310547,166.61000061035156,166.77999877929688,85071200
2013-05-21,133.3477325439453,167.1699981689453,167.8000030517578,166.5,167.0800018310547,95804200
2013-05-22,132.35862731933594,165.92999267578125,169.07000732421875,165.1699981689453,167.33999633789062,244031800
2013-05-23,131.9757843017578,165.4499969482422,165.91000366210938,163.94000244140625,164.16000366210938,211064400
2013-05-24,131.86410522460938,165.30999755859375,165.3800048828125,163.97999572753906,164.47000122070312,151573900
2013-05-28,132.65380859375,166.3000030517578,167.77999877929688,165.80999755859375,167.0399932861328,143679800
2013-05-29,131.7922821044922,165.22000122070312,165.8000030517578,164.33999633789062,165.4199981689453,160363400
2013-05-30,132.27886962890625,165.8300018310547,166.58999633789062,165.22000122070312,165.35000610351562,107793800
2013-05-31,130.38034057617188,163.4499969482422,166.30999755859375,163.1300048828125,165.3699951171875,176850100
2013-06-03,131.0983123779297,164.35000610351562,164.4600067138672,162.66000366210938,163.8300018310547,168390700
2013-06-04,130.46817016601562,163.55999755859375,165.10000610351562,162.72999572753906,164.44000244140625,157631500
2013-06-05,128.64151000976562,161.27000427246094,163.4199981689453,161.1300048828125,163.08999633789062,211737800
2013-06-06,129.8060760498047,162.72999572753906,162.74000549316406,160.25,161.1999969482422,200225500
2013-06-07,131.457275390625,164.8000030517578,164.9499969482422,163.13999938964844,163.85000610351562,188337800
2013-06-10,131.457275390625,164.8000030517578,165.39999389648438,164.3699951171875,165.30999755859375,105667100
2013-06-11,130.10122680664062,163.10000610351562,164.5399932861328,162.74000549316406,163.3000030517578,159505400
2013-06-12,129.02435302734375,161.75,164.38999938964844,161.60000610351562,164.22000122070312,177361500
2013-06-13,130.9866485595703,164.2100067138672,164.5,161.3000030517578,161.66000366210938,163587800
2013-06-14,130.1649932861328,163.17999267578125,164.6699981689453,162.91000366210938,164.02999877929688,141197500
2013-06-17,131.17007446289062,164.44000244140625,165.22000122070312,163.22000122070312,164.2899932861328,136295600
2013-06-18,132.20709228515625,165.74000549316406,165.99000549316406,164.52000427246094,164.52999877929688,114695600
2013-06-19,130.38034057617188,163.4499969482422,165.88999938964844,163.3800048828125,165.60000610351562,206149500
2013-06-20,127.14978790283205,159.39999389648438,163.47000122070312,158.97999572753906,161.86000061035156,321255900
2013-06-21,127.55799865722656,159.07000732421875,159.75999450683594,157.47000122070312,159.63999938964844,271956800
2013-06-24,125.94615173339844,157.05999755859375,158.42999267578125,155.72999572753906,157.41000366210938,222329000
2013-06-25,127.15704345703124,158.57000732421875,160.10000610351562,157.4199981689453,158.47999572753906,162262200
2013-06-26,128.41598510742188,160.13999938964844,160.5,159.25,159.8699951171875,134848000
2013-06-27,129.1697998046875,161.0800018310547,161.82000732421875,160.9499969482422,161.10000610351562,129483700
2013-06-28,128.6405487060547,160.4199981689453,161.39999389648438,159.86000061035156,160.6300048828125,160402900
2013-07-01,129.3943328857422,161.36000061035156,162.47999572753906,161.0800018310547,161.25999450683594,131954800
2013-07-02,129.27406311035156,161.2100067138672,162.3000030517578,160.5,161.1199951171875,154863700
2013-07-03,129.3302001953125,161.27999877929688,161.77000427246094,160.22000122070312,160.47999572753906,75216400
2013-07-05,130.72544860839844,163.02000427246094,163.0800018310547,161.3000030517578,162.47000122070312,122416900
2013-07-08,131.47120666503906,163.9499969482422,164.38999938964844,163.0800018310547,163.86000061035156,108092500
2013-07-09,132.41749572753906,165.1300048828125,165.3300018310547,164.27000427246094,164.97999572753906,119298000
2013-07-10,132.4656219482422,165.19000244140625,165.75,164.6300048828125,164.97000122070312,121410100
2013-07-11,134.26983642578125,167.44000244140625,167.61000061035156,165.17999267578125,167.11000061035156,135592200
2013-07-12,134.32601928710938,167.50999450683594,167.92999267578125,167.1300048828125,167.38999938964844,104212700
2013-07-15,134.8391876220703,168.14999389648438,168.38999938964844,167.67999267578125,167.97000122070312,69450600
2013-07-16,134.33404541015625,167.52000427246094,168.36000061035156,167.07000732421875,168.25999450683594,88702100
2013-07-17,134.67880249023438,167.9499969482422,168.47999572753906,167.72999572753906,168.16000366210938,92873900
2013-07-18,135.41648864746094,168.8699951171875,169.27000427246094,168.1999969482422,168.30999755859375,103620100
2013-07-19,135.6571807861328,169.1699981689453,169.22999572753906,168.30999755859375,168.52000427246094,103831700
2013-07-22,135.92184448242188,169.5,169.74000549316406,169.00999450683594,169.41000366210938,79428600
2013-07-23,135.63307189941406,169.13999938964844,169.8300018310547,169.0500030517578,169.8000030517578,80829700
2013-07-24,135.1359100341797,168.52000427246094,169.86000061035156,168.17999267578125,169.7899932861328,112914000
2013-07-25,135.46469116210938,168.92999267578125,169.0800018310547,167.94000244140625,168.22000122070312,111088600
2013-07-26,135.6090545654297,169.11000061035156,169.16000366210938,167.52000427246094,168.22000122070312,107814600
2013-07-29,135.19203186035156,168.58999633789062,169.05999755859375,168.11000061035156,168.67999267578125,79695000
2013-07-30,135.19203186035156,168.58999633789062,169.27999877929688,168.19000244140625,169.10000610351562,85209600
2013-07-31,135.2882843017578,168.7100067138672,169.85000610351562,168.49000549316406,168.94000244140625,142388700
2013-08-01,136.8519287109375,170.66000366210938,170.80999755859375,169.89999389648438,169.99000549316406,110438400
2013-08-02,137.08457946777344,170.9499969482422,170.97000122070312,170.0500030517578,170.27999877929688,91116700
2013-08-05,136.88406372070312,170.6999969482422,170.9600067138672,170.35000610351562,170.57000732421875,54072700
2013-08-06,136.1062469482422,169.72999572753906,170.74000549316406,169.35000610351562,170.3699951171875,87495000
2013-08-07,135.66519165039062,169.17999267578125,169.42999267578125,168.5500030517578,169.19000244140625,84854700
2013-08-08,136.16236877441406,169.8000030517578,170.17999267578125,168.92999267578125,169.97999572753906,102181300
2013-08-09,135.76942443847656,169.30999755859375,170.10000610351562,168.72000122070312,169.5800018310547,91757700
2013-08-12,135.6090545654297,169.11000061035156,169.30999755859375,168.3800048828125,168.4600067138672,68593300
2013-08-13,136.00999450683594,169.61000061035156,169.89999389648438,168.41000366210938,169.41000366210938,80806000
2013-08-14,135.31234741210938,168.74000549316406,169.8000030517578,168.6999969482422,169.52999877929688,79829200
2013-08-15,133.41986083984375,166.3800048828125,167.42999267578125,166.08999633789062,167.41000366210938,152931800
2013-08-16,132.97879028320312,165.8300018310547,166.6300048828125,165.5,166.05999755859375,130868200
2013-08-19,132.1288299560547,164.77000427246094,166.2100067138672,164.75999450683594,165.63999938964844,96437600
2013-08-20,132.7783203125,165.5800018310547,166.1999969482422,164.86000061035156,165.0399932861328,89294400
2013-08-21,131.9604034423828,164.55999755859375,166.02999877929688,164.19000244140625,165.1199951171875,159530500
2013-08-22,133.16326904296875,166.05999755859375,166.3000030517578,164.88999938964844,164.89999389648438,101471400
2013-08-23,133.61228942871094,166.6199951171875,166.8300018310547,165.77000427246094,166.5500030517578,90888900
2013-08-26,133.1151885986328,166.0,167.3000030517578,165.88999938964844,166.7899932861328,89702100
2013-08-27,130.97406005859375,163.3300018310547,166.0,163.2100067138672,164.36000061035156,158619400
2013-08-28,131.43914794921875,163.91000366210938,164.49000549316406,163.0500030517578,163.25999450683594,108113000
2013-08-29,131.64764404296875,164.1699981689453,165.0399932861328,163.39999389648438,163.5500030517578,119200500
2013-08-30,131.230712890625,163.64999389648438,164.52999877929688,163.1699981689453,164.50999450683594,134928900
2013-09-03,131.8240966796875,164.38999938964844,165.5800018310547,163.6999969482422,165.22999572753906,142375100
2013-09-04,132.91468811035156,165.75,166.02999877929688,164.1300048828125,164.42999267578125,97389400
2013-09-05,133.0830841064453,165.9600067138672,166.39999389648438,165.72999572753906,165.85000610351562,63090500
2013-09-06,133.1471405029297,166.0399932861328,166.97999572753906,164.47999572753906,166.50999450683594,159756500
2013-09-09,134.42225646972656,167.6300048828125,167.72999572753906,166.4499969482422,166.4499969482422,87559300
2013-09-10,135.41648864746094,168.8699951171875,168.89999389648438,168.25999450683594,168.63999938964844,105847200
2013-09-11,135.8416290283203,169.39999389648438,169.39999389648438,168.35000610351562,168.63999938964844,94545900
2013-09-12,135.480712890625,168.9499969482422,169.55999755859375,168.72000122070312,169.33999633789062,83209000
2013-09-13,135.7854766845703,169.3300018310547,169.4600067138672,168.74000549316406,169.1300048828125,72727800
2013-09-16,136.57130432128906,170.30999755859375,171.24000549316406,170.0399932861328,171.16000366210938,106299200
2013-09-17,137.1807861328125,171.07000732421875,171.11000061035156,170.4600067138672,170.4600067138672,82523300
2013-09-18,138.7685546875,173.0500030517578,173.52000427246094,170.5800018310547,171.00999450683594,203460600
2013-09-19,138.5360107421875,172.75999450683594,173.60000610351562,172.58999633789062,173.52000427246094,146616900
2013-09-20,137.5673370361328,170.72000122070312,172.3300018310547,170.5800018310547,172.3300018310547,132867100
2013-09-23,136.93081665039062,169.92999267578125,170.64999389648438,169.38999938964844,170.49000549316406,104616500
2013-09-24,136.6084747314453,169.52999877929688,170.52999877929688,169.2100067138672,169.89999389648438,106333100
2013-09-25,136.21359252929688,169.0399932861328,169.97999572753906,168.88999938964844,169.63999938964844,117306500
2013-09-26,136.73739624023438,169.69000244140625,170.1699981689453,169.0500030517578,169.32000732421875,77146900
2013-09-27,136.1088409423828,168.91000366210938,169.13999938964844,168.47000122070312,168.83999633789062,99141800
2013-09-30,135.38363647460938,168.00999450683594,168.5399932861328,167.14999389648438,167.47999572753906,143937000
2013-10-01,136.45535278320312,169.33999633789062,169.5,167.97000122070312,168.13999938964844,127160000
2013-10-02,136.32644653320312,169.17999267578125,169.33999633789062,167.8300018310547,168.35000610351562,113350000
2013-10-03,135.06939697265625,167.6199951171875,168.94000244140625,166.83999633789062,168.7899932861328,176698000
2013-10-04,136.0927734375,168.88999938964844,169.05999755859375,167.52999877929688,167.75,96878000
2013-10-07,134.91627502441406,167.42999267578125,168.4499969482422,167.25,167.4199981689453,96295000
2013-10-08,133.34494018554688,165.47999572753906,167.6199951171875,165.36000061035156,167.39999389648438,178015000
2013-10-09,133.441650390625,165.60000610351562,166.1999969482422,164.52999877929688,165.8000030517578,168973000
2013-10-10,136.31842041015625,169.1699981689453,169.25999450683594,167.22999572753906,167.2899932861328,195955000
2013-10-11,137.19671630859375,170.25999450683594,170.32000732421875,168.77000427246094,168.91000366210938,105040000
2013-10-14,137.74465942382812,170.94000244140625,171.0800018310547,169.0800018310547,169.2100067138672,112106000
2013-10-15,136.74545288085938,169.6999969482422,171.14999389648438,169.47000122070312,170.50999450683594,155485000
2013-10-16,138.65518188476562,172.07000732421875,172.16000366210938,170.63999938964844,170.72000122070312,161676000
2013-10-17,139.58193969726562,173.22000122070312,173.32000732421875,171.33999633789062,171.3699951171875,129389000
2013-10-18,140.524658203125,174.38999938964844,174.50999450683594,173.50999450683594,173.86000061035156,138316000
2013-10-21,140.53274536132812,174.39999389648438,174.75,174.00999450683594,174.4499969482422,104104000
2013-10-22,141.3466796875,175.41000366210938,175.92999267578125,174.42999267578125,174.91000366210938,126663000
2013-10-23,140.66973876953125,174.57000732421875,174.88999938964844,173.9600067138672,174.80999755859375,105484000
2013-10-24,141.13711547851562,175.14999389648438,175.3699951171875,174.50999450683594,174.9199981689453,70350000
2013-10-25,141.78173828125,175.9499969482422,176.0,175.1699981689453,175.50999450683594,93625000
2013-10-28,142.0074005126953,176.22999572753906,176.47000122070312,175.6999969482422,175.88999938964844,84979000
2013-10-29,142.76487731933594,177.1699981689453,177.24000549316406,176.3800048828125,176.6300048828125,87401000
2013-10-30,142.0557403564453,176.2899932861328,177.50999450683594,175.66000366210938,177.3800048828125,140002000
2013-10-31,141.65281677246094,175.7899932861328,176.88999938964844,175.52999877929688,176.14999389648438,133795000
2013-11-01,141.99130249023438,176.2100067138672,176.61000061035156,175.22000122070312,176.02000427246094,142805000
2013-11-04,142.4908447265625,176.8300018310547,176.89999389648438,175.97999572753906,176.69000244140625,85677000
2013-11-05,142.0395965576172,176.27000427246094,176.75,175.57000732421875,176.13999938964844,85825000
2013-11-06,142.76487731933594,177.1699981689453,177.5,176.5399932861328,177.02999877929688,87348000
2013-11-07,140.95982360839844,174.92999267578125,177.63999938964844,174.75999450683594,177.5,157000000
2013-11-08,142.86160278320312,177.2899932861328,177.30999755859375,174.85000610351562,174.8699951171875,136713000
2013-11-11,142.88572692871094,177.32000732421875,177.52999877929688,176.91000366210938,177.1199951171875,62614000
2013-11-12,142.5956268310547,176.9600067138672,177.36000061035156,176.3699951171875,176.94000244140625,83990000
2013-11-13,143.73989868164062,178.3800048828125,178.42999267578125,176.08999633789062,176.08999633789062,103844000
2013-11-14,144.45704650878906,179.27000427246094,179.4199981689453,178.25,178.5399932861328,103435000
2013-11-15,145.08555603027344,180.0500030517578,180.1199951171875,179.3300018310547,179.55999755859375,102818000
2013-11-18,144.5779266357422,179.4199981689453,180.5,179.02000427246094,180.3500061035156,104796000
2013-11-19,144.26370239257812,179.02999877929688,179.8699951171875,178.72000122070312,179.3300018310547,93891000
2013-11-20,143.81240844726562,178.47000122070312,179.92999267578125,177.97999572753906,179.38999938964844,124909000
2013-11-21,144.97274780273438,179.91000366210938,180.0500030517578,178.86000061035156,178.97000122070312,92841000
2013-11-22,145.69796752929688,180.8099975585937,180.8300018310547,179.77000427246094,179.97999572753906,81296000
2013-11-25,145.55296325683594,180.6300048828125,181.1699981689453,180.3699951171875,181.1300048828125,79486000
2013-11-26,145.5932159423828,180.67999267578125,181.22000122070312,180.4100036621093,180.72000122070312,86994000
2013-11-27,145.94775390625,181.1199951171875,181.2400054931641,180.6499938964844,180.8699951171875,58800000
2013-11-29,145.85108947753906,181.0,181.75,180.8000030517578,181.32000732421875,55870900
2013-12-02,145.4723358154297,180.52999877929688,181.42999267578125,180.25,181.08999633789065,99726000
2013-12-03,144.84381103515625,179.75,180.38999938964844,179.1699981689453,179.94000244140625,116563000
2013-12-04,144.8276824951172,179.72999572753906,180.47999572753903,178.35000610351562,179.10000610351562,123033000
2013-12-05,144.19113159179688,178.94000244140625,179.74000549316406,178.77000427246094,179.41000366210938,106934000
2013-12-06,145.80271911621094,180.94000244140625,181.1100006103516,180.1499938964844,180.6699981689453,127728000
2013-12-09,146.1734161376953,181.3999938964844,181.6699981689453,181.1600036621093,181.47000122070312,70124000
2013-12-10,145.64962768554688,180.75,181.3600006103516,180.63999938964844,180.97999572753903,80976000
2013-12-11,144.01380920410156,178.72000122070312,180.8500061035156,178.5,180.82000732421875,130591000
2013-12-12,143.5384521484375,178.1300048828125,178.86000061035156,177.75999450683594,178.63999938964844,115565000
2013-12-13,143.52235412597656,178.11000061035156,178.66000366210938,177.77000427246094,178.5,107808000
2013-12-16,144.4167938232422,179.22000122070312,179.80999755859375,178.89999389648438,178.9499969482422,96195000
2013-12-17,143.95742797851562,178.64999389648438,179.41000366210938,178.25,179.3800048828125,89886000
2013-12-18,146.41517639160156,181.6999969482422,181.72999572753903,177.32000732421875,178.9199981689453,234906000
2013-12-19,146.2459259033203,181.4900054931641,181.6999969482422,180.7100067138672,181.17999267578125,136531200
2013-12-20,147.09657287597656,181.5599975585937,181.9900054931641,180.57000732421875,180.69000244140625,197087000
2013-12-23,147.88253784179688,182.52999877929688,182.63999938964844,182.07000732421875,182.4499969482422,85598000
2013-12-24,148.2065887451172,182.92999267578125,183.009994506836,182.52999877929688,182.5399932861328,45368800
2013-12-26,148.95999145507812,183.8600006103516,183.9600067138672,183.32000732421875,183.33999633789065,63365000
2013-12-27,148.95193481445312,183.8500061035156,184.17999267578125,183.6600036621093,184.1000061035156,61814000
2013-12-30,148.92767333984375,183.82000732421875,184.0200042724609,183.5800018310547,183.8699951171875,56857000
2013-12-31,149.6324920654297,184.69000244140625,184.69000244140625,183.92999267578125,184.07000732421875,86119900
2014-01-02,148.198486328125,182.9199981689453,184.07000732421875,182.47999572753903,183.97999572753903,119636900
2014-01-03,148.17417907714844,182.88999938964844,183.6000061035156,182.6300048828125,183.22999572753903,81390600
2014-01-06,147.7447967529297,182.3600006103516,183.5599975585937,182.0800018310547,183.4900054931641,108028200
2014-01-07,148.65219116210938,183.47999572753903,183.7899932861328,182.9499969482422,183.08999633789065,86144200
2014-01-08,148.68458557128906,183.5200042724609,183.8300018310547,182.88999938964844,183.4499969482422,96582300
2014-01-09,148.7818145751953,183.63999938964844,184.1300048828125,182.8000030517578,184.1100006103516,90683400
2014-01-10,149.18687438964844,184.13999938964844,184.22000122070312,183.009994506836,183.9499969482422,102026400
2014-01-13,147.2019805908203,181.69000244140625,184.17999267578125,181.33999633789065,183.6699981689453,149892000
2014-01-14,148.80612182617188,183.6699981689453,183.7700042724609,181.9499969482422,182.2899932861328,105016100
2014-01-15,149.608154296875,184.6600036621093,184.94000244140625,183.7100067138672,184.1000061035156,98525800
2014-01-16,149.41378784179688,184.4199981689453,184.6600036621093,183.8300018310547,184.27999877929688,72290600
2014-01-17,148.7818145751953,183.63999938964844,184.4499969482422,183.32000732421875,184.1000061035156,107848700
2014-01-21,149.2192840576172,184.17999267578125,184.7700042724609,183.0500030517578,184.6999969482422,88621200
2014-01-22,149.31651306152344,184.3000030517578,184.57000732421875,183.9100036621093,184.4900054931641,61270900
2014-01-23,148.0931396484375,182.7899932861328,183.3999938964844,181.82000732421875,183.3699951171875,132496900
2014-01-24,144.93344116210938,178.88999938964844,181.6600036621093,178.8300018310547,181.6000061035156,208677100
2014-01-27,144.2205047607422,178.00999450683594,179.52000427246094,177.1199951171875,179.05999755859375,180843100
2014-01-28,145.0792999267578,179.07000732421875,179.3000030517578,178.1199951171875,178.13999938964844,110463200
2014-01-29,143.68576049804688,177.35000610351562,178.5500030517578,176.8800048828125,177.5800018310547,216597300
2014-01-30,145.20887756347656,179.22999572753906,179.80999755859375,178.25999450683594,178.8300018310547,118938100
2014-01-31,144.358154296875,178.17999267578125,179.2899932861328,176.9199981689453,177.00999450683594,194677900
2014-02-03,141.10935974121094,174.1699981689453,178.3699951171875,173.8300018310547,177.97000122070312,254837100
2014-02-04,142.0978240966797,175.38999938964844,175.83999633789062,174.11000061035156,174.9499969482422,165012400
2014-02-05,141.9195556640625,175.1699981689453,175.55999755859375,173.7100067138672,174.77999877929688,164230500
2014-02-06,143.7910614013672,177.47999572753906,177.47999572753906,175.22000122070312,175.5800018310547,132877600
2014-02-07,145.57350158691406,179.67999267578125,179.8699951171875,177.72999572753906,178.30999755859375,170787200
2014-02-10,145.84088134765625,180.00999450683594,180.07000732421875,179.2100067138672,179.6999969482422,92218800
2014-02-11,147.4368896484375,181.97999572753903,182.44000244140625,180.0399932861328,180.1600036621093,117814100
2014-02-12,147.5098114013672,182.07000732421875,182.8300018310547,181.7100067138672,182.25,94717700
2014-02-13,148.27134704589844,183.009994506836,183.1999969482422,180.8300018310547,180.83999633789065,100542200
2014-02-14,149.08970642089844,184.0200042724609,184.3600006103516,182.6699981689453,182.83999633789065,96498400
2014-02-18,149.2678985595703,184.2400054931641,184.4900054931641,183.6499938964844,184.17999267578125,80460900
2014-02-19,148.2794647216797,183.0200042724609,184.9499969482422,182.8699951171875,183.759994506836,126524300
2014-02-20,149.154541015625,184.1000061035156,184.5200042724609,182.6000061035156,183.2700042724609,104998100
2014-02-21,148.9842987060547,183.88999938964844,184.88999938964844,183.8000030517578,184.4499969482422,118116400
2014-02-24,149.81076049804688,184.9100036621093,186.1499938964844,184.1999969482422,184.27999877929688,114063900
2014-02-25,149.75399780273438,184.83999633789065,185.58999633789065,184.22999572753903,185.0599975585937,117085000
2014-02-26,149.7621307373047,184.8500061035156,185.6000061035156,184.3300018310547,185.1100006103516,98677200
2014-02-27,150.5479736328125,185.82000732421875,185.8699951171875,184.3699951171875,184.5800018310547,93880800
2014-02-28,150.92880249023438,186.2899932861328,187.1499938964844,185.0500030517578,185.7899932861328,150842000
2014-03-03,149.86741638183594,184.97999572753903,185.4499969482422,183.75,184.6499938964844,167748500
2014-03-04,151.97389221191406,187.5800018310547,187.97999572753903,186.75,186.7899932861328,167545900
2014-03-05,152.11163330078125,187.75,188.07000732421875,187.4499969482422,187.7400054931641,88376900
2014-03-06,152.4600067138672,188.17999267578125,188.6100006103516,187.77999877929688,188.2100067138672,82516500
2014-03-07,152.52488708496094,188.259994506836,188.9600067138672,187.42999267578125,188.9600067138672,114513500
2014-03-10,152.44384765625,188.1600036621093,188.22999572753903,187.0800018310547,187.97000122070312,74939200
2014-03-11,151.6903533935547,187.22999572753903,188.7100067138672,186.8000030517578,188.44000244140625,99009100
2014-03-12,151.73086547851562,187.27999877929688,187.3500061035156,185.8999938964844,186.32000732421875,104824400
2014-03-13,150.02944946289062,185.17999267578125,187.9900054931641,184.6600036621093,187.83999633789065,155014300
2014-03-14,149.608154296875,184.6600036621093,185.8000030517578,184.44000244140625,184.8500061035156,153919600
2014-03-17,150.96119689941406,186.3300018310547,186.7700042724609,185.509994506836,185.58999633789065,98359500
2014-03-18,152.0387420654297,187.6600036621093,187.9100036621093,186.509994506836,186.7100067138672,101804600
2014-03-19,151.22853088378906,186.6600036621093,187.94000244140625,185.47000122070312,187.67999267578125,176267300
2014-03-20,152.11163330078125,187.75,187.88999938964844,185.9199981689453,186.25,117241000
2014-03-21,151.52162170410156,186.1999969482422,189.0200042724609,186.02999877929688,187.7100067138672,163128000
2014-03-24,150.8950653076172,185.42999267578125,187.07000732421875,184.6199951171875,186.83999633789065,121411000
2014-03-25,151.61117553710938,186.3099975585937,186.94000244140625,185.2700042724609,186.3699951171875,103852000
2014-03-26,150.52078247070312,184.97000122070312,187.33999633789065,184.9199981689453,187.0399932861328,119843000
2014-03-27,150.203369140625,184.5800018310547,185.33999633789065,183.8999938964844,184.75,142383000
2014-03-28,150.9439697265625,185.4900054931641,186.4199981689453,185.0,185.1100006103516,101642000
2014-03-31,152.18084716796875,187.009994506836,187.3000030517578,185.5200042724609,186.6699981689453,99745000
2014-04-01,153.1898956298828,188.25,188.3600006103516,187.0,187.6199951171875,89193000
2014-04-02,153.7025146484375,188.8800048828125,189.1300048828125,188.13999938964844,188.4900054931641,78774000
2014-04-03,153.49911499023438,188.6300048828125,189.22000122070312,188.0500030517578,189.1699981689453,77435000
2014-04-04,151.68443298339844,186.3999938964844,189.6999969482422,186.1000061035156,189.6600036621093,169381000
2014-04-07,150.00808715820312,184.33999633789065,186.259994506836,183.9600067138672,185.9499969482422,140803000
2014-04-08,150.6265411376953,185.1000061035156,185.3999938964844,183.58999633789065,184.259994506836,112660000
2014-04-09,152.24586486816406,187.08999633789065,187.1499938964844,185.0599975585937,185.6000061035156,100254000
2014-04-10,149.0478515625,183.1600036621093,187.1699981689453,182.92999267578125,187.0800018310547,172959000
2014-04-11,147.7051239013672,181.509994506836,183.4199981689453,181.3099975585937,182.13999938964844,167251000
2014-04-14,148.8688201904297,182.94000244140625,183.3699951171875,181.44000244140625,182.92999267578125,132382000
2014-04-15,149.8941650390625,184.1999969482422,184.3300018310547,181.509994506836,183.32000732421875,157093000
2014-04-16,151.4647216796875,186.1300048828125,186.13999938964844,184.6499938964844,185.47000122070312,105197000
2014-04-17,151.6763153076172,186.38999938964844,186.9100036621093,185.5599975585937,185.8800048828125,105255000
2014-04-21,152.20523071289062,187.0399932861328,187.1000061035156,186.2100067138672,186.44000244140625,68329000
2014-04-22,152.8969268798828,187.88999938964844,188.3999938964844,187.1300048828125,187.22999572753903,85790000
2014-04-23,152.53887939453125,187.4499969482422,187.9199981689453,187.3000030517578,187.82000732421875,73869000
2014-04-24,152.84811401367188,187.8300018310547,188.38999938964844,186.92999267578125,188.3699951171875,88170000
2014-04-25,151.5949249267578,186.2899932861328,187.3300018310547,185.8699951171875,187.22000122070312,100380000
2014-04-28,152.07501220703125,186.8800048828125,187.69000244140625,184.9600067138672,187.0500030517578,135121000
2014-04-29,152.78298950195312,187.75,188.0399932861328,187.0800018310547,187.47999572753903,84098000
2014-04-30,153.2387237548828,188.3099975585937,188.5,187.17999267578125,187.44000244140625,101508000
2014-05-01,153.2550048828125,188.3300018310547,188.83999633789065,187.72999572753903,188.22000122070312,93019000
2014-05-02,153.03526306152344,188.0599975585937,189.13999938964844,187.77999877929688,188.3099975585937,98122000
2014-05-05,153.32823181152344,188.4199981689453,188.5500030517578,186.6199951171875,187.13999938964844,75883000
2014-05-06,151.99368286132812,186.77999877929688,188.1300048828125,186.7400054931641,188.0,85454000
2014-05-07,152.88880920410156,187.8800048828125,187.97000122070312,186.009994506836,187.4100036621093,106500000
2014-05-08,152.7260284423828,187.67999267578125,189.0500030517578,187.0800018310547,187.7100067138672,93618000
2014-05-09,152.95388793945312,187.9600067138672,188.0399932861328,186.8300018310547,187.7100067138672,83679000
2014-05-12,154.44308471679688,189.7899932861328,189.8800048828125,188.0,188.8000030517578,86940000
2014-05-13,154.58140563964844,189.9600067138672,190.4199981689453,189.7700042724609,190.0399932861328,66454000
2014-05-14,153.8490447998047,189.0599975585937,189.8800048828125,188.7899932861328,189.7899932861328,72367000
2014-05-15,152.4981689453125,187.3999938964844,188.72000122070312,186.47999572753903,188.67999267578125,154956000
2014-05-16,153.02719116210938,188.0500030517578,188.1300048828125,186.72000122070312,187.509994506836,97458000
2014-05-19,153.58863830566406,188.7400054931641,188.88999938964844,187.5200042724609,187.69000244140625,63839000
2014-05-20,152.62025451660156,187.5500030517578,188.6699981689453,187.07000732421875,188.6499938964844,111644000
2014-05-21,153.90599060058594,189.1300048828125,189.22000122070312,188.0599975585937,188.08999633789065,89093000
2014-05-22,154.28028869628906,189.58999633789065,189.97999572753903,188.8600006103516,189.17999267578125,61549000
2014-05-23,154.8988037109375,190.3500061035156,190.47999572753903,189.58999633789065,189.759994506836,61092800
2014-05-27,155.8508758544922,191.5200042724609,191.5800018310547,190.9499969482422,191.0599975585937,72010000
2014-05-28,155.7369384765625,191.3800048828125,191.82000732421875,191.0599975585937,191.5200042724609,66723000
2014-05-29,156.5425262451172,192.3699951171875,192.3999938964844,191.3300018310547,191.82000732421875,64377000
2014-05-30,156.7947998046875,192.67999267578125,192.8000030517578,192.02999877929688,192.19000244140625,76316000
2014-06-02,156.97384643554688,192.8999938964844,192.9900054931641,191.97000122070312,192.9499969482422,64656000
2014-06-03,156.89242553710938,192.8000030517578,192.8999938964844,192.25,192.42999267578125,65047000
2014-06-04,157.20982360839844,193.19000244140625,193.3000030517578,192.2700042724609,192.47000122070312,55529000
2014-06-05,158.23516845703125,194.4499969482422,194.6499938964844,192.6999969482422,193.4100036621093,92103000
2014-06-06,158.9919891357422,195.3800048828125,195.42999267578125,194.77999877929688,194.8699951171875,78696000
2014-06-09,159.15467834472656,195.5800018310547,196.0500030517578,195.1699981689453,195.3500061035156,65119000
2014-06-10,159.1709747314453,195.6000061035156,195.63999938964844,194.9199981689453,195.33999633789065,57129000
2014-06-11,158.6175994873047,194.9199981689453,195.1199951171875,194.47999572753903,194.8999938964844,68772000
2014-06-12,157.49465942382812,193.5399932861328,194.8000030517578,193.1100006103516,194.69000244140625,106350000
2014-06-13,157.97471618652344,194.1300048828125,194.32000732421875,193.3000030517578,193.9199981689453,82017000
2014-06-16,158.10494995117188,194.2899932861328,194.6999969482422,193.6600036621093,193.88999938964844,87424000
2014-06-17,158.5443572998047,194.8300018310547,194.97000122070312,193.8099975585937,194.0200042724609,84834000
2014-06-18,159.70816040039062,196.259994506836,196.3699951171875,194.3999938964844,194.8300018310547,105267000
2014-06-19,159.8870849609375,196.47999572753903,196.6000061035156,195.8000030517578,196.42999267578125,85929000
2014-06-20,160.21170043945312,195.94000244140625,196.1000061035156,195.6999969482422,196.02999877929688,100587000
2014-06-23,160.16265869140625,195.8800048828125,196.0500030517578,195.5200042724609,195.9900054931641,70611000
2014-06-24,159.1978302001953,194.6999969482422,196.5,194.47999572753903,195.52999877929688,96237000
2014-06-25,159.91732788085938,195.5800018310547,195.77999877929688,194.25,194.2899932861328,82782000
2014-06-26,159.80287170410156,195.44000244140625,195.6300048828125,194.1300048828125,195.6100006103516,84312000
2014-06-27,160.11358642578125,195.82000732421875,195.8800048828125,194.88999938964844,194.97999572753903,71445100
2014-06-30,160.03182983398438,195.72000122070312,196.1699981689453,195.52999877929688,195.6999969482422,70201200
2014-07-01,161.10296630859375,197.02999877929688,197.6300048828125,196.1300048828125,196.1999969482422,90470000
2014-07-02,161.26649475097656,197.22999572753903,197.47999572753903,196.9600067138672,197.0500030517578,52475000
2014-07-03,162.05960083007812,198.1999969482422,198.2899932861328,197.63999938964844,197.7899932861328,52938800
2014-07-07,161.4954376220703,197.509994506836,197.97999572753903,197.22000122070312,197.82000732421875,61696000
2014-07-08,160.45704650878906,196.2400054931641,197.22000122070312,195.759994506836,197.1499938964844,108143000
2014-07-09,161.176513671875,197.1199951171875,197.3000030517578,196.3099975585937,196.72999572753903,72992000
2014-07-10,160.5387725830078,196.33999633789065,196.8600006103516,195.0599975585937,195.22000122070312,99040000
2014-07-11,160.7595672607422,196.6100006103516,196.75,195.77999877929688,196.22000122070312,64243000
2014-07-14,161.56898498535156,197.6000061035156,197.8600006103516,197.44000244140625,197.6100006103516,58658000
2014-07-15,161.26649475097656,197.22999572753903,198.1000061035156,196.3600006103516,197.72000122070312,111307000
2014-07-16,161.86337280273438,197.9600067138672,198.259994506836,197.4199981689453,198.1100006103516,79986400
2014-07-17,160.0236358642578,195.7100067138672,198.1000061035156,195.42999267578125,197.3500061035156,145398000
2014-07-18,161.6590118408203,197.7100067138672,197.9100036621093,196.2400054931641,196.3500061035156,124330000
2014-07-21,161.35641479492188,197.33999633789065,197.5,196.42999267578125,197.08999633789065,67592000
2014-07-22,162.05960083007812,198.1999969482422,198.5599975585937,197.8699951171875,198.009994506836,67678000
2014-07-23,162.4193878173828,198.63999938964844,198.8500061035156,198.1000061035156,198.5,65612000
2014-07-24,162.4275360107422,198.6499938964844,199.0599975585937,198.4499969482422,198.8300018310547,56888000
2014-07-25,161.66712951660156,197.72000122070312,198.259994506836,197.3300018310547,198.08999633789065,76837000
2014-07-28,161.73257446289062,197.8000030517578,198.08999633789065,196.6199951171875,197.759994506836,69259000
2014-07-29,161.03756713867188,196.9499969482422,198.4499969482422,196.9199981689453,198.1699981689453,80466000
2014-07-30,161.06207275390625,196.97999572753903,197.9100036621093,196.1600036621093,197.6499938964844,104222000
2014-07-31,157.88140869140625,193.08999633789065,195.77999877929688,192.97000122070312,195.6100006103516,183479000
2014-08-01,157.3989715576172,192.5,193.759994506836,191.57000732421875,192.5599975585937,189261000
2014-08-04,158.53550720214844,193.88999938964844,194.3000030517578,192.0500030517578,192.8699951171875,91340000
2014-08-05,156.9983367919922,192.009994506836,193.6000061035156,191.3099975585937,193.1000061035156,152690000
2014-08-06,157.04734802246094,192.07000732421875,192.88999938964844,191.0800018310547,191.1100006103516,94818000
2014-08-07,156.197021484375,191.02999877929688,193.1300048828125,190.5500030517578,192.94000244140625,135733000
2014-08-08,158.0040740966797,193.2400054931641,193.3699951171875,190.9499969482422,191.4600067138672,117014000
2014-08-11,158.46194458007812,193.8000030517578,194.6600036621093,193.7100067138672,193.97000122070312,74544000
2014-08-12,158.24110412597656,193.52999877929688,194.1499938964844,192.94000244140625,193.6100006103516,73632000
2014-08-13,159.31227111816406,194.83999633789065,195.0599975585937,193.9600067138672,194.2899932861328,69047000
2014-08-14,160.0645294189453,195.759994506836,195.759994506836,194.97999572753903,195.1600036621093,57371000
2014-08-15,160.03182983398438,195.72000122070312,196.6499938964844,194.3099975585937,196.47000122070312,139951000
2014-08-18,161.3727569580078,197.3600006103516,197.4499969482422,196.69000244140625,196.8000030517578,75424000
2014-08-19,162.21493530273438,198.38999938964844,198.5399932861328,197.44000244140625,197.83999633789065,59135000
2014-08-20,162.64834594726562,198.9199981689453,199.1600036621093,198.0800018310547,198.1199951171875,72763000
2014-08-21,163.12249755859375,199.5,199.759994506836,198.92999267578125,199.08999633789065,67791000
2014-08-22,162.8690948486328,199.19000244140625,199.69000244140625,198.7400054931641,199.33999633789065,76107000
2014-08-25,163.69496154785156,200.1999969482422,200.58999633789065,199.1499938964844,200.13999938964844,63855000
2014-08-26,163.80126953125,200.3300018310547,200.82000732421875,200.27999877929688,200.3300018310547,47298000
2014-08-27,163.73585510253906,200.25,200.57000732421875,199.94000244140625,200.42999267578125,47874000
2014-08-28,163.64585876464844,200.13999938964844,200.2700042724609,199.38999938964844,199.58999633789065,58330000
2014-08-29,164.1118927001953,200.7100067138672,200.72999572753903,199.82000732421875,200.4499969482422,65907000
2014-09-02,164.03016662597656,200.6100006103516,201.0,199.8600006103516,200.97000122070312,72426000
2014-09-03,163.94024658203125,200.5,201.4100036621093,200.22000122070312,201.3800048828125,57462000
2014-09-04,163.7030792236328,200.2100067138672,201.5800018310547,199.6600036621093,200.83999633789065,85236000
2014-09-05,164.43902587890625,201.1100006103516,201.19000244140625,199.4100036621093,200.1699981689453,102177000
2014-09-08,164.0137939453125,200.58999633789065,201.2100067138672,200.0,200.9199981689453,64146000
2014-09-09,162.97540283203125,199.32000732421875,200.5500030517578,198.9100036621093,200.4100036621093,88591000
2014-09-10,163.5886688232422,200.07000732421875,200.1999969482422,198.7700042724609,199.42999267578125,67251000
2014-09-11,163.7766571044922,200.3000030517578,200.3300018310547,199.1199951171875,199.2700042724609,66774400
2014-09-12,162.8200225830078,199.1300048828125,200.1199951171875,198.5599975585937,200.1000061035156,117409300
2014-09-15,162.6974334716797,198.97999572753903,199.32000732421875,198.3800048828125,199.1600036621093,76401000
2014-09-16,163.9238739013672,200.47999572753903,200.83999633789065,198.5,198.6100006103516,116201000
2014-09-17,164.14463806152344,200.75,201.67999267578125,199.75,200.7700042724609,151266000
2014-09-18,165.01954650878906,201.82000732421875,201.8500061035156,201.1000061035156,201.3600006103516,94990000
2014-09-19,164.87083435058594,200.6999969482422,201.8999938964844,200.2899932861328,201.5200042724609,121649000
2014-09-22,163.59756469726562,199.1499938964844,200.3800048828125,198.72999572753903,200.3500061035156,125553000
2014-09-23,162.6610565185547,198.009994506836,199.259994506836,197.9499969482422,198.42999267578125,111393000
2014-09-24,163.9344024658203,199.5599975585937,199.69000244140625,197.5200042724609,198.0399932861328,107276000
2014-09-25,161.28916931152344,196.33999633789065,199.0500030517578,196.2700042724609,199.0399932861328,150300000
2014-09-26,162.5706787109375,197.8999938964844,198.38999938964844,196.4199981689453,196.6999969482422,103547000
2014-09-29,162.27500915527344,197.5399932861328,197.88999938964844,196.0500030517578,196.1999969482422,95112000
2014-09-30,161.8478240966797,197.0200042724609,198.3000030517578,196.6100006103516,197.69000244140625,131302000
2014-10-01,159.6544952392578,194.3500061035156,196.7700042724609,193.9100036621093,196.6999969482422,177798000
2014-10-02,159.67910766601562,194.3800048828125,195.0599975585937,192.3500061035156,194.17999267578125,157285000
2014-10-03,161.43707275390625,196.5200042724609,196.94000244140625,195.0800018310547,195.67999267578125,121569000
2014-10-06,161.2481231689453,196.2899932861328,197.6000061035156,195.5800018310547,197.33999633789065,104778000
2014-10-07,158.759033203125,193.259994506836,195.72000122070312,193.22000122070312,195.27999877929688,147913000
2014-10-08,161.53561401367188,196.63999938964844,196.9199981689453,192.3600006103516,193.3699951171875,186461000
2014-10-09,158.3319091796875,192.7400054931641,196.6000061035156,192.5800018310547,196.3300018310547,210705000
2014-10-10,156.52456665039062,190.5399932861328,193.6499938964844,190.4900054931641,192.69000244140625,221909000
2014-10-13,153.95339965820312,187.4100036621093,191.1499938964844,187.3000030517578,190.4600067138672,230939000
2014-10-14,154.1916046142578,187.6999969482422,189.82000732421875,187.0399932861328,188.4199981689453,215847000
2014-10-15,153.14833068847656,186.42999267578125,187.69000244140625,181.9199981689453,185.1600036621093,380715000
2014-10-16,153.01690673828125,186.2700042724609,187.5800018310547,182.88999938964844,183.0599975585937,270391000
2014-10-17,154.82412719726562,188.47000122070312,189.75,187.6199951171875,188.4199981689453,214625000
2014-10-20,156.32749938964844,190.3000030517578,190.4499969482422,188.07000732421875,188.1300048828125,130011000
2014-10-21,159.4244842529297,194.07000732421875,194.1999969482422,191.47999572753903,191.67999267578125,154949000
2014-10-22,158.2908172607422,192.69000244140625,194.9100036621093,192.6100006103516,194.4100036621093,151822000
2014-10-23,160.13088989257812,194.92999267578125,196.1999969482422,194.259994506836,194.6199951171875,154944000
2014-10-24,161.36309814453125,196.42999267578125,196.4900054931641,194.4900054931641,195.25,117927000
2014-10-27,161.14134216308594,196.1600036621093,196.4499969482422,195.02999877929688,195.72999572753903,82954000
2014-10-28,162.98965454101562,198.4100036621093,198.4199981689453,196.72999572753903,196.82000732421875,106736000
2014-10-29,162.74322509765625,198.1100006103516,199.1199951171875,196.8000030517578,198.5500030517578,142557000
2014-10-30,163.78648376464844,199.3800048828125,199.9499969482422,197.3999938964844,197.5800018310547,113330000
2014-10-31,165.6594696044922,201.6600036621093,201.82000732421875,200.7700042724609,201.77999877929688,146903000
2014-11-03,165.74986267089844,201.7700042724609,202.4499969482422,201.3099975585937,201.9199981689453,93600000
2014-11-04,165.1747589111328,201.07000732421875,201.6000061035156,200.0599975585937,201.22999572753903,93343000
2014-11-05,166.21807861328125,202.33999633789065,202.58999633789065,201.4499969482422,202.5399932861328,91709000
2014-11-06,166.8834686279297,203.1499938964844,203.259994506836,201.63999938964844,202.38999938964844,107089000
2014-11-07,167.03953552246094,203.33999633789065,203.6000061035156,202.6100006103516,203.1699981689453,89540000
2014-11-10,167.56527709960938,203.97999572753903,204.0399932861328,203.1300048828125,203.3800048828125,66319000
2014-11-11,167.72959899902344,204.17999267578125,204.3099975585937,203.6499938964844,204.0599975585937,54499400
2014-11-12,167.5488739013672,203.9600067138672,204.2400054931641,203.3099975585937,203.3500061035156,90120300
2014-11-13,167.73782348632812,204.19000244140625,204.8300018310547,203.2100067138672,204.1600036621093,85357900
2014-11-14,167.77890014648438,204.2400054931641,204.4900054931641,203.72000122070312,204.1000061035156,80417500
2014-11-17,167.88565063476562,204.3699951171875,204.5800018310547,203.6499938964844,203.8500061035156,80441000
2014-11-18,168.85499572753906,205.5500030517578,205.9199981689453,204.44000244140625,204.44000244140625,76068100
2014-11-19,168.58392333984375,205.22000122070312,205.5500030517578,204.3000030517578,205.3099975585937,82373000
2014-11-20,168.87962341308594,205.5800018310547,205.7100067138672,204.17999267578125,204.259994506836,72840300
2014-11-21,169.78323364257812,206.67999267578125,207.83999633789065,205.97999572753903,207.63999938964844,142327300
2014-11-24,170.25975036621094,207.259994506836,207.38999938964844,206.9100036621093,207.1699981689453,65880800
2014-11-25,170.1365509033203,207.1100006103516,207.7899932861328,206.8000030517578,207.5399932861328,79108300
2014-11-26,170.57196044921875,207.63999938964844,207.759994506836,207.02999877929688,207.2899932861328,62167800
2014-11-28,170.21046447753906,207.1999969482422,207.8699951171875,206.9100036621093,207.4900054931641,57890100
2014-12-01,169.0275421142578,205.759994506836,206.5399932861328,205.3800048828125,206.3999938964844,103968400
2014-12-02,170.12008666992188,207.08999633789065,207.33999633789065,205.77999877929688,205.8099975585937,74507200
2014-12-03,170.7772674560547,207.88999938964844,208.1499938964844,207.1000061035156,207.3000030517578,68952000
2014-12-04,170.58837890625,207.6600036621093,208.2700042724609,206.6999969482422,207.5399932861328,91316600
2014-12-05,170.8675994873047,208.0,208.47000122070312,207.5500030517578,207.8699951171875,91025500
2014-12-08,169.72576904296875,206.6100006103516,208.1199951171875,205.92999267578125,207.5200042724609,108588200
2014-12-09,169.6107635498047,206.47000122070312,206.6000061035156,203.9100036621093,204.3699951171875,125180100
2014-12-10,166.89170837402344,203.1600036621093,205.97999572753903,202.92999267578125,205.9100036621093,159856400
2014-12-11,167.73782348632812,204.19000244140625,206.19000244140625,203.7100067138672,203.8800048828125,159012800
2014-12-12,165.02694702148438,200.88999938964844,203.82000732421875,200.8500061035156,202.63999938964844,202330200
2014-12-15,163.89328002929688,199.509994506836,202.52999877929688,198.77999877929688,201.97999572753903,189965800
2014-12-16,162.57894897460938,197.9100036621093,202.3999938964844,197.8600006103516,198.5800018310547,259543800
2014-12-17,165.76629638671875,201.7899932861328,202.33999633789065,198.2899932861328,198.44000244140625,253910100
2014-12-18,169.8654327392578,206.77999877929688,212.97000122070312,203.9199981689453,204.7400054931641,257633900
2014-12-19,170.5882110595703,206.5200042724609,207.3300018310547,205.6100006103516,206.42999267578125,245084600
2014-12-22,171.37289428710938,207.47000122070312,207.47000122070312,206.4600067138672,206.75,148318900
2014-12-23,171.6041717529297,207.75,208.22999572753903,207.3999938964844,208.1699981689453,122167900
2014-12-24,171.6207275390625,207.7700042724609,208.33999633789065,207.72000122070312,208.0200042724609,42963400
2014-12-26,172.1741180419922,208.44000244140625,208.8500061035156,208.25,208.3099975585937,57326700
2014-12-29,172.4054718017578,208.72000122070312,208.97000122070312,208.13999938964844,208.22000122070312,79643900
2014-12-30,171.4802703857422,207.6000061035156,208.3699951171875,207.509994506836,208.2100067138672,73540800
2014-12-31,169.77870178222656,205.5399932861328,208.19000244140625,205.38999938964844,207.9900054931641,130333800
2015-01-02,169.6878662109375,205.42999267578125,206.8800048828125,204.17999267578125,206.3800048828125,121465900
2015-01-05,166.6233367919922,201.72000122070312,204.3699951171875,201.3500061035156,204.1699981689453,169632600
2015-01-06,165.05389404296875,199.82000732421875,202.72000122070312,198.8600006103516,202.08999633789065,209151400
2015-01-07,167.1106719970703,202.3099975585937,202.72000122070312,200.8800048828125,201.4199981689453,125346700
2015-01-08,170.0760498046875,205.8999938964844,206.1600036621093,203.9900054931641,204.009994506836,147217800
2015-01-09,168.71316528320312,204.25,206.4199981689453,203.509994506836,206.3999938964844,158567300
2015-01-12,167.39154052734375,202.6499938964844,204.6000061035156,201.9199981689453,204.4100036621093,144396100
2015-01-13,166.92068481445312,202.0800018310547,205.47999572753903,200.509994506836,204.1199951171875,214553300
2015-01-14,165.9129638671875,200.8600006103516,201.1000061035156,198.57000732421875,199.6499938964844,192991100
2015-01-15,164.39309692382812,199.0200042724609,202.009994506836,198.8800048828125,201.6300048828125,176613900
2015-01-16,166.54896545410156,201.6300048828125,201.82000732421875,198.5500030517578,198.7700042724609,211879600
2015-01-20,166.90415954589844,202.0599975585937,202.72000122070312,200.1699981689453,202.3999938964844,130991100
2015-01-21,167.74668884277344,203.0800018310547,203.6600036621093,200.94000244140625,201.5,122942700
2015-01-22,170.24130249023438,206.1000061035156,206.259994506836,202.3300018310547,203.9900054931641,174356000
2015-01-23,169.30792236328125,204.97000122070312,206.1000061035156,204.8099975585937,205.7899932861328,117516800
2015-01-26,169.7043914794922,205.4499969482422,205.5599975585937,203.8500061035156,204.7100067138672,92009700
2015-01-27,167.46588134765625,202.7400054931641,204.1199951171875,201.7400054931641,202.97000122070312,134044600
2015-01-28,165.31829833984375,200.13999938964844,204.2899932861328,199.9100036621093,204.1699981689453,168514300
2015-01-29,166.8463897705078,201.9900054931641,202.3000030517578,198.67999267578125,200.3800048828125,173585400
2015-01-30,164.74832153320312,199.4499969482422,202.1699981689453,199.1300048828125,200.57000732421875,197729700
2015-02-02,166.78855895996094,201.9199981689453,202.02999877929688,197.8600006103516,200.0500030517578,163107000
2015-02-03,169.20050048828125,204.83999633789065,204.8500061035156,202.5500030517578,203.0,124212900
2015-02-04,168.55618286132812,204.0599975585937,205.3800048828125,203.509994506836,203.9199981689453,134306700
2015-02-05,170.25779724121094,206.1199951171875,206.3000030517578,204.7700042724609,204.8600006103516,97953200
2015-02-06,169.7869415283203,205.5500030517578,207.2400054931641,204.9199981689453,206.5599975585937,125672000
2015-02-09,169.0270233154297,204.6300048828125,205.63999938964844,204.13999938964844,204.7700042724609,87219000
2015-02-10,170.82777404785156,206.8099975585937,207.1199951171875,204.67999267578125,205.8800048828125,96164200
2015-02-11,170.92686462402344,206.92999267578125,207.4499969482422,205.8300018310547,206.6100006103516,91087800
2015-02-12,172.5706329345703,208.9199981689453,208.9900054931641,206.97000122070312,207.88999938964844,97545900
2015-02-13,173.28099060058594,209.77999877929688,209.83999633789065,208.759994506836,209.07000732421875,93670400
2015-02-17,173.55361938476562,210.1100006103516,210.32000732421875,209.1000061035156,209.3999938964844,76968200
2015-02-18,173.57012939453125,210.1300048828125,210.22000122070312,209.33999633789065,209.6600036621093,80652900
2015-02-19,173.44619750976562,209.97999572753903,210.4199981689453,209.2400054931641,209.4100036621093,91462500
2015-02-20,174.48699951171875,211.2400054931641,211.3300018310547,208.72999572753903,209.47999572753903,140896400
2015-02-23,174.46218872070312,211.2100067138672,211.2100067138672,210.47999572753903,210.94000244140625,74411100
2015-02-24,174.95782470703125,211.8099975585937,212.0500030517578,210.759994506836,211.1199951171875,72472300
2015-02-25,174.8091278076172,211.6300048828125,212.2400054931641,211.22000122070312,211.6600036621093,73061700
2015-02-26,174.60263061523438,211.3800048828125,211.7100067138672,210.6499938964844,211.5200042724609,72697900
2015-02-27,174.00787353515625,210.6600036621093,211.5800018310547,210.6000061035156,211.259994506836,108076000
2015-03-02,175.10647583007812,211.9900054931641,212.0599975585937,210.72000122070312,210.77999877929688,87491400
2015-03-03,174.3878631591797,211.1199951171875,212.0500030517578,210.0800018310547,211.47000122070312,110325800
2015-03-04,173.65267944335938,210.22999572753903,210.4900054931641,209.0599975585937,210.3999938964844,114497200
2015-03-05,173.8427276611328,210.4600067138672,210.8000030517578,209.8500061035156,210.6199951171875,76873000
2015-03-06,171.39773559570312,207.5,209.94000244140625,207.1000061035156,209.4199981689453,188128000
2015-03-09,172.1080780029297,208.3600006103516,208.7899932861328,207.5500030517578,207.7400054931641,89818900
2015-03-10,169.31613159179688,204.97999572753903,206.8099975585937,204.92999267578125,206.7100067138672,157121300
2015-03-11,168.91969299316406,204.5,205.5,204.3999938964844,205.2899932861328,110145700
2015-03-12,171.06724548339844,207.1000061035156,207.17999267578125,205.1999969482422,205.259994506836,93993500
2015-03-13,170.0182647705078,205.8300018310547,207.92999267578125,204.5800018310547,206.7700042724609,162410900
2015-03-16,172.28977966308594,208.5800018310547,208.69000244140625,205.8600006103516,206.7100067138672,136099200
2015-03-17,171.77764892578125,207.9600067138672,208.4199981689453,206.97999572753903,207.69000244140625,94510400
2015-03-18,173.8427276611328,210.4600067138672,211.2700042724609,206.6199951171875,207.38999938964844,228808500
2015-03-19,173.0496826171875,209.5,210.47000122070312,209.02999877929688,209.9600067138672,117917300
2015-03-20,174.5772247314453,210.4100036621093,211.0200042724609,209.4900054931641,209.7100067138672,177715100
2015-03-23,174.23704528808594,210.0,211.1100006103516,210.0,210.4199981689453,71784500
2015-03-24,173.25796508789062,208.82000732421875,210.3999938964844,208.7400054931641,209.8500061035156,77805300
2015-03-25,170.71910095214844,205.759994506836,209.3500061035156,205.7100067138672,209.07000732421875,159521700
2015-03-26,170.3125,205.2700042724609,206.3699951171875,204.1199951171875,204.9600067138672,153067200
2015-03-27,170.7025146484375,205.7400054931641,205.9499969482422,204.8999938964844,205.1300048828125,118939000
2015-03-30,172.78506469726562,208.25,208.6100006103516,206.9600067138672,206.97999572753903,96180400
2015-03-31,171.2749786376953,206.42999267578125,208.1000061035156,206.3600006103516,207.259994506836,126768700
2015-04-01,170.6693115234375,205.6999969482422,206.4199981689453,204.509994506836,206.38999938964844,137303600
2015-04-02,171.28335571289062,206.44000244140625,206.97999572753903,205.3999938964844,205.6199951171875,86900900
2015-04-06,172.43655395507812,207.8300018310547,208.4499969482422,205.2100067138672,205.3699951171875,114368200
2015-04-07,171.98025512695312,207.27999877929688,208.759994506836,207.2400054931641,207.8600006103516,81236300
2015-04-08,172.56100463867188,207.97999572753903,208.509994506836,207.0800018310547,207.5500030517578,89351900
2015-04-09,173.32431030273438,208.8999938964844,209.17999267578125,207.19000244140625,207.77999877929688,85548900
2015-04-10,174.27023315429688,210.0399932861328,210.08999633789065,208.9600067138672,209.1999969482422,72722900
2015-04-13,173.48204040527344,209.08999633789065,210.6300048828125,209.02999877929688,209.8699951171875,74436600
2015-04-14,173.8139190673828,209.4900054931641,209.7100067138672,208.1000061035156,208.8500061035156,75099900
2015-04-15,174.59376525878906,210.42999267578125,211.0399932861328,209.9499969482422,210.0500030517578,99529300
2015-04-16,174.54397583007812,210.3699951171875,210.97999572753903,209.7899932861328,210.02999877929688,68934900
2015-04-17,172.53616333007812,207.9499969482422,209.22999572753903,207.009994506836,208.94000244140625,191113200
2015-04-20,174.11260986328125,209.8500061035156,210.25,208.9600067138672,209.0599975585937,92189500
2015-04-21,173.9051513671875,209.6000061035156,210.8600006103516,209.2400054931641,210.6699981689453,72559800
2015-04-22,174.75979614257812,210.6300048828125,210.8500061035156,208.8999938964844,210.009994506836,78264600
2015-04-23,175.19944763183594,211.1600036621093,211.94000244140625,210.009994506836,210.1499938964844,102585900
2015-04-24,175.6060333251953,211.6499938964844,211.97000122070312,211.1100006103516,211.6600036621093,61327400
2015-04-27,174.8759307861328,210.7700042724609,212.47999572753903,210.5399932861328,212.3300018310547,79358100
2015-04-28,175.43179321289062,211.44000244140625,211.5,209.3300018310547,210.7400054931641,86863500
2015-04-29,174.70997619628906,210.57000732421875,211.2899932861328,209.6000061035156,210.3699951171875,125684900
2015-04-30,172.95928955078125,208.4600067138672,210.3500061035156,207.6199951171875,209.8800048828125,161304900
2015-05-01,174.8343963623047,210.72000122070312,210.7700042724609,209.27999877929688,209.3999938964844,103399700
2015-05-04,175.33221435546875,211.32000732421875,212.0200042724609,211.1000061035156,211.22999572753903,70927200
2015-05-05,173.32431030273438,208.8999938964844,211.4600067138672,208.72999572753903,211.02999877929688,113326200
2015-05-06,172.6107940673828,208.0399932861328,209.92999267578125,206.759994506836,209.5599975585937,135060200
2015-05-07,173.29945373535156,208.8699951171875,209.3800048828125,207.5200042724609,207.9199981689453,88244900
2015-05-08,175.5811004638672,211.6199951171875,211.8600006103516,210.77999877929688,210.8800048828125,155877300
2015-05-11,174.74314880371094,210.6100006103516,211.88999938964844,210.5200042724609,211.57000732421875,75708100
2015-05-12,174.2204132080078,209.97999572753903,210.6300048828125,208.6199951171875,209.6100006103516,119727600
2015-05-13,174.2536163330078,210.0200042724609,211.22000122070312,209.7400054931641,210.47000122070312,94667900
2015-05-14,176.07066345214844,212.2100067138672,212.32000732421875,210.9100036621093,211.2400054931641,95934000
2015-05-15,176.26150512695312,212.44000244140625,212.6100006103516,211.8600006103516,212.44000244140625,76510100
2015-05-18,176.80909729003906,213.1000061035156,213.3999938964844,212.1600036621093,212.2400054931641,74549700
2015-05-19,176.7509765625,213.02999877929688,213.57000732421875,212.69000244140625,213.2400054931641,72114600
2015-05-20,176.62655639648438,212.8800048828125,213.77999877929688,212.5,213.1499938964844,76857500
2015-05-21,177.14097595214844,213.5,213.75,212.509994506836,212.7100067138672,64764600
2015-05-22,176.71786499023438,212.9900054931641,213.5399932861328,212.9100036621093,213.0399932861328,57433500
2015-05-26,174.8178253173828,210.6999969482422,212.9100036621093,210.1999969482422,212.3999938964844,124308600
2015-05-27,176.47718811035156,212.6999969482422,212.97999572753903,210.759994506836,211.25,93214000
2015-05-28,176.27810668945312,212.4600067138672,212.58999633789065,211.6300048828125,212.3300018310547,74974600
2015-05-29,175.182861328125,211.13999938964844,212.42999267578125,210.82000732421875,212.3800048828125,124919600
2015-06-01,175.53970336914062,211.57000732421875,212.33999633789065,210.6199951171875,211.94000244140625,93338800
2015-06-02,175.3654022216797,211.3600006103516,212.19000244140625,210.2700042724609,211.0200042724609,91531000
2015-06-03,175.83004760742188,211.9199981689453,212.6699981689453,211.3300018310547,212.0,87820900
2015-06-04,174.3449249267578,210.1300048828125,211.8600006103516,209.75,211.07000732421875,151882800
2015-06-05,174.04615783691406,209.7700042724609,210.5800018310547,208.97999572753903,209.9499969482422,121704700
2015-06-08,172.9759063720703,208.47999572753903,209.82000732421875,208.38999938964844,209.63999938964844,89063300
2015-06-09,172.9510040283203,208.4499969482422,209.1000061035156,207.69000244140625,208.4499969482422,105034700
2015-06-10,175.0252227783203,210.9499969482422,211.4100036621093,209.3000030517578,209.3699951171875,134551300
2015-06-11,175.58944702148438,211.6300048828125,212.08999633789065,211.1999969482422,211.47999572753903,73876400
2015-06-12,174.24525451660156,210.009994506836,211.47999572753903,209.67999267578125,210.63999938964844,135382400
2015-06-15,173.49862670898438,209.1100006103516,209.4499969482422,207.7899932861328,208.63999938964844,124384200
2015-06-16,174.44447326660156,210.25,210.3500061035156,208.72000122070312,208.92999267578125,85308200
2015-06-17,174.72654724121094,210.58999633789065,211.32000732421875,209.3600006103516,210.58999633789065,126708600
2015-06-18,176.54359436035156,212.77999877929688,213.33999633789065,210.6300048828125,211.3099975585937,165867900
2015-06-19,175.7598876953125,210.8099975585937,211.5500030517578,210.3600006103516,211.4600067138672,130478700
2015-06-22,176.66033935546875,211.88999938964844,212.58999633789065,211.63999938964844,211.9100036621093,70696000
2015-06-23,176.78536987304688,212.0399932861328,212.44000244140625,211.57000732421875,212.13999938964844,68476800
2015-06-24,175.50143432617188,210.5,212.1699981689453,210.47000122070312,211.72000122070312,92307300
2015-06-25,174.96788024902344,209.8600006103516,211.25,209.7700042724609,211.1000061035156,97107400
2015-06-26,174.93455505371094,209.82000732421875,210.5800018310547,209.1600036621093,210.2899932861328,104174800
2015-06-29,171.26605224609375,205.4199981689453,209.8300018310547,205.3300018310547,208.0500030517578,202621300
2015-06-30,171.62454223632812,205.8500061035156,207.32000732421875,205.27999877929688,207.259994506836,182925100
2015-07-01,173.00022888183594,207.5,208.02999877929688,206.5599975585937,207.72999572753903,135979900
2015-07-02,172.84181213378906,207.3099975585937,208.2700042724609,206.8099975585937,208.07000732421875,104373700
2015-07-06,172.34991455078125,206.72000122070312,207.6499938964844,205.52999877929688,205.7700042724609,117975400
2015-07-07,173.4337921142578,208.0200042724609,208.1699981689453,204.1100006103516,206.9600067138672,173820200
2015-07-08,170.5240020751953,204.52999877929688,206.759994506836,204.25,206.4199981689453,164020100
2015-07-09,170.83248901367188,204.8999938964844,207.3500061035156,204.7700042724609,207.0399932861328,144113100
2015-07-10,172.98355102539062,207.47999572753903,207.97999572753903,204.9499969482422,207.2899932861328,129456900
2015-07-13,174.8927459716797,209.7700042724609,209.8999938964844,208.94000244140625,208.9900054931641,106069400
2015-07-14,175.65145874023438,210.67999267578125,211.0500030517578,209.6499938964844,209.72000122070312,81709600
2015-07-15,175.59315490722656,210.6100006103516,211.27999877929688,210.0399932861328,210.72999572753903,97914100
2015-07-16,177.0021514892578,212.3000030517578,212.3000030517578,211.5800018310547,211.8699951171875,106683300
2015-07-17,177.15220642089844,212.47999572753903,212.5500030517578,211.8000030517578,212.2899932861328,89030000
2015-07-20,177.243896484375,212.58999633789065,213.17999267578125,212.2100067138672,212.75,70446800
2015-07-21,176.54359436035156,211.75,212.7400054931641,211.38999938964844,212.42999267578125,77965000
2015-07-22,176.22671508789062,211.3699951171875,211.7700042724609,210.88999938964844,210.92999267578125,88667900
2015-07-23,175.23460388183594,210.17999267578125,211.6499938964844,209.75,211.52999877929688,90509100
2015-07-24,173.4170684814453,208.0,210.3699951171875,207.6000061035156,210.3000030517578,117755000
2015-07-27,172.40829467773438,206.7899932861328,207.5500030517578,206.259994506836,206.94000244140625,132361100
2015-07-28,174.52593994140625,209.3300018310547,209.5,206.8000030517578,207.7899932861328,123544800
2015-07-29,175.7265625,210.7700042724609,211.0399932861328,209.3099975585937,209.47999572753903,105791300
2015-07-30,175.76821899414062,210.82000732421875,211.0200042724609,209.4199981689453,210.1600036621093,91304400
2015-07-31,175.50143432617188,210.5,211.4499969482422,210.1600036621093,211.4199981689453,103266900
2015-08-03,174.90951538085938,209.7899932861328,210.52999877929688,208.6499938964844,210.4600067138672,113965700
2015-08-04,174.56765747070312,209.3800048828125,210.25,208.8000030517578,209.6999969482422,81820800
2015-08-05,175.14295959472656,210.07000732421875,211.3099975585937,209.72999572753903,210.4499969482422,85786800
2015-08-06,173.70892333984375,208.3500061035156,210.4199981689453,207.6499938964844,210.2899932861328,116030800
2015-08-07,173.37539672851562,207.9499969482422,208.33999633789065,206.8699951171875,208.1600036621093,117858000
2015-08-10,175.55979919433594,210.57000732421875,210.6699981689453,209.27999877929688,209.27999877929688,80270700
2015-08-11,173.9756317138672,208.6699981689453,209.47000122070312,207.759994506836,208.97000122070312,126081400
2015-08-12,174.1841278076172,208.9199981689453,209.13999938964844,205.3600006103516,207.1100006103516,172123700
2015-08-13,173.9673309326172,208.6600036621093,209.5500030517578,208.009994506836,208.72999572753903,89383300
2015-08-14,174.60101318359375,209.4199981689453,209.509994506836,208.259994506836,208.42999267578125,72786500
2015-08-17,175.5764617919922,210.58999633789065,210.58999633789065,208.1600036621093,208.7100067138672,79072600
2015-08-18,175.0678253173828,209.97999572753903,210.67999267578125,209.6999969482422,210.259994506836,71692700
2015-08-19,173.68385314941406,208.32000732421875,210.009994506836,207.3500061035156,209.08999633789065,172946000
2015-08-20,170.05715942382812,203.97000122070312,208.2899932861328,203.8999938964844,206.509994506836,194327900
2015-08-21,164.93795776367188,197.8300018310547,203.94000244140625,197.5200042724609,201.72999572753903,346588500
2015-08-24,157.99301147460938,189.5,197.47999572753903,182.3999938964844,187.4900054931641,507244300
2015-08-25,156.1337890625,187.2700042724609,195.4499969482422,186.9199981689453,195.42999267578125,369833100
2015-08-26,162.1283416748047,194.4600067138672,194.7899932861328,188.3699951171875,192.0800018310547,339257000
2015-08-27,166.13851928710938,199.2700042724609,199.4199981689453,195.2100067138672,197.0200042724609,274143900
2015-08-28,166.1468963623047,199.27999877929688,199.83999633789065,197.9199981689453,198.5,160414400
2015-08-31,164.8046112060547,197.6699981689453,199.1300048828125,197.009994506836,198.1100006103516,163298800
2015-09-01,159.88551330566406,191.7700042724609,194.7700042724609,190.72999572753903,193.1199951171875,256000400
2015-09-02,162.9203643798828,195.4100036621093,195.4600067138672,192.4199981689453,194.6199951171875,160269300
2015-09-03,163.03704833984375,195.5500030517578,198.0500030517578,194.9600067138672,196.259994506836,152087800
2015-09-04,160.56915283203125,192.58999633789065,193.8600006103516,191.6100006103516,192.8500061035156,207081000
2015-09-08,164.60447692871094,197.42999267578125,197.6100006103516,195.1699981689453,195.94000244140625,116025700
2015-09-09,162.40342712402344,194.7899932861328,199.47000122070312,194.3500061035156,199.32000732421875,149347700
2015-09-10,163.28717041015625,195.8500061035156,197.22000122070312,194.25,194.5599975585937,158611100
2015-09-11,164.02923583984375,196.7400054931641,196.82000732421875,194.52999877929688,195.3800048828125,119691200
2015-09-14,163.42059326171875,196.009994506836,197.009994506836,195.42999267578125,196.9499969482422,79452000
2015-09-15,165.4632110595703,198.4600067138672,198.9900054931641,195.9600067138672,196.6100006103516,113806200
2015-09-16,166.8972625732422,200.17999267578125,200.4100036621093,198.4100036621093,198.82000732421875,99581600
2015-09-17,166.52206420898438,199.72999572753903,202.88999938964844,199.27999877929688,200.0200042724609,276046600
2015-09-18,163.80087280273438,195.4499969482422,198.67999267578125,194.9600067138672,195.7100067138672,223657500
2015-09-21,164.64730834960938,196.4600067138672,197.67999267578125,195.2100067138672,196.44000244140625,105726200
2015-09-22,162.51025390625,193.9100036621093,194.4600067138672,192.5599975585937,193.8800048828125,153890900
2015-09-23,162.2504425048828,193.6000061035156,194.6699981689453,192.9100036621093,194.1100006103516,92790600
2015-09-24,161.66378784179688,192.8999938964844,193.4499969482422,190.5599975585937,192.1499938964844,159378800
2015-09-25,161.62191772460938,192.8500061035156,195.0,191.8099975585937,194.63999938964844,155054800
2015-09-28,157.56561279296875,188.009994506836,191.9100036621093,187.63999938964844,191.77999877929688,178515900
2015-09-29,157.6577911376953,188.1199951171875,189.7400054931641,186.92999267578125,188.2700042724609,159045600
2015-09-30,160.59947204589844,191.6300048828125,191.8300018310547,189.44000244140625,190.3699951171875,163452000
2015-10-01,161.01846313476562,192.1300048828125,192.4900054931641,189.82000732421875,192.0800018310547,131079000
2015-10-02,163.42372131347656,195.0,195.02999877929688,189.1199951171875,189.7700042724609,211003300
2015-10-05,166.33180236816406,198.47000122070312,198.7400054931641,196.3300018310547,196.4600067138672,126320800
2015-10-06,165.76193237304688,197.7899932861328,198.97999572753903,197.0,198.3099975585937,110274500
2015-10-07,167.1195831298828,199.4100036621093,199.8300018310547,197.47999572753903,198.8999938964844,124307300
2015-10-08,168.62814331054688,201.2100067138672,201.5500030517578,198.58999633789065,198.9499969482422,153055200
2015-10-09,168.72866821289062,201.3300018310547,201.8999938964844,200.5800018310547,201.3800048828125,107069200
2015-10-12,168.8879852294922,201.5200042724609,201.759994506836,200.9100036621093,201.4199981689453,56395600
2015-10-13,167.8236083984375,200.25,202.1600036621093,200.0500030517578,200.6499938964844,88038700
2015-10-14,167.01902770996094,199.2899932861328,200.8699951171875,198.94000244140625,200.17999267578125,99106200
2015-10-15,169.58355712890625,202.3500061035156,202.3600006103516,199.63999938964844,200.0800018310547,134142200
2015-10-16,170.35464477539062,203.2700042724609,203.2899932861328,201.9199981689453,202.8300018310547,114580100
2015-10-19,170.4384002685547,203.3699951171875,203.3699951171875,202.1300048828125,202.5,76523900
2015-10-20,170.2205047607422,203.1100006103516,203.83999633789065,202.5500030517578,202.8500061035156,78448500
2015-10-21,169.16453552246094,201.8500061035156,203.7899932861328,201.6499938964844,203.6100006103516,102038000
2015-10-22,172.02235412597656,205.259994506836,205.509994506836,201.8500061035156,202.97999572753903,174911700
2015-10-23,173.907958984375,207.509994506836,207.9499969482422,206.3000030517578,207.25,144442300
2015-10-26,173.4805908203125,207.0,207.3699951171875,206.5599975585937,207.3000030517578,69033000
2015-10-27,173.14532470703125,206.6000061035156,207.0,205.7899932861328,206.1999969482422,77905800
2015-10-28,175.11483764648438,208.9499969482422,208.97999572753903,206.2100067138672,207.0,135906700
2015-10-29,175.0142822265625,208.8300018310547,209.2700042724609,208.2100067138672,208.3500061035156,90525500
2015-10-30,174.26004028320312,207.92999267578125,209.44000244140625,207.7400054931641,209.0599975585937,131076900
2015-11-02,176.32167053222656,210.38999938964844,210.6199951171875,208.1699981689453,208.32000732421875,86270800
2015-11-03,176.83285522460938,211.0,211.6600036621093,209.6999969482422,209.97000122070312,95246100
2015-11-04,176.29649353027344,210.3600006103516,211.5,209.72000122070312,211.3500061035156,96224500
2015-11-05,176.12045288085938,210.1499938964844,210.97999572753903,209.08999633789065,210.42999267578125,78408700
2015-11-06,176.0283203125,210.0399932861328,210.32000732421875,208.4600067138672,209.7400054931641,110471500
2015-11-09,174.3856658935547,208.0800018310547,209.4900054931641,206.9499969482422,209.3099975585937,131008700
2015-11-10,174.78793334960938,208.5599975585937,208.6000061035156,207.19000244140625,207.509994506836,75874600
2015-11-11,174.10079956054688,207.7400054931641,208.94000244140625,207.6600036621093,208.8800048828125,67846000
2015-11-12,171.67034912109375,204.83999633789065,207.0599975585937,204.82000732421875,206.5,121315200
2015-11-13,169.7427978515625,202.5399932861328,204.6699981689453,202.44000244140625,204.3500061035156,153577100
2015-11-16,172.32400512695312,205.6199951171875,205.69000244140625,202.17999267578125,202.32000732421875,117645200
2015-11-17,172.1982879638672,205.47000122070312,207.0399932861328,204.8800048828125,205.9900054931641,121123700
2015-11-18,174.93040466308594,208.72999572753903,208.8999938964844,205.9900054931641,206.0399932861328,121342500
2015-11-19,174.77960205078125,208.5500030517578,209.0500030517578,208.1999969482422,208.58999633789065,88220500
2015-11-20,175.41656494140625,209.3099975585937,210.1199951171875,208.8600006103516,209.4499969482422,94011500
2015-11-23,175.21536254882812,209.07000732421875,209.97999572753903,208.5200042724609,209.3800048828125,64931200
2015-11-24,175.45004272460938,209.3500061035156,209.8300018310547,207.4100036621093,207.8699951171875,98874400
2015-11-25,175.42489624023438,209.32000732421875,209.7400054931641,209.009994506836,209.5,51980100
2015-11-27,175.6260223388672,209.5599975585937,209.8000030517578,208.8600006103516,209.42999267578125,37317800
2015-11-30,174.8969268798828,208.69000244140625,209.88999938964844,208.5599975585937,209.75,112822700
2015-12-01,176.5646514892578,210.67999267578125,210.82000732421875,209.1100006103516,209.44000244140625,97858400
2015-12-02,174.76284790039062,208.52999877929688,211.0,208.22999572753903,210.6199951171875,108441300
2015-12-03,172.3156280517578,205.6100006103516,209.1499938964844,204.75,208.8300018310547,166224200
2015-12-04,175.67636108398438,209.6199951171875,209.97000122070312,205.6100006103516,205.6100006103516,192913900
2015-12-07,174.61199951171875,208.3500061035156,209.72999572753903,207.1999969482422,209.22999572753903,102027100
2015-12-08,173.43869018554688,206.9499969482422,208.2899932861328,205.77999877929688,206.4900054931641,103372400
2015-12-09,172.08941650390625,205.33999633789065,208.67999267578125,204.17999267578125,206.19000244140625,162401500
2015-12-10,172.5335235595703,205.8699951171875,207.42999267578125,205.13999938964844,205.4199981689453,116128900
2015-12-11,169.18966674804688,201.8800048828125,204.13999938964844,201.509994506836,203.3500061035156,211173300
2015-12-14,170.0445098876953,202.8999938964844,203.0500030517578,199.9499969482422,202.07000732421875,182385200
2015-12-15,171.82960510253906,205.02999877929688,206.1100006103516,202.8699951171875,204.6999969482422,154069600
2015-12-16,174.34376525878906,208.02999877929688,208.38999938964844,204.8000030517578,206.3699951171875,197017000
2015-12-17,171.6870880126953,204.8600006103516,208.47999572753903,204.83999633789065,208.3999938964844,173092500
2015-12-18,168.6285400390625,200.0200042724609,202.92999267578125,199.8300018310547,202.7700042724609,251393500
2015-12-21,170.01954650878906,201.6699981689453,201.8800048828125,200.08999633789065,201.4100036621093,99094300
2015-12-22,171.5623321533203,203.5,203.8500061035156,201.5500030517578,202.72000122070312,111026200
2015-12-23,173.68682861328125,206.0200042724609,206.07000732421875,204.5800018310547,204.69000244140625,110987200
2015-12-24,173.40020751953125,205.67999267578125,206.3300018310547,205.4199981689453,205.72000122070312,48539600
2015-12-28,173.0039520263672,205.2100067138672,205.259994506836,203.94000244140625,204.8600006103516,65899900
2015-12-29,174.85028076171875,207.3999938964844,207.7899932861328,206.47000122070312,206.509994506836,92640700
2015-12-30,173.6109619140625,205.92999267578125,207.2100067138672,205.759994506836,207.1100006103516,63317700
2015-12-31,171.87428283691406,203.8699951171875,205.88999938964844,203.8699951171875,205.1300048828125,114877900
2016-01-04,169.4715576171875,201.0200042724609,201.02999877929688,198.58999633789065,200.4900054931641,222353500
2016-01-05,169.75814819335938,201.3600006103516,201.8999938964844,200.0500030517578,201.3999938964844,110845800
2016-01-06,167.6168670654297,198.82000732421875,200.0599975585937,197.6000061035156,198.33999633789065,152112600
2016-01-07,163.5955352783203,194.0500030517578,197.44000244140625,193.58999633789065,195.3300018310547,213436100
2016-01-08,161.79971313476562,191.9199981689453,195.8500061035156,191.5800018310547,195.19000244140625,209817200
2016-01-11,161.95985412597656,192.1100006103516,193.4100036621093,189.82000732421875,193.009994506836,187941300
2016-01-12,163.26669311523438,193.6600036621093,194.5500030517578,191.13999938964844,193.82000732421875,172330500
2016-01-13,159.1947021484375,188.8300018310547,194.8600006103516,188.3800048828125,194.4499969482422,221168900
2016-01-14,161.8081512451172,191.92999267578125,193.259994506836,187.6600036621093,189.5500030517578,240795600
2016-01-15,158.3347625732422,187.8099975585937,188.759994506836,185.5200042724609,186.7700042724609,324846400
2016-01-19,158.54551696777344,188.0599975585937,190.1100006103516,186.1999969482422,189.9600067138672,195244400
2016-01-20,156.51376342773438,185.6499938964844,187.5,181.0200042724609,185.02999877929688,286547800
2016-01-21,157.3905029296875,186.69000244140625,188.8699951171875,184.63999938964844,186.2100067138672,195772900
2016-01-22,160.6194610595703,190.5200042724609,190.759994506836,188.8800048828125,189.77999877929688,168319600
2016-01-25,158.19142150878906,187.63999938964844,190.1499938964844,187.4100036621093,189.9199981689453,130371700
2016-01-26,160.3496551513672,190.1999969482422,190.52999877929688,188.0200042724609,188.4199981689453,141036800
2016-01-27,158.6045379638672,188.1300048828125,191.5599975585937,187.0599975585937,189.5800018310547,185681700
2016-01-28,159.4307403564453,189.1100006103516,190.1999969482422,187.1600036621093,189.9600067138672,143798800
2016-01-29,163.3172607421875,193.72000122070312,193.8800048828125,189.8800048828125,190.0200042724609,210529300
2016-02-01,163.25819396972656,193.6499938964844,194.5800018310547,191.83999633789065,192.52999877929688,136061600
2016-02-02,160.31593322753906,190.1600036621093,191.97000122070312,189.5399932861328,191.9600067138672,182564900
2016-02-03,161.2770538330078,191.3000030517578,191.77999877929688,187.1000061035156,191.4100036621093,205054900
2016-02-04,161.52989196777344,191.6000061035156,192.75,189.9600067138672,190.7100067138672,139531800
2016-02-05,158.45278930664062,187.9499969482422,191.6699981689453,187.1999969482422,190.9900054931641,180788300
2016-02-08,156.31983947753906,185.4199981689453,186.1199951171875,182.8000030517578,185.7700042724609,191526700
2016-02-09,156.32827758789062,185.42999267578125,186.94000244140625,183.1999969482422,183.3600006103516,184513100
2016-02-10,156.1934051513672,185.2700042724609,188.33999633789065,185.1199951171875,186.4100036621093,148214100
2016-02-11,154.16165161132812,182.8600006103516,184.1000061035156,181.08999633789065,182.33999633789065,219058900
2016-02-12,157.3398895263672,186.6300048828125,186.6499938964844,183.9600067138672,184.9600067138672,127632400
2016-02-16,159.99560546875,189.77999877929688,189.8099975585937,187.6300048828125,188.7700042724609,120250700
2016-02-17,162.60903930664062,192.8800048828125,193.32000732421875,191.009994506836,191.1600036621093,136009500
2016-02-18,161.94305419921875,192.08999633789065,193.2700042724609,191.72000122070312,193.1999969482422,102343000
2016-02-19,161.86720275878906,192.0,192.17999267578125,190.4499969482422,191.1699981689453,114793000
2016-02-22,164.21090698242188,194.77999877929688,194.9499969482422,193.7899932861328,193.8699951171875,103640300
2016-02-23,162.13697814941406,192.32000732421875,194.32000732421875,192.17999267578125,194.0,111455300
2016-02-24,162.8788604736328,193.1999969482422,193.52999877929688,189.32000732421875,190.6300048828125,150812200
2016-02-25,164.85162353515625,195.5399932861328,195.5500030517578,192.8300018310547,193.72999572753903,110728300
2016-02-26,164.47222900390625,195.08999633789065,196.67999267578125,194.8999938964844,196.57000732421875,129833700
2016-02-29,163.182373046875,193.5599975585937,196.22999572753903,193.3300018310547,195.1100006103516,125918100
2016-03-01,167.0182342529297,198.1100006103516,198.2100067138672,194.4499969482422,195.009994506836,141799700
2016-03-02,167.76853942871094,199.0,199.0599975585937,197.25,197.7400054931641,102415000
2016-03-03,168.42611694335938,199.77999877929688,199.8000030517578,198.1100006103516,198.7899932861328,95172200
2016-03-04,168.9741668701172,200.42999267578125,201.3500061035156,199.02999877929688,200.009994506836,129293600
2016-03-07,169.1090087890625,200.58999633789065,201.07000732421875,199.25,199.33999633789065,100219000
2016-03-08,167.2627410888672,198.3999938964844,199.9199981689453,198.2100067138672,199.32000732421875,123974900
2016-03-09,168.08892822265625,199.3800048828125,199.7899932861328,198.42999267578125,199.3600006103516,94801200
2016-03-10,168.22384643554688,199.5399932861328,201.07000732421875,197.3800048828125,199.9600067138672,156838700
2016-03-11,170.9384307861328,202.759994506836,202.8099975585937,199.5200042724609,201.259994506836,137964500
2016-03-14,170.71932983398438,202.5,203.0399932861328,201.7700042724609,202.1600036621093,73612000
2016-03-15,170.44110107421875,202.1699981689453,202.52999877929688,201.0500030517578,201.3600006103516,93169100
2016-03-16,171.4274139404297,203.33999633789065,203.82000732421875,201.5500030517578,201.6000061035156,129303200
2016-03-17,172.5150146484375,204.6300048828125,205.22999572753903,202.7700042724609,203.2400054931641,134278500
2016-03-18,173.19290161132812,204.3800048828125,204.77999877929688,203.8000030517578,204.1699981689453,138372400
2016-03-21,173.43865966796875,204.6699981689453,204.94000244140625,203.8000030517578,204.07000732421875,72926700
2016-03-22,173.3455047607422,204.5599975585937,205.22999572753903,203.57000732421875,203.759994506836,97471900
2016-03-23,172.20143127441406,203.2100067138672,204.3300018310547,203.009994506836,204.1100006103516,81052500
2016-03-24,172.12515258789062,203.1199951171875,203.1600036621093,201.7400054931641,202.0,84360900
2016-03-28,172.22686767578125,203.2400054931641,203.8600006103516,202.7100067138672,203.6100006103516,62408200
2016-03-29,173.81997680664062,205.1199951171875,205.25,202.3999938964844,202.759994506836,92922900
2016-03-30,174.58262634277344,206.0200042724609,206.8699951171875,205.58999633789065,206.3000030517578,86365300
2016-03-31,174.15899658203125,205.5200042724609,206.4100036621093,205.3300018310547,205.9100036621093,94584100
2016-04-01,175.34527587890625,206.9199981689453,207.13999938964844,203.97999572753903,204.3500061035156,114423500
2016-04-04,174.7775421142578,206.25,207.07000732421875,205.88999938964844,206.8300018310547,63497000
2016-04-05,173.03192138671875,204.19000244140625,206.259994506836,203.88999938964844,204.6699981689453,99662200
2016-04-06,174.9215850830078,206.4199981689453,206.4900054931641,203.97999572753903,204.19000244140625,91839800
2016-04-07,172.82855224609375,203.9499969482422,205.5599975585937,203.08999633789065,205.13999938964844,113859000
2016-04-08,173.2946014404297,204.5,205.8500061035156,203.8699951171875,205.33999633789065,95040600
2016-04-11,172.8878631591797,204.0200042724609,206.07000732421875,203.9100036621093,205.25,83757500
2016-04-12,174.4978790283203,205.9199981689453,206.25,203.6999969482422,204.22000122070312,115350600
2016-04-13,176.26052856445312,208.0,208.1000061035156,206.83999633789065,207.0,96336400
2016-04-14,176.2689971923828,208.009994506836,208.6000061035156,207.6000061035156,208.07000732421875,65212900
2016-04-15,176.07408142089844,207.77999877929688,208.1699981689453,207.3999938964844,208.009994506836,75761600
2016-04-18,177.31130981445312,209.2400054931641,209.27999877929688,207.0,207.77999877929688,82531000
2016-04-19,177.87062072753906,209.8999938964844,210.1999969482422,208.94000244140625,209.7400054931641,88316100
2016-04-20,178.04010009765625,210.1000061035156,210.9199981689453,209.38999938964844,209.9499969482422,81100300
2016-04-21,177.0824737548828,208.97000122070312,210.25,208.6499938964844,210.1199951171875,85695000
2016-04-22,177.0824737548828,208.97000122070312,209.2899932861328,207.9100036621093,208.5500030517578,99251700
2016-04-25,176.77745056152344,208.6100006103516,208.6600036621093,207.5399932861328,208.259994506836,66166500
2016-04-26,177.04010009765625,208.9199981689453,209.5200042724609,208.3600006103516,209.0399932861328,75864200
2016-04-27,177.4044952392578,209.3500061035156,209.8099975585937,208.0500030517578,208.47000122070312,77329400
2016-04-28,175.7944793701172,207.4499969482422,209.759994506836,206.9600067138672,208.4600067138672,97216200
2016-04-29,174.84536743164062,206.3300018310547,207.1300048828125,205.02999877929688,206.72000122070312,142424100
2016-05-02,176.23507690429688,207.97000122070312,208.17999267578125,206.4100036621093,206.9199981689453,62188000
2016-05-03,174.70130920410156,206.1600036621093,206.8000030517578,205.27999877929688,206.5200042724609,106422100
2016-05-04,173.72677612304688,205.009994506836,205.8500061035156,204.4199981689453,204.9900054931641,92243800
2016-05-05,173.6929168701172,204.97000122070312,205.97999572753903,204.47000122070312,205.5599975585937,67619200
2016-05-06,174.3284454345703,205.72000122070312,205.7700042724609,203.8800048828125,204.0599975585937,89315000
2016-05-09,174.4724578857422,205.88999938964844,206.3999938964844,205.3600006103516,205.57000732421875,74374900
2016-05-10,176.64183044433594,208.4499969482422,208.47000122070312,206.63999938964844,206.72000122070312,77472200
2016-05-11,174.98944091796875,206.5,208.5399932861328,206.5,207.9100036621093,81727000
2016-05-12,175.04026794433594,206.5599975585937,207.4900054931641,205.3699951171875,207.2899932861328,89586300
2016-05-13,173.51490783691406,204.759994506836,206.8600006103516,204.3800048828125,206.2100067138672,96474600
2016-05-16,175.22665405273438,206.77999877929688,207.33999633789065,204.88999938964844,204.9600067138672,77486800
2016-05-17,173.59120178222656,204.8500061035156,206.8000030517578,204.22999572753903,206.4600067138672,114924900
2016-05-18,173.6420440673828,204.9100036621093,206.3000030517578,203.6300048828125,204.44000244140625,120062100
2016-05-19,173.04039001464844,204.1999969482422,204.5399932861328,202.77999877929688,204.0599975585937,115430500
2016-05-20,174.13352966308594,205.4900054931641,206.1000061035156,204.8600006103516,204.9199981689453,104990400
2016-05-23,173.896240234375,205.2100067138672,205.83999633789065,204.9900054931641,205.509994506836,58682600
2016-05-24,176.15032958984375,207.8699951171875,208.2400054931641,206.13999938964844,206.1699981689453,93537800
2016-05-25,177.34521484375,209.27999877929688,209.7700042724609,207.8699951171875,208.6699981689453,76621400
2016-05-26,177.39608764648438,209.33999633789065,209.7100067138672,208.97000122070312,209.44000244140625,55280700
2016-05-27,178.15872192382812,210.2400054931641,210.25,209.47000122070312,209.52999877929688,64211200
2016-05-31,177.8197784423828,209.83999633789065,210.69000244140625,209.17999267578125,210.5599975585937,109879400
2016-06-01,178.18411254882812,210.2700042724609,210.47999572753903,208.88999938964844,209.1199951171875,69936200
2016-06-02,178.72647094726562,210.9100036621093,210.92999267578125,209.2400054931641,209.8000030517578,63044700
2016-06-03,178.19261169433594,210.27999877929688,210.69000244140625,208.8600006103516,210.25,101757100
2016-06-06,179.09933471679688,211.3500061035156,211.7700042724609,210.509994506836,210.6999969482422,64887000
2016-06-07,179.3789825439453,211.67999267578125,212.33999633789065,211.5,211.52999877929688,60974800
2016-06-08,179.96368408203125,212.3699951171875,212.5200042724609,211.69000244140625,211.83999633789065,66170900
2016-06-09,179.71800231933594,212.0800018310547,212.22000122070312,211.19000244140625,211.509994506836,73786900
2016-06-10,178.0146942138672,210.07000732421875,210.8600006103516,209.42999267578125,210.4600067138672,113829200
2016-06-13,176.64183044433594,208.4499969482422,210.3699951171875,208.3500061035156,209.3600006103516,117751200
2016-06-14,176.2943878173828,208.0399932861328,208.7400054931641,206.9199981689453,208.0,125059300
2016-06-15,176.04861450195312,207.75,209.3600006103516,207.52999877929688,208.0399932861328,109124500
2016-06-16,176.57403564453125,208.3699951171875,208.57000732421875,205.58999633789065,207.75,149533100
2016-06-17,175.91641235351562,206.5200042724609,207.1999969482422,205.75,207.1699981689453,117055700
2016-06-20,177.0493927001953,207.8500061035156,209.6100006103516,207.75,208.82000732421875,82789600
2016-06-21,177.5519561767578,208.44000244140625,208.9199981689453,207.77999877929688,208.3000030517578,72461700
2016-06-22,177.2623291015625,208.1000061035156,209.5,207.92999267578125,208.6499938964844,95560500
2016-06-23,179.57077026367188,210.8099975585937,210.8699951171875,209.2700042724609,209.8099975585937,102731400
2016-06-24,173.1225128173828,203.2400054931641,210.8500061035156,202.72000122070312,203.6300048828125,333444400
2016-06-27,170.02195739746094,199.6000061035156,201.6000061035156,198.6499938964844,201.58999633789065,230775800
2016-06-28,173.08843994140625,203.1999969482422,203.22999572753903,201.1199951171875,201.47999572753903,159382400
2016-06-29,176.0357208251953,206.6600036621093,206.92999267578125,204.72000122070312,204.83999633789065,137328600
2016-06-30,178.4378662109375,209.47999572753903,209.5399932861328,206.5599975585937,207.2100067138672,165021900
2016-07-01,178.81263732910156,209.9199981689453,210.4900054931641,209.2899932861328,209.47999572753903,106055300
2016-07-05,177.5264129638672,208.4100036621093,209.0800018310547,207.7100067138672,208.9499969482422,109803700
2016-07-06,178.59112548828125,209.6600036621093,209.8000030517578,207.0599975585937,207.8300018310547,96021500
2016-07-07,178.4803466796875,209.52999877929688,210.6499938964844,208.6300048828125,209.8699951171875,85593800
2016-07-08,181.1380920410156,212.6499938964844,212.94000244140625,210.77999877929688,211.0500030517578,133971000
2016-07-11,181.7769775390625,213.3999938964844,214.07000732421875,212.9499969482422,213.19000244140625,73633900
2016-07-12,183.09719848632807,214.9499969482422,215.3000030517578,213.42999267578125,214.52999877929688,101275600
2016-07-13,183.0716857910156,214.9199981689453,215.4499969482422,214.3500061035156,215.44000244140625,87324100
2016-07-14,184.0938873291016,216.1199951171875,216.6699981689453,215.6600036621093,216.3999938964844,91230900
2016-07-15,183.8468780517578,215.8300018310547,217.009994506836,215.3099975585937,216.77999877929688,107155400
2016-07-18,184.3408660888672,216.4100036621093,216.6000061035156,215.6699981689453,215.97000122070312,58725900
2016-07-19,184.15347290039065,216.19000244140625,216.22999572753903,215.6300048828125,215.9199981689453,54345700
2016-07-20,184.920150756836,217.08999633789065,217.3699951171875,216.19000244140625,216.19000244140625,58159500
2016-07-21,184.2216644287109,216.2700042724609,217.22000122070312,215.75,216.9600067138672,67777300
2016-07-22,185.04788208007807,217.2400054931641,217.3000030517578,216.1000061035156,216.4100036621093,62787500
2016-07-25,184.5453491210937,216.6499938964844,217.0599975585937,215.97000122070312,217.0,55873100
2016-07-26,184.6304931640625,216.75,217.1699981689453,215.759994506836,216.52999877929688,70080500
2016-07-27,184.43458557128903,216.5200042724609,217.2700042724609,215.6199951171875,217.19000244140625,84083900
2016-07-28,184.6475524902344,216.7700042724609,217.1100006103516,215.75,216.2899932861328,65035700
2016-07-29,184.94566345214844,217.1199951171875,217.5399932861328,216.1300048828125,216.4600067138672,79519400
2016-08-01,184.7923889160156,216.94000244140625,217.6499938964844,216.4100036621093,217.19000244140625,73311400
2016-08-02,183.6083374023437,215.5500030517578,216.8300018310547,214.57000732421875,216.6499938964844,92295500
2016-08-03,184.14498901367188,216.17999267578125,216.25,215.1300048828125,215.47999572753903,53993600
2016-08-04,184.3408660888672,216.4100036621093,216.77999877929688,214.25,216.3099975585937,46585500
2016-08-05,185.84860229492188,218.17999267578125,218.22999572753903,216.4100036621093,216.4100036621093,71892200
2016-08-08,185.7378692626953,218.0500030517578,218.5200042724609,217.7400054931641,218.3999938964844,39906500
2016-08-09,185.84860229492188,218.17999267578125,218.759994506836,217.8000030517578,218.1300048828125,51251700
2016-08-10,185.3886260986328,217.63999938964844,218.3999938964844,217.22999572753903,218.3099975585937,57941100
2016-08-11,186.24899291992188,218.6499938964844,218.94000244140625,217.9499969482422,218.259994506836,72504300
2016-08-12,186.08709716796875,218.4600067138672,218.7100067138672,217.9900054931641,218.2899932861328,61313500
2016-08-15,186.6237335205078,219.08999633789065,219.5,218.8800048828125,218.88999938964844,49813500
2016-08-16,185.66128540039065,217.9600067138672,218.67999267578125,217.9600067138672,218.6000061035156,53213600
2016-08-17,186.0104217529297,218.3699951171875,218.52999877929688,217.0200042724609,218.0,75134300
2016-08-18,186.4278717041016,218.8600006103516,218.8999938964844,218.2100067138672,218.33999633789065,52989300
2016-08-19,186.1552734375,218.5399932861328,218.75,217.7400054931641,218.3099975585937,75443000
2016-08-22,186.1467742919922,218.52999877929688,218.8000030517578,217.8300018310547,218.259994506836,61368800
2016-08-23,186.52154541015625,218.97000122070312,219.6000061035156,218.8999938964844,219.25,53399200
2016-08-24,185.5675048828125,217.8500061035156,218.9100036621093,217.3600006103516,218.8000030517578,71728900
2016-08-25,185.43975830078125,217.6999969482422,218.19000244140625,217.22000122070312,217.3999938964844,69224800
2016-08-26,185.0904693603516,217.2899932861328,219.1199951171875,216.25,217.9199981689453,122506300
2016-08-29,186.001953125,218.3600006103516,218.6699981689453,217.3999938964844,217.44000244140625,70502200
2016-08-30,185.6953125,218.0,218.58999633789065,217.3500061035156,218.259994506836,58114500
2016-08-31,185.1671142578125,217.3800048828125,217.75,216.47000122070312,217.6100006103516,85269500
2016-09-01,185.17564392089844,217.38999938964844,217.72999572753903,216.02999877929688,217.3699951171875,97844200
2016-09-02,186.0104217529297,218.3699951171875,218.8699951171875,217.6999969482422,218.38999938964844,79293900
2016-09-06,186.5726623535156,219.02999877929688,219.1199951171875,217.8600006103516,218.6999969482422,56702100
2016-09-07,186.5555877685547,219.009994506836,219.22000122070312,218.3000030517578,218.83999633789065,76554900
2016-09-08,186.12966918945312,218.509994506836,218.94000244140625,218.1499938964844,218.6199951171875,74102900
2016-09-09,181.6747283935547,213.27999877929688,217.02999877929688,213.25,216.97000122070312,221589100
2016-09-12,184.28126525878903,216.33999633789065,216.8099975585937,212.3099975585937,212.38999938964844,168110900
2016-09-13,181.6321258544922,213.22999572753903,215.1499938964844,212.5,214.83999633789065,182828800
2016-09-14,181.56396484375,213.1499938964844,214.6999969482422,212.5,213.2899932861328,134185500
2016-09-15,183.37838745117188,215.27999877929688,215.72999572753903,212.75,212.9600067138672,134427900
2016-09-16,182.6694793701172,213.3699951171875,213.69000244140625,212.57000732421875,213.47999572753903,155236400
2016-09-19,182.7037353515625,213.4100036621093,214.8800048828125,213.02999877929688,214.1300048828125,80250500
2016-09-20,182.7123107910156,213.4199981689453,214.58999633789065,213.3800048828125,214.4100036621093,69665300
2016-09-21,184.7669982910156,215.82000732421875,216.02999877929688,213.44000244140625,214.2400054931641,110284400
2016-09-22,185.9313201904297,217.17999267578125,217.52999877929688,216.7100067138672,217.0,76678700
2016-09-23,184.9125061035156,215.9900054931641,216.8800048828125,215.8800048828125,216.72000122070312,73630900
2016-09-26,183.4143524169922,214.2400054931641,215.22999572753903,214.009994506836,215.0200042724609,89827300
2016-09-27,184.55294799804688,215.57000732421875,215.67999267578125,213.6199951171875,214.0500030517578,78494800
2016-09-28,185.46893310546875,216.63999938964844,216.82000732421875,214.7100067138672,215.8300018310547,87411000
2016-09-29,183.79098510742188,214.67999267578125,216.8699951171875,214.0399932861328,216.3999938964844,128070600
2016-09-30,185.17788696289065,216.3000030517578,217.1199951171875,215.3600006103516,215.6499938964844,117202900
2016-10-03,184.7327117919922,215.77999877929688,216.0399932861328,215.0399932861328,215.82000732421875,83512100
2016-10-04,183.79098510742188,214.67999267578125,216.1699981689453,213.9900054931641,215.9100036621093,119948100
2016-10-05,184.60430908203125,215.6300048828125,216.1300048828125,215.3300018310547,215.4100036621093,72816000
2016-10-06,184.7327117919922,215.77999877929688,216.0399932861328,214.7400054931641,215.3699951171875,62927400
2016-10-07,184.09922790527344,215.0399932861328,216.3000030517578,214.19000244140625,216.1000061035156,89788300
2016-10-10,185.0580444335937,216.1600036621093,216.6999969482422,215.9900054931641,216.1600036621093,51855000
2016-10-11,182.7208251953125,213.42999267578125,215.7400054931641,212.5800018310547,215.6600036621093,130367400
2016-10-12,182.96055603027344,213.7100067138672,214.32000732421875,213.009994506836,213.58999633789065,73866100
2016-10-13,182.3612518310547,213.009994506836,213.58999633789065,211.2100067138672,212.1600036621093,101357000
2016-10-14,182.45542907714844,213.1199951171875,214.69000244140625,213.02999877929688,214.1499938964844,93346200
2016-10-17,181.8218994140625,212.3800048828125,213.38999938964844,212.1699981689453,213.08999633789065,58275700
2016-10-18,182.96055603027344,213.7100067138672,214.3099975585937,213.2700042724609,214.2400054931641,76869700
2016-10-19,183.44854736328125,214.27999877929688,214.63999938964844,213.6000061035156,214.0200042724609,66519200
2016-10-20,183.10614013671875,213.8800048828125,214.52999877929688,213.1100006103516,213.8699951171875,73639800
2016-10-21,183.1917419433593,213.97999572753903,214.0800018310547,212.759994506836,213.8800048828125,89089100
2016-10-24,183.9707946777344,214.88999938964844,215.32000732421875,214.47999572753903,215.0,60146600
2016-10-25,183.35435485839844,214.1699981689453,214.97999572753903,213.97999572753903,214.67999267578125,66542300
2016-10-26,182.9862670898437,213.7400054931641,214.4199981689453,212.92999267578125,213.2100067138672,75705500
2016-10-27,182.49822998046875,213.1699981689453,214.6199951171875,213.0800018310547,214.5800018310547,77220200
2016-10-28,181.95887756347656,212.5399932861328,213.92999267578125,211.7100067138672,213.13999938964844,140623200
2016-10-31,181.9674835205078,212.5500030517578,213.19000244140625,212.3600006103516,212.92999267578125,61272500
2016-11-01,180.64903259277344,211.009994506836,212.9900054931641,209.6000061035156,212.92999267578125,122781800
2016-11-02,179.56182861328125,209.7400054931641,211.1000061035156,209.22999572753903,210.6499938964844,103330800
2016-11-03,178.73989868164062,208.77999877929688,210.2400054931641,208.4600067138672,209.9900054931641,88939300
2016-11-04,178.54302978515625,208.5500030517578,209.88999938964844,208.3800048828125,208.9100036621093,109122100
2016-11-07,182.4811248779297,213.1499938964844,213.19000244140625,208.5500030517578,208.5500030517578,109794900
2016-11-08,183.3029937744141,214.1100006103516,214.7700042724609,212.3800048828125,212.69000244140625,106772100
2016-11-09,185.24639892578125,216.3800048828125,217.1000061035156,212.33999633789065,212.3699951171875,258429000
2016-11-10,185.7086334228516,216.9199981689453,218.3099975585937,215.22000122070312,217.3000030517578,172113300
2016-11-11,185.2805938720703,216.4199981689453,216.6999969482422,215.32000732421875,216.0800018310547,100552700
2016-11-14,185.4261474609375,216.58999633789065,217.2700042724609,215.72000122070312,217.02999877929688,94580000
2016-11-15,186.8730010986328,218.27999877929688,218.27999877929688,216.8000030517578,217.0399932861328,91652600
2016-11-16,186.52197265625,217.8699951171875,218.13999938964844,217.4199981689453,217.5599975585937,65617700
2016-11-17,187.4808654785156,218.9900054931641,219.0599975585937,217.9199981689453,218.0500030517578,69797200
2016-11-18,187.06134033203125,218.5,219.2700042724609,218.2899932861328,219.07000732421875,86265800
2016-11-21,188.47393798828125,220.1499938964844,220.17999267578125,219.0,219.1699981689453,72402600
2016-11-22,188.84207153320312,220.5800018310547,220.7899932861328,219.72999572753903,220.509994506836,67429000
2016-11-23,188.94479370117188,220.6999969482422,220.759994506836,219.75,219.97999572753903,56620200
2016-11-25,189.6468505859375,221.5200042724609,221.5599975585937,221.009994506836,221.1000061035156,37872300
2016-11-28,188.75645446777344,220.47999572753903,221.47999572753903,220.3600006103516,221.1600036621093,76572500
2016-11-29,189.1245574951172,220.9100036621093,221.44000244140625,220.1699981689453,220.5200042724609,69886700
2016-11-30,188.6708526611328,220.3800048828125,221.82000732421875,220.3099975585937,221.6300048828125,113291800
2016-12-01,187.97743225097656,219.57000732421875,220.72999572753903,219.1499938964844,220.72999572753903,79040500
2016-12-02,188.0715484619141,219.67999267578125,220.25,219.259994506836,219.6699981689453,74840300
2016-12-05,189.20162963867188,221.0,221.3999938964844,220.4199981689453,220.6499938964844,67837800
2016-12-06,189.80093383789065,221.6999969482422,221.7400054931641,220.6600036621093,221.22000122070312,59877400
2016-12-07,192.28366088867188,224.6000061035156,224.6699981689453,221.3800048828125,221.5200042724609,110738100
2016-12-08,192.75454711914065,225.1499938964844,225.6999969482422,224.259994506836,224.57000732421875,99714400
2016-12-09,193.91883850097656,226.509994506836,226.52999877929688,225.3699951171875,225.4100036621093,88005800
2016-12-12,193.69630432128903,226.25,226.9600067138672,225.759994506836,226.3999938964844,102016100
2016-12-13,194.989013671875,227.759994506836,228.33999633789065,227.0,227.0200042724609,110477500
2016-12-14,193.37950134277344,225.8800048828125,228.22999572753903,225.3699951171875,227.4100036621093,142501800
2016-12-15,194.1756896972656,226.8099975585937,227.8099975585937,225.88999938964844,226.1600036621093,124972600
2016-12-16,193.7958984375,225.0399932861328,226.0800018310547,224.6699981689453,226.009994506836,156420200
2016-12-19,194.2178955078125,225.52999877929688,226.0200042724609,225.0800018310547,225.25,90341100
2016-12-20,194.9670867919922,226.3999938964844,226.57000732421875,225.8800048828125,226.1499938964844,89838800
2016-12-21,194.4246520996093,225.7700042724609,226.4499969482422,225.7700042724609,226.25,67909000
2016-12-22,194.0887451171875,225.3800048828125,225.7400054931641,224.9199981689453,225.6000061035156,56219100
2016-12-23,194.3729248046875,225.7100067138672,225.72000122070312,225.2100067138672,225.42999267578125,36697800
2016-12-27,194.85513305664065,226.2700042724609,226.72999572753903,226.0,226.0200042724609,42672500
2016-12-28,193.2447662353516,224.3999938964844,226.58999633789065,224.2700042724609,226.57000732421875,64095000
2016-12-29,193.2017364501953,224.3500061035156,224.88999938964844,223.83999633789065,224.47999572753903,48696100
2016-12-30,192.49549865722656,223.52999877929688,224.8300018310547,222.72999572753903,224.72999572753903,108998300
2017-01-03,193.9681396484375,225.2400054931641,225.8300018310547,223.8800048828125,225.0399932861328,91366500
2017-01-04,195.12213134765625,226.5800018310547,226.75,225.6100006103516,225.6199951171875,78744400
2017-01-05,194.9670867919922,226.3999938964844,226.5800018310547,225.47999572753903,226.2700042724609,78379000
2017-01-06,195.6646728515625,227.2100067138672,227.75,225.8999938964844,226.52999877929688,71559900
2017-01-09,195.0187530517578,226.4600067138672,227.07000732421875,226.4199981689453,226.9100036621093,46939700
2017-01-10,195.0187530517578,226.4600067138672,227.4499969482422,226.009994506836,226.47999572753903,63771900
2017-01-11,195.5699157714844,227.1000061035156,227.1000061035156,225.58999633789065,226.3600006103516,74650000
2017-01-12,195.0790557861328,226.52999877929688,226.75,224.9600067138672,226.5,72113200
2017-01-13,195.52687072753903,227.0500030517578,227.3999938964844,226.69000244140625,226.72999572753903,62717900
2017-01-17,194.8379669189453,226.25,226.77999877929688,225.8000030517578,226.3099975585937,61240800
2017-01-18,195.2684936523437,226.75,226.8000030517578,225.8999938964844,226.5399932861328,54793300
2017-01-19,194.5451202392578,225.9100036621093,227.0,225.4100036621093,226.83999633789065,66608800
2017-01-20,195.25987243652344,226.7400054931641,227.3099975585937,225.97000122070312,226.6999969482422,129168600
2017-01-23,194.75181579589844,226.1499938964844,226.8099975585937,225.2700042724609,226.7400054931641,75061600
2017-01-24,196.0004730224609,227.6000061035156,228.0800018310547,226.2700042724609,226.3999938964844,95555300
2017-01-25,197.69699096679688,229.57000732421875,229.57000732421875,228.509994506836,228.6999969482422,84437700
2017-01-26,197.4902801513672,229.3300018310547,229.7100067138672,229.009994506836,229.3999938964844,59970700
2017-01-27,197.1802673339844,228.97000122070312,229.58999633789065,228.759994506836,229.4199981689453,59711100
2017-01-30,195.9574432373047,227.5500030517578,228.1999969482422,226.4100036621093,228.1699981689453,79737300
2017-01-31,195.94021606445312,227.52999877929688,227.6000061035156,226.32000732421875,226.97999572753903,75880800
2017-02-01,196.0176239013672,227.6199951171875,228.58999633789065,226.94000244140625,227.52999877929688,79117700
2017-02-02,196.1468963623047,227.7700042724609,228.1000061035156,226.82000732421875,227.6199951171875,69657600
2017-02-03,197.49891662597656,229.33999633789065,229.5500030517578,228.4600067138672,228.82000732421875,80563200
2017-02-06,197.1458282470703,228.92999267578125,229.3300018310547,228.5399932861328,228.8699951171875,57790100
2017-02-07,197.1544342041016,228.94000244140625,229.6600036621093,228.72000122070312,229.3800048828125,57931200
2017-02-08,197.41278076171875,229.2400054931641,229.38999938964844,228.3099975585937,228.94000244140625,51566200
2017-02-09,198.583984375,230.6000061035156,230.9499969482422,229.2400054931641,229.2400054931641,65955200
2017-02-10,199.3676605224609,231.509994506836,231.7700042724609,230.6199951171875,231.0,66015900
2017-02-13,200.4527130126953,232.7700042724609,233.07000732421875,232.0500030517578,232.0800018310547,55182100
2017-02-14,201.2535858154297,233.6999969482422,233.7100067138672,232.1600036621093,232.5599975585937,71109000
2017-02-15,202.30421447753903,234.9199981689453,235.13999938964844,233.38999938964844,233.4499969482422,86785800
2017-02-16,202.1319580078125,234.72000122070312,235.1600036621093,233.8500061035156,234.9499969482422,84722400
2017-02-17,202.4505615234375,235.08999633789065,235.08999633789065,233.92999267578125,233.9499969482422,77204100
2017-02-21,203.65621948242188,236.4900054931641,236.69000244140625,235.509994506836,235.5200042724609,88946100
2017-02-22,203.475341796875,236.27999877929688,236.5399932861328,235.8300018310547,236.0200042724609,62115200
2017-02-23,203.6131286621093,236.44000244140625,236.8999938964844,235.5599975585937,236.8800048828125,74615900
2017-02-24,203.8715057373047,236.7400054931641,236.7899932861328,235.4100036621093,235.4600067138672,82381600
2017-02-27,204.1901397705078,237.1100006103516,237.3099975585937,236.3500061035156,236.63999938964844,56515400
2017-02-28,203.63894653320312,236.47000122070312,236.9499969482422,236.0200042724609,236.6699981689453,96961900
2017-03-01,206.48941040039065,239.77999877929688,240.32000732421875,238.3699951171875,238.38999938964844,149158200
2017-03-02,205.1890869140625,238.2700042724609,239.57000732421875,238.2100067138672,239.5599975585937,70246000
2017-03-03,205.3182830810547,238.4199981689453,238.6100006103516,237.72999572753903,238.1699981689453,81974300
2017-03-06,204.7068634033203,237.7100067138672,238.1199951171875,237.009994506836,237.5,55391500
2017-03-07,204.0953826904297,237.0,237.7700042724609,236.759994506836,237.3600006103516,65103700
2017-03-08,203.7164764404297,236.5599975585937,237.63999938964844,236.3999938964844,237.33999633789065,78168800
2017-03-09,203.97482299804688,236.8600006103516,237.2400054931641,235.7400054931641,236.6999969482422,90683900
2017-03-10,204.68963623046875,237.69000244140625,238.0200042724609,236.58999633789065,237.97000122070312,81991700
2017-03-13,204.79293823242188,237.8099975585937,237.8600006103516,237.2400054931641,237.6199951171875,57256800
2017-03-14,204.00930786132807,236.8999938964844,237.2400054931641,236.19000244140625,237.17999267578125,59880800
2017-03-15,205.7747039794922,238.9499969482422,239.44000244140625,237.2899932861328,237.5599975585937,96081800
2017-03-16,205.36993408203125,238.47999572753903,239.1999969482422,238.1000061035156,239.1100006103516,78344000
2017-03-17,205.0092620849609,237.02999877929688,237.97000122070312,237.02999877929688,237.75,89002100
2017-03-20,204.784408569336,236.7700042724609,237.3600006103516,236.32000732421875,237.02999877929688,52537000
2017-03-21,202.1550445556641,233.72999572753903,237.6100006103516,233.5800018310547,237.47000122070312,131809300
2017-03-22,202.63075256347656,234.27999877929688,234.6100006103516,233.0500030517578,233.7700042724609,97569200
2017-03-23,202.4145355224609,234.02999877929688,235.33999633789065,233.6000061035156,234.27999877929688,100410300
2017-03-24,202.2675018310547,233.8600006103516,235.0399932861328,232.9600067138672,234.3800048828125,112504900
2017-03-27,202.05995178222656,233.6199951171875,233.9199981689453,231.6100006103516,231.92999267578125,87454500
2017-03-28,203.53028869628903,235.32000732421875,235.8099975585937,233.13999938964844,233.2700042724609,93483900
2017-03-29,203.7205047607422,235.5399932861328,235.8099975585937,234.72999572753903,234.9900054931641,61950400
2017-03-30,204.36924743652344,236.2899932861328,236.5200042724609,235.2700042724609,235.47000122070312,56737900
2017-03-31,203.89356994628903,235.7400054931641,236.509994506836,235.67999267578125,235.8999938964844,73733100
2017-04-03,203.53892517089844,235.3300018310547,236.02999877929688,233.9100036621093,235.8000030517578,85546500
2017-04-04,203.66864013671875,235.47999572753903,235.5800018310547,234.5599975585937,235.0,56466200
2017-04-05,203.063217163086,234.77999877929688,237.38999938964844,234.5399932861328,236.259994506836,108800600
2017-04-06,203.63400268554688,235.44000244140625,236.0399932861328,234.42999267578125,234.94000244140625,69135800
2017-04-07,203.426498413086,235.1999969482422,236.0,234.63999938964844,235.1499938964844,74412300
2017-04-10,203.54757690429688,235.33999633789065,236.259994506836,234.72999572753903,235.3600006103516,67615300
2017-04-11,203.30535888671875,235.0599975585937,235.17999267578125,233.33999633789065,234.8999938964844,88045300
2017-04-12,202.4145355224609,234.02999877929688,234.9600067138672,233.7700042724609,234.7400054931641,81864400
2017-04-13,201.09988403320312,232.509994506836,234.4900054931641,232.509994506836,233.63999938964844,92880400
2017-04-17,202.881576538086,234.57000732421875,234.57000732421875,232.8800048828125,233.1100006103516,68405400
2017-04-18,202.2761383056641,233.8699951171875,234.4900054931641,233.0800018310547,233.72000122070312,83225800
2017-04-19,201.9042358398437,233.44000244140625,234.9499969482422,233.17999267578125,234.5200042724609,68699900
2017-04-20,203.54757690429688,235.33999633789065,235.8500061035156,233.77999877929688,234.1499938964844,92572200
2017-04-21,202.8988647460937,234.58999633789065,235.3099975585937,234.1300048828125,235.25,110389800
2017-04-24,205.13037109375,237.1699981689453,237.4100036621093,234.5599975585937,237.17999267578125,119209900
2017-04-25,206.32391357421875,238.5500030517578,238.9499969482422,237.8099975585937,237.9100036621093,76698300
2017-04-26,206.1941833496093,238.3999938964844,239.52999877929688,238.3500061035156,238.509994506836,84702500
2017-04-27,206.3671722412109,238.6000061035156,238.9499969482422,237.97999572753903,238.7700042724609,57410300
2017-04-28,205.9174346923828,238.0800018310547,238.92999267578125,237.92999267578125,238.8999938964844,63532800
2017-05-01,206.43634033203125,238.67999267578125,239.1699981689453,238.1999969482422,238.67999267578125,66882500
2017-05-02,206.5142059326172,238.7700042724609,238.97999572753903,238.3000030517578,238.83999633789065,57375700
2017-05-03,206.2633819580078,238.47999572753903,238.8800048828125,237.6999969482422,238.7700042724609,73137700
2017-05-04,206.5055084228516,238.759994506836,238.9199981689453,237.77999877929688,238.8300018310547,61462700
2017-05-05,207.31857299804688,239.6999969482422,239.72000122070312,238.67999267578125,239.19000244140625,62001300
2017-05-08,207.2839508056641,239.6600036621093,239.9199981689453,239.1699981689453,239.75,48385700
2017-05-09,207.0937042236328,239.44000244140625,240.19000244140625,239.0399932861328,239.9600067138672,51363200
2017-05-10,207.46563720703125,239.8699951171875,239.8699951171875,239.1499938964844,239.38999938964844,54293800
2017-05-11,207.04180908203125,239.3800048828125,239.57000732421875,238.1300048828125,239.3500061035156,62358300
2017-05-12,206.69581604003903,238.97999572753903,239.42999267578125,238.6699981689453,239.08999633789065,53912700
2017-05-15,207.83750915527344,240.3000030517578,240.44000244140625,239.4499969482422,239.47000122070312,61918900
2017-05-16,207.6472320556641,240.0800018310547,240.6699981689453,239.6300048828125,240.63999938964844,51241800
2017-05-17,203.96270751953125,235.82000732421875,240.0800018310547,235.75,240.0800018310547,172174100
2017-05-18,204.784408569336,236.7700042724609,237.75,235.42999267578125,235.72999572753903,107047700
2017-05-19,206.11631774902344,238.3099975585937,239.0800018310547,237.2700042724609,237.3300018310547,115011400
2017-05-22,207.1628875732422,239.5200042724609,239.7100067138672,238.82000732421875,238.8999938964844,61010600
2017-05-23,207.6212921142578,240.0500030517578,240.2400054931641,239.509994506836,239.9499969482422,48341700
2017-05-24,208.1056365966797,240.6100006103516,240.72999572753903,239.92999267578125,240.32000732421875,46927700
2017-05-25,209.1002655029297,241.759994506836,242.0800018310547,240.9600067138672,241.1999969482422,64071700
2017-05-26,209.0570678710937,241.7100067138672,241.8999938964844,241.4499969482422,241.5399932861328,46629900
2017-05-30,208.8754119873047,241.5,241.7899932861328,241.1600036621093,241.33999633789065,35201900
2017-05-31,208.8235321044922,241.44000244140625,241.8800048828125,240.63999938964844,241.83999633789065,91796000
2017-06-01,210.484115600586,243.3600006103516,243.3800048828125,241.63999938964844,241.97000122070312,68962000
2017-06-02,211.18472290039065,244.1699981689453,244.3500061035156,243.0800018310547,243.4199981689453,88666100
2017-06-05,211.0290069580078,243.9900054931641,244.3000030517578,243.759994506836,243.97000122070312,44698800
2017-06-06,210.3543701171875,243.2100067138672,243.97999572753903,243.1199951171875,243.33999633789065,50375400
2017-06-07,210.7435913085937,243.6600036621093,243.9199981689453,242.8300018310547,243.6000061035156,54144300
2017-06-08,210.8473663330078,243.77999877929688,244.3300018310547,243.1699981689453,243.7700042724609,65950700
2017-06-09,210.52740478515625,243.4100036621093,245.009994506836,241.9499969482422,244.08999633789065,132256400
2017-06-12,210.484115600586,243.3600006103516,243.4199981689453,242.3800048828125,243.1300048828125,86108100
2017-06-13,211.51339721679688,244.5500030517578,244.6100006103516,243.5800018310547,243.97999572753903,60067000
2017-06-14,211.2452850341797,244.2400054931641,244.8699951171875,243.2899932861328,244.8600006103516,78602300
2017-06-15,210.8387908935547,243.7700042724609,243.9100036621093,242.3600006103516,242.67999267578125,66464900
2017-06-16,210.8847503662109,242.63999938964844,242.8300018310547,241.6300048828125,242.7700042724609,84553100
2017-06-19,212.6404724121093,244.6600036621093,244.72999572753903,243.47999572753903,243.58999633789065,65123800
2017-06-20,211.2063751220703,243.009994506836,244.259994506836,242.9900054931641,244.25,56906400
2017-06-21,211.1542358398437,242.9499969482422,243.58999633789065,242.4100036621093,243.4600067138672,55977600
2017-06-22,211.05860900878903,242.83999633789065,243.52999877929688,242.63999938964844,242.9600067138672,44148100
2017-06-23,211.31069946289065,243.1300048828125,243.509994506836,242.47000122070312,242.9100036621093,66986800
2017-06-26,211.4497528076172,243.2899932861328,244.3800048828125,243.0500030517578,243.8999938964844,56700500
2017-06-27,209.74624633789065,241.3300018310547,243.3800048828125,241.3099975585937,243.0399932861328,82247700
2017-06-28,211.62356567382807,243.4900054931641,243.72000122070312,242.22999572753903,242.5,70042600
2017-06-29,209.7636108398437,241.3500061035156,243.72000122070312,239.9600067138672,243.6600036621093,106949700
2017-06-30,210.15475463867188,241.8000030517578,242.7100067138672,241.5800018310547,242.27999877929688,86820700
2017-07-03,210.5111083984375,242.2100067138672,243.3800048828125,242.2100067138672,242.8800048828125,39153800
2017-07-05,210.997802734375,242.7700042724609,243.009994506836,241.6999969482422,242.6300048828125,54427600
2017-07-06,209.068359375,240.5500030517578,242.02999877929688,240.33999633789065,241.88999938964844,65400800
2017-07-07,210.42417907714844,242.1100006103516,242.27999877929688,240.5599975585937,241.2100067138672,57972300
2017-07-10,210.65017700195312,242.3699951171875,242.8000030517578,241.759994506836,242.1100006103516,36663300
2017-07-11,210.49366760253903,242.19000244140625,242.5500030517578,240.8500061035156,242.3699951171875,50354600
2017-07-12,212.0755157470703,244.009994506836,244.1999969482422,243.3000030517578,243.3000030517578,59610400
2017-07-13,212.43185424804688,244.4199981689453,244.5500030517578,243.759994506836,244.0200042724609,39471600
2017-07-14,213.42266845703125,245.5599975585937,245.97000122070312,244.3099975585937,244.4199981689453,60262700
2017-07-17,213.39663696289065,245.52999877929688,245.9100036621093,245.3300018310547,245.47000122070312,33531900
2017-07-18,213.50955200195312,245.6600036621093,245.72000122070312,244.6699981689453,245.0599975585937,42742500
2017-07-19,214.66549682617188,246.9900054931641,247.0,246.009994506836,246.0200042724609,51034300
2017-07-20,214.7611389160156,247.1000061035156,247.4199981689453,246.47000122070312,247.27999877929688,47135200
2017-07-21,214.5699462890625,246.8800048828125,246.9100036621093,246.17999267578125,246.44000244140625,82340800
2017-07-24,214.51779174804688,246.82000732421875,246.97999572753903,246.27999877929688,246.7899932861328,46622300
2017-07-25,215.03921508789065,247.4199981689453,247.8000030517578,247.1600036621093,247.67999267578125,54915600
2017-07-26,215.04788208007807,247.42999267578125,247.7899932861328,247.1300048828125,247.75,47575400
2017-07-27,214.84796142578125,247.1999969482422,248.0,245.67999267578125,247.9600067138672,70766600
2017-07-28,214.59600830078125,246.9100036621093,247.0599975585937,246.1300048828125,246.6499938964844,50088400
2017-07-31,214.47430419921875,246.7700042724609,247.47999572753903,246.52999877929688,247.3699951171875,65838700
2017-08-01,214.9522705078125,247.32000732421875,247.5,246.72000122070312,247.4600067138672,55050400
2017-08-02,215.05665588378903,247.44000244140625,247.6000061035156,246.3699951171875,247.47000122070312,47211200
2017-08-03,214.6394195556641,246.9600067138672,247.33999633789065,246.63999938964844,247.3099975585937,40856000
2017-08-04,215.03054809570312,247.4100036621093,247.7899932861328,246.97000122070312,247.5200042724609,60191800
2017-08-07,215.4303131103516,247.8699951171875,247.8699951171875,247.3699951171875,247.4900054931641,31995000
2017-08-08,214.9001922607422,247.259994506836,248.9100036621093,246.8300018310547,247.509994506836,61719400
2017-08-09,214.8914794921875,247.25,247.3099975585937,246.0599975585937,246.47000122070312,62632600
2017-08-10,211.8582763671875,243.759994506836,246.44000244140625,243.6999969482422,246.2899932861328,120479500
2017-08-11,212.1710968017578,244.1199951171875,244.8000030517578,243.75,244.0200042724609,74869900
2017-08-14,214.27447509765625,246.5399932861328,246.7899932861328,245.5500030517578,245.58999633789065,73291900
2017-08-15,214.24832153320312,246.509994506836,247.0,246.1600036621093,246.97999572753903,55242700
2017-08-16,214.6220550537109,246.94000244140625,247.57000732421875,246.4499969482422,247.1100006103516,56715500
2017-08-17,211.2759246826172,243.08999633789065,246.6000061035156,243.08999633789065,246.2400054931641,128490400
2017-08-18,210.94569396972656,242.7100067138672,244.19000244140625,242.1999969482422,242.8999938964844,136748000
2017-08-21,211.1107788085937,242.8999938964844,243.1999969482422,241.8300018310547,242.63999938964844,65469700
2017-08-22,213.3183135986328,245.44000244140625,245.6199951171875,243.5500030517578,243.57000732421875,63140100
2017-08-23,212.5535583496093,244.5599975585937,245.0500030517578,244.1600036621093,244.3300018310547,50203800
2017-08-24,212.05813598632807,243.9900054931641,245.17999267578125,243.75,245.0,50741700
2017-08-25,212.5535583496093,244.5599975585937,245.6100006103516,244.38999938964844,244.8999938964844,64445900
2017-08-28,212.5622100830078,244.57000732421875,245.1999969482422,244.08999633789065,245.1699981689453,40565600
2017-08-29,212.8055725097656,244.8500061035156,245.1499938964844,242.92999267578125,243.0599975585937,51135700
2017-08-30,213.813720703125,246.009994506836,246.32000732421875,244.6199951171875,244.8300018310547,62030800
2017-08-31,215.10011291503903,247.4900054931641,247.7700042724609,246.0500030517578,246.72000122070312,103803900
2017-09-01,215.4042816162109,247.83999633789065,248.3300018310547,247.6699981689453,247.9199981689453,62007000
2017-09-05,213.8572540283203,246.0599975585937,247.5200042724609,244.9499969482422,247.259994506836,91398800
2017-09-06,214.5873260498047,246.8999938964844,247.27999877929688,246.22999572753903,246.83999633789065,57916900
2017-09-07,214.56121826171875,246.8699951171875,247.2700042724609,246.3999938964844,247.25,58034700
2017-09-08,214.3091583251953,246.5800018310547,247.1100006103516,246.3000030517578,246.5399932861328,63832800
2017-09-11,216.59500122070312,249.2100067138672,249.3000030517578,248.0200042724609,248.0399932861328,71364800
2017-09-12,217.3250274658203,250.0500030517578,250.08999633789065,249.4199981689453,249.6300048828125,56896000
2017-09-13,217.4293365478516,250.1699981689453,250.2100067138672,249.58999633789065,249.72000122070312,59228000
2017-09-14,217.35983276367188,250.08999633789065,250.32000732421875,249.6000061035156,249.8000030517578,95446300
2017-09-15,217.6524200439453,249.19000244140625,249.2899932861328,248.57000732421875,248.69000244140625,95432400
2017-09-18,218.11534118652344,249.72000122070312,250.1199951171875,249.27999877929688,249.6100006103516,46235200
2017-09-19,218.333724975586,249.97000122070312,250.07000732421875,249.6000061035156,250.0,47108100
2017-09-20,218.412353515625,250.0599975585937,250.19000244140625,248.9199981689453,250.07000732421875,59574100
2017-09-21,217.8270874023437,249.38999938964844,249.97999572753903,249.19000244140625,249.8800048828125,48211400
2017-09-22,217.8707427978516,249.44000244140625,249.6300048828125,249.0200042724609,249.0500030517578,51214000
2017-09-25,217.42529296875,248.92999267578125,249.5500030517578,248.0800018310547,249.1499938964844,57064400
2017-09-26,217.5563201904297,249.0800018310547,249.6999969482422,248.8099975585937,249.4199981689453,54082000
2017-09-27,218.403564453125,250.0500030517578,250.4900054931641,248.8699951171875,249.8800048828125,81001400
2017-09-28,218.6656494140625,250.3500061035156,250.44000244140625,249.6300048828125,249.72999572753903,44778800
2017-09-29,219.43418884277344,251.22999572753903,251.32000732421875,250.1300048828125,250.33999633789065,85578000
2017-10-02,220.38629150390625,252.32000732421875,252.32000732421875,251.2899932861328,251.4900054931641,59023000
2017-10-03,220.8579559326172,252.8600006103516,252.88999938964844,252.22999572753903,252.32000732421875,66810200
2017-10-04,221.11997985839844,253.1600036621093,253.44000244140625,252.5599975585937,252.69000244140625,55953600
2017-10-05,222.4301147460937,254.6600036621093,254.67999267578125,253.1999969482422,253.5399932861328,63522800
2017-10-06,222.1768341064453,254.3699951171875,254.6999969482422,253.8500061035156,254.1499938964844,80646000
2017-10-09,221.8099822998047,253.9499969482422,254.6999969482422,253.6499938964844,254.6300048828125,35803100
2017-10-10,222.3951568603516,254.6199951171875,255.0500030517578,253.97999572753903,254.6000061035156,43057400
2017-10-11,222.74459838867188,255.0200042724609,255.0200042724609,254.32000732421875,254.509994506836,47674300
2017-10-12,222.4126892089844,254.63999938964844,255.0599975585937,254.3699951171875,254.6600036621093,47065100
2017-10-13,222.6834259033203,254.9499969482422,255.2700042724609,254.63999938964844,255.13999938964844,54800400
2017-10-16,222.9804229736328,255.2899932861328,255.509994506836,254.82000732421875,255.2100067138672,38221700
2017-10-17,223.1376495361328,255.47000122070312,255.5200042724609,254.97999572753903,255.22999572753903,31561000
2017-10-18,223.35601806640625,255.72000122070312,255.9499969482422,255.5,255.8999938964844,40888300
2017-10-19,223.4171142578125,255.7899932861328,255.8300018310547,254.3500061035156,254.8300018310547,61903800
2017-10-20,224.570068359375,257.1099853515625,257.1400146484375,255.7700042724609,256.70001220703125,89176400
2017-10-23,223.69659423828125,256.1099853515625,257.510009765625,256.0199890136719,257.4800109863281,63915300
2017-10-24,224.0896453857422,256.5599975585937,256.8299865722656,256.1499938964844,256.6000061035156,66935900
2017-10-25,222.9804229736328,255.2899932861328,256.3099975585937,254.0,256.17999267578125,103715300
2017-10-26,223.26858520507807,255.6199951171875,256.29998779296875,255.47999572753903,255.9900054931641,69798000
2017-10-27,225.0940856933593,257.7099914550781,257.8900146484375,255.6300048828125,256.4700012207031,85562500
2017-10-30,224.2556304931641,256.75,257.6000061035156,256.4100036621094,256.4700012207031,54285700
2017-10-31,224.60498046875,257.1499938964844,257.44000244140625,256.8099975585937,257.17999267578125,60304800
2017-11-01,224.90196228027344,257.489990234375,258.42999267578125,257.07000732421875,258.0400085449219,54202700
2017-11-02,224.98927307128903,257.5899963378906,257.75,256.19000244140625,257.4100036621094,56449500
2017-11-03,225.7404937744141,258.45001220703125,258.5,257.29998779296875,257.7699890136719,59589700
2017-11-06,226.08987426757807,258.8500061035156,259.0,258.2200012207031,258.29998779296875,49652600
2017-11-07,225.9326171875,258.6700134277344,259.3500061035156,258.0899963378906,258.9700012207031,57502200
2017-11-08,226.31690979003903,259.1099853515625,259.2200012207031,258.1499938964844,258.4700012207031,50469600
2017-11-09,225.4959259033203,258.1700134277344,258.3900146484375,256.3599853515625,257.7300109863281,95085500
2017-11-10,225.426010131836,258.0899963378906,258.2900085449219,257.3699951171875,257.7300109863281,59984700
2017-11-13,225.63563537597656,258.3299865722656,258.5899963378906,257.2699890136719,257.3099975585937,50228600
2017-11-14,225.111557006836,257.7300109863281,257.8500061035156,256.5199890136719,257.4100036621094,61315200
2017-11-15,223.9848022460937,256.44000244140625,257.2200012207031,255.6300048828125,256.6199951171875,80811500
2017-11-16,225.888900756836,258.6199951171875,259.0400085449219,257.4700012207031,257.5199890136719,67777000
2017-11-17,225.22515869140625,257.8599853515625,258.5899963378906,257.7699890136719,258.2200012207031,75756800
2017-11-20,225.6094665527344,258.29998779296875,258.5199890136719,257.8599853515625,258.1400146484375,48075500
2017-11-21,227.0855407714844,259.989990234375,260.20001220703125,258.260009765625,259.17999267578125,69176800
2017-11-22,226.8846893310547,259.760009765625,260.1499938964844,259.57000732421875,260.0,45033400
2017-11-24,227.40875244140625,260.3599853515625,260.4800109863281,260.1600036621094,260.32000732421875,27856500
2017-11-27,227.29522705078125,260.2300109863281,260.75,260.0,260.4100036621094,52274900
2017-11-28,229.60108947753903,262.8699951171875,262.8999938964844,260.6499938964844,260.760009765625,98971700
2017-11-29,229.4612579345703,262.7099914550781,263.6300048828125,262.20001220703125,263.0199890136719,77512100
2017-11-30,231.4702911376953,265.010009765625,266.04998779296875,263.6700134277344,263.760009765625,127894400
2017-12-01,230.98980712890625,264.4599914550781,265.3099975585937,260.760009765625,264.760009765625,164390900
2017-12-04,230.7103271484375,264.1400146484375,266.79998779296875,264.0799865722656,266.3099975585937,94040600
2017-12-05,229.880615234375,263.19000244140625,265.1499938964844,263.0400085449219,263.19000244140625,77994500
2017-12-06,229.92420959472656,263.239990234375,263.7300109863281,262.7099914550781,263.29998779296875,75898600
2017-12-07,230.64923095703125,264.07000732421875,264.42999267578125,262.94000244140625,264.07000732421875,77218600
2017-12-08,231.9069366455078,265.510009765625,265.5199890136719,264.0299987792969,265.1600036621094,76563900
2017-12-11,232.60568237304688,266.3099975585937,266.3800048828125,265.4800109863281,266.3099975585937,83077500
2017-12-12,233.0161895751953,266.7799987792969,267.32000732421875,266.3500061035156,267.2099914550781,85195800
2017-12-13,232.9900054931641,266.75,267.5599975585937,266.6499938964844,267.0599975585937,102905400
2017-12-14,232.0379943847656,265.6600036621094,267.2200012207031,265.6000061035156,267.0899963378906,100666700
2017-12-15,233.9701995849609,266.510009765625,267.0400085449219,265.3900146484375,265.45001220703125,144610300
2017-12-18,235.4538726806641,268.20001220703125,268.6000061035156,267.9800109863281,268.1000061035156,83653600
2017-12-19,234.5496826171875,267.1700134277344,268.5299987792969,267.0899963378906,268.4800109863281,82382900
2017-12-20,234.42677307128903,267.0299987792969,268.3299865722656,266.69000244140625,268.2699890136719,76751500
2017-12-21,234.9096069335937,267.5799865722656,268.3900146484375,267.29998779296875,267.739990234375,67032300
2017-12-22,234.8481292724609,267.510009765625,267.6400146484375,266.8999938964844,267.6000061035156,78720900
2017-12-26,234.5672302246093,267.19000244140625,267.44000244140625,266.8900146484375,267.04998779296875,45244400
2017-12-27,234.68130493164065,267.32000732421875,267.7300109863281,267.010009765625,267.3800048828125,57751000
2017-12-28,235.1641387939453,267.8699951171875,267.9200134277344,267.45001220703125,267.8900146484375,45116100
2017-12-29,234.2774658203125,266.8599853515625,268.54998779296875,266.6400146484375,268.5299987792969,96007400
2018-01-02,235.9542388916016,268.7699890136719,268.8099975585937,267.3999938964844,267.8399963378906,86655700
2018-01-03,237.4467315673828,270.4700012207031,270.6400146484375,268.9599914550781,268.9599914550781,90070400
2018-01-04,238.44754028320312,271.6099853515625,272.1600036621094,270.5400085449219,271.20001220703125,80636400
2018-01-05,240.0365600585937,273.4200134277344,273.5599975585937,271.95001220703125,272.510009765625,83524000
2018-01-08,240.4754333496093,273.9200134277344,274.1000061035156,272.9800109863281,273.3099975585937,57319200
2018-01-09,241.0198516845703,274.5400085449219,275.25,274.0799865722656,274.3999938964844,57254000
2018-01-10,240.6510467529297,274.1199951171875,274.4200134277344,272.9200134277344,273.67999267578125,69574300
2018-01-11,242.40684509277344,276.1199951171875,276.1199951171875,274.5599975585937,274.75,62361500
2018-01-12,243.9871368408203,277.9200134277344,278.1099853515625,276.0799865722656,276.4200134277344,90816100
2018-01-16,243.15318298339844,276.9700012207031,280.0899963378906,276.17999267578125,279.3500061035156,106555100
2018-01-17,245.4707946777344,279.6099853515625,280.04998779296875,276.9700012207031,278.0299987792969,113258800
2018-01-18,245.05821228027344,279.1400146484375,279.9599914550781,278.5799865722656,279.4800109863281,100728000
2018-01-19,246.1730499267578,280.4100036621094,280.4100036621094,279.1400146484375,279.79998779296875,140920100
2018-01-22,248.1747283935547,282.69000244140625,282.69000244140625,280.1099853515625,280.1700134277344,91322400
2018-01-23,248.701400756836,283.2900085449219,283.6199951171875,282.3699951171875,282.739990234375,97084700
2018-01-24,248.6048583984375,283.17999267578125,284.70001220703125,281.8399963378906,284.0199890136719,134816100
2018-01-25,248.7102966308593,283.29998779296875,284.2699890136719,282.3999938964844,284.1600036621094,84587300
2018-01-26,251.58973693847656,286.5799865722656,286.6300048828125,283.9599914550781,284.25,107743100
2018-01-29,249.9217529296875,284.67999267578125,286.42999267578125,284.5,285.92999267578125,90118300
2018-01-30,247.35826110839844,281.760009765625,284.739990234375,281.2200012207031,282.6000061035156,131796400
2018-01-31,247.48117065429688,281.8999938964844,283.29998779296875,280.67999267578125,282.7300109863281,108364800
2018-02-01,247.20022583007807,281.5799865722656,283.0599975585937,280.67999267578125,281.07000732421875,90102500
2018-02-02,241.81874084472656,275.45001220703125,280.2300109863281,275.4100036621094,280.0799865722656,173174800
2018-02-05,231.70526123046875,263.92999267578125,275.8500061035156,263.3099975585937,273.45001220703125,294681800
2018-02-06,236.2703094482422,269.1300048828125,269.70001220703125,258.70001220703125,259.94000244140625,355026800
2018-02-07,234.98863220214844,267.6700134277344,272.3599853515625,267.5799865722656,268.5,167376100
2018-02-08,226.1744537353516,257.6300048828125,268.1700134277344,257.5899963378906,268.010009765625,246449500
2018-02-09,229.57192993164065,261.5,263.6099853515625,252.9199981689453,260.79998779296875,283565300
2018-02-12,232.94308471679688,265.3399963378906,267.010009765625,261.6600036621094,263.8299865722656,143736000
2018-02-13,233.52247619628903,266.0,266.6199951171875,263.3099975585937,263.9700012207031,81223600
2018-02-14,236.6741638183593,269.5899963378906,270.0,264.29998779296875,264.3099975585937,120735700
2018-02-15,239.6941375732422,273.0299987792969,273.0400085449219,268.7699890136719,271.57000732421875,111200300
2018-02-16,239.76443481445312,273.1099853515625,275.32000732421875,272.2699890136719,272.32000732421875,160420100
2018-02-20,238.26319885253903,271.3999938964844,273.6700134277344,270.5,272.0299987792969,86369700
2018-02-21,237.0780334472656,270.04998779296875,274.7200012207031,269.94000244140625,271.8999938964844,98883700
2018-02-22,237.3852996826172,270.3999938964844,273.04998779296875,269.6400146484375,271.1000061035156,110511300
2018-02-23,241.1690673828125,274.7099914550781,274.7099914550781,271.25,271.7900085449219,92766400
2018-02-26,243.9696350097656,277.8999938964844,278.010009765625,275.260009765625,275.92999267578125,86491400
2018-02-27,240.92320251464844,274.42999267578125,278.9200134277344,274.3599853515625,278.1099853515625,99099200
2018-02-28,238.4826202392578,271.6499938964844,276.19000244140625,271.2900085449219,275.67999267578125,121907800
2018-03-01,235.0150146484375,267.70001220703125,273.1700134277344,266.0,271.4100036621094,176855100
2018-03-02,236.2264404296875,269.0799865722656,269.7200012207031,264.82000732421875,265.79998779296875,139083200
2018-03-05,238.95675659179688,272.19000244140625,272.8900146484375,267.6099853515625,267.7300109863281,97307400
2018-03-06,239.56246948242188,272.8800048828125,273.3900146484375,271.17999267578125,273.29998779296875,79213200
2018-03-07,239.4746856689453,272.7799987792969,273.17999267578125,270.20001220703125,270.4200134277344,87063500
2018-03-08,240.633529663086,274.1000061035156,274.239990234375,272.4200134277344,273.54998779296875,66901200
2018-03-09,244.82118225097656,278.8699951171875,278.8699951171875,275.3399963378906,275.70001220703125,113625300
2018-03-12,244.5139312744141,278.5199890136719,279.9100036621094,278.0799865722656,279.20001220703125,71924800
2018-03-13,242.9337158203125,276.7200012207031,280.4100036621094,276.0299987792969,279.8399963378906,91968900
2018-03-14,241.68702697753903,275.29998779296875,278.0199890136719,274.6700134277344,277.8099975585937,105895100
2018-03-15,241.42361450195312,275.0,276.6099853515625,274.42999267578125,275.8800048828125,83433000
2018-03-16,241.6854553222656,274.20001220703125,275.3900146484375,274.1400146484375,274.5,100343700
2018-03-19,238.4153289794922,270.489990234375,274.3999938964844,268.6199951171875,273.3500061035156,109208400
2018-03-20,238.82081604003903,270.95001220703125,271.6700134277344,270.17999267578125,270.94000244140625,59757300
2018-03-21,238.3624725341797,270.42999267578125,273.2699890136719,270.19000244140625,270.8999938964844,78709600
2018-03-22,232.40408325195312,263.6700134277344,268.8699951171875,263.3599853515625,267.9100036621094,148785900
2018-03-23,227.45046997070312,258.04998779296875,264.5400085449219,257.8299865722656,264.1700134277344,183534800
2018-03-26,233.6732940673828,265.1099853515625,265.42999267578125,259.4100036621094,262.1300048828125,141956100
2018-03-27,229.6981201171875,260.6000061035156,266.7699890136719,258.8399963378906,266.1700134277344,129941400
2018-03-28,229.01942443847656,259.8299865722656,262.6400146484375,258.5799865722656,260.75,146452300
2018-03-29,231.9456787109375,263.1499938964844,265.260009765625,259.8399963378906,261.1199951171875,111601600
2018-04-02,226.9392852783203,257.4700012207031,263.1300048828125,254.6699981689453,262.54998779296875,186286300
2018-04-03,229.8479766845703,260.7699890136719,261.3099975585937,256.8399963378906,258.8699951171875,119956900
2018-04-04,232.3070526123047,263.5599975585937,264.3599853515625,256.6000061035156,256.75,123715300
2018-04-05,234.14051818847656,265.6400146484375,266.6400146484375,264.32000732421875,265.54998779296875,82652600
2018-04-06,228.9224853515625,259.7200012207031,265.1099853515625,258.0,263.4200134277344,179521200
2018-04-09,230.0506591796875,261.0,264.8399963378906,259.94000244140625,261.3699951171875,105442900
2018-04-10,233.7085418701172,265.1499938964844,266.0400085449219,262.9800109863281,264.2699890136719,103529000
2018-04-11,232.4834899902344,263.760009765625,265.6400146484375,263.3900146484375,263.4700012207031,91140200
2018-04-12,234.39605712890625,265.92999267578125,267.0,265.0599975585937,265.260009765625,68890500
2018-04-13,233.7085418701172,265.1499938964844,267.5400085449219,264.010009765625,267.4100036621094,85079200
2018-04-16,235.6300506591797,267.3299865722656,268.20001220703125,266.07000732421875,267.0,63405300
2018-04-17,238.15087890625,270.19000244140625,270.8699951171875,268.75,269.3299865722656,64682000
2018-04-18,238.32725524902344,270.3900146484375,271.29998779296875,269.8699951171875,270.69000244140625,57303900
2018-04-19,237.00509643554688,268.8900146484375,269.8800048828125,267.7200012207031,269.6499938964844,77655900
2018-04-20,234.99542236328125,266.6099853515625,269.0599975585937,265.6099853515625,268.8099975585937,99953100
2018-04-23,234.960189819336,266.57000732421875,267.8900146484375,265.3500061035156,267.260009765625,65558000
2018-04-24,231.79586791992188,262.9800109863281,267.9800109863281,261.2799987792969,267.7300109863281,112885500
2018-04-25,232.3687896728516,263.6300048828125,264.1300048828125,260.8500061035156,262.9100036621094,103840900
2018-04-26,234.73098754882807,266.3099975585937,267.25,264.2900085449219,264.7900085449219,67731900
2018-04-27,234.9513702392578,266.5599975585937,267.3399963378906,265.5,267.0,57053600
2018-04-30,233.1444702148437,264.510009765625,267.8900146484375,264.42999267578125,267.260009765625,82182300
2018-05-01,233.5587615966797,264.9800109863281,265.1000061035156,262.1099853515625,263.8699951171875,74203400
2018-05-02,231.9898376464844,263.20001220703125,265.67999267578125,262.760009765625,264.760009765625,86368900
2018-05-03,231.47857666015625,262.6199951171875,263.3599853515625,259.04998779296875,262.260009765625,136311500
2018-05-04,234.47540283203125,266.0199890136719,266.7900085449219,261.1499938964844,261.5199890136719,91222100
2018-05-07,235.2687225341797,266.9200134277344,268.0199890136719,266.1099853515625,266.8900146484375,55304900
2018-05-08,235.2687225341797,266.9200134277344,267.3299865722656,265.1499938964844,266.5,67499200
2018-05-09,237.5427398681641,269.5,269.8699951171875,267.0899963378906,267.67999267578125,59666100
2018-05-10,239.76388549804688,272.0199890136719,272.3900146484375,270.2200012207031,270.3399963378906,72063900
2018-05-11,240.4955139160156,272.8500061035156,273.1499938964844,271.5799865722656,272.1600036621094,59871500
2018-05-14,240.6101226806641,272.9800109863281,274.0799865722656,272.3599853515625,273.3399963378906,54790600
2018-05-15,238.95298767089844,271.1000061035156,271.6099853515625,270.0299987792969,271.5899963378906,87036100
2018-05-16,239.9578094482422,272.239990234375,272.760009765625,271.1099853515625,271.1400146484375,53942600
2018-05-17,239.75515747070312,272.010009765625,273.2300109863281,271.1300048828125,271.94000244140625,56536400
2018-05-18,239.15576171875,271.3299865722656,272.0299987792969,270.92999267578125,271.6199951171875,64368000
2018-05-21,240.95379638671875,273.3699951171875,273.9800109863281,272.57000732421875,273.010009765625,58025900
2018-05-22,240.2839813232422,272.6099853515625,274.25,272.239990234375,273.9599914550781,52966400
2018-05-23,240.94500732421875,273.3599853515625,273.3900146484375,270.989990234375,271.1700134277344,64694200
2018-05-24,240.451400756836,272.79998779296875,273.2200012207031,270.7799987792969,272.9100036621094,76043800
2018-05-25,239.87844848632807,272.1499938964844,272.8599853515625,271.5799865722656,272.1499938964844,56374800
2018-05-29,237.11962890625,269.0199890136719,271.1700134277344,267.760009765625,270.3099975585937,115908600
2018-05-30,240.2839813232422,272.6099853515625,273.1099853515625,270.4200134277344,270.5,69678400
2018-05-31,238.8119659423828,270.94000244140625,272.489990234375,270.260009765625,272.1499938964844,93519900
2018-06-01,241.15670776367188,273.6000061035156,273.94000244140625,272.3299865722656,272.4100036621094,71258400
2018-06-04,242.30239868164065,274.8999938964844,275.19000244140625,274.260009765625,274.5299987792969,45385200
2018-06-05,242.47869873046875,275.1000061035156,275.5299987792969,274.17999267578125,275.04998779296875,51135000
2018-06-06,244.50601196289065,277.3999938964844,277.5199890136719,275.0899963378906,275.7900085449219,62732200
2018-06-07,244.4794311523437,277.3699951171875,278.2799987792969,276.3399963378906,277.95001220703125,72969400
2018-06-08,245.20230102539065,278.19000244140625,278.25,276.6600036621094,276.8500061035156,72139700
2018-06-11,245.52838134765625,278.5599975585937,279.3699951171875,278.3099975585937,278.44000244140625,58892500
2018-06-12,245.8457489013672,278.9200134277344,279.3299865722656,278.19000244140625,279.0299987792969,72329000
2018-06-13,245.061264038086,278.0299987792969,279.4800109863281,277.79998779296875,279.19000244140625,79070600
2018-06-14,245.67823791503903,278.7300109863281,279.3299865722656,278.0599975585937,279.010009765625,77097600
2018-06-15,245.3648681640625,277.1300048828125,277.510009765625,275.3500061035156,276.6000061035156,120041600
2018-06-18,244.86016845703125,276.5599975585937,276.70001220703125,274.95001220703125,275.489990234375,52917600
2018-06-19,243.92166137695312,275.5,275.75,273.5299987792969,274.0,97531500
2018-06-20,244.3378143310547,275.9700012207031,276.7200012207031,275.5899963378906,276.2699890136719,53785500
2018-06-21,242.80615234375,274.239990234375,275.9800109863281,273.67999267578125,275.9599914550781,71061400
2018-06-22,243.24874877929688,274.739990234375,275.7900085449219,274.489990234375,275.6600036621094,54898500
2018-06-25,239.9374389648437,271.0,273.6199951171875,269.1000061035156,273.44000244140625,137854200
2018-06-26,240.46876525878903,271.6000061035156,272.5599975585937,270.7900085449219,271.6400146484375,68547400
2018-06-27,238.47662353515625,269.3500061035156,273.8699951171875,269.17999267578125,272.260009765625,105110700
2018-06-28,239.8401031494141,270.8900146484375,271.75,268.489990234375,269.2900085449219,76650500
2018-06-29,240.18533325195312,271.2799987792969,273.6600036621094,271.1499938964844,272.1199951171875,97592500
2018-07-02,240.6988983154297,271.8599853515625,272.0400085449219,269.239990234375,269.510009765625,63554800
2018-07-03,239.8489227294922,270.8999938964844,272.9800109863281,270.4200134277344,272.8699951171875,42187100
2018-07-05,241.8056182861328,273.1099853515625,273.17999267578125,270.9599914550781,272.1700134277344,56925900
2018-07-06,243.850830078125,275.4200134277344,275.8399963378906,272.7099914550781,273.1400146484375,66493700
2018-07-09,246.046630859375,277.8999938964844,277.9599914550781,276.5,276.54998779296875,50550400
2018-07-10,246.9319305419922,278.8999938964844,279.010009765625,278.0799865722656,278.4100036621094,51966800
2018-07-11,245.1258239746093,276.8599853515625,278.0400085449219,276.5199890136719,277.1499938964844,77054700
2018-07-12,247.3480834960937,279.3699951171875,279.42999267578125,277.6000061035156,278.2799987792969,60124700
2018-07-13,247.5429077148437,279.5899963378906,279.92999267578125,278.6600036621094,279.1700134277344,48216000
2018-07-16,247.32150268554688,279.3399963378906,279.79998779296875,278.8399963378906,279.6400146484375,48201000
2018-07-17,248.3219757080078,280.4700012207031,280.9100036621094,278.4100036621094,278.4700012207031,52315500
2018-07-18,248.8444061279297,281.0599975585937,281.17999267578125,280.0599975585937,280.5599975585937,44593500
2018-07-19,247.90586853027344,280.0,280.739990234375,279.4599914550781,280.3099975585937,61412100
2018-07-20,247.62252807617188,279.67999267578125,280.4800109863281,279.5,279.7699890136719,82337700
2018-07-23,248.0829315185547,280.20001220703125,280.42999267578125,279.0599975585937,279.45001220703125,47047600
2018-07-24,249.3313140869141,281.6099853515625,282.5599975585937,280.6300048828125,281.7900085449219,68026900
2018-07-25,251.4562225341797,284.010009765625,284.3699951171875,281.2799987792969,281.3299865722656,78882900
2018-07-26,250.86297607421875,283.3399963378906,284.1099853515625,283.0899963378906,283.20001220703125,57919500
2018-07-27,249.16314697265625,281.4200134277344,283.82000732421875,280.3800048828125,283.7099914550781,76768700
2018-07-30,247.86167907714844,279.95001220703125,281.69000244140625,279.3599853515625,281.510009765625,63742500
2018-07-31,249.0833740234375,281.3299865722656,282.0199890136719,280.3800048828125,280.8099975585937,68570500
2018-08-01,248.6672821044922,280.8599853515625,282.1300048828125,280.1300048828125,281.5599975585937,53853300
2018-08-02,250.0219573974609,282.3900146484375,282.5799865722656,279.1600036621094,279.3900146484375,63426400
2018-08-03,251.09329223632807,283.6000061035156,283.6600036621094,282.3299865722656,282.5299987792969,53935400
2018-08-06,252.01402282714844,284.6400146484375,284.989990234375,283.20001220703125,283.6400146484375,39400900
2018-08-07,252.8461761474609,285.5799865722656,286.010009765625,285.239990234375,285.3900146484375,43196600
2018-08-08,252.7400817871093,285.4599914550781,285.9100036621094,284.94000244140625,285.3900146484375,42114600
2018-08-09,252.3947296142578,285.07000732421875,285.9700012207031,284.9200134277344,285.5299987792969,35717000
2018-08-10,250.70372009277344,283.1600036621094,284.0599975585937,282.3599853515625,283.45001220703125,77076000
2018-08-13,249.7651824951172,282.1000061035156,284.1600036621094,281.7699890136719,283.4700012207031,65732900
2018-08-14,251.3588714599609,283.8999938964844,284.1700134277344,282.4800109863281,282.9200134277344,43842000
2018-08-15,249.4818420410156,281.7799987792969,282.5400085449219,280.1600036621094,282.3800048828125,102925400
2018-08-16,251.50051879882807,284.0599975585937,285.0400085449219,283.3599853515625,283.3999938964844,69967900
2018-08-17,252.38589477539065,285.0599975585937,285.5599975585937,283.3699951171875,283.8299865722656,65618500
2018-08-20,252.9259796142578,285.6700134277344,285.9700012207031,285.0599975585937,285.57000732421875,39807500
2018-08-21,253.5191802978516,286.3399963378906,287.3099975585937,285.7099914550781,286.25,67272000
2018-08-22,253.36868286132807,286.1700134277344,286.760009765625,285.5799865722656,285.8800048828125,44993300
2018-08-23,253.0321655273437,285.7900085449219,286.94000244140625,285.42999267578125,285.9700012207031,49204900
2018-08-24,254.5550537109375,287.510009765625,287.6700134277344,286.3800048828125,286.44000244140625,57487400
2018-08-27,256.5648498535156,289.7799987792969,289.8999938964844,288.67999267578125,288.8599853515625,57072400
2018-08-28,256.6888732910156,289.9200134277344,290.4200134277344,289.3999938964844,290.29998779296875,46943500
2018-08-29,258.07000732421875,291.4800109863281,291.739990234375,289.8900146484375,290.1600036621094,61485500
2018-08-30,257.0252990722656,290.29998779296875,291.3599853515625,289.6300048828125,290.94000244140625,61229500
2018-08-31,257.0341491699219,290.3099975585937,290.8099975585937,289.2900085449219,289.8399963378906,66140800
2018-09-04,256.5914611816406,289.8099975585937,290.2099914550781,288.67999267578125,289.8399963378906,57594400
2018-09-05,255.90077209472656,289.0299987792969,289.6400146484375,287.8900146484375,289.4100036621094,72452400
2018-09-06,255.1305694580078,288.1600036621094,289.489990234375,287.0,289.1499938964844,65909900
2018-09-07,254.63462829589844,287.6000061035156,288.70001220703125,286.7099914550781,286.9800109863281,73524800
2018-09-10,255.07733154296875,288.1000061035156,289.0400085449219,287.8800048828125,288.739990234375,50210900
2018-09-11,255.9185485839844,289.04998779296875,289.54998779296875,286.9800109863281,287.3699951171875,50530500
2018-09-12,255.98052978515625,289.1199951171875,289.79998779296875,288.2300109863281,289.0599975585937,59810800
2018-09-13,257.4945678710937,290.8299865722656,291.0400085449219,290.0,290.32000732421875,51034200
2018-09-14,257.5387878417969,290.8800048828125,291.2699890136719,290.0,291.0599975585937,55079900
2018-09-17,256.1753234863281,289.3399963378906,290.8599853515625,289.0299987792969,290.82000732421875,68244000
2018-09-18,257.5653076171875,290.9100036621094,291.5799865722656,289.54998779296875,289.5799865722656,61930400
2018-09-19,257.8397521972656,291.2200012207031,291.69000244140625,290.8299865722656,290.9700012207031,49080600
2018-09-20,259.9292907714844,293.5799865722656,293.94000244140625,291.239990234375,292.6400146484375,100360600
2018-09-21,259.6918334960937,291.989990234375,293.2200012207031,291.8099975585937,293.0899963378906,105479700
2018-09-24,258.8291015625,291.0199890136719,291.5,290.3699951171875,291.3399963378906,53409600
2018-09-25,258.58905029296875,290.75,291.6499938964844,290.4800109863281,291.5299987792969,44370000
2018-09-26,257.8152160644531,289.8800048828125,292.239990234375,289.4100036621094,290.9100036621094,79739700
2018-09-27,258.5355834960937,290.69000244140625,291.9100036621094,290.1000061035156,290.4100036621094,59249500
2018-09-28,258.56231689453125,290.7200012207031,291.2799987792969,289.95001220703125,289.989990234375,70091400
2018-10-01,259.4606018066406,291.7300109863281,292.92999267578125,290.9800109863281,292.1099853515625,62078900
2018-10-02,259.3093566894531,291.5599975585937,292.3599853515625,291.1400146484375,291.5599975585937,47258200
2018-10-03,259.45166015625,291.7200012207031,293.2099914550781,291.32000732421875,292.739990234375,64694600
2018-10-04,257.42388916015625,289.44000244140625,291.239990234375,287.6600036621094,291.17999267578125,111545900
2018-10-05,255.9831695556641,287.82000732421875,290.2699890136719,286.2200012207031,289.69000244140625,105951700
2018-10-08,255.9831695556641,287.82000732421875,288.2200012207031,285.5,287.04998779296875,87742200
2018-10-09,255.60952758789065,287.3999938964844,288.8599853515625,286.7699890136719,287.3900146484375,74339000
2018-10-10,247.5161895751953,278.29998779296875,286.9100036621094,277.8800048828125,286.8299865722656,214731000
2018-10-11,242.0642547607422,272.1700134277344,278.8999938964844,270.3599853515625,277.0799865722656,274840500
2018-10-12,245.4260711669922,275.95001220703125,277.0899963378906,272.3699951171875,276.7699890136719,183186500
2018-10-15,244.0475006103516,274.3999938964844,277.0400085449219,274.29998779296875,275.54998779296875,102263700
2018-10-16,249.3838653564453,280.3999938964844,280.82000732421875,276.07000732421875,276.6000061035156,118255800
2018-10-17,249.42828369140625,280.45001220703125,281.1499938964844,277.5599975585937,280.44000244140625,110626000
2018-10-18,245.8262634277344,276.3999938964844,280.07000732421875,274.9700012207031,279.3999938964844,134557500
2018-10-19,245.6929626464844,276.25,279.29998779296875,275.4700012207031,277.1300048828125,139901600
2018-10-22,244.590087890625,275.010009765625,277.3599853515625,274.4100036621094,277.0,82415800
2018-10-23,243.3449859619141,273.6099853515625,274.8699951171875,268.6099853515625,270.95001220703125,146352700
2018-10-24,235.97186279296875,265.32000732421875,273.760009765625,264.70001220703125,273.3299865722656,177806700
2018-10-25,240.2053985595703,270.0799865722656,271.8099975585937,266.2300109863281,267.3800048828125,138061500
2018-10-26,235.9807891845703,265.3299865722656,271.0,262.2900085449219,265.9200134277344,201574600
2018-10-29,234.6733856201172,263.8599853515625,270.25,259.8500061035156,268.79998779296875,160749100
2018-10-30,238.1508636474609,267.7699890136719,268.1199951171875,263.1199951171875,263.6700134277344,157116000
2018-10-31,240.694580078125,270.6300048828125,273.2300109863281,270.1199951171875,270.6499938964844,128296300
2018-11-01,243.2559814453125,273.510009765625,273.7300109863281,270.3800048828125,271.6000061035156,99495000
2018-11-02,241.81515502929688,271.8900146484375,275.2300109863281,269.5899963378906,274.75,122634100
2018-11-05,243.1492462158203,273.3900146484375,274.010009765625,271.3500061035156,272.44000244140625,65622500
2018-11-06,244.6879272460937,275.1199951171875,275.29998779296875,273.25,273.32000732421875,60085900
2018-11-07,249.9263610839844,281.010009765625,281.1000061035156,277.0799865722656,277.5599975585937,102752100
2018-11-08,249.4727325439453,280.5,281.2200012207031,279.2200012207031,280.1099853515625,65584900
2018-11-09,247.03591918945312,277.760009765625,279.239990234375,276.17999267578125,279.0299987792969,98812600
2018-11-12,242.4200134277344,272.57000732421875,277.4599914550781,271.989990234375,277.19000244140625,99673600
2018-11-13,241.96636962890625,272.0599975585937,275.3299865722656,271.25,273.0899963378906,98176600
2018-11-14,240.31216430664065,270.20001220703125,274.6099853515625,268.45001220703125,274.1600036621094,125335900
2018-11-15,242.8201904296875,273.0199890136719,273.5400085449219,267.010009765625,268.7799987792969,135101400
2018-11-16,243.45162963867188,273.7300109863281,274.75,271.2099914550781,271.7900085449219,126668000
2018-11-19,239.3338165283203,269.1000061035156,273.3800048828125,268.07000732421875,273.04998779296875,103061700
2018-11-20,234.9046325683593,264.1199951171875,267.0,263.1499938964844,265.3599853515625,136021300
2018-11-21,235.70509338378903,265.0199890136719,267.1499938964844,265.010009765625,265.8599853515625,75563700
2018-11-23,234.13087463378903,263.25,264.82000732421875,263.07000732421875,263.17999267578125,42807900
2018-11-26,237.9107818603516,267.5,267.75,265.3399963378906,265.7799987792969,79981400
2018-11-27,238.7112274169922,268.3999938964844,268.3999938964844,265.6600036621094,266.3399963378906,75502400
2018-11-28,244.2076416015625,274.5799865722656,274.5799865722656,268.3299865722656,269.6000061035156,127629600
2018-11-29,243.6740264892578,273.9800109863281,275.54998779296875,272.42999267578125,273.7099914550781,82346400
2018-11-30,245.15928649902344,275.6499938964844,276.2799987792969,273.45001220703125,273.8099975585937,98204200
2018-12-03,248.405517578125,279.29998779296875,280.3999938964844,277.510009765625,280.2799987792969,103176300
2018-12-04,240.3565673828125,270.25,278.8500061035156,269.8999938964844,278.3699951171875,177986000
2018-12-06,239.99188232421875,269.8399963378906,269.9700012207031,262.44000244140625,265.9200134277344,204185400
2018-12-07,234.4154815673828,263.57000732421875,271.2200012207031,262.6300048828125,269.4599914550781,161018900
2018-12-10,234.86013793945312,264.07000732421875,265.1600036621094,258.6199951171875,263.3699951171875,151445900
2018-12-11,234.9135589599609,264.1300048828125,267.8699951171875,262.4800109863281,267.6600036621094,121504400
2018-12-12,236.0964813232422,265.4599914550781,269.0,265.3699951171875,267.4700012207031,97976700
2018-12-13,236.016357421875,265.3699951171875,267.489990234375,264.1199951171875,266.5199890136719,96662700
2018-12-14,231.6584014892578,260.4700012207031,264.0299987792969,259.8500061035156,262.9599914550781,116961100
2018-12-17,227.1136169433593,255.3600006103516,260.6499938964844,253.52999877929688,259.3999938964844,165492300
2018-12-18,226.8645935058593,255.0800018310547,257.95001220703125,253.27999877929688,257.20001220703125,134515100
2018-12-19,223.46714782714844,251.259994506836,259.3999938964844,249.3500061035156,255.1699981689453,214992800
2018-12-20,219.82958984375,247.1699981689453,251.6199951171875,244.6499938964844,249.8600006103516,252053400
2018-12-21,215.3253173828125,240.6999969482422,249.7100067138672,239.97999572753903,246.7400054931641,255345600
2018-12-24,209.63580322265625,234.33999633789065,240.83999633789065,234.2700042724609,239.0399932861328,147311600
2018-12-26,220.22764587402344,246.17999267578125,246.17999267578125,233.759994506836,235.97000122070312,218485400
2018-12-27,221.91842651367188,248.07000732421875,248.2899932861328,238.9600067138672,242.57000732421875,186267300
2018-12-28,221.63211059570312,247.75,251.3999938964844,246.4499969482422,249.5800018310547,153100200
2018-12-31,223.57334899902344,249.9199981689453,250.19000244140625,247.47000122070312,249.5599975585937,144299400
2019-01-02,223.8059539794922,250.17999267578125,251.2100067138672,245.9499969482422,245.97999572753903,126925200
2019-01-03,218.46534729003903,244.2100067138672,248.57000732421875,243.6699981689453,248.22999572753903,144140700
2019-01-04,225.782958984375,252.38999938964844,253.1100006103516,247.1699981689453,247.58999633789065,142628800
2019-01-07,227.563217163086,254.3800048828125,255.9499969482422,251.69000244140625,252.69000244140625,103139100
2019-01-08,229.7012634277344,256.7699890136719,257.3099975585937,254.0,256.82000732421875,102512600
2019-01-09,230.77479553222656,257.9700012207031,258.9100036621094,256.19000244140625,257.5599975585937,95006600
2019-01-10,231.58883666992188,258.8800048828125,259.1600036621094,255.5,256.260009765625,96823900
2019-01-11,231.67823791503903,258.9800109863281,259.010009765625,257.0299987792969,257.67999267578125,73858100
2019-01-14,230.2648468017578,257.3999938964844,258.29998779296875,256.4100036621094,256.8599853515625,70908200
2019-01-15,232.9038543701172,260.3500061035156,260.70001220703125,257.8099975585937,257.82000732421875,85208300
2019-01-16,233.4673767089844,260.9800109863281,261.9700012207031,260.6000061035156,260.8299865722656,77636700
2019-01-17,235.2387084960937,262.9599914550781,263.9200134277344,259.9599914550781,260.010009765625,96118400
2019-01-18,238.36968994140625,266.4599914550781,266.9800109863281,263.0,264.9800109863281,127900300
2019-01-22,235.1492462158203,262.8599853515625,265.0599975585937,261.0599975585937,264.82000732421875,115531200
2019-01-23,235.6412506103516,263.4100036621094,264.7900085449219,260.6600036621094,264.010009765625,86030300
2019-01-24,235.76646423339844,263.54998779296875,264.20001220703125,262.0799865722656,263.2099914550781,59204100
2019-01-25,237.76138305664065,265.7799987792969,266.70001220703125,263.6600036621094,265.6099853515625,96883400
2019-01-28,235.9543609619141,263.760009765625,263.8299865722656,261.7900085449219,263.3900146484375,85613700
2019-01-29,235.6412506103516,263.4100036621094,264.54998779296875,262.4800109863281,263.9200134277344,66136300
2019-01-30,239.3716583251953,267.5799865722656,268.5199890136719,264.25,265.1000061035156,92473700
2019-01-31,241.473876953125,269.92999267578125,270.4700012207031,267.2699890136719,267.510009765625,104012100
2019-02-01,241.5901641845703,270.0599975585937,271.20001220703125,269.17999267578125,270.1499938964844,85782500
2019-02-04,243.2899475097656,271.9599914550781,272.0299987792969,269.3599853515625,270.1099853515625,60744800
2019-02-05,244.30967712402344,273.1000061035156,273.44000244140625,271.8800048828125,272.44000244140625,79552800
2019-02-06,243.9877319335937,272.739990234375,273.3399963378906,271.9200134277344,272.7900085449219,58347800
2019-02-07,241.66180419921875,270.1400146484375,271.54998779296875,268.2900085449219,270.94000244140625,95482000
2019-02-08,241.9569854736328,270.4700012207031,270.5799865722656,267.8299865722656,268.75,75788900
2019-02-11,242.09112548828125,270.6199951171875,271.489990234375,270.0299987792969,271.20001220703125,68021400
2019-02-12,245.20425415039065,274.1000061035156,274.5199890136719,272.3399963378906,272.4200134277344,72270200
2019-02-13,246.00045776367188,274.989990234375,275.92999267578125,274.5599975585937,275.0299987792969,65277200
2019-02-14,245.454833984375,274.3800048828125,275.6400146484375,272.8699951171875,273.7799987792969,83234400
2019-02-15,248.12950134277344,277.3699951171875,277.4100036621094,276.1300048828125,276.3599853515625,97088700
2019-02-19,248.55897521972656,277.8500061035156,278.5799865722656,276.4700012207031,276.4800109863281,59120800
2019-02-20,249.05995178222656,278.4100036621094,278.9200134277344,277.25,277.8099975585937,76610800
2019-02-21,248.17434692382807,277.4200134277344,278.1000061035156,276.3500061035156,277.70001220703125,64214700
2019-02-22,249.71299743652344,279.1400146484375,279.3599853515625,277.3999938964844,278.1099853515625,78114600
2019-02-25,250.05291748046875,279.5199890136719,281.3099975585937,279.42999267578125,280.7300109863281,69030700
2019-02-26,249.87405395507807,279.32000732421875,280.29998779296875,278.8999938964844,279.1300048828125,56844100
2019-02-27,249.7666473388672,279.20001220703125,279.5899963378906,277.4800109863281,278.5199890136719,56921600
2019-02-28,249.30148315429688,278.67999267578125,279.45001220703125,278.32000732421875,278.9599914550781,69268300
2019-03-01,250.8580474853516,280.4200134277344,280.8800048828125,278.82000732421875,280.44000244140625,78880500
2019-03-04,249.9456329345703,279.3999938964844,281.8699951171875,276.8399963378906,281.6000061035156,106494600
2019-03-05,249.6056671142578,279.0199890136719,279.760009765625,278.4100036621094,279.5400085449219,59114600
2019-03-06,248.0937957763672,277.3299865722656,279.1600036621094,276.9700012207031,279.1499938964844,75039800
2019-03-07,246.01834106445312,275.010009765625,276.989990234375,274.07000732421875,276.8299865722656,94885100
2019-03-08,245.5263519287109,274.4599914550781,274.6499938964844,272.4200134277344,272.94000244140625,85795800
2019-03-11,249.0867919921875,278.44000244140625,278.6199951171875,275.2300109863281,275.260009765625,65098900
2019-03-12,250.02609252929688,279.489990234375,280.07000732421875,278.8500061035156,279.0599975585937,79667500
2019-03-13,251.6810302734375,281.3399963378906,282.3800048828125,280.29998779296875,280.4800109863281,80639200
2019-03-14,251.51998901367188,281.1600036621094,281.8399963378906,280.6700134277344,281.3699951171875,67518400
2019-03-15,252.76271057128903,281.3099975585937,282.2099914550781,280.3299865722656,280.5400085449219,81309000
2019-03-18,253.67916870117188,282.3299865722656,282.6600036621094,281.29998779296875,281.54998779296875,62199800
2019-03-19,253.7420959472656,282.3999938964844,284.3599853515625,281.4100036621094,283.510009765625,90268100
2019-03-20,252.97833251953125,281.54998779296875,283.5,280.32000732421875,282.1600036621094,84609200
2019-03-21,255.83563232421875,284.7300109863281,285.17999267578125,280.5899963378906,280.6400146484375,79550400
2019-03-22,250.91177368164065,279.25,283.79998779296875,279.17999267578125,283.2200012207031,122659300
2019-03-25,250.72311401367188,279.0400085449219,280.19000244140625,277.6400146484375,278.8699951171875,85575200
2019-03-26,252.59201049804688,281.1199951171875,282.17999267578125,279.5599975585937,280.989990234375,68125900
2019-03-27,251.27110290527344,279.6499938964844,281.760009765625,277.92999267578125,281.1099853515625,72224700
2019-03-28,252.2235717773437,280.7099914550781,281.2099914550781,279.07000732421875,280.3500061035156,56238500
2019-03-29,253.81398010253903,282.4800109863281,282.8399963378906,281.1400146484375,282.3900146484375,82186800
2019-04-01,256.8239440917969,285.8299865722656,286.1600036621094,284.3999938964844,284.70001220703125,77617900
2019-04-02,256.94976806640625,285.9700012207031,286.2300109863281,285.0899963378906,286.0400085449219,40070400
2019-04-03,257.3540954589844,286.4200134277344,287.760009765625,285.75,287.32000732421875,68243200
2019-04-04,258.03692626953125,287.17999267578125,287.4599914550781,286.010009765625,286.7799987792969,48997500
2019-04-05,259.28594970703125,288.57000732421875,288.6300048828125,287.6000061035156,287.9200134277344,58621700
2019-04-08,259.4836730957031,288.7900085449219,288.9100036621094,287.3699951171875,288.1000061035156,53566300
2019-04-09,258.1537475585937,287.3099975585937,288.0799865722656,286.70001220703125,287.7200012207031,66142300
2019-04-10,259.034423828125,288.2900085449219,288.3900146484375,287.3099975585937,287.7699890136719,52601500
2019-04-11,258.9624938964844,288.2099914550781,288.8399963378906,287.5799865722656,288.8299865722656,55093100
2019-04-12,260.7146301269531,290.1600036621094,290.4700012207031,288.260009765625,290.0,69727800
2019-04-15,260.5439147949219,289.9700012207031,290.3500061035156,289.0799865722656,290.239990234375,49596700
2019-04-16,260.7146301269531,290.1600036621094,291.010009765625,289.5,290.95001220703125,52153200
2019-04-17,260.0765991210937,289.45001220703125,291.42999267578125,288.989990234375,291.3999938964844,58268300
2019-04-18,260.5887756347656,290.0199890136719,290.32000732421875,288.6600036621094,290.1000061035156,68708500
2019-04-22,260.8134765625,290.2699890136719,290.44000244140625,289.07000732421875,289.1700134277344,40160100
2019-04-23,263.1584777832031,292.8800048828125,293.1400146484375,290.4200134277344,290.67999267578125,52246600
2019-04-24,262.5746459960937,292.2300109863281,293.1600036621094,292.07000732421875,292.7900085449219,50392900
2019-04-25,262.41278076171875,292.04998779296875,292.7799987792969,290.7300109863281,292.1199951171875,57770900
2019-04-26,263.6347961425781,293.4100036621094,293.489990234375,291.239990234375,292.1000061035156,50916400
2019-04-29,264.0480651855469,293.8699951171875,294.45001220703125,293.4100036621094,293.510009765625,57197700
2019-04-30,264.18280029296875,294.0199890136719,294.3399963378906,291.9200134277344,293.489990234375,81111700
2019-05-01,262.1971435546875,291.8099975585937,294.95001220703125,291.79998779296875,294.7200012207031,71671900
2019-05-02,261.6310729980469,291.17999267578125,292.70001220703125,289.5199890136719,291.67999267578125,65030200
2019-05-03,264.1918029785156,294.0299987792969,294.3399963378906,291.29998779296875,292.82000732421875,56543700
2019-05-06,263.1045837402344,292.82000732421875,293.3099975585937,288.8999938964844,289.25,107198100
2019-05-07,258.7109069824219,287.92999267578125,290.8099975585937,285.8099975585937,290.1499938964844,144729900
2019-05-08,258.3514709472656,287.5299987792969,289.42999267578125,286.8699951171875,287.5299987792969,91568300
2019-05-09,257.5697937011719,286.6600036621094,287.3299865722656,283.29998779296875,285.2300109863281,103471100
2019-05-10,258.8636169433594,288.1000061035156,288.94000244140625,282.29998779296875,285.6199951171875,112429300
2019-05-13,252.3583221435547,280.8599853515625,283.489990234375,279.92999267578125,282.4200134277344,127290500
2019-05-14,254.64051818847656,283.3999938964844,285.1000061035156,281.8500061035156,281.989990234375,77003200
2019-05-15,256.13214111328125,285.0599975585937,285.7699890136719,281.3599853515625,281.5899963378906,73956400
2019-05-16,258.5042724609375,287.70001220703125,289.2099914550781,285.760009765625,285.8399963378906,76749600
2019-05-17,256.8330078125,285.8399963378906,288.6000061035156,285.1199951171875,285.1400146484375,100353000
2019-05-20,255.1347503662109,283.95001220703125,285.9599914550781,283.1199951171875,284.0599975585937,62877600
2019-05-21,257.4350891113281,286.510009765625,286.92999267578125,285.54998779296875,285.8299865722656,46847100
2019-05-22,256.6442565917969,285.6300048828125,286.69000244140625,285.1000061035156,285.45001220703125,49482500
2019-05-23,253.508529663086,282.1400146484375,283.2099914550781,280.57000732421875,283.1600036621094,98733800
2019-05-24,254.08349609375,282.7799987792969,284.20001220703125,282.0899963378906,283.739990234375,55268100
2019-05-28,251.72039794921875,280.1499938964844,284.1499938964844,280.1300048828125,283.0899963378906,70029400
2019-05-29,250.0311889648437,278.2699890136719,279.3599853515625,276.7099914550781,278.9100036621094,104972900
2019-05-30,250.7141265869141,279.0299987792969,280.0400085449219,277.8099975585937,279.1099853515625,62523800
2019-05-31,247.3355865478516,275.2699890136719,277.1199951171875,275.239990234375,276.20001220703125,86862800
2019-06-03,246.7066650390625,274.57000732421875,276.54998779296875,273.0899963378906,275.3099975585937,96428000
2019-06-04,252.0618133544922,280.5299987792969,280.67999267578125,276.6199951171875,277.1199951171875,77231900
2019-06-05,254.2452850341797,282.9599914550781,282.989990234375,280.32000732421875,282.3299865722656,71169700
2019-06-06,255.89849853515625,284.79998779296875,285.54998779296875,282.57000732421875,283.2900085449219,69430400
2019-06-07,258.459228515625,287.6499938964844,288.8500061035156,285.739990234375,285.92999267578125,74272200
2019-06-10,259.6453552246094,288.9700012207031,290.82000732421875,288.8699951171875,289.3699951171875,60799100
2019-06-11,259.5824279785156,288.8999938964844,291.3999938964844,288.17999267578125,290.989990234375,58641300
2019-06-12,259.124267578125,288.3900146484375,289.260009765625,287.82000732421875,288.6400146484375,47096300
2019-06-13,260.1934814453125,289.5799865722656,289.9800109863281,288.6199951171875,289.3999938964844,48945200
2019-06-14,259.90594482421875,289.260009765625,289.92999267578125,288.4100036621094,289.260009765625,52324700
2019-06-17,260.0047302246094,289.3699951171875,290.2200012207031,289.17999267578125,289.5199890136719,39205700
2019-06-18,262.72723388671875,292.3999938964844,293.57000732421875,290.989990234375,291.3900146484375,85434800
2019-06-19,263.3202514648437,293.0599975585937,293.6499938964844,291.4700012207031,292.54998779296875,78674400
2019-06-20,265.8361511230469,295.8599853515625,296.3099975585937,293.1300048828125,296.0400085449219,116570000
2019-06-21,265.4496765136719,294.0,295.5199890136719,293.760009765625,294.1300048828125,83309500
2019-06-24,265.12469482421875,293.6400146484375,294.5799865722656,293.4700012207031,294.2300109863281,47582700
2019-06-25,262.5244140625,290.760009765625,293.7300109863281,290.6400146484375,293.70001220703125,82028700
2019-06-26,262.26251220703125,290.4700012207031,292.3099975585937,290.3500061035156,291.75,51584900
2019-06-27,263.19256591796875,291.5,292.0599975585937,290.8900146484375,291.3099975585937,40355200
2019-06-28,264.5467834472656,293.0,293.54998779296875,292.010009765625,292.5799865722656,59350900
2019-07-01,266.9485168457031,295.6600036621094,296.9200134277344,294.3299865722656,296.67999267578125,78705600
2019-07-02,267.6436767578125,296.42999267578125,296.489990234375,294.67999267578125,295.6099853515625,61504500
2019-07-03,269.7835998535156,298.79998779296875,298.82000732421875,297.0199890136719,297.17999267578125,40898900
2019-07-05,269.4766540527344,298.4599914550781,298.6400146484375,296.010009765625,297.44000244140625,51677300
2019-07-08,267.995849609375,296.82000732421875,298.260009765625,296.2200012207031,297.010009765625,45841800
2019-07-09,268.3299255371094,297.19000244140625,297.5199890136719,295.4800109863281,295.5400085449219,41101300
2019-07-10,269.6120300292969,298.6099853515625,299.6600036621094,297.7799987792969,298.3699951171875,58448500
2019-07-11,270.2440490722656,299.3099975585937,299.5799865722656,298.20001220703125,299.32000732421875,50826100
2019-07-12,271.4540100097656,300.6499938964844,300.7300109863281,299.510009765625,299.8500061035156,40326000
2019-07-15,271.54425048828125,300.75,301.1300048828125,300.19000244140625,301.1300048828125,33900000
2019-07-16,270.6683959960937,299.7799987792969,300.8800048828125,299.44000244140625,300.6499938964844,36650100
2019-07-17,268.82647705078125,297.739990234375,299.92999267578125,297.739990234375,299.75,36036300
2019-07-18,269.8106689453125,298.8299865722656,299.25,296.70001220703125,297.19000244140625,51392600
2019-07-19,268.3118896484375,297.1700134277344,300.07000732421875,296.9800109863281,300.0400085449219,58678600
2019-07-22,268.9709777832031,297.8999938964844,298.5,297.0400085449219,297.6099853515625,43638100
2019-07-23,270.89410400390625,300.0299987792969,300.0299987792969,298.2200012207031,299.1400146484375,44564500
2019-07-24,272.167236328125,301.44000244140625,301.44000244140625,299.0899963378906,299.19000244140625,47213200
2019-07-25,270.8670349121094,300.0,301.0,299.1099853515625,300.94000244140625,55394100
2019-07-26,272.681884765625,302.010009765625,302.2300109863281,300.6199951171875,300.760009765625,45084100
2019-07-29,272.18524169921875,301.4599914550781,302.010009765625,300.8500061035156,301.8800048828125,38126500
2019-07-30,271.5170593261719,300.7200012207031,301.1700134277344,299.489990234375,299.9100036621094,45849000
2019-07-31,268.5466613769531,297.42999267578125,301.20001220703125,295.20001220703125,300.989990234375,104245200
2019-08-01,266.2081298828125,294.8399963378906,300.8699951171875,293.9599914550781,297.6000061035156,142646600
2019-08-02,264.20367431640625,292.6199951171875,294.1199951171875,290.8999938964844,293.8500061035156,116749700
2019-08-05,256.2583312988281,283.82000732421875,288.2099914550781,281.7200012207031,288.0899963378906,178745400
2019-08-06,259.851806640625,287.79998779296875,288.0400085449219,284.2799987792969,285.9100036621094,120711700
2019-08-07,260.0053100585937,287.9700012207031,288.82000732421875,282.0400085449219,284.3999938964844,140572300
2019-08-08,265.10662841796875,293.6199951171875,293.6199951171875,289.010009765625,289.6199951171875,87713900
2019-08-09,263.3008728027344,291.6199951171875,293.239990234375,289.6499938964844,292.5799865722656,93730000
2019-08-12,260.0955505371094,288.07000732421875,291.6099853515625,287.0199890136719,289.9599914550781,65527600
2019-08-13,264.1405639648437,292.54998779296875,294.1499938964844,287.3599853515625,287.739990234375,94299800
2019-08-14,256.3305358886719,283.8999938964844,288.739990234375,283.760009765625,288.07000732421875,135622100
2019-08-15,257.0076904296875,284.6499938964844,285.6400146484375,282.3900146484375,284.8800048828125,99556600
2019-08-16,260.7998046875,288.8500061035156,289.3299865722656,284.7099914550781,286.4800109863281,83018300
2019-08-19,263.94189453125,292.3299865722656,293.0799865722656,291.44000244140625,292.19000244140625,53571800
2019-08-20,261.9194030761719,290.0899963378906,292.3599853515625,289.95001220703125,291.7699890136719,51596400
2019-08-21,264.0502319335937,292.45001220703125,292.8599853515625,291.7200012207031,292.4800109863281,49524700
2019-08-22,263.968994140625,292.3599853515625,293.92999267578125,290.3999938964844,293.2300109863281,51666400
2019-08-23,257.18829345703125,284.8500061035156,292.760009765625,283.4700012207031,290.9200134277344,149161500
2019-08-26,260.0323486328125,288.0,288.0,285.5799865722656,287.2699890136719,72423800
2019-08-27,259.01220703125,286.8699951171875,289.95001220703125,286.0299987792969,289.5400085449219,66668900
2019-08-28,260.8359680175781,288.8900146484375,289.07000732421875,285.25,286.1400146484375,59696700
2019-08-29,264.16766357421875,292.5799865722656,293.1600036621094,290.6099853515625,291.7200012207031,57899400
2019-08-30,264.0502319335937,292.45001220703125,294.239990234375,291.4200134277344,294.2200012207031,62901200
2019-09-03,262.5062866210937,290.739990234375,291.5799865722656,289.2699890136719,290.57000732421875,69101400
2019-09-04,265.4858703613281,294.0400085449219,294.0599975585937,292.3099975585937,293.1400146484375,46887300
2019-09-05,268.898681640625,297.82000732421875,298.8299865722656,294.0,296.7900085449219,83258100
2019-09-06,269.1064453125,298.04998779296875,298.760009765625,297.4200134277344,298.1700134277344,49584300
2019-09-09,269.2419128417969,298.20001220703125,299.239990234375,297.1600036621094,299.1400146484375,51260300
2019-09-10,269.1787109375,298.1300048828125,298.20001220703125,295.9700012207031,297.3599853515625,57947100
2019-09-11,271.0927429199219,300.25,300.3399963378906,297.75,298.4700012207031,68821100
2019-09-12,272.03179931640625,301.2900085449219,302.4599914550781,300.4100036621094,301.25,72908700
2019-09-13,271.8511962890625,301.0899963378906,302.1700134277344,300.67999267578125,301.7799987792969,62104800
2019-09-16,271.0115051269531,300.1600036621094,301.1400146484375,299.45001220703125,299.8399963378906,58191200
2019-09-17,271.6976623535156,300.9200134277344,301.0199890136719,299.75,299.94000244140625,41475500
2019-09-18,271.8602294921875,301.1000061035156,301.2200012207031,298.239990234375,300.489990234375,73375800
2019-09-19,271.8421630859375,301.0799865722656,302.6300048828125,300.7099914550781,301.5299987792969,76560500
2019-09-20,270.5577392578125,298.2799987792969,300.6700134277344,297.4100036621094,300.3599853515625,89565000
2019-09-23,270.494384765625,298.2099914550781,299.0,297.2699890136719,297.54998779296875,43476800
2019-09-24,268.3717346191406,295.8699951171875,299.8399963378906,294.8099975585937,299.4100036621094,94869400
2019-09-25,269.9590759277344,297.6199951171875,298.1099853515625,294.3299865722656,295.9599914550781,71854000
2019-09-26,269.39678955078125,297.0,297.8599853515625,295.45001220703125,297.6300048828125,56179700
2019-09-27,267.94537353515625,295.3999938964844,297.95001220703125,293.69000244140625,297.8299865722656,84746600
2019-09-30,269.1881408691406,296.7699890136719,297.54998779296875,295.9200134277344,295.9700012207031,51662400
2019-10-01,265.9862060546875,293.239990234375,298.4599914550781,293.0,297.739990234375,88242400
2019-10-02,261.2875671386719,288.0599975585937,291.510009765625,286.6400146484375,291.5,122539500
2019-10-03,263.4283142089844,290.4200134277344,290.45001220703125,284.82000732421875,287.8099975585937,85278800
2019-10-04,266.9930419921875,294.3500061035156,294.6300048828125,291.0799865722656,291.1400146484375,65091200
2019-10-07,265.841064453125,293.0799865722656,295.260009765625,292.7699890136719,293.4700012207031,59610500
2019-10-08,261.7140197753906,288.5299987792969,291.8500061035156,288.489990234375,291.0400085449219,95708100
2019-10-09,264.1992492675781,291.2699890136719,292.29998779296875,290.0599975585937,290.75,62359400
2019-10-10,265.9862060546875,293.239990234375,294.2099914550781,291.0,291.17999267578125,55296300
2019-10-11,268.7436218261719,296.2799987792969,298.739990234375,296.1400146484375,296.2699890136719,98720400
2019-10-14,268.4443359375,295.95001220703125,296.6700134277344,295.57000732421875,295.92999267578125,40394800
2019-10-15,271.1020202636719,298.8800048828125,299.70001220703125,296.9700012207031,297.1000061035156,46754500
2019-10-16,270.6666259765625,298.3999938964844,299.1600036621094,297.9200134277344,298.3699951171875,48928200
2019-10-17,271.4648132324219,299.2799987792969,300.239990234375,298.5199890136719,299.67999267578125,45736600
2019-10-18,270.2766418457031,297.9700012207031,299.3999938964844,297.0299987792969,298.69000244140625,64304000
2019-10-21,272.1089172363281,299.989990234375,300.2099914550781,298.94000244140625,299.4200134277344,39048600
2019-10-22,271.21990966796875,299.010009765625,300.8999938964844,298.9100036621094,300.5799865722656,48594700
2019-10-23,272.0091247558594,299.8800048828125,299.94000244140625,298.5,298.7300109863281,34352200
2019-10-24,272.4535217285156,300.3699951171875,301.07000732421875,299.4599914550781,300.9100036621094,35453100
2019-10-25,273.5692138671875,301.6000061035156,302.20001220703125,299.67999267578125,299.739990234375,45205400
2019-10-28,275.1112365722656,303.29998779296875,303.8500061035156,302.9100036621094,302.94000244140625,42147000
2019-10-29,275.0295104980469,303.2099914550781,304.2300109863281,302.8599853515625,303.0,44284900
2019-10-30,275.8731994628906,304.1400146484375,304.54998779296875,301.989990234375,303.42999267578125,49643900
2019-10-31,275.138427734375,303.3299865722656,304.1300048828125,301.7300109863281,304.1300048828125,69053800
2019-11-01,277.68731689453125,306.1400146484375,306.19000244140625,304.739990234375,304.9200134277344,71141500
2019-11-04,278.8028564453125,307.3699951171875,308.0,306.9599914550781,307.8500061035156,60606900
2019-11-05,278.4945678710937,307.0299987792969,307.9200134277344,306.7099914550781,307.5899963378906,42933200
2019-11-06,278.5580749511719,307.1000061035156,307.3999938964844,306.0599975585937,307.0299987792969,46487100
2019-11-07,279.5376892089844,308.17999267578125,309.6499938964844,307.6600036621094,308.57000732421875,54272300
2019-11-08,280.2270812988281,308.94000244140625,309.0,307.0299987792969,307.79998779296875,49032100
2019-11-11,279.6919250488281,308.3500061035156,308.5400085449219,307.2699890136719,307.4200134277344,35797300
2019-11-12,280.2814025878906,309.0,309.989990234375,308.1499938964844,308.75,46484600
2019-11-13,280.37213134765625,309.1000061035156,309.5400085449219,307.6600036621094,307.9100036621094,53917700
2019-11-14,280.7803039550781,309.54998779296875,309.6400146484375,308.0899963378906,308.7900085449219,51219900
2019-11-15,282.8121643066406,311.7900085449219,311.8399963378906,310.260009765625,311.0199890136719,62023600
2019-11-18,283.0208435058594,312.0199890136719,312.2799987792969,311.0299987792969,311.5299987792969,49228000
2019-11-19,282.93914794921875,311.92999267578125,312.69000244140625,311.2200012207031,312.67999267578125,67804700
2019-11-20,281.886962890625,310.7699890136719,311.8500061035156,309.0599975585937,311.2799987792969,79406200
2019-11-21,281.4334716796875,310.2699890136719,311.010009765625,309.3900146484375,310.8900146484375,54664700
2019-11-22,282.0592041015625,310.9599914550781,311.239990234375,309.8500061035156,311.0899963378906,44850200
2019-11-25,284.2453308105469,313.3699951171875,313.3699951171875,311.9800109863281,311.9800109863281,48647200
2019-11-26,284.8892517089844,314.0799865722656,314.2799987792969,313.0599975585937,313.4100036621094,37569000
2019-11-27,286.1593017578125,315.4800109863281,315.4800109863281,314.3699951171875,314.6099853515625,44444600
2019-11-29,285.0980834960937,314.3099975585937,315.1300048828125,314.0599975585937,314.8599853515625,36592700
2019-12-02,282.676025390625,311.6400146484375,314.6600036621094,311.1700134277344,314.5899963378906,75767800
2019-12-03,280.7803039550781,309.54998779296875,309.6400146484375,307.1300048828125,308.6499938964844,73941700
2019-12-04,282.5128173828125,311.4599914550781,312.1199951171875,310.32000732421875,310.70001220703125,49080000
2019-12-05,283.0208435058594,312.0199890136719,312.25,310.5799865722656,312.2300109863281,40709000
2019-12-06,285.60595703125,314.8699951171875,315.3099975585937,314.1099853515625,314.1199951171875,48927000
2019-12-09,284.7079772949219,313.8800048828125,315.17999267578125,313.79998779296875,314.44000244140625,34838500
2019-12-10,284.3904724121094,313.5299987792969,314.54998779296875,312.8099975585937,313.82000732421875,52649800
2019-12-11,285.1977844238281,314.4200134277344,314.70001220703125,313.44000244140625,314.0299987792969,53429100
2019-12-12,287.6558532714844,317.1300048828125,317.989990234375,314.1700134277344,314.42999267578125,96389600
2019-12-13,287.82830810546875,317.32000732421875,318.6700134277344,316.0199890136719,316.8699951171875,81503900
2019-12-16,289.8056030273437,319.5,320.1499938964844,317.25,319.2200012207031,82749700
2019-12-17,289.8690795898437,319.57000732421875,320.25,319.4800109863281,319.9200134277344,61097700
2019-12-18,289.8872985839844,319.5899963378906,320.25,319.5299987792969,320.0,48133000
2019-12-19,291.0755615234375,320.8999938964844,320.9800109863281,319.5199890136719,319.79998779296875,85310500
2019-12-20,292.3516540527344,320.7300109863281,321.9700012207031,319.3900146484375,320.4599914550781,147142100
2019-12-23,292.7982788085937,321.2200012207031,321.6499938964844,321.0599975585937,321.5899963378906,52990000
2019-12-24,292.8074035644531,321.2300109863281,321.5199890136719,320.8999938964844,321.4700012207031,20270000
2019-12-26,294.36602783203125,322.94000244140625,322.95001220703125,321.6400146484375,321.6499938964844,30911200
2019-12-27,294.29315185546875,322.8599853515625,323.79998779296875,322.2799987792969,323.739990234375,42528800
2019-12-30,292.6706848144531,321.0799865722656,323.1000061035156,320.54998779296875,322.95001220703125,49729100
2019-12-31,293.3816223144531,321.8599853515625,322.1300048828125,320.1499938964844,320.5299987792969,57077300
2020-01-02,296.1252136230469,324.8699951171875,324.8900146484375,322.5299987792969,323.5400085449219,59151200
2020-01-03,293.88299560546875,322.4100036621094,323.6400146484375,321.1000061035156,321.1600036621094,77709700
2020-01-06,295.00421142578125,323.6400146484375,323.7300109863281,320.3599853515625,320.489990234375,55653900
2020-01-07,294.1747131347656,322.7300109863281,323.5400085449219,322.239990234375,323.0199890136719,40496400
2020-01-08,295.74249267578125,324.45001220703125,325.7799987792969,322.6700134277344,322.94000244140625,68296000
2020-01-09,297.7477722167969,326.6499938964844,326.7300109863281,325.5199890136719,326.1600036621094,48473300
2020-01-10,296.8909912109375,325.7099914550781,327.4599914550781,325.20001220703125,327.2900085449219,53029300
2020-01-13,298.9327392578125,327.95001220703125,327.9599914550781,325.9200134277344,326.3900146484375,47086800
2020-01-14,298.4770812988281,327.45001220703125,328.6199951171875,326.8399963378906,327.4700012207031,62832800
2020-01-15,299.1515197753906,328.19000244140625,329.0199890136719,327.260009765625,327.3500061035156,72056600
2020-01-16,301.63995361328125,330.9200134277344,330.9200134277344,329.45001220703125,329.70001220703125,54050300
2020-01-17,302.5788269042969,331.95001220703125,332.17999267578125,330.8500061035156,331.70001220703125,95846000
2020-01-21,301.9862976074219,331.29998779296875,332.17999267578125,330.82000732421875,330.8999938964844,77742400
2020-01-22,302.0228271484375,331.3399963378906,332.95001220703125,331.1700134277344,332.239990234375,48914900
2020-01-23,302.36920166015625,331.7200012207031,332.1700134277344,329.4100036621094,330.6300048828125,51963000
2020-01-24,299.6801452636719,328.7699890136719,332.5299987792969,327.3599853515625,332.44000244140625,87578400
2020-01-27,294.87664794921875,323.5,325.1199951171875,322.6600036621094,323.0299987792969,84062500
2020-01-28,297.966552734375,326.8900146484375,327.8500061035156,323.6000061035156,325.0599975585937,63834000
2020-01-29,297.7204895019531,326.6199951171875,328.6300048828125,326.3999938964844,328.3800048828125,53888900
2020-01-30,298.68670654296875,327.67999267578125,327.9100036621094,323.5400085449219,324.3599853515625,75491800
2020-01-31,293.2631225585937,321.7300109863281,327.1700134277344,320.7300109863281,327.0,113845600
2020-02-03,295.44171142578125,324.1199951171875,326.1600036621094,323.2200012207031,323.3500061035156,69083000
2020-02-04,299.9446105957031,329.0599975585937,330.010009765625,327.7200012207031,328.07000732421875,62573200
2020-02-05,303.4082946777344,332.8599853515625,333.0899963378906,330.6700134277344,332.2699890136719,65951100
2020-02-06,304.42926025390625,333.9800109863281,334.19000244140625,332.79998779296875,333.9100036621094,50359700
2020-02-07,302.8066711425781,332.20001220703125,333.989990234375,331.6000061035156,332.82000732421875,64139400
2020-02-10,305.0672302246094,334.67999267578125,334.75,331.19000244140625,331.2300109863281,42070000
2020-02-11,305.595947265625,335.260009765625,337.0199890136719,334.67999267578125,336.1600036621094,54864500
2020-02-12,307.5648803710937,337.4200134277344,337.6499938964844,336.42999267578125,336.8299865722656,43992700
2020-02-13,307.2367248535156,337.0599975585937,338.1199951171875,335.5599975585937,335.8599853515625,54501900
2020-02-14,307.7289123535156,337.6000061035156,337.7300109863281,336.20001220703125,337.510009765625,64582200
2020-02-18,306.9359436035156,336.7300109863281,337.6700134277344,335.2099914550781,336.510009765625,57226200
2020-02-19,308.40350341796875,338.3399963378906,339.0799865722656,337.4800109863281,337.7900085449219,48814700
2020-02-20,307.136474609375,336.95001220703125,338.6400146484375,333.67999267578125,337.739990234375,74163400
2020-02-21,303.9735412597656,333.4800109863281,335.8099975585937,332.5799865722656,335.4700012207031,113788200
2020-02-24,293.8920288085937,322.4200134277344,333.5599975585937,321.239990234375,323.1400146484375,161088400
2020-02-25,284.98651123046875,312.6499938964844,324.6099853515625,311.69000244140625,323.94000244140625,218913200
2020-02-26,283.9383239746094,311.5,318.1099853515625,310.70001220703125,314.17999267578125,194773800
2020-02-27,271.1861877441406,297.510009765625,311.5599975585937,297.510009765625,305.4599914550781,284353500
2020-02-28,270.0468139648437,296.260009765625,297.8900146484375,285.5400085449219,288.70001220703125,384975800
2020-03-02,281.74151611328125,309.0899963378906,309.1600036621094,294.4599914550781,298.2099914550781,238703600
2020-03-03,273.6745300292969,300.239990234375,313.8399963378906,297.57000732421875,309.5,300139100
2020-03-04,285.1779479980469,312.8599853515625,313.1000061035156,303.3299865722656,306.1199951171875,176613400
2020-03-05,275.6980895996094,302.4599914550781,308.4700012207031,300.010009765625,304.9800109863281,186366800
2020-03-06,271.1405639648437,297.4599914550781,298.7799987792969,290.2300109863281,293.1499938964844,228667200
2020-03-09,249.9659423828125,274.2300109863281,284.19000244140625,273.45001220703125,275.29998779296875,309417300
2020-03-10,262.90045166015625,288.4200134277344,288.5199890136719,273.5,284.6400146484375,276444100
2020-03-11,250.0844268798828,274.3599853515625,281.94000244140625,270.8800048828125,280.70001220703125,255316300
2020-03-12,226.15708923339844,248.1100006103516,266.6600036621094,247.67999267578125,256.0,392220700
2020-03-13,245.49038696289065,269.32000732421875,271.4800109863281,248.5200042724609,263.0899963378906,329566100
2020-03-16,218.62794494628903,239.8500061035156,256.8999938964844,237.3600006103516,241.17999267578125,297240000
2020-03-17,230.43209838867188,252.8000030517578,256.1700134277344,237.07000732421875,245.0399932861328,262070500
2020-03-18,218.7646331787109,240.0,248.3699951171875,228.0200042724609,236.25,327597100
2020-03-19,219.22950744628903,240.509994506836,247.3800048828125,232.22000122070312,239.25,289322000
2020-03-20,209.781982421875,228.8000030517578,244.47000122070312,228.5,242.52999877929688,347158800
2020-03-23,204.41824340820312,222.9499969482422,229.67999267578125,218.259994506836,228.19000244140625,326025200
2020-03-24,222.939208984375,243.1499938964844,244.1000061035156,233.8000030517578,234.4199981689453,235494500
2020-03-25,226.2766265869141,246.7899932861328,256.3500061035156,239.75,244.8699951171875,299430300
2020-03-26,239.4888916015625,261.20001220703125,262.79998779296875,249.0500030517578,249.5200042724609,257632800
2020-03-27,232.35557556152344,253.4199981689453,260.8099975585937,251.0500030517578,253.2700042724609,224341200
2020-03-30,239.90142822265625,261.6499938964844,262.42999267578125,253.52999877929688,255.6999969482422,171369500
2020-03-31,236.3256378173828,257.75,263.3299865722656,256.2200012207031,260.5599975585937,194881100
2020-04-01,225.6898651123047,246.1499938964844,257.6600036621094,243.8999938964844,247.97999572753903,189554600
2020-04-02,230.8977203369141,251.8300018310547,252.67999267578125,244.58999633789065,245.19000244140625,177660400
2020-04-03,227.560287475586,248.19000244140625,253.32000732421875,245.22000122070312,250.759994506836,135561200
2020-04-06,242.8446044921875,264.8599853515625,267.0,248.1699981689453,257.8399963378906,188061200
2020-04-07,243.0922241210937,265.1300048828125,275.0299987792969,264.8900146484375,274.2099914550781,201427200
2020-04-08,251.2523498535156,274.0299987792969,276.0,265.25,267.9599914550781,153774500
2020-04-09,255.0758514404297,278.20001220703125,281.20001220703125,275.4700012207031,277.5799865722656,189999200
2020-04-13,252.74688720703125,275.6600036621094,277.510009765625,271.4100036621094,277.1400146484375,114839100
2020-04-14,260.2012023925781,283.7900085449219,284.8999938964844,275.510009765625,280.9800109863281,134143400
2020-04-15,254.67239379882807,277.760009765625,283.94000244140625,275.4599914550781,277.57000732421875,121775000
2020-04-16,255.9010162353516,279.1000061035156,280.0299987792969,275.760009765625,279.1499938964844,131798300
2020-04-17,262.81427001953125,286.6400146484375,287.29998779296875,282.3999938964844,285.3800048828125,146684800
2020-04-20,258.1841125488281,281.5899963378906,286.7900085449219,281.3500061035156,282.6099853515625,100109300
2020-04-21,250.34474182128903,273.0400085449219,278.0400085449219,272.0199890136719,276.7300109863281,126385700
2020-04-22,255.9010162353516,279.1000061035156,281.0,276.9100036621094,278.3500061035156,92951600
2020-04-23,255.8826141357422,279.0799865722656,283.94000244140625,278.75,280.489990234375,104709700
2020-04-24,259.44940185546875,282.9700012207031,283.70001220703125,278.5,280.7300109863281,85063200
2020-04-27,263.190185546875,287.04998779296875,288.2699890136719,284.6199951171875,285.1199951171875,77896600
2020-04-28,261.97998046875,285.7300109863281,291.3999938964844,285.3999938964844,291.0199890136719,105270000
2020-04-29,268.8381652832031,293.2099914550781,294.8800048828125,290.4100036621094,291.5299987792969,118745600
2020-04-30,266.3350830078125,290.4800109863281,293.32000732421875,288.5899963378906,291.7099914550781,122901700
2020-05-01,259.2843017578125,282.7900085449219,290.6600036621094,281.5199890136719,285.3099975585937,125180000
2020-05-04,259.9994812011719,283.57000732421875,283.8999938964844,279.1300048828125,280.739990234375,80873200
2020-05-05,262.4016418457031,286.19000244140625,289.25,283.7099914550781,286.6400146484375,79569900
2020-05-06,260.6229248046875,284.25,288.4599914550781,283.7799987792969,288.0400085449219,73632600
2020-05-07,263.7678527832031,287.67999267578125,289.7799987792969,287.1300048828125,287.75,75250400
2020-05-08,268.1322021484375,292.44000244140625,292.95001220703125,289.8599853515625,291.0899963378906,76452400
2020-05-11,268.18719482421875,292.5,294.0,289.8800048828125,290.3399963378906,79514200
2020-05-12,262.841796875,286.6700134277344,294.239990234375,286.5199890136719,293.7900085449219,95870800
2020-05-13,258.1932067871094,281.6000061035156,287.19000244140625,278.9599914550781,286.0599975585937,144721100
2020-05-14,261.2831420898437,284.9700012207031,285.1099853515625,272.989990234375,278.95001220703125,121977900
2020-05-15,262.4842834472656,286.2799987792969,286.3299865722656,281.3399963378906,282.3699951171875,111146300
2020-05-18,270.4794311523437,295.0,296.75,292.70001220703125,293.04998779296875,119703800
2020-05-19,267.70123291015625,291.9700012207031,296.2099914550781,291.95001220703125,294.3500061035156,95189300
2020-05-20,272.2490234375,296.92999267578125,297.8699951171875,295.57000732421875,295.82000732421875,85861700
2020-05-21,270.36944580078125,294.8800048828125,297.6700134277344,293.69000244140625,296.7900085449219,78293900
2020-05-22,270.8827514648437,295.44000244140625,295.6300048828125,293.2200012207031,294.57000732421875,63958200
2020-05-26,274.2202453613281,299.0799865722656,302.19000244140625,295.4599914550781,301.92999267578125,88951400
2020-05-27,278.3004150390625,303.5299987792969,303.57000732421875,296.8699951171875,302.1199951171875,104817400
2020-05-28,277.7869873046875,302.9700012207031,306.8399963378906,302.239990234375,304.6499938964844,90405200
2020-05-29,279.0246887207031,304.32000732421875,304.9599914550781,299.4700012207031,302.4599914550781,119090800
2020-06-01,280.1524353027344,305.54998779296875,306.2099914550781,303.0599975585937,303.6199951171875,55758300
2020-06-02,282.4721374511719,308.0799865722656,308.1300048828125,305.1000061035156,306.54998779296875,74267200
2020-06-03,286.2312927246094,312.17999267578125,313.2200012207031,309.94000244140625,310.239990234375,92567600
2020-06-04,285.4795227050781,311.3599853515625,313.0,309.0799865722656,311.1099853515625,75794400
2020-06-05,292.7962646484375,319.3399963378906,321.2699890136719,317.1600036621094,317.2300109863281,150524700
2020-06-08,296.3352966308594,323.20001220703125,323.4100036621094,319.6300048828125,320.2200012207031,73641200
2020-06-09,294.1256408691406,320.7900085449219,323.2799987792969,319.3599853515625,320.29998779296875,77479200
2020-06-10,292.4844665527344,319.0,322.3900146484375,318.2200012207031,321.4200134277344,95000800
2020-06-11,275.6230773925781,300.6099853515625,312.1499938964844,300.010009765625,311.4599914550781,209243600
2020-06-12,278.92388916015625,304.2099914550781,309.0799865722656,298.6000061035156,308.239990234375,194678900
2020-06-15,281.5277709960937,307.04998779296875,308.2799987792969,296.739990234375,298.0199890136719,135782700
2020-06-16,286.9465637207031,312.9599914550781,315.6400146484375,307.6700134277344,315.4800109863281,137627500
2020-06-17,285.7545471191406,311.6600036621094,314.3900146484375,310.8599853515625,314.07000732421875,83398900
2020-06-18,285.8646240234375,311.7799987792969,312.29998779296875,309.510009765625,310.010009765625,80828700
2020-06-19,284.2309875488281,308.6400146484375,314.3800048828125,306.5299987792969,314.1700134277344,135549600
2020-06-22,286.0542907714844,310.6199951171875,311.04998779296875,306.75,307.989990234375,74649400
2020-06-23,287.3712463378906,312.04998779296875,314.5,311.6099853515625,313.489990234375,68471200
2020-06-24,280.0407409667969,304.0899963378906,310.510009765625,302.1000061035156,309.8399963378906,132813500
2020-06-25,283.0429077148437,307.3500061035156,307.6400146484375,301.2799987792969,303.4700012207031,89468000
2020-06-26,276.3202514648437,300.04998779296875,306.3900146484375,299.4200134277344,306.1600036621094,127961000
2020-06-29,280.3814697265625,304.4599914550781,304.6099853515625,298.92999267578125,301.4100036621094,79773300
2020-06-30,283.9730834960937,308.3599853515625,310.20001220703125,303.82000732421875,303.989990234375,113394800
2020-07-01,285.9622497558594,310.5199890136719,311.8900146484375,309.07000732421875,309.57000732421875,72396500
2020-07-02,287.5370178222656,312.2300109863281,315.70001220703125,311.510009765625,314.239990234375,69344200
2020-07-06,291.9757995605469,317.04998779296875,317.67999267578125,315.5599975585937,316.3699951171875,61713800
2020-07-07,288.9644775390625,313.7799987792969,317.5199890136719,313.3699951171875,315.3800048828125,82910000
2020-07-08,291.1746826171875,316.17999267578125,316.29998779296875,312.70001220703125,314.6099853515625,54638600
2020-07-09,289.5169982910156,314.3800048828125,317.1000061035156,310.67999267578125,316.8399963378906,83354200
2020-07-10,292.4731140136719,317.5899963378906,317.8800048828125,312.760009765625,314.3099975585937,57550400
2020-07-13,289.940673828125,314.8399963378906,322.7099914550781,314.1300048828125,320.1300048828125,102997500
2020-07-14,293.6978759765625,318.9200134277344,319.760009765625,312.0,313.29998779296875,93657000
2020-07-15,296.396240234375,321.8500061035156,323.0400085449219,319.2699890136719,322.4100036621094,87196500
2020-07-16,295.4200439453125,320.7900085449219,321.2799987792969,319.0899963378906,319.7900085449219,54622500
2020-07-17,296.2764587402344,321.7200012207031,322.57000732421875,319.739990234375,321.8800048828125,62774900
2020-07-20,298.6708984375,324.32000732421875,325.1300048828125,320.6199951171875,321.42999267578125,56308800
2020-07-21,299.3063659667969,325.010009765625,326.92999267578125,323.94000244140625,326.45001220703125,57292200
2020-07-22,301.00994873046875,326.8599853515625,327.20001220703125,324.5,324.6199951171875,57792900
2020-07-23,297.4183654785156,322.9599914550781,327.2300109863281,321.4800109863281,326.4700012207031,75738000
2020-07-24,295.5029296875,320.8800048828125,321.989990234375,319.25,320.95001220703125,73766600
2020-07-27,297.6578369140625,323.2200012207031,323.4100036621094,320.7699890136719,321.6300048828125,48293000
2020-07-28,295.77008056640625,321.1700134277344,323.6400146484375,320.8500061035156,322.42999267578125,57495000
2020-07-29,299.4076538085937,325.1199951171875,325.7300109863281,322.0799865722656,322.1199951171875,48454200
2020-07-30,298.3393249511719,323.9599914550781,324.4100036621094,319.6400146484375,321.8999938964844,61861700
2020-07-31,300.6968078613281,326.5199890136719,326.6300048828125,321.3299865722656,325.8999938964844,84986800
2020-08-03,302.78729248046875,328.7900085449219,329.6199951171875,327.7300109863281,328.32000732421875,53077900
2020-08-04,303.9569091796875,330.0599975585937,330.0599975585937,327.8599853515625,327.8599853515625,41917900
2020-08-05,305.8447570800781,332.1099853515625,332.3900146484375,331.17999267578125,331.4700012207031,42697700
2020-08-06,307.88922119140625,334.3299865722656,334.4599914550781,331.1300048828125,331.4800109863281,43679400
2020-08-07,308.1102600097656,334.57000732421875,334.8800048828125,332.29998779296875,333.2799987792969,57308300
2020-08-10,309.0311889648437,335.57000732421875,335.7699890136719,332.9599914550781,335.0599975585937,44282100
2020-08-11,306.4802551269531,332.79998779296875,337.5400085449219,332.010009765625,336.8500061035156,69601100
2020-08-12,310.7533264160156,337.44000244140625,338.2799987792969,335.4100036621094,335.44000244140625,53774400
2020-08-13,310.1914978027344,336.8299865722656,338.25,335.8299865722656,336.6099853515625,41816100
2020-08-14,310.2007141113281,336.8399963378906,337.4200134277344,335.6199951171875,336.4100036621094,47260400
2020-08-17,311.18609619140625,337.9100036621094,338.3399963378906,336.8500061035156,337.94000244140625,35481000
2020-08-18,311.8583068847656,338.6400146484375,339.1000061035156,336.6099853515625,338.3399963378906,38733900
2020-08-19,310.55987548828125,337.2300109863281,339.6099853515625,336.6199951171875,339.04998779296875,68054200
2020-08-20,311.5267944335937,338.2799987792969,338.79998779296875,335.2200012207031,335.3599853515625,42207800
2020-08-21,312.6318359375,339.4800109863281,339.7200012207031,337.54998779296875,337.9200134277344,55106600
2020-08-24,315.7998962402344,342.9200134277344,343.0,339.45001220703125,342.1199951171875,48588700
2020-08-25,316.9049987792969,344.1199951171875,344.2099914550781,342.2699890136719,343.5299987792969,38463400
2020-08-26,320.08209228515625,347.57000732421875,347.8599853515625,344.1700134277344,344.760009765625,50790200
2020-08-27,320.78192138671875,348.3299865722656,349.8999938964844,346.5299987792969,348.510009765625,58034100
2020-08-28,322.8541259765625,350.5799865722656,350.7200012207031,348.1499938964844,349.44000244140625,48588900
2020-08-31,321.6844787597656,349.3099975585937,351.29998779296875,349.0599975585937,350.3500061035156,66099200
2020-09-01,324.7143859863281,352.6000061035156,352.7099914550781,349.239990234375,350.2099914550781,54908700
2020-09-02,329.4110717773437,357.70001220703125,358.75,353.42999267578125,354.6700134277344,69540000
2020-09-03,318.0745849609375,345.3900146484375,356.3800048828125,342.5899963378906,355.8699951171875,148011100
2020-09-04,315.4775085449219,342.57000732421875,347.8299865722656,334.8699951171875,346.1300048828125,139156300
2020-09-08,306.8578491210937,333.2099914550781,342.6400146484375,332.8800048828125,336.7099914550781,114465300
2020-09-09,312.91748046875,339.7900085449219,342.4599914550781,336.6099853515625,337.54998779296875,91462300
2020-09-10,307.4840087890625,333.8900146484375,342.5299987792969,332.8500061035156,341.82000732421875,90569500
2020-09-11,307.640625,334.0599975585937,336.9700012207031,331.0,335.82000732421875,84680200
2020-09-14,311.692626953125,338.4599914550781,340.3800048828125,334.2200012207031,337.489990234375,65605700
2020-09-15,313.2673645019531,340.1700134277344,342.0199890136719,338.4700012207031,341.1199951171875,52920900
2020-09-16,312.024169921875,338.82000732421875,343.0599975585937,338.5199890136719,341.510009765625,82096000
2020-09-17,309.2798156738281,335.8399963378906,337.70001220703125,332.989990234375,333.5599975585937,91523300
2020-09-18,305.7191772460937,330.6499938964844,335.489990234375,327.9700012207031,335.3699951171875,105877900
2020-09-21,302.3166198730469,326.9700012207031,327.1300048828125,321.7300109863281,325.70001220703125,99450800
2020-09-22,305.3954772949219,330.29998779296875,330.8999938964844,325.8599853515625,328.57000732421875,63612100
2020-09-23,298.3130798339844,322.6400146484375,331.20001220703125,322.1000061035156,330.8999938964844,93112200
2020-09-24,299.1083374023437,323.5,326.79998779296875,319.79998779296875,321.2200012207031,76681300
2020-09-25,303.94390869140625,328.7300109863281,329.5799865722656,321.6400146484375,322.5799865722656,71069400
2020-09-28,308.9921875,334.19000244140625,334.9599914550781,332.1499938964844,333.2200012207031,64584600
2020-09-29,307.3094482421875,332.3699951171875,334.7699890136719,331.6199951171875,333.9700012207031,51304000
2020-09-30,309.63946533203125,334.8900146484375,338.2900085449219,332.8800048828125,333.0899963378906,104081100
2020-10-01,311.6274108886719,337.0400085449219,338.739990234375,335.010009765625,337.69000244140625,88698700
2020-10-02,308.6686706542969,333.8399963378906,337.010009765625,331.19000244140625,331.70001220703125,89431100
2020-10-05,314.1422424316406,339.760009765625,339.9599914550781,336.010009765625,336.0599975585937,45713100
2020-10-06,309.6764831542969,334.92999267578125,342.1700134277344,334.3800048828125,339.9100036621094,90128900
2020-10-07,315.0669250488281,340.760009765625,341.6300048828125,338.0899963378906,338.1199951171875,56999600
2020-10-08,317.8591613769531,343.7799987792969,343.8500061035156,341.8599853515625,342.8500061035156,45242500
2020-10-09,320.6976928710937,346.8500061035156,347.3500061035156,344.8900146484375,345.5599975585937,59528600
2020-10-12,325.8569641113281,352.42999267578125,354.0199890136719,349.0599975585937,349.5899963378906,80388500
2020-10-13,323.7303771972656,350.1300048828125,352.4700012207031,349.0899963378906,352.2799987792969,73255500
2020-10-14,321.6962890625,347.92999267578125,351.92999267578125,347.1400146484375,350.75,57727900
2020-10-15,321.2986755371094,347.5,348.0199890136719,343.1300048828125,343.7099914550781,60357700
2020-10-16,321.10455322265625,347.2900085449219,350.75,347.1000061035156,348.9599914550781,89501900
2020-10-19,316.2226257324219,342.010009765625,349.3299865722656,341.0400085449219,348.6499938964844,68425600
2020-10-20,317.4894104003906,343.3800048828125,346.8800048828125,342.6400146484375,343.4599914550781,60051900
2020-10-21,316.8883972167969,342.7300109863281,345.6700134277344,342.3999938964844,343.3299865722656,63575000
2020-10-22,318.6265869140625,344.6099853515625,345.239990234375,340.6499938964844,342.9599914550781,55399300
2020-10-23,319.7083740234375,345.7799987792969,345.989990234375,343.1300048828125,345.92999267578125,49143900
2020-10-26,313.8001708984375,339.3900146484375,342.9800109863281,335.6199951171875,342.1300048828125,91473000
2020-10-27,312.7184143066406,338.2200012207031,340.1199951171875,337.989990234375,339.760009765625,65994100
2020-10-28,302.02996826171875,326.6600036621094,338.25,326.1300048828125,332.1000061035156,127094300
2020-10-29,305.0996398925781,329.9800109863281,333.3999938964844,325.0899963378906,326.9100036621094,90597700
2020-10-30,301.9190368652344,326.5400085449219,329.69000244140625,322.6000061035156,328.2799987792969,120287300
2020-11-02,305.3030700683594,330.20001220703125,332.3599853515625,327.239990234375,330.20001220703125,86068300
2020-11-03,310.6934814453125,336.0299987792969,338.25,330.2900085449219,333.69000244140625,93294200
2020-11-04,317.63726806640625,343.5400085449219,347.94000244140625,339.5899963378906,340.8599853515625,126959700
2020-11-05,323.8320617675781,350.239990234375,352.19000244140625,348.8599853515625,349.239990234375,82039700
2020-11-06,323.7582092285156,350.1600036621094,351.510009765625,347.6499938964844,349.92999267578125,74973000
2020-11-09,327.82635498046875,354.5599975585937,364.3800048828125,354.0599975585937,363.9700012207031,172304200
2020-11-10,327.3456420898437,354.0400085449219,355.17999267578125,350.510009765625,353.489990234375,85552000
2020-11-11,329.7772827148437,356.6700134277344,357.5599975585937,355.0599975585937,356.3999938964844,58649000
2020-11-12,326.578125,353.2099914550781,356.7200012207031,351.260009765625,355.5799865722656,67546200
2020-11-13,331.0994873046875,358.1000061035156,358.8999938964844,354.7099914550781,355.2699890136719,62892200
2020-11-16,335.2323608398437,362.5700073242188,362.7799987792969,359.5899963378906,360.9800109863281,74541100
2020-11-17,333.4294128417969,360.6199951171875,361.9200134277344,358.3399963378906,359.9700012207031,66111000
2020-11-18,329.4166564941406,356.2799987792969,361.5,356.239990234375,360.9100036621094,70591300
2020-11-19,330.80352783203125,357.7799987792969,358.17999267578125,354.1499938964844,355.6000061035156,59940900
2020-11-20,328.5382995605469,355.3299865722656,357.7200012207031,355.25,357.5,70417300
2020-11-23,330.5076599121094,357.4599914550781,358.82000732421875,354.8699951171875,357.2799987792969,63230600
2020-11-24,335.8334350585937,363.2200012207031,363.80999755859375,359.2900085449219,360.2099914550781,62415900
2020-11-25,335.3155517578125,362.6600036621094,363.1600036621094,361.4800109863281,363.1300048828125,45330900
2020-11-27,336.2494506835937,363.6700134277344,364.1799926757813,362.5799865722656,363.8399963378906,28514100
2020-11-30,334.76092529296875,362.05999755859375,363.1199951171875,359.1700134277344,362.8299865722656,83872700
2020-12-01,338.4222717285156,366.0199890136719,367.6799926757813,364.9299926757813,365.5700073242188,74231400
2020-12-02,339.1341857910156,366.7900085449219,366.9599914550781,364.2000122070313,364.8200073242188,45927000
2020-12-03,339.0417785644531,366.6900024414063,368.1900024414063,365.5,366.6799926757813,62882000
2020-12-04,341.9635009765625,369.8500061035156,369.8500061035156,367.2200012207031,367.3200073242188,50749900
2020-12-07,341.2608642578125,369.0899963378906,369.6199951171875,367.7200012207031,369.0199890136719,48944300
2020-12-08,342.2594909667969,370.1700134277344,370.7799987792969,367.6700134277344,367.7200012207031,42458900
2020-12-09,339.1896667480469,366.8500061035156,371.0499877929688,365.9500122070313,370.8800048828125,74098300
2020-12-10,339.0788269042969,366.7300109863281,367.8599853515625,364.4299926757813,365.3699951171875,57735400
2020-12-11,338.68115234375,366.2999877929688,366.739990234375,363.260009765625,364.8999938964844,57698600
2020-12-14,337.16485595703125,364.6600036621094,369.7999877929688,364.4700012207031,368.6400146484375,69216200
2020-12-15,341.7230834960937,369.5899963378906,369.5899963378906,365.9200134277344,367.3999938964844,63865300
2020-12-16,342.2594909667969,370.1700134277344,371.1600036621094,368.8699951171875,369.8200073242188,58420500
2020-12-17,344.17333984375,372.239990234375,372.4599914550781,371.0499877929688,371.9400024414063,64119500
2020-12-18,342.7991027832031,369.1799926757813,371.1499938964844,367.0199890136719,370.9700012207031,136542300
2020-12-21,341.5733947753906,367.8599853515625,378.4599914550781,362.0299987792969,364.9700012207031,96386700
2020-12-22,340.99761962890625,367.239990234375,368.3299865722656,366.0299987792969,368.2099914550781,47949000
2020-12-23,341.3040771484375,367.5700073242188,369.6199951171875,367.2200012207031,368.2799987792969,46201400
2020-12-24,342.6319580078125,369.0,369.0299987792969,367.4500122070313,368.0799865722656,26457900
2020-12-28,345.5754089355469,372.1700134277344,372.5899963378906,371.0700073242188,371.739990234375,39000400
2020-12-29,344.9161071777344,371.4599914550781,374.0,370.8299865722656,373.80999755859375,53680500
2020-12-30,345.4082336425781,371.989990234375,373.1000061035156,371.5700073242188,372.3399963378906,49455300
2020-12-31,347.1632385253906,373.8800048828125,374.6600036621094,371.2300109863281,371.7799987792969,78520700
2021-01-04,342.4369506835937,368.7900085449219,375.4500122070313,364.8200073242188,375.30999755859375,110210800
2021-01-05,344.7954406738281,371.3299865722656,372.5,368.0499877929688,368.1000061035156,66426200
2021-01-06,346.8568420410156,373.5499877929688,376.9800109863281,369.1199951171875,369.7099914550781,107997700
2021-01-07,352.0101623535156,379.1000061035156,379.8999938964844,375.9100036621094,376.1000061035156,68766800
2021-01-08,354.015869140625,381.260009765625,381.489990234375,377.1000061035156,380.5899963378906,71677200
2021-01-11,351.6294860839844,378.6900024414063,380.5799865722656,377.7200012207031,377.8500061035156,51034700
2021-01-12,351.70379638671875,378.7699890136719,379.8599853515625,376.3599853515625,378.8900146484375,52547700
2021-01-13,352.65087890625,379.7900085449219,380.8599853515625,377.8500061035156,378.6900024414063,45303600
2021-01-14,351.4159240722656,378.4599914550781,381.1300048828125,378.1000061035156,380.5899963378906,49989100
2021-01-15,348.8531799316406,375.7000122070313,377.5799865722656,373.7000122070313,376.7200012207031,107160000
2021-01-19,351.59228515625,378.6499938964844,379.2300109863281,376.75,378.3399963378906,51233300
2021-01-20,356.4579162597656,383.8900146484375,384.7900085449219,380.6900024414063,381.1099853515625,61836100
2021-01-21,356.78289794921875,384.239990234375,384.9500122070313,383.25,384.489990234375,47840100
2021-01-22,355.5201721191406,382.8800048828125,384.1300048828125,381.8399963378906,382.25,52860500
2021-01-25,356.9222717285156,384.3900146484375,384.7699890136719,378.4599914550781,383.6700134277344,70402000
2021-01-26,356.36505126953125,383.7900085449219,385.8500061035156,383.5400085449219,385.4100036621094,42665300
2021-01-27,347.65533447265625,374.4100036621094,380.3200073242188,372.010009765625,380.2200012207031,123351100
2021-01-28,350.645263671875,377.6300048828125,381.9299926757813,375.8900146484375,376.3599853515625,94198100
2021-01-29,343.6254577636719,370.0700073242188,376.6700134277344,368.2699890136719,375.6300048828125,126765100
2021-02-01,349.34527587890625,376.2300109863281,377.3399963378906,370.3800048828125,373.7200012207031,75817600
2021-02-02,354.2851257324219,381.5499877929688,383.2200012207031,376.3200073242188,379.6499938964844,64450700
2021-02-03,354.56365966796875,381.8500061035156,383.7000122070313,380.4800109863281,382.4400024414063,52427100
2021-02-04,358.5935363769531,386.1900024414063,386.239990234375,381.9700012207031,382.9599914550781,47142600
2021-02-05,360.0049743652344,387.7099914550781,388.4700012207031,386.1400146484375,388.2000122070313,48669800
2021-02-08,362.6047973632813,390.510009765625,390.55999755859375,388.3500061035156,389.2699890136719,38365200
2021-02-09,362.3634338378906,390.25,390.8900146484375,389.1700134277344,389.6099853515625,35551100
2021-02-10,362.2055358886719,390.0799865722656,392.2799987792969,387.5,392.1199951171875,59154400
2021-02-11,362.7905578613281,390.7099914550781,391.6900024414063,388.1000061035156,391.239990234375,42913300
2021-02-12,364.5826110839844,392.6400146484375,392.8999938964844,389.7699890136719,389.8500061035156,50593300
2021-02-16,364.26702880859375,392.2999877929688,394.1700134277344,391.5299987792969,393.9599914550781,50972400
2021-02-17,364.3505554199219,392.3900146484375,392.6600036621094,389.3299865722656,390.4200134277344,52290600
2021-02-18,362.7998352050781,390.7200012207031,391.5199890136719,387.739990234375,389.5899963378906,59712800
2021-02-19,362.1591796875,390.0299987792969,392.3800048828125,389.5499877929688,392.0700073242188,83241000
2021-02-22,359.3735046386719,387.0299987792969,389.6199951171875,386.739990234375,387.05999755859375,67414200
2021-02-23,359.8099975585937,387.5,388.9500122070313,380.2000122070313,384.6600036621094,107284100
2021-02-24,363.7747497558594,391.7699890136719,392.2300109863281,385.2699890136719,386.3299865722656,72433900
2021-02-25,355.0093994140625,382.3299865722656,391.8800048828125,380.7799987792969,390.4100036621094,146670500
2021-02-26,353.18017578125,380.3599853515625,385.5799865722656,378.2300109863281,384.3500061035156,152701600
2021-03-01,361.74127197265625,389.5799865722656,390.9200134277344,380.5700073242188,385.5899963378906,105348800
2021-03-02,358.9185791015625,386.5400085449219,390.0700073242188,386.0,389.8200073242188,79595300
2021-03-03,354.1644592285156,381.4200134277344,386.8299865722656,381.30999755859375,385.7900085449219,119940200
2021-03-04,349.7817687988281,376.7000122070313,384.0,371.8800048828125,381.2200012207031,183433000
2021-03-05,356.2165222167969,383.6300048828125,384.760009765625,372.6400146484375,380.4599914550781,152039600
2021-03-08,354.44293212890625,381.7200012207031,387.6799926757813,381.4200134277344,384.6600036621094,123149200
2021-03-09,359.5035095214844,387.1700134277344,389.9100036621094,385.30999755859375,385.8500061035156,113633600
2021-03-10,361.74127197265625,389.5799865722656,391.3999938964844,388.1700134277344,389.6900024414063,109899400
2021-03-11,365.4090576171875,393.5299987792969,395.6499938964844,391.739990234375,392.2300109863281,86245000
2021-03-12,365.9011535644531,394.05999755859375,394.2099914550781,391.2000122070313,392.0700073242188,64653600
2021-03-15,368.0833129882813,396.4100036621094,396.6900024414063,392.0299987792969,394.3299865722656,73427200
2021-03-16,367.6189880371094,395.9100036621094,397.8299865722656,395.0799865722656,397.0700073242188,73722500
2021-03-17,368.8725891113281,397.260009765625,398.1199951171875,393.2999877929688,394.5299987792969,97959300
2021-03-18,363.5055236816406,391.4800109863281,396.7200012207031,390.75,394.4800109863281,115349100
2021-03-19,362.8329162597656,389.4800109863281,391.5700073242188,387.1499938964844,389.8800048828125,113624500
2021-03-22,365.7301330566406,392.5899963378906,394.0700073242188,389.9700012207031,390.0299987792969,73778600
2021-03-23,362.8515930175781,389.5,393.4599914550781,388.6600036621094,391.9100036621094,90686600
2021-03-24,361.0069885253906,387.5199890136719,392.75,387.4700012207031,391.0,97588600
2021-03-25,363.0378112792969,389.7000122070313,390.5499877929688,383.8999938964844,385.9800109863281,116128600
2021-03-26,368.8882751464844,395.9800109863281,396.4100036621094,390.2900085449219,390.9299926757813,114409100
2021-03-29,368.7019653320313,395.7799987792969,396.75,392.80999755859375,394.3999938964844,108107600
2021-03-30,367.7237548828125,394.7300109863281,395.4500122070313,393.0199890136719,394.4200134277344,76262200
2021-03-31,369.2143249511719,396.3299865722656,398.0,395.30999755859375,395.3399963378906,112734200
2021-04-01,373.2015380859375,400.6099853515625,400.6700134277344,398.1799926757813,398.3999938964844,99682900
2021-04-05,378.5580749511719,406.3599853515625,406.9400024414063,403.3800048828125,403.4599914550781,91684800
2021-04-06,378.3345031738281,406.1199951171875,407.239990234375,405.3999938964844,405.760009765625,62021000
2021-04-07,378.7723693847656,406.5899963378906,406.9599914550781,405.4500122070313,405.9400024414063,55836300
2021-04-08,380.5702819824219,408.5199890136719,408.5799865722656,406.9299926757813,407.9299926757813,57863100
2021-04-09,383.3370666503906,411.489990234375,411.6700134277344,408.260009765625,408.3900146484375,61104600
2021-04-12,383.476806640625,411.6400146484375,411.9299926757813,410.2000122070313,410.8500061035156,56704900
2021-04-13,384.61334228515625,412.8599853515625,413.5299987792969,411.1199951171875,411.5299987792969,56551000
2021-04-14,383.2998046875,411.4500122070313,413.9599914550781,410.8699951171875,412.8299865722656,61659900
2021-04-15,387.41748046875,415.8699951171875,416.1600036621094,413.6900024414063,413.739990234375,60229800
2021-04-16,388.7122802734375,417.260009765625,417.9100036621094,415.7300109863281,417.25,82037300
2021-04-19,386.8025817871094,415.2099914550781,416.739990234375,413.7900085449219,416.260009765625,78498500
2021-04-20,383.9706115722656,412.1700134277344,415.0899963378906,410.5899963378906,413.9100036621094,81851800
2021-04-21,387.603759765625,416.0700073242188,416.2900085449219,411.3599853515625,411.510009765625,66793000
2021-04-22,384.0636901855469,412.2699890136719,416.7799987792969,411.1300048828125,415.8900146484375,97582800
2021-04-23,388.2279357910156,416.739990234375,418.25,412.7900085449219,412.8699951171875,73209200
2021-04-26,389.0383911132813,417.6099853515625,418.2200012207031,416.80999755859375,417.4400024414063,52182400
2021-04-27,388.9545593261719,417.5199890136719,418.1400146484375,416.2999877929688,417.9299926757813,51303100
2021-04-28,388.8426513671875,417.3999938964844,419.010009765625,416.8999938964844,417.80999755859375,51238900
2021-04-29,391.32073974609375,420.05999755859375,420.7200012207031,416.4400024414063,420.3200073242188,78544300
2021-04-30,388.7495422363281,417.2999877929688,418.5400085449219,416.3399963378906,417.6300048828125,85527000
2021-05-03,389.5880126953125,418.2000122070313,419.8399963378906,417.6700134277344,419.4299926757813,68128300
2021-05-04,387.1845397949219,415.6199951171875,416.6000061035156,411.6700134277344,416.0700073242188,101591200
2021-05-05,387.30572509765625,415.75,417.6300048828125,415.1499938964844,417.3800048828125,60162200
2021-05-06,390.3984069824219,419.0700073242188,419.2099914550781,413.6799926757813,415.8299865722656,74321400
2021-05-07,393.2398376464844,422.1199951171875,422.8200073242188,419.1600036621094,419.8900146484375,67733800
2021-05-10,389.34576416015625,417.9400024414063,422.739990234375,417.80999755859375,422.5,81852400
2021-05-11,385.8710021972656,414.2099914550781,415.2699890136719,410.05999755859375,413.1000061035156,116888000
2021-05-12,377.6730651855469,405.4100036621094,412.5899963378906,404.0,411.2300109863281,134811000
2021-05-13,382.2098693847656,410.2799987792969,412.3500061035156,407.0199890136719,407.0700073242188,106394000
2021-05-14,388.0788269042969,416.5799865722656,417.489990234375,413.1799926757813,413.2099914550781,82201600
2021-05-17,387.09130859375,415.5199890136719,416.3900146484375,413.3599853515625,415.3900146484375,65129200
2021-05-18,383.75628662109375,411.9400024414063,416.05999755859375,411.7699890136719,415.7999877929688,59810200
2021-05-19,382.7501220703125,410.8599853515625,411.0499877929688,405.3299865722656,406.9200134277344,106467100
2021-05-20,386.8677978515625,415.2799987792969,416.6300048828125,411.6700134277344,411.7999877929688,78022200
2021-05-21,386.5511169433594,414.9400024414063,418.2000122070313,414.4500122070313,416.8699951171875,76578700
2021-05-24,390.4916687011719,419.1700134277344,420.3200073242188,417.0799865722656,417.3399963378906,51376700
2021-05-25,389.6252746582031,418.239990234375,420.7099914550781,417.6199951171875,420.3299865722656,57451400
2021-05-26,390.3984069824219,419.0700073242188,419.6099853515625,417.760009765625,418.8699951171875,43088600
2021-05-27,390.6034240722656,419.2900085449219,420.7200012207031,418.989990234375,420.1700134277344,56707700
2021-05-28,391.3021240234375,420.0400085449219,421.25,419.7900085449219,420.9700012207031,58520200
2021-06-01,390.9574279785156,419.6700134277344,422.7200012207031,419.2000122070313,422.5700073242188,54216600
2021-06-02,391.5722351074219,420.3299865722656,421.2300109863281,419.2900085449219,420.3699951171875,49097100
2021-06-03,390.1190490722656,418.7699890136719,419.989990234375,416.2799987792969,417.8500061035156,58138800
2021-06-04,393.68695068359375,422.6000061035156,422.9200134277344,418.8399963378906,420.75,55938800
2021-06-07,393.3050842285156,422.1900024414063,422.7799987792969,421.1900024414063,422.5899963378906,51555000
2021-06-08,393.3888854980469,422.2799987792969,423.2099914550781,420.3200073242188,423.1099853515625,47134300
2021-06-09,392.8019409179688,421.6499938964844,423.260009765625,421.4100036621094,423.1799926757813,48436300
2021-06-10,394.6278991699219,423.6099853515625,424.6300048828125,421.5499877929688,422.9599914550781,51020100
2021-06-11,395.2799377441406,424.30999755859375,424.4299926757813,422.8200073242188,424.2000122070313,45570800
2021-06-14,396.16497802734375,425.260009765625,425.3699951171875,423.1000061035156,424.4299926757813,42358500
2021-06-15,395.4383239746094,424.4800109863281,425.4599914550781,423.5400085449219,425.4200134277344,51508500
2021-06-16,393.2304992675781,422.1099853515625,424.8699951171875,419.9200134277344,424.6300048828125,80386100
2021-06-17,393.1001281738281,421.9700012207031,423.0199890136719,419.3200073242188,421.6700134277344,90949700
2021-06-18,387.7969665527344,414.9200134277344,417.8299865722656,414.7000122070313,417.0899963378906,118676300
2021-06-21,393.3486633300781,420.8599853515625,421.05999755859375,415.9299926757813,416.7999877929688,72822000
2021-06-22,395.4516296386719,423.1099853515625,424.0,420.0799865722656,420.8500061035156,57700300
2021-06-23,394.9749755859375,422.6000061035156,424.0499877929688,422.510009765625,423.1900024414063,49445400
2021-06-24,397.3115539550781,425.1000061035156,425.5499877929688,424.6199951171875,424.8900146484375,45110300
2021-06-25,398.7228088378906,426.6099853515625,427.0899963378906,425.5499877929688,425.8999938964844,58129500
2021-06-28,399.526611328125,427.4700012207031,427.6499938964844,425.8900146484375,427.1700134277344,53159600
2021-06-29,399.74163818359375,427.7000122070313,428.55999755859375,427.1300048828125,427.8800048828125,35970500
2021-06-30,400.0780334472656,428.05999755859375,428.7799987792969,427.1799926757813,427.2099914550781,64827900
2021-07-01,402.2930908203125,430.4299926757813,430.6000061035156,428.7999877929688,428.8699951171875,53441000
2021-07-02,405.36810302734375,433.7200012207031,434.1000061035156,430.5199890136719,431.6700134277344,57697700
2021-07-06,404.6296997070313,432.9299926757813,434.010009765625,430.010009765625,433.7799987792969,68710400
2021-07-07,406.0596923828125,434.4599914550781,434.760009765625,431.510009765625,433.6600036621094,63549500
2021-07-08,402.7511901855469,430.9200134277344,431.7300109863281,427.5199890136719,428.7799987792969,97595200
2021-07-09,407.0503845214844,435.5199890136719,435.8399963378906,430.7099914550781,432.5299987792969,76238600
2021-07-12,408.5083923339844,437.0799865722656,437.3500061035156,434.9700012207031,435.4299926757813,52889600
2021-07-13,407.1158142089844,435.5899963378906,437.8399963378906,435.30999755859375,436.239990234375,52911300
2021-07-14,407.7232666015625,436.239990234375,437.9200134277344,434.9100036621094,437.3999938964844,64130400
2021-07-15,406.3306884765625,434.75,435.5299987792969,432.7200012207031,434.80999755859375,55126400
2021-07-16,403.1436767578125,431.3399963378906,436.05999755859375,430.9200134277344,436.010009765625,75874700
2021-07-19,397.1900329589844,424.9700012207031,431.4100036621094,421.9700012207031,426.1900024414063,147987000
2021-07-20,402.8819580078125,431.05999755859375,432.4200134277344,424.8299865722656,425.6799926757813,99608200
2021-07-21,406.1437683105469,434.5499877929688,434.7000122070313,431.010009765625,432.3399963378906,64724400
2021-07-22,406.9943237304688,435.4599914550781,435.7200012207031,433.6900024414063,434.739990234375,47878500
2021-07-23,411.1814270019531,439.9400024414063,440.2999877929688,436.7900085449219,437.5199890136719,63766600
2021-07-26,412.1907958984375,441.0199890136719,441.0299987792969,439.260009765625,439.30999755859375,43719200
2021-07-27,410.312255859375,439.010009765625,439.9400024414063,435.989990234375,439.9100036621094,67397100
2021-07-28,410.14404296875,438.8299865722656,440.2999877929688,437.30999755859375,439.6799926757813,52472400
2021-07-29,411.8450317382813,440.6499938964844,441.7999877929688,439.80999755859375,439.8200073242188,47435300
2021-07-30,409.8449096679688,438.510009765625,440.05999755859375,437.7699890136719,437.9100036621094,68951200
2021-08-02,408.9850463867188,437.5899963378906,440.9299926757813,437.2099914550781,440.3399963378906,58783300
2021-08-03,412.3123779296875,441.1499938964844,441.2799987792969,436.1000061035156,438.4400024414063,58053900
2021-08-04,410.28424072265625,438.9800109863281,441.1199951171875,438.7300109863281,439.7799987792969,46732200
2021-08-05,412.8825073242188,441.760009765625,441.8500061035156,439.8800048828125,440.2200012207031,38969700
2021-08-06,413.5647583007813,442.489990234375,442.9400024414063,441.7999877929688,442.1000061035156,46930000
2021-08-09,413.2282409667969,442.1300048828125,442.7999877929688,441.30999755859375,442.4599914550781,41222600
2021-08-10,413.7423095703125,442.6799926757813,443.4400024414063,441.8800048828125,442.6099853515625,43339300
2021-08-11,414.7704162597656,443.7799987792969,443.8800048828125,442.6199951171875,443.8200073242188,44034300
2021-08-12,416.0133972167969,445.1099853515625,445.260009765625,442.6600036621094,443.6199951171875,38909400
2021-08-13,416.7705383300781,445.9200134277344,445.9400024414063,445.0700073242188,445.5899963378906,39470300
2021-08-16,417.7518615722656,446.9700012207031,447.1099853515625,442.8699951171875,444.5299987792969,73740000
2021-08-17,415.0134582519531,444.0400085449219,444.9599914550781,440.8500061035156,444.239990234375,92673900
2021-08-18,410.4710388183594,439.1799926757813,444.6300048828125,438.9200134277344,442.9599914550781,89351900
2021-08-19,411.1067199707031,439.8599853515625,441.1400146484375,436.1199951171875,436.2699890136719,92812200
2021-08-20,414.3778076171875,443.3599853515625,443.7099914550781,439.7099914550781,440.2300109863281,72008700
2021-08-23,418.0230102539063,447.260009765625,448.2300109863281,443.4400024414063,445.1600036621094,54973000
2021-08-24,418.6865539550781,447.9700012207031,448.5400085449219,447.4200134277344,447.9700012207031,38744700
2021-08-25,419.5651245117188,448.9100036621094,449.4599914550781,447.7699890136719,448.1700134277344,40529700
2021-08-26,417.08831787109375,446.260009765625,448.8599853515625,446.1600036621094,448.6099853515625,57829600
2021-08-27,420.81744384765625,450.25,450.6499938964844,447.05999755859375,447.1199951171875,77235100
2021-08-30,422.6680603027344,452.2300109863281,453.0700073242188,450.7099914550781,450.9700012207031,48357400
2021-08-31,422.04193115234375,451.55999755859375,452.489990234375,450.9200134277344,452.1300048828125,59300200
2021-09-01,422.2661743164063,451.7999877929688,453.1099853515625,451.5499877929688,452.55999755859375,48721400
2021-09-02,423.5653381347656,453.1900024414063,454.0499877929688,451.9100036621094,453.3200073242188,42501000
2021-09-03,423.4624938964844,453.0799865722656,453.6300048828125,451.5499877929688,451.9800109863281,47170500
2021-09-07,421.9483947753906,451.4599914550781,452.80999755859375,450.739990234375,452.7099914550781,51671500
2021-09-08,421.4343566894531,450.9100036621094,451.6700134277344,448.8599853515625,450.8900146484375,56181900
2021-09-09,419.6304931640625,448.9800109863281,452.5700073242188,448.7200012207031,450.7000122070313,57970400
2021-09-10,416.3219909667969,445.4400024414063,451.489990234375,445.30999755859375,451.0400085449219,89948200
2021-09-13,417.3873596191406,446.5799865722656,448.9200134277344,444.1099853515625,448.6400146484375,83738600
2021-09-14,415.1349792480469,444.1700134277344,448.3399963378906,443.2200012207031,448.1199951171875,78197100
2021-09-15,418.6024475097656,447.8800048828125,448.4100036621094,443.4400024414063,444.6199951171875,78792200
2021-09-16,417.9388427734375,447.1700134277344,448.3599853515625,444.0199890136719,447.3200073242188,77786700
2021-09-17,413.86761474609375,441.3999938964844,445.3699951171875,441.0199890136719,444.9200134277344,118425000
2021-09-20,406.9667053222656,434.0400085449219,436.55999755859375,428.8599853515625,434.8800048828125,166445500
2021-09-21,406.5823059082031,433.6300048828125,437.9100036621094,433.0700073242188,436.5299987792969,92526100
2021-09-22,410.5484313964844,437.8599853515625,440.0299987792969,433.75,436.0499877929688,102350100
2021-09-23,415.53662109375,443.1799926757813,444.8900146484375,439.6000061035156,439.8500061035156,76396000
2021-09-24,416.22113037109375,443.9100036621094,444.6700134277344,441.2099914550781,441.4400024414063,62094800
2021-09-27,415.0303649902344,442.6400146484375,444.0499877929688,441.8999938964844,442.80999755859375,61371100
2021-09-28,406.666748046875,433.7200012207031,440.0400085449219,432.9400024414063,439.6900024414063,130436300
2021-09-29,407.3511962890625,434.4500122070313,437.0400085449219,433.8500061035156,435.1900024414063,82329200
2021-09-30,402.3724060058594,429.1400146484375,436.7699890136719,428.7799987792969,436.0199890136719,140506000
2021-10-01,407.154296875,434.239990234375,436.0299987792969,427.2300109863281,430.9800109863281,129240100
2021-10-04,401.9035339355469,428.6400146484375,433.9599914550781,426.3599853515625,433.0,128570000
2021-10-05,406.08538818359375,433.1000061035156,435.489990234375,429.3900146484375,430.239990234375,90682500
2021-10-06,407.7730407714844,434.8999938964844,435.1199951171875,427.5400085449219,429.2699890136719,113032200
2021-10-07,411.2985229492188,438.6600036621094,441.6799926757813,438.2000122070313,438.3900146484375,72437500
2021-10-08,410.5484313964844,437.8599853515625,439.8900146484375,437.1900024414063,439.4800109863281,74557400
2021-10-11,407.5761413574219,434.6900024414063,440.260009765625,434.6199951171875,437.1600036621094,65233300
2021-10-12,406.5729675292969,433.6199951171875,436.1000061035156,432.7799987792969,435.6700134277344,71181200
2021-10-13,408.0356140136719,435.1799926757813,436.0499877929688,431.5400085449219,434.7099914550781,72974000
2021-10-14,414.8990478515625,442.5,442.6600036621094,438.5799865722656,439.0799865722656,70236800
2021-10-15,418.0588073730469,445.8699951171875,446.260009765625,444.0899963378906,444.75,66260200
2021-10-18,419.2964782714844,447.1900024414063,447.5499877929688,443.2699890136719,443.9700012207031,62213200
2021-10-19,422.5314025878906,450.6400146484375,450.7099914550781,448.2699890136719,448.9200134277344,46996800
2021-10-20,424.1909484863281,452.4100036621094,452.7300109863281,451.010009765625,451.1300048828125,49571600
2021-10-21,425.2973327636719,453.5899963378906,453.8299865722656,451.30999755859375,451.7699890136719,41305400
2021-10-22,424.8565673828125,453.1199951171875,454.6700134277344,451.0499877929688,453.1300048828125,58845100
2021-10-25,427.1350402832031,455.5499877929688,455.8999938964844,452.3900146484375,454.2799987792969,45214500
2021-10-26,427.51953125,455.9599914550781,458.489990234375,455.55999755859375,457.2000122070313,56075100
2021-10-27,425.6254577636719,453.9400024414063,457.1600036621094,453.8599853515625,456.4500122070313,72438000
2021-10-28,429.7322692871094,458.3200073242188,458.3999938964844,455.4500122070313,455.4599914550781,51437900
2021-10-29,430.604248046875,459.25,459.55999755859375,455.55999755859375,455.8699951171875,70162400
2021-11-01,431.344970703125,460.0400085449219,460.7000122070313,458.2000122070313,460.2999877929688,48433600
2021-11-02,433.0888977050781,461.8999938964844,462.2300109863281,460.0799865722656,460.2200012207031,48908400
2021-11-03,435.7330627441406,464.7200012207031,465.1499938964844,460.8299865722656,461.2999877929688,52509800
2021-11-04,437.7865295410156,466.9100036621094,467.0,464.989990234375,465.3599853515625,52847100
2021-11-05,439.3053894042969,468.5299987792969,470.6499938964844,466.9200134277344,469.2799987792969,66390600
2021-11-08,439.680419921875,468.9299926757813,470.2300109863281,468.2000122070313,469.7000122070313,50405200
2021-11-09,438.2271728515625,467.3800048828125,469.5700073242188,465.8800048828125,469.3200073242188,51149100
2021-11-10,434.7017211914063,463.6199951171875,467.3800048828125,462.0400085449219,465.5799865722656,69429700
2021-11-11,434.84228515625,463.7699890136719,465.2900085449219,463.75,465.2099914550781,34848500
2021-11-12,438.1240234375,467.2699890136719,467.8599853515625,464.1099853515625,465.1199951171875,53466700
2021-11-15,438.2740173339844,467.4299926757813,468.80999755859375,466.2300109863281,468.6400146484375,46980500
2021-11-16,440.0086364746094,469.2799987792969,470.489990234375,467.0700073242188,467.1499938964844,48857500
2021-11-17,438.9398498535156,468.1400146484375,469.1900024414063,467.4800109863281,469.0,47858300
2021-11-18,440.4306640625,469.7300109863281,470.010009765625,466.3399963378906,469.239990234375,50625600
2021-11-19,439.6429748535156,468.8900146484375,470.9400024414063,468.5,469.6099853515625,57315600
2021-11-22,438.40533447265625,467.5700073242188,473.5400085449219,467.3500061035156,470.8900146484375,72762000
2021-11-23,438.9866027832031,468.1900024414063,469.1000061035156,464.4500122070313,467.2200012207031,73206500
2021-11-24,440.1587219238281,469.4400024414063,469.5700073242188,465.1900024414063,466.05999755859375,61858800
2021-11-26,430.3417053222656,458.9700012207031,463.8999938964844,457.7699890136719,462.3399963378906,112669600
2021-11-29,435.62054443359375,464.6000061035156,466.55999755859375,461.7300109863281,464.0700073242188,86268800
2021-11-30,427.1445007324219,455.55999755859375,464.0299987792969,455.2999877929688,462.0,148559600
2021-12-01,422.4000244140625,450.5,464.6700134277344,450.2900085449219,461.6400146484375,131939200
2021-12-02,428.8696594238281,457.3999938964844,459.0700073242188,450.30999755859375,450.7300109863281,127637800
2021-12-03,425.1378479003906,453.4200134277344,460.2999877929688,448.9200134277344,459.1700134277344,137331600
2021-12-06,430.1730041503906,458.7900085449219,460.7900085449219,453.55999755859375,456.1300048828125,98977500
2021-12-07,439.0710144042969,468.2799987792969,468.8800048828125,458.6499938964844,464.4100036621094,95484700
2021-12-08,440.233642578125,469.5199890136719,470.0,466.8299865722656,468.7000122070313,72238800
2021-12-09,437.2614135742188,466.3500061035156,469.6300048828125,466.1400146484375,468.1499938964844,61272600
2021-12-10,441.3775634765625,470.739990234375,470.8999938964844,466.510009765625,469.2300109863281,77159800
2021-12-13,437.46771240234375,466.5700073242188,470.55999755859375,466.2699890136719,470.1900024414063,87724700
2021-12-14,434.4579162597656,463.3599853515625,465.739990234375,460.25,463.0899963378906,97264100
2021-12-15,441.2462463378906,470.6000061035156,470.8599853515625,460.739990234375,463.4200134277344,116899300
2021-12-16,437.3552551269531,466.4500122070313,472.8699951171875,464.7999877929688,472.5700073242188,116568600
2021-12-17,432.7004699707031,459.8699951171875,464.739990234375,458.05999755859375,461.5499877929688,135511600
2021-12-20,428.0993957519531,454.9800109863281,455.3999938964844,451.1400146484375,454.4800109863281,107134800
2021-12-21,435.7019348144531,463.05999755859375,463.2099914550781,456.30999755859375,458.6099853515625,69806300
2021-12-22,440.0584106445313,467.6900024414063,467.80999755859375,462.5799865722656,462.7900085449219,58890200
2021-12-23,442.7965087890625,470.6000061035156,472.1900024414063,468.6400146484375,468.75,56439700
2021-12-27,449.0630493164063,477.260009765625,477.30999755859375,472.010009765625,472.05999755859375,56808600
2021-12-28,448.6960754394531,476.8699951171875,478.80999755859375,476.05999755859375,477.7200012207031,47274600
2021-12-29,449.2699890136719,477.4800109863281,478.55999755859375,475.9200134277344,476.9800109863281,54503000
2021-12-30,448.028076171875,476.1600036621094,479.0,475.6700134277344,477.9299926757813,55329000
2021-12-31,446.8988952636719,474.9599914550781,476.8599853515625,474.6700134277344,475.6400146484375,65237400
2022-01-03,449.4864807128906,477.7099914550781,477.8500061035156,473.8500061035156,476.2999877929688,72668200
2022-01-04,449.33587646484375,477.5499877929688,479.9800109863281,475.5799865722656,479.2200012207031,71178700
2022-01-05,440.7077026367188,468.3800048828125,477.9800109863281,468.2799987792969,477.1600036621094,104538900
2022-01-06,440.2936706542969,467.9400024414063,470.8200073242188,465.4299926757813,467.8900146484375,86858900
2022-01-07,438.5530090332031,466.0899963378906,469.2000122070313,464.6499938964844,467.9500122070313,85111600
2022-01-10,438.0072326660156,465.510009765625,465.739990234375,456.6000061035156,462.7000122070313,119362000
2022-01-11,441.9967651367188,469.75,469.8500061035156,462.0499877929688,465.2300109863281,74303100
2022-01-12,443.191650390625,471.0199890136719,473.2000122070313,468.9400024414063,471.5899963378906,67605400
2022-01-13,437.0851440429688,464.5299987792969,472.8800048828125,463.4400024414063,472.1900024414063,91173100
2022-01-14,437.263916015625,464.7200012207031,465.0899963378906,459.8999938964844,461.1900024414063,95890900
2022-01-18,429.5201721191406,456.489990234375,459.9599914550781,455.30999755859375,459.739990234375,109709100
2022-01-19,425.0602722167969,451.75,459.6099853515625,451.4599914550781,458.1300048828125,109357600
2022-01-20,420.3556518554688,446.75,458.739990234375,444.5,453.75,122379700
2022-01-21,412.103759765625,437.9800109863281,448.05999755859375,437.9500122070313,445.55999755859375,202271200
2022-01-24,413.8539123535156,439.8399963378906,440.3800048828125,420.760009765625,432.0299987792969,251783900
2022-01-25,408.8011779785156,434.4700012207031,439.7200012207031,427.1499938964844,433.05999755859375,167997300
2022-01-26,407.7754821777344,433.3800048828125,444.0400085449219,428.8599853515625,440.7200012207031,186391100
2022-01-27,405.761962890625,431.239990234375,441.5899963378906,429.4500122070313,438.260009765625,149878300
2022-01-28,415.8391723632813,441.9500122070313,442.0,427.8200073242188,432.6799926757813,164457400
2022-01-31,423.3289489746094,449.9100036621094,450.2799987792969,439.80999755859375,441.239990234375,152251400
2022-02-01,426.1892700195313,452.9500122070313,453.6300048828125,446.9400024414063,450.6799926757813,123155400
2022-02-02,430.3293762207031,457.3500061035156,458.1199951171875,453.0499877929688,455.5,117361000
2022-02-03,420.2144165039063,446.6000061035156,452.9700012207031,445.7099914550781,450.9500122070313,118024400
2022-02-04,422.1903991699219,448.7000122070313,452.7799987792969,443.8299865722656,446.3500061035156,118454400
2022-02-07,420.8355102539063,447.260009765625,450.989990234375,445.8500061035156,449.510009765625,84472900
2022-02-08,424.2979736328125,450.9400024414063,451.9200134277344,445.2200012207031,446.7300109863281,81012000
2022-02-09,430.5081787109375,457.5400085449219,457.8800048828125,455.010009765625,455.2200012207031,92589900
2022-02-10,422.7737731933594,449.3200073242188,457.7099914550781,447.2000122070313,451.3399963378906,140103700
2022-02-11,414.4371948242188,440.4599914550781,451.6099853515625,438.9400024414063,449.4100036621094,153214600
2022-02-14,413.0823669433594,439.0199890136719,441.6000061035156,435.3399963378906,439.9200134277344,123006300
2022-02-15,419.7439575195313,446.1000061035156,446.2799987792969,443.1799926757813,443.7300109863281,88482700
2022-02-16,420.2144165039063,446.6000061035156,448.05999755859375,441.9400024414063,443.9299926757813,84863600
2022-02-17,411.238037109375,437.05999755859375,446.5700073242188,436.4200134277344,443.2200012207031,102259100
2022-02-18,408.5753173828125,434.2300109863281,438.6600036621094,431.8200073242188,437.3299865722656,132642900
2022-02-22,404.1906433105469,429.5700073242188,435.5,425.8599853515625,431.8900146484375,124391800
2022-02-23,397.0208129882813,421.9500122070313,433.260009765625,421.3500061035156,432.6600036621094,132578000
2022-02-24,402.9956359863281,428.2999877929688,428.760009765625,410.6400146484375,411.0199890136719,213942900
2022-02-25,411.8873291015625,437.75,437.8399963378906,427.8599853515625,429.6099853515625,121804500
2022-02-28,410.83349609375,436.6300048828125,438.2000122070313,430.7000122070313,432.0299987792969,145615000
2022-03-01,404.5764465332031,429.9800109863281,437.1700134277344,427.1099853515625,435.0400085449219,137785900
2022-03-02,412.0191040039063,437.8900146484375,439.7200012207031,431.5700073242188,432.3699951171875,117726500
2022-03-03,409.96783447265625,435.7099914550781,441.1099853515625,433.7999877929688,440.4700012207031,105501700
2022-03-04,406.6370849609375,432.1700134277344,433.3699951171875,427.8800048828125,431.75,113978200
2022-03-07,394.649658203125,419.4299926757813,432.2999877929688,419.3599853515625,431.5499877929688,137896600
2022-03-08,391.6575622558594,416.25,427.2099914550781,415.1199951171875,419.6199951171875,164772700
2022-03-09,402.1582336425781,427.4100036621094,429.510009765625,422.8200073242188,425.1400146484375,116990800
2022-03-10,400.34222412109375,425.4800109863281,426.4299926757813,420.4400024414063,422.5199890136719,93972700
2022-03-11,395.25189208984375,420.0700073242188,428.7699890136719,419.5299987792969,428.1199951171875,95636300
2022-03-14,392.36322021484375,417.0,424.5499877929688,415.7900085449219,420.8900146484375,95729200
2022-03-15,400.9914855957031,426.1700134277344,426.8399963378906,418.4200134277344,419.7699890136719,106219100
2022-03-16,409.8831176757813,435.6199951171875,435.6799926757813,424.7999877929688,429.8900146484375,144954800
2022-03-17,415.0111389160156,441.0700073242188,441.0700073242188,433.1900024414063,433.5899963378906,102676900
2022-03-18,419.5567626953125,444.5199890136719,444.8599853515625,437.2200012207031,438.0,106345500
2022-03-21,419.4341125488281,444.3900146484375,446.4599914550781,440.6799926757813,444.3399963378906,88349800
2022-03-22,424.3419799804688,449.5899963378906,450.5799865722656,445.8599853515625,445.8599853515625,74650400
2022-03-23,418.8771057128906,443.7999877929688,448.489990234375,443.7099914550781,446.9100036621094,79426100
2022-03-24,425.1914367675781,450.489990234375,450.5,444.760009765625,445.9400024414063,64736900
2022-03-25,427.2678833007813,452.6900024414063,452.9800109863281,448.4299926757813,451.1600036621094,77101300
2022-03-28,430.30706787109375,455.9100036621094,455.9100036621094,450.05999755859375,452.05999755859375,68529800
2022-03-29,435.6303405761719,461.5499877929688,462.0700073242188,457.1799926757813,460.0199890136719,86581500
2022-03-30,432.9404296875,458.7000122070313,461.2000122070313,456.4700012207031,460.3399963378906,79666900
2022-03-31,426.2768859863281,451.6400146484375,458.760009765625,451.1600036621094,457.8900146484375,121699900
2022-04-01,427.4849853515625,452.9200134277344,453.4599914550781,449.1400146484375,453.30999755859375,89048800
2022-04-04,431.1471252441406,456.7999877929688,456.9100036621094,452.260009765625,453.1300048828125,59601000
2022-04-05,425.7011413574219,451.0299987792969,457.8299865722656,449.8200073242188,455.2200012207031,74214500
2022-04-06,421.4444580078125,446.5199890136719,448.9299926757813,443.4700012207031,446.8900146484375,106898000
2022-04-07,423.5680541992188,448.7699890136719,450.6900024414063,443.5299987792969,445.5899963378906,78097200
2022-04-08,422.4354248046875,447.5700073242188,450.6300048828125,445.9400024414063,447.9700012207031,79272700
2022-04-11,415.215087890625,439.9200134277344,445.0,439.3900146484375,444.1099853515625,89770500
2022-04-12,413.6766357421875,438.2900085449219,445.75,436.6499938964844,443.0799865722656,84363600
2022-04-13,418.4147033691406,443.30999755859375,444.1099853515625,437.8399963378906,438.0299987792969,74070400
2022-04-14,413.2046813964844,437.7900085449219,444.7300109863281,437.6799926757813,443.5499877929688,97869500
2022-04-18,413.3746337890625,437.9700012207031,439.75,435.6099853515625,436.80999755859375,66002500
2022-04-19,420.0475463867188,445.0400085449219,445.7999877929688,437.6799926757813,437.8599853515625,77821000
2022-04-20,419.7360229492188,444.7099914550781,447.5700073242188,443.4800109863281,446.9200134277344,65224400
2022-04-21,413.45941162109375,438.05999755859375,450.010009765625,437.1000061035156,448.5400085449219,85417300
2022-04-22,402.1145935058594,426.0400085449219,438.0799865722656,425.4400024414063,436.9100036621094,132471800
2022-04-25,404.4458312988281,428.510009765625,428.6900024414063,418.8399963378906,423.6700134277344,119647700
2022-04-26,392.7327575683594,416.1000061035156,426.0400085449219,416.0700073242188,425.8299865722656,103996300
2022-04-27,393.8370056152344,417.2699890136719,422.9200134277344,415.010009765625,417.239990234375,122030000
2022-04-28,403.7851257324219,427.80999755859375,429.6400146484375,417.6000061035156,422.2900085449219,105449100
2022-04-29,388.8628845214844,412.0,425.8699951171875,411.2099914550781,423.5899963378906,145491100
2022-05-02,391.2037048339844,414.4800109863281,415.9200134277344,405.0199890136719,412.0700073242188,158312500
2022-05-03,392.9970397949219,416.3800048828125,418.9299926757813,413.3599853515625,415.010009765625,100028200
2022-05-04,404.96490478515625,429.05999755859375,429.6600036621094,413.7099914550781,417.0799865722656,144247900
2022-05-05,390.5713195800781,413.80999755859375,425.0,409.4400024414063,424.5499877929688,172929100
2022-05-06,388.2401123046875,411.3399963378906,414.7999877929688,405.7300109863281,411.1000061035156,151770800
2022-05-09,375.8096618652344,398.1700134277344,406.4100036621094,396.5,405.1000061035156,155586100
2022-05-10,376.6780090332031,399.0899963378906,406.0799865722656,394.8200073242188,404.489990234375,132497200
2022-05-11,370.694091796875,392.75,404.0400085449219,391.9599914550781,398.0700073242188,142361000
2022-05-12,370.3069458007813,392.3399963378906,395.7999877929688,385.1499938964844,389.3699951171875,125090800
2022-05-13,379.1603088378906,401.7200012207031,403.1799926757813,395.6099853515625,396.7099914550781,104174400
2022-05-16,377.6217956542969,400.0899963378906,403.9700012207031,397.6000061035156,399.9800109863281,78622400
2022-05-17,385.38958740234375,408.3200073242188,408.5700073242188,402.5799865722656,406.5299987792969,83029700
2022-05-18,369.85394287109375,391.8599853515625,403.7999877929688,390.5499877929688,403.5,117674500
2022-05-19,367.5887145996094,389.4599914550781,394.1400146484375,387.1099853515625,388.6199951171875,98510700
2022-05-20,367.7491760253906,389.6300048828125,397.0299987792969,380.5400085449219,393.25,131432200
2022-05-23,374.6298828125,396.9200134277344,397.7300109863281,390.3800048828125,392.8299865722656,76414900
2022-05-24,371.77001953125,393.8900146484375,395.1499938964844,386.9599914550781,392.55999755859375,91448800
2022-05-25,375.0545043945313,397.3699951171875,399.4500122070313,391.8900146484375,392.30999755859375,91472900
2022-05-26,382.5486450195313,405.30999755859375,407.0400085449219,398.4500122070313,398.6700134277344,82168300
2022-05-27,391.93994140625,415.260009765625,415.3800048828125,407.7000122070313,407.9100036621094,84768700
2022-05-31,389.7407531738281,412.9299926757813,416.4599914550781,410.0299987792969,413.5499877929688,95937000
2022-06-01,386.58831787109375,409.5899963378906,416.239990234375,406.9299926757813,415.1700134277344,86585800
2022-06-02,393.9502868652344,417.3900146484375,417.4400024414063,407.0400085449219,409.4200134277344,79609600
2022-06-03,387.4850463867188,410.5400085449219,414.0400085449219,409.510009765625,412.3999938964844,71874300
2022-06-06,388.6647644042969,411.7900085449219,416.6099853515625,410.5499877929688,414.7799987792969,57508900
2022-06-07,392.3928833007813,415.739990234375,416.2200012207031,407.6099853515625,408.1000061035156,59272400
2022-06-08,388.1267395019531,411.2200012207031,415.8200073242188,410.3800048828125,413.9299926757813,64350000
2022-06-09,378.8959655761719,401.4400024414063,411.739990234375,401.4400024414063,409.3399963378906,86289800
2022-06-10,367.90966796875,389.7999877929688,395.7799987792969,389.75,394.8800048828125,132893900
2022-06-13,353.94073486328125,375.0,381.80999755859375,373.2999877929688,379.8500061035156,170004900
2022-06-14,352.8742980957031,373.8699951171875,377.9400024414063,370.5899963378906,376.8500061035156,104011800
2022-06-15,357.9049987792969,379.2000122070313,383.8999938964844,372.1199951171875,377.3599853515625,125666800
2022-06-16,346.0596923828125,366.6499938964844,370.9400024414063,364.0799865722656,370.510009765625,134473300
2022-06-17,346.80572509765625,365.8599853515625,369.3800048828125,362.1700134277344,365.510009765625,111113900
2022-06-21,355.5360412597656,375.0700073242188,376.5299987792969,371.80999755859375,371.8900146484375,76811900
2022-06-22,354.8914794921875,374.3900146484375,378.7200012207031,370.1799926757813,370.6199951171875,90059400
2022-06-23,358.37042236328125,378.05999755859375,378.8299865722656,372.8900146484375,376.6400146484375,79292100
2022-06-24,369.7643127441406,390.0799865722656,390.0899963378906,381.3699951171875,381.3999938964844,98050300
2022-06-27,368.3519592285156,388.5899963378906,391.3599853515625,387.4400024414063,391.0499877929688,66009600
2022-06-28,360.8254699707031,380.6499938964844,393.1600036621094,380.5299987792969,390.2300109863281,86548900
2022-06-29,360.5315551757813,380.3399963378906,382.2699890136719,378.4200134277344,381.2300109863281,65676000
2022-06-30,357.6024780273437,377.25,380.6600036621094,372.55999755859375,376.239990234375,112508300
2022-07-01,361.3847351074219,381.239990234375,381.7000122070313,373.7999877929688,376.55999755859375,74839700
2022-07-05,362.0672302246094,381.9599914550781,381.9800109863281,372.8999938964844,375.8800048828125,81438000
2022-07-06,363.2900390625,383.25,385.8699951171875,379.6000061035156,382.1099853515625,70426200
2022-07-07,368.7310485839844,388.989990234375,389.8299865722656,383.2699890136719,385.1199951171875,64525900
2022-07-08,368.4277648925781,388.6700134277344,390.6400146484375,385.6600036621094,387.2699890136719,72397800
2022-07-11,364.2190551757813,384.2300109863281,386.8699951171875,383.5,385.8500061035156,58366900
2022-07-12,360.9960632324219,380.8299865722656,386.1600036621094,378.989990234375,383.6499938964844,62219200
2022-07-13,359.1001892089844,378.8299865722656,381.9200134277344,374.6600036621094,375.1000061035156,84224600
2022-07-14,358.2281799316406,377.9100036621094,379.0499877929688,371.0400085449219,373.6099853515625,89704800
2022-07-15,365.0721435546875,385.1300048828125,385.25,380.5400085449219,382.5499877929688,79060400
2022-07-18,362.0577697753906,381.9500122070313,389.0899963378906,380.6600036621094,388.3800048828125,63203600
2022-07-19,371.8402404785156,392.2699890136719,392.8699951171875,385.3900146484375,386.0799865722656,78506000
2022-07-20,374.2101135253906,394.7699890136719,396.260009765625,391.0299987792969,392.4700012207031,71843800
2022-07-21,378.0206909179688,398.7900085449219,398.8399963378906,391.6300048828125,394.1600036621094,64903900
2022-07-22,374.5133666992188,395.0899963378906,400.1799926757813,392.75,398.9200134277344,72197300
2022-07-25,374.9684448242188,395.5700073242188,396.4700012207031,393.2099914550781,395.75,53631500
2022-07-26,370.5322265625,390.8900146484375,394.05999755859375,389.9500122070313,393.8399963378906,52946400
2022-07-27,380.153564453125,401.0400085449219,402.8800048828125,394.0499877929688,394.3599853515625,82342100
2022-07-28,384.921630859375,406.0700073242188,406.7999877929688,398.1499938964844,401.8900146484375,73966600
2022-07-29,390.5332946777344,411.989990234375,413.0299987792969,406.7699890136719,407.5799865722656,87003700
2022-08-01,389.3767700195313,410.7699890136719,413.4100036621094,408.3999938964844,409.1499938964844,69997500
2022-08-02,386.8079528808594,408.05999755859375,413.0,406.8200073242188,409.1199951171875,63435400
2022-08-03,392.8651123046875,414.4500122070313,415.6799926757813,410.0,410.2999877929688,67820600
2022-08-04,392.5997924804688,414.1700134277344,415.0899963378906,412.4400024414063,414.3699951171875,45656600
2022-08-05,391.9361572265625,413.4700012207031,414.1499938964844,409.6000061035156,409.6600036621094,56814900
2022-08-08,391.481201171875,412.989990234375,417.6199951171875,411.8299865722656,415.25,53886100
2022-08-09,389.9266662597656,411.3500061035156,412.75,410.2200012207031,412.2200012207031,44931800
2022-08-10,398.1166076660156,419.989990234375,420.1400146484375,416.7200012207031,418.7799987792969,68665700
2022-08-11,398.1166076660156,419.989990234375,424.9500122070313,419.2099914550781,422.989990234375,59489700
2022-08-12,404.8563537597656,427.1000061035156,427.2099914550781,421.0299987792969,422.0299987792969,61694500
2022-08-15,406.524658203125,428.8599853515625,429.4100036621094,424.7099914550781,424.7699890136719,54048300
2022-08-16,407.3209228515625,429.7000122070313,431.7300109863281,426.8800048828125,427.7300109863281,59289000
2022-08-17,404.4297180175781,426.6499938964844,429.5,424.5400085449219,425.9100036621094,63563400
2022-08-18,405.6051940917969,427.8900146484375,428.6099853515625,425.5,426.8599853515625,49023200
2022-08-19,400.1546325683594,422.1400146484375,425.260009765625,421.2200012207031,424.9800109863281,68016900
2022-08-22,391.8224182128906,413.3500061035156,417.2300109863281,412.3999938964844,417.0499877929688,77695600
2022-08-23,390.8745422363281,412.3500061035156,415.4200134277344,411.7699890136719,412.8999938964844,49105200
2022-08-24,392.1257629394531,413.6700134277344,415.1099853515625,411.3900146484375,412.1099853515625,49177800
2022-08-25,397.6616516113281,419.510009765625,419.55999755859375,414.0899963378906,415.239990234375,50942300
2022-08-26,384.2011413574219,405.30999755859375,419.9599914550781,405.25,419.3900146484375,103087000
2022-08-29,381.6607055664063,402.6300048828125,405.8399963378906,401.2000122070313,402.2000122070313,65370800
2022-08-30,377.470947265625,398.2099914550781,404.1000061035156,396.0,403.8500061035156,85652400
2022-08-31,374.5987548828125,395.1799926757813,401.239990234375,395.0400085449219,399.9299926757813,76029700
2022-09-01,375.774169921875,396.4200134277344,396.7799987792969,390.0400085449219,392.8900146484375,78740100
2022-09-02,371.8118591308594,392.239990234375,401.55999755859375,390.3299865722656,400.2799987792969,99632100
2022-09-06,370.408935546875,390.760009765625,394.1199951171875,388.4200134277344,393.1300048828125,76637400
2022-09-07,377.0633850097656,397.7799987792969,398.5899963378906,390.2000122070313,390.4299926757813,70964200
2022-09-08,379.5279235839844,400.3800048828125,400.8599853515625,394.1199951171875,395.3900146484375,80821700
2022-09-09,385.4239807128906,406.6000061035156,407.510009765625,402.4599914550781,402.739990234375,76706900
2022-09-12,389.56640625,410.9700012207031,411.7300109863281,408.4599914550781,408.7799987792969,69256300
2022-09-13,372.62701416015625,393.1000061035156,403.1000061035156,391.9200134277344,401.8299865722656,122947100
2022-09-14,374.0489501953125,394.6000061035156,396.2000122070313,391.1199951171875,394.4700012207031,85023700
2022-09-15,369.8022766113281,390.1199951171875,395.9599914550781,388.7799987792969,392.9599914550781,87633800
2022-09-16,366.9810791015625,385.55999755859375,386.25,382.1099853515625,384.1400146484375,103084800
2022-09-19,369.8269653320313,388.5499877929688,388.5499877929688,382.1799926757813,382.260009765625,73278500
2022-09-20,365.5818786621094,384.0899963378906,386.1199951171875,381.2000122070313,385.05999755859375,77274900
2022-09-21,359.2047424316406,377.3900146484375,389.30999755859375,377.3800048828125,386.1099853515625,106746600
2022-09-22,356.18756103515625,374.2200012207031,378.2999877929688,373.4400024414063,376.5799865722656,89472600
2022-09-23,350.2196655273437,367.9500122070313,370.6199951171875,363.2900085449219,370.5799865722656,122346900
2022-09-26,346.7550964355469,364.30999755859375,370.2099914550781,363.0299987792969,366.4100036621094,92581200
2022-09-27,345.869873046875,363.3800048828125,370.3999938964844,360.8699951171875,368.0199890136719,108294100
2022-09-28,352.6753234863281,370.5299987792969,372.2999877929688,362.6000061035156,364.3800048828125,110802200
2022-09-29,345.3083190917969,362.7900085449219,367.1099853515625,359.70001220703125,366.80999755859375,112952300
2022-09-30,339.9685974121094,357.17999267578125,365.9100036621094,357.0400085449219,361.7999877929688,153711200
2022-10-03,348.9441833496094,366.6099853515625,368.5499877929688,359.2099914550781,361.0799865722656,89756500
2022-10-04,359.7568359375,377.9700012207031,378.0,366.5700073242188,372.3999938964844,103602800
2022-10-05,358.91925048828125,377.0899963378906,379.4599914550781,370.9500122070313,373.3900146484375,88065700
2022-10-06,355.2166748046875,373.2000122070313,378.7200012207031,372.6799926757813,375.6199951171875,82333500
2022-10-07,345.3083190917969,362.7900085449219,373.2900085449219,360.9400024414063,368.9700012207031,107789500
2022-10-10,342.6717834472656,360.0199890136719,364.2099914550781,357.6700134277344,363.9599914550781,76042800
2022-10-11,340.5015563964844,357.739990234375,363.0299987792969,355.7099914550781,358.239990234375,92482800
2022-10-12,339.37847900390625,356.5599975585937,359.82000732421875,356.29998779296875,358.1700134277344,76991800
2022-10-13,348.3350830078125,365.9700012207031,367.510009765625,348.1099853515625,349.2099914550781,147254500
2022-10-14,340.3969116210937,357.6300048828125,370.260009765625,356.9599914550781,368.5499877929688,123737000
2022-10-17,349.1440734863281,366.8200073242188,367.9800109863281,357.2799987792969,364.010009765625,93168200
2022-10-18,353.2464294433594,371.1300048828125,375.4500122070313,367.5199890136719,375.1300048828125,97162900
2022-10-19,350.7431335449219,368.5,371.8500061035156,365.5499877929688,368.989990234375,79746900
2022-10-20,347.8020324707031,365.4100036621094,372.6700134277344,364.6099853515625,368.0299987792969,88283100
2022-10-21,356.2541809082031,374.2900085449219,374.7999877929688,363.5400085449219,365.1199951171875,131038400
2022-10-24,360.6134338378906,378.8699951171875,380.05999755859375,373.1099853515625,375.8900146484375,85436900
2022-10-25,366.37200927734375,384.9200134277344,385.25,378.6700134277344,378.7900085449219,78846300
2022-10-26,363.6116638183594,382.0199890136719,387.5799865722656,381.3500061035156,381.6199951171875,104087300
2022-10-27,361.6700439453125,379.9800109863281,385.0,379.3299865722656,383.0700073242188,81971800
2022-10-28,370.2743225097656,389.0199890136719,389.5199890136719,379.6799926757813,379.8699951171875,100302000
2022-10-31,367.5997314453125,386.2099914550781,388.3999938964844,385.260009765625,386.4400024414063,96631300
2022-11-01,365.9911804199219,384.5199890136719,390.3900146484375,383.2900085449219,390.1400146484375,85407600
2022-11-02,356.80621337890625,374.8699951171875,388.6300048828125,374.760009765625,383.8999938964844,126990400
2022-11-03,353.1321716308594,371.010009765625,374.2000122070313,368.7900085449219,371.4700012207031,87100100
2022-11-04,358.2149353027344,376.3500061035156,378.8699951171875,370.0,377.0,103505200
2022-11-07,361.6414489746094,379.9500122070313,380.5700073242188,375.5299987792969,377.7099914550781,68286900
2022-11-08,363.5925903320313,382.0,385.1199951171875,377.7200012207031,381.1099853515625,84641100
2022-11-09,356.10186767578125,374.1300048828125,381.1400146484375,373.6099853515625,379.9299926757813,78495500
2022-11-10,375.6711730957031,394.6900024414063,395.0400085449219,385.6400146484375,388.0499877929688,141455800
2022-11-11,379.30706787109375,398.510009765625,399.3500061035156,393.6099853515625,395.5899963378906,93839900
2022-11-14,376.0804748535156,395.1199951171875,400.1799926757813,394.8299865722656,396.6600036621094,71903500
2022-11-15,379.28802490234375,398.489990234375,402.30999755859375,394.489990234375,401.1499938964844,93194500
2022-11-16,376.39453125,395.4500122070313,397.7799987792969,394.7900085449219,396.7799987792969,68508500
2022-11-17,375.2428588867188,394.239990234375,394.9500122070313,390.1400146484375,390.4599914550781,74496300
2022-11-18,376.9465637207031,396.0299987792969,397.80999755859375,393.0400085449219,397.739990234375,92922500
2022-11-21,375.575927734375,394.5899963378906,395.8200073242188,392.6600036621094,394.6400146484375,51243200
2022-11-22,380.6300354003906,399.8999938964844,400.0700073242188,395.1499938964844,396.6300048828125,60429000
2022-11-23,383.0286254882813,402.4200134277344,402.9299926757813,399.30999755859375,399.5499877929688,68261600
2022-11-25,382.9429626464844,402.3299865722656,402.9100036621094,401.5400085449219,401.8299865722656,30545400
2022-11-28,376.8323669433594,395.9100036621094,400.80999755859375,395.1099853515625,399.0899963378906,67881600
2022-11-29,376.1851501464844,395.2300109863281,397.2999877929688,393.2999877929688,396.0499877929688,52310000
2022-11-30,388.03515625,407.6799926757813,407.6799926757813,393.4800109863281,395.489990234375,144566700
2022-12-01,387.7496643066406,407.3800048828125,410.0,404.75,408.7699890136719,76398200
2022-12-02,387.3023071289063,406.9100036621094,407.8599853515625,402.1400146484375,402.25,85342700
2022-12-05,380.3349914550781,399.5899963378906,404.9299926757813,398.1700134277344,403.9500122070313,77289800
2022-12-06,374.85260009765625,393.8299865722656,399.989990234375,391.6400146484375,399.4200134277344,77972200
2022-12-07,374.21484375,393.1600036621094,395.6400146484375,391.9700012207031,392.9400024414063,65927900
2022-12-08,377.146484375,396.239990234375,397.3599853515625,393.2699890136719,395.1400146484375,60737900
2022-12-09,374.3290710449219,393.2799987792969,397.6199951171875,393.1499938964844,394.9400024414063,81447700
2022-12-12,379.7258911132813,398.9500122070313,398.9500122070313,393.4100036621094,394.1099853515625,75405800
2022-12-13,382.6003723144531,401.9700012207031,410.489990234375,399.0700073242188,410.2200012207031,123782500
2022-12-14,380.1541748046875,399.3999938964844,405.5,396.30999755859375,401.6099853515625,108111300
2022-12-15,370.85498046875,389.6300048828125,395.25,387.8900146484375,394.2999877929688,117705900
2022-12-16,366.4766540527344,383.2699890136719,386.5799865722656,381.0400085449219,385.1799926757813,119858000
2022-12-19,363.3690185546875,380.0199890136719,383.8200073242188,378.2799987792969,383.4700012207031,79878100
2022-12-20,363.86627197265625,380.5400085449219,382.2300109863281,377.8500061035156,379.2300109863281,74427200
2022-12-21,369.3069152832031,386.2300109863281,387.4100036621094,382.6900024414063,383.25,78167400
2022-12-22,364.0382690429688,380.7200012207031,386.2099914550781,374.7699890136719,383.0499877929688,100120900
2022-12-23,366.1324157714844,382.9100036621094,383.05999755859375,378.0299987792969,379.6499938964844,59857300
2022-12-27,364.6885986328125,381.3999938964844,383.1499938964844,379.6499938964844,382.7900085449219,51638200
2022-12-28,360.15625,376.6600036621094,383.3900146484375,376.4200134277344,381.3299865722656,70911500
2022-12-29,366.6391906738281,383.4400024414063,384.3500061035156,379.0799865722656,379.6300048828125,66970900
2022-12-30,365.6734008789063,382.4299926757813,382.5799865722656,378.4299926757813,380.6400146484375,84022200
2023-01-03,364.1339111328125,380.8200073242188,386.4299926757813,377.8299865722656,384.3699951171875,74850700
2023-01-04,366.9451293945313,383.760009765625,385.8800048828125,380.0,383.1799926757813,85934100
2023-01-05,362.757080078125,379.3800048828125,381.8399963378906,378.760009765625,381.7200012207031,76970500
2023-01-06,371.0758361816406,388.0799865722656,389.25,379.4100036621094,382.6099853515625,104189600
2023-01-09,370.8655395507813,387.8599853515625,393.7000122070313,387.6700134277344,390.3699951171875,73978100
2023-01-10,373.46630859375,390.5799865722656,390.6499938964844,386.2699890136719,387.25,65358100
2023-01-11,378.1898193359375,395.5199890136719,395.6000061035156,391.3800048828125,392.2300109863281,68881100
2023-01-12,379.5667419433594,396.9599914550781,398.489990234375,392.4200134277344,396.6700134277344,90157700
2023-01-13,381.0392761230469,398.5,399.1000061035156,393.3399963378906,393.6199951171875,63903900
2023-01-17,380.3412780761719,397.7699890136719,400.2300109863281,397.05999755859375,398.4800109863281,62677300
2023-01-18,374.33642578125,391.489990234375,400.1199951171875,391.2799987792969,399.010009765625,99632300
2023-01-19,371.611328125,388.6400146484375,391.0799865722656,387.260009765625,389.3599853515625,86958900
2023-01-20,378.5340576171875,395.8800048828125,396.0400085449219,388.3800048828125,390.1000061035156,91806400
2023-01-23,383.0759887695313,400.6300048828125,402.6499938964844,395.7200012207031,396.7200012207031,84178800
2023-01-24,382.6648254394531,400.2000122070313,401.1499938964844,397.6400146484375,398.8800048828125,59524900
2023-01-25,382.8082580566406,400.3500061035156,400.7000122070313,393.55999755859375,395.9500122070313,84800300
2023-01-26,387.0154113769531,404.75,404.9200134277344,400.0299987792969,403.1300048828125,72287400
2023-01-27,387.90472412109375,405.6799926757813,408.1600036621094,403.4400024414063,403.6600036621094,68346200
2023-01-30,383.0376892089844,400.5899963378906,405.1300048828125,400.2799987792969,402.7999877929688,74202000
2023-01-31,388.669677734375,406.4800109863281,406.5299987792969,400.7699890136719,401.1300048828125,86811800
2023-02-01,392.8003234863281,410.7999877929688,413.6700134277344,402.3500061035156,405.2099914550781,101459200
2023-02-02,398.5183410644531,416.7799987792969,418.30999755859375,412.8800048828125,414.8599853515625,101654500
2023-02-03,394.2824401855469,412.3500061035156,416.9700012207031,411.0899963378906,411.5899963378906,94736800
2023-02-06,391.8728332519531,409.8299865722656,411.2900085449219,408.1000061035156,409.7900085449219,60295300
2023-02-07,396.99798583984375,415.1900024414063,416.489990234375,407.5700073242188,408.8699951171875,90990700
2023-02-08,392.6569213867188,410.6499938964844,414.5299987792969,409.9299926757813,413.1300048828125,76227500
2023-02-09,389.2528991699219,407.0899963378906,414.5700073242188,405.80999755859375,414.4100036621094,78694900
2023-02-10,390.1613159179688,408.0400085449219,408.4400024414063,405.010009765625,405.8599853515625,70769700
2023-02-13,394.7414855957031,412.8299865722656,412.9700012207031,408.239990234375,408.7200012207031,64913500
2023-02-14,394.5597534179688,412.6400146484375,415.0499877929688,408.510009765625,411.239990234375,88389300
2023-02-15,395.841064453125,413.9800109863281,414.05999755859375,409.4700012207031,410.3500061035156,61555700
2023-02-16,390.39068603515625,408.2799987792969,412.9100036621094,408.1400146484375,408.7900085449219,76431500
2023-02-17,389.41546630859375,407.260009765625,407.510009765625,404.0499877929688,406.05999755859375,89257800
2023-02-21,381.6034851074219,399.0899963378906,404.1600036621094,398.8200073242188,403.05999755859375,82655900
2023-02-22,381.0775451660156,398.5400085449219,401.1300048828125,397.0199890136719,399.5199890136719,83742300
2023-02-23,383.1046447753906,400.6600036621094,402.2000122070313,396.25,401.55999755859375,96242400
2023-02-24,379.01214599609375,396.3800048828125,397.25,393.6400146484375,395.4200134277344,108194400
2023-02-27,380.3030700683594,397.7300109863281,401.2900085449219,396.75,399.8699951171875,80444700
2023-02-28,378.8974609375,396.260009765625,399.2799987792969,396.1499938964844,397.2300109863281,96438600
2023-03-01,377.4440002441406,394.739990234375,396.6900024414063,393.3800048828125,395.4100036621094,99706800
2023-03-02,380.3795166015625,397.80999755859375,398.6900024414063,392.3299865722656,392.6799926757813,85127800
2023-03-03,386.47998046875,404.1900024414063,404.4500122070313,399.0299987792969,399.7099914550781,90120000
2023-03-06,386.7477416992188,404.4700012207031,407.4500122070313,404.010009765625,405.0499877929688,72795900
2023-03-07,380.8193664550781,398.2699890136719,404.6700134277344,397.6300048828125,404.4200134277344,108310600
2023-03-08,381.44091796875,398.9200134277344,399.7099914550781,396.5899963378906,398.3900146484375,74746600
2023-03-09,374.4033508300781,391.55999755859375,401.4800109863281,390.5299987792969,399.739990234375,111945300
2023-03-10,369.00091552734375,385.9100036621094,393.1600036621094,384.3200073242188,390.989990234375,189253000
2023-03-13,368.4750061035156,385.3599853515625,390.3900146484375,380.6499938964844,381.80999755859375,157790000
2023-03-14,374.5659484863281,391.7300109863281,393.4500122070313,387.0499877929688,390.5,149752400
2023-03-15,372.2232666015625,389.2799987792969,389.489990234375,383.7099914550781,385.8900146484375,172996900
2023-03-16,378.7539978027344,396.1099853515625,396.4700012207031,386.2900085449219,386.8200073242188,143254200
2023-03-17,374.3253479003906,389.989990234375,394.3999938964844,388.5499877929688,393.2200012207031,140553400
2023-03-20,377.9247131347656,393.739990234375,394.1700134277344,390.0700073242188,390.7999877929688,93055800
2023-03-21,382.8870849609375,398.9100036621094,399.4100036621094,395.5799865722656,397.239990234375,91524200
2023-03-22,376.3601684570313,392.1099853515625,402.489990234375,392.0700073242188,398.7300109863281,111746600
2023-03-23,377.3775939941406,393.1700134277344,399.2900085449219,390.3500061035156,395.0899963378906,119351300
2023-03-24,379.85394287109375,395.75,395.8399963378906,389.3999938964844,391.8399963378906,107682400
2023-03-27,380.5642395019531,396.489990234375,398.9200134277344,395.55999755859375,398.1199951171875,74010400
2023-03-28,379.71002197265625,395.6000061035156,396.489990234375,393.6900024414063,395.7699890136719,62871700
2023-03-29,385.2290954589844,401.3500061035156,401.6000061035156,398.6799926757813,399.9299926757813,77497900
2023-03-30,387.4847106933594,403.7000122070313,404.3500061035156,401.760009765625,404.0899963378906,69840000
2023-03-31,392.9461364746094,409.3900146484375,409.7000122070313,404.5499877929688,404.6600036621094,112062600
2023-04-03,394.4434814453125,410.9500122070313,411.3699951171875,408.4400024414063,408.8500061035156,67391100
2023-04-04,392.2550354003906,408.6700134277344,411.9200134277344,407.239990234375,411.6199951171875,66601500
2023-04-05,391.2279968261719,407.6000061035156,408.7000122070313,405.8800048828125,407.9100036621094,65200200
2023-04-06,392.7541198730469,409.1900024414063,409.4800109863281,405.6799926757813,406.7699890136719,63743300
2023-04-10,393.1572265625,409.6099853515625,409.6900024414063,405.9700012207031,406.6099853515625,63681000
2023-04-11,393.2629089355469,409.7200012207031,411.1799926757813,408.9200134277344,410.260009765625,59297900
2023-04-12,391.659912109375,408.0499877929688,412.1700134277344,407.4400024414063,411.8699951171875,86420400
2023-04-13,396.86224365234375,413.4700012207031,413.8399963378906,407.989990234375,409.1799926757813,85814800
2023-04-14,395.8927917480469,412.4599914550781,415.0899963378906,410.05999755859375,412.80999755859375,78161500
2023-04-17,397.3133544921875,413.9400024414063,413.9599914550781,411.0899963378906,412.3699951171875,66436400
2023-04-18,397.5724792480469,414.2099914550781,415.7200012207031,412.7799987792969,415.5799865722656,63560000
2023-04-19,397.5053405761719,414.1400146484375,415.0799865722656,412.1600036621094,412.2200012207031,55227300
2023-04-20,395.3361206054688,411.8800048828125,413.7000122070313,410.2699890136719,411.2099914550781,75840400
2023-04-21,395.6431579589844,412.2000122070313,412.6799926757813,410.1700134277344,412.1900024414063,73457400
2023-04-24,396.0559692382813,412.6300048828125,413.0700073242188,410.6000061035156,411.989990234375,64332100
2023-04-25,389.7691040039063,406.0799865722656,411.1600036621094,406.0199890136719,410.5799865722656,97766700
2023-04-26,388.1181335449219,404.3599853515625,407.8399963378906,403.7799987792969,406.7200012207031,80447000
2023-04-27,395.84478759765625,412.4100036621094,412.6900024414063,406.739990234375,407.0,92968400
2023-04-28,399.223388671875,415.9299926757813,415.9400024414063,411.4299926757813,411.489990234375,89433100
2023-05-01,398.8203125,415.510009765625,417.6199951171875,415.2699890136719,415.4700012207031,62122300
2023-05-02,394.337890625,410.8399963378906,414.8200073242188,407.8200073242188,414.7699890136719,103998500
2023-05-03,391.6311645507813,408.0199890136719,413.8699951171875,407.7699890136719,411.3599853515625,91531800
2023-05-04,388.8572692871094,405.1300048828125,407.2699890136719,403.739990234375,406.9299926757813,94901900
2023-05-05,396.0559692382813,412.6300048828125,413.7200012207031,408.6400146484375,408.9100036621094,87891800
2023-05-08,396.16156005859375,412.739990234375,413.239990234375,411.2799987792969,412.9700012207031,50046800
2023-05-09,394.4242858886719,410.9299926757813,412.0899963378906,410.6900024414063,411.1300048828125,49220100
2023-05-10,396.2671203613281,412.8500061035156,414.5400085449219,408.8699951171875,413.8800048828125,96142900
2023-05-11,395.5760803222656,412.1300048828125,412.4299926757813,409.9700012207031,411.9500122070313,70157100
2023-05-12,395.0577392578125,411.5899963378906,413.6400146484375,409.0700073242188,413.4200134277344,70481500
2023-05-15,396.4207153320313,413.010009765625,413.4299926757813,410.2300109863281,412.2200012207031,54289400
2023-05-16,393.7715759277344,410.25,412.8200073242188,410.239990234375,411.8599853515625,57705500
2023-05-17,398.5515441894531,415.2300109863281,415.8599853515625,410.6400146484375,412.3500061035156,87287000
2023-05-18,402.390869140625,419.2300109863281,419.6700134277344,414.6700134277344,414.8999938964844,97177200
2023-05-19,401.8053588867188,418.6199951171875,420.7200012207031,417.3500061035156,420.1700134277344,103793300
2023-05-22,401.9685974121094,418.7900085449219,420.3900146484375,417.3500061035156,418.6400146484375,60745400
2023-05-23,397.4573059082031,414.0899963378906,418.7200012207031,413.6799926757813,417.0799865722656,86383500
2023-05-24,394.577880859375,411.0899963378906,412.8200073242188,409.8800048828125,412.4200134277344,89213700
2023-05-25,397.9948120117188,414.6499938964844,416.1600036621094,412.4100036621094,414.739990234375,90961600
2023-05-26,403.1491394042969,420.0199890136719,420.7699890136719,415.25,415.3299865722656,93830000
2023-05-30,403.302734375,420.1799926757813,422.5799865722656,418.739990234375,422.0299987792969,72216000
2023-05-31,401.06634521484375,417.8500061035156,419.2200012207031,416.2200012207031,418.2799987792969,110811800
2023-06-01,404.8768615722656,421.8200073242188,422.9200134277344,416.7900085449219,418.0899963378906,88865000
2023-06-02,410.7318115234375,427.9200134277344,428.739990234375,423.9500122070313,424.5,91426200
2023-06-05,409.9447326660156,427.1000061035156,429.6199951171875,426.3699951171875,428.2799987792969,65460200
2023-06-06,410.8373718261719,428.0299987792969,428.5799865722656,425.989990234375,426.6700134277344,64022200
2023-06-07,409.4168395996094,426.5499877929688,429.6199951171875,426.1099853515625,428.4400024414063,85373300
2023-06-08,411.8932189941406,429.1300048828125,429.6000061035156,425.8200073242188,426.6199951171875,61952800
2023-06-09,412.63232421875,429.8999938964844,431.989990234375,428.8699951171875,429.9599914550781,85742800
2023-06-12,416.3756103515625,433.7999877929688,433.8800048828125,430.1700134277344,430.9200134277344,76104300
2023-06-13,419.1207885742188,436.6600036621094,437.3299865722656,434.6300048828125,435.3200073242188,95899700
2023-06-14,419.619873046875,437.1799926757813,439.05999755859375,433.5899963378906,437.010009765625,100612100
2023-06-15,424.8221435546875,442.6000061035156,443.8999938964844,436.2300109863281,436.3299865722656,110303100
2023-06-16,423.3751831054688,439.4599914550781,443.6099853515625,438.9700012207031,443.0199890136719,114165800
2023-06-20,421.1786193847656,437.1799926757813,438.3699951171875,435.0299987792969,437.4500122070313,76160400
2023-06-21,419.02056884765625,434.9400024414063,436.989990234375,434.3299865722656,436.1600036621094,76982300
2023-06-22,420.53314208984375,436.510009765625,436.6199951171875,433.6000061035156,433.9500122070313,70637200
2023-06-23,417.3539123535156,433.2099914550781,435.05999755859375,432.4700012207031,432.9299926757813,92074500
2023-06-26,415.648681640625,431.4400024414063,434.6099853515625,431.1900024414063,432.6199951171875,72823600
2023-06-27,420.20550537109375,436.1700134277344,436.80999755859375,431.8800048828125,432.3500061035156,72813700
2023-06-28,420.4175720214844,436.3900146484375,437.4400024414063,434.4100036621094,435.0499877929688,75636000
2023-06-29,422.0745239257813,438.1099853515625,438.2799987792969,435.5400085449219,435.9599914550781,67882300
2023-06-30,427.0553283691406,443.2799987792969,444.2999877929688,441.1099853515625,441.4400024414063,104964000
2023-07-03,427.5466918945313,443.7900085449219,444.0799865722656,442.6300048828125,442.9200134277344,32793400
2023-07-05,426.9108581542969,443.1300048828125,443.8900146484375,441.8999938964844,441.9100036621094,58418400
2023-07-06,423.5678405761719,439.6600036621094,440.1000061035156,437.05999755859375,439.4200134277344,80658300
2023-07-07,422.4984436035156,438.5499877929688,442.6400146484375,438.2999877929688,438.6300048828125,86134200
2023-07-10,423.5678405761719,439.6600036621094,439.8399963378906,437.5899963378906,438.1799926757813,62443500
2023-07-11,426.2653503417969,442.4599914550781,442.9700012207031,439.4400024414063,440.4500122070313,64463800
2023-07-12,429.6950988769531,446.0199890136719,447.4800109863281,444.9100036621094,446.3900146484375,91924500
2023-07-13,433.10546875,449.55999755859375,450.3800048828125,447.4500122070313,447.8999938964844,72425200
2023-07-14,432.8357238769531,449.2799987792969,451.3599853515625,448.489990234375,450.4800109863281,69815800
2023-07-17,434.3386840820313,450.8399963378906,451.9299926757813,449.0799865722656,449.1300048828125,52680200
2023-07-18,437.5660400390625,454.1900024414063,454.8599853515625,450.0499877929688,450.5,80668200
2023-07-19,438.5390319824219,455.2000122070313,456.4299926757813,454.1099853515625,455.010009765625,65891700
2023-07-20,435.6295471191406,452.1799926757813,455.1000061035156,451.4400024414063,454.1700134277344,70591600
2023-07-21,435.6295471191406,452.1799926757813,454.1700134277344,452.1700134277344,453.9599914550781,71275600
2023-07-24,437.57568359375,454.2000122070313,455.0400085449219,452.2999877929688,453.3699951171875,54023400
2023-07-25,438.770263671875,455.4400024414063,456.739990234375,453.8699951171875,453.9200134277344,55191200
2023-07-26,438.8377380371094,455.510009765625,456.989990234375,453.3800048828125,454.4700012207031,71052900
2023-07-27,435.9281921386719,452.489990234375,459.4400024414063,451.5499877929688,459.0199890136719,92194400
2023-07-28,440.1961364746094,456.9200134277344,457.7799987792969,452.489990234375,455.8800048828125,80011800
2023-07-31,441.03424072265625,457.7900085449219,458.1600036621094,456.0499877929688,457.4100036621094,62040400
2023-08-01,439.7721557617188,456.4800109863281,457.25,455.489990234375,456.2699890136719,55291500
2023-08-02,433.6545715332031,450.1300048828125,453.5199890136719,449.3500061035156,453.25,93933400
2023-08-03,432.4118041992188,448.8399963378906,450.7900085449219,447.3699951171875,448.0400085449219,64276100
2023-08-04,430.45611572265625,446.80999755859375,452.8999938964844,446.2699890136719,450.7200012207031,100128900
2023-08-07,434.2133483886719,450.7099914550781,450.8699951171875,447.989990234375,448.7099914550781,58357500
2023-08-08,432.3251647949219,448.75,450.7000122070313,445.2699890136719,448.0799865722656,71361300
2023-08-09,429.4349365234375,445.75,449.2000122070313,444.9599914550781,449.0299987792969,78789600
2023-08-10,429.5890502929688,445.9100036621094,451.7000122070313,444.7000122070313,448.1900024414063,93005500
2023-08-11,429.3385620117188,445.6499938964844,446.7000122070313,443.3500061035156,443.9700012207031,68690900
2023-08-14,431.7085266113281,448.1099853515625,448.1099853515625,444.3800048828125,444.7000122070313,47867400
2023-08-15,426.6795654296875,442.8900146484375,446.6400146484375,442.2999877929688,446.2699890136719,75707500
2023-08-16,423.548583984375,439.6400146484375,444.1799926757813,439.5299987792969,442.4599914550781,80107200
2023-08-17,420.3211975097656,436.2900085449219,441.4299926757813,435.75,441.1600036621094,95711300
2023-08-18,420.5235595703125,436.5,437.5700073242188,433.010009765625,433.3699951171875,98852000
2023-08-21,423.2595520019531,439.3399963378906,440.1099853515625,435.3200073242188,437.5499877929688,68719000
2023-08-22,422.1130676269531,438.1499938964844,441.1799926757813,437.5700073242188,441.1799926757813,64994200
2023-08-23,426.814453125,443.0299987792969,443.6700134277344,439.1000061035156,439.25,68441000
2023-08-24,420.8992614746094,436.8900146484375,445.2200012207031,436.8599853515625,444.6900024414063,88517300
2023-08-25,423.866455078125,439.9700012207031,441.2999877929688,435.0,438.6799926757813,102325100
2023-08-28,426.5543823242188,442.760009765625,443.3999938964844,439.9700012207031,442.239990234375,61595400
2023-08-29,432.7201843261719,449.1600036621094,449.4500122070313,442.4599914550781,442.6499938964844,83081900
2023-08-30,434.50238037109375,451.010009765625,451.6700134277344,448.7799987792969,449.510009765625,69053900
2023-08-31,433.8665466308594,450.3500061035156,452.8299865722656,450.1600036621094,451.6499938964844,66084600
2023-09-01,434.6758117675781,451.1900024414063,453.6700134277344,449.6799926757813,453.1700134277344,58944100
2023-09-05,432.7971801757813,449.239990234375,451.05999755859375,449.1700134277344,450.7300109863281,55166200
2023-09-06,429.88775634765625,446.2200012207031,448.510009765625,443.80999755859375,448.3999938964844,70758500
2023-09-07,428.5679321289063,444.8500061035156,445.5499877929688,442.75,443.1099853515625,70355400
2023-09-08,429.21337890625,445.5199890136719,447.1099853515625,444.5299987792969,444.8999938964844,61659700
2023-09-11,432.03607177734375,448.4500122070313,448.7699890136719,446.4700012207031,448.239990234375,60180100
2023-09-12,429.6661071777344,445.989990234375,448.5299987792969,445.3900146484375,446.9500122070313,67565400
2023-09-13,430.1671142578125,446.510009765625,447.7099914550781,445.0799865722656,446.2200012207031,60199300
2023-09-14,433.8761596679688,450.3599853515625,451.0799865722656,447.7200012207031,449.0700073242188,83430800
2023-09-15,428.6487121582031,443.3699951171875,447.4800109863281,442.9200134277344,447.1400146484375,111848900
2023-09-18,428.9000854492188,443.6300048828125,444.9700012207031,442.55999755859375,443.0499877929688,55752200
2023-09-19,428.0105895996094,442.7099914550781,443.2900085449219,439.9400024414063,442.6799926757813,66514600
2023-09-20,424.0757446289063,438.6400146484375,444.4400024414063,438.4299926757813,444.010009765625,82562600
2023-09-21,417.0664367675781,431.3900146484375,435.9700012207031,431.2300109863281,435.7000122070313,104095800
2023-09-22,416.128662109375,430.4200134277344,434.1000061035156,429.989990234375,432.4500122070313,100829700
2023-09-25,417.8786010742188,432.2300109863281,432.2699890136719,428.7200012207031,429.1700134277344,70874500
2023-09-26,411.7394104003906,425.8800048828125,429.8200073242188,425.0199890136719,429.0899963378906,96168400
2023-09-27,411.90380859375,426.0499877929688,427.6700134277344,422.2900085449219,427.0899963378906,104705800
2023-09-28,414.2918090820313,428.5199890136719,430.25,424.8699951171875,425.4800109863281,92258300
2023-09-29,413.2863159179688,427.4800109863281,431.8500061035156,425.9100036621094,431.6700134277344,115111300
2023-10-02,413.1219177246094,427.30999755859375,428.6000061035156,424.4599914550781,426.6199951171875,83798600
2023-10-03,407.5918273925781,421.5899963378906,427.3699951171875,420.1799926757813,425.05999755859375,103760600
2023-10-04,410.5599365234375,424.6600036621094,425.4299926757813,420.55999755859375,422.0700073242188,87453000
2023-10-05,410.4052429199219,424.5,425.3699951171875,421.1700134277344,424.3599853515625,70142700
2023-10-06,415.2779846191406,429.5400085449219,431.1300048828125,420.6000061035156,421.9700012207031,113273300
2023-10-09,417.9366149902344,432.2900085449219,432.8800048828125,427.010009765625,427.5799865722656,80374400
2023-10-10,420.1119384765625,434.5400085449219,437.2200012207031,432.5299987792969,432.9400024414063,78607300
2023-10-11,421.8328247070313,436.3200073242188,436.5799865722656,433.1799926757813,435.6400146484375,62451700
2023-10-12,419.2611083984375,433.6600036621094,437.3399963378906,431.2300109863281,436.9500122070313,81154200
2023-10-13,417.1728210449219,431.5,436.4500122070313,429.8800048828125,435.2099914550781,95143100
2023-10-16,421.5620727539063,436.0400085449219,437.1400146484375,433.5700073242188,433.8200073242188,75433200
2023-10-17,421.542724609375,436.0199890136719,438.1400146484375,432.4500122070313,432.80999755859375,75324700
2023-10-18,415.9256896972656,430.2099914550781,435.1799926757813,429.0899963378906,434.1900024414063,93559800
2023-10-19,412.2711791992188,426.4299926757813,432.8200073242188,425.7300109863281,430.9500122070313,121323000
2023-10-20,407.2051696777344,421.1900024414063,426.5400085449219,421.0799865722656,425.9800109863281,123919900
2023-10-23,406.4994201660156,420.4599914550781,424.4500122070313,417.7999877929688,419.6099853515625,92035100
2023-10-24,409.5641479492188,423.6300048828125,424.8200073242188,420.739990234375,422.6499938964844,78564200
2023-10-25,403.6860046386719,417.5499877929688,421.9200134277344,417.0199890136719,421.8900146484375,94223200
2023-10-26,398.85205078125,412.5499877929688,417.3299865722656,411.6000061035156,416.4500122070313,115156800
2023-10-27,397.0441589355469,410.6799926757813,414.6000061035156,409.2099914550781,414.1900024414063,107367700
2023-10-30,401.7911376953125,415.5899963378906,416.6799926757813,412.2200012207031,413.55999755859375,86562700
2023-10-31,404.31451416015625,418.2000122070313,418.5299987792969,414.2099914550781,416.1799926757813,79665200
2023-11-01,408.6263427734375,422.6600036621094,423.5,418.6499938964844,419.2000122070313,98068100
2023-11-02,416.4573974609375,430.760009765625,430.9200134277344,426.55999755859375,426.5799865722656,94938900
2023-11-03,420.2569580078125,434.6900024414063,436.2900085449219,433.010009765625,433.1400146484375,100167800
2023-11-06,421.2236633300781,435.6900024414063,436.1499938964844,433.6799926757813,435.4700012207031,67831700
2023-11-07,422.4225769042969,436.9299926757813,437.5899963378906,434.510009765625,435.6900024414063,64256100
2023-11-08,422.73193359375,437.25,438.0899963378906,434.8699951171875,437.5499877929688,61746000
2023-11-09,419.4351196289063,433.8399963378906,438.4700012207031,433.3999938964844,438.4299926757813,83174400
2023-11-10,425.9803466796875,440.6099853515625,440.9299926757813,433.8299865722656,435.9800109863281,89462200
2023-11-13,425.5743103027344,440.1900024414063,441.3299865722656,438.4200134277344,439.2300109863281,52236100
2023-11-14,433.8307800292969,448.7300109863281,450.05999755859375,446.0899963378906,446.3200073242188,97176900
2023-11-15,434.7491760253906,449.6799926757813,451.3800048828125,448.7999877929688,450.1099853515625,77327600
2023-11-16,435.2809448242188,450.2300109863281,450.55999755859375,448.1199951171875,449.2200012207031,66665800
2023-11-17,435.8223876953125,450.7900085449219,451.4200134277344,449.2900085449219,450.239990234375,83133200
2023-11-20,439.1771240234375,454.260009765625,455.1300048828125,450.5199890136719,450.5299987792969,69936200
2023-11-21,438.219970703125,453.2699890136719,454.1300048828125,451.9599914550781,453.1799926757813,49244600
2023-11-22,439.9118957519531,455.0199890136719,456.3800048828125,453.8900146484375,454.9800109863281,59394900
2023-11-24,440.1826477050781,455.2999877929688,455.5,454.7300109863281,455.0700073242188,29737400
2023-11-27,439.3898315429688,454.4800109863281,455.489990234375,454.0799865722656,454.6499938964844,50506000
2023-11-28,439.8248596191406,454.9299926757813,456.2699890136719,453.5,454.0799865722656,62115000
2023-11-29,439.5154724121094,454.6099853515625,458.3200073242188,454.2000122070313,457.1499938964844,63146000
2023-11-30,441.2461242675781,456.3999938964844,456.760009765625,453.3399963378906,455.4800109863281,79752700
2023-12-01,443.8564453125,459.1000061035156,459.6499938964844,455.1600036621094,455.7699890136719,89183400
2023-12-04,441.5264892578125,456.6900024414063,459.1199951171875,454.3399963378906,455.6000061035156,72430900
2023-12-05,441.4394836425781,456.6000061035156,457.5899963378906,454.8699951171875,455.260009765625,69793500
2023-12-06,439.6605529785156,454.760009765625,458.8399963378906,454.30999755859375,458.80999755859375,69124700
2023-12-07,443.0153503417969,458.2300109863281,458.8999938964844,456.2900085449219,456.9100036621094,66995400
2023-12-08,444.9199523925781,460.2000122070313,460.75,457.2099914550781,457.4599914550781,83194400
2023-12-11,446.65045166015625,461.989990234375,462.1700134277344,459.4700012207031,459.6900024414063,65002200
2023-12-12,448.6904602050781,464.1000061035156,464.2000122070313,460.6000061035156,461.6300048828125,68327600
2023-12-13,454.8778991699219,470.5,470.760009765625,464.1199951171875,464.489990234375,93278000
2023-12-14,456.3377990722656,472.010009765625,473.7300109863281,469.25,472.5,119026000
2023-12-15,455.58636474609375,469.3299865722656,470.7000122070313,467.4299926757813,469.489990234375,141553700
2023-12-18,458.149169921875,471.9700012207031,472.9800109863281,469.8900146484375,470.9800109863281,70375300
2023-12-19,460.93505859375,474.8399963378906,474.9200134277344,472.4500122070313,472.5299987792969,55761800
2023-12-20,454.5478515625,468.260009765625,475.8999938964844,467.8200073242188,473.9599914550781,102921000
2023-12-21,458.8577270507813,472.7000122070313,472.9800109863281,468.8399963378906,471.3299865722656,86667500
2023-12-22,459.7799377441406,473.6499938964844,475.3800048828125,471.7000122070313,473.8599853515625,67160400
2023-12-26,461.7213745117188,475.6499938964844,476.5799865722656,473.989990234375,474.0700073242188,55387000
2023-12-27,462.55615234375,476.510009765625,476.6600036621094,474.8900146484375,475.4400024414063,68000300
2023-12-28,462.7308654785156,476.6900024414063,477.5499877929688,476.260009765625,476.8800048828125,77158100
2023-12-29,461.3913269042969,475.30999755859375,477.0299987792969,473.2999877929688,476.489990234375,122283100
2024-01-02,458.8092346191406,472.6499938964844,473.6700134277344,470.489990234375,472.1600036621094,123623700
2024-01-03,455.0622253417969,468.7900085449219,471.1900024414063,468.1700134277344,470.4299926757813,103585900
2024-01-04,453.5965270996094,467.2799987792969,470.9599914550781,467.0499877929688,468.2999877929688,84232200
2024-01-05,454.2177429199219,467.9200134277344,470.4400024414063,466.4299926757813,467.489990234375,86118900
2024-01-08,460.7021484375,474.6000061035156,474.75,468.2999877929688,468.4299926757813,74879100
2024-01-09,460.0032043457031,473.8800048828125,474.9299926757813,471.3500061035156,471.8699951171875,65931400
2024-01-10,462.6046752929688,476.55999755859375,477.4500122070313,473.8699951171875,474.1600036621094,67310600
2024-01-11,462.4009094238281,476.3500061035156,478.1199951171875,472.260009765625,477.5899963378906,77940700
2024-01-12,462.7211608886719,476.6799926757813,478.6000061035156,475.2300109863281,477.8399963378906,58026400
2024-01-16,461.02239990234375,474.9299926757813,476.6099853515625,473.05999755859375,475.260009765625,85014900
2024-01-17,458.4597473144531,472.2900085449219,472.7900085449219,469.8699951171875,471.8200073242188,68843900
2024-01-18,462.5367126464844,476.489990234375,477.05999755859375,472.4200134277344,474.010009765625,91856200
2024-01-19,468.3028564453125,482.4299926757813,482.7200012207031,476.5400085449219,477.6499938964844,110834500
2024-01-22,469.2929992675781,483.4500122070313,485.2200012207031,482.7799987792969,484.010009765625,75844900
2024-01-23,470.6616516113281,484.8599853515625,485.1099853515625,482.8900146484375,484.010009765625,49945300
2024-01-24,471.1761779785156,485.3900146484375,488.7699890136719,484.8800048828125,487.80999755859375,81765000
2024-01-25,473.7388610839844,488.0299987792969,488.30999755859375,485.3900146484375,487.5799865722656,72525000
2024-01-26,473.1370239257813,487.4100036621094,489.1199951171875,486.5400085449219,487.5899963378906,76641600
2024-01-29,476.8839721679688,491.2699890136719,491.4200134277344,487.1700134277344,487.7300109863281,61322800
2024-01-30,476.51507568359375,490.8900146484375,491.6199951171875,490.1099853515625,490.55999755859375,58618400
2024-01-31,468.7396545410156,482.8800048828125,489.0799865722656,482.8599853515625,488.6199951171875,126011100
2024-02-01,474.8746032714844,489.2000122070313,489.2300109863281,483.7999877929688,484.6300048828125,91891600
2024-02-02,479.8738098144531,494.3500061035156,496.0499877929688,489.2999877929688,489.6499938964844,99228200
2024-02-05,478.1264343261719,492.5499877929688,494.3800048828125,490.2300109863281,493.7000122070313,75757100
2024-02-06,479.5146484375,493.9800109863281,494.3200073242188,492.0499877929688,493.5199890136719,55918600
2024-02-07,483.5139465332031,498.1000061035156,498.5299987792969,495.3599853515625,496.2900085449219,70556500
2024-02-08,483.7275695800781,498.3200073242188,498.7099914550781,497.260009765625,498.1000061035156,52343600
2024-02-09,486.5232238769531,501.2000122070313,501.6499938964844,498.489990234375,498.8399963378906,63979400
2024-02-12,486.30963134765625,500.9800109863281,503.5,500.239990234375,501.1700134277344,56502300
2024-02-13,479.6116638183594,494.0799865722656,497.0899963378906,490.7200012207031,494.5299987792969,113099200
2024-02-14,483.9701843261719,498.5700073242188,499.0700073242188,494.3999938964844,496.7900085449219,68387800
2024-02-15,487.3094787597656,502.010009765625,502.2000122070313,498.7999877929688,499.2900085449219,61683000
2024-02-16,484.8826293945313,499.510009765625,502.8699951171875,498.75,501.7000122070313,75532900
2024-02-20,482.2132568359375,496.760009765625,498.4100036621094,494.4500122070313,497.7200012207031,71736700
2024-02-21,482.6499633789063,497.2099914550781,497.3699951171875,493.55999755859375,495.4200134277344,59293400
2024-02-22,492.638671875,507.5,508.489990234375,503.0199890136719,504.010009765625,76402500
2024-02-23,492.9783935546875,507.8500061035156,510.1300048828125,507.1000061035156,509.2699890136719,61321800
2024-02-26,491.17291259765625,505.989990234375,508.75,505.8599853515625,508.2999877929688,50386700
2024-02-27,492.0853271484375,506.9299926757813,507.1600036621094,504.75,506.7000122070313,48854500
2024-02-28,491.4350280761719,506.260009765625,506.8599853515625,504.9599914550781,505.3299865722656,56506600
2024-02-29,493.2017211914063,508.0799865722656,509.739990234375,505.3500061035156,508.0700073242188,83924800
2024-03-01,497.83197021484375,512.8499755859375,513.2899780273438,508.55999755859375,508.9800109863281,76844800
2024-03-04,497.2980346679688,512.2999877929688,514.2000122070312,512.0,512.030029296875,49799300
2024-03-05,492.3280029296875,507.1799926757813,510.7000122070313,504.9100036621094,510.239990234375,72855600
2024-03-06,494.8227844238281,509.75,512.0700073242188,508.4200134277344,510.5499877929688,68382400
2024-03-07,499.7345581054688,514.8099975585938,515.8900146484375,509.80999755859375,513.1400146484375,58652100
2024-03-08,496.735107421875,511.7200012207031,518.219970703125,511.1300048828125,515.4600219726562,86532500
2024-03-11,496.3079528808594,511.2799987792969,511.8800048828125,508.5,510.4800109863281,62557200
2024-03-12,501.6470336914063,516.780029296875,517.3800048828125,510.8599853515625,513.4500122070312,73114400
2024-03-13,500.8605346679688,515.969970703125,517.2899780273438,514.489990234375,517.1099853515625,55104100
2024-03-14,499.87054443359375,514.9500122070312,517.1300048828125,511.8200073242188,516.969970703125,110171800
2024-03-15,496.4380798339844,509.8299865722656,511.7000122070313,508.1199951171875,510.2099914550781,107646300
2024-03-18,499.3885192871094,512.8599853515625,515.47998046875,512.4400024414062,514.0,88893300
2024-03-19,502.1636352539063,515.7100219726562,516.0,511.1199951171875,512.1500244140625,60755300
2024-03-20,506.8083801269531,520.47998046875,520.6199951171875,515.0800170898438,515.77001953125,69594600
2024-03-21,508.4832458496094,522.2000122070312,524.1099853515625,521.9099731445312,523.3900146484375,60256100
2024-03-22,507.519287109375,521.2100219726562,522.6099853515625,520.969970703125,522.1099853515625,79070800
2024-03-25,506.1170349121094,519.77001953125,520.9500122070312,519.6099853515625,519.7999877929688,48512100
2024-03-26,505.1822509765625,518.8099975585938,521.5800170898438,518.4000244140625,521.22998046875,65463700
2024-03-27,509.4277038574219,523.1699829101562,523.2100219726562,519.489990234375,521.7100219726562,82999800
2024-03-28,509.3303527832031,523.0700073242188,524.6099853515625,522.780029296875,523.2100219726562,96294900
2024-04-01,508.4441833496094,522.1599731445312,524.3800048828125,520.969970703125,523.8300170898438,62477500
2024-04-02,505.2114868164063,518.8400268554688,518.97998046875,516.47998046875,518.239990234375,74230300
2024-04-03,505.7664794921875,519.4099731445312,520.9500122070312,517.6699829101562,517.719970703125,59155800
2024-04-04,499.593017578125,513.0700073242188,523.8699951171875,512.760009765625,523.52001953125,96858100
2024-04-05,504.812255859375,518.4299926757812,520.4400024414062,514.010009765625,514.4600219726562,74546500
2024-04-08,505.0945739746094,518.719970703125,520.1799926757812,517.8900146484375,519.1500244140625,48401800
2024-04-09,505.6788330078125,519.3200073242188,520.75,514.3499755859375,520.5,68049200
2024-04-10,500.6154174804688,514.1199951171875,516.1599731445312,512.0900268554688,513.47998046875,82652800
2024-04-11,504.3934631347656,518.0,519.47998046875,512.0800170898438,515.6799926757812,70099000
2024-04-12,497.4313049316406,510.8500061035156,515.8200073242188,509.0799865722656,514.3699951171875,92561100
2024-04-15,491.1994934082031,504.4500122070313,515.2999877929688,503.5799865722656,515.1300048828125,92101400
2024-04-16,490.30364990234375,503.5299987792969,506.5,502.2099914550781,504.9400024414063,73484000
2024-04-17,487.4019165039063,500.5499877929688,506.2200012207031,499.1199951171875,506.0499877929688,75910300
2024-04-18,486.3988952636719,499.5199890136719,504.1300048828125,498.55999755859375,501.9800109863281,74548100
2024-04-19,482.1534423828125,495.1600036621094,500.4599914550781,493.8599853515625,499.4400024414063,102212600
2024-04-22,486.59368896484375,499.7200012207031,502.3800048828125,495.4299926757813,497.8299865722656,67961000
2024-04-23,492.3679809570313,505.6499938964844,506.0899963378906,499.5299987792969,501.7799987792969,64633600
2024-04-24,492.13427734375,505.4100036621094,507.3699951171875,503.1300048828125,506.55999755859375,55928100
2024-04-25,490.2646789550781,503.489990234375,504.2699890136719,497.489990234375,499.1799926757813,69122400
2024-04-26,494.9093627929688,508.260009765625,509.8800048828125,505.7000122070313,506.3500061035156,64306100
2024-04-29,496.6620788574219,510.05999755859375,510.75,507.25,510.0899963378906,46415400
2024-04-30,488.7943420410156,501.9800109863281,509.55999755859375,501.9800109863281,508.55999755859375,77483600
2024-05-01,487.2071533203125,500.3500061035156,508.1900024414063,499.8699951171875,501.3800048828125,80242800
2024-05-02,491.7641906738281,505.0299987792969,505.8900146484375,499.5499877929688,504.1499938964844,62550200
2024-05-03,497.85980224609375,511.2900085449219,512.5499877929688,508.55999755859375,511.1600036621094,72756700
2024-05-06,503.0010986328125,516.5700073242188,516.6099853515625,513.2999877929688,513.75,47264700
2024-05-07,503.55615234375,517.1400146484375,518.5700073242188,516.4500122070312,517.5599975585938,52561300
2024-05-08,503.6047973632813,517.1900024414062,517.739990234375,515.1400146484375,515.260009765625,42047200
2024-05-09,506.5065002441406,520.1699829101562,520.2100219726562,516.7100219726562,517.3800048828125,43643700
2024-05-10,507.1590270996094,520.8400268554688,522.6400146484375,519.5900268554688,521.8099975585938,52233200
2024-05-13,507.2270202636719,520.9099731445312,522.6699829101562,519.739990234375,522.5599975585938,36716400
2024-05-14,509.5542602539063,523.2999877929688,523.8300170898438,520.5599975585938,521.1099853515625,57535900
2024-05-15,515.8641357421875,529.780029296875,530.0800170898438,525.1799926757812,525.8300170898438,59504900
2024-05-16,514.802734375,528.6900024414062,531.52001953125,528.5399780273438,529.8800048828125,50244800
2024-05-17,515.5427856445312,529.4500122070312,529.52001953125,527.3200073242188,528.8099975585938,59187600
2024-05-20,516.1367797851562,530.0599975585938,531.5599975585938,529.1699829101562,529.5700073242188,37764200
2024-05-21,517.402587890625,531.3599853515625,531.52001953125,529.0700073242188,529.280029296875,33437000
2024-05-22,515.912841796875,529.8300170898438,531.3800048828125,527.5999755859375,530.6500244140625,48390000
2024-05-23,512.14453125,525.9600219726562,533.0700073242188,524.719970703125,532.9600219726562,57211200
2024-05-24,515.5330200195312,529.4400024414062,530.27001953125,526.8800048828125,527.8499755859375,41291100
2024-05-28,515.893310546875,529.8099975585938,530.510009765625,527.1099853515625,530.27001953125,36269600
2024-05-29,512.28076171875,526.0999755859375,527.3099975585938,525.3699951171875,525.6799926757812,45190300
2024-05-30,508.8823852539063,522.6099853515625,525.2000122070312,521.3300170898438,524.52001953125,46377600
2024-05-31,513.517333984375,527.3699951171875,527.5,518.3599853515625,523.5900268554688,90785800
2024-06-03,513.9361572265625,527.7999877929688,529.3099975585938,522.5999755859375,529.02001953125,46835700
2024-06-04,514.5106201171875,528.3900146484375,529.1500244140625,524.9600219726562,526.4600219726562,34632700
2024-06-05,520.6256103515625,534.6699829101562,534.6900024414062,528.72998046875,530.77001953125,47610400
2024-06-06,520.6159057617188,534.6599731445312,535.4199829101562,532.6799926757812,534.97998046875,30808500
2024-06-07,519.9830322265625,534.010009765625,536.8900146484375,532.5399780273438,533.6599731445312,43224500
2024-06-10,521.5896606445312,535.6599731445312,535.989990234375,532.5700073242188,533.1799926757812,35686100
2024-06-11,522.8458251953125,536.9500122070312,537.010009765625,532.0499877929688,534.0700073242188,36383400
2024-06-12,527.1400146484375,541.3599853515625,544.1199951171875,540.2999877929688,541.6300048828125,63251300
2024-06-13,528.2012939453125,542.4500122070312,543.3300170898438,539.5900268554688,543.1500244140625,44760900
2024-06-14,528.5226440429688,542.780029296875,542.8099975585938,539.8499755859375,540.8800048828125,40089900
2024-06-17,532.7291259765625,547.0999755859375,548.530029296875,541.6099853515625,542.0800170898438,55839500
2024-06-18,534.0827026367188,548.489990234375,548.6199951171875,546.72998046875,547.1599731445312,41376400
2024-06-20,532.6317138671875,547.0,550.1199951171875,545.1799926757812,549.4400024414062,70328200
2024-06-21,531.9176635742188,544.510009765625,545.6500244140625,543.02001953125,544.4000244140625,64338600
2024-06-24,530.1885986328125,542.739990234375,546.9500122070312,542.6199951171875,544.3300170898438,45528700
2024-06-25,532.2303466796875,544.8300170898438,545.2000122070312,542.4400024414062,543.989990234375,37936200
2024-06-26,532.89453125,545.510009765625,546.239990234375,543.030029296875,543.6900024414062,38550600
2024-06-27,533.7346801757812,546.3699951171875,546.9600219726562,544.6099853515625,545.3699951171875,35041500
2024-06-28,531.6343383789062,544.219970703125,550.280029296875,542.9500122070312,547.1599731445312,76144500
2024-07-01,532.728515625,545.3400268554688,545.8800048828125,542.52001953125,545.6300048828125,40297800
2024-07-02,536.3135986328125,549.010009765625,549.010009765625,543.6500244140625,543.7000122070312,40434800
2024-07-03,538.7068481445312,551.4600219726562,551.8300170898438,548.6500244140625,548.6900024414062,32789900
2024-07-05,541.8135375976562,554.6400146484375,555.0499877929688,551.1199951171875,551.77001953125,41488400
2024-07-08,542.4385986328125,555.280029296875,556.25,554.1900024414062,555.4400024414062,36110500
2024-07-09,542.9661865234375,555.8200073242188,557.1799926757812,555.52001953125,556.260009765625,27289700
2024-07-10,548.3389282226562,561.3200073242188,561.6699829101562,556.77001953125,557.0700073242188,38701200
2024-07-11,543.6107788085938,556.47998046875,562.3300170898438,555.8300170898438,561.4400024414062,53054200
2024-07-12,547.0396118164062,559.989990234375,563.6699829101562,557.1500244140625,557.6300048828125,53084400
2024-07-15,548.5440673828125,561.530029296875,564.8400268554688,559.6300048828125,562.030029296875,40584300
2024-07-16,551.797119140625,564.8599853515625,565.1599731445312,562.0999755859375,562.8699951171875,36475300
2024-07-17,544.0602416992188,556.9400024414062,560.510009765625,556.6099853515625,558.7999877929688,57119000
2024-07-18,539.8790893554688,552.6599731445312,559.52001953125,550.4299926757812,558.510009765625,56270400
2024-07-19,536.2940673828125,548.989990234375,554.0800170898438,547.9099731445312,552.4199829101562,65509100
2024-07-22,541.8231811523438,554.6500244140625,555.27001953125,551.02001953125,553.0,43346700
2024-07-23,540.973388671875,553.780029296875,556.739990234375,553.280029296875,554.5399780273438,34439600
2024-07-24,528.7135009765625,541.22998046875,549.1699829101562,540.2899780273438,548.8599853515625,74515300
2024-07-25,525.9586791992188,538.4099731445312,547.4600219726562,537.4500122070312,541.3499755859375,61158300
2024-07-26,531.8491821289062,544.4400024414062,547.1900024414062,541.489990234375,542.280029296875,53763800
2024-07-29,532.161865234375,544.760009765625,547.0499877929688,542.719970703125,546.02001953125,39515800
2024-07-30,529.4657592773438,542.0,547.3400268554688,538.52001953125,546.260009765625,46853600
2024-07-31,538.0719604492188,550.8099975585938,553.5,547.5800170898438,548.97998046875,65663400
2024-08-01,530.4523315429688,543.010009765625,554.8699951171875,539.4299926757812,552.5700073242188,76428700
2024-08-02,520.5760498046875,532.9000244140625,536.989990234375,528.5999755859375,535.75,82789100
2024-08-05,505.41510009765625,517.3800048828125,523.5800170898438,510.2699890136719,511.6400146484375,146267400
2024-08-06,510.0747680664063,522.1500244140625,529.75,517.8699951171875,519.219970703125,84826300
2024-08-07,506.66552734375,518.6599731445312,531.5900268554688,518.0499877929688,528.469970703125,70698300
2024-08-08,518.378173828125,530.6500244140625,531.2899780273438,521.8400268554688,523.9099731445312,63276600
2024-08-09,520.6641235351562,532.989990234375,534.510009765625,528.5599975585938,529.8099975585938,45619600
2024-08-12,520.9376831054688,533.27001953125,535.72998046875,530.9500122070312,534.2100219726562,42542100
2024-08-13,529.5048217773438,542.0399780273438,542.280029296875,536.280029296875,536.530029296875,52333100
2024-08-14,531.17529296875,543.75,544.9600219726562,540.1199951171875,542.8499755859375,42446900
2024-08-15,540.2797241210938,553.0700073242188,553.3599853515625,548.8800048828125,549.5,60846800
2024-08-16,541.4910888671875,554.3099975585938,555.02001953125,551.260009765625,551.4199829101562,44430700
2024-08-19,546.6683959960938,559.6099853515625,559.6099853515625,553.8599853515625,554.72998046875,39121800
2024-08-20,545.779541015625,558.7000122070312,560.8400268554688,557.3300170898438,559.1500244140625,33732300
2024-08-21,547.6551513671875,560.6199951171875,562.1099853515625,554.72998046875,559.77001953125,41514600
2024-08-22,543.35693359375,556.219970703125,563.1799926757812,554.97998046875,562.5599975585938,56121500
2024-08-23,549.1301879882812,562.1300048828125,563.0900268554688,557.2899780273438,559.530029296875,50639400
2024-08-26,547.8211669921875,560.7899780273438,563.9099731445312,559.0499877929688,563.1799926757812,35788600
2024-08-27,548.573486328125,561.5599975585938,562.0599975585938,558.3200073242188,559.489990234375,32693900
2024-08-28,545.3887939453125,558.2999877929688,561.6500244140625,555.0399780273438,561.2100219726562,41066000
2024-08-29,545.4375610351562,558.3499755859375,563.6799926757812,557.1799926757812,560.3099975585938,38715200
2024-08-30,550.6444702148438,563.6799926757812,564.2000122070312,557.1400146484375,560.77001953125,62700100
2024-09-03,539.3126220703125,552.0800170898438,560.8099975585938,549.510009765625,560.469970703125,60600100
2024-09-04,538.2088012695312,550.9500122070312,554.4299926757812,549.4600219726562,550.2000122070312,47224900
2024-09-05,536.8997192382812,549.6099853515625,553.7999877929688,547.0999755859375,550.8900146484375,44264300
2024-09-06,527.8635864257812,540.3599853515625,551.5999755859375,539.4400024414062,549.9400024414062,68493800
2024-09-09,533.7737426757812,546.4099731445312,547.7100219726562,542.6799926757812,544.6500244140625,40445800
2024-09-10,536.0986938476562,548.7899780273438,549.1500244140625,543.3800048828125,548.3599853515625,36394600
2024-09-11,541.5985107421875,554.4199829101562,555.3599853515625,539.9600219726562,548.7000122070312,75248600
2024-09-12,546.1605224609375,559.0900268554688,559.4000244140625,552.739990234375,555.010009765625,51819600
2024-09-13,549.0130004882812,562.010009765625,563.030029296875,559.4500122070312,559.7100219726562,39310500
2024-09-16,549.8237915039062,562.8400268554688,563.1099853515625,559.9000244140625,561.739990234375,36656100
2024-09-17,550.0484008789062,563.0700073242188,566.5800170898438,560.7899780273438,565.0999755859375,49321000
2024-09-18,548.4171752929688,561.4000244140625,568.6900024414062,560.8300170898438,563.739990234375,59044900
2024-09-19,557.7754516601562,570.97998046875,572.8800048828125,568.0800170898438,571.010009765625,75315500
2024-09-20,556.8113403320312,568.25,569.3099975585938,565.1699829101562,567.8400268554688,77503100
2024-09-23,558.2026977539062,569.6699829101562,570.3300170898438,568.0999755859375,569.3400268554688,44116900
2024-09-24,559.7999267578125,571.2999877929688,571.3599853515625,567.5999755859375,570.47998046875,46805700
2024-09-25,558.5653076171875,570.0399780273438,571.8900146484375,568.9099731445312,571.1400146484375,38428600
2024-09-26,560.7798461914062,572.2999877929688,574.7100219726562,569.9000244140625,574.3800048828125,48336000
2024-09-27,559.966552734375,571.469970703125,574.219970703125,570.4199829101562,573.3900146484375,42100900
2024-09-30,562.2103881835938,573.760009765625,574.3800048828125,568.0800170898438,570.4199829101562,63557400
2024-10-01,557.1739501953125,568.6199951171875,574.0599975585938,566.0,573.4000244140625,72668800
2024-10-02,557.4090576171875,568.8599853515625,569.9000244140625,565.27001953125,567.7100219726562,38097800
2024-10-03,556.3900756835938,567.8200073242188,569.7999877929688,565.489990234375,567.3599853515625,40846500
2024-10-04,561.4461669921875,572.97998046875,573.3599853515625,568.0999755859375,572.3499755859375,42939100
2024-10-07,556.370361328125,567.7999877929688,571.9600219726562,566.6300048828125,571.2999877929688,49964700
2024-10-08,561.63232421875,573.1699829101562,573.780029296875,569.530029296875,570.4199829101562,37398700
2024-10-09,565.5223999023438,577.1400146484375,577.7100219726562,572.5499877929688,573.1599731445312,37912200
2024-10-10,564.53271484375,576.1300048828125,577.5800170898438,574.489990234375,575.77001953125,44138100
2024-10-11,567.9132690429688,579.5800170898438,580.3300170898438,575.9099731445312,576.0499877929688,42268000
2024-10-14,572.5578002929688,584.3200073242188,585.27001953125,580.72998046875,581.219970703125,36217200
2024-10-15,568.1092529296875,579.780029296875,584.9000244140625,578.5399780273438,584.5900268554688,54203600
2024-10-16,570.57861328125,582.2999877929688,582.8300170898438,578.9600219726562,579.780029296875,30725400
2024-10-17,570.62744140625,582.3499755859375,586.1199951171875,582.1599731445312,585.9099731445312,34393700
2024-10-18,572.822509765625,584.5900268554688,585.3900146484375,582.5800170898438,584.0700073242188,37416800
2024-10-21,571.8817138671875,583.6300048828125,584.8499755859375,580.5999755859375,583.8499755859375,36439000
2024-10-22,571.5779418945312,583.3200073242188,584.5,580.3800048828125,581.0499877929688,34183800
2024-10-23,566.3552856445312,577.989990234375,581.7100219726562,574.4199829101562,581.260009765625,49314600
2024-10-24,567.580078125,579.239990234375,580.0599975585938,576.5700073242188,579.97998046875,34979900
2024-10-25,567.3840942382812,579.0399780273438,584.4600219726562,578.0800170898438,581.510009765625,47268200
2024-10-28,569.1381225585938,580.8300170898438,582.7100219726562,580.52001953125,582.5800170898438,30174700
2024-10-29,570.0592651367188,581.77001953125,582.9099731445312,578.4299926757812,579.8499755859375,42899700
2024-10-30,568.3345947265625,580.010009765625,583.3200073242188,579.2899780273438,581.2899780273438,41435800
2024-10-31,557.193603515625,568.6400146484375,575.6300048828125,568.4400024414062,575.5599975585938,60182500
2024-11-01,559.545166015625,571.0399780273438,575.5499877929688,570.6199951171875,571.3200073242188,45667500
2024-11-04,558.3399047851562,569.8099975585938,572.5,567.8900146484375,571.1799926757812,38217000
2024-11-05,565.0912475585938,576.7000122070312,576.739990234375,570.52001953125,570.739990234375,39478300
2024-11-06,579.142578125,591.0399780273438,591.9299926757812,585.3900146484375,589.2000122070312,68182000
2024-11-07,583.6205444335938,595.6099853515625,596.6500244140625,593.0,593.0800170898438,47233200
2024-11-08,586.148681640625,598.1900024414062,599.6400146484375,596.1699829101562,596.1699829101562,46444900
2024-11-11,586.7072143554688,598.760009765625,600.1699829101562,597.0,599.8099975585938,37586800
2024-11-12,584.8845825195312,596.9000244140625,599.2899780273438,594.3699951171875,598.6799926757812,43006100
2024-11-13,585.1687622070312,597.1900024414062,599.22998046875,594.9600219726562,597.3699951171875,47388600
2024-11-14,581.4060668945312,593.3499755859375,597.8099975585938,592.6500244140625,597.3200073242188,38904100
2024-11-15,573.9590454101562,585.75,590.2000122070312,583.8599853515625,589.719970703125,75988800
2024-11-18,576.3108520507812,588.1500244140625,589.489990234375,585.3400268554688,586.219970703125,37001700
2024-11-19,578.4174194335938,590.2999877929688,591.0399780273438,584.030029296875,584.7100219726562,49412000
2024-11-20,578.613525390625,590.5,590.7899780273438,584.6300048828125,590.3800048828125,50032600
2024-11-21,581.7196044921875,593.6699829101562,595.1199951171875,587.4500122070312,593.4000244140625,46750300
2024-11-22,583.5225219726562,595.510009765625,596.1500244140625,593.1500244140625,593.6599731445312,38226400
2024-11-25,585.5020141601562,597.530029296875,600.8599853515625,595.2000122070312,599.52001953125,42441400
2024-11-26,588.5591430664062,600.6500244140625,601.3300170898438,598.0700073242188,598.7999877929688,45621300
2024-11-27,586.7756958007812,598.8300170898438,600.8499755859375,597.280029296875,600.4600219726562,34000200
2024-11-29,590.4208374023438,602.5499877929688,603.3499755859375,599.3800048828125,599.6599731445312,30177400
2024-12-02,591.4791259765625,603.6300048828125,604.3200073242188,602.469970703125,602.969970703125,31746000
2024-12-03,591.7535400390625,603.9099731445312,604.1599731445312,602.3400268554688,603.3900146484375,26906600
2024-12-04,595.4279174804688,607.6599731445312,607.9099731445312,604.9500122070312,605.6300048828125,42787600
2024-12-05,594.4481201171875,606.6599731445312,608.47998046875,606.2999877929688,607.6599731445312,28762200
2024-12-06,595.574951171875,607.8099975585938,609.0700073242188,607.02001953125,607.4400024414062,31241500
2024-12-09,592.508056640625,604.6799926757812,607.8599853515625,604.0800170898438,607.6900024414062,34742700
2024-12-10,590.6658325195312,602.7999877929688,605.7999877929688,602.1300048828125,605.3699951171875,37234500
2024-12-11,595.2321166992188,607.4600219726562,608.4299926757812,605.5,605.780029296875,28677700
2024-12-12,592.1650390625,604.3300170898438,607.1599731445312,604.3300170898438,606.5800170898438,31543800
2024-12-13,592.0474853515625,604.2100219726562,607.1300048828125,602.8099975585938,606.4000244140625,35904700
2024-12-16,594.5755004882812,606.7899780273438,607.780029296875,605.2100219726562,606.0,43695200
2024-12-17,592.1257934570312,604.2899780273438,605.1699829101562,602.8900146484375,604.1900024414062,55773500
2024-12-18,574.4784545898438,586.280029296875,606.4099731445312,585.8900146484375,603.97998046875,108248700
2024-12-19,574.3019409179688,586.0999755859375,593.0,585.8499755859375,591.3599853515625,85919500
2024-12-20,581.1998901367188,591.1500244140625,595.75,580.9099731445312,581.77001953125,125716700
2024-12-23,584.680419921875,594.6900024414062,595.2999877929688,587.6599731445312,590.8900146484375,57635800
2024-12-24,591.1791381835938,601.2999877929688,601.3400268554688,595.469970703125,596.0599975585938,33160100
2024-12-26,591.2184448242188,601.3400268554688,602.47998046875,598.0800170898438,599.5,41219100
2024-12-27,584.994873046875,595.010009765625,597.780029296875,590.760009765625,597.5399780273438,64969300
2024-12-30,578.3192138671875,588.219970703125,591.739990234375,584.4099731445312,587.8900146484375,56578800
2024-12-31,576.2152099609375,586.0800170898438,590.6400146484375,584.4199829101562,589.9099731445312,57052700
2025-01-02,574.799560546875,584.6400146484375,591.1300048828125,580.5,589.3900146484375,50204000
2025-01-03,581.9864501953125,591.9500122070312,592.5999755859375,586.4299926757812,587.530029296875,37888500
2025-01-06,585.3391723632812,595.3599853515625,599.7000122070312,593.5999755859375,596.27001953125,47679400
2025-01-07,578.7224731445312,588.6300048828125,597.75,586.780029296875,597.4199829101562,60393100
2025-01-08,579.56787109375,589.489990234375,590.5800170898438,585.2000122070312,588.7000122070312,47304700
2025-01-10,570.71923828125,580.489990234375,585.9500122070312,578.5499877929688,585.8800048828125,73105000
2025-01-13,571.604248046875,581.3900146484375,581.75,575.3499755859375,575.77001953125,47910100
2025-01-14,572.3907470703125,582.1900024414062,585.0,578.3499755859375,584.3599853515625,48420600
2025-01-15,582.8026123046875,592.780029296875,593.9400024414062,589.2000122070312,590.3300170898438,56900200
2025-01-16,581.6817626953125,591.6400146484375,594.3499755859375,590.9299926757812,594.1699829101562,43319700
2025-01-17,587.5217895507812,597.5800170898438,599.3599853515625,595.6099853515625,596.9600219726562,58070600
2025-01-21,592.8995971679688,603.0499877929688,603.0599975585938,598.6699829101562,600.6699829101562,42532900
2025-01-22,596.2326049804688,606.4400024414062,607.8200073242188,605.3599853515625,605.9199829101562,48196000
2025-01-23,599.4869384765625,609.75,609.75,605.52001953125,605.7999877929688,41152100
2025-01-24,597.7367553710938,607.969970703125,610.780029296875,606.7999877929688,609.8099975585938,34604700
2025-01-27,589.2815551757812,599.3699951171875,599.6900024414062,594.6400146484375,594.8099975585938,70361100
2025-01-28,594.3448486328125,604.52001953125,605.3699951171875,597.25,600.6199951171875,44433300
2025-01-29,591.6805419921875,601.8099975585938,604.1300048828125,599.219970703125,603.719970703125,37177400
2025-01-30,594.8560791015625,605.0399780273438,606.5999755859375,600.719970703125,603.9600219726562,39281300
2025-01-31,591.6903076171875,601.8200073242188,609.9600219726562,601.0499877929688,607.5,66566900
2025-02-03,587.7084350585938,597.77001953125,600.2899780273438,590.489990234375,592.6699829101562,65857200
2025-02-04,591.6510620117188,601.780029296875,602.2999877929688,597.280029296875,597.8300170898438,33457800
2025-02-05,594.0499267578125,604.219970703125,604.3699951171875,598.5800170898438,600.6400146484375,30653100
2025-02-06,596.1145629882812,606.3200073242188,606.4500122070312,602.6300048828125,605.989990234375,35771500
2025-02-07,590.6580200195312,600.77001953125,608.1300048828125,600.0499877929688,606.8900146484375,50788500
2025-02-10,594.6693725585938,604.8499755859375,605.5,602.739990234375,604.030029296875,26048700
2025-02-11,595.12158203125,605.3099975585938,605.8599853515625,602.4299926757812,602.5499877929688,30056700
2025-02-12,593.2044067382812,603.3599853515625,604.5499877929688,598.510009765625,599.2000122070312,45076100
2025-02-13,599.46728515625,609.72998046875,609.9400024414062,603.2000122070312,604.47998046875,40921300
2025-02-14,599.4376831054688,609.7000122070312,610.989990234375,609.0700073242188,609.9400024414062,26910400
2025-02-18,601.1975708007812,611.489990234375,611.489990234375,608.3800048828125,610.8800048828125,26749000
2025-02-19,602.61328125,612.9299926757812,613.22998046875,609.5599975585938,610.0800170898438,31011100
2025-02-20,600.1062622070312,610.3800048828125,611.6799926757812,607.02001953125,611.5399780273438,36554000
2025-02-21,589.842041015625,599.9400024414062,610.2999877929688,599.469970703125,610.1599731445312,76519800
2025-02-24,587.157958984375,597.2100219726562,603.030029296875,596.489990234375,602.02001953125,50737200
2025-02-25,584.2378540039062,594.239990234375,597.8900146484375,589.5599975585938,597.1500244140625,58266500
2025-02-26,584.5328979492188,594.5399780273438,599.5800170898438,591.8599853515625,595.9299926757812,43321600
2025-02-27,575.20263671875,585.0499877929688,598.02001953125,584.6500244140625,596.8499755859375,74196700
2025-02-28,584.178955078125,594.1799926757812,594.719970703125,582.4400024414062,585.5599975585938,88744100
2025-03-03,573.9441528320312,583.77001953125,597.3400268554688,579.9000244140625,596.1799926757812,74249200
2025-03-04,567.1504516601562,576.8599853515625,585.3900146484375,572.25,579.7100219726562,109648200
2025-03-05,573.24609375,583.0599975585938,584.8800048828125,573.0800170898438,576.6900024414062,71230500
2025-03-06,563.0703735351562,572.7100219726562,580.1699829101562,570.1199951171875,575.47998046875,80094900
2025-03-07,566.2262573242188,575.9199829101562,577.3900146484375,565.6300048828125,570.9000244140625,81158800
2025-03-10,551.1444702148438,560.5800170898438,569.5399780273438,555.5900268554688,567.5900268554688,99326600
2025-03-11,546.5629272460938,555.9199829101562,564.02001953125,552.02001953125,559.4000244140625,88102100
2025-03-12,549.4632568359375,558.8699951171875,563.1099853515625,553.6900024414062,562.1699829101562,69588200
2025-03-13,542.138671875,551.4199829101562,559.1099853515625,549.6799926757812,558.489990234375,74079400
2025-03-14,553.3369140625,562.8099975585938,563.8300170898438,551.489990234375,556.1099853515625,62660300
2025-03-17,557.6039428710938,567.1500244140625,569.7100219726562,562.3499755859375,562.7899780273438,49008700
2025-03-18,551.5770874023438,561.02001953125,565.02001953125,559.0599975585938,564.7999877929688,66041400
2025-03-19,557.5842895507812,567.1300048828125,570.9500122070312,561.6300048828125,562.8300170898438,66556000
2025-03-20,555.9718627929688,565.489990234375,570.5700073242188,562.5999755859375,563.3300170898438,62958200
2025-03-21,556.1552734375,563.97998046875,564.8900146484375,558.030029296875,559.280029296875,83763000
2025-03-24,566.1151733398438,574.0800170898438,575.1500244140625,570.2000122070312,570.7999877929688,58766800
2025-03-25,567.4760131835938,575.4600219726562,576.4099731445312,573.6900024414062,575.2999877929688,38355700
2025-03-26,560.7013549804688,568.5900268554688,576.3300170898438,567.1900024414062,575.1900024414062,51848300
2025-03-27,559.2122802734375,567.0800170898438,570.9000244140625,564.9400024414062,567.1799926757812,42164200
2025-03-28,547.9507446289062,555.6599731445312,566.27001953125,555.0700073242188,565.530029296875,71662700
2025-03-31,551.6289672851562,559.3900146484375,560.7100219726562,546.8699951171875,549.8300170898438,95328200
2025-04-01,553.18701171875,560.969970703125,562.9400024414062,553.6799926757812,557.4500122070312,54609600
2025-04-02,556.6878051757812,564.52001953125,567.4199829101562,554.8099975585938,555.0499877929688,76014500
2025-04-03,529.2537841796875,536.7000122070312,547.969970703125,536.7000122070312,545.1099853515625,125986000
2025-04-04,498.2697143554688,505.2799987792969,525.8699951171875,505.05999755859375,523.6699829101562,217965100
2025-04-07,497.3821716308594,504.3800048828125,523.1699829101562,481.7999877929688,489.1900024414063,256611400
2025-04-08,489.591796875,496.4800109863281,524.97998046875,489.1600036621094,521.8599853515625,165816600
2025-04-09,541.0084838867188,548.6199951171875,548.6199951171875,493.0499877929688,493.4400024414063,241867300
2025-04-10,517.3018798828125,524.5800170898438,533.5,509.3200073242188,532.1699829101562,162331200
2025-04-11,526.531982421875,533.9400024414062,536.4299926757812,520.0700073242188,523.010009765625,97866300
2025-04-14,531.64013671875,539.1199951171875,544.280029296875,533.8599853515625,544.0499877929688,68034000
2025-04-15,530.1510620117188,537.6099853515625,543.22998046875,536.8099975585938,539.6699829101562,56892900
2025-04-16,518.366943359375,525.6599731445312,537.8900146484375,520.2899780273438,531.6799926757812,83484800
2025-04-17,519.1065063476562,526.4099731445312,531.1699829101562,523.9099731445312,527.6400146484375,79868100
2025-04-21,506.7503662109375,513.8800048828125,521.7000122070312,508.4599914550781,521.1599731445312,69368100
2025-04-22,519.9349365234375,527.25,529.2999877929688,519.1900024414062,520.1400146484375,75948100
2025-04-23,527.991455078125,535.4199829101562,545.4299926757812,533.8800048828125,540.4299926757812,90590700
2025-04-24,539.1051635742188,546.6900024414062,547.4299926757812,535.4500122070312,536.719970703125,64150400
2025-04-25,543.0003662109375,550.6400146484375,551.0499877929688,543.6900024414062,546.6500244140625,61119600
2025-04-28,543.2073974609375,550.8499755859375,553.5499877929688,545.02001953125,551.3900146484375,47613800
2025-04-29,546.6293334960938,554.3200073242188,555.4500122070312,548.5499877929688,548.9099731445312,47775100
2025-04-30,546.8462524414062,554.5399780273438,556.52001953125,541.52001953125,547.5700073242188,93101500
2025-05-01,550.7216796875,558.469970703125,564.0700073242188,557.8599853515625,560.3699951171875,63186100
2025-05-02,558.8966674804688,566.760009765625,568.3800048828125,562.3800048828125,564.72998046875,60717300
2025-05-05,555.6917724609375,563.510009765625,566.6500244140625,561.7000122070312,562.5700073242188,38659200
2025-05-06,551.0470581054688,558.7999877929688,563.3499755859375,556.9600219726562,557.9299926757812,48264700
2025-05-07,553.3645629882812,561.1500244140625,563.8200073242188,556.0399780273438,560.1500244140625,55588000
2025-05-08,557.2202758789062,565.0599975585938,570.3099975585938,561.7000122070312,565.239990234375,65130800
2025-05-09,556.51025390625,564.3400268554688,567.5,562.760009765625,566.47998046875,37603400
2025-05-12,574.9015502929688,582.989990234375,583.0,577.0399780273438,581.469970703125,78993600
2025-05-13,578.6981811523438,586.8400268554688,589.0800170898438,582.8400268554688,583.4099731445312,67947200
2025-05-14,579.437744140625,587.5900268554688,588.97998046875,585.5399780273438,587.8099975585938,66283500
2025-05-15,582.2678833007812,590.4600219726562,590.969970703125,585.0999755859375,585.5599975585938,71268100
2025-05-16,585.9559936523438,594.2000122070312,594.5,589.280029296875,591.25,76052100
2025-05-19,586.596923828125,594.8499755859375,595.5399780273438,588.0999755859375,588.0999755859375,68168500
2025-05-20,584.6246948242188,592.8499755859375,594.0499877929688,589.5999755859375,593.0900268554688,60614500
2025-05-21,574.7733154296875,582.8599853515625,592.5800170898438,581.8200073242188,588.4400024414062,95197700
2025-05-22,575.0001831054688,583.0900268554688,586.6199951171875,581.4099731445312,582.6599731445312,70860400
2025-05-23,571.0753173828125,579.1099853515625,581.8099975585938,575.5999755859375,575.97998046875,76029000
2025-05-27,582.9483642578125,591.1500244140625,591.3099975585938,578.4299926757812,586.0700073242188,72588500
2025-05-28,579.5757446289062,587.72998046875,592.77001953125,586.989990234375,591.5599975585938,68445500
2025-05-29,581.8635864257812,590.0499877929688,593.2000122070312,586.0700073242188,593.0599975585938,69973300
2025-05-30,581.2128295898438,589.3900146484375,591.1300048828125,583.239990234375,588.9299926757812,90601200
2025-06-02,584.4866943359375,592.7100219726562,592.7899780273438,585.0599975585938,587.760009765625,61630500
2025-06-03,587.8197631835938,596.0900268554688,597.0800170898438,591.8499755859375,592.3400268554688,63606200
2025-06-04,587.6619873046875,595.9299926757812,597.9500122070312,595.489990234375,596.9600219726562,57314200
2025-06-05,584.8219604492188,593.0499877929688,599.0,591.0499877929688,597.6300048828125,92278700
2025-06-06,590.8274536132812,599.1400146484375,600.8300170898438,596.8599853515625,598.6599731445312,66588700
2025-06-09,591.3599853515625,599.6799926757812,601.25,598.489990234375,599.719970703125,53016400
2025-06-10,594.7127685546875,603.0800170898438,603.469970703125,599.0900268554688,600.219970703125,66247000
2025-06-11,593.0167236328125,601.3599853515625,605.0599975585938,599.27001953125,604.1900024414062,73658200
2025-06-12,595.3734741210938,603.75,603.75,599.52001953125,600.010009765625,64129000
2025-06-13,588.7171630859375,597.0,601.8499755859375,595.47998046875,598.5,89506000
2025-06-16,594.318359375,602.6799926757812,604.4500122070312,600.219970703125,600.4000244140625,79984100
2025-06-17,589.2398681640625,597.530029296875,601.75,596.760009765625,600.2100219726562,82209400
2025-06-18,589.1510009765625,597.4400024414062,601.219970703125,596.469970703125,598.4400024414062,76605000
2025-06-20,587.7673950195312,594.280029296875,599.4600219726562,592.8599853515625,598.3800048828125,94051400
2025-06-23,593.5730590820312,600.1500244140625,600.5399780273438,591.8900146484375,595.0399780273438,87426000
2025-06-24,600.13037109375,606.780029296875,607.8499755859375,603.4099731445312,604.3300170898438,67735300
2025-06-25,600.4666748046875,607.1199951171875,608.6099853515625,605.5399780273438,607.9099731445312,62114800
2025-06-26,605.1646118164062,611.8699951171875,612.3099975585938,608.3699951171875,608.989990234375,78548400
2025-06-27,608.1712646484375,614.9099731445312,616.3900146484375,610.8300170898438,612.8800048828125,86258400
2025-06-30,611.0790405273438,617.8499755859375,619.219970703125,615.0399780273438,617.3800048828125,92502500
2025-07-01,610.8812866210938,617.6500244140625,618.8300170898438,615.52001953125,616.3599853515625,70030100
2025-07-02,613.6505737304688,620.4500122070312,620.489990234375,616.6099853515625,617.239990234375,66510400
2025-07-03,618.4869995117188,625.3400268554688,626.280029296875,622.4299926757812,622.4500122070312,51065800
2025-07-07,613.8780517578125,620.6799926757812,624.030029296875,617.8699951171875,623.3599853515625,74814500
2025-07-08,613.5418090820312,620.3400268554688,622.1099853515625,619.52001953125,621.3499755859375,59024600
2025-07-09,617.2210083007812,624.0599975585938,624.719970703125,620.9099731445312,622.77001953125,66113300
2025-07-10,618.9617309570312,625.8200073242188,626.8699951171875,623.010009765625,624.2000122070312,57529000
2025-07-11,616.7858276367188,623.6199951171875,624.8599853515625,621.530029296875,622.739990234375,63670200
2025-07-14,617.9627685546875,624.8099975585938,625.1599731445312,621.7999877929688,623.1599731445312,51898500
2025-07-15,615.322021484375,622.1400146484375,627.8599853515625,622.0599975585938,627.52001953125,74317300
2025-07-16,617.3792114257812,624.219970703125,624.72998046875,618.0499877929688,623.739990234375,88987500
2025-07-17,621.1573486328125,628.0399780273438,628.4000244140625,624.1799926757812,624.4000244140625,68885700
2025-07-18,620.7025146484375,627.5800170898438,629.469970703125,626.4600219726562,629.2999877929688,65621600
2025-07-21,621.8794555664062,628.77001953125,631.5399780273438,628.3400268554688,628.77001953125,63375000
2025-07-22,621.9683837890625,628.8599853515625,629.72998046875,626.1900024414062,629.0999755859375,60046300
2025-07-23,627.259765625,634.2100219726562,634.2100219726562,629.72998046875,631.5499877929688,70511000
2025-07-24,627.4674072265625,634.4199829101562,636.1500244140625,633.989990234375,634.5999755859375,71307100
2025-07-25,630.1181030273438,637.0999755859375,637.5800170898438,634.8400268554688,635.0900268554688,56865400
2025-07-28,629.9598999023438,636.9400024414062,638.0399780273438,635.5399780273438,637.47998046875,54917100
2025-07-29,628.2982788085938,635.260009765625,638.6699829101562,634.3400268554688,638.3499755859375,60556300
2025-07-30,627.5070190429688,634.4600219726562,637.6799926757812,631.5399780273438,635.9199829101562,80418900
2025-07-31,625.1531982421875,632.0800170898438,639.8499755859375,630.77001953125,639.4600219726562,103385200
2025-08-01,614.9066162109375,621.719970703125,626.3400268554688,619.2899780273438,626.2999877929688,140103600
2025-08-04,624.2530517578125,631.1699829101562,631.219970703125,625.5800170898438,625.6699829101562,73218000
2025-08-05,621.0880737304688,627.969970703125,632.6099853515625,627.0399780273438,631.7899780273438,68051400
2025-08-06,625.845458984375,632.780029296875,633.4400024414062,628.1300048828125,629.0499877929688,64357500
2025-08-07,625.3212280273438,632.25,636.97998046875,629.1099853515625,636.239990234375,74205800
2025-08-08,630.197265625,637.1799926757812,637.6500244140625,633.739990234375,634.0599975585938,64051600
2025-08-11,628.9509887695312,635.9199829101562,638.9500122070312,634.6599731445312,637.4600219726562,58742300
2025-08-12,635.6468505859375,642.6900024414062,642.8499755859375,636.7899780273438,638.2899780273438,64730800
2025-08-13,637.8228149414062,644.8900146484375,646.1900024414062,642.6799926757812,644.9099731445312,60092800
2025-08-14,637.882080078125,644.9500122070312,645.6199951171875,642.3400268554688,642.7899780273438,59327500
2025-08-15,636.388671875,643.4400024414062,646.0900268554688,642.52001953125,645.989990234375,68592500
2025-08-18,636.2501831054688,643.2999877929688,644.0,642.1799926757812,642.8599853515625,43804900
2025-08-19,632.7984008789062,639.8099975585938,644.1099853515625,638.47998046875,643.1199951171875,69750700
2025-08-20,631.1170043945312,638.1099853515625,639.6599731445312,632.9500122070312,639.4000244140625,88890300
2025-08-21,628.5850830078125,635.5499877929688,637.969970703125,633.8099975585938,636.280029296875,54805800
2025-08-22,638.2381591796875,645.3099975585938,646.5,637.25,637.760009765625,84083200
2025-08-25,635.42919921875,642.469970703125,645.2899780273438,642.3499755859375,644.0399780273438,51274300
2025-08-26,638.0897827148438,645.1599731445312,645.510009765625,641.5700073242188,642.2000122070312,51581600
2025-08-27,639.543701171875,646.6300048828125,647.3699951171875,644.4199829101562,644.5700073242188,48341100
2025-08-28,641.8085327148438,648.9199829101562,649.47998046875,645.3400268554688,647.239990234375,61519500
2025-08-29,637.9810180664062,645.0499877929688,647.8400268554688,643.1400146484375,647.469970703125,74522200
2025-09-02,633.2533569335938,640.27001953125,640.489990234375,634.9199829101562,637.5,81983500
2025-09-03,636.6853637695312,643.739990234375,644.2100219726562,640.4600219726562,642.6699829101562,70820900
2025-09-04,642.00634765625,649.1199951171875,649.1500244140625,643.510009765625,644.4199829101562,65219200
2025-09-05,640.14697265625,647.239990234375,652.2100219726562,643.3300170898438,651.47998046875,85178900
2025-09-08,641.719482421875,648.8300170898438,649.8400268554688,647.22998046875,648.6199951171875,63133100
2025-09-09,643.2030639648438,650.3300170898438,650.8599853515625,647.219970703125,648.969970703125,66133900
2025-09-10,645.0625,652.2100219726562,654.5499877929688,650.6300048828125,653.6199951171875,78034500
2025-09-11,650.4231567382812,657.6300048828125,658.3300170898438,653.5900268554688,654.1799926757812,69934400
2025-09-12,650.20556640625,657.4099731445312,659.1099853515625,656.9000244140625,657.5999755859375,72780100
2025-09-15,653.6671142578125,660.9099731445312,661.0399780273438,659.3400268554688,659.6400146484375,63772400
2025-09-16,652.76708984375,660.0,661.780029296875,659.2100219726562,661.469970703125,61169000
2025-09-17,651.9561767578125,659.1799926757812,661.719970703125,654.2999877929688,660.010009765625,101952200
2025-09-18,655.00244140625,662.260009765625,664.8900146484375,660.27001953125,661.8900146484375,90459200
2025-09-19,658.2465209960938,663.7000122070312,664.5499877929688,660.3699951171875,662.3300170898438,97945600
2025-09-22,661.3607177734375,666.8400268554688,667.2899780273438,662.1699829101562,662.2000122070312,69452200
2025-09-23,657.7605590820312,663.2100219726562,667.3400268554688,661.97998046875,666.719970703125,81708900
2025-09-24,655.6677856445312,661.0999755859375,664.6099853515625,659.6699829101562,664.510009765625,68082200
2025-09-25,652.6429443359375,658.0499877929688,659.4099731445312,654.4099731445312,657.9400024414062,89622100
2025-09-26,656.3819580078125,661.8200073242188,662.3699951171875,657.8800048828125,659.510009765625,69179200
2025-09-29,658.2266845703125,663.6799926757812,665.280029296875,661.8599853515625,664.3599853515625,73499000
2025-09-30,660.7061157226562,666.1799926757812,666.6500244140625,661.6099853515625,662.9299926757812,86288000
2025-10-01,662.9574584960938,668.4500122070312,669.3699951171875,663.0599975585938,663.1699829101562,72545400
2025-10-02,663.7210693359375,669.219970703125,670.5700073242188,666.780029296875,670.4500122070312,56896000
2025-10-03,663.7112426757812,669.2100219726562,672.6799926757812,668.1599731445312,669.989990234375,70494400
2025-10-06,666.0914916992188,671.6099853515625,672.510009765625,669.4600219726562,671.6199951171875,54623300
2025-10-07,663.6219482421875,669.1199951171875,672.989990234375,667.6699829101562,672.5399780273438,72020100
2025-10-08,667.5791625976562,673.1099853515625,673.2100219726562,669.4199829101562,670.25,60702200
2025-10-09,665.6452026367188,671.1599731445312,673.9400024414062,669.2100219726562,673.530029296875,66501900
2025-10-10,647.6542358398438,653.02001953125,673.9500122070312,652.8400268554688,672.1300048828125,159422600
2025-10-13,657.5919189453125,663.0399780273438,665.1300048828125,659.77001953125,660.6500244140625,79560500
2025-10-14,656.78857421875,662.22998046875,665.8300170898438,653.1699829101562,657.1699829101562,88779600
2025-10-15,659.7044067382812,665.1699829101562,670.22998046875,658.9299926757812,666.8200073242188,81702600
2025-10-16,655.2117309570312,660.6400146484375,668.7100219726562,657.1099853515625,666.8200073242188,110563300
2025-10-17,658.9308471679688,664.3900146484375,665.760009765625,658.1400146484375,659.5,96500900
2025-10-20,665.7840576171875,671.2999877929688,672.2100219726562,667.27001953125,667.3200073242188,60493400
2025-10-21,665.7741088867188,671.2899780273438,672.989990234375,669.97998046875,671.4400024414062,56249000
2025-10-22,662.3128051757812,667.7999877929688,672.0,663.2999877929688,672.0,80564000
2025-10-23,666.2402954101562,671.760009765625,672.7100219726562,667.7999877929688,668.1199951171875,65604500
2025-10-24,671.6851806640625,677.25,678.469970703125,675.6500244140625,676.4600219726562,74356500
2025-10-27,679.6094970703125,685.239990234375,685.5399780273438,682.1199951171875,682.72998046875,63339800
2025-10-28,681.4144897460938,687.0599975585938,688.9099731445312,684.8300170898438,687.0499877929688,61738100
2025-10-29,681.7418823242188,687.3900146484375,689.7000122070312,682.8699951171875,688.719970703125,85657100
2025-10-30,674.2440185546875,679.8300170898438,685.9400024414062,679.8300170898438,683.9000244140625,76335800
2025-10-31,676.4556274414062,682.0599975585938,685.0800170898438,679.239990234375,685.0399780273438,87164100
2025-11-03,677.7251586914062,683.3400268554688,685.7999877929688,679.9400024414062,685.6699829101562,57315000
2025-11-04,669.6917114257812,675.239990234375,679.9600219726562,674.5800170898438,676.1099853515625,78427000
2025-11-05,672.012451171875,677.5800170898438,680.8599853515625,674.1699829101562,674.97998046875,74402400
2025-11-06,664.8021850585938,670.3099975585938,677.3800048828125,668.719970703125,676.469970703125,85035300
2025-11-07,665.4567260742188,670.969970703125,671.0800170898438,661.2100219726562,667.9099731445312,100592400
2025-11-10,675.8407592773438,681.4400024414062,682.1799926757812,675.030029296875,677.239990234375,75842900
2025-11-11,677.3878784179688,683.0,683.5700073242188,678.72998046875,679.9500122070312,58953400
2025-11-12,677.7647705078125,683.3800048828125,684.9600219726562,680.9500122070312,684.7899780273438,62312500
2025-11-13,666.5180053710938,672.0399780273438,680.8599853515625,670.52001953125,680.5,103457800
2025-11-14,666.4088745117188,671.9299926757812,675.6599731445312,663.27001953125,665.3800048828125,96846700
2025-11-17,660.2002563476562,665.6699829101562,673.7100219726562,662.1699829101562,669.7000122070312,90456100
2025-11-18,654.6561889648438,660.0800170898438,665.1199951171875,655.8599853515625,662.0999755859375,114467500
2025-11-19,657.185302734375,662.6300048828125,667.3400268554688,658.75,660.780029296875,94703000
2025-11-20,647.1683349609375,652.530029296875,675.5599975585938,651.8900146484375,672.9099731445312,165293500
2025-11-21,653.6148681640625,659.030029296875,664.5499877929688,650.8499755859375,655.0499877929688,123956200
2025-11-24,663.2351684570312,668.72998046875,670.0599975585938,661.5900268554688,662.6900024414062,80437900
2025-11-25,669.4734497070312,675.02001953125,676.2100219726562,664.47998046875,668.6300048828125,81077100
2025-11-26,674.09521484375,679.6799926757812,681.7000122070312,676.719970703125,677.6300048828125,71879600
2025-11-28,677.7747192382812,683.3900146484375,683.6699829101562,680.5,680.8599853515625,49212000
2025-12-01,674.6802978515625,680.27001953125,682.989990234375,678.739990234375,678.8099975585938,61201200
2025-12-02,675.9300537109375,681.530029296875,683.8200073242188,679.3300170898438,681.9199829101562,62953800
2025-12-03,678.2706298828125,683.8900146484375,684.9099731445312,679.6900024414062,680.5700073242188,57238500
2025-12-04,678.7665405273438,684.3900146484375,685.3699951171875,681.3400268554688,685.2999877929688,61970300
2025-12-05,680.0557861328125,685.6900024414062,688.3900146484375,684.5800170898438,685.469970703125,79241000
2025-12-08,678.0127563476562,683.6300048828125,686.6400146484375,681.5700073242188,686.5900268554688,55231500
2025-12-09,677.4276123046875,683.0399780273438,685.3900146484375,682.5900268554688,683.1500244140625,58310100
2025-12-10,681.92041015625,687.5700073242188,688.969970703125,681.3099975585938,682.5599975585938,85671300
2025-12-11,683.5072631835938,689.1699829101562,689.25,682.1699829101562,685.1400146484375,86173700
2025-12-12,676.1581420898438,681.760009765625,688.8800048828125,679.1699829101562,688.1699829101562,113160300
2025-12-15,675.1365356445312,680.72998046875,685.760009765625,679.25,685.739990234375,90811000
2025-12-16,673.2918701171875,678.8699951171875,681.0800170898438,674.97998046875,679.22998046875,122030600
2025-12-17,665.8832397460938,671.4000244140625,680.4400024414062,671.2000122070312,679.8900146484375,110625200
2025-12-18,670.9114990234375,676.469970703125,680.739990234375,674.9000244140625,677.5999755859375,108650100
2025-12-19,676.9923095703125,680.5900268554688,681.0900268554688,676.469970703125,676.5900268554688,103599500
2025-12-22,681.2098388671875,684.8300170898438,685.3599853515625,680.5900268554688,683.9400024414062,69556700
2025-12-23,684.3233032226562,687.9600219726562,688.2000122070312,683.8699951171875,683.9199829101562,64840000
2025-12-24,686.7305297851562,690.3800048828125,690.8300170898438,687.7999877929688,687.9500122070312,39445600
2025-12-26,686.660888671875,690.3099975585938,691.6599731445312,689.27001953125,690.6400146484375,41613300
2025-12-29,684.2138671875,687.8499755859375,689.2000122070312,686.0700073242188,687.5399780273438,62559500
2025-12-30,683.3782958984375,687.010009765625,688.5599975585938,686.5800170898438,687.4500122070312,47160700
2025-12-31,678.3152465820312,681.9199829101562,687.3599853515625,681.7100219726562,687.1400146484375,74144800
2026-01-02,679.55859375,683.1699829101562,686.8699951171875,679.8200073242188,685.7100219726562,89377200
2026-01-05,684.0845947265625,687.719970703125,689.4299926757812,686.3800048828125,686.5399780273438,71927200
2026-01-06,688.1529541015625,691.8099975585938,692.3200073242188,687.780029296875,687.9299926757812,69273800
2026-01-07,685.9347534179688,689.5800170898438,693.9600219726562,689.3200073242188,692.1900024414062,75588300
2026-01-08,685.8651123046875,689.510009765625,690.6199951171875,687.489990234375,688.8200073242188,64019200
2026-01-09,690.4010009765625,694.0700073242188,695.3099975585938,689.1799926757812,690.6300048828125,80125500
2026-01-12,691.4852294921875,695.1599731445312,696.0900268554688,690.6300048828125,690.6799926757812,63976000
2026-01-13,690.1026000976562,693.77001953125,696.0900268554688,691.3499755859375,695.489990234375,78309700
2026-01-14,686.7105712890625,690.3599853515625,691.719970703125,686.0399780273438,691.0,94676700
2026-01-15,688.5806884765625,692.239990234375,695.4500122070312,691.25,694.5700073242188,77862000
2026-01-16,688.0037231445312,691.6599731445312,694.25,690.0999755859375,693.6599731445312,79289200
2026-01-20,673.9981689453125,677.5800170898438,684.77001953125,676.5700073242188,681.489990234375,111623300
2026-01-21,681.77685546875,685.4000244140625,688.739990234375,678.1300048828125,679.6500244140625,127844500
2026-01-22,685.3379516601562,688.97998046875,691.1300048828125,686.9199829101562,689.8499755859375,77112200
2026-01-23,685.5865478515625,689.22998046875,690.9600219726562,687.1599731445312,688.1500244140625,63059600
2026-01-26,689.068115234375,692.72998046875,694.1300048828125,689.9199829101562,690.489990234375,60473800
2026-01-27,691.8134765625,695.489990234375,696.530029296875,693.5700073242188,694.1799926757812,55506100
2026-01-28,691.7438354492188,695.4199829101562,697.8400268554688,693.9400024414062,697.0499877929688,61172200
2026-01-29,690.3711547851562,694.0399780273438,697.0599975585938,684.8300170898438,696.3900146484375,97486200
2026-01-30,688.3121337890625,691.969970703125,694.2100219726562,687.1199951171875,691.7899780273438,101835100
2026-02-02,691.73388671875,695.4099731445312,696.9299926757812,689.4199829101562,689.5800170898438,79286500
2026-02-03,685.885009765625,689.530029296875,696.9600219726562,684.030029296875,696.2100219726562,107904600
2026-02-04,682.5626831054688,686.1900024414062,691.4500122070312,681.760009765625,690.3499755859375,105204600
2026-02-05,674.0379638671875,677.6199951171875,683.6900024414062,675.7899780273438,680.9400024414062,113610800
2026-02-06,686.96923828125,690.6199951171875,692.3099975585938,680.8499755859375,681.4600219726562,89127600
2026-02-09,690.2816162109375,693.9500122070312,695.8699951171875,688.3400268554688,689.4199829101562,73885200
2026-02-10,688.4613037109375,692.1199951171875,696.5399780273438,691.6599731445312,694.9500122070312,65185700
2026-02-11,688.3021850585938,691.9600219726562,697.1400146484375,689.1799926757812,696.3900146484375,76353900
2026-02-12,677.668701171875,681.27001953125,695.3499755859375,680.3699951171875,694.239990234375,118829000
2026-02-13,678.1461181640625,681.75,686.280029296875,677.52001953125,681.6900024414062,96267500
2026-02-17,679.2402954101562,682.8499755859375,684.9400024414062,675.780029296875,680.1400146484375,81354700
2026-02-18,682.662109375,686.2899780273438,689.1500244140625,682.8300170898438,684.02001953125,73570300
2026-02-19,680.8616943359375,684.47998046875,686.1799926757812,681.5499877929688,683.8400268554688,58649400
2026-02-20,685.7855834960938,689.4299926757812,690.0599975585938,681.72998046875,682.3200073242188,100034000
2026-02-23,678.7827758789062,682.3900146484375,690.0,680.3699951171875,687.8300170898438,90558100
2026-02-24,683.7164916992188,687.3499755859375,688.3499755859375,680.0,681.9000244140625,73798700
2026-02-25,689.4859008789062,693.1500244140625,693.6799926757812,690.0999755859375,690.1799926757812,56369500
2026-02-26,685.6561889648438,689.2999877929688,693.2999877929688,684.3499755859375,693.280029296875,71671000
2026-02-27,682.3637084960938,685.989990234375,686.8599853515625,681.6400146484375,683.0900268554688,83308900
2026-03-02,682.7516479492188,686.3800048828125,688.6199951171875,678.02001953125,678.7000122070312,87477200
2026-03-03,676.7337036132812,680.3300170898438,682.6099853515625,669.6599731445312,675.0599975585938,105003100
2026-03-04,681.50830078125,685.1300048828125,687.0900268554688,679.6199951171875,681.6300048828125,79182200
2026-03-05,677.7084350585938,681.3099975585938,685.530029296875,675.6099853515625,682.0800170898438,106606500
2026-03-06,668.8256225585938,672.3800048828125,676.1099853515625,669.760009765625,673.4099731445312,100687000
2026-03-09,674.6845092773438,678.27001953125,679.9199829101562,662.3900146484375,666.3900146484375,102667700
2026-03-10,673.6002807617188,677.1799926757812,683.3599853515625,674.760009765625,677.719970703125,81505300
2026-03-11,672.7548217773438,676.3300170898438,680.0800170898438,673.3400268554688,677.5800170898438,68441700
2026-03-12,662.5390625,666.0599975585938,671.6500244140625,665.8699951171875,671.1599731445312,108882200
2026-03-13,658.7890014648438,662.2899780273438,672.3400268554688,661.3599853515625,669.27001953125,97200200
2026-03-16,665.493408203125,669.030029296875,672.0700073242188,667.1199951171875,668.3800048828125,82023100
2026-03-17,667.2440185546875,670.7899780273438,674.4400024414062,669.7000122070312,672.3900146484375,87128000
2026-03-18,657.9335327148438,661.4299926757812,669.719970703125,661.1900024414062,668.3599853515625,82062600
2026-03-19,656.3121337890625,659.7999877929688,662.97998046875,655.1699829101562,656.969970703125,111272500
2026-03-20,646.9034423828125,648.5700073242188,656.6900024414062,644.719970703125,656.510009765625,163617500
2026-03-23,653.6959228515625,655.3800048828125,662.6199951171875,653.9400024414062,658.0700073242188,134802700
2026-03-24,651.5015869140625,653.1799926757812,657.030029296875,649.8800048828125,651.3200073242188,96457500
2026-03-25,655.1322021484375,656.8200073242188,660.8900146484375,654.239990234375,658.6699829101562,90653800
2026-03-26,643.432373046875,645.0900268554688,654.8499755859375,644.8200073242188,652.0599975585938,96494400
2026-03-27,632.4606323242188,634.0900268554688,642.6599731445312,633.1099853515625,642.5,103649400
2026-03-30,630.3460693359375,631.969970703125,640.3699951171875,629.280029296875,640.1099853515625,99275900
2026-03-31,648.6688842773438,650.3400268554688,651.5399780273438,637.97998046875,638.9400024414062,152534100
2026-04-01,653.5562744140625,655.239990234375,658.52001953125,653.0,653.9000244140625,97841500
2026-04-02,654.144775390625,655.8300170898438,658.2000122070312,645.1099853515625,646.4199829101562,68358700
2026-04-06,657.23681640625,658.9299926757812,659.719970703125,655.52001953125,655.8599853515625,39105800
2026-04-07,657.5260009765625,659.219970703125,659.6099853515625,651.0599975585938,656.6500244140625,69980400
2026-04-08,674.27294921875,676.010009765625,677.0800170898438,671.4600219726562,676.3900146484375,93606100
2026-04-09,678.162841796875,679.9099731445312,681.1599731445312,673.77001953125,674.8400268554688,57134400
2026-04-10,677.7140502929688,679.4600219726562,682.030029296875,678.4500122070312,681.3200073242188,42253500
2026-04-13,684.3369750976562,686.0999755859375,686.2999877929688,676.5800170898438,677.4099731445312,54185800
2026-04-14,692.675537109375,694.4600219726562,694.5800170898438,687.6599731445312,687.6900024414062,63480500
2026-04-15,698.1414184570312,699.9400024414062,700.280029296875,694.2000122070312,695.260009765625,58240400
2026-04-16,699.8569946289062,701.6599731445312,702.780029296875,698.530029296875,701.0599975585938,49972400
2026-04-17,708.3152465820312,710.1400146484375,712.3900146484375,705.760009765625,706.1400146484375,70661900
2026-04-20,706.8988037109375,708.719970703125,709.9099731445312,706.1400146484375,708.780029296875,43546800
2026-04-21,702.2708129882812,704.0800170898438,711.280029296875,702.6400146484375,710.280029296875,58941400
2026-04-22,709.3825073242188,711.2100219726562,711.4500122070312,708.219970703125,709.1500244140625,42518500
2026-04-23,706.6295776367188,708.4500122070312,712.3599853515625,702.280029296875,709.5,56174000
2026-04-24,712.10546875,713.9400024414062,714.469970703125,709.010009765625,710.75,45182000
2026-04-27,713.332275390625,715.1699829101562,715.6300048828125,712.2999877929688,713.1699829101562,33135900
2026-04-28,709.8612060546875,711.6900024414062,712.8800048828125,709.25,711.8200073242188,43117400
2026-04-29,709.7515258789062,711.5800170898438,712.2000122070312,708.3699951171875,711.0,41859200
2026-04-30,716.8132934570312,718.6599731445312,719.7899780273438,710.4500122070312,714.6300048828125,67240900
2026-05-01,718.7982177734375,720.6500244140625,724.8699951171875,720.469970703125,721.25,43049800
2026-05-04,716.1649780273438,718.010009765625,722.1199951171875,714.989990234375,720.0700073242188,51950600
2026-05-05,721.9102172851562,723.77001953125,725.0399780273438,721.489990234375,721.77001953125,36933200
2026-05-06,731.9443359375,733.8300170898438,734.5900268554688,727.8200073242188,728.1599731445312,53288900
2026-05-07,729.7001342773438,731.5800170898438,736.1300048828125,729.75,735.0499877929688,51724600
2026-05-08,735.724609375,737.6199951171875,738.0800170898438,734.5700073242188,734.9299926757812,47227100
2026-05-11,737.4002685546875,739.2999877929688,740.7899780273438,736.4500122070312,736.4500122070312,44024000
2026-05-12,736.2831420898438,738.1799926757812,738.8400268554688,731.8300170898438,736.8900146484375,54185300
2026-05-13,740.4025268554688,742.3099975585938,743.9099731445312,735.469970703125,738.469970703125,44200200
2026-05-14,746.2474975585938,748.1699829101562,749.530029296875,743.5599975585938,743.6500244140625,45307600
2026-05-15,737.2706298828125,739.1699829101562,743.4600219726562,737.9600219726562,741.7899780273438,60410800
2026-05-18,736.751953125,738.6500244140625,741.4199829101562,733.3900146484375,739.8300170898438,47843900
2026-05-19,731.8446044921875,733.72998046875,737.6500244140625,731.530029296875,734.780029296875,54255900
2026-05-20,739.3452758789062,741.25,741.8699951171875,733.8900146484375,735.7100219726562,45768000
2026-05-21,740.8114624023438,742.719970703125,744.8699951171875,737.030029296875,738.6400146484375,43332200
2026-05-22,743.7239990234375,745.6400146484375,748.9400024414062,744.47998046875,746.239990234375,41762000
2026-05-26,748.6613159179688,750.5900268554688,752.1300048828125,748.3699951171875,750.010009765625,41123600
2026-05-27,748.5316162109375,750.4600219726562,751.3800048828125,748.219970703125,750.8800048828125,42106300
2026-05-28,752.6609497070312,754.5999755859375,755.1500244140625,749.22998046875,750.25,41562600
2026-05-29,754.5361328125,756.47998046875,758.0800170898438,754.6900024414062,755.9000244140625,55075700
2026-06-01,756.5908203125,758.5399780273438,760.280029296875,754.6900024414062,755.3599853515625,43634900
2026-06-02,757.6182250976562,759.5700073242188,760.4000244140625,756.75,757.030029296875,31581900
2026-06-03,752.3018798828125,754.239990234375,758.7999877929688,753.5700073242188,758.1500244140625,51402500
2026-06-04,755.1445922851562,757.0900268554688,758.3099975585938,751.469970703125,752.0999755859375,49923000
2026-06-05,735.65478515625,737.5499877929688,752.8200073242188,735.530029296875,752.3099975585938,93989400
2026-06-08,737.3204345703125,739.219970703125,745.3400268554688,738.1900024414062,743.3599853515625,49319100
2026-06-09,735.1560668945312,737.0499877929688,746.9000244140625,722.5900268554688,743.6300048828125,87683500
2026-06-10,723.56591796875,725.4299926757812,738.3800048828125,725.3300170898438,733.3900146484375,60341300
2026-06-11,735.8642578125,737.760009765625,740.0,724.4099731445312,728.760009765625,86330500
2026-06-12,739.843994140625,741.75,744.4400024414062,735.030029296875,740.7100219726562,57079500
2026-06-15,752.890380859375,754.8300170898438,756.6799926757812,751.760009765625,751.8499755859375,60176400
2026-06-16,748.4019775390625,750.3300170898438,755.4400024414062,749.8800048828125,754.5499877929688,67093100
2026-06-17,739.0560302734375,740.9600219726562,752.1500244140625,739.219970703125,751.2899780273438,85945200
2026-06-18,746.739990234375,746.739990234375,748.22998046875,743.8599853515625,747.760009765625,80875700
2026-06-22,744.3900146484375,744.3900146484375,750.1799926757812,743.1300048828125,747.7000122070312,46628100
2026-06-23,733.5800170898438,733.5800170898438,739.6300048828125,732.2999877929688,733.8099975585938,66846800
2026-06-24,733.239990234375,733.239990234375,739.9500122070312,730.8400268554688,735.1699829101562,57439500
2026-06-25,734.2999877929688,734.2999877929688,739.3699951171875,729.5999755859375,738.9099731445312,53934400
2026-06-26,728.989990234375,728.989990234375,736.530029296875,716.5800170898438,728.9500122070312,71034000
2026-06-29,741.0,741.0,741.5599975585938,732.0900268554688,736.530029296875,58035200
2026-06-30,746.77001953125,746.77001953125,748.02001953125,740.8900146484375,741.2899780273438,55626000
2026-07-01,745.760009765625,745.760009765625,749.4400024414062,742.3800048828125,745.0,47100900
2026-07-02,744.780029296875,744.780029296875,751.3099975585938,740.030029296875,747.4000244140625,57447800
2026-07-06,751.280029296875,751.280029296875,752.4099731445312,747.4099731445312,748.739990234375,50673300
2026-07-07,747.7100219726562,747.7100219726562,750.9600219726562,745.2100219726562,750.219970703125,43721500
2026-07-08,745.4000244140625,745.4000244140625,746.1500244140625,739.510009765625,743.1599731445312,43767400
2026-07-09,751.7100219726562,751.7100219726562,751.969970703125,745.5900268554688,747.3499755859375,41441700
2026-07-10,754.9500122070312,754.9500122070312,755.4199829101562,748.0999755859375,752.0499877929688,42191300
2026-07-13,749.1699829101562,749.1699829101562,753.9099731445312,748.0,752.469970703125,44013600
2026-07-14,751.8300170898438,751.8300170898438,753.3400268554688,748.6599731445312,750.9099731445312,35143100
2026-07-15,754.8099975585938,754.8099975585938,755.5800170898438,750.2000122070312,754.239990234375,43844800
2026-07-16,750.719970703125,750.719970703125,754.5700073242188,747.8800048828125,752.760009765625,46409800
2026-07-17,743.2899780273438,743.2899780273438,747.2899780273438,740.7999877929688,742.0800170898438,62651000
2026-07-20,742.0900268554688,742.0900268554688,748.72998046875,741.510009765625,747.0599975585938,50422300
2026-07-21,748.280029296875,748.280029296875,749.0399780273438,744.1799926757812,746.2899780273438,34324300
2026-07-22,747.4099731445312,747.4099731445312,750.02001953125,746.3699951171875,746.6199951171875,32836200
2026-07-23,738.1799926757812,738.1799926757812,742.5599975585938,735.2100219726562,739.3699951171875,55437300
2026-07-24,738.9299926757812,738.9299926757812,743.719970703125,737.2899780273438,738.510009765625,44782000
2026-07-27,739.0900268554688,739.0900268554688,745.530029296875,735.8699951171875,744.9099731445312,41461200
2026-07-28,740.8599853515625,740.8599853515625,742.7899780273438,735.97998046875,739.1900024414062,47322200
2026-07-29,729.4600219726562,729.4600219726562,742.6799926757812,729.0999755859375,739.969970703125,70697200
2026-07-30,741.6900024414062,741.6900024414062,742.4500122070312,734.5900268554688,736.0499877929688,66811300
2026-07-31,747.030029296875,747.030029296875,748.9000244140625,737.6799926757812,744.6799926757812,62445900
2026-08-03,757.6699829101562,757.6699829101562,758.5800170898438,748.7999877929688,749.4400024414062,59927500
2026-08-04,771.3300170898438,771.3300170898438,773.4099731445312,760.52001953125,760.6300048828125,69154800
2026-08-05,769.7899780273438,769.7899780273438,776.8499755859375,769.510009765625,775.8499755859375,44689100
2026-08-06,768.5599975585938,768.5599975585938,771.8200073242188,767.4600219726562,770.2100219726562,38416900
2026-08-07,773.260009765625,773.260009765625,773.9199829101562,769.6099853515625,771.02001953125,43586300
2026-08-10,773.030029296875,773.030029296875,775.0499877929688,771.6199951171875,772.5999755859375,39249500
2026-08-11,770.5599975585938,770.5599975585938,774.6099853515625,769.2000122070312,774.530029296875,36740600
2026-08-12,772.489990234375,772.489990234375,774.9000244140625,771.280029296875,774.7100219726562,33179100
2026-08-13,777.8800048828125,777.8800048828125,779.3699951171875,774.1099853515625,774.8699951171875,35634500
2026-08-14,776.3400268554688,776.3400268554688,778.7999877929688,775.4299926757812,778.5399780273438,31367900
2026-08-17,772.6699829101562,772.6699829101562,776.780029296875,772.510009765625,776.1799926757812,34356600
2026-08-18,767.4500122070312,767.4500122070312,769.5,766.9199829101562,768.7000122070312,43920900
2026-08-19,769.0599975585938,769.0599975585938,772.469970703125,768.0999755859375,770.3599853515625,40306000
2026-08-20,762.5999755859375,762.5999755859375,768.1500244140625,762.0399780273438,765.9600219726562,45520300
2026-08-21,765.719970703125,765.719970703125,767.8499755859375,764.1699829101562,766.0499877929688,39188700
2026-08-24,763.469970703125,763.469970703125,765.219970703125,762.0800170898438,764.780029296875,32430900
2026-08-25,765.9099731445312,765.9099731445312,766.780029296875,763.0499877929688,766.1599731445312,27422300
2026-08-26,766.0800170898438,766.0800170898438,767.3499755859375,763.9299926757812,764.72998046875,28751600
2026-08-27,771.0999755859375,771.0999755859375,772.3599853515625,767.1599731445312,768.5,34557100
2026-08-28,769.3499755859375,769.3499755859375,775.2999877929688,768.3099975585938,771.760009765625,36744300
2026-08-31,767.0499877929688,767.0499877929688,768.0,764.719970703125,767.3300170898438,38810800
2026-09-01,761.780029296875,761.780029296875,764.6699829101562,759.47998046875,762.010009765625,41126300
2026-09-02,765.1599731445312,765.1599731445312,766.4299926757812,761.72998046875,762.4500122070312,29566200
2026-09-03,773.1699829101562,773.1699829101562,774.030029296875,767.4500122070312,767.9000244140625,40664869
