signal_date,exec_entry_date,exec_exit_date,ticker,side,entry_price,exit_price,position_return,holding_age,score,weight,regime_exposure,position_risk_scale,rolling_vol,rolling_beta,contribution_return,contribution_pnl
2026-06-01,2026-06-02,2026-06-03,LBRT,1,29.709999084472656,31.670000076293945,0.06597108893367976,0,0.9953947368421052,0.02665076734268213,1.0,0.799523020280464,0.4744255321531502,1.1284841890809987,0.001758180142514891,1.758180142514891
2026-06-01,2026-06-02,2026-06-03,NE,1,46.93000030517578,47.119998931884766,0.004048553707084235,0,0.9763157894736842,0.03333333333333333,1.0,1.0,0.3714613014638485,0.7831862582835843,0.00013495179023614116,0.13495179023614115
2026-06-01,2026-06-02,2026-06-03,ZIM,1,25.0,25.100000381469727,0.004000015258789125,0,0.975,0.03333333333333333,1.0,1.0,0.3353074922222452,0.9764673429686253,0.0001333338419596375,0.1333338419596375
2026-06-01,2026-06-02,2026-06-03,PSLV,1,24.100000381469727,23.559999465942383,-0.022406676638169087,0,0.9657894736842105,0.02231188620737412,1.0,0.6693565862212236,0.5666846971755783,1.463427040445086,-0.0004999352194362568,-0.4999352194362568
2026-06-01,2026-06-02,2026-06-03,WLK,1,86.30999755859375,86.45999908447266,0.0017379391741620953,0,0.9592105263157895,0.029777293344306066,1.0,0.893318800329182,0.4246122820044516,0.9427367077913189,5.175112460358574e-05,0.051751124603585746
2026-06-02,2026-06-03,2026-06-04,LBRT,1,31.670000076293945,30.229999542236328,-0.04546891476440207,1,0.9960526315789473,0.026967256263188924,1.0,0.8090176878956677,0.47375147899375397,1.1250223199009493,-0.001226171876460725,-1.2279027590903144
2026-06-02,2026-06-03,2026-06-04,NE,1,47.119998931884766,46.09999847412109,-0.021646869288731496,1,0.9822368421052632,0.03333333333333333,1.0,1.0,0.37168174478101945,0.7816791106136308,-0.0007215623096243832,-0.7225808778136165
2026-06-02,2026-06-03,2026-06-04,ZIM,1,25.100000381469727,24.5,-0.023904397304817637,1,0.9776315789473684,0.03333333333333333,1.0,1.0,0.3527954390784358,0.9812069555106898,-0.0007968132434939213,-0.7979380370311628
2026-06-02,2026-06-03,2026-06-04,PSLV,1,23.559999465942383,23.700000762939453,0.005942330227954873,1,0.9657894736842105,0.02269994508930203,1.0,0.680998352679061,0.5628109446445428,1.4604380483341333,0.00013489056987707522,0.13508098343065433
2026-06-02,2026-06-03,2026-06-04,WLK,1,86.45999908447266,86.29000091552734,-0.0019662059998314385,1,0.9592105263157895,0.030175119156640364,1.0,0.905253574699211,0.4233878074439311,0.9397677852765274,-5.933050033141486e-05,-0.05941425215642402
2026-06-03,2026-06-04,2026-06-05,LBRT,1,30.229999542236328,31.0,0.025471401568758045,2,0.9960526315789474,0.026257746198858536,1.0,0.7877323859657561,0.48764940924917766,1.1199946366713092,0.0006688215977216559,0.6679781200990909
2026-06-03,2026-06-04,2026-06-05,NE,1,46.09999847412109,46.34000015258789,0.005206110334288416,2,0.9697368421052632,0.03333333333333333,1.0,1.0,0.3713658495365111,0.7771211488456055,0.00017353701114294722,0.1733181566889575
2026-06-03,2026-06-04,2026-06-05,ZIM,1,24.5,25.440000534057617,0.038367368737045604,2,0.9796052631578946,0.03333333333333333,1.0,1.0,0.3499338532487374,0.9835541428288516,0.0012789122912348534,1.2772994038781134
2026-06-03,2026-06-04,2026-06-05,PSLV,1,23.700000762939453,22.43000030517578,-0.05358651548018589,2,0.9657894736842105,0.023903827063030673,1.0,0.7171148118909202,0.5356704760423733,1.45895931364885,-0.0012809227989487796,-1.279307376060483
2026-06-03,2026-06-04,2026-06-05,WLK,1,86.29000091552734,84.29000091552734,-0.023177656492991305,2,0.9782894736842105,0.030509756846810423,1.0,0.9152927054043127,0.4196878554745621,0.9388604145938446,-0.0007071446638800615,-0.7062528555085452
2026-06-04,2026-06-05,2026-06-08,LBRT,1,31.0,28.89999961853028,-0.06774194778934584,3,0.9973684210526317,0.02642796092766676,1.0,0.7928388278300028,0.48733599146859535,1.1174355180777176,-0.0017902815493408735,-1.7882619247039697
2026-06-04,2026-06-05,2026-06-08,NE,1,46.34000015258789,46.13999938964844,-0.004315942215815549,3,0.9723684210526315,0.03333333333333333,1.0,1.0,0.37100110696096444,0.76951543266572,-0.00014386474052718496,-0.1437024460688315
2026-06-04,2026-06-05,2026-06-08,ZIM,1,25.440000534057617,25.479999542236328,0.0015722880243325132,3,0.9743421052631579,0.03333333333333333,1.0,1.0,0.3469753435797274,0.9944322352239922,5.240960081108377e-05,0.052350477305595305
2026-06-04,2026-06-05,2026-06-08,PSLV,1,22.43000030517578,21.700000762939453,-0.0325456768749075,3,0.9657894736842105,0.023934483397683358,1.0,0.7180345019305008,0.5381063099287273,1.4594465622388744,-0.0007789639628288408,-0.7780852100923404
2026-06-04,2026-06-05,2026-06-08,WLK,1,84.29000091552734,84.37999725341797,0.0010676988600442083,3,0.9618421052631579,0.031098931483508032,1.0,0.932967944505241,0.41413951948824207,0.9455811290785688,3.320429369353447e-05,0.033166835781051854
2026-06-05,2026-06-08,2026-06-09,LBRT,1,28.89999961853028,28.440000534057617,-0.015916923548252138,4,0.9973684210526317,0.013102668337716207,0.5,0.7861601002629724,0.48763954636238743,1.1013832928798486,-0.00020855417020953278,-0.20777154216642854
2026-06-05,2026-06-08,2026-06-09,NE,1,46.13999938964844,46.86000061035156,0.015604708067348927,4,0.9723684210526315,0.016666666666666666,0.5,1.0,0.37015295136151033,0.7567694788009321,0.0002600784677891488,0.2591024877735256
2026-06-05,2026-06-08,2026-06-09,ZIM,1,25.479999542236328,25.700000762939453,0.008634270983343129,4,0.9743421052631579,0.016666666666666666,0.5,1.0,0.3553743982426151,1.0068015440630709,0.00014390451638905213,0.14336449501262857
2026-06-05,2026-06-08,2026-06-09,PSLV,1,21.700000762939453,21.56999969482422,-0.005990832421409742,4,0.9657894736842105,0.011892741454003219,0.5,0.7135644872401932,0.5372503277778747,1.4632148600532286,-7.124742108208611e-05,-0.07098005539152392
2026-06-05,2026-06-08,2026-06-09,WLK,1,84.37999725341797,85.62999725341797,0.014813937434080326,4,0.9618421052631579,0.01541053750596527,0.5,0.9246322503579162,0.4146110570035264,0.9360867691394285,0.00022829073843891779,0.22743404622459396
2026-06-08,2026-06-09,2026-06-10,LBRT,1,28.440000534057617,28.030000686645508,-0.01441630941325489,5,0.9973684210526317,0.024403758291089137,1.0,0.7321127487326741,0.5221875202085182,1.231928190890242,-0.0003518121303706254,-0.35061544587131616
2026-06-08,2026-06-09,2026-06-10,NE,1,46.86000061035156,44.81999969482422,-0.043533949828346796,5,0.9723684210526315,0.03333333333333333,1.0,1.0,0.36745364590929436,0.774186157918729,-0.0014511316609448933,-1.446195655005359
2026-06-08,2026-06-09,2026-06-10,ZIM,1,25.700000762939453,25.68000030517578,-0.0007782279054447949,5,0.9848684210526316,0.03333333333333333,1.0,1.0,0.3530905625849651,0.975634975399159,-2.5940930181493163e-05,-0.02585269243649798
2026-06-08,2026-06-09,2026-06-10,PSLV,1,21.56999969482422,20.290000915527344,-0.05934162250377839,5,0.9657894736842105,0.022828122570242415,1.0,0.6848436771072725,0.5582297881299916,1.5464596296796094,-0.0013546578320333088,-1.3500499805992088
2026-06-08,2026-06-09,2026-06-10,WLK,1,85.62999725341797,86.5,0.010160023058360057,5,0.9618421052631579,0.03086199247978024,1.0,0.9258597743934073,0.4129136520962124,0.906194546100018,0.00031355855522150193,0.31249198977288006
2026-06-09,2026-06-10,2026-06-11,LBRT,1,28.030000686645508,28.89999961853028,0.031038134519178584,6,0.9973684210526317,0.02458200535460305,1.0,0.7374601606380915,0.5178874603870338,1.229233386142336,0.0007629795889473377,0.758202032711488
2026-06-09,2026-06-10,2026-06-11,NE,1,44.81999969482422,46.790000915527344,0.043953619681318834,6,0.9723684210526315,0.03333333333333333,1.0,1.0,0.365138601424635,0.7790273410305669,0.0014651206560439612,1.4559464966982147
2026-06-09,2026-06-10,2026-06-11,ZIM,1,25.68000030517578,25.5,-0.007009357594886856,6,0.9651315789473685,0.03333333333333333,1.0,1.0,0.3408165132361032,0.9925797002353811,-0.00023364525316289518,-0.23218223455480222
2026-06-09,2026-06-10,2026-06-11,PSLV,1,20.290000915527344,20.06999969482422,-0.01084283936797481,6,0.9657894736842105,0.02298903597294807,1.0,0.6896710791884422,0.5537732134264557,1.5596470725423441,-0.00024926642427927046,-0.24770559044183266
2026-06-09,2026-06-10,2026-06-11,WLK,1,86.5,88.43000030517578,0.022312142256367462,6,0.9618421052631579,0.031212052990219428,1.0,0.9363615897065828,0.4078780824928473,0.9075905032683502,0.0006964077664310552,0.6920470635821138
2026-06-10,2026-06-11,2026-06-12,LBRT,1,28.89999961853028,27.729999542236328,-0.04048443224005316,7,0.9973684210526317,0.012320880013954809,0.5,0.7392528008372885,0.5184220507230862,1.2178388558994666,-0.0004988038320627786,-0.496890719180468
2026-06-10,2026-06-11,2026-06-12,NE,1,46.790000915527344,45.95000076293945,-0.01795255687437136,7,0.9723684210526315,0.016666666666666666,0.5,1.0,0.37236028342477234,0.7658571471678344,-0.0002992092812395227,-0.29806169356346374
2026-06-10,2026-06-11,2026-06-12,ZIM,1,25.5,25.93000030517578,0.016862757065716938,7,0.9651315789473685,0.016666666666666666,0.5,1.0,0.34065909864573046,0.9851564714228492,0.0002810459510952823,0.27996802707986707
2026-06-10,2026-06-11,2026-06-12,PSLV,1,20.06999969482422,21.21999931335449,0.05729943378259428,7,0.9657894736842105,0.01149641799643664,0.5,0.6897850797861984,0.5556005257922375,1.5757290606175796,0.0006587382417238464,0.6562117161935576
2026-06-10,2026-06-11,2026-06-12,WLK,1,88.43000030517578,87.44999694824219,-0.01108224984226569,7,0.9618421052631579,0.015644260929305258,0.5,0.9386556557583156,0.40829131605587426,0.8965011601877243,-0.0001733736082161565,-0.172708650848128
2026-06-11,2026-06-12,2026-06-15,LBRT,1,27.729999542236328,28.21999931335449,0.017670385113848663,8,0.9973684210526317,0.025261658702861754,1.0,0.7578497610858527,0.5056430429437991,1.195729834256007,0.0004463832378941739,0.4446571262949079
2026-06-11,2026-06-12,2026-06-15,NE,1,45.95000076293945,45.900001525878906,-0.0010881226600734095,8,0.9723684210526315,0.03333333333333333,1.0,1.0,0.3746046313470097,0.7302440514580893,-3.6270755335780315e-05,-0.03613050058115606
2026-06-11,2026-06-12,2026-06-15,ZIM,1,25.93000030517578,25.75,-0.006941777981385178,8,0.9651315789473685,0.03333333333333333,1.0,1.0,0.33602838636434296,0.976695337629492,-0.00023139259937950593,-0.23049783135090005
2026-06-11,2026-06-12,2026-06-15,PSLV,1,21.21999931335449,22.690000534057617,0.06927432932469535,8,0.9657894736842105,0.022984353362171684,1.0,0.6895306008651505,0.5557424990404788,1.5788180165543226,0.0015922256641262502,1.5860687143257541
2026-06-11,2026-06-12,2026-06-15,WLK,1,87.44999694824219,87.6500015258789,0.002287073580518273,8,0.9618421052631579,0.031385717208838995,1.0,0.9415715162651699,0.4069807260203511,0.8677449741948785,7.178144463395338e-05,0.07150387421088092
2026-06-12,2026-06-15,2026-06-16,LBRT,1,28.21999931335449,27.75,-0.016654830786337782,9,0.9973684210526317,0.02539031665116771,1.0,0.7617094995350313,0.5051394947869826,1.1526739017036602,-0.0004228714274367328,-0.4220124566264601
2026-06-12,2026-06-15,2026-06-16,NE,1,45.900001525878906,44.560001373291016,-0.029193902135981054,9,0.9723684210526315,0.03333333333333333,1.0,1.0,0.37435465974896925,0.7062659788123785,-0.0009731300711993685,-0.971153370312232
2026-06-12,2026-06-15,2026-06-16,ZIM,1,25.75,24.690000534057617,-0.04116502780358766,9,0.9651315789473685,0.03333333333333333,1.0,1.0,0.333680098173915,0.9906079376108982,-0.001372167593452922,-1.3693803351207083
2026-06-12,2026-06-15,2026-06-16,PSLV,1,22.690000534057617,22.51000022888184,-0.00793302339969526,9,0.9657894736842105,0.022476088150709634,1.0,0.674282644521289,0.5706354077120589,1.6202414323269887,-0.0001783033332331929,-0.17794114901197464
2026-06-12,2026-06-15,2026-06-16,WLK,1,87.6500015258789,86.88999938964844,-0.008670874192809652,9,0.9618421052631579,0.03333333333333333,1.0,1.0,0.38139824185605997,0.8389088647705065,-0.00028902913976032175,-0.2884420402821725
2026-06-15,2026-06-16,2026-06-17,LBRT,1,27.75,27.540000915527344,-0.007567534575591228,10,0.9973684210526317,0.025065163165428665,1.0,0.7519548949628599,0.5088360367936686,1.1703217143273832,-0.0001896814888972171,-0.18868372431459993
2026-06-15,2026-06-16,2026-06-17,NE,1,44.560001373291016,43.31999969482422,-0.027827684924849327,10,0.9723684210526315,0.03333333333333333,1.0,1.0,0.37503020968568346,0.7128835259397225,-0.0009275894974949775,-0.922710181367774
2026-06-15,2026-06-16,2026-06-17,ZIM,1,24.690000534057617,24.39999961853028,-0.011745682837361882,10,0.9940711462450593,0.03333333333333333,1.0,1.0,0.33421413064881417,0.989228197190997,-0.00039152276124539603,-0.38946326905809664
2026-06-15,2026-06-16,2026-06-17,PSLV,1,22.51000022888184,22.36000061035156,-0.006663688005556834,10,0.9657894736842105,0.022660384067903837,1.0,0.6798115220371151,0.5628350450047408,1.6201603758066276,-0.00015100172951460197,-0.15020742861312997
2026-06-15,2026-06-16,2026-06-17,WLK,1,86.88999938964844,83.66999816894531,-0.03705836394661932,10,0.9618421052631579,0.03333333333333333,1.0,1.0,0.3818277036230095,0.84348252264358,-0.0012352787982206441,-1.2287809715656122
2026-06-16,2026-06-17,2026-06-18,LBRT,1,27.540000915527344,27.290000915527344,-0.009077704854361435,11,0.9973684210526317,0.02517044517807665,1.0,0.7551133553422995,0.5116552407316447,1.1205548657473072,-0.00022848987237946477,-0.22662995197796149
2026-06-16,2026-06-17,2026-06-18,NE,1,43.31999969482422,42.63999938964844,-0.015697144736061208,11,0.9723684210526315,0.03333333333333333,1.0,1.0,0.382803685344775,0.6576163581992714,-0.0005232381578687069,-0.5189789698594949
2026-06-16,2026-06-17,2026-06-18,ZIM,1,24.39999961853028,24.100000381469727,-0.012295050891423909,11,0.976943346508564,0.03333333333333333,1.0,1.0,0.34845517415770016,0.9180076884936488,-0.0004098350297141303,-0.40649894954095706
2026-06-16,2026-06-17,2026-06-18,PSLV,1,22.36000061035156,21.43000030517578,-0.04159214131439848,11,0.9657894736842105,0.02265413802677352,1.0,0.6796241408032057,0.5684873188152675,1.6298629784460883,-0.0009422341101654526,-0.9345642715584329
2026-06-16,2026-06-17,2026-06-18,WLK,1,83.66999816894531,82.94000244140625,-0.00872470112960999,11,0.9618421052631579,0.03333333333333333,1.0,1.0,0.38188839782140716,0.8187794107664739,-0.0002908233709869997,-0.2884560524039057
2026-06-17,2026-06-18,2026-06-22,LBRT,1,27.290000915527344,27.40999984741211,0.00439717581015131,12,0.9973684210526317,0.02526996913407912,1.0,0.7580990740223735,0.5082020254846064,1.1755621371806786,0.00011111649699964295,0.10994808654471466
2026-06-17,2026-06-18,2026-06-22,NE,1,42.63999938964844,41.91999816894531,-0.016885582340742666,12,0.9723684210526315,0.03333333333333333,1.0,1.0,0.3842805268928097,0.6788156210642842,-0.0005628527446914222,-0.5569342442955301
2026-06-17,2026-06-18,2026-06-22,ZIM,1,24.100000381469727,24.34000015258789,0.009958496569265618,12,0.976943346508564,0.03333333333333333,1.0,1.0,0.3461856764010407,0.9769746481217103,0.00033194988564218725,0.3284593713858044
2026-06-17,2026-06-18,2026-06-22,PSLV,1,21.43000030517578,21.21999931335449,-0.009799392852578359,12,0.9657894736842105,0.02265904112169777,1.0,0.6797712336509332,0.5667605009805579,1.6394020825015234,-0.00022204484561424425,-0.21971000311934943
2026-06-17,2026-06-18,2026-06-22,WLK,1,82.94000244140625,79.29000091552734,-0.044007733523488635,12,0.9618421052631579,0.03320362471469789,1.0,0.9961087414409368,0.3867725168025933,0.8266785239664303,-0.0014612162684583463,-1.445851309959128
2026-06-18,2026-06-22,2026-06-23,LBRT,1,27.40999984741211,27.09000015258789,-0.011674560255586108,13,0.9973684210526317,0.025376649171156836,1.0,0.7612994751347051,0.507029424369686,1.1901290743728505,-0.00029626121983353975,-0.29261742236220245
2026-06-18,2026-06-22,2026-06-23,NE,1,41.91999816894531,42.119998931884766,0.004771010774700324,13,0.9723684210526315,0.03333333333333333,1.0,1.0,0.3827480245486968,0.6842287863655245,0.0001590336924900108,0.15707769377077874
2026-06-18,2026-06-22,2026-06-23,ZIM,1,24.34000015258789,25.0,0.027115852229850468,13,0.9664031620553359,0.03333333333333333,1.0,1.0,0.34774398425467146,0.9737844270092297,0.0009038617409950156,0.8927448991480582
2026-06-18,2026-06-22,2026-06-23,PSLV,1,21.21999931335449,19.600000381469727,-0.0763430247080753,13,0.9657894736842105,0.022743493876918913,1.0,0.6823048163075673,0.5657313643767291,1.6654996592290061,-0.0017363071149935798,-1.714951800657693
2026-06-18,2026-06-22,2026-06-23,WLK,1,79.29000091552734,77.37000274658203,-0.02421488392957405,13,0.9618421052631579,0.03333333333333333,1.0,1.0,0.38581407822104186,0.8373480376496885,-0.0008071627976524683,-0.7972352824593015
2026-06-22,2026-06-23,2026-06-24,LBRT,1,27.09000015258789,26.31999969482422,-0.028423789347602257,14,0.9973684210526317,0.02561566595967564,1.0,0.7684699787902692,0.506959201427342,1.1914857331604827,-0.0007280942932363663,-0.7178614708092244
2026-06-22,2026-06-23,2026-06-24,NE,1,42.119998931884766,41.0099983215332,-0.02635329151234367,14,0.9723684210526315,0.03333333333333333,1.0,1.0,0.3841834325683484,0.6605157637630591,-0.0008784430504114556,-0.866097188301671
2026-06-22,2026-06-23,2026-06-24,ZIM,1,25.0,25.43000030517578,0.017200012207031268,14,0.9723320158102767,0.03333333333333333,1.0,1.0,0.3490626583999305,0.9594558462763534,0.0005733337402343756,0.5652759619908057
2026-06-22,2026-06-23,2026-06-24,PSLV,1,19.600000381469727,18.420000076293945,-0.06020409603110921,14,0.9657894736842105,0.02315224617384044,1.0,0.6945673852152132,0.560900115757218,1.663110568005572,-0.0013938600519857707,-1.3742703882117864
2026-06-22,2026-06-23,2026-06-24,WLK,1,77.37000274658203,75.73999786376953,-0.02106765962192636,14,0.9618421052631579,0.033174267669096674,1.0,0.9952280300729003,0.3914509187807586,0.7869004707737197,-0.0006989041794592051,-0.689081602317165
2026-06-23,2026-06-24,2026-06-25,LBRT,1,26.31999969482422,26.38999938964844,0.0026595629040979674,15,0.9973684210526317,0.025384322488458406,1.0,0.7615296746537522,0.5095285793070959,1.1823369743411478,6.751120243596378e-05,0.06635431095410578
2026-06-23,2026-06-24,2026-06-25,NE,1,41.0099983215332,38.90999984741211,-0.051206987565723505,15,0.9723684210526315,0.03333333333333333,1.0,1.0,0.3836686628597801,0.655297207125032,-0.0017068995855241168,-1.6776496607764002
2026-06-23,2026-06-24,2026-06-25,ZIM,1,25.43000030517578,25.850000381469727,0.016515928873522823,15,0.9723320158102767,0.03333333333333333,1.0,1.0,0.35738575537191936,0.9499723352016,0.0005505309624507607,0.5410969047243782
2026-06-23,2026-06-24,2026-06-25,PSLV,1,18.420000076293945,18.51000022888184,0.004886001748920732,15,0.9657894736842105,0.023655168036402465,1.0,0.709655041092074,0.5467742928020399,1.6660627197420907,0.00011557919239687623,0.11359859394300033
2026-06-23,2026-06-24,2026-06-25,WLK,1,75.73999786376953,74.72564093541918,-0.013392618919462307,15,0.9618421052631579,0.03333333333333333,1.0,1.0,0.3856539260813969,0.7919992877932265,-0.00044642063064874357,-0.4387706376655333
2026-06-24,2026-06-25,2026-06-26,LBRT,1,26.38999938964844,27.059999465942383,0.025388408176953314,16,0.9973684210526317,0.02641514836847015,1.0,0.7924544510541045,0.4907796368053385,1.1940465446365587,0.0006706385688335025,0.6582105231744413
2026-06-24,2026-06-25,2026-06-26,NE,1,38.90999984741211,38.650001525878906,-0.0066820437561758705,16,0.9723684210526315,0.03333333333333333,1.0,1.0,0.38030046867541,0.6552671712871757,-0.00022273479187252901,-0.21860714653285196
2026-06-24,2026-06-25,2026-06-26,ZIM,1,25.850000381469727,25.420000076293945,-0.01663444096055111,16,0.9723320158102767,0.03333333333333333,1.0,1.0,0.3576051924940386,0.9173478282738149,-0.0005544813653517036,-0.5442059054453701
2026-06-24,2026-06-25,2026-06-26,PSLV,1,18.51000022888184,18.600000381469727,0.004862244812263938,16,0.9657894736842105,0.02327183066670735,1.0,0.6981549200012205,0.5570690638009503,1.6961896284239857,0.00011315333793108265,0.11105641879216593
2026-06-24,2026-06-25,2026-06-26,WLK,1,74.72564093541918,75.47041528619141,0.00996678437881715,16,0.9618421052631579,0.03333333333333333,1.0,1.0,0.38272631303907895,0.8022636483086475,0.0003322261459605717,0.32606944411994576
2026-06-25,2026-06-26,2026-06-29,LBRT,1,27.059999465942383,26.850000381469727,-0.0077604984707024816,17,0.9973684210526317,0.0264519970819181,1.0,0.793559912457543,0.4926002732310913,1.248722124793679,-0.00020528068290125192,-0.20154475178441486
2026-06-25,2026-06-26,2026-06-29,NE,1,38.650001525878906,38.59000015258789,-0.0015524287431357697,17,0.9723684210526315,0.033234760246988036,1.0,0.9970428074096411,0.39206724806272003,0.6798273458233192,-5.159459707865028e-05,-0.05065561997684708
2026-06-25,2026-06-26,2026-06-29,ZIM,1,25.420000076293945,25.36000061035156,-0.00236032516767537,17,0.9723320158102767,0.03333333333333333,1.0,1.0,0.3552992778413893,0.9276627022010974,-7.8677505589179e-05,-0.07724564294544876
2026-06-25,2026-06-26,2026-06-29,PSLV,1,18.600000381469727,18.56999969482422,-0.0016129401091515838,17,0.9657894736842105,0.022777693011088965,1.0,0.683330790332669,0.5720623674977666,1.706675838536253,-3.67390546515271e-05,-0.03607043559036662
2026-06-25,2026-06-26,2026-06-29,WLK,1,75.47041528619141,75.90734900433816,0.005789470171720268,17,0.9618421052631579,0.03333333333333333,1.0,1.0,0.36494344098985243,0.7951875524835487,0.00019298233905734225,0.18947022717572337
2026-06-26,2026-06-29,2026-06-30,LBRT,1,26.850000381469727,26.649999618530277,-0.0074488178807430305,18,0.9973684210526317,0.026369722843067024,1.0,0.7910916852920107,0.4958471769130711,1.2589247135956114,-0.00019642326302367558,-0.19281394972439203
2026-06-26,2026-06-29,2026-06-30,NE,1,38.59000015258789,38.369998931884766,-0.005700990407702111,18,0.9723684210526315,0.03333333333333333,1.0,1.0,0.3920280713037238,0.7071219090175264,-0.00019003301359007038,-0.18654112229015393
2026-06-26,2026-06-29,2026-06-30,ZIM,1,25.36000061035156,26.0,0.025236568385065494,18,0.9723320158102767,0.03333333333333333,1.0,1.0,0.35574225188964226,0.9677312334555643,0.0008412189461688498,0.8257613945363298
2026-06-26,2026-06-29,2026-06-30,PSLV,1,18.56999969482422,18.799999237060547,0.012385543673457011,18,0.9657894736842105,0.023054881270403074,1.0,0.6916464381120923,0.5671403150750777,1.7255808220850988,0.0002855472388609433,0.2803002562432568
2026-06-26,2026-06-29,2026-06-30,WLK,1,75.90734900433816,74.15961139205021,-0.023024616657183805,18,0.9618421052631579,0.03333333333333333,1.0,1.0,0.3649998453017945,0.7809756612005659,-0.0007674872219061268,-0.7533845041607135
2026-06-29,2026-06-30,2026-07-01,LBRT,1,26.649999618530277,25.88999938964844,-0.028517832636417495,19,0.9973684210526317,0.026754520312353702,1.0,0.8026356093706111,0.49077189804720883,1.2622851831107984,-0.0007629809325353352,-0.7489406639309734
2026-06-29,2026-06-30,2026-07-01,NE,1,38.369998931884766,36.81999969482422,-0.04039612406067927,19,0.9723684210526315,0.03333333333333333,1.0,1.0,0.39286255238822354,0.716292758087653,-0.001346537468689309,-1.3217586741742051
2026-06-29,2026-06-30,2026-07-01,ZIM,1,26.0,25.90999984741211,-0.0034615443303034343,19,0.9723320158102767,0.03333333333333333,1.0,1.0,0.35586022795253935,0.9691950850790217,-0.00011538481101011447,-0.11326151582623317
2026-06-29,2026-06-30,2026-07-01,PSLV,1,18.799999237060547,18.809999465942383,0.0005319270897694572,19,0.9657894736842105,0.023907811310441895,1.0,0.7172343393132569,0.549208229249394,1.7098617408178196,1.2717212493120671e-05,0.012483192124212053
2026-06-29,2026-06-30,2026-07-01,WLK,1,74.15961139205021,71.3592591341366,-0.03776115064990493,19,0.9618421052631579,0.03333333333333333,1.0,1.0,0.3652838810591124,0.7772465524019151,-0.0012587050216634975,-1.2355425075766908
2026-06-30,2026-07-01,2026-07-02,LBRT,1,25.88999938964844,24.3799991607666,-0.058323687310922856,20,0.9973684210526317,0.02677115213092169,1.0,0.8031345639276507,0.4896989392235757,1.2151610001566646,-0.0015613923058370228,-1.527340087525285
2026-06-30,2026-07-01,2026-07-02,NE,1,36.81999969482422,37.630001068115234,0.021998951113649134,20,0.9723684210526315,0.03333333333333333,1.0,1.0,0.392812396935937,0.7036001922225339,0.0007332983704549711,0.7173059538758538
2026-06-30,2026-07-01,2026-07-02,ZIM,1,25.90999984741211,25.6299991607666,-0.010806664928385668,20,0.9723320158102767,0.03333333333333333,1.0,1.0,0.3567875098305529,0.9594567453020665,-0.00036022216427952227,-0.35236612212220086
2026-06-30,2026-07-01,2026-07-02,PSLV,1,18.809999465942383,19.5,0.036682645063703445,20,0.9657894736842105,0.02428396142383786,1.0,0.7285188427151358,0.5398544566718158,1.6709785068241383,0.0008907999376513108,0.8713725882045465
2026-06-30,2026-07-01,2026-07-02,WLK,1,71.3592591341366,72.37214833437137,0.014194222481077379,20,0.9618421052631579,0.03333333333333333,1.0,1.0,0.36706982720594167,0.7353248836259197,0.00047314074936924595,0.46282207927623314
2026-07-01,2026-07-02,2026-07-06,LBRT,1,24.3799991607666,23.850000381469727,-0.02173908111325007,21,0.9973684210526317,0.01342069649847205,0.5,0.805241789908323,0.489606683266306,1.2099886393827897,-0.00029175360977659506,-0.2854409117865816
2026-07-01,2026-07-02,2026-07-06,NE,1,37.630001068115234,37.81999969482422,0.005049126264042858,21,0.9723684210526315,0.016666666666666666,0.5,1.0,0.3933164791835081,0.6937060668770536,8.41521044007143e-05,0.08233129806788925
2026-07-01,2026-07-02,2026-07-06,ZIM,1,25.6299991607666,23.950000762939453,-0.06554812535455812,21,0.9723320158102767,0.016666666666666666,0.5,1.0,0.3560230874943586,0.9441843751518874,-0.001092468755909302,-1.0688309153188738
2026-07-01,2026-07-02,2026-07-06,PSLV,1,19.5,19.75,0.012820512820512775,21,0.9657894736842105,0.0121351696659285,0.5,0.7281101799557099,0.5414726683376676,1.6819290991999665,0.00015557909828113405,0.15221281992811053
2026-07-01,2026-07-02,2026-07-06,WLK,1,72.37214833437137,73.4346950260316,0.014681707205250971,21,0.9618421052631579,0.016666666666666666,0.5,1.0,0.36328166580337423,0.7234629706842461,0.00024469512008751617,0.2394006306931077
2026-07-02,2026-07-06,2026-07-07,LBRT,1,23.850000381469727,23.38999938964844,-0.01928725301734935,22,0.9973684210526317,0.012769431676803032,0.5,0.7661659006081819,0.5096273242703263,1.2251810332396054,-0.0002462872596382556,-0.2407415076394926
2026-07-02,2026-07-06,2026-07-07,NE,1,37.81999969482422,37.880001068115234,0.0015864985133573484,22,0.9723684210526315,0.016557889359860432,0.5,0.9934733615916259,0.3930242047442168,0.6977970441582728,2.626906685375403e-05,0.025677555420219787
2026-07-02,2026-07-06,2026-07-07,ZIM,1,23.950000762939453,24.170000076293945,0.009185774795252621,22,0.9723320158102767,0.016666666666666666,0.5,1.0,0.35910034304773486,0.9566230743083984,0.00015309624658754368,0.1496489151390431
2026-07-02,2026-07-06,2026-07-07,PSLV,1,19.75,19.61000061035156,-0.007088576691060333,22,0.9657894736842105,0.01255651207359672,0.5,0.7533907244158031,0.5182690272393301,1.6821266638730266,-8.900779880591536e-05,-0.08700357341943611
2026-07-02,2026-07-06,2026-07-07,WLK,1,73.4346950260316,74.51710062674904,0.01473970308358652,22,0.9618421052631579,0.016666666666666666,0.5,1.0,0.36226149677786895,0.7251231732116308,0.0002456617180597753,0.24013005163922804
2026-07-06,2026-07-07,2026-07-08,LBRT,1,23.38999938964844,24.290000915527344,0.03847804828405477,23,0.9973684210526317,0.012923022500009667,0.5,0.77538135000058,0.5078797033281206,1.2309293562652204,0.0004972526837312981,0.48609945432108254
2026-07-06,2026-07-07,2026-07-08,NE,1,37.880001068115234,38.56999969482422,0.018215380339304588,23,0.9723684210526315,0.01653812948620103,0.5,0.9922877691720617,0.3968611346817554,0.6968724271508171,0.00030124831869181973,0.294491408738917
2026-07-06,2026-07-07,2026-07-08,ZIM,1,24.170000076293945,23.959999084472656,-0.008688497772379344,23,0.9887566137566137,0.016666666666666666,0.5,1.0,0.3588929298501629,0.955243422330076,-0.0001448082962063224,-0.1415602893057416
2026-07-06,2026-07-07,2026-07-08,PSLV,1,19.61000061035156,18.600000381469727,-0.05150434459184472,23,0.9657894736842105,0.012560506005595155,0.5,0.7536303603357093,0.5225379320294784,1.677829330284302,-0.000646920629560108,-0.6324103927574768
2026-07-06,2026-07-07,2026-07-08,WLK,1,74.51710062674904,77.17843165054093,0.035714366251611285,23,0.9618421052631579,0.016666666666666666,0.5,1.0,0.3685020091227415,0.7257145825805092,0.0005952394375268547,0.581888394449665
2026-07-07,2026-07-08,2026-07-09,LBRT,1,24.290000915527344,24.459999084472656,0.006998689276979109,24,0.9973684210526317,0.025729484906410947,1.0,0.7718845471923284,0.5089850008071755,1.2093166838083553,0.00018007267011669413,0.17613966813607085
2026-07-07,2026-07-08,2026-07-09,NE,1,38.56999969482422,39.18999862670898,0.01607464186648566,24,0.9723684210526315,0.03333333333333333,1.0,1.0,0.3922694418686514,0.6794537481805714,0.0005358213955495221,0.5241184169209999
2026-07-07,2026-07-08,2026-07-09,ZIM,1,23.959999084472656,24.600000381469727,0.026711240461266383,24,0.9807692307692308,0.03333333333333333,1.0,1.0,0.3861372589199718,0.9159897975411002,0.0008903746820422127,0.8709278365786589
2026-07-07,2026-07-08,2026-07-09,PSLV,1,18.600000381469727,19.15999984741211,0.0301074975514668,24,0.9657894736842105,0.025160613905505023,1.0,0.7548184171651507,0.5204929396811123,1.6788690523907257,0.000757523121553394,0.7409779126912902
2026-07-07,2026-07-08,2026-07-09,WLK,1,77.17843165054093,74.69584751923927,-0.032166812387982247,24,0.9618421052631579,0.03333333333333333,1.0,1.0,0.3633894667515064,0.7196160040569904,-0.0010722270795994083,-1.0488083607843346
2026-07-08,2026-07-09,2026-07-10,LBRT,1,24.459999084472656,24.290000915527344,-0.006950048050215485,25,0.9973684210526317,0.025950872127303418,1.0,0.7785261638191026,0.5096105923398646,1.2141464633584123,-0.0001803598082297565,-0.17664839336106083
2026-07-08,2026-07-09,2026-07-10,NE,1,39.18999862670898,39.2400016784668,0.001275913587905686,25,0.9723684210526315,0.03333333333333333,1.0,1.0,0.39667757389037683,0.6705598612513233,4.253045293018953e-05,0.04165526817075362
2026-07-08,2026-07-09,2026-07-10,ZIM,1,24.600000381469727,24.18000030517578,-0.017073173568335265,25,0.9794429708222812,0.03333333333333333,1.0,1.0,0.38666945539199965,0.9263734250892203,-0.0005691057856111755,-0.5573948190975753
2026-07-08,2026-07-09,2026-07-10,PSLV,1,19.15999984741211,19.040000915527344,-0.006262992319437499,25,0.9657894736842105,0.025273269314948364,1.0,0.7581980794484509,0.523273785901102,1.6893184016372897,-0.00015828629160659702,-0.15502910198133937
2026-07-08,2026-07-09,2026-07-10,WLK,1,74.69584751923927,74.77529548472899,0.0010636195736215548,25,0.9618421052631579,0.03333333333333333,1.0,1.0,0.3669982441238836,0.7177426241920289,3.545398578738516e-05,0.03472441942059127
2026-07-08,2026-07-09,2026-07-10,UTHR,1,552.1799926757812,550.5900268554688,-0.0028794339552358217,0,0.9708222811671088,0.03333333333333333,1.0,1.0,0.22664042499455256,0.06886340411293013,-9.598113184119405e-05,-0.09400604768399724
2026-07-09,2026-07-10,2026-07-13,LBRT,1,24.290000915527344,24.81999969482422,0.021819627802404762,26,0.9973684210526317,0.0259838721730673,1.0,0.779516165192019,0.5109340316066696,1.1999233060254784,0.0005669584196815907,0.5547590711466417
2026-07-09,2026-07-10,2026-07-13,NE,1,39.2400016784668,40.18000030517578,0.02395511178647114,26,0.9723684210526315,0.03333333333333333,1.0,1.0,0.39813503762251556,0.6676257332313709,0.0007985037262157046,0.7813221747572544
2026-07-09,2026-07-10,2026-07-13,ZIM,1,24.18000030517578,23.989999771118164,-0.00785775565176261,26,0.9754641909814323,0.03333333333333333,1.0,1.0,0.3911858019644865,0.9258091206981334,-0.000261925188392087,-0.2562892959661984
2026-07-09,2026-07-10,2026-07-13,PSLV,1,19.040000915527344,18.81999969482422,-0.011554685405698262,26,0.9657894736842105,0.025217571440820433,1.0,0.756527143224613,0.5264600755585569,1.7022036046799103,-0.00029138110469440116,-0.28511140390283024
2026-07-09,2026-07-10,2026-07-13,WLK,1,74.77529548472899,76.1754643329775,0.018725019261668585,26,0.9618421052631579,0.03333333333333333,1.0,1.0,0.3582397043786055,0.7060983119304077,0.0006241673087222861,0.6107369860056738
2026-07-09,2026-07-10,2026-07-13,UTHR,1,550.5900268554688,541.469970703125,-0.0165641506520382,1,0.9675066312997347,0.03333333333333333,1.0,1.0,0.22805900414397232,0.0650515592852074,-0.00055213835506794,-0.5402578925875167
2026-07-09,2026-07-10,2026-07-13,PEN,1,318.239990234375,317.6300048828125,-0.00191674638725714,0,0.9622015915119364,0.03333333333333333,1.0,1.0,0.08552444348407384,0.1389412468337066,-6.389154624190467e-05,-0.06251678009683262
2026-07-10,2026-07-13,2026-07-14,LBRT,1,24.81999969482422,26.18000030517578,0.054794545812793416,27,0.9973684210526317,0.02565197128399541,1.0,0.7695591385198622,0.510932429993578,1.194897871826007,0.0014055881157093476,1.3764261583178627
2026-07-10,2026-07-13,2026-07-14,NE,1,40.18000030517578,42.209999084472656,0.050522617319029184,27,0.9723684210526315,0.032876004509142936,1.0,0.986280135274288,0.39866231368268346,0.6620573385387821,0.0016609817947941066,1.6265211446317558
2026-07-10,2026-07-13,2026-07-14,ZIM,1,23.989999771118164,24.190000534057617,0.008336838884852149,27,0.9755291005291005,0.03333333333333333,1.0,1.0,0.39258844292060074,0.915520791758672,0.0002778946294950716,0.27212910597215256
2026-07-10,2026-07-13,2026-07-14,PSLV,1,18.81999969482422,19.01000022888184,0.010095671473888235,27,0.9657894736842105,0.02485309098335392,1.0,0.7455927295006176,0.5273558943246,1.7082751848037816,0.00025090864167859507,0.245703000683193
2026-07-10,2026-07-13,2026-07-14,WLK,1,76.1754643329775,76.56274567876771,0.005084069380888012,27,0.9618421052631579,0.03333333333333333,1.0,1.0,0.3577782267250532,0.6997860166781881,0.00016946897936293373,0.16595297983211368
2026-07-10,2026-07-13,2026-07-14,UTHR,1,541.469970703125,535.5700073242188,-0.010896196831090887,2,0.9947089947089947,0.03333333333333333,1.0,1.0,0.22065390424419545,0.06270697250588475,-0.0003632065610363629,-0.3556710574710778
2026-07-10,2026-07-13,2026-07-14,PEN,1,317.6300048828125,317.32000732421875,-0.0009759706382529432,1,0.9993386243386244,0.03333333333333333,1.0,1.0,0.08531873527251399,0.13858590007153024,-3.253235460843144e-05,-0.031857400737996235
2026-07-10,2026-07-13,2026-07-14,PEP,1,138.02000427246094,138.25,0.0016663941488150869,0,0.9973544973544974,0.03333333333333333,1.0,1.0,0.2336021386428811,-0.1837765688063813,5.554647162716956e-05,0.05439404025646082
2026-07-10,2026-07-13,2026-07-14,ENB,1,54.40162052795367,54.50026188931058,0.0018132063052465064,0,0.9867724867724867,0.03333333333333333,1.0,1.0,0.20773431239195878,-0.12862020199910357,6.0440210174883544e-05,0.0591862476419385
2026-07-10,2026-07-13,2026-07-14,XEL,1,80.0999984741211,80.48999786376953,0.004868906330559364,0,0.9794973544973544,0.03333333333333333,1.0,1.0,0.24317908185535675,-0.012219074641501492,0.00016229687768531213,0.15892967887441325
2026-07-10,2026-07-13,2026-07-14,TRP,1,67.81999969482422,68.5,0.010026545388316821,0,0.9794973544973544,0.03333333333333333,1.0,1.0,0.21440639936137645,-0.01140661400439955,0.0003342181796105607,0.3272841025474915
2026-07-10,2026-07-13,2026-07-14,NI,1,46.657354311073114,47.154025333706066,0.010645074714728864,0,0.9695767195767195,0.03333333333333333,1.0,1.0,0.19516200505511322,0.13731610829756205,0.00035483582382429547,0.3474739892586166
2026-07-10,2026-07-13,2026-07-14,QSR,1,75.62999725341797,75.41000366210938,-0.0029088139534296786,0,0.9682539682539683,0.03333333333333333,1.0,1.0,0.25598118784251345,0.13404223973464263,-9.696046511432262e-05,-0.09494881111645465
2026-07-10,2026-07-13,2026-07-14,ET,1,19.46447629642703,19.897236173141227,0.02223331725568367,0,0.966931216931217,0.03333333333333333,1.0,1.0,0.18596503224972627,-0.02673718535725279,0.0007411105751894556,0.7257346376907619
2026-07-13,2026-07-14,2026-07-15,LBRT,1,26.18000030517578,25.649999618530277,-0.020244487412810375,28,0.9973684210526317,0.025814416827795113,1.0,0.7744325048338534,0.5074283014048773,1.206798447559389,-0.0005225996365393385,-0.5141866229566173
2026-07-13,2026-07-14,2026-07-15,NE,1,42.209999084472656,42.130001068115234,-0.0018952385238703018,28,0.9723684210526315,0.032506747424733265,1.0,0.975202422741998,0.4029614378680963,0.6638105553841759,-6.160804000507621e-05,-0.0606162496532884
2026-07-13,2026-07-14,2026-07-15,ZIM,1,24.190000534057617,24.559999465942383,0.015295532191652361,28,0.9927055702917772,0.03333333333333333,1.0,1.0,0.3927631290866783,0.9280002598914349,0.0005098510730550787,0.5016432908392668
2026-07-13,2026-07-14,2026-07-15,PSLV,1,19.01000022888184,18.739999771118164,-0.014203074934921123,28,0.9657894736842105,0.024898793924149096,1.0,0.7469638177244728,0.5260883608495187,1.7119600066513623,-0.00035363943589384835,-0.34794640978066077
2026-07-13,2026-07-14,2026-07-15,UTHR,1,535.5700073242188,524.8099975585938,-0.02009076239982799,3,0.9960212201591512,0.03333333333333333,1.0,1.0,0.2202636278523573,0.05403791145984301,-0.0006696920799942663,-0.6589111146599966
2026-07-13,2026-07-14,2026-07-15,PEN,1,317.32000732421875,316.0,-0.004159861634157935,2,0.996684350132626,0.03333333333333333,1.0,1.0,0.08493924519568588,0.1434774804801516,-0.00013866205447193118,-0.1364298184233082
2026-07-13,2026-07-14,2026-07-15,PEP,1,138.25,135.08999633789062,-0.022857169346179873,1,0.9973544973544974,0.03333333333333333,1.0,1.0,0.2303698130136335,-0.18332242989120293,-0.0007619056448726624,-0.7496401894630257
2026-07-13,2026-07-14,2026-07-15,ENB,1,54.50026188931058,55.16117165034833,0.01212672633353673,1,0.9794429708222812,0.03333333333333333,1.0,1.0,0.20775075573385376,-0.12530015100422348,0.00040422421111789103,0.3977168514857273
2026-07-13,2026-07-14,2026-07-15,XEL,1,80.48999786376953,80.19000244140625,-0.0037271143039540044,1,0.9794973544973544,0.03333333333333333,1.0,1.0,0.2424452427480985,-0.010592176571966785,-0.0001242371434651335,-0.122237125282243
2026-07-13,2026-07-14,2026-07-15,TRP,1,68.5,68.69000244140625,0.002773758268704407,1,0.9708222811671088,0.03333333333333333,1.0,1.0,0.21528537862857516,-0.008913312288401613,9.245860895681357e-05,0.09097017406592052
2026-07-13,2026-07-14,2026-07-15,NI,1,47.154025333706066,46.27988233242075,-0.018538035620481286,1,0.9695767195767195,0.03333333333333333,1.0,1.0,0.1947926243453511,0.13580367321545583,-0.0006179345206827095,-0.6079867688048826
2026-07-13,2026-07-14,2026-07-15,QSR,1,75.41000366210938,74.47000122070312,-0.012465222062819858,1,0.9682539682539683,0.03333333333333333,1.0,1.0,0.25556258281185534,0.13976211646439335,-0.00041550740209399527,-0.4088184012353527
2026-07-13,2026-07-14,2026-07-15,ET,1,19.897236173141227,19.690691669168615,-0.01038056251508046,1,0.966931216931217,0.03333333333333333,1.0,1.0,0.1864837220193657,-0.02519142435932152,-0.000346018750502682,-0.340448405166944
2026-07-14,2026-07-15,2026-07-16,LBRT,1,25.649999618530277,24.799999237060547,-0.03313841692440678,29,0.9973684210526317,0.025682436244556406,1.0,0.7704730873366922,0.5101972543065666,1.1863963179686223,-0.000851075279906606,-0.8348298876623215
2026-07-14,2026-07-15,2026-07-16,NE,1,42.130001068115234,40.16999816894531,-0.046522735567962936,29,0.9723684210526315,0.03165946773014415,1.0,0.9497840319043246,0.41387646082881463,0.6370595037822958,-0.001472885045431952,-1.4447704992117767
2026-07-14,2026-07-15,2026-07-16,ZIM,1,24.559999465942383,24.90999984741211,0.014250830174287188,29,0.9860742705570291,0.03333333333333333,1.0,1.0,0.3929333601094133,0.9278765128304178,0.0004750276724762396,0.46596030669972116
2026-07-14,2026-07-15,2026-07-16,PSLV,1,18.739999771118164,18.100000381469727,-0.034151515339653105,29,0.9657894736842105,0.024811610478555398,1.0,0.7443483143566619,0.528103907934598,1.7206794913992431,-0.0008473540958598823,-0.8311797338709459
2026-07-14,2026-07-15,2026-07-16,UTHR,1,524.8099975585938,533.6099853515625,0.01676794998934117,4,0.993368700265252,0.03333333333333333,1.0,1.0,0.22381105800108717,0.06707960106970881,0.0005589316663113723,0.5482627344655593
2026-07-14,2026-07-15,2026-07-16,PEN,1,316.0,318.5199890136719,0.007974648777442583,3,0.9993368700265253,0.03333333333333333,1.0,1.0,0.08513986286314136,0.142555579875167,0.00026582162591475277,0.2607476016986194
2026-07-14,2026-07-15,2026-07-16,PEP,1,135.08999633789062,137.0399932861328,0.014434799031046053,2,0.9973544973544974,0.03333333333333333,1.0,1.0,0.231255228783268,-0.18820056355454662,0.0004811599677015351,0.47197554818882587
2026-07-14,2026-07-15,2026-07-16,ENB,1,55.16117165034833,55.407778202778594,0.004470654720560185,2,0.98342175066313,0.03333333333333333,1.0,1.0,0.20819408913293305,-0.13018284439313146,0.00014902182401867284,0.14617728365743976
2026-07-14,2026-07-15,2026-07-16,XEL,1,80.19000244140625,79.55000305175781,-0.007981037163779514,2,0.9708222811671088,0.03333333333333333,1.0,1.0,0.24254573591758286,-0.013969019408952534,-0.0002660345721259838,-0.26095648317573106
2026-07-14,2026-07-15,2026-07-16,TRP,1,68.69000244140625,69.12000274658203,0.006260012955197958,2,0.9708222811671088,0.03333333333333333,1.0,1.0,0.21551466239459696,-0.014569110982671012,0.00020866709850659858,0.2046840444293042
2026-07-14,2026-07-15,2026-07-16,NI,1,46.27988233242075,45.425606739635775,-0.018458897251485085,2,0.9695767195767195,0.03333333333333333,1.0,1.0,0.19426277411921242,0.13297037381147794,-0.0006152965750495028,-0.6035517453684658
2026-07-14,2026-07-15,2026-07-16,QSR,1,74.47000122070312,74.69000244140625,0.002954226092344525,2,0.9682539682539683,0.03333333333333333,1.0,1.0,0.25540809593016905,0.13644030364082893,9.847420307815083e-05,0.09659451970264092
2026-07-14,2026-07-15,2026-07-16,ET,1,19.690691669168615,19.602171872202074,-0.004495514858177563,2,0.966931216931217,0.03333333333333333,1.0,1.0,0.19347419988988912,-0.03736581426281618,-0.00014985049527258543,-0.14699013716892792
2026-07-15,2026-07-16,2026-07-17,LBRT,1,24.799999237060547,23.51000022888184,-0.05201609063967072,30,0.9973684210526317,0.025647645814257665,1.0,0.76942937442773,0.5098221072420704,1.184591460132303,-0.001334090269368598,-1.3060530876002394
2026-07-15,2026-07-16,2026-07-17,NE,1,40.16999816894531,40.43999862670898,0.00672144560794119,30,0.9723684210526315,0.03166625789993738,1.0,0.9499877369981213,0.41292333549929716,0.6304706188880185,0.0002128430300814671,0.20836993042731355
2026-07-15,2026-07-16,2026-07-17,ZIM,1,24.90999984741211,24.5,-0.016459247287177514,30,0.9860742705570291,0.032994260628174135,1.0,0.9898278188452241,0.3963033747650525,0.9301969545362802,-0.000543060694736703,-0.5316477553283449
2026-07-15,2026-07-16,2026-07-17,PSLV,1,18.100000381469727,17.68000030517578,-0.023204423615588943,30,0.9657894736842105,0.024700303019374665,1.0,0.74100909058124,0.5293755637154183,1.7313999519555303,-0.0005731562946949803,-0.561110867496379
2026-07-15,2026-07-16,2026-07-17,UTHR,1,533.6099853515625,529.2899780273438,-0.00809581425162531,5,0.996684350132626,0.03333333333333333,1.0,1.0,0.22479090198574558,0.05877499424770114,-0.000269860475054177,-0.2641890993122863
2026-07-15,2026-07-16,2026-07-17,PEN,1,318.5199890136719,318.82000732421875,0.0009419136032118303,4,0.996684350132626,0.03333333333333333,1.0,1.0,0.0857765237347874,0.1339374438737788,3.1397120107061007e-05,0.030737279627255035
2026-07-15,2026-07-16,2026-07-17,PEP,1,137.0399932861328,140.88999938964844,0.02809403307162306,3,0.9973544973544974,0.03333333333333333,1.0,1.0,0.23446255986221004,-0.19392663510045427,0.0009364677690541019,0.9167870040683821
2026-07-15,2026-07-16,2026-07-17,ENB,1,55.407778202778594,56.12787288388424,0.01299627424998473,3,0.98342175066313,0.03333333333333333,1.0,1.0,0.2077725202168886,-0.12774897911629832,0.00043320914166615764,0.42410483761156237
2026-07-15,2026-07-16,2026-07-17,XEL,1,79.55000305175781,81.0199966430664,0.018478862789636397,3,0.9880636604774535,0.03333333333333333,1.0,1.0,0.23806268442439651,-0.014326851858635128,0.0006159620929878798,0.6030170610361115
2026-07-15,2026-07-16,2026-07-17,TRP,1,69.12000274658203,70.73999786376953,0.023437428426138274,3,0.9708222811671088,0.03333333333333333,1.0,1.0,0.21122336101036893,-0.013590753268155656,0.0007812476142046092,0.7648289490899031
2026-07-15,2026-07-16,2026-07-17,NI,1,45.425606739635775,46.190481741181166,0.016837969956667642,3,0.9695767195767195,0.03333333333333333,1.0,1.0,0.19190456388657715,0.13083541586073452,0.0005612656652222547,0.549470130963825
2026-07-15,2026-07-16,2026-07-17,QSR,1,74.69000244140625,77.91999816894531,0.04324535576328259,3,0.9682539682539683,0.03333333333333333,1.0,1.0,0.25486766408110406,0.13237427237100227,0.0014415118587760862,1.4112171096622368
2026-07-15,2026-07-16,2026-07-17,ET,1,19.602171872202074,20.015263125614233,0.021073749179700174,3,0.966931216931217,0.03333333333333333,1.0,1.0,0.19028076629839505,-0.038379099498949264,0.0007024583059900058,0.6876954734726408
2026-07-15,2026-07-16,2026-07-17,YUM,1,151.27000427246094,151.0,-0.001784916142228865,0,0.9854111405835544,0.03333333333333333,1.0,1.0,0.23176588103524606,0.08452853101348934,-5.949720474096217e-05,-0.05824681413222091
2026-07-15,2026-07-16,2026-07-17,WMB,1,74.4800033569336,75.66999816894531,0.015977373232770375,0,0.9748010610079576,0.03333333333333333,1.0,1.0,0.25334124007203546,-0.014194562505686127,0.0005325791077590125,0.5213864489164165
2026-07-15,2026-07-16,2026-07-17,AEP,1,131.1018682874894,134.3669989394065,0.02490529459700075,0,0.9741379310344828,0.03333333333333333,1.0,1.0,0.21661765748373638,-0.04769515718690684,0.0008301764865666916,0.8127295344465
2026-07-15,2026-07-16,2026-07-17,SHEL,1,84.43998054572893,86.29373512637687,0.02195351738201823,0,0.9734748010610079,0.03333333333333333,1.0,1.0,0.2629464971058808,0.05757758568052775,0.0007317839127339409,0.7164047745694804
2026-07-15,2026-07-16,2026-07-17,SO,1,94.00378214625464,96.50314419969973,0.026587888235778623,0,0.9714854111405835,0.03333333333333333,1.0,1.0,0.20159752552408403,-0.23281249513792193,0.0008862629411926208,0.8676372786364147
2026-07-16,2026-07-17,2026-07-20,LBRT,1,23.51000022888184,23.850000381469727,0.014461937442697304,31,0.9973684210526317,0.025672949633543628,1.0,0.7701884890063089,0.507967154097443,1.1835236619429923,0.0003712805915698266,0.36556807531436464
2026-07-16,2026-07-17,2026-07-20,NE,1,40.43999862670898,41.130001068115234,0.017062375490550563,31,0.9723684210526315,0.03181871529756906,1.0,0.9545614589270718,0.40985360473163035,0.6279365758545684,0.0005429028680340486,0.5345497746346104
2026-07-16,2026-07-17,2026-07-20,ZIM,1,24.5,24.40999984741211,-0.003673475615832311,31,0.9860742705570291,0.032789019554635826,1.0,0.9836705866390747,0.39772507198356793,0.9334621115029764,-0.00012044966380100353,-0.11859642752081205
2026-07-16,2026-07-17,2026-07-20,PSLV,1,17.68000030517578,18.21999931335449,0.030542929799646235,31,0.9657894736842105,0.02524810016122109,1.0,0.7574430048366327,0.5165147111808447,1.7274590252666362,0.0007711509507986125,0.7592860366558448
2026-07-16,2026-07-17,2026-07-20,UTHR,1,529.2899780273438,535.5499877929688,0.011827183633735139,6,0.9980106100795756,0.03333333333333333,1.0,1.0,0.22581608034617795,0.05982811231997185,0.00039423945445783796,0.3881736935662905
2026-07-16,2026-07-17,2026-07-20,PEN,1,318.82000732421875,318.44000244140625,-0.0011919104011125503,5,1.0,0.03333333333333333,1.0,1.0,0.08570539165394735,0.13358657046119482,-3.9730346703751673e-05,-0.039119056330557914
2026-07-16,2026-07-17,2026-07-20,PEP,1,140.88999938964844,137.57000732421875,-0.023564426714545172,4,0.9973544973544974,0.03333333333333333,1.0,1.0,0.2344787036561136,-0.1940791828641653,-0.000785480890484839,-0.7733954961573914
2026-07-16,2026-07-17,2026-07-20,ENB,1,56.12787288388424,55.920723096267174,-0.003690675897260687,4,0.9734748010610079,0.03333333333333333,1.0,1.0,0.20303771437508575,-0.12790183080475756,-0.00012302252990868955,-0.12112970755856335
2026-07-16,2026-07-17,2026-07-20,XEL,1,81.0199966430664,79.25,-0.02184641713655122,4,0.9907161803713528,0.03333333333333333,1.0,1.0,0.2372248443492482,-0.017256934285972306,-0.0007282139045517074,-0.7170096190014817
2026-07-16,2026-07-17,2026-07-20,TRP,1,70.73999786376953,69.79000091552734,-0.013429417259407939,4,0.9708222811671088,0.03333333333333333,1.0,1.0,0.20488570115211543,-0.01386152188035652,-0.0004476472419802646,-0.440759749866247
2026-07-16,2026-07-17,2026-07-20,NI,1,46.190481741181166,45.892481734612,-0.006451545758690114,4,0.9946949602122015,0.03333333333333333,1.0,1.0,0.19547520449090963,0.1261160475346477,-0.00021505152528967044,-0.21174274653346098
2026-07-16,2026-07-17,2026-07-20,QSR,1,77.91999816894531,75.4000015258789,-0.03234082010118344,4,0.9682539682539683,0.03333333333333333,1.0,1.0,0.2548790853875841,0.13111267334817064,-0.0010780273367061147,-1.0614408282147116
2026-07-16,2026-07-17,2026-07-20,ET,1,20.015263125614233,19.995591747100573,-0.0009828188812809335,4,0.966931216931217,0.03333333333333333,1.0,1.0,0.1848186115706734,-0.040163679564166964,-3.2760629376031114e-05,-0.03225657494361798
2026-07-16,2026-07-17,2026-07-20,YUM,1,151.0,148.97999572753906,-0.013377511738151937,1,0.9801061007957559,0.03333333333333333,1.0,1.0,0.2421633415855272,0.07857284312508503,-0.0004459170579383979,-0.439056186403771
2026-07-16,2026-07-17,2026-07-20,WMB,1,75.66999816894531,73.33000183105469,-0.03092370020501667,1,0.9827586206896552,0.03333333333333333,1.0,1.0,0.2564642936910363,-0.019511192849740705,-0.0010307900068338889,-1.0149302910186633
2026-07-16,2026-07-17,2026-07-20,AEP,1,134.3669989394065,131.64770062991033,-0.020237843599695604,1,0.9887267904509284,0.03333333333333333,1.0,1.0,0.21962393706443384,-0.05120664022727867,-0.0006745947866565201,-0.6642154838539375
2026-07-16,2026-07-17,2026-07-20,SHEL,1,86.29373512637687,85.37181160974387,-0.010683550958628052,1,0.9887267904509284,0.03333333333333333,1.0,1.0,0.25964638488834335,0.05912595126060901,-0.0003561183652876017,-0.3506391347628589
2026-07-16,2026-07-17,2026-07-20,SO,1,96.50314419969973,94.98567045732052,-0.015724604156306166,1,0.9860742705570291,0.03333333333333333,1.0,1.0,0.20297610240070066,-0.23555451925543086,-0.0005241534718768722,-0.5160888563369287
2026-07-16,2026-07-17,2026-07-20,COST,1,959.9937095573547,937.2598435659402,-0.023681265580268174,0,0.9761273209549072,0.03333333333333333,1.0,1.0,0.2222569396044779,-0.1106753230205316,-0.0007893755193422725,-0.7772302023278808
2026-07-16,2026-07-17,2026-07-20,EQIX,1,1000.8777012205956,1021.5489767520685,0.020653148238055197,0,0.9708222811671088,0.03333333333333333,1.0,1.0,0.21427469280183803,0.41754260085955447,0.0006884382746018398,0.6778459761519879
2026-07-16,2026-07-17,2026-07-20,ETR,1,115.36133846203312,113.21415674027274,-0.018612663049736078,0,0.970159151193634,0.03333333333333333,1.0,1.0,0.21939794547900662,0.18113188122860674,-0.0006204221016578692,-0.6108762987760563
2026-07-17,2026-07-20,2026-07-21,LBRT,1,23.850000381469727,24.489999771118164,0.02683435553089919,32,0.9973684210526317,0.02505059875017016,1.0,0.7515179625051047,0.5228384844996301,1.1817042878922797,0.000672216673123965,0.6583370754334176
2026-07-17,2026-07-20,2026-07-21,NE,1,41.130001068115234,40.9900016784668,-0.003403826550273714,32,0.9723684210526315,0.03195872459024885,1.0,0.9587617377074654,0.4098228966979345,0.6145995629884565,-0.00010878195527317446,-0.10653587921533715
2026-07-17,2026-07-20,2026-07-21,ZIM,1,24.40999984741211,24.530000686645508,0.004916052436850782,32,0.9801587301587302,0.032948512749634735,1.0,0.988455382489042,0.3975116323419633,0.9338062792231214,0.00016197661639345088,0.15863220325896346
2026-07-17,2026-07-20,2026-07-21,UTHR,1,535.5499877929688,526.3699951171875,-0.017141243366678993,7,0.9781746031746031,0.03333333333333333,1.0,1.0,0.22595066878841025,0.057196440087848195,-0.0005713747788892998,-0.5595773147998505
2026-07-17,2026-07-20,2026-07-21,PEN,1,318.44000244140625,317.25,-0.003736975355742911,6,1.0,0.03333333333333333,1.0,1.0,0.08787731978632551,0.12606071686901757,-0.00012456584519143036,-0.12199387117417591
2026-07-17,2026-07-20,2026-07-21,PEP,1,137.57000732421875,134.89999389648438,-0.019408397801722987,5,0.9973544973544974,0.03333333333333333,1.0,1.0,0.24285717892622616,-0.20987138783065143,-0.0006469465933907662,-0.6335887598193307
2026-07-17,2026-07-20,2026-07-21,ENB,1,55.920723096267174,55.07239456788463,-0.015170199550570085,5,0.9734748010610079,0.03333333333333333,1.0,1.0,0.2025518701840117,-0.1294814122669433,-0.0005056733183523361,-0.49523242555365327
2026-07-17,2026-07-20,2026-07-21,XEL,1,79.25,78.4000015258789,-0.010725532796480697,5,0.9907161803713528,0.03333333333333333,1.0,1.0,0.2359518517308766,-0.024757554504837034,-0.0003575177598826899,-0.3501359098441646
2026-07-17,2026-07-20,2026-07-21,TRP,1,69.79000091552734,68.7699966430664,-0.014615335421696463,5,0.9708222811671088,0.03333333333333333,1.0,1.0,0.204257006899774,-0.017369272595392008,-0.0004871778473898821,-0.4771188399360882
2026-07-17,2026-07-20,2026-07-21,NI,1,45.892481734612,45.51501005085392,-0.008225131208657088,5,0.9946949602122015,0.03333333333333333,1.0,1.0,0.19699576145076828,0.12056654504202476,-0.0002741710402885696,-0.26851009213041155
2026-07-17,2026-07-20,2026-07-21,QSR,1,75.4000015258789,73.62999725341797,-0.02347485724988263,5,0.9682539682539683,0.03333333333333333,1.0,1.0,0.26752355747500917,0.11377060814279105,-0.0007824952416627543,-0.766338666583213
2026-07-17,2026-07-20,2026-07-21,ET,1,19.995591747100573,19.97592080041068,-0.0009837641685570553,5,0.966931216931217,0.03333333333333333,1.0,1.0,0.18672709083304603,-0.04399298328509256,-3.2792138951901845e-05,-0.032115063071070496
2026-07-17,2026-07-20,2026-07-21,YUM,1,148.97999572753906,145.75,-0.02168073446213692,2,0.9801061007957559,0.03333333333333333,1.0,1.0,0.24213048626550882,0.07498638022200173,-0.0007226911487378973,-0.7077693790168541
2026-07-17,2026-07-20,2026-07-21,WMB,1,73.33000183105469,74.5999984741211,0.017318922833144734,2,0.9827586206896552,0.03333333333333333,1.0,1.0,0.25569560009780123,-0.024940984315840683,0.0005772974277714911,0.5653776757546015
2026-07-17,2026-07-20,2026-07-21,AEP,1,131.64770062991033,129.51394796972613,-0.016208051108941413,2,0.9887267904509284,0.03333333333333333,1.0,1.0,0.2192933245447748,-0.054875287727174434,-0.0005402683702980471,-0.5291131759619468
2026-07-17,2026-07-20,2026-07-21,SHEL,1,85.37181160974387,86.23425391571864,0.010102190520651089,2,0.9887267904509284,0.03333333333333333,1.0,1.0,0.2579944650631656,0.05390379494386895,0.00033673968402170296,0.3297868494260615
2026-07-17,2026-07-20,2026-07-21,SO,1,94.98567045732052,93.24009129526242,-0.01837728947591566,2,0.9860742705570291,0.03333333333333333,1.0,1.0,0.20344782437446915,-0.24222500521243992,-0.0006125763158638553,-0.5999281427987102
2026-07-17,2026-07-20,2026-07-21,COST,1,937.2598435659402,928.7733283183376,-0.009054602419873659,1,0.9761273209549072,0.03333333333333333,1.0,1.0,0.2306004401599085,-0.12748325956326972,-0.0003018200806624553,-0.29558824878144074
2026-07-17,2026-07-20,2026-07-21,EQIX,1,1021.5489767520685,1013.9950757521954,-0.007394555886972909,1,0.9708222811671088,0.03333333333333333,1.0,1.0,0.21566277718272062,0.4224004243573922,-0.00024648519623243027,-0.24139589170137338
2026-07-17,2026-07-20,2026-07-21,ETR,1,113.21415674027274,111.19620521074488,-0.0178241978532534,1,0.970159151193634,0.03333333333333333,1.0,1.0,0.21941526989740115,0.17921587685539583,-0.00059413992844178,-0.5818724207937782
2026-07-20,2026-07-21,2026-07-22,LBRT,1,24.489999771118164,24.90999984741211,0.0171498603601159,33,0.9973684210526317,0.025003135507771015,1.0,0.7500940652331305,0.5238502399514002,1.1669055924706009,0.0004288002825233284,0.41776517962975634
2026-07-20,2026-07-21,2026-07-22,NE,1,40.9900016784668,43.0099983215332,0.04928022835694512,33,0.9723684210526315,0.03187809142735287,1.0,0.9563427428205862,0.4108746147846424,0.5985702294676691,0.0015709596251235242,1.5305312443331212
2026-07-20,2026-07-21,2026-07-22,ZIM,1,24.530000686645508,24.920000076293945,0.015898873980087602,33,0.9845844504021448,0.032973915644113415,1.0,0.9892174693234025,0.3972199928163973,0.9350558090150383,0.0005242481294557983,0.5107566923320537
2026-07-20,2026-07-21,2026-07-22,UTHR,1,526.3699951171875,535.8300170898438,0.017972190779130814,8,0.9859249329758712,0.03333333333333333,1.0,1.0,0.2272885757531016,0.04797393449947272,0.0005990730259710272,0.5836559827651515
2026-07-20,2026-07-21,2026-07-22,PEN,1,317.25,318.3699951171875,0.00353032345843185,7,1.0,0.03333333333333333,1.0,1.0,0.08802646407345553,0.13043749876292374,0.000117677448614395,0.1146490393370708
2026-07-20,2026-07-21,2026-07-22,PEP,1,134.89999389648438,136.36000061035156,0.010822881986099375,6,0.9973544973544974,0.03333333333333333,1.0,1.0,0.23955713078505364,-0.19887075490262457,0.00036076273286997915,0.3514785648326834
2026-07-20,2026-07-21,2026-07-22,ENB,1,55.07239456788463,55.18089964360826,0.0019702262190521846,6,0.9734748010610079,0.03333333333333333,1.0,1.0,0.20261506996545808,-0.1306815090440121,6.567420730173949e-05,0.06398409266197348
2026-07-20,2026-07-21,2026-07-22,XEL,1,78.4000015258789,79.37999725341797,0.012499945261041479,6,0.9907161803713528,0.03333333333333333,1.0,1.0,0.22992958719966722,-0.015762795373757226,0.00041666484203471595,0.4059420426537783
2026-07-20,2026-07-21,2026-07-22,TRP,1,68.7699966430664,69.12000274658203,0.005089517530911802,6,0.9708222811671088,0.03333333333333333,1.0,1.0,0.20335340802244606,-0.013983268555804715,0.00016965058436372674,0.16528465521043495
2026-07-20,2026-07-21,2026-07-22,NI,1,45.51501005085392,45.4554076062289,-0.001309511841443567,6,0.9946949602122015,0.03333333333333333,1.0,1.0,0.19672143187512003,0.12345241187357614,-4.3650394714785566e-05,-0.04252705917454723
2026-07-20,2026-07-21,2026-07-22,QSR,1,73.62999725341797,74.12000274658203,0.006654970955350947,6,0.9682539682539683,0.03333333333333333,1.0,1.0,0.27179410837825024,0.12995685765196194,0.0002218323651783649,0.21612354670356707
2026-07-20,2026-07-21,2026-07-22,ET,1,19.97592080041068,19.92674378561517,-0.0024618146661103957,6,0.966931216931217,0.03333333333333333,1.0,1.0,0.18638727427294532,-0.045663498367718006,-8.206048887034652e-05,-0.07994867604025158
2026-07-20,2026-07-21,2026-07-22,YUM,1,145.75,147.25,0.010291595197255532,3,0.9801061007957559,0.03333333333333333,1.0,1.0,0.24636828614713327,0.09194864902956161,0.00034305317324185105,0.33422475773239
2026-07-20,2026-07-21,2026-07-22,WMB,1,74.5999984741211,73.7300033569336,-0.011662133176709166,3,0.9827586206896552,0.03333333333333333,1.0,1.0,0.25855376782186856,-0.01196290422666271,-0.00038873777255697223,-0.37873367159523647
2026-07-20,2026-07-21,2026-07-22,AEP,1,129.51394796972613,130.70488595263723,0.00919544189317345,3,0.9887267904509284,0.03333333333333333,1.0,1.0,0.2197694781417804,-0.0502837697721095,0.00030651472977244834,0.2986266249383514
2026-07-20,2026-07-21,2026-07-22,SHEL,1,86.23425391571864,87.78070674977529,0.017933161868230352,3,0.9887267904509284,0.03333333333333333,1.0,1.0,0.2608321423985198,0.03600455564808794,0.0005977720622743451,0.582388499149614
2026-07-20,2026-07-21,2026-07-22,SO,1,93.24009129526242,94.03353657347348,0.008509700786311747,3,0.9860742705570291,0.03333333333333333,1.0,1.0,0.2040634530083038,-0.23642789868505326,0.0002836566928770582,0.2763568357642579
2026-07-20,2026-07-21,2026-07-22,COST,1,928.7733283183376,929.4023530939539,0.0006772640389611784,2,0.9761273209549072,0.03333333333333333,1.0,1.0,0.23068400169528575,-0.12054986027168074,2.2575467965372612e-05,0.0219944921077952
2026-07-20,2026-07-21,2026-07-22,EQIX,1,1013.9950757521954,1030.2772029246391,0.016057402606581173,2,0.9708222811671088,0.03333333333333333,1.0,1.0,0.21394362510497986,0.41216030526510766,0.0005352467535527058,0.5214722686942841
2026-07-20,2026-07-21,2026-07-22,ETR,1,111.19620521074488,112.76683069002719,0.014124811870203535,2,0.970159151193634,0.03333333333333333,1.0,1.0,0.22102772251704156,0.18739184155901428,0.0004708270623401178,0.4587104073616575
2026-07-21,2026-07-22,2026-07-23,LBRT,1,24.90999984741211,26.0,0.04375753349115863,34,0.9973684210526317,0.025420491400029,1.0,0.76261474200087,0.5111547225458236,1.1553354778349378,0.001112338003798479,1.0907785621684758
2026-07-21,2026-07-22,2026-07-23,NE,1,43.0099983215332,42.91999816894531,-0.0020925402487828038,34,0.9723684210526315,0.03191233900411279,1.0,0.9573701701233838,0.40717179103937523,0.6007130438665095,-6.677785379890735e-05,-0.06548355904655861
2026-07-21,2026-07-22,2026-07-23,ZIM,1,24.920000076293945,25.0,0.00321026980181105,34,0.9845844504021448,0.03271593946657102,1.0,0.9814781839971306,0.39717044475636476,0.9416752953912473,0.00010502699250741124,0.10299134928852816
2026-07-21,2026-07-22,2026-07-23,UTHR,1,535.8300170898438,523.22998046875,-0.023514988371734047,9,0.9973190348525469,0.03333333333333333,1.0,1.0,0.2262673139129224,0.05207309084098956,-0.0007838329457244682,-0.7686406205649282
2026-07-21,2026-07-22,2026-07-23,PEN,1,318.3699951171875,315.70001220703125,-0.008386415023731941,8,1.0,0.03333333333333333,1.0,1.0,0.08786760187309718,0.13770690759512808,-0.0002795471674577314,-0.2741289575080068
2026-07-21,2026-07-22,2026-07-23,PEP,1,136.36000061035156,134.6999969482422,-0.012173684765907522,7,0.9973544973544974,0.03333333333333333,1.0,1.0,0.24033976862666115,-0.22253767810057226,-0.0004057894921969174,-0.3979244414288839
2026-07-21,2026-07-22,2026-07-23,ENB,1,55.18089964360826,55.58533429842487,0.007329250835500956,7,0.985254691689008,0.03333333333333333,1.0,1.0,0.205975468809542,-0.1241433936819385,0.00024430836118336516,0.23957315314887573
2026-07-21,2026-07-22,2026-07-23,XEL,1,79.37999725341797,79.63999938964844,0.0032754112525403833,7,0.9812332439678284,0.03333333333333333,1.0,1.0,0.22993555564099222,-0.017620264393053125,0.00010918037508467944,0.10706423060724374
2026-07-21,2026-07-22,2026-07-23,TRP,1,69.12000274658203,69.94999694824219,0.012008017486677458,7,0.982573726541555,0.03333333333333333,1.0,1.0,0.20750864944494715,-0.005708132071906908,0.00040026724955591526,0.39250923142317684
2026-07-21,2026-07-22,2026-07-23,NI,1,45.4554076062289,45.89248158564147,0.009615445167687309,7,0.985254691689008,0.03333333333333333,1.0,1.0,0.19657695504155712,0.12524599640213974,0.0003205148389229103,0.3143025896446232
2026-07-21,2026-07-22,2026-07-23,QSR,1,74.12000274658203,73.2300033569336,-0.012007546636113364,7,0.9682539682539683,0.03333333333333333,1.0,1.0,0.27248179363958935,0.12448302519248026,-0.00040025155453711215,-0.39249384060673004
2026-07-21,2026-07-22,2026-07-23,ET,1,19.92674378561517,20.20213911673822,0.013820388021541952,7,0.966931216931217,0.03333333333333333,1.0,1.0,0.186465355900384,-0.046983402322535193,0.00046067960071806505,0.45175066461420277
2026-07-21,2026-07-22,2026-07-23,YUM,1,147.25,146.55999755859375,-0.004685924899193505,4,0.9801061007957559,0.03333333333333333,1.0,1.0,0.24250898858813186,0.0882297662927759,-0.0001561974966397835,-0.1531700618132664
2026-07-21,2026-07-22,2026-07-23,WMB,1,73.7300033569336,75.37000274658203,0.02224331093149501,4,0.9691689008042895,0.03333333333333333,1.0,1.0,0.2592216075809915,-0.01075796395571762,0.0007414436977165003,0.7270729650181067
2026-07-21,2026-07-22,2026-07-23,AEP,1,130.70488595263723,131.34005083215547,0.0048595343233641675,4,0.9785522788203753,0.03333333333333333,1.0,1.0,0.219978797333459,-0.05004736950784761,0.00016198447744547224,0.15884487880321913
2026-07-21,2026-07-22,2026-07-23,SHEL,1,87.78070674977529,88.37549237461141,0.006775812668398773,4,0.9887267904509284,0.03333333333333333,1.0,1.0,0.2493553708359804,0.04003903948871314,0.00022586042227995908,0.2214827739625913
2026-07-21,2026-07-22,2026-07-23,SO,1,94.03353657347348,94.23190125039818,0.002109509906284446,4,0.9839142091152815,0.03333333333333333,1.0,1.0,0.20467845324105152,-0.2354767671416609,7.03169968761482e-05,0.06895410611401337
2026-07-21,2026-07-22,2026-07-23,COST,1,929.4023530939539,919.0487881025269,-0.01114002450818019,3,0.9761273209549072,0.03333333333333333,1.0,1.0,0.22922308274497524,-0.1208120569396955,-0.000371334150272673,-0.36413691623887035
2026-07-21,2026-07-22,2026-07-23,EQIX,1,1030.2772029246391,1018.0954645184502,-0.011823748377241317,3,0.9708222811671088,0.03333333333333333,1.0,1.0,0.21108634795207937,0.4093831470312828,-0.0003941249459080439,-0.3864859784923697
2026-07-21,2026-07-22,2026-07-23,ETR,1,112.76683069002719,113.24397491529744,0.0042312462126548045,3,0.970159151193634,0.03333333333333333,1.0,1.0,0.22222288649028207,0.18604095139582627,0.00014104154042182682,0.13830785978900992
2026-07-22,2026-07-23,2026-07-24,LBRT,1,26.0,19.6200008392334,-0.24538458310640776,35,0.9973684210526317,0.02523845756027222,1.0,0.7571537268081666,0.515384260476449,1.1631874331100929,-0.006193128386676164,-6.080593498513916
2026-07-22,2026-07-23,2026-07-24,NE,1,42.91999816894531,43.22999954223633,0.0072227722860276344,35,0.9723684210526315,0.030982995003456137,1.0,0.9294898501036841,0.4198271917810451,0.621146070354707,0.00022378311764909567,0.21971677079741092
2026-07-22,2026-07-23,2026-07-24,ZIM,1,25.0,25.6299991607666,0.025199966430664134,35,0.9845844504021448,0.03256706984556064,1.0,0.9770120953668192,0.39940663519780095,0.9494224016292895,0.0008206890668532223,0.8057763851537759
2026-07-22,2026-07-23,2026-07-24,UTHR,1,523.22998046875,533.9400024414062,0.020469052562816392,10,0.9986595174262735,0.03333333333333333,1.0,1.0,0.2226623490164431,0.05449346163786134,0.0006823017520938798,0.6699036962857715
2026-07-22,2026-07-23,2026-07-24,PEN,1,315.70001220703125,318.489990234375,0.008837434017944013,9,0.9959785522788204,0.03333333333333333,1.0,1.0,0.08687800724505648,0.1355656450935865,0.0002945811339314671,0.28922832144448457
2026-07-22,2026-07-23,2026-07-24,PEP,1,134.6999969482422,135.52999877929688,0.006161854861612248,8,0.9973544973544974,0.03333333333333333,1.0,1.0,0.24031546302280984,-0.22476625580662543,0.0002053951620537416,0.2016629414137639
2026-07-22,2026-07-23,2026-07-24,ENB,1,55.58533429842487,55.79248877071685,0.003726782880891122,8,0.985254691689008,0.03333333333333333,1.0,1.0,0.2054840396043973,-0.12587737103154217,0.00012422609602970406,0.12196879262007164
2026-07-22,2026-07-23,2026-07-24,XEL,1,79.63999938964844,81.25,0.020215979692245423,8,0.9832439678284182,0.03333333333333333,1.0,1.0,0.22919275145653237,-0.016635135867264502,0.0006738659897415141,0.6616212195612202
2026-07-22,2026-07-23,2026-07-24,TRP,1,69.94999694824219,70.1500015258789,0.0028592506985340993,8,0.982573726541555,0.03333333333333333,1.0,1.0,0.20750152957753917,-0.005216222918862804,9.530835661780331e-05,0.09357651536032399
2026-07-22,2026-07-23,2026-07-24,NI,1,45.89248158564147,46.6672879444033,0.016883078273201235,8,0.985254691689008,0.03333333333333333,1.0,1.0,0.19552048345872922,0.12606887862200042,0.0005627692757733745,0.552543235950503
2026-07-22,2026-07-23,2026-07-24,QSR,1,73.2300033569336,72.66999816894531,-0.007647209645187836,8,0.9682539682539683,0.03333333333333333,1.0,1.0,0.2719871897578263,0.12229912037499262,-0.00025490698817292787,-0.25027509172015444
2026-07-22,2026-07-23,2026-07-24,ET,1,20.20213911673822,20.064439864838715,-0.006816072847722121,8,0.966931216931217,0.03333333333333333,1.0,1.0,0.1865203006088168,-0.048352749481917104,-0.00022720242825740404,-0.22307394935986571
2026-07-22,2026-07-23,2026-07-24,YUM,1,146.55999755859375,148.10000610351562,0.010507700399668751,5,0.9801061007957559,0.03333333333333333,1.0,1.0,0.24233088232887975,0.08776071644972397,0.0003502566799889584,0.34389219117980707
2026-07-22,2026-07-23,2026-07-24,WMB,1,75.37000274658203,75.4000015258789,0.00039802014334200386,5,0.9792225201072386,0.03333333333333333,1.0,1.0,0.26014156742790945,-0.014463564573117366,1.3267338111400128e-05,0.013026258269782562
2026-07-22,2026-07-23,2026-07-24,AEP,1,131.34005083215547,134.40669968186458,0.023348923883302675,5,0.9892761394101877,0.03333333333333333,1.0,1.0,0.2200723187909253,-0.05118759661077643,0.0007782974627767558,0.7641550758501462
2026-07-22,2026-07-23,2026-07-24,SHEL,1,88.37549237461141,87.62209022808385,-0.008525012153075107,5,0.9718498659517426,0.03333333333333333,1.0,1.0,0.25042605803814366,0.044776664084173835,-0.00028416707176917024,-0.2790034924528209
2026-07-22,2026-07-23,2026-07-24,SO,1,94.23190125039818,96.21551989141979,0.0210503939186224,5,0.9785522788203753,0.03333333333333333,1.0,1.0,0.20397099334936666,-0.23704317960537777,0.0007016797972874134,0.6889296244210912
2026-07-22,2026-07-23,2026-07-24,COST,1,919.0487881025269,925.010009765625,0.006486295113239393,4,0.9761273209549072,0.03333333333333333,1.0,1.0,0.22953653505653207,-0.12403600043814292,0.00021620983710797978,0.21228110378947307
2026-07-22,2026-07-23,2026-07-24,EQIX,1,1018.0954645184502,1054.3322562851329,0.03559272487656395,4,0.9708222811671088,0.03333333333333333,1.0,1.0,0.21013693172788567,0.4124687192646858,0.0011864241625521316,1.16486573487073
2026-07-22,2026-07-23,2026-07-24,ETR,1,113.24397491529744,115.67944579433781,0.021506405800944428,4,0.970159151193634,0.03333333333333333,1.0,1.0,0.22000268348939092,0.18808164505011357,0.0007168801933648142,0.703853815200331
2026-07-22,2026-07-23,2026-07-24,LNT,1,72.95523187745451,74.20571264846964,0.01714038512159921,0,0.9845844504021448,0.03333333333333333,1.0,1.0,0.20434420623351518,-0.1117653839942934,0.0005713461707199737,0.5609642807591216
2026-07-22,2026-07-23,2026-07-24,EVRG,1,85.25811042390085,86.3490020039348,0.012795164877688059,0,0.9765415549597856,0.03333333333333333,1.0,1.0,0.1909319376689689,-0.05526722594812909,0.0004265054959229353,0.41875549539209994
2026-07-22,2026-07-23,2026-07-24,UNM,1,86.63096379990287,85.25,-0.01594076458727356,0,0.9691689008042895,0.03333333333333333,1.0,1.0,0.20817426615829587,0.19818177743099086,-0.0005313588195757853,-0.5217035368815608
2026-07-23,2026-07-24,2026-07-27,LBRT,1,19.6200008392334,17.079999923706055,-0.1294597760897236,36,0.9973684210526317,0.02598091113324901,1.0,0.7794273339974703,0.4975684474765196,1.1631212425961637,-0.003363482937917424,-3.3058428005774956
2026-07-23,2026-07-24,2026-07-27,NE,1,43.22999954223633,42.83000183105469,-0.009252780833153507,36,0.9723684210526315,0.03077050352117695,1.0,0.9231151056353085,0.4201192745415846,0.6202420451004697,-0.0002847127252072286,-0.279833592211379
2026-07-23,2026-07-24,2026-07-27,ZIM,1,25.6299991607666,24.8700008392334,-0.029652686165381525,36,0.9845844504021448,0.032413348949172534,1.0,0.9724004684751759,0.39882585526313385,0.9495580391734716,-0.0009611428639588122,-0.9446717214840474
2026-07-23,2026-07-24,2026-07-27,UTHR,1,533.9400024414062,529.7100219726562,-0.00792220183805048,11,0.9912516823687751,0.03333333333333333,1.0,1.0,0.22476011794292922,0.05673149366231148,-0.0002640733946016827,-0.2595479586135677
2026-07-23,2026-07-24,2026-07-27,PEN,1,318.489990234375,318.8999938964844,0.0012873361006029427,10,0.9959785522788204,0.03333333333333333,1.0,1.0,0.08561086384342756,0.13663841584741596,4.291120335343142e-05,0.04217583240005746
2026-07-23,2026-07-24,2026-07-27,PEP,1,135.52999877929688,137.07000732421875,0.011362861055062012,9,0.9973544973544974,0.03333333333333333,1.0,1.0,0.23969094357263962,-0.22455318678515845,0.00037876203516873375,0.3722711755065187
2026-07-23,2026-07-24,2026-07-27,ENB,1,55.79248877071685,55.71357070478734,-0.0014144926614375608,9,0.985254691689008,0.03333333333333333,1.0,1.0,0.20642712957040005,-0.12661046956521282,-4.714975538125203e-05,-0.04634174819766211
2026-07-23,2026-07-24,2026-07-27,XEL,1,81.25,81.55999755859375,0.0038153545673076383,9,0.9832439678284182,0.03333333333333333,1.0,1.0,0.23006520564940208,-0.01997851094096337,0.00012717848557692126,0.1249990229452848
2026-07-23,2026-07-24,2026-07-27,TRP,1,70.1500015258789,70.19999694824219,0.0007126931044305618,9,0.982573726541555,0.03333333333333333,1.0,1.0,0.20751989720362554,-0.006488803413655242,2.3756436814352058e-05,0.023349321836823905
2026-07-23,2026-07-24,2026-07-27,NI,1,46.6672879444033,46.23021782588731,-0.009365663567951321,9,0.985254691689008,0.03333333333333333,1.0,1.0,0.19982489254425934,0.12152445724880648,-0.0003121887855983774,-0.30683879429174166
2026-07-23,2026-07-24,2026-07-27,QSR,1,72.66999816894531,72.77999877929688,0.0015137004695642275,9,0.9682539682539683,0.03333333333333333,1.0,1.0,0.272403041215862,0.12365251251529537,5.045668231880759e-05,0.04959200420024577
2026-07-23,2026-07-24,2026-07-27,ET,1,20.064439864838715,19.85789541589686,-0.010294055071221164,9,0.966931216931217,0.03333333333333333,1.0,1.0,0.18674154648294028,-0.047969067380582785,-0.0003431351690407055,-0.3372548483627858
2026-07-23,2026-07-24,2026-07-27,YUM,1,148.10000610351562,148.83999633789062,0.00499655775745067,6,0.9801061007957559,0.03333333333333333,1.0,1.0,0.24193349367223418,0.08909092735314433,0.0001665519252483557,0.16369771845654457
2026-07-23,2026-07-24,2026-07-27,WMB,1,75.4000015258789,72.81999969482422,-0.034217530223380366,6,0.9792225201072386,0.03333333333333333,1.0,1.0,0.2613005774455941,-0.01411813837487861,-0.0011405843407793455,-1.1210381027683987
2026-07-23,2026-07-24,2026-07-27,AEP,1,134.40669968186458,134.15857932792264,-0.0018460415628777094,6,0.9892761394101877,0.03333333333333333,1.0,1.0,0.2226950513991343,-0.05416195023160985,-6.153471876259031e-05,-0.06048019590455384
2026-07-23,2026-07-24,2026-07-27,SHEL,1,87.62209022808385,86.30364449387434,-0.015046955976255938,6,0.9718498659517426,0.03333333333333333,1.0,1.0,0.25031589373185276,0.04413696847415078,-0.0005015651992085312,-0.4929698569692723
2026-07-23,2026-07-24,2026-07-27,SO,1,96.21551989141979,96.05683009596974,-0.001649315990072342,6,0.9785522788203753,0.03333333333333333,1.0,1.0,0.20505842036852617,-0.2400208785916465,-5.4977199669078064e-05,-0.05403505326965188
2026-07-23,2026-07-24,2026-07-27,COST,1,925.010009765625,938.1099853515624,0.014161982516553095,5,0.9761273209549072,0.03333333333333333,1.0,1.0,0.22881077805109928,-0.12351506163601007,0.00047206608388510317,0.46397626912733686
2026-07-23,2026-07-24,2026-07-27,EQIX,1,1054.3322562851329,1079.0839954659368,0.023476223015328257,5,0.9708222811671088,0.03333333333333333,1.0,1.0,0.209586081812072,0.41150049010532935,0.0007825407671776085,0.7691303357507916
2026-07-23,2026-07-24,2026-07-27,ETR,1,115.67944579433781,114.07899624531188,-0.013835211070005515,5,0.970159151193634,0.03333333333333333,1.0,1.0,0.22080277302439935,0.18489219655509853,-0.0004611737023335172,-0.4532705507401495
2026-07-23,2026-07-24,2026-07-27,LNT,1,74.20571264846964,74.07669581793348,-0.0017386374435529595,1,0.9845844504021448,0.03333333333333333,1.0,1.0,0.20258530413339515,-0.11360903194753828,-5.795458145176532e-05,-0.056961411545446074
2026-07-23,2026-07-24,2026-07-27,EVRG,1,86.3490020039348,86.28949823718412,-0.0006891077530689627,1,0.9765415549597856,0.03333333333333333,1.0,1.0,0.19138613896597761,-0.057575850901536635,-2.297025843563209e-05,-0.0225766162274206
2026-07-23,2026-07-24,2026-07-27,UNM,1,85.25,86.58999633789062,0.015718432116019088,1,0.9691689008042895,0.03333333333333333,1.0,1.0,0.2083478948860197,0.20024316640934978,0.0005239477372006362,0.5149688245411629
2026-07-24,2026-07-27,2026-07-28,LBRT,1,17.079999923706055,16.559999465942383,-0.030444991808339594,37,0.9973684210526317,0.019918788565268127,1.0,0.5975636569580438,0.6559440808952263,1.3321310718480133,-0.0006064273547016365,-0.5928709492548205
2026-07-24,2026-07-27,2026-07-28,NE,1,42.83000183105469,40.25,-0.06023819100525951,37,0.9723684210526315,0.031156618965054735,1.0,0.934698568951642,0.41935267342857496,0.6206798457953273,-0.001876818364295058,-1.834862950346207
2026-07-24,2026-07-27,2026-07-28,ZIM,1,24.8700008392334,24.399999618530277,-0.01889831945488618,37,0.9845844504021448,0.03255021906590362,1.0,0.9765065719771087,0.4013985722043076,0.9232533594056298,-0.0006151444382339735,-0.601393166381871
2026-07-24,2026-07-27,2026-07-28,UTHR,1,529.7100219726562,530.8400268554688,0.0021332518471226525,12,0.9845013477088949,0.03333333333333333,1.0,1.0,0.22500869253103922,0.055037623349858095,7.110839490408842e-05,0.06951879934162174
2026-07-24,2026-07-27,2026-07-28,PEN,1,318.8999938964844,319.9800109863281,0.0033866952352288315,11,0.9959785522788204,0.03333333333333333,1.0,1.0,0.07950664965805922,0.13322208013044207,0.00011288984117429439,0.11036624053866945
2026-07-24,2026-07-27,2026-07-28,PEP,1,137.07000732421875,143.2100067138672,0.044794623634367925,10,0.9973544973544974,0.03333333333333333,1.0,1.0,0.23953710423152164,-0.21687037355352987,0.0014931541211455975,1.4597753454292663
2026-07-24,2026-07-27,2026-07-28,ENB,1,55.71357070478734,54.9046994059974,-0.014518389120595998,10,0.985254691689008,0.03333333333333333,1.0,1.0,0.20638864642397772,-0.12614472064277016,-0.0004839463040198666,-0.47312790629931983
2026-07-24,2026-07-27,2026-07-28,XEL,1,81.55999755859375,81.47000122070312,-0.0011034372312968,10,0.9832439678284182,0.03333333333333333,1.0,1.0,0.2289896521784186,-0.024423300791231943,-3.6781241043226665e-05,-0.035959013265153605
2026-07-24,2026-07-27,2026-07-28,TRP,1,70.19999694824219,68.31999969482422,-0.026780588819741324,10,0.982573726541555,0.03333333333333333,1.0,1.0,0.2074574884204467,-0.006261750286237618,-0.0008926862939913774,-0.8727307012161856
2026-07-24,2026-07-27,2026-07-28,NI,1,46.23021782588731,46.0017469239232,-0.004942025210103451,10,0.985254691689008,0.03333333333333333,1.0,1.0,0.1999480351772826,0.11784159219635992,-0.00016473417367011503,-0.16105161675393334
2026-07-24,2026-07-27,2026-07-28,QSR,1,72.77999877929688,75.41999816894531,0.03627369378851131,10,0.9682539682539683,0.03333333333333333,1.0,1.0,0.27298113310074645,0.1329373206259949,0.0012091231262837102,1.1820937332196584
2026-07-24,2026-07-27,2026-07-28,ET,1,19.85789541589686,19.59233613701384,-0.013372982046749526,10,0.966931216931217,0.03333333333333333,1.0,1.0,0.18652730414563473,-0.04858635071783871,-0.0004457660682249842,-0.4358011721686971
2026-07-24,2026-07-27,2026-07-28,YUM,1,148.83999633789062,150.02000427246094,0.007928029854902041,7,0.9801061007957559,0.03333333333333333,1.0,1.0,0.2415326044245122,0.09014420748306486,0.000264267661830068,0.2583600794255555
2026-07-24,2026-07-27,2026-07-28,WMB,1,72.81999969482422,70.77999877929688,-0.028014294480590896,7,0.9792225201072386,0.03333333333333333,1.0,1.0,0.2613940420974108,-0.021508348739093974,-0.0009338098160196965,-0.9129349257660931
2026-07-24,2026-07-27,2026-07-28,AEP,1,134.15857932792264,133.07683044567872,-0.008063210624792094,7,0.9892761394101877,0.03333333333333333,1.0,1.0,0.22431013327585536,-0.06361338528947555,-0.0002687736874930698,-0.26276537495102664
2026-07-24,2026-07-27,2026-07-28,SHEL,1,86.30364449387434,85.92694403600335,-0.004364826770412167,7,0.9718498659517426,0.03333333333333333,1.0,1.0,0.24962674370949153,0.04323925410272516,-0.00014549422568040557,-0.1422417689793642
2026-07-24,2026-07-27,2026-07-28,SO,1,96.05683009596974,96.49322926374123,0.004543135218344041,7,0.9785522788203753,0.03333333333333333,1.0,1.0,0.20560317592429417,-0.24373073148950114,0.00015143784061146803,0.1480525171239921
2026-07-24,2026-07-27,2026-07-28,COST,1,938.1099853515624,970.5499877929688,0.03458016964743127,6,0.9761273209549072,0.03333333333333333,1.0,1.0,0.22880358124857048,-0.12132919925579284,0.0011526723215810424,1.1269048603715075
2026-07-24,2026-07-27,2026-07-28,ETR,1,114.07899624531188,112.98552504652844,-0.009585210553852308,6,0.970159151193634,0.03333333333333333,1.0,1.0,0.22075493621235992,0.17799591031537976,-0.0003195070184617436,-0.31236458556885116
2026-07-24,2026-07-27,2026-07-28,LNT,1,74.07669581793348,74.28511402717537,0.002813546243398024,2,0.9845844504021448,0.03333333333333333,1.0,1.0,0.20269122969197081,-0.1156326146178355,9.378487477993414e-05,0.09168835690777914
2026-07-24,2026-07-27,2026-07-28,EVRG,1,86.28949823718412,85.80354757226571,-0.005631631598814857,2,0.9765415549597856,0.03333333333333333,1.0,1.0,0.19028583432748605,-0.05664631693051572,-0.00018772105329382857,-0.1835246352239238
2026-07-24,2026-07-27,2026-07-28,UNM,1,86.58999633789062,86.6500015258789,0.000692980604296789,2,0.9691689008042895,0.03333333333333333,1.0,1.0,0.20715110100311143,0.21125221819025403,2.309935347655963e-05,0.022582978021429265
2026-07-27,2026-07-28,2026-07-29,LBRT,1,16.559999465942383,18.270000457763672,0.10326093278795745,38,0.9973684210526317,0.019730965738447747,1.0,0.5919289721534324,0.657409328131851,1.2494312601369009,0.002037437926959344,1.9870329035211312
2026-07-27,2026-07-28,2026-07-29,NE,1,40.25,40.09999847412109,-0.0037267459845692352,38,0.9723684210526315,0.031106223154717325,1.0,0.9331866946415197,0.41700083179459796,0.6014830482032761,-0.00011592499223695736,-0.1130570756867345
2026-07-27,2026-07-28,2026-07-29,ZIM,1,24.399999618530277,24.1200008392334,-0.011475359986654943,38,0.9892328398384926,0.0320885791775378,1.0,0.962657375326134,0.40423481693404206,0.9006628713487398,-0.0003682279975225263,-0.3591182520916906
2026-07-27,2026-07-28,2026-07-29,UTHR,1,530.8400268554688,526.0800170898438,-0.008966938295557392,13,0.990578734858681,0.03333333333333333,1.0,1.0,0.2249989166681665,0.04380658955424565,-0.0002988979431852464,-0.29150338277556054
2026-07-27,2026-07-28,2026-07-29,PEN,1,319.9800109863281,318.5,-0.004625323256181035,12,0.9959785522788204,0.03333333333333333,1.0,1.0,0.07954448894049111,0.1312849680095996,-0.0001541774418727012,-0.15036318207690214
2026-07-27,2026-07-28,2026-07-29,PEP,1,143.2100067138672,143.27999877929688,0.0004887372540212098,11,0.9973544973544974,0.03333333333333333,1.0,1.0,0.23956247477061943,-0.21621507938010567,1.6291241800706994e-05,0.015888206000726712
2026-07-27,2026-07-28,2026-07-29,ENB,1,54.9046994059974,55.07239331563487,0.003054272429349636,11,0.9865410497981157,0.03333333333333333,1.0,1.0,0.20538822263924442,-0.12901675583989325,0.00010180908097832119,0.09929038382194025
2026-07-27,2026-07-28,2026-07-29,XEL,1,81.47000122070312,80.73999786376953,-0.008960394574636266,11,0.9832439678284182,0.03333333333333333,1.0,1.0,0.2274358414018307,-0.02027777596023143,-0.0002986798191545422,-0.2912906550058833
2026-07-27,2026-07-28,2026-07-29,TRP,1,68.31999969482422,69.1500015258789,0.0121487387992123,11,0.982573726541555,0.03333333333333333,1.0,1.0,0.20666328590622507,-0.006881501508792175,0.0004049579599737433,0.3949395367403887
2026-07-27,2026-07-28,2026-07-29,NI,1,46.0017469239232,45.425608423644036,-0.012524274376622513,11,0.985254691689008,0.03333333333333333,1.0,1.0,0.18997678942568386,0.12315020938722707,-0.00041747581255408375,-0.407147704964529
2026-07-27,2026-07-28,2026-07-29,QSR,1,75.41999816894531,74.86000061035156,-0.007425053993495467,11,0.9682539682539683,0.03333333333333333,1.0,1.0,0.2664552218136263,0.13496778602612106,-0.00024750179978318224,-0.24137874992041208
2026-07-27,2026-07-28,2026-07-29,ET,1,19.59233613701384,20.08411164057747,0.025100401510290693,11,0.966931216931217,0.03333333333333333,1.0,1.0,0.18660150420616645,-0.051526622879645996,0.0008366800503430231,0.8159810749338612
2026-07-27,2026-07-28,2026-07-29,YUM,1,150.02000427246094,151.1999969482422,0.007865568871989748,8,0.9801061007957559,0.03333333333333333,1.0,1.0,0.24153621177630175,0.09319709111033042,0.0002621856290663249,0.2556993098497325
2026-07-27,2026-07-28,2026-07-29,WMB,1,70.77999877929688,71.19000244140625,0.0057926486179780134,8,0.9792225201072386,0.03333333333333333,1.0,1.0,0.2634288163874457,-0.02432045654730116,0.00019308828726593378,0.1883113958983481
2026-07-27,2026-07-28,2026-07-29,AEP,1,133.07683044567872,132.7890194593732,-0.002162743021017488,8,0.9892761394101877,0.03333333333333333,1.0,1.0,0.21828286761541754,-0.05769007383013318,-7.209143403391627e-05,-0.07030793409308768
2026-07-27,2026-07-28,2026-07-29,SHEL,1,85.92694403600335,87.40400374842118,0.017189715391239035,8,0.9718498659517426,0.03333333333333333,1.0,1.0,0.2497829795521356,0.0329306020028251,0.0005729905130413012,0.5588150626594468
2026-07-27,2026-07-28,2026-07-29,SO,1,96.49322926374123,96.49322460631817,-4.8266837970878385e-08,8,0.9785522788203753,0.03333333333333333,1.0,1.0,0.20136493731969057,-0.24077865397932424,-1.6088945990292794e-09,-1.5690914870421023e-06
2026-07-27,2026-07-28,2026-07-29,COST,1,970.5499877929688,968.0700073242188,-0.00255523208484032,7,0.9761273209549072,0.03333333333333333,1.0,1.0,0.2289438955823233,-0.1213273400977534,-8.517440282801066e-05,-0.08306723788616195
2026-07-27,2026-07-28,2026-07-29,ETR,1,112.98552504652844,113.61178011687662,0.005542790283005639,7,0.970159151193634,0.03333333333333333,1.0,1.0,0.2119455457543553,0.18152210065244742,0.00018475967610018796,0.1801888297048011
2026-07-27,2026-07-28,2026-07-29,LNT,1,74.28511402717537,73.56062244461727,-0.009752850110629985,3,0.9845844504021448,0.03333333333333333,1.0,1.0,0.1978017289717114,-0.10903197338451391,-0.00032509500368766613,-0.3170523433132332
2026-07-27,2026-07-28,2026-07-29,EVRG,1,85.80354757226571,85.21843900609487,-0.006819165206171096,3,0.9765415549597856,0.03333333333333333,1.0,1.0,0.18258919885692357,-0.05466455373714234,-0.00022730550687236986,-0.22168210149155637
2026-07-27,2026-07-28,2026-07-29,UNM,1,86.6500015258789,83.5,-0.03635316180505921,3,0.9691689008042895,0.03333333333333333,1.0,1.0,0.2070332639624365,0.2107570209230769,-0.0012117720601686403,-1.1817935276762537
2026-07-28,2026-07-29,2026-07-30,LBRT,1,18.270000457763672,17.6299991607666,-0.0350301741084581,39,0.9973684210526317,0.019906914516735996,1.0,0.5972074355020799,0.6570667045016587,1.2497948493257292,-0.000697342681483454,-0.6806266573903134
2026-07-28,2026-07-29,2026-07-30,NE,1,40.09999847412109,41.2599983215332,0.02892767809357233,39,0.9723684210526315,0.03143827773663174,1.0,0.9431483320989523,0.41605875575897067,0.6016951805797787,0.0009094363781816048,0.8876362491883203
2026-07-28,2026-07-29,2026-07-30,ZIM,1,24.1200008392334,24.780000686645508,0.027363176801327382,39,0.981157469717362,0.03229934054525509,1.0,0.9689802163576525,0.4049671138016311,0.9009776508281526,0.0008838125659060969,0.8626266661500711
2026-07-28,2026-07-29,2026-07-30,UTHR,1,526.0800170898438,522.2999877929688,-0.007185274433697875,14,0.9831763122476447,0.03333333333333333,1.0,1.0,0.22429472261081912,0.0439111384334135,-0.00023950914778992914,-0.23376786622020349
2026-07-28,2026-07-29,2026-07-30,PEN,1,318.5,319.29998779296875,0.002511735613716537,13,0.9959785522788204,0.03333333333333333,1.0,1.0,0.07779523122673607,0.1309242965266996,8.37245204572179e-05,0.08171755725489067
2026-07-28,2026-07-29,2026-07-30,PEP,1,143.27999877929688,141.10000610351562,-0.015214912718831242,12,0.9973544973544974,0.03333333333333333,1.0,1.0,0.24473064266518801,-0.2170561433168063,-0.0005071637572943747,-0.49500651837696646
2026-07-28,2026-07-29,2026-07-30,ENB,1,55.07239331563487,54.37202741972514,-0.012717186483901965,12,0.9818304172274562,0.03333333333333333,1.0,1.0,0.2108252694440763,-0.12824764422829232,-0.0004239062161300655,-0.41374474643916953
2026-07-28,2026-07-29,2026-07-30,XEL,1,80.73999786376953,80.83000183105469,0.0011147382916336657,12,0.9832439678284182,0.03333333333333333,1.0,1.0,0.22859380384411868,-0.019847374949527274,3.715794305445552e-05,0.036267228793242526
2026-07-28,2026-07-29,2026-07-30,TRP,1,69.1500015258789,70.0,0.012292096245333894,12,0.982573726541555,0.03333333333333333,1.0,1.0,0.2151450254733952,-0.0061902718073218975,0.0004097365415111298,0.39991473355127577
2026-07-28,2026-07-29,2026-07-30,NI,1,45.425608423644036,44.90906797010197,-0.011371129005576575,12,0.985254691689008,0.03333333333333333,1.0,1.0,0.19310170267005436,0.12380479307135352,-0.00037903763351921916,-0.3699517100810672
2026-07-28,2026-07-29,2026-07-30,QSR,1,74.86000061035156,75.54000091552734,0.009083626765049146,12,0.9682539682539683,0.03333333333333333,1.0,1.0,0.27233314844296647,0.1338475018818786,0.00030278755883497157,0.29552942841647845
2026-07-28,2026-07-29,2026-07-30,ET,1,20.08411164057747,19.926743537546425,-0.007835452513274221,12,0.966931216931217,0.03333333333333333,1.0,1.0,0.19205919782560843,-0.05052746510731361,-0.00026118175044247404,-0.2549209542098422
2026-07-28,2026-07-29,2026-07-30,YUM,1,151.1999969482422,162.0,0.07142859305383986,9,0.9801061007957559,0.03333333333333333,1.0,1.0,0.2418620238870328,0.0931259431655792,0.002380953101794662,2.323879197570743
2026-07-28,2026-07-29,2026-07-30,WMB,1,71.19000244140625,70.19999694824219,-0.013906524219870597,9,0.9792225201072386,0.03333333333333333,1.0,1.0,0.2774341968913171,-0.022658313694223668,-0.0004635508073290199,-0.45243901585338153
2026-07-28,2026-07-29,2026-07-30,AEP,1,132.7890194593732,127.74740641246025,-0.037967092967769345,9,0.9892761394101877,0.03333333333333333,1.0,1.0,0.22014998063279043,-0.057248870846256246,-0.0012655697655923116,-1.2352327515891133
2026-07-28,2026-07-29,2026-07-30,SHEL,1,87.40400374842118,89.21810719707885,0.020755381571298415,9,0.9718498659517426,0.03333333333333333,1.0,1.0,0.2538686026175839,0.03348301787661742,0.0006918460523766138,0.6752617881585257
2026-07-28,2026-07-29,2026-07-30,SO,1,96.49322460631817,96.40396095899787,-0.0009250768402080389,9,0.9785522788203753,0.03333333333333333,1.0,1.0,0.20183740445438458,-0.24057585497684209,-3.0835894673601295e-05,-0.03009672643969807
2026-07-28,2026-07-29,2026-07-30,COST,1,968.0700073242188,955.0399780273438,-0.013459800632487862,8,0.9761273209549072,0.03333333333333333,1.0,1.0,0.23198560934215884,-0.12201176701888373,-0.00044866002108292873,-0.437905177128595
2026-07-28,2026-07-29,2026-07-30,ETR,1,113.61178011687662,107.79650190840502,-0.05118552145287403,8,0.970159151193634,0.03333333333333333,1.0,1.0,0.2153533412494225,0.18208548665424337,-0.0017061840484291343,-1.665285055124721
2026-07-28,2026-07-29,2026-07-30,LNT,1,73.56062244461727,71.62533441316525,-0.026308750077652876,4,0.9845844504021448,0.03333333333333333,1.0,1.0,0.19955389947048377,-0.10851371785478195,-0.0008769583359217625,-0.8559367391355682
2026-07-28,2026-07-29,2026-07-30,EVRG,1,85.21843900609487,83.4035906806349,-0.021296427705395637,4,0.9765415549597856,0.03333333333333333,1.0,1.0,0.18464720715171373,-0.054141548756073174,-0.0007098809235131879,-0.69286434481265
2026-07-28,2026-07-29,2026-07-30,UNM,1,83.5,82.73999786376953,-0.00910182199078402,4,0.9691689008042895,0.03333333333333333,1.0,1.0,0.20703317476264893,0.21049384028467083,-0.00030339406635946736,-0.2961213973293829
2026-07-29,2026-07-30,2026-07-31,UTHR,1,522.2999877929688,525.8400268554688,0.006777788905297122,15,0.9831763122476447,0.016666666666666666,0.5,1.0,0.22474045288820896,0.04473507481115737,0.0001129631484216187,0.10996712857880259
2026-07-29,2026-07-30,2026-07-31,PEN,1,319.29998779296875,323.04998779296875,0.011744441413607198,14,0.9959785522788204,0.016666666666666666,0.5,1.0,0.07714916873997095,0.1285314630586167,0.00019574069022678663,0.190549236198105
2026-07-29,2026-07-30,2026-07-31,ENB,1,54.37202741972514,54.6284992340398,0.004716980890464573,13,0.9818304172274562,0.016666666666666666,0.5,1.0,0.20817534691000056,-0.12602757456232097,7.861634817440954e-05,0.07653127757934108
2026-07-29,2026-07-30,2026-07-31,XEL,1,80.83000183105469,78.19000244140625,-0.03266113237466428,13,0.9832439678284182,0.016666666666666666,0.5,1.0,0.22876130669479636,-0.019933787831366217,-0.0005443522062444047,-0.5299148429610984
2026-07-29,2026-07-30,2026-07-31,TRP,1,70.0,69.0,-0.014285714285714235,13,0.982573726541555,0.016666666666666666,0.5,1.0,0.21621771684065272,-0.005501576037637376,-0.00023809523809523725,-0.23178045254100565
2026-07-29,2026-07-30,2026-07-31,NI,1,44.90906797010197,44.75,-0.003542001143463258,13,0.985254691689008,0.016666666666666666,0.5,1.0,0.19279222673977797,0.12226471109833802,-5.90333523910543e-05,-0.057467663955287344
2026-07-29,2026-07-30,2026-07-31,ET,1,19.926743537546425,19.95625053136403,0.0014807735023039115,13,0.966931216931217,0.016666666666666666,0.5,1.0,0.19396641319606678,-0.04891579853508895,2.4679558371731856e-05,0.024025004673231216
2026-07-29,2026-07-30,2026-07-31,AEP,1,127.74740641246025,127.03284793038125,-0.005593526335649357,10,0.9892761394101877,0.016666666666666666,0.5,1.0,0.22024673613424284,-0.059301657527477215,-9.322543892748929e-05,-0.0907529045763792
2026-07-29,2026-07-30,2026-07-31,SHEL,1,89.21810719707885,90.23915698520103,0.011444423337369614,10,0.9718498659517426,0.016666666666666666,0.5,1.0,0.24895442070127438,0.0345860974304124,0.00019074038895616023,0.18568155341444692
2026-07-29,2026-07-30,2026-07-31,SO,1,96.40396095899787,93.12106885917798,-0.03405349808413116,10,0.9785522788203753,0.016666666666666666,0.5,1.0,0.2018430993011188,-0.24118253665616687,-0.000567558301402186,-0.5525054637580952
2026-07-29,2026-07-30,2026-07-31,ETR,1,107.79650190840502,108.06489714972685,0.0024898325694269197,9,0.970159151193634,0.016666666666666666,0.5,1.0,0.21683384459507962,0.18094125946004055,4.149720949044866e-05,0.04039661637851759
2026-07-29,2026-07-30,2026-07-31,LNT,1,71.62533441316525,70.45999908447266,-0.016269876269902506,5,0.9845844504021448,0.016666666666666666,0.5,1.0,0.19959470583859254,-0.10779461773326261,-0.0002711646044983751,-0.26397274992369296
2026-07-29,2026-07-30,2026-07-31,EVRG,1,83.4035906806349,82.37220563361612,-0.01236619477173495,5,0.9765415549597856,0.016666666666666666,0.5,1.0,0.1846075949730433,-0.05438637492591093,-0.00020610324619558252,-0.20063695542820686
2026-07-29,2026-07-30,2026-07-31,UNM,1,82.73999786376953,86.83999633789062,0.04955279888780861,5,0.9691689008042895,0.016666666666666666,0.5,1.0,0.2089604657516448,0.20918282113927844,0.0008258799814634769,0.8039759105622833
2026-07-30,2026-07-31,2026-08-03,UTHR,1,525.8400268554688,516.2899780273438,-0.01816150985164522,16,0.9966352624495289,0.03333333333333333,1.0,1.0,0.22461567142357186,0.043286748526479214,-0.0006053836617215073,-0.5888702497184711
2026-07-30,2026-07-31,2026-08-03,PEN,1,323.04998779296875,321.3599853515625,-0.0052313960850211005,15,0.9959785522788204,0.03333333333333333,1.0,1.0,0.07629212295058453,0.12677008329283918,-0.00017437986950070335,-0.1696232055664436
2026-07-30,2026-07-31,2026-08-03,ENB,1,54.6284992340398,53.55329174451599,-0.01968217147824991,14,0.9878869448183042,0.03333333333333333,1.0,1.0,0.20718039383919548,-0.12162322283229318,-0.0006560723826083304,-0.6381763040669691
2026-07-30,2026-07-31,2026-08-03,XEL,1,78.19000244140625,78.05999755859375,-0.0016626790990308393,14,0.9858681022880216,0.03333333333333333,1.0,1.0,0.23225252238135552,-0.0008653532626920245,-5.542263663436131e-05,-0.05391084024653808
2026-07-30,2026-07-31,2026-08-03,TRP,1,69.0,66.80999755859375,-0.03173916581748193,14,0.982573726541555,0.03333333333333333,1.0,1.0,0.214488100791483,0.0014954949281704515,-0.0010579721939160643,-1.029113253989917
2026-07-30,2026-07-31,2026-08-03,NI,1,44.75,44.34999847412109,-0.008938581583886385,14,0.9966352624495289,0.03333333333333333,1.0,1.0,0.19613783953535174,0.13938739552013402,-0.0002979527194628795,-0.28982528503571947
2026-07-30,2026-07-31,2026-08-03,ET,1,19.95625053136403,20.06444001691757,0.005421333300236197,14,0.968371467025572,0.03333333333333333,1.0,1.0,0.19053596914815277,-0.04728070401911028,0.00018071111000787324,0.17578174504186134
2026-07-30,2026-07-31,2026-08-03,AEP,1,127.03284793038125,127.13209443755494,0.0007812664896569288,11,0.9932705248990579,0.03333333333333333,1.0,1.0,0.22662215938305014,-0.031661493347084964,2.6042216321897626e-05,0.025331847220801004
2026-07-30,2026-07-31,2026-08-03,SHEL,1,90.23915698520103,90.14993607093479,-0.0009887161765139707,11,0.9718498659517426,0.03333333333333333,1.0,1.0,0.2534099042229737,0.010617089500176386,-3.2957205883799026e-05,-0.032058212479053945
2026-07-30,2026-07-31,2026-08-03,SO,1,93.12106885917798,92.14910279634877,-0.010437660077753819,11,0.9785522788203753,0.03333333333333333,1.0,1.0,0.20208200480103922,-0.23038696545251092,-0.00034792200259179393,-0.33843152616006833
2026-07-30,2026-07-31,2026-08-03,ETR,1,108.06489714972685,106.36503963670357,-0.015729969285660617,10,0.970159151193634,0.03333333333333333,1.0,1.0,0.2312758339578801,0.21788215565685964,-0.0005243323095220205,-0.5100297837005956
2026-07-30,2026-07-31,2026-08-03,LNT,1,70.45999908447266,70.70999908447266,0.00354811245030362,6,0.9845844504021448,0.03333333333333333,1.0,1.0,0.2055825751559231,-0.08257231080920206,0.00011827041501012066,0.11504428220488706
2026-07-30,2026-07-31,2026-08-03,EVRG,1,82.37220563361612,82.23336386895697,-0.0016855414225120935,6,0.9798115746971736,0.03333333333333333,1.0,1.0,0.18885025669901775,-0.03469705426536747,-5.6184714083736447e-05,-0.05465213005380215
2026-07-30,2026-07-31,2026-08-03,UNM,1,86.83999633789062,86.06999969482422,-0.00886684333875809,6,0.9691689008042895,0.03333333333333333,1.0,1.0,0.2320831010230304,0.2540062436520111,-0.00029556144462526967,-0.28749923843121666
2026-07-30,2026-07-31,2026-08-03,ZIM,1,24.71999931335449,25.06999969482422,0.014158591876685334,0,0.9872139973082099,0.03269931902039621,1.0,0.9809795706118863,0.4096836617541273,0.8609766705974826,0.000462976312655324,0.4503474310353887
2026-07-30,2026-07-31,2026-08-03,PNW,1,100.25838019775081,99.6500015258789,-0.0060681079294512275,0,0.984522207267833,0.03333333333333333,1.0,1.0,0.19623417813057864,-0.1485233755521607,-0.0002022702643150409,-0.19675281741021536
2026-07-30,2026-07-31,2026-08-03,PPL,1,35.369998931884766,35.099998474121094,-0.007633600958926734,0,0.977792732166891,0.03333333333333333,1.0,1.0,0.21206474684010984,-0.0028611277499703647,-0.0002544533652975578,-0.24751248875528564
2026-07-31,2026-08-03,2026-08-04,UTHR,1,516.2899780273438,517.8599853515625,0.0030409409266813903,17,0.9859060402684563,0.03333333333333333,1.0,1.0,0.22452110963627078,0.041212166643568804,0.00010136469755604635,0.09821784876497831
2026-07-31,2026-08-03,2026-08-04,PEN,1,321.3599853515625,321.57000732421875,0.0006535411446029205,16,0.9959785522788204,0.03333333333333333,1.0,1.0,0.0760079514238906,0.11952556480571787,2.178470482009735e-05,0.021108402579970872
2026-07-31,2026-08-03,2026-08-04,ENB,1,53.55329174451599,53.11925813429433,-0.008104704605130242,15,0.9778523489932887,0.03333333333333333,1.0,1.0,0.20697314437606287,-0.11375930910041504,-0.00027015682017100806,-0.261769850314132
2026-07-31,2026-08-03,2026-08-04,XEL,1,78.05999755859375,77.52999877929688,-0.0067896335622998905,15,0.991275167785235,0.03333333333333333,1.0,1.0,0.23202782397594773,-0.004546140875454535,-0.00022632111874332968,-0.21929502034731935
2026-07-31,2026-08-03,2026-08-04,TRP,1,66.80999755859375,65.69999694824219,-0.01661428904226603,15,0.991275167785235,0.03333333333333333,1.0,1.0,0.21356070163246685,0.012405421512067253,-0.0005538096347422009,-0.5366167143114294
2026-07-31,2026-08-03,2026-08-04,NI,1,44.34999847412109,44.52000045776367,0.00383319029293272,15,0.9979865771812081,0.03333333333333333,1.0,1.0,0.1963152565377905,0.14685121899913767,0.000127773009764424,0.12380631967406011
2026-07-31,2026-08-03,2026-08-04,ET,1,20.06444001691757,20.231644136470212,0.008333355897880201,15,0.968371467025572,0.03333333333333333,1.0,1.0,0.1872822967137399,-0.04118402956885943,0.00027777852992934006,0.26915494546484264
2026-07-31,2026-08-03,2026-08-04,AEP,1,127.13209443755494,127.07253286288997,-0.00046850148208821274,12,0.9899328859060403,0.03333333333333333,1.0,1.0,0.22733233054851032,-0.042000665924490775,-1.561671606960709e-05,-0.015131897930067697
2026-07-31,2026-08-03,2026-08-04,SHEL,1,90.14993607093479,89.34202165630562,-0.008961896700552918,12,0.9718498659517426,0.03333333333333333,1.0,1.0,0.25635859582612,0.03572351173026039,-0.0002987298900184306,-0.28945587435098774
2026-07-31,2026-08-03,2026-08-04,SO,1,92.14910279634877,91.33580925634715,-0.008825843283564172,12,0.9785522788203753,0.03333333333333333,1.0,1.0,0.20439028376677332,-0.2425420748120737,-0.00029419477611880573,-0.2850615522461048
2026-07-31,2026-08-03,2026-08-04,ETR,1,106.36503963670357,107.31934377215593,0.008971971793663158,11,0.970159151193634,0.03333333333333333,1.0,1.0,0.2295997246580774,0.21921502109912008,0.0002990657264554386,0.28978128480625576
2026-07-31,2026-08-03,2026-08-04,LNT,1,70.70999908447266,71.05000305175781,0.0048084283932599,7,0.9845844504021448,0.03333333333333333,1.0,1.0,0.20750809876962645,-0.09491067471683873,0.00016028094644199666,0.15530505330855782
2026-07-31,2026-08-03,2026-08-04,EVRG,1,82.23336386895697,82.32262303680568,0.0010854373899984449,7,0.9798115746971736,0.03333333333333333,1.0,1.0,0.1891665770899888,-0.03999016676692153,3.6181246333281496e-05,0.03505800605310143
2026-07-31,2026-08-03,2026-08-04,UNM,1,86.06999969482422,89.87000274658203,0.044150145988513634,7,0.9691689008042895,0.03333333333333333,1.0,1.0,0.22711088858992184,0.2885435761402694,0.0014716715329504545,1.4259837550951144
2026-07-31,2026-08-03,2026-08-04,ZIM,1,25.06999969482422,26.350000381469727,0.05105706829784151,1,0.9872139973082099,0.03279377138577686,1.0,0.9838131415733058,0.4098971301637721,0.8492722902691608,0.0016743538253874098,1.6223738122440055
2026-07-31,2026-08-03,2026-08-04,PNW,1,99.6500015258789,99.5,-0.001505283728871265,1,0.9778523489932887,0.03333333333333333,1.0,1.0,0.19509763965219756,-0.15356596047563723,-5.017612429570883e-05,-0.04861841554811328
2026-07-31,2026-08-03,2026-08-04,PPL,1,35.099998474121094,35.130001068115234,0.0008547747948268736,1,0.9906040268456375,0.03333333333333333,1.0,1.0,0.21162506579854204,-0.004047495673901675,2.8492493160895785e-05,0.027607948839059246
2026-07-31,2026-08-03,2026-08-04,PEG,1,76.5,75.91999816894531,-0.007581723281760655,0,0.9852348993288591,0.03333333333333333,1.0,1.0,0.19289818976530615,0.15448190802805548,-0.0002527241093920218,-0.24487833490357824
2026-07-31,2026-08-03,2026-08-04,LIN,1,483.0700073242188,481.989990234375,-0.0022357361737818104,0,0.9798657718120806,0.03333333333333333,1.0,1.0,0.19899512781375006,0.1409740744272202,-7.452453912606034e-05,-0.0722109382225103
2026-07-31,2026-08-03,2026-08-04,WMB,1,70.6500015258789,69.56999969482422,-0.015286649790928641,0,0.9778523489932885,0.03333333333333333,1.0,1.0,0.2753971538294515,-0.003882068922860657,-0.0005095549930309547,-0.4937359499867476
2026-07-31,2026-08-03,2026-08-04,SRE,1,88.33999633789062,87.48999786376953,-0.009621898453220923,0,0.9751677852348993,0.03333333333333333,1.0,1.0,0.2061018460182073,0.207349181098385,-0.0003207299484406974,-0.31077294491931
2026-07-31,2026-08-03,2026-08-04,NEE,1,86.10251880639075,85.48714272622982,-0.007147016007100326,0,0.974496644295302,0.03333333333333333,1.0,1.0,0.2269928254519587,0.1465198064629318,-0.00023823386690334422,-0.23083793938487324
2026-07-31,2026-08-03,2026-08-04,DTE,1,141.5800018310547,140.72999572753906,-0.0060037158675130264,0,0.9718120805369128,0.03333333333333333,1.0,1.0,0.21327751844679327,-0.019801625017578633,-0.00020012386225043421,-0.19391105296702035
2026-08-03,2026-08-04,2026-08-05,UTHR,1,517.8599853515625,505.0,-0.024832938854760456,18,0.9912398921832883,0.03333333333333333,1.0,1.0,0.22628000187468747,0.02743948222607288,-0.0008277646284920152,-0.8026233389069308
2026-08-03,2026-08-04,2026-08-05,PEN,1,321.57000732421875,323.3599853515625,0.00556637119934833,17,0.9925876010781671,0.03333333333333333,1.0,1.0,0.07578169938432322,0.13438928792130886,0.00018554570664494434,0.17991021778559566
2026-08-03,2026-08-04,2026-08-05,ENB,1,53.11925813429433,52.84306207617113,-0.005199546601816762,16,0.9952830188679245,0.03333333333333333,1.0,1.0,0.19616999534038904,-0.12108097191221329,-0.00017331822006055875,-0.16805411066166828
2026-08-03,2026-08-04,2026-08-05,XEL,1,77.52999877929688,77.81999969482422,0.003740499420783916,16,0.9993261455525606,0.03333333333333333,1.0,1.0,0.20626065087243103,-0.004845817265541287,0.00012468331402613054,0.12089636880467354
2026-08-03,2026-08-04,2026-08-05,TRP,1,65.69999694824219,66.12999725341797,0.006544906014448237,16,0.9952830188679245,0.03333333333333333,1.0,1.0,0.1938616195712707,0.007681463777199073,0.00021816353381494123,0.2115373596686275
2026-08-03,2026-08-04,2026-08-05,NI,1,44.52000045776367,42.959999084472656,-0.03504046175316189,16,0.9898921832884098,0.03333333333333333,1.0,1.0,0.19582044301897986,0.1441704226082576,-0.001168015391772063,-1.1325398324239018
2026-08-03,2026-08-04,2026-08-05,ET,1,20.231644136470212,20.123453388525263,-0.0053476003835951635,16,0.968371467025572,0.03333333333333333,1.0,1.0,0.18258025812024914,-0.03982627616742831,-0.00017825334611983878,-0.17283934455459507
2026-08-03,2026-08-04,2026-08-05,AEP,1,127.07253286288997,127.91611715876257,0.006638604558097727,13,0.9858490566037736,0.03333333333333333,1.0,1.0,0.2234780358622951,-0.03765581824059543,0.00022128681860325756,0.21456578245799274
2026-08-03,2026-08-04,2026-08-05,SHEL,1,89.34202165630562,89.43619347987669,0.0010540596891051024,13,0.9718498659517426,0.03333333333333333,1.0,1.0,0.2553632334689747,0.039190208545843784,3.513532297017008e-05,0.034068175016448314
2026-08-03,2026-08-04,2026-08-05,SO,1,91.33580925634715,92.73426531592783,0.015311147631655864,13,0.9785522788203753,0.03333333333333333,1.0,1.0,0.19249743724373428,-0.24157281947930312,0.0005103715877218621,0.4948703214907955
2026-08-03,2026-08-04,2026-08-05,ETR,1,107.31934377215593,107.83626523928966,0.004816666306040496,12,0.970159151193634,0.03333333333333333,1.0,1.0,0.22190493605884173,0.2181695570732926,0.0001605555435346832,0.15567906865818387
2026-08-03,2026-08-04,2026-08-05,LNT,1,71.05000305175781,70.62999725341797,-0.005911411404639688,8,0.9845844504021448,0.03333333333333333,1.0,1.0,0.20019157877005542,-0.09165080140472223,-0.00019704704682132294,-0.19106223339066744
2026-08-03,2026-08-04,2026-08-05,EVRG,1,82.32262303680568,82.95731831499683,0.007709852465553446,8,0.9824797843665769,0.03333333333333333,1.0,1.0,0.1856445215908117,-0.04067504288355499,0.0002569950821851149,0.24918949644158142
2026-08-03,2026-08-04,2026-08-05,UNM,1,89.87000274658203,91.3000030517578,0.01591187561447094,8,0.9691689008042895,0.03333333333333333,1.0,1.0,0.22643134287409142,0.270077972792347,0.000530395853815698,0.5142864003593436
2026-08-03,2026-08-04,2026-08-05,ZIM,1,26.350000381469727,27.770000457763672,0.05388994518924339,2,0.9872139973082099,0.03272800632055215,1.0,0.9818401896165646,0.41026670739675125,0.8501971150828759,0.0017637104667677667,1.710142152704827
2026-08-03,2026-08-04,2026-08-05,PNW,1,99.5,101.4499969482422,0.019597959278816024,2,0.9778523489932887,0.03333333333333333,1.0,1.0,0.19084393645695558,-0.15529207622119348,0.0006532653092938674,0.6334240020532244
2026-08-03,2026-08-04,2026-08-05,PPL,1,35.130001068115234,35.25,0.0034158533514443423,2,0.9892183288409704,0.03333333333333333,1.0,1.0,0.20321659295277436,-0.008458497006693575,0.00011386177838147807,0.11040351036128439
2026-08-03,2026-08-04,2026-08-05,PEG,1,75.91999816894531,76.12999725341797,0.0027660575544976584,1,0.9852348993288591,0.03333333333333333,1.0,1.0,0.18660466173319595,0.1502888757036184,9.220191848325528e-05,0.08940151477778308
2026-08-03,2026-08-04,2026-08-05,LIN,1,481.989990234375,490.4299926757813,0.017510742157326176,1,0.9757412398921832,0.03333333333333333,1.0,1.0,0.23170946590866312,0.11583691152621668,0.0005836914052442058,0.565963232110856
2026-08-03,2026-08-04,2026-08-05,WMB,1,69.56999969482422,71.5199966430664,0.028029279240995297,1,0.9818059299191375,0.03333333333333333,1.0,1.0,0.2631931464835897,-0.00016475011645197674,0.0009343093080331766,0.9059319890867334
2026-08-03,2026-08-04,2026-08-05,SRE,1,87.48999786376953,86.66999816894531,-0.009372496454978063,1,0.9751677852348993,0.03333333333333333,1.0,1.0,0.1997576766867621,0.20213444866023986,-0.0003124165484992688,-0.30292767370728624
2026-08-03,2026-08-04,2026-08-05,NEE,1,85.48714272622982,86.2513999466589,0.008940025319089218,1,0.988544474393531,0.03333333333333333,1.0,1.0,0.21243627182303707,0.13960769632140818,0.00029800084396964057,0.2889498103098802
2026-08-03,2026-08-04,2026-08-05,DTE,1,140.72999572753906,141.25999450683594,0.0037660683250710925,1,0.9831536388140161,0.03333333333333333,1.0,1.0,0.20312112356175285,-0.020937050171196164,0.0001255356108357031,0.12172277922074201
2026-08-03,2026-08-04,2026-08-05,ATO,1,171.56554617859402,171.1480385959997,-0.0024335164716562385,0,0.9871967654986523,0.03333333333333333,1.0,1.0,0.17553808472295016,-0.1196269596108221,-8.111721572187461e-05,-0.07865348226359109
2026-08-03,2026-08-04,2026-08-05,YUM,1,148.5,148.17999267578125,-0.0021549314762205896,0,0.9777628032345014,0.03333333333333333,1.0,1.0,0.2467631470307101,0.1047054294123399,-7.183104920735298e-05,-0.06964935993583571
2026-08-04,2026-08-05,2026-08-06,UTHR,1,505.0,519.7899780273438,0.02928708520266099,19,0.991263440860215,0.03333333333333333,1.0,1.0,0.22629331526451218,0.014983311381810138,0.0009762361734220329,0.9501174049441087
2026-08-04,2026-08-05,2026-08-06,PEN,1,323.3599853515625,324.44000244140625,0.003339983729494289,18,0.9925876010781671,0.03333333333333333,1.0,1.0,0.07640338486606231,0.13440634065163506,0.00011133279098314297,0.10835413123783075
2026-08-04,2026-08-05,2026-08-06,ENB,1,52.84306207617113,51.71852948217697,-0.02128060997625747,17,0.9952956989247312,0.03333333333333333,1.0,1.0,0.19546285140725042,-0.12429128504099966,-0.000709353665875249,-0.6903752212402611
2026-08-04,2026-08-05,2026-08-06,XEL,1,77.81999969482422,77.9800033569336,0.002056073795127622,17,0.9966397849462365,0.03333333333333333,1.0,1.0,0.20645315624751476,-0.0066062748966333245,6.853579317092073e-05,0.06670214823640924
2026-08-04,2026-08-05,2026-08-06,TRP,1,66.12999725341797,64.69999694824219,-0.021624079306942212,17,0.9993279569892473,0.03333333333333333,1.0,1.0,0.19923936477947152,-0.007797517908061065,-0.0007208026435647404,-0.7015178865785798
2026-08-04,2026-08-05,2026-08-06,NI,1,42.959999084472656,43.27999877929688,0.007448782626717554,17,0.987231182795699,0.03333333333333333,1.0,1.0,0.19585317820724452,0.14591408012478216,0.00024829275422391846,0.24164979103644688
2026-08-04,2026-08-05,2026-08-06,ET,1,20.123453388525263,20.221808709782465,0.004887596545098294,17,0.968371467025572,0.03333333333333333,1.0,1.0,0.18098709813124822,-0.04349849455203752,0.0001629198848366098,0.15856103513574143
2026-08-04,2026-08-05,2026-08-06,AEP,1,127.91611715876257,127.01300208008277,-0.007060213354966871,14,0.9852150537634409,0.03333333333333333,1.0,1.0,0.22367268391031367,-0.03526244128001698,-0.00023534044516556238,-0.22904401529734272
2026-08-04,2026-08-05,2026-08-06,SHEL,1,89.43619347987669,88.47462119331736,-0.0107514894042946,14,0.9718498659517426,0.03333333333333333,1.0,1.0,0.2532914211166192,0.03154849234769374,-0.00035838298014315335,-0.34879460149091
2026-08-04,2026-08-05,2026-08-06,SO,1,92.73426531592783,93.25000579380313,0.0055614877210519165,14,0.9785522788203753,0.03333333333333333,1.0,1.0,0.19534873193895305,-0.2541671461019107,0.00018538292403506387,0.1804230856225415
2026-08-04,2026-08-05,2026-08-06,ETR,1,107.83626523928966,107.30940560623112,-0.0048857370188909455,13,0.9758064516129032,0.03333333333333333,1.0,1.0,0.22184986188211045,0.221877736885711,-0.00016285790062969818,-0.158500709288962
2026-08-04,2026-08-05,2026-08-06,LNT,1,70.62999725341797,71.05000305175781,0.005946563990833598,9,0.9845844504021448,0.03333333333333333,1.0,1.0,0.19991323401210095,-0.08353876400335702,0.00019821879969445324,0.19291554308694242
2026-08-04,2026-08-05,2026-08-06,EVRG,1,82.95731831499683,84.04821254637531,0.013150066245346315,9,0.9824797843665769,0.03333333333333333,1.0,1.0,0.18561999664004292,-0.036522635697854425,0.0004383355415115438,0.4266080673243768
2026-08-04,2026-08-05,2026-08-06,UNM,1,91.3000030517578,89.69000244140625,-0.017634179151547746,9,0.9691689008042895,0.03333333333333333,1.0,1.0,0.24373364589850294,0.3065298946986484,-0.0005878059717182582,-0.5720794820600908
2026-08-04,2026-08-05,2026-08-06,ZIM,1,27.770000457763672,26.90999984741211,-0.0309686926962629,3,0.9711021505376345,0.03243017768073344,1.0,0.9729053304220031,0.41613558326812217,0.8658965355446536,-0.0010043202066798377,-0.9774500622720339
2026-08-04,2026-08-05,2026-08-06,PNW,1,101.4499969482422,102.62999725341795,0.011631348848416101,3,0.9778523489932887,0.03333333333333333,1.0,1.0,0.1914321473174072,-0.1451887422105623,0.0003877116282805367,0.37733857457595876
2026-08-04,2026-08-05,2026-08-06,PPL,1,35.25,35.29999923706055,0.001418418072639538,3,0.9885752688172043,0.03333333333333333,1.0,1.0,0.20296141925549593,-0.011311929760867511,4.728060242131793e-05,0.04601563074565218
2026-08-04,2026-08-05,2026-08-06,PEG,1,76.12999725341797,76.05999755859375,-0.0009194758616791754,2,0.9852348993288591,0.03333333333333333,1.0,1.0,0.1831063213151322,0.15144514468698556,-3.064919538930585e-05,-0.029829189677366433
2026-08-04,2026-08-05,2026-08-06,LIN,1,490.4299926757813,497.9299926757813,0.015292702550837145,2,0.9757412398921832,0.03333333333333333,1.0,1.0,0.23015116923843879,0.11450322865749521,0.0005097567516945715,0.49611843451267634
2026-08-04,2026-08-05,2026-08-06,WMB,1,71.5199966430664,73.0,0.02069356021253488,2,0.9724462365591398,0.03333333333333333,1.0,1.0,0.26419569296106515,-0.010400845668955534,0.0006897853404178293,0.6713304377043945
2026-08-04,2026-08-05,2026-08-06,SRE,1,86.66999816894531,84.63999938964844,-0.023422162480490782,2,0.9905913978494624,0.03333333333333333,1.0,1.0,0.20031126390425447,0.19386372995404727,-0.0007807387493496928,-0.7598504282741396
2026-08-04,2026-08-05,2026-08-06,NEE,1,86.2513999466589,86.0628190292048,-0.002186409931557387,2,0.988544474393531,0.03333333333333333,1.0,1.0,0.21193317739733875,0.13407901896562432,-7.28803310519129e-05,-0.07093044992154376
2026-08-04,2026-08-05,2026-08-06,DTE,1,141.25999450683594,141.10000610351562,-0.0011325811237559158,2,0.9831536388140161,0.03333333333333333,1.0,1.0,0.19970409687040108,-0.01586611968794304,-3.7752704125197195e-05,-0.03674264716837992
2026-08-04,2026-08-05,2026-08-06,ATO,1,171.1480385959997,172.31104861099143,0.006795345272621267,1,0.9871967654986523,0.03333333333333333,1.0,1.0,0.17514080177509078,-0.1189782327803529,0.00022651150908737557,0.2204512935119783
2026-08-04,2026-08-05,2026-08-06,YUM,1,148.17999267578125,152.6699981689453,0.030301023856764697,1,0.9825268817204301,0.03333333333333333,1.0,1.0,0.2529676965347704,0.07458442929072695,0.0010100341285588232,0.983011110689944
2026-08-04,2026-08-05,2026-08-06,FE,1,47.75655651710522,47.60803204655006,-0.003110033080001573,0,0.9684139784946237,0.03333333333333333,1.0,1.0,0.18955598622692396,-0.08522853391108026,-0.00010366776933338577,-0.10089418386343718
2026-08-05,2026-08-06,2026-08-07,UTHR,1,519.7899780273438,534.8400268554688,0.028954095816239978,20,0.9818548387096775,0.03333333333333333,1.0,1.0,0.2228125827484455,0.08757202431858123,0.0009651365272079993,0.9397115371804283
2026-08-05,2026-08-06,2026-08-07,PEN,1,324.44000244140625,324.92999267578125,0.001510264550264484,19,0.9925876010781671,0.03333333333333333,1.0,1.0,0.07667096694525408,0.09780302800026615,5.03421516754828e-05,0.049015967588327464
2026-08-05,2026-08-06,2026-08-07,ENB,1,51.71852948217697,50.95897763110229,-0.014686261552282365,18,0.9879032258064516,0.03333333333333333,1.0,1.0,0.19705232258279737,-0.11821962259763005,-0.0004895420517427454,-0.4766458433486417
2026-08-05,2026-08-06,2026-08-07,XEL,1,77.9800033569336,76.69000244140625,-0.016542714285644355,18,1.0,0.03333333333333333,1.0,1.0,0.20379139457414402,-0.006193353533336637,-0.0005514238095214785,-0.5368974244321
2026-08-05,2026-08-06,2026-08-07,TRP,1,64.69999694824219,63.7599983215332,-0.01452857296826382,18,0.9986559139784946,0.03333333333333333,1.0,1.0,0.1991568319609483,-0.0076280771748325,-0.00048428576560879396,-0.4715280257305637
2026-08-05,2026-08-06,2026-08-07,NI,1,43.27999877929688,43.150001525878906,-0.003003633481620138,18,0.9919354838709677,0.03333333333333333,1.0,1.0,0.19585317820724452,0.14872018706967355,-0.00010012111605400461,-0.0974835841551899
2026-08-05,2026-08-06,2026-08-07,ET,1,20.221808709782465,20.200000762939453,-0.0010784370061053261,18,0.968371467025572,0.03333333333333333,1.0,1.0,0.18053242314934798,-0.05674584995240076,-3.594790020351087e-05,-0.03500090982606616
2026-08-05,2026-08-06,2026-08-07,AEP,1,127.01300208008277,124.04558470096785,-0.02336309929312541,15,0.987231182795699,0.03333333333333333,1.0,1.0,0.22145157242974145,-0.032305334331659975,-0.0007787699764375136,-0.7582545174050236
2026-08-05,2026-08-06,2026-08-07,SHEL,1,88.47462119331736,88.2168733831962,-0.002913240052850652,15,0.9718498659517426,0.03333333333333333,1.0,1.0,0.25479338016618264,0.012357520817114555,-9.710800176168839e-05,-0.09454984557674878
2026-08-05,2026-08-06,2026-08-07,SO,1,93.25000579380313,91.44490807091314,-0.019357615128533734,15,0.9785522788203753,0.03333333333333333,1.0,1.0,0.1949930501983648,-0.24532273824813702,-0.0006452538376177911,-0.6282556493571694
2026-08-05,2026-08-06,2026-08-07,ETR,1,107.30940560623112,106.58373937332306,-0.006762373053960213,14,0.987231182795699,0.03333333333333333,1.0,1.0,0.22250755864111893,0.2190427070955478,-0.00022541243513200712,-0.21947430228369286
2026-08-05,2026-08-06,2026-08-07,LNT,1,71.05000305175781,69.41000366210938,-0.02308232680093969,10,0.9845844504021448,0.03333333333333333,1.0,1.0,0.20035089620358523,-0.08596165350933882,-0.0007694108933646563,-0.7491419845217886
2026-08-05,2026-08-06,2026-08-07,EVRG,1,84.04821254637531,82.24328164971179,-0.02147494684277329,10,0.9825268817204301,0.03333333333333333,1.0,1.0,0.18566848495404592,-0.019635198108371037,-0.0007158315614257763,-0.6969741150463289
2026-08-05,2026-08-06,2026-08-07,UNM,1,89.69000244140625,89.55999755859375,-0.0014494913510280094,10,0.9691689008042895,0.03333333333333333,1.0,1.0,0.24423052032381126,0.2889327887495893,-4.8316378367600316e-05,-0.0470435600631079
2026-08-05,2026-08-06,2026-08-07,ZIM,1,26.90999984741211,26.40999984741211,-0.018580453468418856,4,0.9711021505376345,0.03186422357211094,1.0,0.9559267071633282,0.4260556065556858,0.8803978250982497,-0.0005920517233889026,-0.576455060389819
2026-08-05,2026-08-06,2026-08-07,PNW,1,102.62999725341795,100.4000015258789,-0.021728498365177318,4,0.9778523489932887,0.03333333333333333,1.0,1.0,0.191228687453841,-0.12892402327505165,-0.000724283278839244,-0.705203185378378
2026-08-05,2026-08-06,2026-08-07,PPL,1,35.29999923706055,34.900001525878906,-0.011331380165065075,4,0.9959677419354839,0.03333333333333333,1.0,1.0,0.20257655692246657,-0.012968188297036226,-0.00037771267216883583,-0.3677624312936294
2026-08-05,2026-08-06,2026-08-07,PEG,1,76.05999755859375,74.80000305175781,-0.016565797361027812,3,0.9852348993288591,0.03333333333333333,1.0,1.0,0.1830758269759245,0.13829271743208185,-0.0005521932453675937,-0.5376465907120318
2026-08-05,2026-08-06,2026-08-07,LIN,1,497.9299926757813,486.5799865722656,-0.02279438127943023,3,0.9757412398921832,0.03333333333333333,1.0,1.0,0.22398521294966828,0.12092885114184918,-0.000759812709314341,-0.7397966493968663
2026-08-05,2026-08-06,2026-08-07,WMB,1,73.0,71.44000244140625,-0.0213698295697774,3,0.9724462365591398,0.03333333333333333,1.0,1.0,0.2661639084894807,0.009085148409048054,-0.0007123276523259132,-0.6935625108705984
2026-08-05,2026-08-06,2026-08-07,SRE,1,84.63999938964844,83.83999633789062,-0.009451831965108126,3,0.9825268817204301,0.03333333333333333,1.0,1.0,0.20154531250007607,0.17138172771908217,-0.0003150610655036042,-0.3067612817707493
2026-08-05,2026-08-06,2026-08-07,NEE,1,86.0628190292048,83.26386642643261,-0.03252220452855936,3,0.9905913978494624,0.03333333333333333,1.0,1.0,0.2110654232179327,0.13024004413287824,-0.001084073484285312,-1.0555152888900525
2026-08-05,2026-08-06,2026-08-07,DTE,1,141.10000610351562,139.4499969482422,-0.01169389853933056,3,0.9791666666666667,0.03333333333333333,1.0,1.0,0.1978743969006978,-0.015633219119243525,-0.00038979661797768533,-0.3795280447287447
2026-08-05,2026-08-06,2026-08-07,ATO,1,172.31104861099143,169.9353722264753,-0.01378713903528872,2,0.980510752688172,0.03333333333333333,1.0,1.0,0.17505087959275778,-0.12218603709750589,-0.00045957130117629065,-0.44746462463886144
2026-08-05,2026-08-06,2026-08-07,YUM,1,152.6699981689453,151.5,-0.007663576229630875,2,0.9905913978494624,0.03333333333333333,1.0,1.0,0.24854207805283884,0.07501029467410612,-0.0002554525409876958,-0.2487230492276869
2026-08-05,2026-08-06,2026-08-07,FE,1,47.60803204655006,46.79999923706055,-0.01697261522382265,1,0.978494623655914,0.03333333333333333,1.0,1.0,0.18956479572499224,-0.07805606556644026,-0.0005657538407940883,-0.5508499537742266
2026-08-06,2026-08-07,2026-08-10,UTHR,1,534.8400268554688,528.5999755859375,-0.011667135884011803,21,0.9818548387096775,0.03333333333333333,1.0,1.0,0.22107851919255697,0.0960509689633663,-0.0003889045294670601,-0.3746024861317139
2026-08-06,2026-08-07,2026-08-10,PEN,1,324.92999267578125,324.8999938964844,-9.232382350987667e-05,20,0.9925876010781671,0.03333333333333333,1.0,1.0,0.07677063509655786,0.11023347876717286,-3.0774607836625554e-06,-0.002964286536113715
2026-08-06,2026-08-07,2026-08-10,ENB,1,50.95897763110229,51.037895004503,0.0015486451469257645,19,0.9946380697050938,0.03333333333333333,1.0,1.0,0.20424428291721478,-0.12202896378320952,5.162150489752548e-05,0.04972311353373261
2026-08-06,2026-08-07,2026-08-10,XEL,1,76.69000244140625,77.69000244140625,0.013039509299325402,19,0.9993297587131367,0.03333333333333333,1.0,1.0,0.20405279677290367,-0.01372999828702049,0.0004346503099775134,0.41866595624026387
2026-08-06,2026-08-07,2026-08-10,TRP,1,63.7599983215332,63.560001373291016,-0.0031367150800981625,19,0.9993297587131367,0.03333333333333333,1.0,1.0,0.2043508016248084,-0.005412152671728389,-0.00010455716933660542,-0.10071205812403487
2026-08-06,2026-08-07,2026-08-10,NI,1,43.150001525878906,42.34000015258789,-0.018771757697510716,19,0.9932975871313673,0.03333333333333333,1.0,1.0,0.20799327436749052,0.14201987332075608,-0.0006257252565836905,-0.602714082741246
2026-08-06,2026-08-07,2026-08-10,ET,1,20.200000762939453,20.239999771118164,0.0019801488449493476,19,0.968371467025572,0.03333333333333333,1.0,1.0,0.1778831178079772,-0.056729611973705435,6.600496149831159e-05,0.06357761558647472
2026-08-06,2026-08-07,2026-08-10,AEP,1,124.04558470096785,125.0500030517578,0.008097171319811691,16,0.9886058981233243,0.03333333333333333,1.0,1.0,0.2199988396281678,-0.04035514995883111,0.0002699057106603897,0.2599798731402863
2026-08-06,2026-08-07,2026-08-10,SHEL,1,88.2168733831962,87.97896165760497,-0.002696895916473818,16,0.9718498659517426,0.03333333333333333,1.0,1.0,0.2588385516987722,0.019420308320371015,-8.989653054912728e-05,-0.08659056731600995
2026-08-06,2026-08-07,2026-08-10,SO,1,91.44490807091314,91.59367998786598,0.001626902143501141,16,0.9785522788203753,0.03333333333333333,1.0,1.0,0.19500539767219746,-0.2571340269732609,5.423007145003803e-05,0.05223574951961408
2026-08-06,2026-08-07,2026-08-10,ETR,1,106.58373937332306,106.11652692201343,-0.004383524673244432,15,0.9792225201072386,0.03333333333333333,1.0,1.0,0.2243438408988677,0.20690030574270601,-0.00014611748910814772,-0.1407439886654029
2026-08-06,2026-08-07,2026-08-10,LNT,1,69.41000366210938,69.55000305175781,0.0020169915323726695,11,0.9859249329758712,0.03333333333333333,1.0,1.0,0.20010589603772086,-0.09695057594558587,6.723305107908898e-05,0.06476054192261714
2026-08-06,2026-08-07,2026-08-10,EVRG,1,82.24328164971179,82.17386063113457,-0.0008440934892760543,11,0.9912868632707774,0.03333333333333333,1.0,1.0,0.18628542781593846,-0.03651188319041026,-2.8136449642535143e-05,-0.027101725972328034
2026-08-06,2026-08-07,2026-08-10,UNM,1,89.55999755859375,90.3499984741211,0.008820912651437807,11,0.9691689008042895,0.03333333333333333,1.0,1.0,0.25007229739857206,0.2952760752554311,0.00029403042171459356,0.28321739302851745
2026-08-06,2026-08-07,2026-08-10,ZIM,1,26.40999984741211,26.15999984741211,-0.009466111376161046,5,0.9711021505376345,0.03333333333333333,1.0,1.0,0.3841993768899912,0.8792616324080166,-0.00031553704587203486,-0.30393310669921736
2026-08-06,2026-08-07,2026-08-10,PNW,1,100.4000015258789,100.4499969482422,0.0004979623665684052,5,0.9778523489932887,0.03333333333333333,1.0,1.0,0.19094696906572742,-0.144862834525479,1.6598745552280173e-05,0.015988323301538033
2026-08-06,2026-08-07,2026-08-10,PPL,1,34.900001525878906,35.20000076293945,0.008595966302124447,5,0.9912868632707774,0.03333333333333333,1.0,1.0,0.2016774130502308,-0.02453929413543814,0.0002865322100708149,0.27599492964617944
2026-08-06,2026-08-07,2026-08-10,PEG,1,74.80000305175781,75.44999694824219,0.008689757619857463,4,0.9765415549597856,0.03333333333333333,1.0,1.0,0.1831946481975181,0.12971814189046604,0.00028965858732858213,0.27900633374309275
2026-08-06,2026-08-07,2026-08-10,LIN,1,486.5799865722656,489.2900085449219,0.005569530287809599,4,0.9757412398921832,0.03333333333333333,1.0,1.0,0.22387880663887838,0.10531940649213971,0.0001856510095936533,0.17882365587756832
2026-08-06,2026-08-07,2026-08-10,WMB,1,71.44000244140625,71.0,-0.0061590485214096935,4,0.9724462365591398,0.03333333333333333,1.0,1.0,0.2655706837718383,0.009523925990339483,-0.00020530161738032313,-0.19775160855781404
2026-08-06,2026-08-07,2026-08-10,SRE,1,83.83999633789062,83.8499984741211,0.00011930029421947097,4,0.9825268817204301,0.03333333333333333,1.0,1.0,0.20619010246361086,0.15630499207650556,3.976676473982366e-06,0.003830433386149251
2026-08-06,2026-08-07,2026-08-10,NEE,1,83.26386642643261,83.55170216776712,0.003456910586644657,4,0.9805630026809651,0.03333333333333333,1.0,1.0,0.21181650865044788,0.13378593115011783,0.00011523035288815523,0.110992733175132
2026-08-06,2026-08-07,2026-08-10,DTE,1,139.4499969482422,139.1699981689453,-0.002007879422190273,4,0.9879356568364611,0.03333333333333333,1.0,1.0,0.19509247264504517,-0.02739070198140384,-6.692931407300909e-05,-0.06446797490684171
2026-08-06,2026-08-07,2026-08-10,ATO,1,169.9353722264753,171.23752433285324,0.00766263132458711,3,0.9812332439678284,0.03333333333333333,1.0,1.0,0.17504553900271796,-0.142935478088057,0.0002554210441529037,0.24602788319579116
2026-08-06,2026-08-07,2026-08-10,YUM,1,151.5,149.60000610351562,-0.012541213838180743,3,0.9905913978494624,0.03333333333333333,1.0,1.0,0.2566974051677037,0.06084293201933519,-0.00041804046127269143,-0.40266693810688176
2026-08-06,2026-08-07,2026-08-10,FE,1,46.79999923706055,47.18999862670898,0.008333320427484026,2,0.9886058981233243,0.03333333333333333,1.0,1.0,0.1865503203789543,-0.08969040396673628,0.00027777734758280086,0.2675620290105258
2026-08-06,2026-08-07,2026-08-10,AEE,1,107.88999938964844,108.31999969482422,0.003985543679751347,0,0.9819034852546917,0.03333333333333333,1.0,1.0,0.21904539624790062,-0.10948959285954539,0.00013285145599171156,0.12796581662062723
2026-08-07,2026-08-10,2026-08-11,UTHR,1,528.5999755859375,528.0599975585938,-0.0010215248813532085,22,0.9818548387096775,0.03333333333333333,1.0,1.0,0.21002156537998207,0.1066183479422721,-3.405082937844028e-05,-0.03281092945422148
2026-08-07,2026-08-10,2026-08-11,PEN,1,324.8999938964844,325.7900085449219,0.002739349538803282,21,0.9925876010781671,0.03333333333333333,1.0,1.0,0.07742760466327006,0.10894250448186668,9.131165129344273e-05,0.08798670116489407
2026-08-07,2026-08-10,2026-08-11,ENB,1,51.037895004503,50.781422249307056,-0.00502514367360396,20,0.9979811574697173,0.03333333333333333,1.0,1.0,0.20291297494587607,-0.12073689428250166,-0.000167504789120132,-0.16140540243477158
2026-08-07,2026-08-10,2026-08-11,XEL,1,77.69000244140625,76.4800033569336,-0.015574707767389229,20,0.9979811574697174,0.03333333333333333,1.0,1.0,0.20301668030961598,-0.01585209912139165,-0.0005191569255796409,-0.5002527565936299
2026-08-07,2026-08-10,2026-08-11,TRP,1,63.560001373291016,63.43999862670898,-0.0018880230331849157,20,0.9993270524899058,0.03333333333333333,1.0,1.0,0.20310509405619864,-0.003018300075040298,-6.293410110616385e-05,-0.06064246860802218
2026-08-07,2026-08-10,2026-08-11,NI,1,42.34000015258789,41.72999954223633,-0.014407194335219642,20,0.9946164199192462,0.03333333333333333,1.0,1.0,0.20798243917487821,0.137029529573897,-0.00048023981117398804,-0.4627527391598627
2026-08-07,2026-08-10,2026-08-11,ET,1,20.239999771118164,20.57999992370605,0.016798426701222446,20,0.9804845222072678,0.03333333333333333,1.0,1.0,0.17304884087986266,-0.06063998901055169,0.0005599475567074149,0.5395580699958924
2026-08-07,2026-08-10,2026-08-11,AEP,1,125.0500030517578,122.52999877929688,-0.02015197289853643,17,0.9872139973082099,0.03333333333333333,1.0,1.0,0.2112245834647343,-0.04461801170745149,-0.0006717324299512144,-0.6472724974269519
2026-08-07,2026-08-10,2026-08-11,SHEL,1,87.97896165760497,89.46593230863961,0.016901434422715855,17,0.9718498659517426,0.03333333333333333,1.0,1.0,0.25599352705337297,0.01886302323826306,0.0005633811474238618,0.5428666326602527
2026-08-07,2026-08-10,2026-08-11,SO,1,91.59367998786598,90.44318849049583,-0.012560817487872189,17,0.9785522788203753,0.03333333333333333,1.0,1.0,0.18857673879125053,-0.2633156230470405,-0.0004186939162624063,-0.4034479277058594
2026-08-07,2026-08-10,2026-08-11,ETR,1,106.11652692201343,105.36103157099409,-0.007119488103625726,16,0.9811574697173621,0.03333333333333333,1.0,1.0,0.21213420833877822,0.20282610434920492,-0.00023731627012085754,-0.22867482347447873
2026-08-07,2026-08-10,2026-08-11,LNT,1,69.55000305175781,68.05999755859375,-0.021423514418183798,12,0.9818304172274563,0.03333333333333333,1.0,1.0,0.19996811295592082,-0.09720708965366756,-0.0007141171472727933,-0.6881138512312728
2026-08-07,2026-08-10,2026-08-11,EVRG,1,82.17386063113457,81.61849933725667,-0.006758369262591102,12,0.9831763122476447,0.03333333333333333,1.0,1.0,0.1855942505186789,-0.037031445186310484,-0.0002252789754197034,-0.21707584528602633
2026-08-07,2026-08-10,2026-08-11,UNM,1,90.3499984741211,90.73999786376952,0.004316540080076869,12,0.9691689008042895,0.03333333333333333,1.0,1.0,0.24982387083986285,0.29464413744650386,0.00014388466933589565,0.13864536697931978
2026-08-07,2026-08-10,2026-08-11,ZIM,1,26.15999984741211,25.030000686645508,-0.04319568682560171,6,0.9711021505376345,0.03333333333333333,1.0,1.0,0.3813464505249398,0.884807245942832,-0.001439856227520057,-1.3874264435771595
2026-08-07,2026-08-10,2026-08-11,PNW,1,100.4499969482422,99.2300033569336,-0.012145282512424749,6,0.9778523489932887,0.03333333333333333,1.0,1.0,0.19008527864769273,-0.143830628133345,-0.00040484275041415826,-0.39010112723722407
2026-08-07,2026-08-10,2026-08-11,PPL,1,35.20000076293945,34.939998626708984,-0.007386424164632754,6,0.9838492597577388,0.03333333333333333,1.0,1.0,0.20103118831329392,-0.02715606864079725,-0.0002462141388210918,-0.23724869223319864
2026-08-07,2026-08-10,2026-08-11,PEG,1,75.44999694824219,74.45999908447266,-0.01312124458333186,5,0.9765415549597856,0.03333333333333333,1.0,1.0,0.18340106981087642,0.12317151957992437,-0.0004373748194443953,-0.421448599279324
2026-08-07,2026-08-10,2026-08-11,LIN,1,489.2900085449219,491.0400085449219,0.0035766109453252426,5,0.9757412398921832,0.03333333333333333,1.0,1.0,0.22379964984602133,0.10761172631128167,0.00011922036484417476,0.11487916893106653
2026-08-07,2026-08-10,2026-08-11,WMB,1,71.0,72.12999725341797,0.015915454273492502,5,0.9724462365591398,0.03333333333333333,1.0,1.0,0.2583187851741935,0.0019149413550920804,0.0005305151424497501,0.5111973843531776
2026-08-07,2026-08-10,2026-08-11,SRE,1,83.8499984741211,84.3499984741211,0.005963029327356706,5,0.9798115746971736,0.03333333333333333,1.0,1.0,0.20589051485122134,0.15442883257597306,0.00019876764424522352,0.1915298767213333
2026-08-07,2026-08-10,2026-08-11,NEE,1,83.55170216776712,83.85938162678961,0.0036825037795722437,5,0.9777927321668909,0.03333333333333333,1.0,1.0,0.21300697689704248,0.13944025015199227,0.00012275012598574145,0.1182804001468773
2026-08-07,2026-08-10,2026-08-11,DTE,1,139.1699981689453,136.77999877929688,-0.017173237199781366,5,0.9899057873485868,0.03333333333333333,1.0,1.0,0.1946056564170089,-0.030974987525533897,-0.0005724412399927121,-0.5515968181961588
2026-08-07,2026-08-10,2026-08-11,ATO,1,171.23752433285324,166.7843591109396,-0.026005779044419808,4,0.9812332439678284,0.03333333333333333,1.0,1.0,0.1733323904054619,-0.1494595199648626,-0.0008668593014806602,-0.8352941736457778
2026-08-07,2026-08-10,2026-08-11,YUM,1,149.60000610351562,145.16000366210938,-0.02967915949371014,4,0.9818304172274563,0.03333333333333333,1.0,1.0,0.25516385972588773,0.042572389488579505,-0.0009893053164570047,-0.9532815364406224
2026-08-07,2026-08-10,2026-08-11,FE,1,47.18999862670898,46.59000015258789,-0.012714526204319343,3,0.9886058981233243,0.03333333333333333,1.0,1.0,0.186852551767064,-0.09126135559671747,-0.0004238175401439781,-0.4083849840065984
2026-08-07,2026-08-10,2026-08-11,AEE,1,108.31999969482422,107.0,-0.012186112431158858,1,0.9819034852546917,0.03333333333333333,1.0,1.0,0.216280270849937,-0.11318728355552997,-0.00040620374770529525,-0.39141256625125165
2026-08-07,2026-08-10,2026-08-11,KIM,1,24.32999992370605,23.989999771118164,-0.013974523372546566,0,0.9777927321668909,0.03333333333333333,1.0,1.0,0.20741303707258896,0.14054354378074216,-0.0004658174457515522,-0.4488555383258012
2026-08-10,2026-08-11,2026-08-12,UTHR,1,528.0599975585938,510.4400024414063,-0.03336741127646636,23,0.97911051212938,0.03333333333333333,1.0,1.0,0.1910731050265294,0.11375014933651531,-0.0011122470425488787,-1.0637220582318485
2026-08-10,2026-08-11,2026-08-12,PEN,1,325.7900085449219,325.6000061035156,-0.0005832052439387336,22,0.9925876010781671,0.03333333333333333,1.0,1.0,0.07738773072258293,0.10918719723512865,-1.944017479795779e-05,-0.018592041118025104
2026-08-10,2026-08-11,2026-08-12,ENB,1,50.781422249307056,50.988569955156805,0.004079202524749581,21,0.9966307277628033,0.03333333333333333,1.0,1.0,0.20336194936765353,-0.12579056524896073,0.0001359734174916527,0.13004118508382817
2026-08-10,2026-08-11,2026-08-12,XEL,1,76.4800033569336,77.66000366210938,0.015428873605937143,21,0.9986522911051213,0.03333333333333333,1.0,1.0,0.20515289715119356,-0.008887031848479193,0.0005142957868645714,0.4918581502270065
2026-08-10,2026-08-11,2026-08-12,TRP,1,63.43999862670898,63.52999877929688,0.001418665739850944,21,1.0,0.03333333333333333,1.0,1.0,0.20383072526429502,-0.01357826504946242,4.7288857995031466e-05,0.04522574521091424
2026-08-10,2026-08-11,2026-08-12,NI,1,41.72999954223633,41.81999969482422,0.0021567254630998622,21,0.9784366576819407,0.03333333333333333,1.0,1.0,0.20980776905242268,0.1417307970028814,7.189084876999541e-05,0.06875440320021661
2026-08-10,2026-08-11,2026-08-12,ET,1,20.57999992370605,20.780000686645508,0.009718210091394397,21,0.9804845222072678,0.03333333333333333,1.0,1.0,0.17427944759935096,-0.06678322087378863,0.0003239403363798132,0.3098075051461504
2026-08-10,2026-08-11,2026-08-12,AEP,1,122.52999877929688,123.62000274658205,0.008895813091849503,18,0.9892183288409704,0.03333333333333333,1.0,1.0,0.21114884809358464,-0.04433361633352744,0.0002965271030616501,0.2835902531756153
2026-08-10,2026-08-11,2026-08-12,SHEL,1,89.46593230863961,88.96036360028312,-0.005650963392550112,18,0.9718498659517426,0.03333333333333333,1.0,1.0,0.24765374503045776,0.01598353918922137,-0.00018836544641833707,-0.1801474606798688
2026-08-10,2026-08-11,2026-08-12,SO,1,90.44318849049583,91.00852053100007,0.006250686756401169,18,0.9785522788203753,0.03333333333333333,1.0,1.0,0.18718114450744855,-0.26559253702082725,0.0002083562252133723,0.1992660841079711
2026-08-10,2026-08-11,2026-08-12,ETR,1,105.36103157099409,107.34916769502796,0.01886974808797537,17,0.9797843665768194,0.03333333333333333,1.0,1.0,0.21210671677138992,0.20573772820019867,0.0006289916029325123,0.601550030601694
2026-08-10,2026-08-11,2026-08-12,LNT,1,68.05999755859375,68.94999694824219,0.013076688533264047,13,0.9845013477088949,0.03333333333333333,1.0,1.0,0.19933186984250553,-0.09610281270533554,0.0004358896177754682,0.4168726763430694
2026-08-10,2026-08-11,2026-08-12,EVRG,1,81.61849933725667,81.70775141996712,0.0010935276124308668,13,0.9952830188679245,0.03333333333333333,1.0,1.0,0.18080611678103506,-0.03681846711993025,3.6450920414362224e-05,0.034860643907629676
2026-08-10,2026-08-11,2026-08-12,UNM,1,90.73999786376952,89.87000274658203,-0.009587779784760775,13,0.9691689008042895,0.03333333333333333,1.0,1.0,0.25013476065968837,0.2949161045854753,-0.0003195926594920258,-0.30564950819881215
2026-08-10,2026-08-11,2026-08-12,ZIM,1,25.030000686645508,24.649999618530277,-0.015181824118685516,7,0.9711021505376345,0.03333333333333333,1.0,1.0,0.3617816007299968,0.8954355062246457,-0.0005060608039561839,-0.48398244219298925
2026-08-10,2026-08-11,2026-08-12,PNW,1,99.2300033569336,100.4000015258789,0.011790770224372471,7,0.9804582210242587,0.03333333333333333,1.0,1.0,0.18965117227982112,-0.14426614725218517,0.000393025674145749,0.3758787958493524
2026-08-10,2026-08-11,2026-08-12,PPL,1,34.939998626708984,35.369998931884766,0.012306820895152448,7,0.9912398921832885,0.03333333333333333,1.0,1.0,0.2071205777731365,-0.023723012945316518,0.00041022736317174825,0.39233001159173636
2026-08-10,2026-08-11,2026-08-12,PEG,1,74.45999908447266,75.4800033569336,0.013698687684695843,6,0.9765415549597856,0.03333333333333333,1.0,1.0,0.18034896175228662,0.13664356069083178,0.00045662292282319477,0.43670143117506727
2026-08-10,2026-08-11,2026-08-12,LIN,1,491.0400085449219,487.8500061035156,-0.006496420629469757,6,0.9757412398921832,0.03333333333333333,1.0,1.0,0.22151336726472232,0.10623651850233061,-0.00021654735431565856,-0.20709985158462754
2026-08-10,2026-08-11,2026-08-12,WMB,1,72.12999725341797,72.31999969482422,0.0026341667633607013,6,0.9724462365591398,0.03333333333333333,1.0,1.0,0.26015762946250875,-0.0015093345822155576,8.780555877869004e-05,0.08397478809583903
2026-08-10,2026-08-11,2026-08-12,SRE,1,84.3499984741211,85.56999969482422,0.014463559487525313,6,0.9798115746971736,0.03333333333333333,1.0,1.0,0.20163511723529323,0.1589562481843547,0.0004821186495841771,0.4610848333409734
2026-08-10,2026-08-11,2026-08-12,NEE,1,83.85938162678961,84.85191883818928,0.011835732533980403,6,0.9777927321668909,0.03333333333333333,1.0,1.0,0.20923094681937018,0.143568581589011,0.00039452441779934676,0.3773121524895404
2026-08-10,2026-08-11,2026-08-12,DTE,1,136.77999877929688,137.9199981689453,0.008334547447159224,6,0.9939353099730458,0.03333333333333333,1.0,1.0,0.1945142412492777,-0.029922691329459995,0.0002778182482386408,0.2656976260899221
2026-08-10,2026-08-11,2026-08-12,ATO,1,166.7843591109396,168.0467555892865,0.0075690339614351565,5,0.9812332439678284,0.03333333333333333,1.0,1.0,0.17183677859813054,-0.15392320361815578,0.00025230113204783856,0.24129376766974692
2026-08-10,2026-08-11,2026-08-12,YUM,1,145.16000366210938,144.61000061035156,-0.003788943496020214,5,0.9764150943396226,0.03333333333333333,1.0,1.0,0.2553706266500557,0.034056181725770726,-0.00012629811653400714,-0.12078799702850725
2026-08-10,2026-08-11,2026-08-12,FE,1,46.59000015258789,46.7599983215332,0.0036488123715077148,4,0.986522911051213,0.03333333333333333,1.0,1.0,0.18821526436437672,-0.08672952212034461,0.00012162707905025715,0.11632074702359273
2026-08-10,2026-08-11,2026-08-12,AEE,1,107.0,107.98999786376952,0.009252316483827183,2,0.9819034852546917,0.03333333333333333,1.0,1.0,0.2159876461431922,-0.11002866877411013,0.0003084105494609061,0.29495524996062494
2026-08-10,2026-08-11,2026-08-12,KIM,1,23.989999771118164,24.0,0.0004168498948413646,1,0.9777628032345014,0.03333333333333333,1.0,1.0,0.20601473337057943,0.14038909679031106,1.3894996494712153e-05,0.013288787207388771
2026-08-11,2026-08-12,2026-08-13,UTHR,1,510.4400024414063,515.6199951171875,0.010148093117713364,24,0.9859249329758712,0.03333333333333333,1.0,1.0,0.19337784250229656,0.11385751410119059,0.00033826977059044544,0.3246147671338076
2026-08-11,2026-08-12,2026-08-13,PEN,1,325.6000061035156,327.25,0.005067548727132998,23,0.9925876010781671,0.03333333333333333,1.0,1.0,0.07629220917367566,0.1091879626171059,0.00016891829090443324,0.16209953248518907
2026-08-11,2026-08-12,2026-08-13,ENB,1,50.988569955156805,50.732101384783434,-0.005029922796401798,22,0.9973190348525469,0.03333333333333333,1.0,1.0,0.20298822614610154,-0.12581532664187944,-0.00016766409321339326,-0.1608959632430837
2026-08-11,2026-08-12,2026-08-13,XEL,1,77.66000366210938,78.95999908447266,0.016739574569419657,22,0.9973190348525469,0.03333333333333333,1.0,1.0,0.20582190375038142,-0.007907125369606732,0.0005579858189806552,0.5354614938728091
2026-08-11,2026-08-12,2026-08-13,TRP,1,63.52999877929688,63.56999969482422,0.0006296382228228037,22,0.9979892761394102,0.03333333333333333,1.0,1.0,0.20359262065616412,-0.013852013289345502,2.0987940760760123e-05,0.0201407163601415
2026-08-11,2026-08-12,2026-08-13,NI,1,41.81999969482422,42.18999862670898,0.008847415939377656,22,0.985254691689008,0.03333333333333333,1.0,1.0,0.21266837964965138,0.14444043948613589,0.00029491386464592186,0.2830090177123004
2026-08-11,2026-08-12,2026-08-13,ET,1,20.780000686645508,20.93000030517578,0.007218460710959995,22,0.9804845222072678,0.03333333333333333,1.0,1.0,0.1779120360644172,-0.06983702443690935,0.00024061535703199984,0.23090238881063874
2026-08-11,2026-08-12,2026-08-13,AEP,1,123.62000274658205,124.73999786376952,0.009059982950198053,19,0.9832439678284182,0.03333333333333333,1.0,1.0,0.213077074736916,-0.043029531495173724,0.0003019994316732684,0.28980856023890084
2026-08-11,2026-08-12,2026-08-13,SHEL,1,88.96036360028312,88.60348443330568,-0.004011664886858668,19,0.9718498659517426,0.03333333333333333,1.0,1.0,0.24942426945016707,0.013535202250990476,-0.00013372216289528894,-0.12832417361183318
2026-08-11,2026-08-12,2026-08-13,SO,1,91.00852053100007,92.0598358022426,0.01155183344491828,19,0.9785522788203753,0.03333333333333333,1.0,1.0,0.18897999083834216,-0.2638469337303973,0.00038506111483060934,0.3695172758264589
2026-08-11,2026-08-12,2026-08-13,ETR,1,107.34916769502796,107.3000030517578,-0.0004579881178942147,18,0.9792225201072386,0.03333333333333333,1.0,1.0,0.21375370664684887,0.20703384850610035,-1.5266270596473823e-05,-0.014650013999258669
2026-08-11,2026-08-12,2026-08-13,LNT,1,68.94999694824219,70.45999908447266,0.021899959435298655,14,0.9845013477088949,0.03333333333333333,1.0,1.0,0.20194484916659872,-0.0943796526473127,0.0007299986478432885,0.7005306464837765
2026-08-11,2026-08-12,2026-08-13,EVRG,1,81.70775141996712,82.86806507021424,0.014200778140170067,14,0.9993297587131367,0.03333333333333333,1.0,1.0,0.18202438317319428,-0.03628134694487846,0.00047335927133900223,0.4542510829984263
2026-08-11,2026-08-12,2026-08-13,UNM,1,89.87000274658203,92.63999938964844,0.030822260580956273,14,0.9691689008042895,0.03333333333333333,1.0,1.0,0.25034929189995603,0.29139356517367015,0.0010274086860318757,0.9859350742023081
2026-08-11,2026-08-12,2026-08-13,ZIM,1,24.649999618530277,26.420000076293945,0.07180529351542453,8,0.9711021505376345,0.03333333333333333,1.0,1.0,0.38127632764085645,0.9008209427683939,0.002393509783847484,2.296890495890167
2026-08-11,2026-08-12,2026-08-13,PNW,1,100.4000015258789,100.91000366210938,0.005079702474894976,8,0.9839142091152815,0.03333333333333333,1.0,1.0,0.19299893889522826,-0.14165788081577027,0.00016932341582983254,0.16248830365173184
2026-08-11,2026-08-12,2026-08-13,PPL,1,35.369998931884766,35.56999969482422,0.005654531212302638,8,0.9839142091152815,0.03333333333333333,1.0,1.0,0.20350183545257178,-0.02215216675408505,0.00018848437374342127,0.18087578734654583
2026-08-11,2026-08-12,2026-08-13,PEG,1,75.4800033569336,75.83000183105469,0.004636969509208999,7,0.9845844504021448,0.03333333333333333,1.0,1.0,0.1817771955619392,0.13963882616492043,0.00015456565030696662,0.1483262678001139
2026-08-11,2026-08-12,2026-08-13,LIN,1,487.8500061035156,479.8599853515625,-0.016378027369047032,7,0.9757412398921832,0.03333333333333333,1.0,1.0,0.22172765920086254,0.10542584547468208,-0.0005459342456349011,-0.5238964087976649
2026-08-11,2026-08-12,2026-08-13,WMB,1,72.31999969482422,73.5,0.016316375970065522,7,0.9724462365591398,0.03333333333333333,1.0,1.0,0.26204948471265216,-0.004334674741685987,0.000543879199002184,0.5219243186432176
2026-08-11,2026-08-12,2026-08-13,SRE,1,85.56999969482422,86.19000244140625,0.007245562098787017,7,0.9798115746971736,0.03333333333333333,1.0,1.0,0.20202719241543055,0.16044137142780568,0.00024151873662623392,0.23176930150018787
2026-08-11,2026-08-12,2026-08-13,NEE,1,84.85191883818928,85.10998045594168,0.003041317406675459,7,0.9777927321668909,0.03333333333333333,1.0,1.0,0.20926944369213882,0.14651757246442518,0.00010137724688918197,0.09728493129657102
2026-08-11,2026-08-12,2026-08-13,DTE,1,137.9199981689453,139.27999877929688,0.009860793419425917,7,0.9939353099730458,0.03333333333333333,1.0,1.0,0.1985214424440022,-0.027545056260668034,0.0003286931139808639,0.3154246933361593
2026-08-11,2026-08-12,2026-08-13,ATO,1,168.0467555892865,169.27931906159637,0.007334646051259108,6,0.9812332439678284,0.03333333333333333,1.0,1.0,0.1733848344276423,-0.14922886288843612,0.00024448820170863694,0.23461889759195126
2026-08-11,2026-08-12,2026-08-13,YUM,1,144.61000061035156,152.0,0.051102962163458,6,0.9764150943396226,0.03333333333333333,1.0,1.0,0.25663317950840286,0.03750572707674048,0.0017034320721152666,1.6346692891084345
2026-08-11,2026-08-12,2026-08-13,FE,1,46.7599983215332,47.13999938964844,0.008126627069193981,5,0.9872654155495979,0.03333333333333333,1.0,1.0,0.186821865238895,-0.08461472887015861,0.0002708875689731327,0.25995259632029455
2026-08-11,2026-08-12,2026-08-13,AEE,1,107.98999786376952,109.41999816894533,0.013241969936695241,3,0.9819034852546917,0.03333333333333333,1.0,1.0,0.218610299178239,-0.10813380207573484,0.00044139899788984136,0.4235809562971159
2026-08-11,2026-08-12,2026-08-13,KIM,1,24.0,24.309999465942383,0.012916644414265877,2,0.9792225201072386,0.03333333333333333,1.0,1.0,0.20812368664608205,0.14071363298367398,0.00043055481380886257,0.4131745215629135
2026-08-11,2026-08-12,2026-08-13,CPT,1,107.91000366210938,109.0500030517578,0.01056435317357618,0,0.9845844504021448,0.03333333333333333,1.0,1.0,0.2121363227304574,0.09979646860415,0.0003521451057858727,0.33792999389943085
2026-08-11,2026-08-12,2026-08-13,EQR,1,65.04000091552734,65.08999633789062,0.0007686872948882151,0,0.9792225201072386,0.03333333333333333,1.0,1.0,0.20874141643854477,0.17861628602724663,2.562290982960717e-05,0.024588584705958982
2026-08-12,2026-08-13,2026-08-14,UTHR,1,515.6199951171875,498.9100036621094,-0.03240757071742406,25,0.9772117962466488,0.03333333333333333,1.0,1.0,0.19908276503122324,0.11945257210568412,-0.0010802523572474687,-1.0482561763286506
2026-08-12,2026-08-13,2026-08-14,PEN,1,327.25,327.2799987792969,9.166930266424345e-05,24,0.9925876010781671,0.03333333333333333,1.0,1.0,0.07621630026646131,0.11053660832863908,3.0556434221414483e-06,0.002965137792505653
2026-08-12,2026-08-13,2026-08-14,ENB,1,50.732101384783434,51.150001525878906,0.008237390718863757,23,0.9966487935656836,0.03333333333333333,1.0,1.0,0.20027542191642272,-0.125798595940182,0.0002745796906287919,0.2664468674055427
2026-08-12,2026-08-13,2026-08-14,XEL,1,78.95999908447266,78.94999694824219,-0.00012667345930139629,23,0.9946380697050938,0.03333333333333333,1.0,1.0,0.20453286802500703,-0.010778674578967584,-4.2224486433798765e-06,-0.004097383208615867
2026-08-12,2026-08-13,2026-08-14,TRP,1,63.56999969482422,63.27000045776367,-0.0047191951942855415,23,0.9979892761394102,0.03333333333333333,1.0,1.0,0.2024285024722505,-0.011380581525378538,-0.0001573065064761847,-0.15264721792462435
2026-08-12,2026-08-13,2026-08-14,NI,1,42.18999862670898,41.97999954223633,-0.0049774612777471194,23,0.985254691689008,0.03333333333333333,1.0,1.0,0.2125006328013832,0.14431682468297302,-0.00016591537592490398,-0.16100109978406443
2026-08-12,2026-08-13,2026-08-14,ET,1,20.93000030517578,20.780000686645508,-0.0071667279667062544,23,0.9804845222072678,0.03333333333333333,1.0,1.0,0.17676483384226915,-0.07138519083374642,-0.0002388909322235418,-0.2318151804920059
2026-08-12,2026-08-13,2026-08-14,AEP,1,124.73999786376952,124.87000274658205,0.0010422068706021914,20,0.9832439678284182,0.03333333333333333,1.0,1.0,0.21328808239088637,-0.04314646908465823,3.4740229020073044e-05,0.03371125218384589
2026-08-12,2026-08-13,2026-08-14,SHEL,1,88.60348443330568,89.77999877929688,0.013278420747400599,20,0.9718498659517426,0.03333333333333333,1.0,1.0,0.24768330743861494,0.011135216867333035,0.0004426140249133533,0.4295041637560778
2026-08-12,2026-08-13,2026-08-14,SO,1,92.0598358022426,91.83171408900837,-0.002477972193262068,20,0.9785522788203753,0.03333333333333333,1.0,1.0,0.18723697301365455,-0.26301398420117794,-8.25990731087356e-05,-0.0801525569135311
2026-08-12,2026-08-13,2026-08-14,ETR,1,107.3000030517578,106.58999633789062,-0.006617024172167918,19,0.9812332439678284,0.03333333333333333,1.0,1.0,0.2129564108040332,0.2060849265986265,-0.00022056747240559727,-0.2140344463913072
2026-08-12,2026-08-13,2026-08-14,LNT,1,70.45999908447266,70.01000213623047,-0.006386559098626954,15,0.9845013477088949,0.03333333333333333,1.0,1.0,0.20118596532036867,-0.09265518520761877,-0.00021288530328756513,-0.2065798167655987
2026-08-12,2026-08-13,2026-08-14,EVRG,1,82.86806507021424,82.69947533618782,-0.0020344355076178378,15,0.9993297587131367,0.03333333333333333,1.0,1.0,0.17740794552715614,-0.03315642199338654,-6.78145169205946e-05,-0.06580590704554433
2026-08-12,2026-08-13,2026-08-14,ZIM,1,26.420000076293945,27.25,0.03141559126832827,9,0.9711021505376345,0.03333333333333333,1.0,1.0,0.3848182607146504,0.922271702105657,0.0010471863756109424,1.0161695817062812
2026-08-12,2026-08-13,2026-08-14,PNW,1,100.91000366210938,100.38999938964844,-0.005153148881077652,9,0.9819034852546917,0.03333333333333333,1.0,1.0,0.1934665557620247,-0.13844945237793724,-0.00017177162936925504,-0.16668389584741114
2026-08-12,2026-08-13,2026-08-14,PPL,1,35.56999969482422,35.470001220703125,-0.002811315012061777,9,0.9859249329758712,0.03333333333333333,1.0,1.0,0.20334059390200182,-0.023991525503321145,-9.371050040205924e-05,-0.09093487292507112
2026-08-12,2026-08-13,2026-08-14,PEG,1,75.83000183105469,75.6500015258789,-0.002373734680592654,8,0.977882037533512,0.03333333333333333,1.0,1.0,0.18206961976558345,0.13644229944942537,-7.912448935308847e-05,-0.07678088745352739
2026-08-12,2026-08-13,2026-08-14,LIN,1,479.8599853515625,479.0899963378906,-0.0016046118392384345,8,0.9757412398921832,0.03333333333333333,1.0,1.0,0.21698916251777164,0.10409176450239606,-5.348706130794782e-05,-0.051902818812253865
2026-08-12,2026-08-13,2026-08-14,WMB,1,73.5,73.43000030517578,-0.0009523768003295574,8,0.9705093833780161,0.03333333333333333,1.0,1.0,0.2549012444295057,-0.005204410448229944,-3.174589334431858e-05,-0.030805606253011056
2026-08-12,2026-08-13,2026-08-14,SRE,1,86.19000244140625,86.38999938964844,0.0023204193360841785,8,0.9798115746971736,0.03333333333333333,1.0,1.0,0.20192790024235005,0.16203235941679447,7.734731120280595e-05,0.07505634784945113
2026-08-12,2026-08-13,2026-08-14,NEE,1,85.10998045594168,85.37796261087382,0.0031486572255867706,8,0.9777927321668909,0.03333333333333333,1.0,1.0,0.20713338675408965,0.14529604821133768,0.00010495524085289236,0.1018465534687111
2026-08-12,2026-08-13,2026-08-14,DTE,1,139.27999877929688,139.33999633789062,0.00043076937908947954,8,0.9798927613941019,0.03333333333333333,1.0,1.0,0.19714755478697968,-0.02925086201734815,1.4358979302982652e-05,0.013933678218004276
2026-08-12,2026-08-13,2026-08-14,ATO,1,169.27931906159637,168.4841151262716,-0.0046975846768110285,7,0.9812332439678284,0.03333333333333333,1.0,1.0,0.17352647827748965,-0.15534507189571398,-0.00015658615589370095,-0.15194820353030764
2026-08-12,2026-08-13,2026-08-14,YUM,1,152.0,150.8000030517578,-0.007894716764751286,7,0.9839142091152815,0.03333333333333333,1.0,1.0,0.2558619767692594,0.04251796720870485,-0.00026315722549170953,-0.25536272623379397
2026-08-12,2026-08-13,2026-08-14,FE,1,47.13999938964844,46.65999984741211,-0.010182425720220323,6,0.9845844504021448,0.03333333333333333,1.0,1.0,0.18653389731192152,-0.08316180665200402,-0.0003394141906740108,-0.32936102320961247
2026-08-12,2026-08-13,2026-08-14,AEE,1,109.41999816894533,108.93000030517578,-0.0044781381097538375,4,0.9819034852546917,0.03333333333333333,1.0,1.0,0.21849331530150742,-0.10615487814344507,-0.00014927127032512792,-0.14484997881924838
2026-08-12,2026-08-13,2026-08-14,KIM,1,24.309999465942383,24.36000061035156,0.00205681388348955,3,0.9792225201072386,0.03333333333333333,1.0,1.0,0.20849936118051948,0.15048804149930586,6.8560462782985e-05,0.0665297586087568
2026-08-12,2026-08-13,2026-08-14,CPT,1,109.0500030517578,109.66000366210938,0.005593769768736712,1,0.9839142091152815,0.03333333333333333,1.0,1.0,0.2117708544383861,0.10769427077868415,0.0001864589922912237,0.1809362312333427
2026-08-12,2026-08-13,2026-08-14,EQR,1,65.08999633789062,66.12999725341797,0.01597789175050135,1,0.9792225201072386,0.03333333333333333,1.0,1.0,0.21434557334854537,0.1757122162509536,0.0005325963916833783,0.5168213272822856
2026-08-12,2026-08-13,2026-08-14,INVH,1,30.07999992370605,30.21999931335449,0.004654235040010946,0,0.9859249329758712,0.03333333333333333,1.0,1.0,0.19674790653876142,0.10975007564589323,0.00015514116800036484,0.15054601498265266
2026-08-13,2026-08-14,2026-08-17,UTHR,1,498.9100036621094,502.2900085449219,0.006774778733644293,26,0.9886058981233243,0.03333333333333333,1.0,1.0,0.19415146084664495,0.11745504197810033,0.0002258259577881431,0.21898514360510038
2026-08-13,2026-08-14,2026-08-17,PEN,1,327.2799987792969,326.3599853515625,-0.0028110896821250675,25,0.9925876010781671,0.03333333333333333,1.0,1.0,0.07596599354887085,0.1095777006633252,-9.370298940416891e-05,-0.09086449933337336
2026-08-13,2026-08-14,2026-08-17,ENB,1,51.150001525878906,50.79999923706055,-0.0068426642889009015,24,0.9986595174262735,0.03333333333333333,1.0,1.0,0.19967569786175896,-0.12439381659900225,-0.00022808880963003005,-0.22117944819437865
2026-08-13,2026-08-14,2026-08-17,XEL,1,78.94999694824219,78.77999877929688,-0.0021532384485937195,24,0.9973190348525469,0.03333333333333333,1.0,1.0,0.2053298917215593,-0.011194071013859516,-7.177461495312398e-05,-0.06960038835507104
2026-08-13,2026-08-14,2026-08-17,TRP,1,63.27000045776367,64.81999969482422,0.024498170157202015,24,0.9979892761394102,0.03333333333333333,1.0,1.0,0.20088052332744125,-0.009645775053954767,0.0008166056719067338,0.791868712006077
2026-08-13,2026-08-14,2026-08-17,NI,1,41.97999954223633,42.2599983215332,0.006669813776800204,24,0.982573726541555,0.03333333333333333,1.0,1.0,0.21226347074020965,0.14375900114377613,0.00022232712589334013,0.21559229978662167
2026-08-13,2026-08-14,2026-08-17,ET,1,20.780000686645508,21.040000915527344,0.012512041399927787,24,0.9804845222072678,0.03333333333333333,1.0,1.0,0.17318992049557994,-0.07203369898015145,0.00041706804666425957,0.4044340472920909
2026-08-13,2026-08-14,2026-08-17,AEP,1,124.87000274658205,124.87999725341795,8.003929379407637e-05,21,0.9832439678284182,0.03333333333333333,1.0,1.0,0.21313194247856865,-0.043189648662786045,2.667976459802546e-06,0.0025871570031510503
2026-08-13,2026-08-14,2026-08-17,SHEL,1,89.77999877929688,90.68000030517578,0.010024521476006631,21,0.9718498659517426,0.03333333333333333,1.0,1.0,0.2479455360467093,0.009782274754966612,0.0003341507158668877,0.32402848289258745
2026-08-13,2026-08-14,2026-08-17,SO,1,91.83171408900837,91.5999984741211,-0.0025232635281389193,21,0.9785522788203753,0.03333333333333333,1.0,1.0,0.1875340371261168,-0.2626573406885289,-8.410878427129731e-05,-0.08156092586743148
2026-08-13,2026-08-14,2026-08-17,ETR,1,106.58999633789062,107.5999984741211,0.009475580926269656,20,0.9772117962466488,0.03333333333333333,1.0,1.0,0.2145225652013176,0.20642278825588303,0.00031585269754232185,0.30628475577750996
2026-08-13,2026-08-14,2026-08-17,LNT,1,70.01000213623047,70.1500015258789,0.0019997055474447745,16,0.9845013477088949,0.03333333333333333,1.0,1.0,0.2072659390411706,-0.09116248775286576,6.665685158149248e-05,0.06463765440787336
2026-08-13,2026-08-14,2026-08-17,EVRG,1,82.69947533618782,83.05649083486374,0.004317022535204718,16,0.9953083109919572,0.03333333333333333,1.0,1.0,0.1802183160620059,-0.031751005732858634,0.00014390075117349057,0.13954164954841689
2026-08-13,2026-08-14,2026-08-17,ZIM,1,27.25,28.82999992370605,0.057981648576368894,10,0.9711021505376345,0.03333333333333333,1.0,1.0,0.38599425562672424,0.9505531351886154,0.0019327216192122963,1.87417480911979
2026-08-13,2026-08-14,2026-08-17,PNW,1,100.38999938964844,100.91999816894533,0.005279398172319816,10,0.9819034852546917,0.03333333333333333,1.0,1.0,0.19358006106102765,-0.13851048457031195,0.0001759799390773272,0.1706490813010013
2026-08-13,2026-08-14,2026-08-17,PPL,1,35.470001220703125,35.849998474121094,0.010713201024536989,10,0.9906166219839142,0.03333333333333333,1.0,1.0,0.20351694944924037,-0.02382580812770081,0.00035710670081789964,0.34628907556462174
2026-08-13,2026-08-14,2026-08-17,PEG,1,75.6500015258789,75.76000213623047,0.001454072810744611,9,0.9872654155495979,0.03333333333333333,1.0,1.0,0.18126792044976345,0.13525493624622933,4.8469093691487036e-05,0.04700084767224505
2026-08-13,2026-08-14,2026-08-17,LIN,1,479.0899963378906,482.0,0.006074023011027441,9,0.9684986595174263,0.03333333333333333,1.0,1.0,0.2215167500025077,0.10103088956104962,0.00020246743370091468,0.19633420568040144
2026-08-13,2026-08-14,2026-08-17,WMB,1,73.43000030517578,75.20999908447266,0.02424075680102389,9,0.9705093833780161,0.03333333333333333,1.0,1.0,0.25740934366975277,-0.0030592515412674877,0.0008080252267007962,0.7835481892281744
2026-08-13,2026-08-14,2026-08-17,SRE,1,86.38999938964844,86.16000366210938,-0.002662295742146048,9,0.9798115746971736,0.03333333333333333,1.0,1.0,0.2017767048665112,0.16080393888113134,-8.874319140486826e-05,-0.08605494560550617
2026-08-13,2026-08-14,2026-08-17,NEE,1,85.37796261087382,85.20923591063614,-0.0019762324501310102,9,0.9765415549597856,0.03333333333333333,1.0,1.0,0.2071653293046853,0.1452602145921837,-6.587441500436701e-05,-0.06387891972616576
2026-08-13,2026-08-14,2026-08-17,DTE,1,139.33999633789062,140.32000732421875,0.007033235338629318,9,0.985254691689008,0.03333333333333333,1.0,1.0,0.19776249791281772,-0.028937705319810835,0.0002344411779543106,0.2273393879256211
2026-08-13,2026-08-14,2026-08-17,ATO,1,168.4841151262716,169.44830490479262,0.0057227340262813176,8,0.9812332439678284,0.03333333333333333,1.0,1.0,0.1736565776069772,-0.15443872937360048,0.00019075780087604393,0.18497928594117935
2026-08-13,2026-08-14,2026-08-17,YUM,1,150.8000030517578,147.30999755859375,-0.023143272032734807,8,0.9839142091152815,0.03333333333333333,1.0,1.0,0.26528654326002343,0.046340874425041284,-0.0007714424010911603,-0.7480735458431919
2026-08-13,2026-08-14,2026-08-17,FE,1,46.65999984741211,47.29999923706055,0.013716232141906648,7,0.9886058981233243,0.03333333333333333,1.0,1.0,0.18658944721721535,-0.08266447601888405,0.00045720773806355494,0.4433578104034396
2026-08-13,2026-08-14,2026-08-17,AEE,1,108.93000030517578,109.23999786376952,0.002845841895944723,5,0.9819034852546917,0.03333333333333333,1.0,1.0,0.21910080001829293,-0.10540979689226469,9.486139653149076e-05,0.0919878155084241
2026-08-13,2026-08-14,2026-08-17,KIM,1,24.36000061035156,24.34000015258789,-0.000821036833437927,4,0.9792225201072386,0.03333333333333333,1.0,1.0,0.20908526078208467,0.15112649136839815,-2.73678944479309e-05,-0.02653885476474683
2026-08-13,2026-08-14,2026-08-17,CPT,1,109.66000366210938,110.0199966430664,0.003282810221913346,2,0.9812332439678284,0.03333333333333333,1.0,1.0,0.21172294571708128,0.10533326575103182,0.00010942700739711152,0.10611219880937448
2026-08-13,2026-08-14,2026-08-17,EQR,1,66.12999725341797,65.95999908447266,-0.0025706665054567868,2,0.9792225201072386,0.03333333333333333,1.0,1.0,0.21552383125540073,0.17562322391642204,-8.568888351522623e-05,-0.08309316008546012
2026-08-13,2026-08-14,2026-08-17,INVH,1,30.21999931335449,30.170000076293945,-0.0016545082129915123,1,0.9859249329758712,0.03333333333333333,1.0,1.0,0.19384705787637352,0.10940951979500137,-5.515027376638374e-05,-0.05347963865129347
2026-08-14,2026-08-17,2026-08-18,UTHR,1,502.2900085449219,510.4200134277344,0.016185878167005896,27,0.9932975871313673,0.03333333333333333,1.0,1.0,0.19760748276879414,0.10885907759616013,0.0005395292722335298,0.5261073975854947
2026-08-14,2026-08-17,2026-08-18,PEN,1,326.3599853515625,328.6000061035156,0.0068636501179522025,26,0.9925876010781671,0.03333333333333333,1.0,1.0,0.07595042263826123,0.087839026743627,0.0002287883372650734,0.22309676770297737
2026-08-14,2026-08-17,2026-08-18,ENB,1,50.79999923706055,51.11000061035156,0.0061023893296607845,25,0.9993297587131367,0.03333333333333333,1.0,1.0,0.19915255772526125,-0.12369065604668172,0.00020341297765535948,0.19835267114674052
2026-08-14,2026-08-17,2026-08-18,XEL,1,78.77999877929688,80.0999984741211,0.016755518091872812,25,0.982573726541555,0.03333333333333333,1.0,1.0,0.20556291566388823,-0.006922932937437076,0.0005585172697290937,0.5446230304934105
2026-08-14,2026-08-17,2026-08-18,TRP,1,64.81999969482422,64.31999969482422,-0.007713668657112427,25,0.9973190348525469,0.03333333333333333,1.0,1.0,0.1998781695502737,-0.013652326094792673,-0.00025712228857041424,-0.2507258550421251
2026-08-14,2026-08-17,2026-08-18,NI,1,42.2599983215332,43.220001220703125,0.022716586306175124,25,0.989946380697051,0.03333333333333333,1.0,1.0,0.21239171356576658,0.1421153307136787,0.0007572195435391708,0.738382186017583
2026-08-14,2026-08-17,2026-08-18,ET,1,21.040000915527344,21.100000381469727,0.0028516855195621638,25,0.9804845222072678,0.03333333333333333,1.0,1.0,0.17408512730669787,-0.08349995737014393,9.505618398540546e-05,0.09269147042558133
2026-08-14,2026-08-17,2026-08-18,AEP,1,124.87999725341795,128.17999267578125,0.02642533227852839,22,0.9832439678284182,0.03333333333333333,1.0,1.0,0.20494397220808502,-0.04096862126194613,0.0008808444092842796,0.858931634845011
2026-08-14,2026-08-17,2026-08-18,SHEL,1,90.68000030517578,92.5,0.020070574423237453,22,0.9718498659517426,0.03333333333333333,1.0,1.0,0.24771605768453986,0.0023909836562743896,0.0006690191474412484,0.6523759519814013
2026-08-14,2026-08-17,2026-08-18,SO,1,91.5999984741211,93.16000366210938,0.01703062460671334,22,0.9785522788203753,0.03333333333333333,1.0,1.0,0.1874971029122725,-0.2586284750071477,0.0005676874868904447,0.5535651200784294
2026-08-14,2026-08-17,2026-08-18,ETR,1,107.5999984741211,109.5199966430664,0.01784384940681094,21,0.9752010723860589,0.03333333333333333,1.0,1.0,0.21437849793597252,0.20098052107359063,0.0005947949802270313,0.5799982600549473
2026-08-14,2026-08-17,2026-08-18,LNT,1,70.1500015258789,71.25,0.015680662155300062,17,0.9845013477088949,0.03333333333333333,1.0,1.0,0.20714021048384051,-0.08684138607702109,0.0005226887385100021,0.509685805973685
2026-08-14,2026-08-17,2026-08-18,EVRG,1,83.05649083486374,84.18000030517578,0.013527051998209805,17,0.9939678284182305,0.03333333333333333,1.0,1.0,0.17907005396094725,-0.03268385785374271,0.00045090173327366013,0.4396846467242555
2026-08-14,2026-08-17,2026-08-18,ZIM,1,28.82999992370605,29.125,0.010232399482296817,11,0.9711021505376345,0.032654081972246125,1.0,0.9796224591673838,0.40502262760615293,0.9932201357501607,0.00033412961146768905,0.3258174660622126
2026-08-14,2026-08-17,2026-08-18,PNW,1,100.91999816894533,101.4000015258789,0.004756275917980446,11,0.9819034852546917,0.03333333333333333,1.0,1.0,0.19303757381245024,-0.13751184302810646,0.0001585425305993482,0.15459846661320426
2026-08-14,2026-08-17,2026-08-18,PPL,1,35.849998474121094,36.25,0.011157644153531932,11,0.9906166219839142,0.03333333333333333,1.0,1.0,0.2011695631977552,-0.03180853711553968,0.00037192147178439773,0.36266917792360753
2026-08-14,2026-08-17,2026-08-18,PEG,1,75.76000213623047,76.1500015258789,0.005147827067733424,10,0.9966487935656836,0.03333333333333333,1.0,1.0,0.17777624275082007,0.12702287303306317,0.00017159423559111412,0.16732548422032203
2026-08-14,2026-08-17,2026-08-18,LIN,1,482.0,481.6700134277344,-0.0006846194445344622,10,0.9725201072386058,0.03333333333333333,1.0,1.0,0.21802875583778358,0.09684097401015836,-2.282064815114874e-05,-0.022252938678030378
2026-08-14,2026-08-17,2026-08-18,WMB,1,75.20999908447266,74.66000366210938,-0.007312796557084833,10,0.9691689008042895,0.03333333333333333,1.0,1.0,0.2566317526629153,-0.00307677284353917,-0.0002437598852361611,-0.23769586833803247
2026-08-14,2026-08-17,2026-08-18,SRE,1,86.16000366210938,86.98999786376953,0.009633172776026377,10,0.9926273458445041,0.03333333333333333,1.0,1.0,0.19920483948839343,0.1550998399363759,0.00032110575920087927,0.3131176082875571
2026-08-14,2026-08-17,2026-08-18,NEE,1,85.20923591063614,86.40028395917528,0.01397792194484948,10,0.9805630026809651,0.03333333333333333,1.0,1.0,0.20715964171868678,0.15184770105752302,0.0004659307314949827,0.45433976841914403
2026-08-14,2026-08-17,2026-08-18,DTE,1,140.32000732421875,142.39999389648438,0.014823164650067833,10,0.9859249329758712,0.03333333333333333,1.0,1.0,0.1980112541220918,-0.026586211800552855,0.0004941054883355944,0.4818136215757201
2026-08-14,2026-08-17,2026-08-18,ATO,1,169.44830490479262,171.03871533576498,0.009385814935510606,9,0.9812332439678284,0.03333333333333333,1.0,1.0,0.17260320352887248,-0.15659635078772813,0.00031286049785035354,0.30507746437918404
2026-08-14,2026-08-17,2026-08-18,YUM,1,147.30999755859375,146.3800048828125,-0.006313167410184395,9,0.9839142091152815,0.03333333333333333,1.0,1.0,0.2621760873169287,0.04439269704459338,-0.00021043891367281316,-0.20520382288952269
2026-08-14,2026-08-17,2026-08-18,FE,1,47.29999923706055,48.0,0.014799170702543885,8,0.985254691689008,0.03333333333333333,1.0,1.0,0.18462862917750347,-0.08808729933987378,0.0004933056900847961,0.481033719913334
2026-08-14,2026-08-17,2026-08-18,AEE,1,109.23999786376952,110.5199966430664,0.011717308717756891,6,0.9819034852546917,0.03333333333333333,1.0,1.0,0.21902859897631985,-0.10371126632800892,0.00039057695725856306,0.3808605707147273
2026-08-14,2026-08-17,2026-08-18,KIM,1,24.34000015258789,24.530000686645508,0.007806102418508543,5,0.977882037533512,0.03333333333333333,1.0,1.0,0.20550914833029046,0.14559817665960362,0.0002602034139502847,0.253730331237694
2026-08-14,2026-08-17,2026-08-18,CPT,1,110.0199966430664,109.30999755859376,-0.006453363989603278,3,0.9812332439678284,0.03333333333333333,1.0,1.0,0.21496097449056772,0.10841810670167594,-0.00021511213298677594,-0.20976078648380017
2026-08-14,2026-08-17,2026-08-18,EQR,1,65.95999908447266,63.65999984741211,-0.03486960686756557,3,0.9792225201072386,0.03333333333333333,1.0,1.0,0.20131582174549156,0.18287865130866215,-0.0011623202289188523,-1.1334051779359062
2026-08-14,2026-08-17,2026-08-18,INVH,1,30.170000076293945,29.959999084472656,-0.006960589701366815,2,0.9859249329758712,0.03333333333333333,1.0,1.0,0.19662341521778245,0.11379123570987319,-0.00023201965671222716,-0.22624770158664184
2026-08-17,2026-08-18,2026-08-19,UTHR,1,510.4200134277344,525.469970703125,0.029485437246714374,28,0.9865951742627346,0.03333333333333333,1.0,1.0,0.19742745104243734,0.1057638279335333,0.0009828479082238124,0.9655847521241038
2026-08-17,2026-08-18,2026-08-19,PEN,1,328.6000061035156,325.5400085449219,-0.00931222611611815,27,0.9925876010781671,0.03333333333333333,1.0,1.0,0.07593554887425435,0.08244486171276826,-0.0003104075372039383,-0.30495540801442644
2026-08-17,2026-08-18,2026-08-19,ENB,1,51.11000061035156,51.45000076293945,0.006652321434702291,26,0.9986595174262735,0.03333333333333333,1.0,1.0,0.19566175567870203,-0.12581722566340733,0.00022174404782340968,0.2178492416385192
2026-08-17,2026-08-18,2026-08-19,XEL,1,80.0999984741211,79.5999984741211,-0.006242197372344993,26,0.9879356568364611,0.03333333333333333,1.0,1.0,0.20559741319112465,-0.008330948697636679,-0.0002080732457448331,-0.20441855930615765
2026-08-17,2026-08-18,2026-08-19,TRP,1,64.31999969482422,64.18000030517578,-0.002176607436453426,26,1.0,0.03333333333333333,1.0,1.0,0.19918173355750005,-0.018680589761016678,-7.25535812151142e-05,-0.07127921944700208
2026-08-17,2026-08-18,2026-08-19,NI,1,43.220001220703125,42.2400016784668,-0.022674676412708927,26,0.9879356568364611,0.03333333333333333,1.0,1.0,0.21282021961051528,0.13923155189849812,-0.0007558225470902976,-0.7425469603948148
2026-08-17,2026-08-18,2026-08-19,ET,1,21.100000381469727,21.520000457763672,0.0199052165261,26,0.9804845222072678,0.03333333333333333,1.0,1.0,0.17439554046247963,-0.08649257734962343,0.0006635072175366667,0.6518530963102007
2026-08-17,2026-08-18,2026-08-19,AEP,1,128.17999267578125,127.36000061035156,-0.006397192325511947,23,0.9832439678284182,0.03333333333333333,1.0,1.0,0.20470086998969608,-0.04266765366469285,-0.00021323974418373156,-0.20949431118264975
2026-08-17,2026-08-18,2026-08-19,SHEL,1,92.5,93.0,0.00540540540540535,23,0.9718498659517426,0.03333333333333333,1.0,1.0,0.24895439985642345,-0.000913121685664745,0.00018018018018017834,0.1770154193351914
2026-08-17,2026-08-18,2026-08-19,SO,1,93.16000366210938,92.55999755859376,-0.006440597680650861,23,0.9785522788203753,0.03333333333333333,1.0,1.0,0.1871281024150693,-0.26001455734781803,-0.0002146865893550287,-0.21091574335379173
2026-08-17,2026-08-18,2026-08-19,ETR,1,109.5199966430664,108.87999725341795,-0.005843676125504738,22,0.977882037533512,0.03333333333333333,1.0,1.0,0.21491605307428918,0.19853148200837953,-0.00019478920418349125,-0.19136784426582648
2026-08-17,2026-08-18,2026-08-19,LNT,1,71.25,70.4800033569336,-0.010806970429002138,18,0.9845013477088949,0.03333333333333333,1.0,1.0,0.20744155541406736,-0.08906625101174635,-0.00036023234763340464,-0.3539050744130766
2026-08-17,2026-08-18,2026-08-19,EVRG,1,84.18000030517578,83.91999816894531,-0.0030886449903526625,18,0.9892761394101877,0.03333333333333333,1.0,1.0,0.17940213140399397,-0.034965503380433874,-0.00010295483301175542,-0.10114649080679176
2026-08-17,2026-08-18,2026-08-19,ZIM,1,29.125,26.799999237060547,-0.0798283523756036,12,0.9711021505376345,0.031808018198050896,1.0,0.954240545941527,0.41626428591732756,0.9848969902183554,-0.0025391816850836185,-2.494582424680922
2026-08-17,2026-08-18,2026-08-19,PNW,1,101.4000015258789,100.6500015258789,-0.00739644959283936,12,0.9819034852546917,0.03333333333333333,1.0,1.0,0.193122268761057,-0.13968430484623673,-0.000246548319761312,-0.24221784085959452
2026-08-17,2026-08-18,2026-08-19,PPL,1,36.25,35.90999984741211,-0.009379314554148754,12,0.9906166219839142,0.03333333333333333,1.0,1.0,0.2020350927817698,-0.03489327501470891,-0.00031264381847162515,-0.30715241029267465
2026-08-17,2026-08-18,2026-08-19,PEG,1,76.1500015258789,76.08999633789062,-0.0007879866944965341,11,0.9865951742627346,0.03333333333333333,1.0,1.0,0.1772471649157678,0.12692079619507224,-2.626622314988447e-05,-0.0258048721040185
2026-08-17,2026-08-18,2026-08-19,LIN,1,481.6700134277344,478.489990234375,-0.00660207840369631,11,0.9752010723860589,0.03333333333333333,1.0,1.0,0.21899368483541076,0.094457808707939,-0.00022006928012321034,-0.21620389026611317
2026-08-17,2026-08-18,2026-08-19,SRE,1,86.98999786376953,87.37000274658203,0.004368374435502309,11,0.9879356568364611,0.03333333333333333,1.0,1.0,0.19727642414490976,0.15509678765010487,0.0001456124811834103,0.14305488201501212
2026-08-17,2026-08-18,2026-08-19,NEE,1,86.40028395917528,85.89408629787576,-0.0058587499728438575,11,0.9792225201072386,0.03333333333333333,1.0,1.0,0.20623527609733244,0.15078905710620033,-0.0001952916657614619,-0.19186148039625633
2026-08-17,2026-08-18,2026-08-19,DTE,1,142.39999389648438,141.35000610351562,-0.007373510098125591,11,0.9859249329758712,0.03333333333333333,1.0,1.0,0.19725845323899957,-0.029960292995425544,-0.0002457836699375197,-0.24146662166851687
2026-08-17,2026-08-18,2026-08-19,ATO,1,171.03871533576498,170.37272111186294,-0.003893821481263049,10,0.9812332439678284,0.03333333333333333,1.0,1.0,0.1721827166095664,-0.15769527042818465,-0.00012979404937543497,-0.12751429182959995
2026-08-17,2026-08-18,2026-08-19,YUM,1,146.3800048828125,145.4199981689453,-0.006558318635361049,10,0.9792225201072386,0.03333333333333333,1.0,1.0,0.2645178257101034,0.04458940895310477,-0.00021861062117870163,-0.2147708518238659
2026-08-17,2026-08-18,2026-08-19,FE,1,48.0,47.59999847412109,-0.008333365122477399,9,0.9839142091152815,0.03333333333333333,1.0,1.0,0.18535886870206275,-0.09126382412337962,-0.00027777883741591326,-0.2728998125012929
2026-08-17,2026-08-18,2026-08-19,AEE,1,110.5199966430664,110.5500030517578,0.00027150207747750343,7,0.9819034852546917,0.03333333333333333,1.0,1.0,0.21912125394825718,-0.1061342269091279,9.050069249250114e-06,0.008891110007585431
2026-08-17,2026-08-18,2026-08-19,KIM,1,24.530000686645508,24.34000015258789,-0.007745639165883,6,0.977882037533512,0.03333333333333333,1.0,1.0,0.2053947944160847,0.14268653457978928,-0.0002581879721961,-0.25365304951905693
2026-08-17,2026-08-18,2026-08-19,CPT,1,109.30999755859376,108.62999725341795,-0.006220842744153465,4,0.9812332439678284,0.03333333333333333,1.0,1.0,0.2131430927395198,0.1054467989611978,-0.00020736142480511552,-0.20371924109030465
2026-08-17,2026-08-18,2026-08-19,EQR,1,63.65999984741211,63.65999984741211,0.0,4,0.9792225201072386,0.03333333333333333,1.0,1.0,0.20116468094799855,0.1879107576268906,0.0,0.0
2026-08-17,2026-08-18,2026-08-19,INVH,1,29.959999084472656,29.93000030517578,-0.0010012943996524637,3,0.9859249329758712,0.03333333333333333,1.0,1.0,0.19664555716679266,0.11121714405013491,-3.3376479988415456e-05,-0.03279024138600536
2026-08-17,2026-08-18,2026-08-19,WEC,1,111.51000213623048,111.68000030517578,0.0015245104985077695,0,0.9865951742627346,0.03333333333333333,1.0,1.0,0.1882203724757896,-0.11986214819984248,5.081701661692565e-05,0.04992444505723759
2026-08-18,2026-08-19,2026-08-20,UTHR,1,525.469970703125,524.1500244140625,-0.0025119347682157622,29,0.9812332439678284,0.03333333333333333,1.0,1.0,0.2001449389386454,0.1006718763776946,-8.37311589405254e-05,-0.08183628830909996
2026-08-18,2026-08-19,2026-08-20,PEN,1,325.5400085449219,327.1199951171875,0.0048534328524709736,28,0.9925876010781671,0.03333333333333333,1.0,1.0,0.07580240464303215,0.08177700133689252,0.00016178109508236578,0.15811992223261256
2026-08-18,2026-08-19,2026-08-20,ENB,1,51.45000076293945,50.43000030517578,-0.019825081489569185,27,0.9993297587131367,0.03333333333333333,1.0,1.0,0.19588163949537923,-0.12283205063547219,-0.0006608360496523062,-0.6458810575261037
2026-08-18,2026-08-19,2026-08-20,XEL,1,79.5999984741211,79.18000030517578,-0.005276359007492459,27,0.985254691689008,0.03333333333333333,1.0,1.0,0.198476074879955,-0.00865153422894302,-0.00017587863358308197,-0.17189842762763186
2026-08-18,2026-08-19,2026-08-20,TRP,1,64.18000030517578,62.83000183105469,-0.02103456634001022,27,0.9993297587131367,0.03333333333333333,1.0,1.0,0.20028820911327827,-0.01430205223217713,-0.000701152211333674,-0.6852848478548179
2026-08-18,2026-08-19,2026-08-20,NI,1,42.2400016784668,41.5,-0.01751897843422756,27,0.9839142091152815,0.03333333333333333,1.0,1.0,0.20811381576549734,0.13990654170615052,-0.0005839659478075853,-0.5707505577633714
2026-08-18,2026-08-19,2026-08-20,ET,1,21.520000457763672,21.299999237060547,-0.01022310483379918,27,0.9804845222072678,0.03333333333333333,1.0,1.0,0.1733965780670309,-0.08456727004010997,-0.0003407701611266393,-0.3330583919530675
2026-08-18,2026-08-19,2026-08-20,AEP,1,127.36000061035156,126.19000244140624,-0.00918654336792013,24,0.9832439678284182,0.03333333333333333,1.0,1.0,0.19800477695532284,-0.045014384690294715,-0.00030621811226400433,-0.2992882701946768
2026-08-18,2026-08-19,2026-08-20,SHEL,1,93.0,94.11000061035156,0.011935490433887752,24,0.9718498659517426,0.03333333333333333,1.0,1.0,0.24938798546436178,-0.004936290091725077,0.0003978496811295917,0.3888461788965709
2026-08-18,2026-08-19,2026-08-20,SO,1,92.55999755859376,91.75,-0.008751054234643951,24,0.9785522788203753,0.03333333333333333,1.0,1.0,0.18561027110188252,-0.2607117928706671,-0.00029170180782146505,-0.28510047570366626
2026-08-18,2026-08-19,2026-08-20,ETR,1,108.87999725341795,107.33999633789062,-0.014144020521446032,23,0.977882037533512,0.03333333333333333,1.0,1.0,0.20415315783609705,0.1959597373336072,-0.00047146735071486773,-0.4607978502821778
2026-08-18,2026-08-19,2026-08-20,LNT,1,70.4800033569336,69.80000305175781,-0.009648130998689664,19,0.9845013477088949,0.03333333333333333,1.0,1.0,0.20309955133394114,-0.0880123063749994,-0.00032160436662298877,-0.3143263272770275
2026-08-18,2026-08-19,2026-08-20,EVRG,1,83.91999816894531,83.58000183105469,-0.004051434048010227,19,0.9879356568364611,0.03333333333333333,1.0,1.0,0.17067435741564285,-0.03457268295834155,-0.0001350478016003409,-0.13199161419855393
2026-08-18,2026-08-19,2026-08-20,ZIM,1,26.799999237060547,27.450000762939453,0.024253788969517798,13,0.9711021505376345,0.0313154142885986,1.0,0.9394624286579581,0.4183840268706715,0.9747218838077785,0.0007595174496486929,0.7423292567751567
2026-08-18,2026-08-19,2026-08-20,PNW,1,100.6500015258789,99.08000183105467,-0.015598605772703888,13,0.977882037533512,0.03333333333333333,1.0,1.0,0.19228146722018133,-0.13626736493413447,-0.0005199535257567963,-0.5081867632023391
2026-08-18,2026-08-19,2026-08-20,PPL,1,35.90999984741211,35.349998474121094,-0.015594580219174592,13,0.9892761394101877,0.03333333333333333,1.0,1.0,0.1953665234604853,-0.034352568403919585,-0.0005198193406391531,-0.5080556147492044
2026-08-18,2026-08-19,2026-08-20,PEG,1,76.08999633789062,74.95999908447266,-0.014850799156304606,12,0.982573726541555,0.03333333333333333,1.0,1.0,0.17435205188137462,0.12804905187239862,-0.0004950266385434868,-0.4838239817187367
2026-08-18,2026-08-19,2026-08-20,LIN,1,478.489990234375,481.25,0.005768166151758125,12,0.9752010723860589,0.03333333333333333,1.0,1.0,0.22060849966285415,0.10037647353257663,0.00019227220505860416,0.18792100582506976
2026-08-18,2026-08-19,2026-08-20,SRE,1,87.37000274658203,85.05000305175781,-0.026553732652995432,12,0.9939678284182305,0.03333333333333333,1.0,1.0,0.19075583262458487,0.1565717329156186,-0.0008851244217665143,-0.8650936913528326
2026-08-18,2026-08-19,2026-08-20,NEE,1,85.89408629787576,84.74274139390934,-0.013404239495296788,12,0.9805630026809651,0.03333333333333333,1.0,1.0,0.20110437429339134,0.15060860030824097,-0.0004468079831765596,-0.43669653439308975
2026-08-18,2026-08-19,2026-08-20,DTE,1,141.35000610351562,138.3000030517578,-0.021577664804090513,12,0.9859249329758712,0.03333333333333333,1.0,1.0,0.18901559393549228,-0.031076371993897574,-0.0007192554934696838,-0.7029784452559454
2026-08-18,2026-08-19,2026-08-20,ATO,1,170.37272111186294,169.7266183582055,-0.0037922899243547636,11,0.9812332439678284,0.03333333333333333,1.0,1.0,0.16552697598122168,-0.15753748439464121,-0.00012640966414515878,-0.12354896135365491
2026-08-18,2026-08-19,2026-08-20,YUM,1,145.4199981689453,145.64999389648438,0.0015815962758565227,11,0.9792225201072386,0.03333333333333333,1.0,1.0,0.2674010701383188,0.051913046492690254,5.271987586188409e-05,0.051526803345904267
2026-08-18,2026-08-19,2026-08-20,FE,1,47.59999847412109,47.16999816894531,-0.009033620146218113,10,0.9865951742627346,0.03333333333333333,1.0,1.0,0.18236878954559543,-0.09132374343394037,-0.00030112067154060377,-0.29430618665544067
2026-08-18,2026-08-19,2026-08-20,AEE,1,110.5500030517578,108.62999725341795,-0.017367758890435514,8,0.9819034852546917,0.03333333333333333,1.0,1.0,0.21068837044901076,-0.10531737334244025,-0.0005789252963478504,-0.565823978323362
2026-08-18,2026-08-19,2026-08-20,KIM,1,24.34000015258789,24.299999237060547,-0.0016434229776737252,7,0.977882037533512,0.03333333333333333,1.0,1.0,0.20473130888555283,0.14258668853442055,-5.4780765922457504e-05,-0.053541054615138944
2026-08-18,2026-08-19,2026-08-20,CPT,1,108.62999725341795,108.48999786376952,-0.0012887728361240525,5,0.9845844504021448,0.03333333333333333,1.0,1.0,0.21497975474591535,0.11136026400269372,-4.2959094537468416e-05,-0.04198691252516045
2026-08-18,2026-08-19,2026-08-20,EQR,1,63.65999984741211,63.65999984741211,0.0,5,0.985254691689008,0.03333333333333333,1.0,1.0,0.21325280576672453,0.1947066471800478,0.0,0.0
2026-08-18,2026-08-19,2026-08-20,INVH,1,29.93000030517578,30.25,0.010691603460120325,4,0.9859249329758712,0.03333333333333333,1.0,1.0,0.19685872819741265,0.11732809812249657,0.0003563867820040108,0.3483216022645628
2026-08-18,2026-08-19,2026-08-20,WEC,1,111.68000030517578,108.7300033569336,-0.026414729048899077,1,0.9865951742627346,0.03333333333333333,1.0,1.0,0.1827747769837871,-0.1198606613074497,-0.0008804909682966358,-0.8605650948443678
2026-08-19,2026-08-20,2026-08-21,UTHR,1,524.1500244140625,523.22998046875,-0.0017553065009221491,30,0.9812332439678284,0.03333333333333333,1.0,1.0,0.2044629193327294,0.09284379504234234,-5.851021669740497e-05,-0.05674448551037992
2026-08-19,2026-08-20,2026-08-21,PEN,1,327.1199951171875,323.8699951171875,-0.00993519212677818,29,0.9925876010781671,0.03333333333333333,1.0,1.0,0.07270452395738826,0.08510528784790748,-0.000331173070892606,-0.3211788741081004
2026-08-19,2026-08-20,2026-08-21,ENB,1,50.43000030517578,51.119998931884766,0.0136823046308443,28,0.9939597315436242,0.03333333333333333,1.0,1.0,0.19463840886231307,-0.13153704580951012,0.00045607682102814334,0.4423132578074939
2026-08-19,2026-08-20,2026-08-21,XEL,1,79.18000030517578,78.94999694824219,-0.002904816317846892,28,0.9852348993288591,0.03333333333333333,1.0,1.0,0.1984491106544407,-0.009459195020625796,-9.682721059489641e-05,-0.09390514270401415
2026-08-19,2026-08-20,2026-08-21,TRP,1,62.83000183105469,63.65999984741211,0.013210217924061629,28,0.9993288590604027,0.03333333333333333,1.0,1.0,0.19904587447960048,-0.01987784811354766,0.000440340597468721,0.42705192465650343
2026-08-19,2026-08-20,2026-08-21,NI,1,41.5,41.77000045776367,0.006506035126835563,28,0.9838926174496645,0.03333333333333333,1.0,1.0,0.20785733994927655,0.1395639520836732,0.00021686783756118543,0.21032316338530854
2026-08-19,2026-08-20,2026-08-21,ET,1,21.299999237060547,21.25,-0.002347382105702178,28,0.9804845222072678,0.03333333333333333,1.0,1.0,0.1790080107958047,-0.09608982878447053,-7.824607019007261e-05,-0.07588474708796744
2026-08-19,2026-08-20,2026-08-21,AEP,1,126.19000244140624,126.1500015258789,-0.0003169895772520137,25,0.9832439678284182,0.03333333333333333,1.0,1.0,0.19382186309848454,-0.04553754710663019,-1.056631924173379e-05,-0.010247447077686248
2026-08-19,2026-08-20,2026-08-21,SHEL,1,94.11000061035156,93.87000274658205,-0.00255018448850286,25,0.9718498659517426,0.03333333333333333,1.0,1.0,0.23823209461258166,-0.006760915193813926,-8.5006149616762e-05,-0.08244081969765592
2026-08-19,2026-08-20,2026-08-21,SO,1,91.75,91.4800033569336,-0.0029427427037210796,25,0.9785522788203753,0.03333333333333333,1.0,1.0,0.18080365953082655,-0.2590968662117262,-9.809142345736931e-05,-0.09513120393751855
2026-08-19,2026-08-20,2026-08-21,ETR,1,107.33999633789062,107.73999786376952,0.0037264909588756723,24,0.977882037533512,0.03333333333333333,1.0,1.0,0.2040517504422945,0.19503200473607776,0.00012421636529585573,0.12046774287532869
2026-08-19,2026-08-20,2026-08-21,LNT,1,69.80000305175781,69.76000213623047,-0.0005730789939605296,20,0.9845013477088949,0.03333333333333333,1.0,1.0,0.20044399566261886,-0.08552594552172586,-1.9102633132017653e-05,-0.018526150647771487
2026-08-19,2026-08-20,2026-08-21,EVRG,1,83.58000183105469,83.51000213623047,-0.0008375172683737775,20,0.9932885906040269,0.03333333333333333,1.0,1.0,0.16700189794850667,-0.037544076475762606,-2.7917242279125917e-05,-0.02707475103348722
2026-08-19,2026-08-20,2026-08-21,PNW,1,99.08000183105467,99.3499984741211,0.0027250367185782665,14,0.9946308724832216,0.03333333333333333,1.0,1.0,0.19041555430207138,-0.13573673113564383,9.083455728594221e-05,0.08809333669725629
2026-08-19,2026-08-20,2026-08-21,PPL,1,35.349998474121094,35.279998779296875,-0.001980189472298388,14,0.9885906040268457,0.03333333333333333,1.0,1.0,0.1963510192808701,-0.032752084512996923,-6.60063157432796e-05,-0.06401436601505889
2026-08-19,2026-08-20,2026-08-21,PEG,1,74.95999908447266,74.87000274658203,-0.0012005915019983604,13,0.9932885906040267,0.03333333333333333,1.0,1.0,0.17403040002659287,0.12440962169362987,-4.001971673327868e-05,-0.038811994972525195
2026-08-19,2026-08-20,2026-08-21,LIN,1,481.25,486.3500061035156,0.010597415280032552,13,0.9752010723860589,0.03333333333333333,1.0,1.0,0.22057995676028916,0.09685694476478024,0.00035324717600108507,0.34258682314989997
2026-08-19,2026-08-20,2026-08-21,SRE,1,85.05000305175781,87.63999938964844,0.030452630746109044,13,0.9852348993288591,0.03333333333333333,1.0,1.0,0.1930819287170696,0.14811033479394078,0.0010150876915369681,0.984454203990996
2026-08-19,2026-08-20,2026-08-21,NEE,1,84.74274139390934,84.5640842760997,-0.0021082291517946494,13,0.9926174496644296,0.03333333333333333,1.0,1.0,0.17914116069328645,0.1587191062109028,-7.027430505982164e-05,-0.06815355523022577
2026-08-19,2026-08-20,2026-08-21,DTE,1,138.3000030517578,138.47999572753906,0.0013014654505385526,13,0.9832214765100671,0.03333333333333333,1.0,1.0,0.1882144794762352,-0.029255500424638953,4.338218168461842e-05,0.04207298688949617
2026-08-19,2026-08-20,2026-08-21,ATO,1,169.7266183582055,171.08840992797028,0.008023441360804906,12,0.9812332439678284,0.03333333333333333,1.0,1.0,0.16391582563255283,-0.1595490797763006,0.00026744804536016353,0.2593769531431649
2026-08-19,2026-08-20,2026-08-21,YUM,1,145.64999389648438,152.0800018310547,0.04414698389304572,12,0.9792225201072386,0.03333333333333333,1.0,1.0,0.2654542697152982,0.054499051223100246,0.0014715661297681907,1.4271569589298834
2026-08-19,2026-08-20,2026-08-21,FE,1,47.16999816894531,47.18000030517578,0.00021204444813927026,11,0.9892617449664429,0.03333333333333333,1.0,1.0,0.18143839308235313,-0.09022051684425104,7.068148271309008e-06,0.006854844500760488
2026-08-19,2026-08-20,2026-08-21,AEE,1,108.62999725341795,108.9000015258789,0.002485540635990935,9,0.9819034852546917,0.03333333333333333,1.0,1.0,0.20992105785872484,-0.10735799907742159,8.285135453303116e-05,0.08035105238336009
2026-08-19,2026-08-20,2026-08-21,KIM,1,24.299999237060547,24.209999084472656,-0.0037037100993250194,8,0.9765100671140939,0.03333333333333333,1.0,1.0,0.20129376143587077,0.14546158439714246,-0.00012345700331083397,-0.11973129704435449
2026-08-19,2026-08-20,2026-08-21,CPT,1,108.48999786376952,108.08000183105467,-0.0037791136582902007,6,0.9751677852348993,0.03333333333333333,1.0,1.0,0.21254365433423278,0.11669088216174411,-0.00012597045527634003,-0.12216889763256117
2026-08-19,2026-08-20,2026-08-21,EQR,1,63.65999984741211,63.65999984741211,0.0,6,0.985254691689008,0.03333333333333333,1.0,1.0,0.21316332070575064,0.18546237526857565,0.0,0.0
2026-08-19,2026-08-20,2026-08-21,INVH,1,30.25,30.350000381469727,0.00330579773453632,5,0.9859249329758712,0.03333333333333333,1.0,1.0,0.1883627018738435,0.11838523794825674,0.00011019325781787732,0.10686782709976572
2026-08-19,2026-08-20,2026-08-21,WEC,1,108.7300033569336,108.5199966430664,-0.0019314513692948454,2,0.9865951742627346,0.03333333333333333,1.0,1.0,0.18290947004014668,-0.12313282854576346,-6.438171230982818e-05,-0.0624387901380055
2026-08-19,2026-08-20,2026-08-21,D,1,68.0,67.76000213623047,-0.0035293803495519693,0,0.9885906040268456,0.03333333333333333,1.0,1.0,0.17779608466001395,-0.07603319829173145,-0.0001176460116517323,-0.11409567047154337
2026-08-20,2026-08-21,2026-08-24,UTHR,1,523.22998046875,513.1199951171875,-0.019322259291230215,31,0.9812332439678284,0.03333333333333333,1.0,1.0,0.2092749268745331,0.09436562010852231,-0.0006440753097076738,-0.6266367127111423
2026-08-20,2026-08-21,2026-08-24,PEN,1,323.8699951171875,324.9100036621094,0.0032111914058157165,30,0.9925876010781671,0.03333333333333333,1.0,1.0,0.07386233310191002,0.08601263343721326,0.00010703971352719054,0.10414157040838032
2026-08-20,2026-08-21,2026-08-24,ENB,1,51.119998931884766,50.27999877929688,-0.01643192821085826,29,0.9939597315436242,0.03333333333333333,1.0,1.0,0.19815746514327318,-0.13384501356249576,-0.000547730940361942,-0.5329009057564572
2026-08-20,2026-08-21,2026-08-24,XEL,1,78.94999694824219,76.43000030517578,-0.031918894749526805,29,0.9993297587131367,0.03333333333333333,1.0,1.0,0.1941345588067859,-0.009056545745475956,-0.0010639631583175603,-1.0351559296326447
2026-08-20,2026-08-21,2026-08-24,TRP,1,63.65999984741211,61.79999923706055,-0.029217728790603692,29,0.9845844504021448,0.03333333333333333,1.0,1.0,0.20504187711040614,-0.022837655662472305,-0.0009739242930201231,-0.947554902678459
2026-08-20,2026-08-21,2026-08-24,NI,1,41.77000045776367,40.65999984741211,-0.026574110562291087,29,0.9812332439678284,0.03333333333333333,1.0,1.0,0.20470850122735082,0.13826159786584943,-0.0008858036854097028,-0.8618201958160508
2026-08-20,2026-08-21,2026-08-24,ET,1,21.25,21.280000686645508,0.0014117970186120488,29,0.9804845222072678,0.03333333333333333,1.0,1.0,0.17971757150245796,-0.09677630036583103,4.7059900620401625e-05,0.04578573496112728
2026-08-20,2026-08-21,2026-08-24,AEP,1,126.1500015258789,121.11000061035156,-0.03995244434851175,26,0.9718498659517426,0.03333333333333333,1.0,1.0,0.19279644454210426,-0.04637399891674567,-0.0013317481449503918,-1.2956905304903545
2026-08-20,2026-08-21,2026-08-24,SHEL,1,93.87000274658205,92.81999969482422,-0.011185714509804434,26,0.9718498659517426,0.03333333333333333,1.0,1.0,0.23864063130552682,-0.006552844240974852,-0.00037285715032681446,-0.36276189363272443
2026-08-20,2026-08-21,2026-08-24,SO,1,91.4800033569336,89.05999755859375,-0.0264539321112347,26,0.9785522788203753,0.03333333333333333,1.0,1.0,0.180568032602625,-0.25930408091513185,-0.0008817977370411567,-0.857922710104177
2026-08-20,2026-08-21,2026-08-24,ETR,1,107.73999786376952,104.45999908447266,-0.030443649938105777,25,0.977882037533512,0.03333333333333333,1.0,1.0,0.20323915675789267,0.19393951100137136,-0.0010147883312701925,-0.987312530724701
2026-08-20,2026-08-21,2026-08-24,LNT,1,69.76000213623047,68.01000213623047,-0.025086008406113858,21,0.9926273458445041,0.03333333333333333,1.0,1.0,0.19878345085722418,-0.08556828652543243,-0.0008362002802037952,-0.8135598226748781
2026-08-20,2026-08-21,2026-08-24,EVRG,1,83.51000213623047,80.80999755859375,-0.03233151129887635,21,0.9872654155495979,0.03333333333333333,1.0,1.0,0.16528730782157797,-0.03793457212358285,-0.0010777170432958783,-1.0485374226660171
2026-08-20,2026-08-21,2026-08-24,PNW,1,99.3499984741211,97.4800033569336,-0.018822296385586745,15,0.9691689008042895,0.03333333333333333,1.0,1.0,0.18766754029082236,-0.1370483742355733,-0.0006274098795195582,-0.6104225057207553
2026-08-20,2026-08-21,2026-08-24,PPL,1,35.279998779296875,34.54999923706055,-0.020691597718101695,15,0.9932975871313673,0.03333333333333333,1.0,1.0,0.19572826957621725,-0.033565814823143886,-0.0006897199239367231,-0.6710454807268601
2026-08-20,2026-08-21,2026-08-24,PEG,1,74.87000274658203,72.86000061035156,-0.02684656153992504,14,0.9886058981233243,0.03333333333333333,1.0,1.0,0.17367140349587087,0.12330672839305741,-0.000894885384664168,-0.8706560044255008
2026-08-20,2026-08-21,2026-08-24,LIN,1,486.3500061035156,488.4400024414063,0.004297309163487251,14,0.9752010723860589,0.03333333333333333,1.0,1.0,0.22022341437194973,0.09704232277943507,0.00014324363878290836,0.1393652598862144
2026-08-20,2026-08-21,2026-08-24,SRE,1,87.63999938964844,83.08000183105469,-0.0520310085617407,14,0.9852348993288591,0.03333333333333333,1.0,1.0,0.19468709740515008,0.14640641896027684,-0.0017343669520580233,-1.6874082721254393
2026-08-20,2026-08-21,2026-08-24,NEE,1,84.5640842760997,83.32341571547174,-0.01467134151866667,14,0.9939678284182305,0.03333333333333333,1.0,1.0,0.1775577951895307,0.15858049313576772,-0.000489044717288889,-0.4758036356800406
2026-08-20,2026-08-21,2026-08-24,DTE,1,138.47999572753906,135.50999450683594,-0.021447149857995673,14,0.989946380697051,0.03333333333333333,1.0,1.0,0.18700205149029223,-0.03053409248785933,-0.0007149049952665224,-0.6955486561624532
2026-08-20,2026-08-21,2026-08-24,ATO,1,171.08840992797028,166.35000610351562,-0.027695644763134797,13,0.9812332439678284,0.03333333333333333,1.0,1.0,0.16408365244532305,-0.1596947459081815,-0.0009231881587711599,-0.8981924695867893
2026-08-20,2026-08-21,2026-08-24,YUM,1,152.0800018310547,154.16000366210938,0.013677023974298486,13,0.9792225201072386,0.03333333333333333,1.0,1.0,0.2659313523130988,0.05555280126969483,0.0004559007991432828,0.44355710239411733
2026-08-20,2026-08-21,2026-08-24,FE,1,47.18000030517578,46.18999862670898,-0.02098350301108831,12,0.9872654155495979,0.03333333333333333,1.0,1.0,0.17857273236288268,-0.09119507064762682,-0.0006994501003696104,-0.6805122087353771
2026-08-20,2026-08-21,2026-08-24,AEE,1,108.9000015258789,106.4000015258789,-0.022956840816993895,10,0.9819034852546917,0.03333333333333333,1.0,1.0,0.20796982283047952,-0.10807487143598296,-0.0007652280272331299,-0.7445091718815312
2026-08-20,2026-08-21,2026-08-24,KIM,1,24.209999084472656,24.059999465942383,-0.006195771342530798,9,0.9765100671140939,0.03333333333333333,1.0,1.0,0.20108025960945247,0.14539429647965313,-0.00020652571141769327,-0.20093394505659842
2026-08-20,2026-08-21,2026-08-24,CPT,1,108.08000183105467,107.95999908447266,-0.0011103140687358515,7,0.9751677852348993,0.03333333333333333,1.0,1.0,0.2133273764495041,0.11688867157246834,-3.701046895786171e-05,-0.03600839568617906
2026-08-20,2026-08-21,2026-08-24,INVH,1,30.350000381469727,30.18000030517578,-0.005601320400567045,6,0.9859249329758712,0.03333333333333333,1.0,1.0,0.19067819763084148,0.11847509336974864,-0.0001867106800189015,-0.18165541356989606
2026-08-20,2026-08-21,2026-08-24,WEC,1,108.5199966430664,106.5,-0.01861404999587668,3,0.9745308310991957,0.03333333333333333,1.0,1.0,0.1820713295646596,-0.12494131137025882,-0.0006204683331958894,-0.6036689045442559
2026-08-20,2026-08-21,2026-08-24,D,1,67.76000213623047,66.72000122070312,-0.015348301103008222,1,0.9966487935656836,0.03333333333333333,1.0,1.0,0.17733858348058804,-0.07723388635439962,-0.0005116100367669407,-0.4977579900946212
2026-08-20,2026-08-21,2026-08-24,WMB,1,72.16999816894531,70.37999725341797,-0.024802562850799403,0,0.9718498659517426,0.03333333333333333,1.0,1.0,0.2670617726474846,-0.013131320745582474,-0.0008267520950266468,-0.8043674508958983
2026-08-21,2026-08-24,2026-08-25,UTHR,1,513.1199951171875,516.0700073242188,0.005749166345305978,32,0.9812332439678284,0.03333333333333333,1.0,1.0,0.2110982202045479,0.10204660865927086,0.00019163887817686594,0.1829316207554284
2026-08-21,2026-08-24,2026-08-25,PEN,1,324.9100036621094,323.70001220703125,-0.0037240818732575676,31,0.9925876010781671,0.03333333333333333,1.0,1.0,0.07604934531765424,0.08805734250844964,-0.0001241360624419189,-0.1184958465251472
2026-08-21,2026-08-24,2026-08-25,ENB,1,50.27999877929688,49.869998931884766,-0.008154332883176907,30,0.9939597315436242,0.03333333333333333,1.0,1.0,0.20045348211996256,-0.1374020756104686,-0.0002718110961058969,-0.25946115330560116
2026-08-21,2026-08-24,2026-08-25,XEL,1,76.43000030517578,77.33000183105469,0.011775500749513501,30,0.9953020134228188,0.03333333333333333,1.0,1.0,0.19492869767026783,0.0012212533345297807,0.00039251669165045006,0.37468239879231086
2026-08-21,2026-08-24,2026-08-25,TRP,1,61.79999923706055,61.72999954223633,-0.0011326811600061992,30,0.9906040268456375,0.03333333333333333,1.0,1.0,0.20515740299503382,-0.02297452195657975,-3.775603866687331e-05,-0.03604056448431831
2026-08-21,2026-08-24,2026-08-25,NI,1,40.65999984741211,40.900001525878906,0.005902648287444023,30,0.9818791946308725,0.03333333333333333,1.0,1.0,0.20433204069904212,0.14289890195864102,0.00019675494291480078,0.18781523322124744
2026-08-21,2026-08-24,2026-08-25,ET,1,21.280000686645508,21.0,-0.013157926579449142,30,0.9804845222072678,0.03333333333333333,1.0,1.0,0.17807362566591814,-0.09689797294312577,-0.0004385975526483047,-0.4186695410065505
2026-08-21,2026-08-24,2026-08-25,AEP,1,121.11000061035156,121.9800033569336,0.007183574784885849,27,0.9718498659517426,0.03333333333333333,1.0,1.0,0.19298435024967325,-0.036966776112045636,0.0002394524928295283,0.22857278765119082
2026-08-21,2026-08-24,2026-08-25,SHEL,1,92.81999969482422,92.37999725341795,-0.00474038399970822,27,0.9718498659517426,0.03333333333333333,1.0,1.0,0.235474772891476,-0.011905591818860597,-0.000158012799990274,-0.15083336887229573
2026-08-21,2026-08-24,2026-08-25,SO,1,89.05999755859375,90.0,0.010554709939081253,27,0.9785522788203753,0.03333333333333333,1.0,1.0,0.18097132115267786,-0.2486043964113083,0.00035182366463604176,0.3358382902481148
2026-08-21,2026-08-24,2026-08-25,ETR,1,104.45999908447266,106.33999633789062,0.017997293412741477,26,0.977882037533512,0.03333333333333333,1.0,1.0,0.20184576637406323,0.20087104702896033,0.0005999097804247159,0.5726524256672163
2026-08-21,2026-08-24,2026-08-25,LNT,1,68.01000213623047,68.5,0.007204791183332393,22,0.9832214765100671,0.03333333333333333,1.0,1.0,0.19925705658495677,-0.070510782037467,0.00024015970611107975,0.22924786816222667
2026-08-21,2026-08-24,2026-08-25,EVRG,1,80.80999755859375,81.38999938964844,0.007177352414027061,22,0.9919463087248322,0.03333333333333333,1.0,1.0,0.16557695718504636,-0.0292678882452669,0.0002392450804675687,0.22837479922682236
2026-08-21,2026-08-24,2026-08-25,PNW,1,97.4800033569336,98.08999633789062,0.006257621665476165,16,0.991275167785235,0.03333333333333333,1.0,1.0,0.1874454304943783,-0.129059709497127,0.0002085873888492055,0.19911006302234846
2026-08-21,2026-08-24,2026-08-25,PPL,1,34.54999923706055,35.18000030517578,0.018234474154183333,16,0.9939597315436242,0.03333333333333333,1.0,1.0,0.19617623328233963,-0.023838190586780304,0.0006078158051394444,0.5801992341674361
2026-08-21,2026-08-24,2026-08-25,PEG,1,72.86000061035156,73.76000213623047,0.012352477605538814,15,0.9919463087248321,0.03333333333333333,1.0,1.0,0.17350498324185246,0.1302535456422456,0.00041174925351796047,0.39304111466026587
2026-08-21,2026-08-24,2026-08-25,LIN,1,488.4400024414063,489.2000122070313,0.0015559941074159145,15,0.9752010723860589,0.03333333333333333,1.0,1.0,0.2202029570588858,0.0977193819383526,5.186647024719715e-05,0.04950987793002194
2026-08-21,2026-08-24,2026-08-25,SRE,1,83.08000183105469,84.66000366210938,0.019017835775541503,15,0.9852348993288591,0.03333333333333333,1.0,1.0,0.19944266371730685,0.14214239537572423,0.0006339278591847167,0.6051248672811226
2026-08-21,2026-08-24,2026-08-25,NEE,1,83.32341571547174,83.3829684527523,0.000714717906955542,15,0.9986577181208054,0.03333333333333333,1.0,1.0,0.17436938840633875,0.16787102311324942,2.3823930231851403e-05,0.022741471936892858
2026-08-21,2026-08-24,2026-08-25,DTE,1,135.50999450683594,135.89999389648438,0.0028780119951135053,15,0.976510067114094,0.03333333333333333,1.0,1.0,0.18749011261033033,-0.01992779044643542,9.593373317045018e-05,0.09157491142164155
2026-08-21,2026-08-24,2026-08-25,ATO,1,166.35000610351562,167.94000244140625,0.009558138139779793,14,0.9812332439678284,0.03333333333333333,1.0,1.0,0.16323434948085616,-0.15254150149669532,0.0003186046046593264,0.3041285633945483
2026-08-21,2026-08-24,2026-08-25,YUM,1,154.16000366210938,156.67999267578125,0.016346581174162544,14,0.9792225201072386,0.03333333333333333,1.0,1.0,0.28023657441594324,0.037746368384507,0.0005448860391387514,0.5201287296968236
2026-08-21,2026-08-24,2026-08-25,FE,1,46.18999862670898,46.68999862670898,0.010824854186310295,13,0.9939597315436242,0.03333333333333333,1.0,1.0,0.1779920048541151,-0.08485087042371836,0.00036082847287700984,0.34443395821373424
2026-08-21,2026-08-24,2026-08-25,AEE,1,106.4000015258789,107.41000366210938,0.009492501144229948,11,0.9819034852546917,0.03333333333333333,1.0,1.0,0.20809438446219256,-0.09801451278578745,0.00031641670480766495,0.30204007242798353
2026-08-21,2026-08-24,2026-08-25,KIM,1,24.059999465942383,24.309999465942383,0.01039069017245331,10,0.9771812080536912,0.03333333333333333,1.0,1.0,0.1978435157138007,0.15928555286927715,0.000346356339081777,0.33061937676691516
2026-08-21,2026-08-24,2026-08-25,CPT,1,107.95999908447266,108.5,0.005001861060639934,8,0.9765100671140939,0.03333333333333333,1.0,1.0,0.21239160455780715,0.12799458490852672,0.00016672870202133112,0.15915325730023414
2026-08-21,2026-08-24,2026-08-25,INVH,1,30.18000030517578,30.45499992370605,0.009111981966517968,7,0.9859249329758712,0.03333333333333333,1.0,1.0,0.18764678329554485,0.12380198147713906,0.0003037327322172656,0.2899324057287569
2026-08-21,2026-08-24,2026-08-25,WEC,1,106.5,107.77999877929688,0.012018767880721759,4,0.9745308310991957,0.03333333333333333,1.0,1.0,0.1820805874862274,-0.11295480346619027,0.0004006255960240586,0.3824228689606134
2026-08-21,2026-08-24,2026-08-25,D,1,66.72000122070312,66.73999786376953,0.00029970987261007664,2,0.9946308724832215,0.03333333333333333,1.0,1.0,0.17862052014052238,-0.06462056773675227,9.990329087002555e-06,0.00953641092638212
2026-08-21,2026-08-24,2026-08-25,WMB,1,70.37999725341797,70.9000015258789,0.00738852362537834,1,0.9718120805369128,0.03333333333333333,1.0,1.0,0.2676904506303914,-0.0006991640149980477,0.0002462841208459447,0.23509401547996084
2026-08-24,2026-08-25,2026-08-26,UTHR,1,516.0700073242188,515.5999755859375,-0.0009107906516759856,33,0.9851951547779273,0.03333333333333333,1.0,1.0,0.21270987668253388,0.09354214820291241,-3.035968838919952e-05,-0.02916775638384835
2026-08-24,2026-08-25,2026-08-26,PEN,1,323.70001220703125,322.0,-0.005251813849002751,32,0.9925876010781671,0.03333333333333333,1.0,1.0,0.07651865421048068,0.09055369732421184,-0.00017506046163342503,-0.16818752656184305
2026-08-24,2026-08-25,2026-08-26,ENB,1,49.869998931884766,49.70000076293945,-0.0034088264003675484,31,0.9878869448183041,0.03333333333333333,1.0,1.0,0.19909974223052473,-0.13592478938134658,-0.00011362754667891828,-0.10916648937688357
2026-08-24,2026-08-25,2026-08-26,XEL,1,77.33000183105469,77.22000122070312,-0.0014224829658207039,31,0.9973082099596231,0.03333333333333333,1.0,1.0,0.2040715546894829,-0.00521382433834131,-4.741609886069013e-05,-0.04555452620301234
2026-08-24,2026-08-25,2026-08-26,TRP,1,61.72999954223633,62.56999969482422,0.013607648773966918,31,0.9952893674293405,0.03333333333333333,1.0,1.0,0.20651330806181997,-0.023729390415126377,0.0004535882924655639,0.43578025714875124
2026-08-24,2026-08-25,2026-08-26,NI,1,40.900001525878906,40.61000061035156,-0.007090486667680196,31,0.9818304172274563,0.03333333333333333,1.0,1.0,0.2064671231200543,0.1392845685143241,-0.00023634955558933987,-0.22707038921101566
2026-08-24,2026-08-25,2026-08-26,ET,1,21.0,21.0,0.0,31,0.9804845222072678,0.03333333333333333,1.0,1.0,0.1773139846366228,-0.09774440632757095,0.0,0.0
2026-08-24,2026-08-25,2026-08-26,AEP,1,121.9800033569336,122.91999816894533,0.007706138597661338,28,0.9718498659517426,0.03333333333333333,1.0,1.0,0.20664050467903766,-0.0430981417284443,0.0002568712865887113,0.24678642985975557
2026-08-24,2026-08-25,2026-08-26,SHEL,1,92.37999725341795,91.2300033569336,-0.012448516244590091,28,0.9718498659517426,0.03333333333333333,1.0,1.0,0.23566857347326917,-0.011221804310095462,-0.0004149505414863364,-0.3986594378131078
2026-08-24,2026-08-25,2026-08-26,SO,1,90.0,89.91999816894531,-0.0008889092339410265,28,0.9785522788203753,0.03333333333333333,1.0,1.0,0.18822124310708527,-0.25238307450576003,-2.9630307798034215e-05,-0.028467011530294933
2026-08-24,2026-08-25,2026-08-26,ETR,1,106.33999633789062,106.41000366210938,0.0006583348375930331,27,0.977882037533512,0.03333333333333333,1.0,1.0,0.20767127094375426,0.19787231157216265,2.1944494586434438e-05,0.021082946038784262
2026-08-24,2026-08-25,2026-08-26,LNT,1,68.5,68.33999633789062,-0.0023358198848083545,23,0.9845222072678331,0.03333333333333333,1.0,1.0,0.20285579641566948,-0.07425470178534452,-7.786066282694515e-05,-0.07480382591901735
2026-08-24,2026-08-25,2026-08-26,EVRG,1,81.38999938964844,81.47000122070312,0.0009829442395212773,23,0.9966352624495289,0.03333333333333333,1.0,1.0,0.17379226316438243,-0.03463991804810119,3.2764807984042574e-05,0.031478450140552346
2026-08-24,2026-08-25,2026-08-26,PNW,1,98.08999633789062,97.9499969482422,-0.0014272545098907852,17,0.9878869448183042,0.03333333333333333,1.0,1.0,0.1916631740801103,-0.13275379015936314,-4.757515032969284e-05,-0.045707333255604304
2026-08-24,2026-08-25,2026-08-26,PPL,1,35.18000030517578,35.04999923706055,-0.0036953117392698465,17,0.990578734858681,0.03333333333333333,1.0,1.0,0.1971690929079112,-0.026425835408512347,-0.00012317705797566155,-0.1183410835136042
2026-08-24,2026-08-25,2026-08-26,PEG,1,73.76000213623047,73.45999908447266,-0.004067286375666335,16,0.9899057873485868,0.03333333333333333,1.0,1.0,0.18091897014494157,0.12643755771888487,-0.00013557621252221116,-0.13025344290752025
2026-08-24,2026-08-25,2026-08-26,LIN,1,489.2000122070313,488.5499877929688,-0.0013287497911741442,16,0.9752010723860589,0.03333333333333333,1.0,1.0,0.21950632920885718,0.10134223185773512,-4.42916597058048e-05,-0.042552753624270294
2026-08-24,2026-08-25,2026-08-26,SRE,1,84.66000366210938,84.12000274658203,-0.006378465534711886,16,0.9852348993288591,0.03333333333333333,1.0,1.0,0.2238331907143568,0.13111048796210542,-0.00021261551782372952,-0.20426815808539403
2026-08-24,2026-08-25,2026-08-26,NEE,1,83.3829684527523,83.53185039754672,0.001785519843645167,16,0.993943472409152,0.03333333333333333,1.0,1.0,0.17373702331193475,0.16350906691840086,5.9517328121505565e-05,0.057180656962316494
2026-08-24,2026-08-25,2026-08-26,DTE,1,135.89999389648438,136.07000732421875,0.0012510186561440761,16,0.977792732166891,0.03333333333333333,1.0,1.0,0.1914776439903553,-0.0230644966548413,4.170062187146921e-05,0.04006344084330907
2026-08-24,2026-08-25,2026-08-26,ATO,1,167.94000244140625,167.74000549316406,-0.0011908833234176575,15,0.9812332439678284,0.03333333333333333,1.0,1.0,0.16757277460314746,-0.1565708039479034,-3.969611078058858e-05,-0.03813762756031345
2026-08-24,2026-08-25,2026-08-26,YUM,1,156.67999267578125,156.02000427246094,-0.0042123336365353925,15,0.9792225201072386,0.03333333333333333,1.0,1.0,0.2795786250216855,0.034861539725008966,-0.00014041112121784642,-0.1348985313934287
2026-08-24,2026-08-25,2026-08-26,FE,1,46.68999862670898,46.619998931884766,-0.0014992438826967325,14,0.9912516823687751,0.03333333333333333,1.0,1.0,0.18571399198029964,-0.08942737169636925,-4.9974796089891084e-05,-0.0480127680823299
2026-08-24,2026-08-25,2026-08-26,AEE,1,107.41000366210938,107.27999877929688,-0.0012103610313753954,12,0.9819034852546917,0.03333333333333333,1.0,1.0,0.21274170676849344,-0.10279400234409643,-4.034536771251318e-05,-0.038761394437566335
2026-08-24,2026-08-25,2026-08-26,KIM,1,24.309999465942383,24.049999237060547,-0.010695196815865393,11,0.9885598923283985,0.03333333333333333,1.0,1.0,0.19720300064657628,0.1572058944878572,-0.00035650656052884646,-0.34250998802900595
2026-08-24,2026-08-25,2026-08-26,CPT,1,108.5,107.55999755859376,-0.008663616971486099,9,0.9765100671140939,0.03333333333333333,1.0,1.0,0.21248580770576703,0.1276058326083475,-0.00028878723238287,-0.2774493444374725
2026-08-24,2026-08-25,2026-08-26,INVH,1,30.45499992370605,30.26000022888184,-0.006402879504603942,8,0.9859249329758712,0.03333333333333333,1.0,1.0,0.18770846033482727,0.12302087959704203,-0.00021342931682013141,-0.20505000704801102
2026-08-24,2026-08-25,2026-08-26,WEC,1,107.77999877929688,106.75,-0.00955649277196624,5,0.9745308310991957,0.03333333333333333,1.0,1.0,0.18559707075188397,-0.1167734299906218,-0.00031854975906554133,-0.30604338389265917
2026-08-24,2026-08-25,2026-08-26,D,1,66.73999786376953,67.08000183105469,0.0050944557711729566,3,0.9966352624495289,0.03333333333333333,1.0,1.0,0.17972698187382014,-0.06668705102734748,0.0001698151923724319,0.16314818841017864
2026-08-24,2026-08-25,2026-08-26,WMB,1,70.9000015258789,71.16000366210938,0.003667166863678739,2,0.9718120805369128,0.03333333333333333,1.0,1.0,0.26940525494649825,-0.0020712525275377834,0.00012223889545595796,0.11743975358319207
2026-08-25,2026-08-26,2026-08-27,UTHR,1,515.5999755859375,513.97998046875,-0.0031419611984009332,34,0.9851951547779273,0.03333333333333333,1.0,1.0,0.21237276814182052,0.09752532766353404,-0.00010473203994669778,-0.10042122172899415
2026-08-25,2026-08-26,2026-08-27,PEN,1,322.0,323.0,0.0031055900621117516,33,0.9925876010781671,0.03333333333333333,1.0,1.0,0.07681023975278171,0.08656088212452047,0.00010351966873705839,0.09925875226766209
2026-08-25,2026-08-26,2026-08-27,ENB,1,49.70000076293945,50.369998931884766,0.013480848262781508,32,0.9878869448183042,0.03333333333333333,1.0,1.0,0.1989629597034092,-0.13485852354871894,0.0004493616087593836,0.4308656813396329
2026-08-25,2026-08-26,2026-08-27,XEL,1,77.22000122070312,77.0,-0.002849018612086529,32,0.9919246298788694,0.03333333333333333,1.0,1.0,0.20471501014498594,-0.008342250068183097,-9.496728706955097e-05,-0.09105839050462525
2026-08-25,2026-08-26,2026-08-27,TRP,1,62.56999969482422,62.75,0.0028767829000113654,32,0.9959623149394348,0.03333333333333333,1.0,1.0,0.20611751319680166,-0.02591291708639081,9.589276333371218e-05,0.0919457737464255
2026-08-25,2026-08-26,2026-08-27,NI,1,40.61000061035156,40.810001373291016,0.004924914058939356,32,0.9831763122476447,0.03333333333333333,1.0,1.0,0.20675304263606828,0.13647627925005493,0.00016416380196464518,0.15740674549408615
2026-08-25,2026-08-26,2026-08-27,ET,1,21.0,21.36000061035156,0.017142886207217156,32,0.9804845222072678,0.03333333333333333,1.0,1.0,0.17768949739435666,-0.09449527916884586,0.0005714295402405718,0.547909241452763
2026-08-25,2026-08-26,2026-08-27,AEP,1,122.91999816894533,122.23999786376952,-0.00553205593317041,29,0.9718498659517426,0.03333333333333333,1.0,1.0,0.2049252318712571,-0.04615348238492054,-0.00018440186443901367,-0.17681180014725748
2026-08-25,2026-08-26,2026-08-27,SHEL,1,91.2300033569336,91.2300033569336,0.0,29,0.9718498659517426,0.03333333333333333,1.0,1.0,0.23551520664040418,-0.008883062292676417,0.0,0.0
2026-08-25,2026-08-26,2026-08-27,SO,1,89.91999816894531,89.0,-0.010231296571167392,29,0.9785522788203753,0.03333333333333333,1.0,1.0,0.19009426274892866,-0.256428656692001,-0.00034104321903891306,-0.3270057256185093
2026-08-25,2026-08-26,2026-08-27,ETR,1,106.41000366210938,106.25,-0.0015036524443458044,28,0.977882037533512,0.03333333333333333,1.0,1.0,0.20906478334506512,0.1934128126539728,-5.012174814486015e-05,-0.04805871428133586
2026-08-25,2026-08-26,2026-08-27,LNT,1,68.33999633789062,68.30999755859375,-0.0004389637240914679,24,0.9892328398384926,0.03333333333333333,1.0,1.0,0.20268004540426562,-0.07715115376592842,-1.4632124136382263e-05,-0.014029859277195718
2026-08-25,2026-08-26,2026-08-27,EVRG,1,81.47000122070312,81.4000015258789,-0.0008592082211290597,24,0.9973082099596231,0.03333333333333333,1.0,1.0,0.1724787466660976,-0.03625715522655222,-2.8640274037635324e-05,-0.027461427381499363
2026-08-25,2026-08-26,2026-08-27,PNW,1,97.9499969482422,97.55999755859376,-0.0039816171699782466,18,0.9838492597577388,0.03333333333333333,1.0,1.0,0.19045245246484577,-0.13730460289825008,-0.00013272057233260822,-0.1272577334404541
2026-08-25,2026-08-26,2026-08-27,PPL,1,35.04999923706055,34.790000915527344,-0.0074179265960807594,18,0.9925975773889637,0.03333333333333333,1.0,1.0,0.20090482859318154,-0.03370160069955798,-0.00024726421986935864,-0.23708671254551017
2026-08-25,2026-08-26,2026-08-27,PEG,1,73.45999908447266,73.2699966430664,-0.00258647486760466,17,0.9825033647375505,0.03333333333333333,1.0,1.0,0.18077683704124067,0.11724954307443675,-8.621582892015534e-05,-0.08266714633789515
2026-08-25,2026-08-26,2026-08-27,LIN,1,488.5499877929688,484.5700073242188,-0.008146516361057787,17,0.9752010723860589,0.03333333333333333,1.0,1.0,0.2193992935483967,0.09924436088028533,-0.0002715505453685929,-0.26037340188319863
2026-08-25,2026-08-26,2026-08-27,SRE,1,84.12000274658203,84.44000244140625,0.003804085644032229,17,0.9852348993288591,0.03333333333333333,1.0,1.0,0.22601719589873315,0.12206942823540846,0.0001268028548010743,0.1215835918438026
2026-08-25,2026-08-26,2026-08-27,NEE,1,83.53185039754672,82.89662238997566,-0.007604620328028999,17,0.9952893674293405,0.03333333333333333,1.0,1.0,0.17261470442686053,0.16196207798559167,-0.00025348734426763333,-0.24305369032388927
2026-08-25,2026-08-26,2026-08-27,DTE,1,136.07000732421875,136.0,-0.0005144948956454787,17,0.977792732166891,0.03333333333333333,1.0,1.0,0.19021877618899927,-0.024419090924564537,-1.714982985484929e-05,-0.016443935087532356
2026-08-25,2026-08-26,2026-08-27,ATO,1,167.74000549316406,168.07000732421875,0.0019673412438760973,16,0.9812332439678284,0.03333333333333333,1.0,1.0,0.16943076067557986,-0.15813004086030588,6.557804146253657e-05,0.06287881956289726
2026-08-25,2026-08-26,2026-08-27,YUM,1,156.02000427246094,152.64999389648438,-0.021599860810742166,16,0.9792225201072386,0.03333333333333333,1.0,1.0,0.28512433164169476,0.025794726758366464,-0.0007199953603580722,-0.6903600250998906
2026-08-25,2026-08-26,2026-08-27,FE,1,46.619998931884766,46.310001373291016,-0.006649454433636515,15,0.9946164199192463,0.03333333333333333,1.0,1.0,0.18418631277916617,-0.09318176091296358,-0.00022164848112121716,-0.2125253292105892
2026-08-25,2026-08-26,2026-08-27,AEE,1,107.27999877929688,106.62000274658205,-0.006152088368984954,13,0.9819034852546917,0.03333333333333333,1.0,1.0,0.21195034687255015,-0.10647667804704988,-0.00020506961229949845,-0.19662885414136452
2026-08-25,2026-08-26,2026-08-27,KIM,1,24.049999237060547,23.850000381469727,-0.008315960995234684,12,0.990578734858681,0.03333333333333333,1.0,1.0,0.197840019520056,0.15428318375632696,-0.0002771986998411561,-0.2657890757585241
2026-08-25,2026-08-26,2026-08-27,CPT,1,107.55999755859376,106.93000030517578,-0.005857170581235693,10,0.9765100671140939,0.03333333333333333,1.0,1.0,0.21304196814162885,0.12327058619057882,-0.0001952390193745231,-0.18720289287536748
2026-08-25,2026-08-26,2026-08-27,INVH,1,30.26000022888184,29.690000534057617,-0.018836737954819438,9,0.9859249329758712,0.03333333333333333,1.0,1.0,0.18825404608433657,0.12072738559368965,-0.0006278912651606479,-0.6020469761926391
2026-08-25,2026-08-26,2026-08-27,WEC,1,106.75,106.5500030517578,-0.001873507711870781,6,0.9745308310991957,0.03333333333333333,1.0,1.0,0.1865797458389447,-0.12135349797504191,-6.245025706235937e-05,-0.05987977618581285
2026-08-25,2026-08-26,2026-08-27,D,1,67.08000183105469,66.47000122070312,-0.009093628409371335,4,0.9919246298788694,0.03333333333333333,1.0,1.0,0.17881442515366922,-0.06807445884998943,-0.0003031209469790445,-0.2906443514589928
2026-08-25,2026-08-26,2026-08-27,WMB,1,71.16000366210938,74.3499984741211,0.04482848015521257,3,0.9757738896366084,0.03333333333333333,1.0,1.0,0.2685144793876794,-0.0007248248097513234,0.001494282671840419,1.4327773200164031
2026-08-26,2026-08-27,2026-08-28,UTHR,1,513.97998046875,527.9400024414062,0.027160633688348534,35,0.9851951547779273,0.03333333333333333,1.0,1.0,0.2103622095382599,0.09765723452744807,0.0009053544562782845,0.8669016676280799
2026-08-26,2026-08-27,2026-08-28,PEN,1,323.0,320.8299865722656,-0.0067183078258030715,34,0.9925876010781671,0.03333333333333333,1.0,1.0,0.07688479213915256,0.041133608322871835,-0.0002239435941934357,-0.21443211983400484
2026-08-26,2026-08-27,2026-08-28,ENB,1,50.369998931884766,50.43999862670898,0.00138971007164157,33,0.9878869448183042,0.03333333333333333,1.0,1.0,0.19669066613418804,-0.137935413412831,4.6323669054719e-05,0.04435618080377962
2026-08-26,2026-08-27,2026-08-28,XEL,1,77.0,77.5,0.006493506493506551,33,0.9932705248990579,0.03333333333333333,1.0,1.0,0.20463169005525994,-0.021910967245636008,0.00021645021645021837,0.2072570055826585
2026-08-26,2026-08-27,2026-08-28,TRP,1,62.75,62.25,-0.007968127490039834,33,0.9952893674293405,0.03333333333333333,1.0,1.0,0.2030308275538331,-0.021243297767277527,-0.00026560424966799446,-0.2543233375277219
2026-08-26,2026-08-27,2026-08-28,NI,1,40.810001373291016,41.29999923706055,0.012006808313665518,33,0.9825033647375505,0.03333333333333333,1.0,1.0,0.20677080430150022,0.12375447473824183,0.00040022694378885057,0.3832282512050704
2026-08-26,2026-08-27,2026-08-28,ET,1,21.36000061035156,21.3799991607666,0.0009362616967973914,33,0.9804845222072678,0.03333333333333333,1.0,1.0,0.17090798161991788,-0.09797447477640363,3.120872322657971e-05,0.029883206540874535
2026-08-26,2026-08-27,2026-08-28,AEP,1,122.23999786376952,123.37999725341795,0.00932591140028416,30,0.981157469717362,0.03333333333333333,1.0,1.0,0.20530708440518863,-0.05241942493776902,0.0003108637133428053,0.29766051255741655
2026-08-26,2026-08-27,2026-08-28,SHEL,1,91.2300033569336,90.73999786376952,-0.005371100242613669,30,0.9718498659517426,0.03333333333333333,1.0,1.0,0.23559000163694233,-0.01964929790128,-0.00017903667475378896,-0.17143251555713201
2026-08-26,2026-08-27,2026-08-28,SO,1,89.0,89.37000274658203,0.004157334231258858,30,0.9785522788203753,0.03333333333333333,1.0,1.0,0.18991218995086845,-0.2586261156175296,0.0001385778077086286,0.13269204317245598
2026-08-26,2026-08-27,2026-08-28,ETR,1,106.25,107.16999816894533,0.008658806295956056,29,0.977882037533512,0.03333333333333333,1.0,1.0,0.20922580020612927,0.1960050336980493,0.0002886268765318685,0.27636813278229644
2026-08-26,2026-08-27,2026-08-28,LNT,1,68.30999755859375,68.58999633789062,0.004098942897146296,25,0.9858681022880216,0.03333333333333333,1.0,1.0,0.2026164698153251,-0.08978096861400352,0.00013663142990487652,0.13082833316119347
2026-08-26,2026-08-27,2026-08-28,EVRG,1,81.4000015258789,82.0199966430664,0.007616647488518646,25,0.9858681022880216,0.03333333333333333,1.0,1.0,0.17241243812137022,-0.04156041459017625,0.00025388824961728823,0.2431049468615517
2026-08-26,2026-08-27,2026-08-28,PNW,1,97.55999755859376,98.36000061035156,0.008200113486855232,19,0.9784656796769853,0.03333333333333333,1.0,1.0,0.190452624109996,-0.14067100832119803,0.00027333711622850774,0.26172776887543026
2026-08-26,2026-08-27,2026-08-28,PPL,1,34.790000915527344,34.650001525878906,-0.00402412721943779,19,0.9858681022880216,0.03333333333333333,1.0,1.0,0.20064586452370392,-0.03876164525373381,-0.00013413757398125965,-0.12844039786798814
2026-08-26,2026-08-27,2026-08-28,PEG,1,73.2699966430664,73.9000015258789,0.008598401960922208,18,0.9858681022880216,0.03333333333333333,1.0,1.0,0.18008432273326208,0.11356645427243095,0.0002866133986974069,0.2744401726553841
2026-08-26,2026-08-27,2026-08-28,LIN,1,484.5700073242188,487.0,0.005014740159424047,18,0.9752010723860589,0.03333333333333333,1.0,1.0,0.21946210262569957,0.09798899392301635,0.0001671580053141349,0.16005836449946761
2026-08-26,2026-08-27,2026-08-28,SRE,1,84.44000244140625,85.4000015258789,0.011369008251021828,18,0.9852348993288591,0.03333333333333333,1.0,1.0,0.22490299049088813,0.10334986175212112,0.0003789669417007276,0.36287121740890027
2026-08-26,2026-08-27,2026-08-28,NEE,1,82.89662238997566,82.91999816894531,0.00028198710991733655,18,0.9986541049798116,0.03333333333333333,1.0,1.0,0.17163433468472644,0.1618083649280249,9.399570330577884e-06,0.009000345818213693
2026-08-26,2026-08-27,2026-08-28,DTE,1,136.0,137.22999572753906,0.00904408623190478,18,0.9791386271870794,0.03333333333333333,1.0,1.0,0.19026383798852983,-0.02251726705112103,0.0003014695410634927,0.28866533552101126
2026-08-26,2026-08-27,2026-08-28,ATO,1,168.07000732421875,168.35000610351562,0.0016659651757897631,17,0.9812332439678284,0.03333333333333333,1.0,1.0,0.16900876928680766,-0.16789935776327514,5.5532172526325437e-05,0.05317357487583226
2026-08-26,2026-08-27,2026-08-28,YUM,1,152.64999389648438,151.63999938964844,-0.006616407122301271,17,0.9792225201072386,0.03333333333333333,1.0,1.0,0.2850721038505845,0.02624683556320743,-0.00022054690407670904,-0.21117969609412426
2026-08-26,2026-08-27,2026-08-28,FE,1,46.310001373291016,46.52000045776367,0.004534637837298128,16,0.9878869448183042,0.03333333333333333,1.0,1.0,0.1836523107890475,-0.10029758087157935,0.00015115459457660426,0.1447346607722745
2026-08-26,2026-08-27,2026-08-28,AEE,1,106.62000274658205,107.41999816894533,0.0075032395587602,14,0.9819034852546917,0.03333333333333333,1.0,1.0,0.21198314244920452,-0.11199734441505055,0.00025010798529200663,0.23948524032016782
2026-08-26,2026-08-27,2026-08-28,KIM,1,23.850000381469727,23.950000762939453,0.004192888044874943,13,0.9946164199192463,0.03333333333333333,1.0,1.0,0.1949772179511408,0.12870443755249802,0.00013976293482916477,0.13382683482231147
2026-08-26,2026-08-27,2026-08-28,CPT,1,106.93000030517578,106.33999633789062,-0.005517665440954778,11,0.9765100671140939,0.03333333333333333,1.0,1.0,0.21366620043193021,0.11203442932871052,-0.00018392218136515926,-0.1761105218332762
2026-08-26,2026-08-27,2026-08-28,INVH,1,29.690000534057617,29.36000061035156,-0.011114850716405833,10,0.9818304172274562,0.03333333333333333,1.0,1.0,0.18902310920347476,0.10124414590719628,-0.0003704950238801944,-0.3547591242549999
2026-08-26,2026-08-27,2026-08-28,WEC,1,106.5500030517578,106.81999969482422,0.00253399000782073,7,0.9745308310991957,0.03333333333333333,1.0,1.0,0.18712531140256694,-0.12459460361095359,8.446633359402434e-05,0.08087882590438378
2026-08-26,2026-08-27,2026-08-28,D,1,66.47000122070312,66.94999694824219,0.00722123843424205,5,0.9952893674293405,0.03333333333333333,1.0,1.0,0.1786862428559849,-0.0773256214044798,0.00024070794780806833,0.2304844471898275
2026-08-26,2026-08-27,2026-08-28,WMB,1,74.3499984741211,74.47000122070312,0.0016140248694664905,4,0.9757738896366084,0.03333333333333333,1.0,1.0,0.2633882959511509,0.01158420162607775,5.380082898221635e-05,0.05151576605276072
2026-08-27,2026-08-28,2026-08-31,UTHR,1,527.9400024414062,510.9500122070313,-0.032181668666527274,36,0.9851951547779273,0.03333333333333333,1.0,1.0,0.2090727522344364,0.09027008418343861,-0.0010727222888842424,-1.030800120452235
2026-08-27,2026-08-28,2026-08-31,PEN,1,320.8299865722656,320.989990234375,0.0004987179154256616,35,0.9925876010781671,0.03333333333333333,1.0,1.0,0.06041622665586246,0.04037720734656991,1.662393051418872e-05,0.015974264498818908
2026-08-27,2026-08-28,2026-08-31,ENB,1,50.43999862670898,50.310001373291016,-0.0025772652053389633,34,0.9878869448183042,0.03333333333333333,1.0,1.0,0.19706739064341433,-0.14111799399644886,-8.590884017796544e-05,-0.08255150817782117
2026-08-27,2026-08-28,2026-08-31,XEL,1,77.5,75.61000061035156,-0.02438708889868957,34,0.9946164199192463,0.03333333333333333,1.0,1.0,0.2049932619986468,-0.02752644290381414,-0.0008129029632896523,-0.7811345780337138
2026-08-27,2026-08-28,2026-08-31,TRP,1,62.25,62.16999816894531,-0.0012851699767820746,34,0.993943472409152,0.03333333333333333,1.0,1.0,0.2029961492834698,-0.02499604113905708,-4.2838999226069155e-05,-0.04116484389283574
2026-08-27,2026-08-28,2026-08-31,NI,1,41.29999923706055,40.43999862670898,-0.020823259715216813,34,0.9845222072678331,0.03333333333333333,1.0,1.0,0.20852466799948458,0.12157929483729654,-0.0006941086571738938,-0.6669827734874232
2026-08-27,2026-08-28,2026-08-31,ET,1,21.3799991607666,21.450000762939453,0.003274162999094443,34,0.9804845222072678,0.03333333333333333,1.0,1.0,0.17203851247840427,-0.09888004470011534,0.00010913876663648144,0.10487360518248107
2026-08-27,2026-08-28,2026-08-31,AEP,1,123.37999725341795,122.30999755859376,-0.008672391948805536,31,0.981157469717362,0.03333333333333333,1.0,1.0,0.20475486914500998,-0.05560947922236601,-0.0002890797316268512,-0.277782446835514
2026-08-27,2026-08-28,2026-08-31,SHEL,1,90.73999786376952,92.04000091552734,0.014326681533644692,31,0.9718498659517426,0.03333333333333333,1.0,1.0,0.2350067443059713,-0.017409728222289988,0.0004775560511214897,0.4588930798955792
2026-08-27,2026-08-28,2026-08-31,SO,1,89.37000274658203,88.04000091552734,-0.014881971468950761,31,0.9785522788203753,0.03333333333333333,1.0,1.0,0.18984105679483937,-0.2634950168735421,-0.000496065715631692,-0.47667938358699613
2026-08-27,2026-08-28,2026-08-31,ETR,1,107.16999816894533,105.7300033569336,-0.013436547882941019,30,0.9798115746971736,0.03333333333333333,1.0,1.0,0.2100707555004518,0.19520220522021506,-0.0004478849294313673,-0.43038151065808056
2026-08-27,2026-08-28,2026-08-31,LNT,1,68.58999633789062,67.61000061035156,-0.01428773552795326,26,0.9858681022880216,0.03333333333333333,1.0,1.0,0.20348727915705547,-0.09402621886199938,-0.00047625785093177535,-0.45764561358878647
2026-08-27,2026-08-28,2026-08-31,EVRG,1,82.0199966430664,80.4000015258789,-0.01975122145197561,26,0.993943472409152,0.03333333333333333,1.0,1.0,0.17368264095562347,-0.04500076831630077,-0.000658374048399187,-0.632644679265857
2026-08-27,2026-08-28,2026-08-31,PNW,1,98.36000061035156,97.01000213623048,-0.013725075902236261,20,0.9784656796769853,0.03333333333333333,1.0,1.0,0.19176237977327198,-0.14614243014361916,-0.000457502530074542,-0.4396232538419176
2026-08-27,2026-08-28,2026-08-31,PPL,1,34.650001525878906,33.959999084472656,-0.019913489495546166,20,0.9885598923283984,0.03333333333333333,1.0,1.0,0.20008407755784482,-0.04220235638424649,-0.0006637829831848722,-0.637842231965542
2026-08-27,2026-08-28,2026-08-31,PEG,1,73.9000015258789,72.79000091552734,-0.015020305648611565,19,0.9865410497981157,0.03333333333333333,1.0,1.0,0.18148230057507075,0.10932301446559918,-0.0005006768549537189,-0.48111031880463867
2026-08-27,2026-08-28,2026-08-31,LIN,1,487.0,489.0499877929688,0.004209420519443174,19,0.9752010723860589,0.03333333333333333,1.0,1.0,0.21831471862390026,0.09536004890392216,0.00014031401731477247,0.13483052179296343
2026-08-27,2026-08-28,2026-08-31,SRE,1,85.4000015258789,79.9800033569336,-0.06346601957967035,19,0.9852348993288591,0.03333333333333333,1.0,1.0,0.22712830211084362,0.09830237641320902,-0.0021155339859890115,-2.032858560109203
2026-08-27,2026-08-28,2026-08-31,NEE,1,82.91999816894531,81.08000183105469,-0.022190019036683162,19,0.9979811574697174,0.03333333333333333,1.0,1.0,0.17163433468472644,0.15774729558914044,-0.000739667301222772,-0.7107609780235385
2026-08-27,2026-08-28,2026-08-31,DTE,1,137.22999572753906,135.50999450683594,-0.012533711828702998,19,0.9791386271870794,0.03333333333333333,1.0,1.0,0.1915703371148435,-0.026416957762349584,-0.00041779039429009994,-0.40146307503870104
2026-08-27,2026-08-28,2026-08-31,ATO,1,168.35000610351562,165.5,-0.01692905257017452,18,0.9812332439678284,0.03333333333333333,1.0,1.0,0.17005923154459449,-0.17218076718533293,-0.0005643017523391506,-0.542248744442163
2026-08-27,2026-08-28,2026-08-31,YUM,1,151.63999938964844,153.44000244140625,0.011870239112390157,18,0.9792225201072386,0.03333333333333333,1.0,1.0,0.2856385593973298,0.024474682075906754,0.0003956746370796719,0.3802116053595233
2026-08-27,2026-08-28,2026-08-31,FE,1,46.52000045776367,45.52999877929688,-0.021281205260641145,17,0.9899057873485868,0.03333333333333333,1.0,1.0,0.18361497731665172,-0.10173796976433638,-0.0007093735086880382,-0.6816510720233209
2026-08-27,2026-08-28,2026-08-31,AEE,1,107.41999816894533,105.19000244140624,-0.020759595657708463,15,0.9819034852546917,0.03333333333333333,1.0,1.0,0.21273894695054796,-0.11637462658911907,-0.0006919865219236154,-0.6649435716415493
2026-08-27,2026-08-28,2026-08-31,KIM,1,23.950000762939453,23.729999542236328,-0.009185854434023977,14,0.9932705248990579,0.03333333333333333,1.0,1.0,0.19476006708295712,0.128807885702267,-0.0003061951478007992,-0.2942289896514054
2026-08-27,2026-08-28,2026-08-31,CPT,1,106.33999633789062,106.08000183105467,-0.0024449362026478516,12,0.9858681022880216,0.03333333333333333,1.0,1.0,0.21397256779010201,0.11072363447615591,-8.149787342159505e-05,-0.07831292274812283
2026-08-27,2026-08-28,2026-08-31,INVH,1,29.36000061035156,29.11000061035156,-0.008514986199007701,11,0.9724091520861373,0.03333333333333333,1.0,1.0,0.1903588508741421,0.09706026170042482,-0.0002838328733002567,-0.27274063661949355
2026-08-27,2026-08-28,2026-08-31,WEC,1,106.81999969482422,105.83999633789062,-0.009174343378893335,8,0.9745308310991957,0.03333333333333333,1.0,1.0,0.18790838911749533,-0.1297153721823766,-0.0003058114459631112,-0.2938602829464129
2026-08-27,2026-08-28,2026-08-31,D,1,66.94999694824219,64.91999816894531,-0.03032111832456441,6,0.9952893674293405,0.03333333333333333,1.0,1.0,0.17866824339642498,-0.08638435874114551,-0.001010703944152147,-0.9712054631187089
2026-08-27,2026-08-28,2026-08-31,WMB,1,74.47000122070312,74.19000244140625,-0.0037598868632626736,5,0.9757738896366084,0.03333333333333333,1.0,1.0,0.2752574865787363,0.008365900273789832,-0.0001253295621087558,-0.12043166163006072
