signal_date,exec_entry_date,exec_exit_date,ticker,side,entry_price,exit_price,position_return,holding_age,score,weight,contribution_return,contribution_pnl
2026-05-18 13:30:00,2026-05-18 14:30:00,2026-05-18 15:30:00,MU,1,708.7754272338868,698.5650455871582,-0.014405665397538292,0,1.0,0.2,-0.0028811330795076584,-2.8811330795076584
2026-05-18 13:30:00,2026-05-18 14:30:00,2026-05-18 15:30:00,SBSW,1,12.18060930519104,12.019399457740784,-0.013234957579794648,0,0.9956331877729258,0.2,-0.0026469915159589297,-2.6469915159589297
2026-05-18 13:30:00,2026-05-18 14:30:00,2026-05-18 15:30:00,INTC,1,107.4153741622925,106.69966658096313,-0.006662990162358051,0,0.9895196506550219,0.2,-0.0013325980324716104,-1.3325980324716105
2026-05-18 13:30:00,2026-05-18 14:30:00,2026-05-18 15:30:00,AMD,1,417.1072495834351,415.9892092651367,-0.0026804624456059356,0,0.9860262008733625,0.2,-0.0005360924891211872,-0.5360924891211872
2026-05-18 13:30:00,2026-05-18 14:30:00,2026-05-18 15:30:00,FLNC,1,20.29101541557312,19.449028262901304,-0.041495565176378535,0,0.9781659388646288,0.2,-0.008299113035275708,-8.299113035275708
2026-05-18 14:30:00,2026-05-18 15:30:00,2026-05-18 16:30:00,MU,1,698.6349055847169,683.09084375,-0.02224919154548599,1,0.9903930131004367,0.2,-0.004449838309097199,-4.378881507130826
2026-05-18 14:30:00,2026-05-18 15:30:00,2026-05-18 16:30:00,SBSW,1,12.020601457786562,12.064396330404282,0.003643317913127442,1,0.9982532751091703,0.2,0.0007286635826254884,0.7170443654897193
2026-05-18 14:30:00,2026-05-18 15:30:00,2026-05-18 16:30:00,INTC,1,106.71033708114624,104.79476305160522,-0.01795115714126505,1,0.9868995633187773,0.2,-0.0035902314282530105,-3.5329818558478325
2026-05-18 14:30:00,2026-05-18 15:30:00,2026-05-18 16:30:00,AMD,1,416.03081026611335,413.899317427063,-0.0051234014079075685,1,0.9842794759825326,0.2,-0.0010246802815815138,-1.0083408034323005
2026-05-18 14:30:00,2026-05-18 15:30:00,2026-05-18 16:30:00,FLNC,1,19.4509732629776,19.119044839191435,-0.01706487481621033,1,0.9912663755458515,0.2,-0.003412974963242066,-3.3585519096924896
2026-05-18 15:30:00,2026-05-18 16:30:00,2026-05-18 17:30:00,MU,1,683.15915625,682.3458858825684,-0.0011904551962618193,2,0.9903930131004367,0.16666666666666666,-0.00019840919937696988,-0.19295143057501218
2026-05-18 15:30:00,2026-05-18 16:30:00,2026-05-18 17:30:00,SBSW,1,12.065602830362321,12.114394021129609,0.004043825364822062,2,0.9982532751091703,0.16666666666666666,0.0006739708941370104,0.6554315455029799
2026-05-18 15:30:00,2026-05-18 16:30:00,2026-05-18 17:30:00,INTC,1,104.8052430519104,106.82505703964235,0.01927207006935272,2,0.9921397379912663,0.16666666666666666,0.003212011678225453,3.1236568177452413
2026-05-18 15:30:00,2026-05-18 16:30:00,2026-05-18 17:30:00,AMD,1,413.9407094284058,418.0890798522949,0.010021653655706952,2,0.9842794759825326,0.16666666666666666,0.001670275609284492,1.6243302693524266
2026-05-18 15:30:00,2026-05-18 16:30:00,2026-05-18 17:30:00,FLNC,1,19.12095683927536,19.149042118549353,0.0014688218539515852,2,0.9842794759825326,0.16666666666666666,0.0002448036423252642,0.2380696718950427
2026-05-18 15:30:00,2026-05-18 16:30:00,2026-05-18 17:30:00,FSLY,1,16.37081933927536,16.616669430160524,0.015017580109466078,0,0.9807860262008734,0.16666666666666666,0.002502930018244346,2.4340803207003168
2026-05-18 16:30:00,2026-05-18 17:30:00,2026-05-18 18:30:00,MU,1,682.4141238830567,670.106507647705,-0.018035406660869224,3,0.9877729257641922,0.16666666666666666,-0.0030059011101448707,-2.946764071926279
2026-05-18 16:30:00,2026-05-18 17:30:00,2026-05-18 18:30:00,SBSW,1,12.11560552110672,11.959402038145065,-0.012892750815428289,3,0.9965065502183406,0.16666666666666666,-0.0021487918025713815,-2.106517230555825
2026-05-18 16:30:00,2026-05-18 17:30:00,2026-05-18 18:30:00,INTC,1,106.83574007949832,106.03469891548157,-0.0074978763045090435,3,0.9816593886462882,0.16666666666666666,-0.0012496460507515073,-1.2250609551162612
2026-05-18 16:30:00,2026-05-18 17:30:00,2026-05-18 18:30:00,AMD,1,418.1308908508301,412.23939676513675,-0.014090071349918909,3,0.9842794759825326,0.16666666666666666,-0.0023483452249864847,-2.3021447093235525
2026-05-18 16:30:00,2026-05-18 17:30:00,2026-05-18 18:30:00,FLNC,1,19.150957118511208,18.774060868549356,-0.019680282694463647,3,0.9956331877729258,0.16666666666666666,-0.003280047115743941,-3.2155166257062353
2026-05-18 16:30:00,2026-05-18 17:30:00,2026-05-18 18:30:00,FSLY,1,16.618331180191042,16.479175542259217,-0.008373622863991237,1,0.9816593886462881,0.16666666666666666,-0.001395603810665206,-1.3681471935427143
2026-05-18 17:30:00,2026-05-18 18:30:00,2026-05-18 19:30:00,MU,1,670.17352164917,664.9217693389893,-0.00783640675217534,4,0.9921397379912664,0.14285714285714285,-0.0011194866788821914,-1.082725201376198
2026-05-18 17:30:00,2026-05-18 18:30:00,2026-05-18 19:30:00,SBSW,1,11.96059803814888,11.924403940725327,-0.0030261110111811096,4,0.9877729257641922,0.14285714285714285,-0.0004323015730258728,-0.4181057412644227
2026-05-18 17:30:00,2026-05-18 18:30:00,2026-05-18 19:30:00,INTC,1,106.04530291557313,106.48467336387633,0.004143233469312557,4,0.9921397379912663,0.14285714285714285,0.0005918904956160796,0.5724541150400035
2026-05-18 17:30:00,2026-05-18 18:30:00,2026-05-18 19:30:00,AMD,1,412.2806227661133,413.8792988967896,0.0038776407194456297,4,0.9842794759825326,0.14285714285714285,0.0005539486742065185,0.5357582195003927
2026-05-18 17:30:00,2026-05-18 18:30:00,2026-05-18 19:30:00,FLNC,1,18.77593836851121,19.15904184741974,0.02040395911988213,4,0.9877729257641921,0.14285714285714285,0.0029148513028403045,2.819134004346255
2026-05-18 17:30:00,2026-05-18 18:30:00,2026-05-18 19:30:00,FSLY,1,16.480823542213443,16.539173915481566,0.00354050106286663,2,0.9816593886462881,0.14285714285714285,0.0005057858661238042,0.4891769719841034
2026-05-18 17:30:00,2026-05-18 18:30:00,2026-05-18 19:30:00,UAMY,1,8.055403055191041,8.039597961854934,-0.001962048730252186,0,0.9799126637554585,0.14285714285714285,-0.0002802926757503123,-0.2710884814628213
2026-05-18 18:30:00,2026-05-18 19:30:00,2026-05-19 13:30:00,MU,1,664.9882648406983,664.8617747802734,-0.00019021397385887706,5,0.9851528384279475,0.14285714285714285,-2.7173424836982436e-05,-0.026351658288717904
2026-05-18 18:30:00,2026-05-18 19:30:00,2026-05-19 13:30:00,SBSW,1,11.925596440744402,11.549422690725327,-0.03154339088096736,5,0.9912663755458515,0.14285714285714285,-0.004506198697281051,-4.369924253721805
2026-05-18 18:30:00,2026-05-18 19:30:00,2026-05-19 13:30:00,INTC,1,106.49532236366272,106.88965189323426,0.003702787322667378,5,0.9868995633187773,0.14285714285714285,0.0005289696175239111,0.5129727551726542
2026-05-18 18:30:00,2026-05-18 19:30:00,2026-05-19 13:30:00,AMD,1,413.92068889617923,412.94434808807375,-0.0023587630053214514,5,0.9842794759825326,0.14285714285714285,-0.0003369661436173502,-0.3267757643632204
2026-05-18 18:30:00,2026-05-18 19:30:00,2026-05-19 13:30:00,FLNC,1,19.160957847404482,18.949053262901305,-0.011059185359665213,5,0.9921397379912664,0.14285714285714285,-0.001579883622809316,-1.5321054896087958
2026-05-18 18:30:00,2026-05-18 19:30:00,2026-05-19 13:30:00,FSLY,1,16.54082791557312,16.619169839191436,0.0047362758392859305,3,0.9860262008733625,0.14285714285714285,0.0006766108341837043,0.6561490722578096
2026-05-18 18:30:00,2026-05-18 19:30:00,2026-05-19 13:30:00,UAMY,1,8.04040196185112,7.9996,-0.00507461717022506,1,0.9799126637554585,0.14285714285714285,-0.0007249453100321514,-0.7030218385271941
2026-05-18 19:30:00,2026-05-19 13:30:00,2026-05-19 14:30:00,MU,1,664.9282642822267,662.96685,-0.0029498133672268834,6,0.9868995633187772,0.14285714285714285,-0.00042140190960384045,-0.40621854196776436
2026-05-18 19:30:00,2026-05-19 13:30:00,2026-05-19 14:30:00,SBSW,1,11.5505776907444,11.314433830404282,-0.020444333319306063,6,0.9877729257641922,0.14285714285714285,-0.0029206190456151516,-2.815387361363438
2026-05-18 19:30:00,2026-05-19 13:30:00,2026-05-19 14:30:00,INTC,1,106.90034139289857,103.35483261032104,-0.03316648699508318,6,0.9842794759825327,0.14285714285714285,-0.004738069570726168,-4.5673540363678375
2026-05-18 19:30:00,2026-05-19 13:30:00,2026-05-19 14:30:00,AMD,1,412.98564458770755,395.9602119857788,-0.04122524069553457,6,0.976419213973799,0.14285714285714285,-0.005889320099362081,-5.677124306800985
2026-05-18 19:30:00,2026-05-19 13:30:00,2026-05-19 14:30:00,FLNC,1,18.9509482629776,17.399129618549345,-0.0818860683325211,6,0.9912663755458515,0.14285714285714285,-0.011698009761788728,-11.276523340451385
2026-05-18 19:30:00,2026-05-19 13:30:00,2026-05-19 14:30:00,FSLY,1,16.62083183927536,16.32918342370987,-0.017547161200218597,4,0.9860262008733625,0.14285714285714285,-0.0025067373143169425,-2.4164180410936082
2026-05-18 19:30:00,2026-05-19 13:30:00,2026-05-19 14:30:00,UAMY,1,8.0004,7.539622961854935,-0.05759425005563046,2,0.9799126637554585,0.14285714285714285,-0.008227750007947208,-7.931299160570099
2026-05-19 13:30:00,2026-05-19 14:30:00,2026-05-19 15:30:00,MU,1,663.0331500000001,682.8658794128418,0.02991212341772309,7,0.9834061135371178,0.14285714285714285,0.004273160488246156,3.9692493220726384
2026-05-19 13:30:00,2026-05-19 14:30:00,2026-05-19 15:30:00,SBSW,1,11.315565330362322,11.289435461854934,-0.0023091969110261568,7,0.9982532751091703,0.14285714285714285,-0.00032988527300373667,-0.3064235241885914
2026-05-19 13:30:00,2026-05-19 14:30:00,2026-05-19 15:30:00,INTC,1,103.36516861038209,105.494725,0.020602263008392407,7,0.9868995633187773,0.14285714285714285,0.0029431804297703435,2.7338586879048288
2026-05-19 13:30:00,2026-05-19 14:30:00,2026-05-19 15:30:00,AMD,1,395.9998099868775,407.9896092651367,0.030277285432678713,7,0.9790393013100436,0.14285714285714285,0.004325326490382673,4.0177052294005176
2026-05-19 13:30:00,2026-05-19 14:30:00,2026-05-19 15:30:00,FLNC,1,17.4008696185112,17.64911711854935,0.014266384696892231,7,0.9868995633187774,0.14285714285714285,0.00203805495669889,1.893106584102125
2026-05-19 13:30:00,2026-05-19 14:30:00,2026-05-19 15:30:00,FSLY,1,16.33081642370224,16.389179889678957,0.0035738241409661864,5,0.9860262008733625,0.14285714285714285,0.0005105463058523123,0.47423577559632357
2026-05-19 13:30:00,2026-05-19 14:30:00,2026-05-19 15:30:00,UAMY,1,7.540376961851121,7.4346281927824025,-0.01402433453973595,3,0.9799126637554585,0.14285714285714285,-0.0020034763628194213,-1.8609872521248143
2026-05-19 14:30:00,2026-05-19 15:30:00,2026-05-19 16:30:00,MU,1,682.9341694152832,708.7945755889892,0.03786661633265065,8,0.9834061135371178,0.125,0.004733327041581331,4.448379857002501
2026-05-19 14:30:00,2026-05-19 15:30:00,2026-05-19 16:30:00,SBSW,1,11.29056446185112,11.394430707740783,0.009199384693352464,8,1.0,0.125,0.001149923086669058,1.08069749901157
2026-05-19 14:30:00,2026-05-19 15:30:00,2026-05-19 16:30:00,INTC,1,105.50527500000001,108.78456141548156,0.031081729472593134,8,0.9755458515283844,0.125,0.0038852161840741417,3.651325433782319
2026-05-19 14:30:00,2026-05-19 15:30:00,2026-05-19 16:30:00,AMD,1,408.03041026611334,414.9592619857788,0.016981214010854062,8,0.9790393013100436,0.125,0.0021226517513567578,1.9948677138125526
2026-05-19 14:30:00,2026-05-19 15:30:00,2026-05-19 16:30:00,FLNC,1,17.650882118511202,17.879105160808564,0.012929837770431662,8,0.9868995633187774,0.125,0.0016162297213039578,1.5189323859048955
2026-05-19 14:30:00,2026-05-19 15:30:00,2026-05-19 16:30:00,FSLY,1,16.390818889617922,16.349182881450652,-0.0025402030519440233,6,0.9799126637554585,0.125,-0.0003175253814930029,-0.29841029337550773
2026-05-19 14:30:00,2026-05-19 15:30:00,2026-05-19 16:30:00,UAMY,1,7.43537169277668,7.384630978870392,-0.006824233676923197,4,0.976419213973799,0.125,-0.0008530292096153996,-0.8016766895997518
2026-05-19 14:30:00,2026-05-19 15:30:00,2026-05-19 16:30:00,LUMN,1,9.16545821185112,9.254537364435196,0.009719007007079394,0,0.9799126637554585,0.125,0.0012148758758849243,1.1417401180120652
2026-05-19 15:30:00,2026-05-19 16:30:00,2026-05-19 17:30:00,MU,1,708.8654585906983,721.3139080871582,0.01756108912572607,9,0.977292576419214,0.125,0.002195136140715759,2.090842317616772
2026-05-19 15:30:00,2026-05-19 16:30:00,2026-05-19 17:30:00,SBSW,1,11.39557020778656,11.55442255516052,0.013939833152483816,9,0.9965065502183406,0.125,0.001742479144060477,1.6596916539209992
2026-05-19 15:30:00,2026-05-19 16:30:00,2026-05-19 17:30:00,INTC,1,108.79544041557313,111.69441194839479,0.026646075623649956,9,0.9755458515283844,0.125,0.0033307594529562445,3.1725106634034344
2026-05-19 15:30:00,2026-05-19 16:30:00,2026-05-19 17:30:00,AMD,1,415.0007599868775,422.66886794128425,0.0184773347274092,9,0.9790393013100436,0.125,0.00230966684092615,2.199931512689696
2026-05-19 15:30:00,2026-05-19 16:30:00,2026-05-19 17:30:00,FLNC,1,17.880893160724643,18.394080707740784,0.028700330705143884,9,0.9868995633187774,0.125,0.0035875413381429855,3.4170925013985882
2026-05-19 15:30:00,2026-05-19 16:30:00,2026-05-19 17:30:00,FSLY,1,16.3508178814888,16.439178534030916,0.005404050927761306,7,0.982532751091703,0.125,0.0006755063659701632,0.6434121645545918
2026-05-19 15:30:00,2026-05-19 16:30:00,2026-05-19 17:30:00,UAMY,1,7.38536947889328,7.5351790617465975,0.020284642939186526,5,0.9816593886462881,0.125,0.0025355803673983157,2.415111588544136
2026-05-19 15:30:00,2026-05-19 16:30:00,2026-05-19 17:30:00,LUMN,1,9.25546286444664,9.379531114435196,0.013404867136914689,1,0.977292576419214,0.125,0.001675608392114336,1.5959980198968897
2026-05-19 16:30:00,2026-05-19 17:30:00,2026-05-19 18:30:00,MU,1,721.3860430847169,714.464275,-0.009595095651031338,10,0.9799126637554585,0.125,-0.0011993869563789172,-1.1630254622794225
2026-05-19 16:30:00,2026-05-19 17:30:00,2026-05-19 18:30:00,SBSW,1,11.55557805519104,11.449427309274673,-0.009186104356647129,10,0.9982532751091703,0.125,-0.0011482630445808911,-1.1134514604644092
2026-05-19 16:30:00,2026-05-19 17:30:00,2026-05-19 18:30:00,INTC,1,111.70558194808963,111.80440705871584,0.0008846926796561849,10,0.9895196506550218,0.125,0.00011058658495702312,0.10723396098941036
2026-05-19 16:30:00,2026-05-19 17:30:00,2026-05-19 18:30:00,AMD,1,422.7111369415284,418.5106591140747,-0.009936993517241421,10,0.9790393013100436,0.125,-0.0012421241896551777,-1.2044670422660264
2026-05-19 16:30:00,2026-05-19 17:30:00,2026-05-19 18:30:00,FLNC,1,18.395920207786563,17.979100542259218,-0.022658266660175896,10,0.9868995633187774,0.125,-0.002832283332521987,-2.7464177549985145
2026-05-19 16:30:00,2026-05-19 17:30:00,2026-05-19 18:30:00,FSLY,1,16.440822534084322,16.489175271129607,0.002941016907459515,8,0.9781659388646289,0.125,0.00036762711343243937,0.3564818603973006
2026-05-19 16:30:00,2026-05-19 17:30:00,2026-05-19 18:30:00,UAMY,1,7.535932617330552,7.5246238453626635,-0.0015006466408525876,6,0.9790393013100436,0.125,-0.00018758083010657345,-0.18189399216755583
2026-05-19 16:30:00,2026-05-19 17:30:00,2026-05-19 18:30:00,LUMN,1,9.38046911444664,9.334533288145066,-0.004896964719049102,2,0.9781659388646288,0.125,-0.0006121205898811377,-0.5935630934044873
2026-05-19 17:30:00,2026-05-19 18:30:00,2026-05-19 19:30:00,MU,1,714.5357250000001,700.4249989715577,-0.019748104307090286,11,0.9781659388646288,0.1111111111111111,-0.0021942338118989204,-2.113363490454522
2026-05-19 17:30:00,2026-05-19 18:30:00,2026-05-19 19:30:00,SBSW,1,11.450572309255602,11.404429482984543,-0.00402973973918852,11,0.9982532751091703,0.1111111111111111,-0.0004477488599098356,-0.43124670137462684
2026-05-19 17:30:00,2026-05-19 18:30:00,2026-05-19 19:30:00,INTC,1,111.8155880584717,111.7445116771698,-0.0006356571792542898,11,0.9895196506550218,0.1111111111111111,-7.062857547269886e-05,-0.0680255002805004
2026-05-19 17:30:00,2026-05-19 18:30:00,2026-05-19 19:30:00,AMD,1,418.5525122726441,416.4991630142212,-0.004905834269811615,11,0.9790393013100436,0.1111111111111111,-0.000545092696645735,-0.5250028496313981
2026-05-19 17:30:00,2026-05-19 18:30:00,2026-05-19 19:30:00,FLNC,1,17.980898542213442,17.759112228870393,-0.012334551180652409,11,0.9868995633187774,0.1111111111111111,-0.0013705056867391564,-1.319994553956978
2026-05-19 17:30:00,2026-05-19 18:30:00,2026-05-19 19:30:00,FSLY,1,16.49082427110672,16.409179347419737,-0.004950930429234668,9,0.9781659388646289,0.1111111111111111,-0.0005501033810260742,-0.5298288610501336
2026-05-19 17:30:00,2026-05-19 18:30:00,2026-05-19 19:30:00,UAMY,1,7.525376345372201,7.504624864435196,-0.0027575339736684024,7,0.9834061135371179,0.1111111111111111,-0.0003063926637409336,-0.2951003059846325
2026-05-19 17:30:00,2026-05-19 18:30:00,2026-05-19 19:30:00,LUMN,1,9.335466788148882,9.284535597419739,-0.005455666211977572,3,0.9781659388646288,0.1111111111111111,-0.0006061851346641746,-0.5838436747754113
2026-05-19 17:30:00,2026-05-19 18:30:00,2026-05-19 19:30:00,RDW,1,14.130706614446641,13.914304211854935,-0.015314336961073538,0,0.9790393013100436,0.1111111111111111,-0.0017015929956748375,-1.6388793633437995
2026-05-19 18:30:00,2026-05-19 19:30:00,2026-05-20 13:30:00,MU,1,700.495044973755,734.9182693389893,0.049141281743861676,12,0.9781659388646288,0.1111111111111111,0.005460142415984631,5.217661430914737
2026-05-19 18:30:00,2026-05-19 19:30:00,2026-05-20 13:30:00,SBSW,1,11.405569982957841,11.499425,0.008228875644303413,12,0.9965065502183406,0.1111111111111111,0.0009143195160337125,0.8737152460301613
2026-05-19 18:30:00,2026-05-19 19:30:00,2026-05-20 13:30:00,INTC,1,111.75568668708803,116.2141902206421,0.039895093178011765,12,0.9842794759825327,0.1111111111111111,0.004432788130890195,4.235931208360538
2026-05-19 18:30:00,2026-05-19 19:30:00,2026-05-20 13:30:00,AMD,1,416.5408150131226,428.0186065444946,0.027555022503642057,12,0.9790393013100436,0.1111111111111111,0.0030616691670713393,2.9257026484295907
2026-05-19 18:30:00,2026-05-19 19:30:00,2026-05-20 13:30:00,FLNC,1,17.760888228893283,18.4810762509346,0.04054909938961959,12,0.9694323144104804,0.1111111111111111,0.00450545548773551,4.305371460319597
2026-05-19 18:30:00,2026-05-19 19:30:00,2026-05-20 13:30:00,FSLY,1,16.41082034740448,16.57917092370987,0.010258510710710267,10,0.9781659388646289,0.1111111111111111,0.0011398345234122519,1.0892152946455176
2026-05-19 18:30:00,2026-05-19 19:30:00,2026-05-20 13:30:00,UAMY,1,7.505375364446641,7.7496125000000005,0.0325416283255231,8,0.9903930131004366,0.1111111111111111,0.0036157364806136774,3.4551642323503966
2026-05-19 18:30:00,2026-05-19 19:30:00,2026-05-20 13:30:00,LUMN,1,9.28546409740448,9.209539538145066,-0.008176711305214912,4,0.9781659388646288,0.1111111111111111,-0.0009085234783572124,-0.868176606204894
2026-05-19 18:30:00,2026-05-19 19:30:00,2026-05-20 13:30:00,RDW,1,13.915695711851122,14.014299593305587,0.007085803217908193,1,0.9816593886462881,0.1111111111111111,0.0007873114686564658,0.7523475343975794
2026-05-19 19:30:00,2026-05-20 13:30:00,2026-05-20 14:30:00,MU,1,734.9917648406984,709.0995530151367,-0.0352278937862297,13,0.9781659388646288,0.1,-0.0035227893786229703,-3.443800176196224
2026-05-19 19:30:00,2026-05-20 13:30:00,2026-05-20 14:30:00,SBSW,1,11.500575000000001,11.599420381450654,0.008594820819885385,13,0.9965065502183406,0.1,0.0008594820819885385,0.8402104773424237
2026-05-19 19:30:00,2026-05-20 13:30:00,2026-05-20 14:30:00,INTC,1,116.22581222076417,119.994,0.032421264323611476,13,0.9842794759825327,0.1,0.003242126432361148,3.1694303516323634
2026-05-19 19:30:00,2026-05-20 13:30:00,2026-05-20 14:30:00,AMD,1,428.0614105453492,444.6077733825684,0.03865418005360288,13,0.9790393013100436,0.1,0.0038654180053602884,3.778746265306177
2026-05-19 19:30:00,2026-05-20 13:30:00,2026-05-20 14:30:00,FLNC,1,18.482924450969698,18.111593612098694,-0.02009048080329745,13,0.9694323144104804,0.1,-0.0020090480803297453,-1.9640005090882693
2026-05-19 19:30:00,2026-05-20 13:30:00,2026-05-20 14:30:00,FSLY,1,16.580828923702242,17.219039136219024,0.038490850816539135,11,0.9668122270742359,0.1,0.0038490850816539136,3.7627795640667747
2026-05-19 19:30:00,2026-05-20 13:30:00,2026-05-20 14:30:00,UAMY,1,7.7503875,8.109594156694412,0.04634692867865131,9,0.9851528384279475,0.1,0.0046346928678651315,4.530772180654277
2026-05-19 19:30:00,2026-05-20 13:30:00,2026-05-20 14:30:00,LUMN,1,9.210460538148881,9.214539402580261,0.00044285130091870073,5,0.9842794759825326,0.1,4.428513009187008e-05,0.04329215358111175
2026-05-19 19:30:00,2026-05-20 13:30:00,2026-05-20 14:30:00,RDW,1,14.01570109333992,13.959302038145065,-0.00402399100974371,2,0.9816593886462881,0.1,-0.00040239910097437107,-0.3933763690914817
2026-05-19 19:30:00,2026-05-20 13:30:00,2026-05-20 14:30:00,ONDS,1,9.23546140666008,9.349532881450655,0.012351464617491814,0,0.9676855895196506,0.1,0.0012351464617491815,1.2074515803901595
2026-05-20 13:30:00,2026-05-20 14:30:00,2026-05-20 15:30:00,MU,1,709.1704665161134,719.5639955871582,0.014655896659239387,14,0.9860262008733625,0.1111111111111111,0.0016284329621377095,1.6106183624851553
2026-05-20 13:30:00,2026-05-20 14:30:00,2026-05-20 15:30:00,SBSW,1,11.600580381488802,11.644418207740785,0.0037789338817852958,14,0.9982532751091703,0.1111111111111111,0.0004198815424205884,0.41528815616912096
2026-05-20 13:30:00,2026-05-20 14:30:00,2026-05-20 15:30:00,INTC,1,120.00600000000001,117.13414238967896,-0.023930950205165225,14,0.9842794759825327,0.1111111111111111,-0.0026589944672405805,-2.6299058139072162
2026-05-20 13:30:00,2026-05-20 14:30:00,2026-05-20 15:30:00,AMD,1,444.6522363830567,445.8141949920655,0.0026131851229638237,14,0.9868995633187772,0.1111111111111111,0.0002903539025515359,0.28717751233359157
2026-05-20 13:30:00,2026-05-20 14:30:00,2026-05-20 15:30:00,FLNC,1,18.113404862022403,18.689066034030915,0.031780947667960247,14,0.9694323144104804,0.1111111111111111,0.0035312164075511385,3.4925858909442566
2026-05-20 13:30:00,2026-05-20 14:30:00,2026-05-20 15:30:00,UAMY,1,8.11040515666008,8.289585461854935,0.022092645402272737,10,0.9851528384279475,0.1111111111111111,0.002454738378030304,2.427884228996767
2026-05-20 13:30:00,2026-05-20 14:30:00,2026-05-20 15:30:00,LUMN,1,9.21546090259552,9.234537906694412,0.002070108516603719,6,0.9860262008733625,0.1111111111111111,0.00023001205740041323,0.2274957900359467
2026-05-20 13:30:00,2026-05-20 14:30:00,2026-05-20 15:30:00,ONDS,1,9.350467881488802,9.384530978870393,0.003642929724300359,1,0.9676855895196506,0.1111111111111111,0.0004047699693667065,0.40034189948400245
2026-05-20 13:30:00,2026-05-20 14:30:00,2026-05-20 15:30:00,COMP,1,7.665383211851121,7.904604959797859,0.031208061141273058,0,0.9799126637554585,0.1111111111111111,0.0034675623490303398,3.429628189961763
2026-05-20 14:30:00,2026-05-20 15:30:00,2026-05-20 16:30:00,MU,1,719.6359555847168,715.499196395874,-0.0057484053662683054,15,0.9807860262008734,0.1111111111111111,-0.000638711707363145,-0.6378002886121347
2026-05-20 14:30:00,2026-05-20 15:30:00,2026-05-20 16:30:00,SBSW,1,11.645582707786561,11.734412906694413,0.007627801986109128,15,1.0,0.1111111111111111,0.0008475335540121254,0.8463241539583419
2026-05-20 14:30:00,2026-05-20 15:30:00,2026-05-20 16:30:00,INTC,1,117.14585638961793,115.63421738967895,-0.012903904982446757,15,0.9842794759825327,0.1111111111111111,-0.0014337672202718618,-1.43172128575387
2026-05-20 14:30:00,2026-05-20 15:30:00,2026-05-20 16:30:00,AMD,1,445.8587786407472,443.3478266174316,-0.005631720498967097,15,0.9842794759825326,0.1111111111111111,-0.0006257467221074552,-0.624853803926471
2026-05-20 14:30:00,2026-05-20 15:30:00,2026-05-20 16:30:00,UAMY,1,8.290414461851121,8.37458125,0.010152301617268655,11,0.9851528384279475,0.1111111111111111,0.0011280335130298504,1.126423849571844
2026-05-20 14:30:00,2026-05-20 15:30:00,2026-05-20 16:30:00,LUMN,1,9.23546140666008,9.159541847419739,-0.008220440311254351,7,0.9903930131004366,0.1111111111111111,-0.000913382256806039,-0.9120788930096716
2026-05-20 14:30:00,2026-05-20 15:30:00,2026-05-20 16:30:00,ONDS,1,9.385469478893281,9.42952880516052,0.00469441900230172,2,0.9676855895196506,0.1111111111111111,0.0005216021113668577,0.5208578038187325
2026-05-20 14:30:00,2026-05-20 15:30:00,2026-05-20 16:30:00,COMP,1,7.905395459818841,7.989600271129608,0.010651562181646534,1,0.9799126637554585,0.1111111111111111,0.001183506909071837,1.1818180870627157
2026-05-20 14:30:00,2026-05-20 15:30:00,2026-05-20 16:30:00,WDC,1,466.6133258377076,461.146954927063,-0.011714990995661867,0,0.9729257641921397,0.1111111111111111,-0.0013016656661846517,-1.2998082358572747
2026-05-20 15:30:00,2026-05-20 16:30:00,2026-05-20 17:30:00,MU,1,715.5707498931886,724.0038980926514,0.011785205307401903,16,0.9807860262008734,0.1111111111111111,0.001309467256377989,1.3058561907299502
2026-05-20 15:30:00,2026-05-20 16:30:00,2026-05-20 17:30:00,SBSW,1,11.735586406660081,11.814408830404282,0.006716530475159521,16,1.0,0.1111111111111111,0.0007462811639066134,0.7442231740930951
2026-05-20 15:30:00,2026-05-20 16:30:00,2026-05-20 17:30:00,INTC,1,115.64578138961794,117.13913939323426,0.012913207776988456,16,0.9842794759825327,0.1111111111111111,0.0014348008641098284,1.4308441709684552
2026-05-20 15:30:00,2026-05-20 16:30:00,2026-05-20 17:30:00,AMD,1,443.3921636169434,444.9476611724854,0.0035081755682220273,16,0.9834061135371179,0.1111111111111111,0.000389797285358003,0.3887223569243219
2026-05-20 15:30:00,2026-05-20 16:30:00,2026-05-20 17:30:00,LUMN,1,9.160457847404482,9.19453994483948,0.0037205670287163706,8,0.9903930131004366,0.1111111111111111,0.0004133963365240412,0.41225632992778904
2026-05-20 15:30:00,2026-05-20 16:30:00,2026-05-20 17:30:00,ONDS,1,9.43047180519104,9.484525406694413,0.005731802461210744,3,0.9676855895196506,0.1111111111111111,0.0006368669401345271,0.6351106775638595
2026-05-20 15:30:00,2026-05-20 16:30:00,2026-05-20 17:30:00,COMP,1,7.990399271106721,8.049597690725326,0.007408693559615598,2,0.9799126637554585,0.1111111111111111,0.000823188173290622,0.8209181000833973
2026-05-20 15:30:00,2026-05-20 16:30:00,2026-05-20 17:30:00,WDC,1,461.1930719284058,461.1269363967896,-0.0001434009651092305,1,0.9781659388646289,0.1111111111111111,-1.5933440567692278e-05,-0.01588950155386141
2026-05-20 15:30:00,2026-05-20 16:30:00,2026-05-20 17:30:00,GLW,1,180.82404319152835,179.06105382385255,-0.009749750843743965,0,0.9737991266375545,0.1111111111111111,-0.001083305649304885,-1.0803182605042274
2026-05-20 16:30:00,2026-05-20 17:30:00,2026-05-20 18:30:00,MU,1,724.0763021026612,725.463725,0.0019161280286481563,17,0.9825327510917031,0.1111111111111111,0.0002129031142942396,0.21328300559694
2026-05-20 16:30:00,2026-05-20 17:30:00,2026-05-20 18:30:00,SBSW,1,11.81559033036232,11.834408288145065,0.00159263796870035,17,1.0,0.1111111111111111,0.00017695977430003888,0.1772755305040158
2026-05-20 16:30:00,2026-05-20 17:30:00,2026-05-20 18:30:00,INTC,1,117.15085389289857,118.01910027580261,0.00741135343066146,17,0.9842794759825327,0.1111111111111111,0.00082348371451794,0.8249530885198084
2026-05-20 16:30:00,2026-05-20 17:30:00,2026-05-20 18:30:00,AMD,1,444.99215816345225,444.8277636032104,-0.00036943248824949926,17,0.9816593886462881,0.1111111111111111,-4.104805424994436e-05,-0.04112129788874232
2026-05-20 16:30:00,2026-05-20 17:30:00,2026-05-20 18:30:00,LUMN,1,9.195459444808963,9.254537364435196,0.006424683832365163,9,0.9903930131004366,0.1111111111111111,0.0007138537591516847,0.7151275161627114
2026-05-20 16:30:00,2026-05-20 17:30:00,2026-05-20 18:30:00,ONDS,1,9.485473906660081,9.419529076290129,-0.00695219142647685,4,0.9676855895196506,0.1111111111111111,-0.0007724657140529834,-0.7738440546534755
2026-05-20 16:30:00,2026-05-20 17:30:00,2026-05-20 18:30:00,COMP,1,8.0504026907444,8.084595788145066,0.004247377269708252,3,0.9799126637554585,0.1111111111111111,0.00047193080774536134,0.47277289223028374
2026-05-20 16:30:00,2026-05-20 17:30:00,2026-05-20 18:30:00,WDC,1,461.17305139617923,460.32198397064207,-0.001845440497792783,2,0.9781659388646289,0.1111111111111111,-0.0002050489441991981,-0.20541482100089448
2026-05-20 16:30:00,2026-05-20 17:30:00,2026-05-20 18:30:00,GLW,1,179.07896082458498,179.44102444839478,0.0020218099442985693,1,0.9737991266375545,0.1111111111111111,0.00022464554936650768,0.22504639315255368
2026-05-20 17:30:00,2026-05-20 18:30:00,2026-05-20 19:30:00,MU,1,725.536275,729.8485155151367,0.005943521590476841,18,0.9737991266375546,0.1111111111111111,0.0006603912878307601,0.6626316105442244
2026-05-20 17:30:00,2026-05-20 18:30:00,2026-05-20 19:30:00,SBSW,1,11.835591788148882,11.7494125,-0.007281367057215937,18,0.9982532751091703,0.1111111111111111,-0.0008090407841351041,-0.8117853879453248
2026-05-20 17:30:00,2026-05-20 18:30:00,2026-05-20 19:30:00,INTC,1,118.03090277595521,118.40908016548157,0.003204054028496328,18,0.9842794759825327,0.1111111111111111,0.00035600600316625867,0.3572137240276935
2026-05-20 17:30:00,2026-05-20 18:30:00,2026-05-20 19:30:00,AMD,1,444.8722486038208,448.91755544128426,0.00909318765141931,18,0.9807860262008733,0.1111111111111111,0.0010103541834910344,1.0137817263245472
2026-05-20 17:30:00,2026-05-20 18:30:00,2026-05-20 19:30:00,LUMN,1,9.25546286444664,9.274535868549345,0.002060729364057101,10,0.9921397379912663,0.1111111111111111,0.0002289699293396779,0.229746690848881
2026-05-20 17:30:00,2026-05-20 18:30:00,2026-05-20 19:30:00,ONDS,1,9.420471076297758,9.44452744483948,0.0025536269202341977,5,0.9676855895196506,0.1111111111111111,0.0002837363244704664,0.2846988764363381
2026-05-20 17:30:00,2026-05-20 18:30:00,2026-05-20 19:30:00,COMP,1,8.085404288148881,8.149592118549347,0.00793872861676781,4,0.9799126637554585,0.1111111111111111,0.0008820809574186455,0.8850733439634628
2026-05-20 17:30:00,2026-05-20 18:30:00,2026-05-20 19:30:00,WDC,1,460.3680184707642,457.73202558441164,-0.005725838417509288,3,0.9799126637554585,0.1111111111111111,-0.0006362042686121431,-0.6383625388674284
2026-05-20 17:30:00,2026-05-20 18:30:00,2026-05-20 19:30:00,GLW,1,179.45896944808962,179.63101738967896,0.0009587034970637287,2,0.9737991266375545,0.1111111111111111,0.00010652261078485873,0.10688397991379248
2026-05-20 18:30:00,2026-05-20 19:30:00,2026-05-21 13:30:00,MU,1,729.9215040161133,736.323167352295,0.008770344894565962,19,0.9737991266375546,0.1111111111111111,0.0009744827660628846,0.9798251721023544
2026-05-20 18:30:00,2026-05-20 19:30:00,2026-05-21 13:30:00,SBSW,1,11.750587500000002,11.479425542259216,-0.02307645960176763,19,1.0,0.1111111111111111,-0.0025640510668630697,-2.578107961845894
2026-05-20 18:30:00,2026-05-20 19:30:00,2026-05-21 13:30:00,INTC,1,118.42092166557313,116.57417283096312,-0.01559478518352797,19,0.9685589519650655,0.1111111111111111,-0.0017327539092808855,-1.7422533845638168
2026-05-20 18:30:00,2026-05-20 19:30:00,2026-05-21 13:30:00,AMD,1,448.9624494415284,441.96789073486326,-0.015579384679867525,19,0.9834061135371178,0.1111111111111111,-0.0017310427422075026,-1.7405328363606432
2026-05-20 18:30:00,2026-05-20 19:30:00,2026-05-21 13:30:00,LUMN,1,9.275463368511199,9.139543343305588,-0.014653718073755595,11,0.9860262008733625,0.1111111111111111,-0.001628190897083955,-1.6371171266540627
2026-05-20 18:30:00,2026-05-20 19:30:00,2026-05-21 13:30:00,ONDS,1,9.445471944808963,9.264537093305588,-0.019155723775434286,6,0.9676855895196506,0.1111111111111111,-0.0021284137528260316,-2.1400823537326734
2026-05-20 18:30:00,2026-05-20 19:30:00,2026-05-21 13:30:00,COMP,1,8.1504071185112,8.109594156694412,-0.005007475236923353,5,0.9799126637554585,0.1111111111111111,-0.0005563861374359281,-0.5594364126839186
2026-05-20 18:30:00,2026-05-20 19:30:00,2026-05-21 13:30:00,WDC,1,457.77780107574466,458.84705161743165,0.002335741355684595,4,0.9781659388646289,0.1111111111111111,0.00025952681729828834,0.26094962094800345
2026-05-20 18:30:00,2026-05-20 19:30:00,2026-05-21 13:30:00,GLW,1,179.64898138961794,181.9909,0.013036080651651405,3,0.9737991266375545,0.1111111111111111,0.001448453405739045,1.4563942606132414
2026-05-20 19:30:00,2026-05-21 13:30:00,2026-05-21 14:30:00,MU,1,736.3968033508302,753.3073034545898,0.02296384235620219,20,0.9790393013100437,0.125,0.002870480294525274,2.864113391627364
2026-05-20 19:30:00,2026-05-21 13:30:00,2026-05-21 14:30:00,SBSW,1,11.480573542213442,11.469426767015458,-0.0009709249417720889,20,1.0,0.125,-0.00012136561772151111,-0.12109642127217422
2026-05-20 19:30:00,2026-05-21 13:30:00,2026-05-21 14:30:00,INTC,1,116.58583083114624,114.11349570007323,-0.02120613725911291,20,0.9746724890829694,0.125,-0.002650767157389114,-2.644887591823639
2026-05-20 19:30:00,2026-05-21 13:30:00,2026-05-21 14:30:00,AMD,1,442.01208973388674,432.648379927063,-0.02118428437661324,20,0.9816593886462881,0.125,-0.002648035547076655,-2.6421620403918653
2026-05-20 19:30:00,2026-05-21 13:30:00,2026-05-21 14:30:00,LUMN,1,9.140457343339921,9.174541440725326,0.003728926913076247,12,0.9834061135371179,0.125,0.0004661158641345309,0.4650819903079869
2026-05-20 19:30:00,2026-05-21 13:30:00,2026-05-21 14:30:00,ONDS,1,9.265463593339922,9.109344848728178,-0.01684953408310441,7,0.9676855895196506,0.125,-0.0021061917603880514,-2.10152009674753
2026-05-20 19:30:00,2026-05-21 13:30:00,2026-05-21 14:30:00,WDC,1,458.8929386169434,479.86602014770506,0.04570364842390551,5,0.9781659388646289,0.125,0.005712956052988188,5.700284362986075
2026-05-20 19:30:00,2026-05-21 13:30:00,2026-05-21 14:30:00,GLW,1,182.00910000000002,187.69061194839477,0.031215537840661556,4,0.9737991266375545,0.125,0.0039019422300826945,3.8932874807922806
2026-05-21 13:30:00,2026-05-21 14:30:00,2026-05-21 15:30:00,MU,1,753.3826379516603,746.4426564697266,-0.009211761902029658,21,0.9737991266375546,0.125,-0.0011514702377537073,-1.155091784493772
2026-05-21 13:30:00,2026-05-21 14:30:00,2026-05-21 15:30:00,SBSW,1,11.470573767042161,11.494425135564803,0.0020793526990927624,21,1.0,0.125,0.0002599190873865953,0.26073657193178146
2026-05-21 13:30:00,2026-05-21 14:30:00,2026-05-21 15:30:00,INTC,1,114.12490762023926,116.36418424644472,0.01962127876288733,21,0.9755458515283844,0.125,0.002452659845360916,2.460373828732976
2026-05-21 13:30:00,2026-05-21 14:30:00,2026-05-21 15:30:00,AMD,1,432.6916469284058,438.37807389678954,0.013141984618262326,21,0.9816593886462881,0.125,0.0016427480772827907,1.647914766571814
2026-05-21 13:30:00,2026-05-21 14:30:00,2026-05-21 15:30:00,LUMN,1,9.1754589407444,9.214539402580261,0.004259237830853468,13,0.9851528384279475,0.125,0.0005324047288566836,0.5340792216459608
2026-05-21 13:30:00,2026-05-21 14:30:00,2026-05-21 15:30:00,ONDS,1,9.110255828762053,9.109544156694412,-7.811768198595637e-05,8,0.977292576419214,0.125,-9.764710248244546e-06,-0.009795421727714648
2026-05-21 13:30:00,2026-05-21 14:30:00,2026-05-21 15:30:00,WDC,1,479.91400914917,476.771173677063,-0.006548747092586127,6,0.9781659388646289,0.125,-0.0008185933865732659,-0.8211679856496312
2026-05-21 13:30:00,2026-05-21 14:30:00,2026-05-21 15:30:00,GLW,1,187.70938194808963,187.58061683807375,-0.0006859812156404521,5,0.9737991266375545,0.125,-8.574765195505651e-05,-0.08601734119167269
2026-05-21 14:30:00,2026-05-21 15:30:00,2026-05-21 16:30:00,MU,1,746.5173044677736,750.1574975738525,0.0048762340595363,22,0.9860262008733625,0.125,0.0006095292574420375,0.613171915195425
2026-05-21 14:30:00,2026-05-21 15:30:00,2026-05-21 16:30:00,SBSW,1,11.49557463555336,11.539422961854935,0.003814365761756866,22,1.0,0.125,0.00047679572021960825,0.4796451382021489
2026-05-21 14:30:00,2026-05-21 15:30:00,2026-05-21 16:30:00,INTC,1,116.37582124671938,116.62416575355529,0.002133987147634464,22,0.9746724890829694,0.125,0.000266748393454308,0.26834253039155326
2026-05-21 14:30:00,2026-05-21 15:30:00,2026-05-21 16:30:00,AMD,1,438.42191389617926,440.2579847793579,0.004187908553342723,22,0.9842794759825326,0.125,0.0005234885691678404,0.5266170321120007
2026-05-21 14:30:00,2026-05-21 15:30:00,2026-05-21 16:30:00,LUMN,1,9.21546090259552,9.474526631450654,0.028112075087006083,14,0.982532751091703,0.125,0.0035140093858757604,3.5350097453804956
2026-05-21 14:30:00,2026-05-21 15:30:00,2026-05-21 16:30:00,ONDS,1,9.11045515666008,9.054547555160521,-0.006136641972128931,9,0.977292576419214,0.125,-0.0007670802465161164,-0.7716644576484395
2026-05-21 14:30:00,2026-05-21 15:30:00,2026-05-21 16:30:00,WDC,1,476.8188531784058,477.431113822937,0.001284052927962076,7,0.9781659388646289,0.125,0.0001605066159952595,0.16146583273848653
2026-05-21 14:30:00,2026-05-21 15:30:00,2026-05-21 16:30:00,GLW,1,187.59937583770756,187.7006212135315,0.0005396892999873781,6,0.9737991266375545,0.125,6.746116249842227e-05,0.06786432268085336
2026-05-21 15:30:00,2026-05-21 16:30:00,2026-05-21 17:30:00,MU,1,750.2325170745851,752.6673818389893,0.0032454801797963118,23,0.9851528384279475,0.1111111111111111,0.00036060890886625683,0.36452390781440175
2026-05-21 15:30:00,2026-05-21 16:30:00,2026-05-21 17:30:00,SBSW,1,11.540576961851121,11.719414267015457,0.01549639205695752,23,1.0,0.1111111111111111,0.0017218213396619465,1.7405145237955921
2026-05-21 15:30:00,2026-05-21 16:30:00,2026-05-21 17:30:00,INTC,1,116.63582875328063,117.87910788612368,0.010659495852453293,23,0.982532751091703,0.1111111111111111,0.001184388428050366,1.1972468997519952
2026-05-21 15:30:00,2026-05-21 16:30:00,2026-05-21 17:30:00,AMD,1,440.3020127792359,443.5628122055054,0.007405824483260881,23,0.9842794759825326,0.1111111111111111,0.0008228693870289867,0.8318029788107525
2026-05-21 15:30:00,2026-05-21 16:30:00,2026-05-21 17:30:00,LUMN,1,9.475474131488802,9.644518207740784,0.017840170729844118,15,0.982532751091703,0.1111111111111111,0.0019822411922049018,2.0037616593693164
2026-05-21 15:30:00,2026-05-21 16:30:00,2026-05-21 17:30:00,ONDS,1,9.05545305519104,9.084545788145066,0.0032127308017293466,10,0.977292576419214,0.1111111111111111,0.00035697008908103846,0.36084558269450817
2026-05-21 15:30:00,2026-05-21 16:30:00,2026-05-21 17:30:00,WDC,1,477.4788593215943,479.7160032348633,0.004685325579539823,8,0.9781659388646289,0.1111111111111111,0.0005205917310599803,0.5262436049582723
2026-05-21 15:30:00,2026-05-21 16:30:00,2026-05-21 17:30:00,GLW,1,187.7193922142029,190.49036819381715,0.014761266520894711,7,0.9737991266375545,0.1111111111111111,0.0016401407245438568,1.657947132132584
2026-05-21 15:30:00,2026-05-21 16:30:00,2026-05-21 17:30:00,RKLB,1,128.5264302726746,127.60352093315124,-0.007180696900749184,0,0.9790393013100437,0.1111111111111111,-0.0007978552111943538,-0.8065172332237549
2026-05-21 16:30:00,2026-05-21 17:30:00,2026-05-21 18:30:00,MU,1,752.7426523406983,755.1622522064209,0.0032143785903437916,24,0.9895196506550219,0.1111111111111111,0.0003571531767048657,0.3638256767300467
2026-05-21 16:30:00,2026-05-21 17:30:00,2026-05-21 18:30:00,SBSW,1,11.720586267042162,11.839508283376691,0.010146422169079905,24,0.9982532751091703,0.1111111111111111,0.0011273802410088783,1.1484424775425783
2026-05-21 16:30:00,2026-05-21 17:30:00,2026-05-21 18:30:00,INTC,1,117.8908963863373,118.82406033096312,0.007915487736795068,24,0.9842794759825327,0.1111111111111111,0.0008794986374216742,0.8959298357508778
2026-05-21 16:30:00,2026-05-21 17:30:00,2026-05-21 18:30:00,AMD,1,443.6071707046509,445.92771470642094,0.005231078654756471,24,0.9790393013100436,0.1111111111111111,0.0005812309616396079,0.5920897859736304
2026-05-21 16:30:00,2026-05-21 17:30:00,2026-05-21 18:30:00,LUMN,1,9.645482707786561,9.594520517015457,-0.0052835293281863205,16,0.982532751091703,0.1111111111111111,-0.0005870588142429245,-0.5980265172015224
2026-05-21 16:30:00,2026-05-21 17:30:00,2026-05-21 18:30:00,ONDS,1,9.085454288148881,9.104544292259217,0.0021011612083323694,11,0.977292576419214,0.1111111111111111,0.00023346235648137438,0.23782400767505268
2026-05-21 16:30:00,2026-05-21 17:30:00,2026-05-21 18:30:00,WDC,1,479.76397723388675,480.6709725738526,0.0018905032120068999,9,0.9781659388646289,0.1111111111111111,0.00021005591244521108,0.21398027367870584
2026-05-21 16:30:00,2026-05-21 17:30:00,2026-05-21 18:30:00,GLW,1,190.509418183136,191.47042172775267,0.005044388638533626,8,0.9737991266375545,0.1111111111111111,0.0005604876265037362,0.5709589143037331
2026-05-21 16:30:00,2026-05-21 17:30:00,2026-05-21 18:30:00,RKLB,1,127.61628192329408,125.63871439323425,-0.015496200800211968,1,0.988646288209607,0.1111111111111111,-0.0017218000889124407,-1.753967550623466
2026-05-21 17:30:00,2026-05-21 18:30:00,2026-05-21 19:30:00,MU,1,755.2377722076417,753.462325,-0.0023508453535789897,25,0.9956331877729258,0.1111111111111111,-0.0002612050392865544,-0.2665214805330463
2026-05-21 17:30:00,2026-05-21 18:30:00,2026-05-21 19:30:00,SBSW,1,11.840692293405532,11.69441494483948,-0.012353783456354073,25,0.9965065502183406,0.1111111111111111,-0.0013726426062615636,-1.4005807110873874
2026-05-21 17:30:00,2026-05-21 18:30:00,2026-05-21 19:30:00,INTC,1,118.83594333114624,118.17409130516052,-0.005569459941437205,25,0.9842794759825327,0.1111111111111111,-0.0006188288823819117,-0.6314242266516922
2026-05-21 17:30:00,2026-05-21 18:30:00,2026-05-21 19:30:00,AMD,1,445.9723097076417,444.7577597793579,-0.0027233752003124057,25,0.982532751091703,0.1111111111111111,-0.00030259724447915615,-0.3087561626838655
2026-05-21 17:30:00,2026-05-21 18:30:00,2026-05-21 19:30:00,LUMN,1,9.595480017042162,9.444727706432342,-0.015710762811456447,17,0.982532751091703,0.1111111111111111,-0.0017456403123840495,-1.7811702324179288
2026-05-21 17:30:00,2026-05-21 18:30:00,2026-05-21 19:30:00,ONDS,1,9.105454792213441,9.159541847419739,0.005940071796584068,12,0.977292576419214,0.1111111111111111,0.0006600079773982297,0.6734414610846001
2026-05-21 17:30:00,2026-05-21 18:30:00,2026-05-21 19:30:00,WDC,1,480.71904207458505,483.555807572937,0.00590108826583946,10,0.9781659388646289,0.1111111111111111,0.0006556764739821622,0.6690217963394732
2026-05-21 17:30:00,2026-05-21 18:30:00,2026-05-21 19:30:00,GLW,1,191.48956972732543,191.9904,0.0026154441382251203,9,0.9737991266375545,0.1111111111111111,0.0002906049042472356,0.29651973614937943
2026-05-21 17:30:00,2026-05-21 18:30:00,2026-05-21 19:30:00,RKLB,1,125.65127889289857,124.95375108451843,-0.005551298916541048,2,0.9895196506550219,0.1111111111111111,-0.000616810990726783,-0.6293652638041562
2026-05-21 18:30:00,2026-05-21 19:30:00,2026-05-22 13:30:00,MU,1,753.537675,756.7771616912842,0.0042990374585905045,26,0.993886462882096,0.1111111111111111,0.00047767082873227825,0.4857791391818638
2026-05-21 18:30:00,2026-05-21 19:30:00,2026-05-22 13:30:00,SBSW,1,11.695584444808963,11.649417118549346,-0.003947415067411031,26,0.9982532751091703,0.1111111111111111,-0.0004386016741567812,-0.44604679812888864
2026-05-21 18:30:00,2026-05-21 19:30:00,2026-05-22 13:30:00,INTC,1,118.18590930519105,120.28898341903688,0.01779462650166752,26,0.9868995633187773,0.1111111111111111,0.001977180722407502,2.0107427365559545
2026-05-21 18:30:00,2026-05-21 19:30:00,2026-05-22 13:30:00,AMD,1,444.8022377792359,469.81650433807374,0.05623682714306155,26,0.982532751091703,0.1111111111111111,0.006248536349229061,6.354603267130521
2026-05-21 18:30:00,2026-05-21 19:30:00,2026-05-22 13:30:00,LUMN,1,9.445672226428986,9.579520923709872,0.014170372851428858,18,0.982532751091703,0.1111111111111111,0.0015744858723809841,1.601212269480914
2026-05-21 18:30:00,2026-05-21 19:30:00,2026-05-22 13:30:00,ONDS,1,9.160457847404482,9.214539402580261,0.0059038048181294656,13,0.9755458515283842,0.1111111111111111,0.0006559783131254961,0.667113336432515
2026-05-21 18:30:00,2026-05-21 19:30:00,2026-05-22 13:30:00,WDC,1,483.6041655715943,486.97565000000003,0.006971578552101176,11,0.9781659388646289,0.1111111111111111,0.0007746198391223529,0.7877687646129071
2026-05-21 18:30:00,2026-05-21 19:30:00,2026-05-22 13:30:00,GLW,1,192.00960000000003,194.3402886032104,0.012138396221909709,10,0.9737991266375545,0.1111111111111111,0.0013487106913233008,1.3716046265065474
2026-05-21 18:30:00,2026-05-21 19:30:00,2026-05-22 13:30:00,RKLB,1,124.9662470844269,131.6684193016052,0.0536318595904568,3,0.9781659388646288,0.1111111111111111,0.005959095510050755,6.0602492617304575
2026-05-21 19:30:00,2026-05-22 13:30:00,2026-05-22 14:30:00,MU,1,756.8528431915285,755.5322288238525,-0.00174487600800588,27,0.9921397379912664,0.1111111111111111,-0.00019387511200065334,-0.2008289680360189
2026-05-21 19:30:00,2026-05-22 13:30:00,2026-05-22 14:30:00,SBSW,1,11.650582118511199,11.234437906694412,-0.03571874843537559,27,1.0,0.1111111111111111,-0.003968749826152843,-4.111099788696545
2026-05-21 19:30:00,2026-05-22 13:30:00,2026-05-22 14:30:00,INTC,1,120.30101291885379,121.79391305160522,0.012409705425825646,27,0.9877729257641921,0.1111111111111111,0.0013788561584250716,1.4283125694116086
2026-05-21 19:30:00,2026-05-22 13:30:00,2026-05-22 14:30:00,AMD,1,469.86348833770757,467.92661470642093,-0.00412220502201377,27,0.982532751091703,0.1111111111111111,-0.00045802278022375213,-0.47445100786848005
2026-05-21 19:30:00,2026-05-22 13:30:00,2026-05-22 14:30:00,LUMN,1,9.580478923702243,9.489525271129608,-0.009493643616042435,19,0.982532751091703,0.1111111111111111,-0.0010548492906713816,-1.0926843177186467
2026-05-21 19:30:00,2026-05-22 13:30:00,2026-05-22 14:30:00,ONDS,1,9.21546090259552,9.2495375,0.0036977637651181006,14,0.97117903930131,0.1111111111111111,0.0004108626405686778,0.4255993420634788
2026-05-21 19:30:00,2026-05-22 13:30:00,2026-05-22 14:30:00,WDC,1,487.02435,484.98585081329344,-0.004185620671136037,12,0.9781659388646289,0.1111111111111111,-0.0004650689634595596,-0.4817499215518163
2026-05-21 19:30:00,2026-05-22 13:30:00,2026-05-22 14:30:00,GLW,1,194.35972360382078,192.81036632385255,-0.007971596435928374,11,0.9737991266375545,0.1111111111111111,-0.0008857329373253748,-0.9175021482796998
2026-05-21 19:30:00,2026-05-22 13:30:00,2026-05-22 14:30:00,RKLB,1,131.6815868019104,136.99315,0.04033641549353306,4,0.9912663755458515,0.1111111111111111,0.004481823943725895,4.642576699244197
2026-05-22 13:30:00,2026-05-22 14:30:00,2026-05-22 15:30:00,MU,1,755.607785824585,767.461502935791,0.01568765877428091,28,0.993886462882096,0.1,0.001568765877428091,1.6238074105201652
2026-05-22 13:30:00,2026-05-22 14:30:00,2026-05-22 15:30:00,SBSW,1,11.23556140666008,11.399429618549345,0.014584781833164806,28,1.0,0.1,0.0014584781833164807,1.5096501754831462
2026-05-22 13:30:00,2026-05-22 14:30:00,2026-05-22 15:30:00,INTC,1,121.8060930519104,121.16894430160521,-0.005230844651044286,28,0.9903930131004366,0.1,-0.0005230844651044287,-0.5414373444666425
2026-05-22 13:30:00,2026-05-22 14:30:00,2026-05-22 15:30:00,AMD,1,467.97340970764174,470.3664951477051,0.005113720973074942,28,0.9755458515283842,0.1,0.0005113720973074943,0.5293140379254652
2026-05-22 13:30:00,2026-05-22 14:30:00,2026-05-22 15:30:00,LUMN,1,9.490474271106722,9.459527038145065,-0.0032608731742599373,20,0.982532751091703,0.1,-0.00032608731742599377,-0.3375283782823364
2026-05-22 13:30:00,2026-05-22 14:30:00,2026-05-22 15:30:00,ONDS,1,9.250462500000001,9.234537906694412,-0.0017214915800792818,15,0.97117903930131,0.1,-0.0001721491580079282,-0.17818916290196657
2026-05-22 13:30:00,2026-05-22 14:30:00,2026-05-22 15:30:00,WDC,1,485.03435182342537,486.8756488967895,0.0037962199304895083,13,0.9781659388646289,0.1,0.00037962199304895087,0.3929413651703914
2026-05-22 13:30:00,2026-05-22 14:30:00,2026-05-22 15:30:00,GLW,1,192.82964832458498,192.3403886032104,-0.0025372639820978593,12,0.9737991266375545,0.1,-0.00025372639820978596,-0.2626286124562434
2026-05-22 13:30:00,2026-05-22 14:30:00,2026-05-22 15:30:00,RKLB,1,137.00685000000001,137.39312389678955,0.002819376525987849,5,0.9912663755458515,0.1,0.0002819376525987849,0.29182968356318806
2026-05-22 13:30:00,2026-05-22 14:30:00,2026-05-22 15:30:00,FSLY,1,15.8007901907444,15.949202309274673,0.009392702310369705,0,0.9842794759825326,0.1,0.0009392702310369706,0.9722253547095858
2026-05-22 14:30:00,2026-05-22 15:30:00,2026-05-22 16:30:00,MU,1,767.5382529235841,762.8218423522949,-0.006144854088150242,29,0.9903930131004367,0.09090909090909091,-0.0005586230989227493,-0.5804284551757936
2026-05-22 14:30:00,2026-05-22 15:30:00,2026-05-22 16:30:00,SBSW,1,11.400569618511199,11.484425406694413,0.007355403369236679,29,0.9982532751091703,0.09090909090909091,0.0006686730335669709,0.6947740912243592
2026-05-22 14:30:00,2026-05-22 15:30:00,2026-05-22 16:30:00,INTC,1,121.1810618019104,120.83395433807374,-0.002864370543344985,29,0.9921397379912663,0.09090909090909091,-0.0002603973221222714,-0.27056170019250236
2026-05-22 14:30:00,2026-05-22 15:30:00,2026-05-22 16:30:00,AMD,1,470.41353414916995,467.98660926513674,-0.005159130653888955,29,0.9790393013100436,0.09090909090909091,-0.0004690118776262686,-0.4873193394878918
2026-05-22 14:30:00,2026-05-22 15:30:00,2026-05-22 16:30:00,LUMN,1,9.460473038148882,9.389530843305588,-0.00749879996034275,21,0.982532751091703,0.09090909090909091,-0.0006817090873038864,-0.7083189957345697
2026-05-22 14:30:00,2026-05-22 15:30:00,2026-05-22 16:30:00,ONDS,1,9.23546140666008,9.269536957740783,0.0036896425181451864,16,0.97117903930131,0.09090909090909091,0.0003354220471041079,0.34851494864422466
2026-05-22 14:30:00,2026-05-22 15:30:00,2026-05-22 16:30:00,WDC,1,486.9243388961793,483.74082639770506,-0.006538002404420817,14,0.9781659388646289,0.09090909090909091,-0.0005943638549473471,-0.6175643198512373
2026-05-22 14:30:00,2026-05-22 15:30:00,2026-05-22 16:30:00,GLW,1,192.35962360382078,193.21034022064208,0.004422532134775947,13,0.9737991266375545,0.09090909090909091,0.0004020483758887225,0.4177419769662959
2026-05-22 14:30:00,2026-05-22 15:30:00,2026-05-22 16:30:00,RKLB,1,137.4068638961792,137.2231342277527,-0.00133712147426146,6,0.9912663755458515,0.09090909090909091,-0.00012155649766013273,-0.1263013475266401
2026-05-22 14:30:00,2026-05-22 15:30:00,2026-05-22 16:30:00,FSLY,1,15.950797309255602,15.939202580404281,-0.0007269059111291165,1,0.9842794759825326,0.09090909090909091,-6.608235555719241e-05,-0.06866182158311158
2026-05-22 14:30:00,2026-05-22 15:30:00,2026-05-22 16:30:00,FLNC,1,21.0510517370224,21.950902064323426,0.0427460983205159,0,0.9860262008733625,0.09090909090909091,0.0038860089382287185,4.037695843879409
2026-05-22 15:30:00,2026-05-22 16:30:00,2026-05-22 17:30:00,LUMN,1,9.390469843339922,9.474526631450654,0.008951286731446073,22,0.982532751091703,0.09090909090909091,0.0008137533392223703,0.8476231614320003
2026-05-22 15:30:00,2026-05-22 16:30:00,2026-05-22 17:30:00,ONDS,1,9.27046395778656,9.514524593305588,0.026326690511970785,17,0.97117903930131,0.09090909090909091,0.0023933355010882533,2.492950266401927
2026-05-22 15:30:00,2026-05-22 16:30:00,2026-05-22 17:30:00,WDC,1,483.78920289917,485.6557086761475,0.0038580972162922667,15,0.9781659388646289,0.09090909090909091,0.00035073611057202423,0.3653343544562504
2026-05-22 15:30:00,2026-05-22 16:30:00,2026-05-22 17:30:00,GLW,1,193.22966222076417,193.81031632385253,0.0030049946598000865,14,0.9737991266375545,0.09090909090909091,0.00027318133270909877,0.2845516125271685
2026-05-22 15:30:00,2026-05-22 16:30:00,2026-05-22 17:30:00,RKLB,1,137.23685722732546,134.54327555160523,-0.019627246864582837,7,0.9912663755458515,0.09090909090909091,-0.0017842951695075306,-1.8585606222532887
2026-05-22 15:30:00,2026-05-22 16:30:00,2026-05-22 17:30:00,FSLY,1,15.940796580362322,16.119194839191437,0.011191301383826957,2,0.9851528384279475,0.09090909090909091,0.0010173910348933598,1.0597366103996166
2026-05-22 15:30:00,2026-05-22 16:30:00,2026-05-22 17:30:00,FLNC,1,21.95309726428986,22.393880707740784,0.020078417097341816,1,0.9860262008733625,0.09090909090909091,0.0018253106452128924,1.901283233036353
2026-05-22 15:30:00,2026-05-22 16:30:00,2026-05-22 17:30:00,SBSW,1,11.48557390666008,11.559422419595718,0.006429675481241182,0,0.9965065502183406,0.09090909090909091,0.0005845159528401075,0.6088445183244661
2026-05-22 15:30:00,2026-05-22 16:30:00,2026-05-22 17:30:00,MU,1,762.8981283508301,769.9615,0.009258603982210456,0,0.9956331877729258,0.09090909090909091,0.0008416912711100415,0.8767239183924933
2026-05-22 15:30:00,2026-05-22 16:30:00,2026-05-22 17:30:00,INTC,1,120.84603833770753,121.21394022064209,0.0030443851366186436,0,0.994759825327511,0.09090909090909091,0.00027676228514714944,0.28828161040266564
2026-05-22 15:30:00,2026-05-22 16:30:00,2026-05-22 17:30:00,AMD,1,468.0334102661133,471.67642720642095,0.007783668559550705,0,0.9842794759825326,0.09090909090909091,0.0007076062326864277,0.7370580286304148
2026-05-22 16:30:00,2026-05-22 17:30:00,2026-05-22 18:30:00,LUMN,1,9.475474131488802,9.424528940725327,-0.005376532092908559,23,0.9694323144104804,0.09090909090909091,-0.000488775644809869,-0.5126322505528398
2026-05-22 16:30:00,2026-05-22 17:30:00,2026-05-22 18:30:00,ONDS,1,9.51547609333992,9.254537364435196,-0.02742256155604872,18,0.97117903930131,0.09090909090909091,-0.0024929601414589745,-2.6146388049915292
2026-05-22 16:30:00,2026-05-22 17:30:00,2026-05-22 18:30:00,WDC,1,485.70427667541514,486.56566683807375,0.0017734868808541027,16,0.9781659388646289,0.09090909090909091,0.0001612260800776457,0.1690953490740443
2026-05-22 16:30:00,2026-05-22 17:30:00,2026-05-22 18:30:00,GLW,1,193.82969832458497,193.12533775711066,-0.0036339145835887487,15,0.9737991266375545,0.09090909090909091,-0.0003303558712353408,-0.3464801807393524
2026-05-22 16:30:00,2026-05-22 17:30:00,2026-05-22 18:30:00,RKLB,1,134.55673055191042,136.91815680160522,0.01754967023952614,8,0.9912663755458515,0.09090909090909091,0.001595424567229649,1.6732954990103297
2026-05-22 16:30:00,2026-05-22 17:30:00,2026-05-22 18:30:00,FSLY,1,16.12080683927536,16.094194563388825,-0.0016508029748051323,3,0.9851528384279475,0.09090909090909091,-0.00015007299770955748,-0.15739789692873885
2026-05-22 16:30:00,2026-05-22 17:30:00,2026-05-22 18:30:00,FLNC,1,22.396120207786563,22.128892660808564,-0.01193186786366196,2,0.9860262008733625,0.09090909090909091,-0.0010847152603329056,-1.137659028263921
2026-05-22 16:30:00,2026-05-22 17:30:00,2026-05-22 18:30:00,SBSW,1,11.56057841963768,11.504424864435196,-0.004857330936581694,1,0.9965065502183406,0.09090909090909091,-0.00044157553968924494,-0.4631283598184143
2026-05-22 16:30:00,2026-05-22 17:30:00,2026-05-22 18:30:00,MU,1,770.0385000000001,771.5563909545898,0.00197118839459276,1,0.9956331877729258,0.09090909090909091,0.0001791989449629782,0.18794544987772507
2026-05-22 16:30:00,2026-05-22 17:30:00,2026-05-22 18:30:00,INTC,1,121.22606222076418,120.62396575355528,-0.004966724614979379,1,0.9921397379912663,0.09090909090909091,-0.0004515204195435799,-0.4735586384039777
2026-05-22 16:30:00,2026-05-22 17:30:00,2026-05-22 18:30:00,AMD,1,471.7235972076417,472.1313910293579,0.0008644761977780746,1,0.9790393013100436,0.09090909090909091,7.858874525255224e-05,0.08242457613167516
2026-05-22 17:30:00,2026-05-22 18:30:00,2026-05-22 19:30:00,LUMN,1,9.425471440744401,9.304535055160521,-0.012830804946381447,24,0.9694323144104804,0.1,-0.0012830804946381447,-1.3410964858631425
2026-05-22 17:30:00,2026-05-22 18:30:00,2026-05-22 19:30:00,ONDS,1,9.25546286444664,9.109544156694412,-0.01576568453564342,19,0.97117903930131,0.1,-0.001576568453564342,-1.6478548474810328
2026-05-22 17:30:00,2026-05-22 18:30:00,2026-05-22 19:30:00,WDC,1,486.61432583770755,483.75080514678956,-0.00588457950963206,17,0.9781659388646289,0.1,-0.000588457950963206,-0.6150657682139777
2026-05-22 17:30:00,2026-05-22 18:30:00,2026-05-22 19:30:00,GLW,1,193.14465125656136,192.0104032722473,-0.0058725311673654135,16,0.9737991266375545,0.1,-0.0005872531167365414,-0.6138064559929753
2026-05-22 17:30:00,2026-05-22 18:30:00,2026-05-22 19:30:00,RKLB,1,136.9318493019104,134.77826441192627,-0.015727421348380788,9,0.9912663755458515,0.1,-0.0015727421348380789,-1.643855517260499
2026-05-22 17:30:00,2026-05-22 18:30:00,2026-05-22 19:30:00,FSLY,1,16.095804063320163,16.12419375,0.0017637942514803218,4,0.9851528384279475,0.1,0.00017637942514803218,0.18435462797000654
2026-05-22 17:30:00,2026-05-22 18:30:00,2026-05-22 19:30:00,SBSW,1,11.505575364446642,11.409429347419739,-0.00835647188266686,2,0.9965065502183406,0.1,-0.0008356471882666861,-0.8734319571446096
2026-05-22 17:30:00,2026-05-22 18:30:00,2026-05-22 19:30:00,MU,1,771.6335504516602,759.5120102935791,-0.01570893353585512,2,0.9921397379912664,0.1,-0.0015708933535855119,-1.6419231411926618
2026-05-22 17:30:00,2026-05-22 18:30:00,2026-05-22 19:30:00,INTC,1,120.63602875328064,119.64901602935791,-0.008181740845774388,2,0.994759825327511,0.1,-0.0008181740845774389,-0.8551687865542249
2026-05-22 17:30:00,2026-05-22 18:30:00,2026-05-22 19:30:00,AMD,1,472.1786065292359,466.43679051971435,-0.012160262938905486,2,0.9720524017467249,0.1,-0.0012160262938905487,-1.2710103506902095
2026-05-22 18:30:00,2026-05-22 19:30:00,2026-05-26 13:30:00,LUMN,1,9.30546555519104,9.579520923709872,0.029451011009970385,25,0.9694323144104804,0.1,0.0029451011009970387,3.0477233101377847
2026-05-22 18:30:00,2026-05-22 19:30:00,2026-05-26 13:30:00,ONDS,1,9.11045515666008,9.33953315258026,0.02514451714881849,20,0.982532751091703,0.1,0.002514451714881849,2.602067922580646
2026-05-22 18:30:00,2026-05-22 19:30:00,2026-05-26 13:30:00,WDC,1,483.79918264617925,504.9647407348633,0.04374864375114762,18,0.9781659388646289,0.1,0.004374864375114762,4.527306763837321
2026-05-22 18:30:00,2026-05-22 19:30:00,2026-05-26 13:30:00,GLW,1,192.02960527267456,198.88505952224727,0.03569998615493808,17,0.9737991266375545,0.1,0.0035699986154938083,3.694395412747169
2026-05-22 18:30:00,2026-05-22 19:30:00,2026-05-26 13:30:00,RKLB,1,134.7917429122925,141.95789808807373,0.05316464511067398,10,0.9737991266375546,0.1,0.005316464511067398,5.501717008090135
2026-05-22 18:30:00,2026-05-22 19:30:00,2026-05-26 13:30:00,FSLY,1,16.12580625,16.549171737098693,0.026253911310554878,5,0.9851528384279475,0.1,0.002625391131055488,2.716873028786002
2026-05-22 18:30:00,2026-05-22 19:30:00,2026-05-26 13:30:00,SBSW,1,11.410570347404482,11.949402309274674,0.047222176058250964,3,0.9982532751091703,0.1,0.004722217605825097,4.886763536893146
2026-05-22 18:30:00,2026-05-22 19:30:00,2026-05-26 13:30:00,MU,1,759.5879652923585,820.458975,0.08013688011001174,3,0.9973799126637555,0.1,0.008013688011001175,8.292925408581597
2026-05-22 18:30:00,2026-05-22 19:30:00,2026-05-26 13:30:00,INTC,1,119.66098152923585,122.10389511032105,0.02041528951096172,3,0.9816593886462881,0.1,0.0020415289510961722,2.1126661391931623
2026-05-22 18:30:00,2026-05-22 19:30:00,2026-05-26 13:30:00,AMD,1,466.48343653106696,484.6817583526611,0.039011721309813785,3,0.9720524017467249,0.1,0.0039011721309813786,4.037108687517277
2026-05-22 19:30:00,2026-05-26 13:30:00,2026-05-26 14:30:00,LUMN,1,9.580478923702243,9.779510732984543,0.020774724402335742,26,0.9694323144104804,0.1,0.0020774724402335743,2.235910049010961
2026-05-22 19:30:00,2026-05-26 13:30:00,2026-05-26 14:30:00,ONDS,1,9.34046715259552,9.879506114435197,0.05771006450034877,21,0.9781659388646288,0.1,0.005771006450034877,6.211129959966783
2026-05-22 19:30:00,2026-05-26 13:30:00,2026-05-26 14:30:00,WDC,1,505.01523973388674,530.2435060302735,0.04995545542285118,19,0.9781659388646289,0.1,0.004995545542285118,5.3765288347369795
2026-05-22 19:30:00,2026-05-26 13:30:00,2026-05-26 14:30:00,GLW,1,198.90494902267454,198.16008966903686,-0.003744800505455337,18,0.9737991266375545,0.1,-0.0003744800505455337,-0.4030396225495784
2026-05-22 19:30:00,2026-05-26 13:30:00,2026-05-26 14:30:00,RKLB,1,141.97209458770755,142.05289455871582,0.0005691257232127711,11,0.9807860262008734,0.1,5.6912572321277115e-05,0.06125298699697766
2026-05-22 19:30:00,2026-05-26 13:30:00,2026-05-26 14:30:00,FSLY,1,16.5508267370224,16.199190762901306,-0.021245825342037006,6,0.9851528384279475,0.1,-0.0021245825342037007,-2.2866129755469267
2026-05-22 19:30:00,2026-05-26 13:30:00,2026-05-26 14:30:00,SBSW,1,11.9505973092556,11.894405707740784,-0.00470199104368596,4,0.9982532751091703,0.1,-0.00047019910436859604,-0.5060586519142922
2026-05-22 19:30:00,2026-05-26 13:30:00,2026-05-26 14:30:00,MU,1,820.5410250000001,877.4861527954101,0.06939948894744186,4,0.9973799126637555,0.1,0.006939948894744186,7.469221334958562
2026-05-22 19:30:00,2026-05-26 13:30:00,2026-05-26 14:30:00,INTC,1,122.11610611038209,121.38392988967895,-0.005995738351182944,4,0.9860262008733625,0.1,-0.0005995738351182945,-0.645300095010796
2026-05-22 19:30:00,2026-05-26 13:30:00,2026-05-26 14:30:00,AMD,1,484.73022895202644,493.85030625,0.018814748396630776,4,0.9720524017467249,0.1,0.0018814748396630777,2.024964769444057
2026-05-26 13:30:00,2026-05-26 14:30:00,2026-05-26 15:30:00,LUMN,1,9.78048873295784,9.739512771129608,-0.004189561784387452,27,0.9694323144104804,0.09090909090909091,-0.000380869253126132,-0.4173575172908008
2026-05-26 13:30:00,2026-05-26 14:30:00,2026-05-26 15:30:00,ONDS,1,9.880494114446641,10.104494292259217,0.022670948964491178,22,0.9781659388646288,0.09090909090909091,0.002060995360408289,2.2584440715748735
2026-05-26 13:30:00,2026-05-26 14:30:00,2026-05-26 15:30:00,WDC,1,530.2965330322266,530.958436102295,0.0012481753676261143,20,0.9781659388646289,0.09090909090909091,0.0001134704879660104,0.12434125557409165
2026-05-26 13:30:00,2026-05-26 14:30:00,2026-05-26 15:30:00,GLW,1,198.1799066688538,196.2651801467896,-0.009661557290283618,19,0.9737991266375545,0.09090909090909091,-0.0008783233900257835,-0.9624690531745352
2026-05-26 13:30:00,2026-05-26 14:30:00,2026-05-26 15:30:00,RKLB,1,142.0671005584717,145.12274838256835,0.02150848304839581,12,0.9807860262008734,0.09090909090909091,0.0019553166407632553,2.1426410559743587
2026-05-26 13:30:00,2026-05-26 14:30:00,2026-05-26 15:30:00,FSLY,1,16.200810762977603,16.879155160808562,0.041871015454431726,7,0.976419213973799,0.09090909090909091,0.0038064559504028843,4.171124321791423
2026-05-26 13:30:00,2026-05-26 14:30:00,2026-05-26 15:30:00,SBSW,1,11.895595207786561,11.954402173709871,0.004943591715765194,5,0.994759825327511,0.09090909090909091,0.0004494174287059268,0.4924727862183311
2026-05-26 13:30:00,2026-05-26 14:30:00,2026-05-26 15:30:00,MU,1,877.57390579834,874.4362564697266,-0.003575367621897363,5,0.9895196506550218,0.09090909090909091,-0.00032503342017248753,-0.35617246644691036
2026-05-26 13:30:00,2026-05-26 14:30:00,2026-05-26 15:30:00,INTC,1,121.39606888961794,122.70886058807373,0.010814120345606026,5,0.9903930131004367,0.09090909090909091,0.0009831018496005478,1.0772855614506605
2026-05-26 13:30:00,2026-05-26 14:30:00,2026-05-26 15:30:00,AMD,1,493.89969375000004,490.2504801467895,-0.00738857231415424,5,0.9720524017467249,0.09090909090909091,-0.0006716883921958401,-0.7360378855971016
2026-05-26 13:30:00,2026-05-26 14:30:00,2026-05-26 15:30:00,BE,1,308.64043125,303.4948342651367,-0.01667181763589276,0,0.9825327510917031,0.09090909090909091,-0.0015156197850811602,-1.6608200989351258
2026-05-26 14:30:00,2026-05-26 15:30:00,2026-05-26 16:30:00,LUMN,1,9.74048677110672,10.109494156694412,0.037883875237352704,28,0.9694323144104804,0.09090909090909091,0.003443988657941155,3.7948665634586756
2026-05-26 14:30:00,2026-05-26 15:30:00,2026-05-26 16:30:00,ONDS,1,10.105504792213441,9.91950407629013,-0.01840588073013727,23,0.9781659388646288,0.09090909090909091,-0.0016732618845579337,-1.84373591445412
2026-05-26 14:30:00,2026-05-26 15:30:00,2026-05-26 16:30:00,WDC,1,531.0115346008301,527.9086008087158,-0.005843439529890526,21,0.9781659388646289,0.09090909090909091,-0.0005312217754445933,-0.5853433195163225
2026-05-26 14:30:00,2026-05-26 15:30:00,2026-05-26 16:30:00,GLW,1,196.28480764617925,198.14008639678957,0.00945197324672531,20,0.9737991266375545,0.09090909090909091,0.0008592702951568463,0.9468138359123768
2026-05-26 14:30:00,2026-05-26 15:30:00,2026-05-26 16:30:00,RKLB,1,145.13726138305665,143.0328412864685,-0.014499516364953391,13,0.9807860262008734,0.09090909090909091,-0.0013181378513593993,-1.452431397129913
2026-05-26 14:30:00,2026-05-26 15:30:00,2026-05-26 16:30:00,FSLY,1,16.88084316072464,17.154142936611176,0.016189936325123888,8,0.976419213973799,0.09090909090909091,0.0014718123931930808,1.6217624949878533
2026-05-26 14:30:00,2026-05-26 15:30:00,2026-05-26 16:30:00,SBSW,1,11.955597673702243,12.149392118549345,0.016209515419992382,6,0.9912663755458515,0.09090909090909091,0.0014735923109083983,1.6237237529635413
2026-05-26 14:30:00,2026-05-26 15:30:00,2026-05-26 16:30:00,MU,1,874.5237044677735,883.9357814697265,0.010762517875580135,6,0.9895196506550218,0.09090909090909091,0.0009784107159618305,1.0780924329619712
2026-05-26 14:30:00,2026-05-26 15:30:00,2026-05-26 16:30:00,INTC,1,122.72113208770753,121.74391250000001,-0.007962928397768687,6,0.9781659388646288,0.09090909090909091,-0.0007239025816153352,-0.7976546890882323
2026-05-26 14:30:00,2026-05-26 15:30:00,2026-05-26 16:30:00,AMD,1,490.2995076461793,495.12523639678955,0.009842409946070552,6,0.9589519650655022,0.09090909090909091,0.0008947645405518684,0.9859242797676967
2026-05-26 14:30:00,2026-05-26 15:30:00,2026-05-26 16:30:00,BE,1,303.52518526611334,308.58457610321045,0.016668767808053042,1,0.9921397379912664,0.09090909090909091,0.001515342528004822,1.66972753480267
2026-05-26 15:30:00,2026-05-26 16:30:00,2026-05-26 17:30:00,LUMN,1,10.11050515666008,9.972500922775268,-0.013649588398053969,29,0.9694323144104804,0.1,-0.001364958839805397,-1.5136342597650698
2026-05-26 15:30:00,2026-05-26 16:30:00,2026-05-26 17:30:00,WDC,1,527.9613943084718,528.1985643371582,0.0004492185058286857,22,0.9781659388646289,0.1,4.4921850582868576e-05,0.049814873585471244
2026-05-26 15:30:00,2026-05-26 16:30:00,2026-05-26 17:30:00,GLW,1,198.15990139617924,197.61011411743164,-0.002774462819540968,21,0.9737991266375545,0.1,-0.00027744628195409683,-0.30766656500062156
2026-05-26 15:30:00,2026-05-26 16:30:00,2026-05-26 17:30:00,RKLB,1,143.04714528579714,143.65282066192626,0.00423409621295856,14,0.9685589519650655,0.1,0.00042340962129585604,0.46952867003589155
2026-05-26 15:30:00,2026-05-26 16:30:00,2026-05-26 17:30:00,FSLY,1,17.155858436679843,17.109145110321045,-0.0027228789821979182,9,0.976419213973799,0.1,-0.00027228789821979186,-0.3019463146036411
2026-05-26 15:30:00,2026-05-26 16:30:00,2026-05-26 17:30:00,SBSW,1,12.1506071185112,12.164391711854934,0.001134477743316431,7,0.9842794759825327,0.1,0.0001134477743316431,0.12580484694099148
2026-05-26 15:30:00,2026-05-26 16:30:00,2026-05-26 17:30:00,MU,1,884.0241794677735,890.9254222045898,0.0078066221457553375,7,0.9895196506550218,0.1,0.0007806622145755338,0.8656942896930613
2026-05-26 15:30:00,2026-05-26 16:30:00,2026-05-26 17:30:00,INTC,1,121.7560875,121.33392933807373,-0.003467244805532066,7,0.9781659388646288,0.1,-0.0003467244805532066,-0.38449075324454784
2026-05-26 15:30:00,2026-05-26 16:30:00,2026-05-26 17:30:00,AMD,1,495.17475139617926,497.2551347793579,0.004201311511366157,7,0.9694323144104803,0.1,0.0004201311511366157,0.46589309905167703
2026-05-26 15:30:00,2026-05-26 16:30:00,2026-05-26 17:30:00,BE,1,308.61543610382085,307.564607572937,-0.0034049772239206355,2,0.988646288209607,0.1,-0.0003404977223920636,-0.37758575786657617
2026-05-26 16:30:00,2026-05-26 17:30:00,2026-05-26 18:30:00,WDC,1,528.2513868347169,527.0437758880615,-0.002286053528209986,23,0.9781659388646289,0.1111111111111111,-0.0002540059475788873,-0.2814281685674347
2026-05-26 16:30:00,2026-05-26 17:30:00,2026-05-26 18:30:00,GLW,1,197.6298761169434,198.77005977935792,0.0057692879478397074,22,0.9737991266375545,0.1111111111111111,0.0006410319942044119,0.7102371493330853
2026-05-26 16:30:00,2026-05-26 17:30:00,2026-05-26 18:30:00,RKLB,1,143.6671866622925,144.07279783096314,0.0028232693776073514,15,0.9685589519650655,0.1111111111111111,0.00031369659751192793,0.3475629597066788
2026-05-26 16:30:00,2026-05-26 17:30:00,2026-05-26 18:30:00,SBSW,1,12.16560821185112,12.114394021129609,-0.004209751771524384,8,0.9842794759825327,0.1111111111111111,-0.0004677501968360426,-0.5182480272503909
2026-05-26 16:30:00,2026-05-26 17:30:00,2026-05-26 18:30:00,MU,1,891.0145192016603,908.07959375,0.01915240905796889,8,0.9895196506550218,0.1111111111111111,0.002128045450885432,2.357787050182943
2026-05-26 16:30:00,2026-05-26 17:30:00,2026-05-26 18:30:00,INTC,1,121.34606333770753,122.45387608451843,0.009129367004909295,8,0.9781659388646288,0.1111111111111111,0.0010143741116565882,1.1238848979985867
2026-05-26 16:30:00,2026-05-26 17:30:00,2026-05-26 18:30:00,AMD,1,497.3048627792359,498.80705913238523,0.0030206749734038585,8,0.977292576419214,0.1111111111111111,0.0003356305526004287,0.37186488203895024
2026-05-26 16:30:00,2026-05-26 17:30:00,2026-05-26 18:30:00,BE,1,307.59536557159424,305.78460624542237,-0.005886822523502588,3,0.9851528384279477,0.1111111111111111,-0.0006540913915002876,-0.7247064257362742
2026-05-26 16:30:00,2026-05-26 17:30:00,2026-05-26 18:30:00,DELL,1,303.39016875000004,305.34972198486327,0.006458855416893616,0,0.9729257641921397,0.1111111111111111,0.0007176506018770685,0.7951274231279767
2026-05-26 17:30:00,2026-05-26 18:30:00,2026-05-26 19:30:00,WDC,1,527.0964829010011,520.363995147705,-0.012772780642060444,24,0.9781659388646289,0.1111111111111111,-0.0014191978491178271,-1.5781123294698987
2026-05-26 17:30:00,2026-05-26 18:30:00,2026-05-26 19:30:00,GLW,1,198.78993777923586,197.08014183807376,-0.008601018543810235,23,0.9737991266375545,0.1111111111111111,-0.000955668727090026,-1.0626795989347368
2026-05-26 17:30:00,2026-05-26 18:30:00,2026-05-26 19:30:00,RKLB,1,144.08720583114626,143.3028320587158,-0.005443743376838395,16,0.9685589519650655,0.1111111111111111,-0.000604860375204266,-0.6725895309882137
2026-05-26 17:30:00,2026-05-26 18:30:00,2026-05-26 19:30:00,SBSW,1,12.11560552110672,12.134393478870392,0.0015507237942784524,9,0.9842794759825327,0.1111111111111111,0.00017230264380871691,0.1915962082128418
2026-05-26 17:30:00,2026-05-26 18:30:00,2026-05-26 19:30:00,MU,1,908.17040625,910.2744913238525,0.0023168395043180467,9,0.9895196506550218,0.1111111111111111,0.0002574266115908941,0.28625192036316316
2026-05-26 17:30:00,2026-05-26 18:30:00,2026-05-26 19:30:00,INTC,1,122.4661220844269,123.16383966903688,0.005697229345834831,9,0.9781659388646288,0.1111111111111111,0.0006330254828705368,0.703908422640014
2026-05-26 17:30:00,2026-05-26 18:30:00,2026-05-26 19:30:00,AMD,1,498.8569423324586,503.2248375,0.008755807120010894,9,0.9729257641921398,0.1111111111111111,0.0009728674577789882,1.0818041550833772
2026-05-26 17:30:00,2026-05-26 18:30:00,2026-05-26 19:30:00,BE,1,305.81518623504644,303.51482227935793,-0.007522072347056263,4,0.9868995633187774,0.1111111111111111,-0.0008357858163395848,-0.9293728160463536
2026-05-26 17:30:00,2026-05-26 18:30:00,2026-05-26 19:30:00,DELL,1,305.38025848388673,304.6947559555054,-0.0022447506324889677,1,0.977292576419214,0.1111111111111111,-0.0002494167369432186,-0.27734514112384684
2026-05-26 18:30:00,2026-05-26 19:30:00,2026-05-27 13:30:00,WDC,1,520.41603414917,539.5280149261474,0.03672442723296121,25,0.9781659388646289,0.1,0.003672442723296121,4.075376973630782
2026-05-26 18:30:00,2026-05-26 19:30:00,2026-05-27 13:30:00,GLW,1,197.09985083770758,195.9902,-0.005629891818747623,24,0.9737991266375545,0.1,-0.0005629891818747624,-0.6247594097686447
2026-05-26 18:30:00,2026-05-26 19:30:00,2026-05-27 13:30:00,RKLB,1,143.3171630584717,149.7125152206421,0.044623770284660136,17,0.9790393013100436,0.1,0.004462377028466013,4.951981544628969
2026-05-26 18:30:00,2026-05-26 19:30:00,2026-05-27 13:30:00,SBSW,1,12.135606978893282,11.839408152580262,-0.024407417513452767,10,0.982532751091703,0.1,-0.002440741751345277,-2.7085358388065335
2026-05-26 18:30:00,2026-05-26 19:30:00,2026-05-27 13:30:00,MU,1,910.3655233245851,955.2322652954101,0.04928431582841042,10,0.9895196506550218,0.1,0.004928431582841042,5.469170822301632
2026-05-26 18:30:00,2026-05-26 19:30:00,2026-05-27 13:30:00,INTC,1,123.17615666885379,124.59877310676575,0.011549446551872178,10,0.9781659388646288,0.1,0.0011549446551872178,1.2816632438431643
2026-05-26 18:30:00,2026-05-26 19:30:00,2026-05-27 13:30:00,AMD,1,503.2751625000001,507.9746,0.009337709964973628,10,0.9729257641921398,0.1,0.0009337709964973629,1.0362227826263024
2026-05-26 18:30:00,2026-05-26 19:30:00,2026-05-27 13:30:00,BE,1,303.5451752792359,300.7349625,-0.0092579721507704,5,0.9764192139737992,0.1,-0.00092579721507704,-1.0273741312948574
2026-05-26 18:30:00,2026-05-26 19:30:00,2026-05-27 13:30:00,DELL,1,304.7252269546509,307.45963235321045,0.008973347647933672,2,0.977292576419214,0.1,0.0008973347647933672,0.9957888287485779
2026-05-26 18:30:00,2026-05-26 19:30:00,2026-05-27 13:30:00,FLNC,1,21.061052465915683,20.616969130516047,-0.021085524387649768,0,0.977292576419214,0.1,-0.0021085524387649767,-2.3398992725264955
2026-05-26 19:30:00,2026-05-27 13:30:00,2026-05-27 14:30:00,WDC,1,539.5819704254151,524.188816104126,-0.02852792562574491,26,0.9781659388646289,0.1,-0.002852792562574491,-3.197331369138855
2026-05-26 19:30:00,2026-05-27 13:30:00,2026-05-27 14:30:00,GLW,1,196.0098,186.490675,-0.04856453605891131,25,0.9737991266375545,0.1,-0.004856453605891132,-5.442979507374458
2026-05-26 19:30:00,2026-05-27 13:30:00,2026-05-27 14:30:00,RKLB,1,149.72748722076417,138.58657618408202,-0.07440792097349203,18,0.9799126637554585,0.1,-0.007440792097349203,-8.33943494392221
2026-05-26 19:30:00,2026-05-27 13:30:00,2026-05-27 14:30:00,SBSW,1,11.840592152595521,11.964401902580262,0.010456381605678411,11,0.9860262008733625,0.1,0.0010456381605678411,1.1719224648199116
2026-05-26 19:30:00,2026-05-27 13:30:00,2026-05-27 14:30:00,MU,1,955.32779329834,892.1054169128417,-0.06617872611788911,11,0.994759825327511,0.1,-0.0066178726117889115,-7.417129438791806
2026-05-26 19:30:00,2026-05-27 13:30:00,2026-05-27 14:30:00,INTC,1,124.61123360710145,117.77410977935791,-0.05486763616594115,11,0.9781659388646288,0.1,-0.005486763616594115,-6.1494136154626355
2026-05-26 19:30:00,2026-05-27 13:30:00,2026-05-27 14:30:00,AMD,1,508.02540000000005,488.59556411743165,-0.038245796140445765,11,0.9729257641921398,0.1,-0.0038245796140445767,-4.286483543941305
2026-05-26 19:30:00,2026-05-27 13:30:00,2026-05-27 14:30:00,BE,1,300.7650375,290.49047963256834,-0.03416141035818254,6,0.9676855895196507,0.1,-0.0034161410358182543,-3.8287168294378926
2026-05-26 19:30:00,2026-05-27 13:30:00,2026-05-27 14:30:00,DELL,1,307.49037985382085,306.23969213256834,-0.004067404391145835,3,0.977292576419214,0.1,-0.0004067404391145835,-0.4558634869353256
2026-05-26 19:30:00,2026-05-27 13:30:00,2026-05-27 14:30:00,FLNC,1,20.6190309305191,20.83895815258026,0.010666224945404146,1,0.9807860262008734,0.1,0.0010666224945404146,1.1954411286551982
2026-05-27 13:30:00,2026-05-27 14:30:00,2026-05-27 15:30:00,WDC,1,524.2412376068115,529.2035189697266,0.009465644834748543,27,0.9781659388646289,0.1,0.0009465644834748543,1.0260971804601497
2026-05-27 13:30:00,2026-05-27 14:30:00,2026-05-27 15:30:00,GLW,1,186.50932500000002,189.30053205871576,0.014965509412013356,26,0.9737991266375545,0.1,0.0014965509412013358,1.6222948652630993
2026-05-27 13:30:00,2026-05-27 14:30:00,2026-05-27 15:30:00,RKLB,1,138.60043553466798,142.35288261032105,0.0270738476482959,19,0.976419213973799,0.1,0.0027073847648295905,2.9348659516720685
2026-05-27 13:30:00,2026-05-27 14:30:00,2026-05-27 15:30:00,SBSW,1,11.965598402595521,12.004399864435197,0.003242751472526395,12,0.9895196506550219,0.1,0.0003242751472526395,0.35152154987660966
2026-05-27 13:30:00,2026-05-27 14:30:00,2026-05-27 15:30:00,MU,1,892.1946319152833,902.2199013977051,0.011236639544558225,12,0.9921397379912663,0.1,0.0011236639544558225,1.218076988499697
2026-05-27 13:30:00,2026-05-27 14:30:00,2026-05-27 15:30:00,INTC,1,117.78588777923585,118.77405977935791,0.008389561931003042,12,0.9781659388646288,0.1,0.0008389561931003043,0.9094473744774428
2026-05-27 13:30:00,2026-05-27 14:30:00,2026-05-27 15:30:00,AMD,1,488.6444261169434,490.9654407348633,0.004749905030870805,12,0.9729257641921398,0.1,0.00047499050308708046,0.5149003839377085
2026-05-27 13:30:00,2026-05-27 14:30:00,2026-05-27 15:30:00,BE,1,290.51953013305666,298.24509676513674,0.026592245376900525,7,0.9799126637554585,0.1,0.0026592245376900526,2.8826591827293027
2026-05-27 13:30:00,2026-05-27 14:30:00,2026-05-27 15:30:00,DELL,1,306.27031763305666,307.4246304412842,0.0037689346363969367,4,0.977292576419214,0.1,0.0003768934636396937,0.40856098778908306
2026-05-27 13:30:00,2026-05-27 14:30:00,2026-05-27 15:30:00,FLNC,1,20.841042152595524,21.173940487098694,0.01597320959603321,2,0.977292576419214,0.1,0.0015973209596033212,1.7315318306916057
2026-05-27 14:30:00,2026-05-27 15:30:00,2026-05-27 16:30:00,WDC,1,529.2564419677735,532.6233919128418,0.006361660771761146,28,0.9781659388646289,0.09090909090909091,0.0005783327974328314,0.6347910550876595
2026-05-27 14:30:00,2026-05-27 15:30:00,2026-05-27 16:30:00,GLW,1,189.31946305847165,190.09549047775266,0.004099036658694377,27,0.9737991266375545,0.09090909090909091,0.0003726396962449434,0.40901769188413645
2026-05-27 14:30:00,2026-05-27 15:30:00,2026-05-27 16:30:00,RKLB,1,142.3671186103821,146.9826559928894,0.032419967669210736,20,0.976419213973799,0.09090909090909091,0.002947269788110067,3.23498945023892
2026-05-27 14:30:00,2026-05-27 15:30:00,2026-05-27 16:30:00,SBSW,1,12.005600364446641,11.924403940725327,-0.006763212272313246,13,0.9965065502183406,0.09090909090909091,-0.0006148374793012042,-0.6748594129980632
2026-05-27 14:30:00,2026-05-27 15:30:00,2026-05-27 16:30:00,MU,1,902.3101278991701,914.5242788238526,0.013536533113199578,13,0.9921397379912663,0.09090909090909091,0.0012305939193817798,1.350727497967197
2026-05-27 14:30:00,2026-05-27 15:30:00,2026-05-27 16:30:00,INTC,1,118.78593777923585,118.82406033096312,0.0003209348887587282,13,0.9781659388646288,0.09090909090909091,2.9175898978066204e-05,0.032024121366847826
2026-05-27 14:30:00,2026-05-27 15:30:00,2026-05-27 16:30:00,AMD,1,491.01453973388675,494.93023882293704,0.007974711077135321,13,0.9729257641921398,0.09090909090909091,0.0007249737342850292,0.7957474377044705
2026-05-27 14:30:00,2026-05-27 15:30:00,2026-05-27 16:30:00,BE,1,298.2749227661133,300.314970072937,0.006839486497573821,8,0.9903930131004367,0.09090909090909091,0.0006217714997794383,0.6824703494604535
2026-05-27 14:30:00,2026-05-27 15:30:00,2026-05-27 16:30:00,DELL,1,307.45537444152836,306.5596834564209,-0.002913238991949396,5,0.977292576419214,0.09090909090909091,-0.000264839908359036,-0.29069422589002836
2026-05-27 14:30:00,2026-05-27 15:30:00,2026-05-27 16:30:00,FLNC,1,21.176057987022403,21.41892907629013,0.011469136012782322,3,0.977292576419214,0.09090909090909091,0.0010426487284347565,1.1444346392714753
2026-05-27 14:30:00,2026-05-27 15:30:00,2026-05-27 16:30:00,CRML,1,11.311565420293807,11.479425542259216,0.01483968979786443,0,0.9737991266375545,0.09090909090909091,0.0013490627088967664,1.4807614995403318
2026-05-27 15:30:00,2026-05-27 16:30:00,2026-05-27 17:30:00,WDC,1,532.6766569152833,530.9134554412842,-0.0033100783582478144,29,0.9781659388646289,0.09090909090909091,-0.00030091621438616494,-0.3329237594229636
2026-05-27 15:30:00,2026-05-27 16:30:00,2026-05-27 17:30:00,GLW,1,190.11450097732543,189.91050216903687,-0.0010730312903006745,28,0.9737991266375545,0.09090909090909091,-9.754829911824314e-05,-0.10792421582867821
2026-05-27 15:30:00,2026-05-27 16:30:00,2026-05-27 17:30:00,RKLB,1,146.99735499343873,148.3775752571106,0.009389422440515993,21,0.976419213973799,0.09090909090909091,0.0008535838582287267,0.9443769842843377
2026-05-27 15:30:00,2026-05-27 16:30:00,2026-05-27 17:30:00,SBSW,1,11.925596440744402,11.924403940725327,-9.99950002500416e-05,14,0.9930131004366812,0.09090909090909091,-9.090454568185601e-06,-0.010057378648995618
2026-05-27 15:30:00,2026-05-27 16:30:00,2026-05-27 17:30:00,MU,1,914.615735824585,907.5144974945068,-0.007764176858028771,14,0.9921397379912663,0.09090909090909091,-0.0007058342598207974,-0.7809117092225014
2026-05-27 15:30:00,2026-05-27 16:30:00,2026-05-27 17:30:00,INTC,1,118.83594333114624,119.26403314323426,0.00360235969091538,14,0.9781659388646288,0.09090909090909091,0.0003274872446286709,0.36232106956167265
2026-05-27 15:30:00,2026-05-27 16:30:00,2026-05-27 17:30:00,AMD,1,494.97973432159426,494.2552847793579,-0.0014635943494318848,14,0.9729257641921398,0.09090909090909091,-0.00013305403176653498,-0.14720658556886942
2026-05-27 15:30:00,2026-05-27 16:30:00,2026-05-27 17:30:00,BE,1,300.34500307159425,299.4550277206421,-0.002963176819492541,9,0.9921397379912664,0.09090909090909091,-0.0002693797108629583,-0.29803281367110784
2026-05-27 15:30:00,2026-05-27 16:30:00,2026-05-27 17:30:00,DELL,1,306.5903409576416,307.9846,0.00454762872830039,6,0.977292576419214,0.09090909090909091,0.0004134207934818537,0.45739510936746475
2026-05-27 15:30:00,2026-05-27 16:30:00,2026-05-27 17:30:00,FLNC,1,21.42107107629776,21.38892988967896,-0.0015004472234054766,4,0.977292576419214,0.09090909090909091,-0.00013640429303686153,-0.15091320396908267
2026-05-27 15:30:00,2026-05-27 16:30:00,2026-05-27 17:30:00,CRML,1,11.480573542213442,11.594420517015458,0.009916488438788118,1,0.9737991266375545,0.09090909090909091,0.000901498948980738,0.9973886579118041
2026-05-27 16:30:00,2026-05-27 17:30:00,2026-05-27 18:30:00,GLW,1,189.92949416885378,190.93524646148683,0.0052953981530583505,29,0.9737991266375545,0.1,0.0005295398153058351,0.5863596912045941
2026-05-27 16:30:00,2026-05-27 17:30:00,2026-05-27 18:30:00,RKLB,1,148.3924137565613,148.83255433807372,0.002966058509126235,22,0.976419213973799,0.1,0.0002966058509126235,0.3284318008272065
2026-05-27 16:30:00,2026-05-27 17:30:00,2026-05-27 18:30:00,SBSW,1,11.925596440744402,11.92940380516052,0.0003192598739221175,15,0.9930131004366812,0.1,3.192598739221175e-05,0.03535166113597571
2026-05-27 16:30:00,2026-05-27 17:30:00,2026-05-27 18:30:00,MU,1,907.6052534820558,916.6541772064209,0.009970109460746945,15,0.994759825327511,0.1,0.0009970109460746945,1.1039906982826568
2026-05-27 16:30:00,2026-05-27 17:30:00,2026-05-27 18:30:00,INTC,1,119.27596014289857,120.13499179039003,0.007202051833934409,15,0.9746724890829694,0.1,0.0007202051833934409,0.7974835446407889
2026-05-27 16:30:00,2026-05-27 17:30:00,2026-05-27 18:30:00,AMD,1,494.3047127792359,498.67507720642095,0.008841437911066174,15,0.9799126637554585,0.1,0.0008841437911066175,0.979012843508885
2026-05-27 16:30:00,2026-05-27 17:30:00,2026-05-27 18:30:00,BE,1,299.48497472076417,297.485125,-0.0066776295626477244,10,0.9799126637554585,0.1,-0.0006677629562647725,-0.739414241414765
2026-05-27 16:30:00,2026-05-27 17:30:00,2026-05-27 18:30:00,DELL,1,308.01540000000006,308.7446633132935,0.0023676196491910773,7,0.977292576419214,0.1,0.00023676196491910774,0.26216663719380795
2026-05-27 16:30:00,2026-05-27 17:30:00,2026-05-27 18:30:00,FLNC,1,21.391068889617927,21.14884294137955,-0.01132369539307787,5,0.977292576419214,0.1,-0.001132369539307787,-1.2538733334235197
2026-05-27 16:30:00,2026-05-27 17:30:00,2026-05-27 18:30:00,CRML,1,11.595580017042161,11.609419156694413,0.001193484037185888,2,0.9737991266375545,0.1,0.0001193484037185888,0.13215454462055032
2026-05-27 17:30:00,2026-05-27 18:30:00,2026-05-27 19:30:00,RKLB,1,148.84743833770753,148.4625777206421,-0.0025856045717915777,23,0.976419213973799,0.1111111111111111,-0.00028728939686573085,-0.3187409143734744
2026-05-27 17:30:00,2026-05-27 18:30:00,2026-05-27 19:30:00,SBSW,1,11.930596805191039,11.844408017015457,-0.007224180783486078,16,0.994759825327511,0.1111111111111111,-0.0008026867537206753,-0.8905623132202786
2026-05-27 17:30:00,2026-05-27 18:30:00,2026-05-27 19:30:00,MU,1,916.7458472076416,918.95405,0.0024087404367136855,16,0.994759825327511,0.1111111111111111,0.00026763782630152063,0.29693795318225896
2026-05-27 17:30:00,2026-05-27 18:30:00,2026-05-27 19:30:00,INTC,1,120.14700589027407,120.29348453674318,0.0012191618541279592,16,0.9781659388646288,0.1111111111111111,0.0001354624282364399,0.15029241841289967
2026-05-27 17:30:00,2026-05-27 18:30:00,2026-05-27 19:30:00,AMD,1,498.7249472076417,495.3702192642212,-0.0067266094511686525,16,0.9799126637554585,0.1111111111111111,-0.0007474010501298502,-0.8292241089336919
2026-05-27 17:30:00,2026-05-27 18:30:00,2026-05-27 19:30:00,BE,1,297.514875,294.63526139678953,-0.009678889511694155,11,0.9834061135371179,0.1111111111111111,-0.0010754321679660173,-1.193167016617539
2026-05-27 17:30:00,2026-05-27 18:30:00,2026-05-27 19:30:00,DELL,1,308.77553932342533,308.9545527206421,0.0005797525205817333,8,0.977292576419214,0.1111111111111111,6.44169467313037e-05,0.07146910650475288
2026-05-27 17:30:00,2026-05-27 18:30:00,2026-05-27 19:30:00,FLNC,1,21.15095793142319,21.098945381450655,-0.0024591108422215013,6,0.9781659388646289,0.1111111111111111,-0.00027323453802461127,-0.3031473748719024
2026-05-27 17:30:00,2026-05-27 18:30:00,2026-05-27 19:30:00,CRML,1,11.610580156660081,11.514424593305588,-0.008281719092162354,3,0.9737991266375545,0.1111111111111111,-0.0009201910102402615,-1.0209305571389102
2026-05-27 18:30:00,2026-05-27 19:30:00,2026-05-28 13:30:00,RKLB,1,148.47742472076416,147.16263966903688,-0.008855117565515047,24,0.976419213973799,0.1111111111111111,-0.000983901951723894,-1.0875897025837873
2026-05-27 18:30:00,2026-05-27 19:30:00,2026-05-28 13:30:00,SBSW,1,11.845592517042162,11.839408152580262,-0.0005220814790819484,17,0.994759825327511,0.1111111111111111,-5.800905323132759e-05,-0.06412229271472286
2026-05-27 18:30:00,2026-05-27 19:30:00,2026-05-28 13:30:00,MU,1,919.0459500000001,930.1734597045898,0.012107675034735532,17,0.994759825327511,0.1111111111111111,0.0013452972260817257,1.487070340126337
2026-05-27 18:30:00,2026-05-27 19:30:00,2026-05-28 13:30:00,INTC,1,120.30551448669436,121.61392174644472,0.010875704786542206,17,0.9746724890829694,0.1111111111111111,0.001208411642949134,1.3357591750388613
2026-05-27 18:30:00,2026-05-27 19:30:00,2026-05-28 13:30:00,AMD,1,495.4197587631226,498.64507992706297,0.006510279630333571,17,0.9799126637554585,0.1111111111111111,0.0007233644033703968,0.7995956049715018
2026-05-27 18:30:00,2026-05-27 19:30:00,2026-05-28 13:30:00,BE,1,294.6647263961792,297.67511794128416,0.010216328170401523,12,0.9694323144104804,0.1111111111111111,0.001135147574489058,1.2547742290419939
2026-05-27 18:30:00,2026-05-27 19:30:00,2026-05-28 13:30:00,DELL,1,308.98544972076417,317.0141472793579,0.02598406354036875,9,0.977292576419214,0.1111111111111111,0.0028871181711520835,3.19137490029972
2026-05-27 18:30:00,2026-05-27 19:30:00,2026-05-28 13:30:00,FLNC,1,21.101055381488802,20.808958965969087,-0.01384273962789373,7,0.9807860262008734,0.1111111111111111,-0.001538082180877081,-1.7001717891895745
2026-05-27 18:30:00,2026-05-27 19:30:00,2026-05-28 13:30:00,CRML,1,11.515576093339922,11.359431656694412,-0.013559411650782893,4,0.9737991266375545,0.1111111111111111,-0.0015066012945314324,-1.6653733138356543
2026-05-27 19:30:00,2026-05-28 13:30:00,2026-05-28 14:30:00,SBSW,1,11.840592152595521,12.019399457740784,0.015101213084690812,18,0.994759825327511,0.14285714285714285,0.00215731615495583,2.39232457348484
2026-05-27 19:30:00,2026-05-28 13:30:00,2026-05-28 14:30:00,MU,1,930.2664817016603,931.9767142639162,0.0018384329607656902,18,0.994759825327511,0.14285714285714285,0.0002626332801093843,0.2912433805204001
2026-05-27 19:30:00,2026-05-28 13:30:00,2026-05-28 14:30:00,INTC,1,121.62608374671939,117.4641277206421,-0.03421927186888929,18,0.9729257641921397,0.14285714285714285,-0.004888467409841327,-5.4209952882324
2026-05-27 19:30:00,2026-05-28 13:30:00,2026-05-28 14:30:00,AMD,1,498.69494692840584,505.27472279357914,0.013193989443245568,18,0.9799126637554585,0.14285714285714285,0.0018848556347493667,2.0901834170775953
2026-05-27 19:30:00,2026-05-28 13:30:00,2026-05-28 14:30:00,BE,1,297.70488694152834,288.0455945587158,-0.03244586436604158,13,0.97117903930131,0.14285714285714285,-0.0046351234808630825,-5.140053199403393
2026-05-27 19:30:00,2026-05-28 13:30:00,2026-05-28 14:30:00,DELL,1,317.0458502792359,319.20404022064207,0.006807185583742381,10,0.977292576419214,0.14285714285714285,0.0009724550833917686,1.0783900112480314
2026-05-27 19:30:00,2026-05-28 13:30:00,2026-05-28 14:30:00,FLNC,1,20.811039965915683,20.083994834518432,-0.03493555019777994,8,0.9633187772925764,0.14285714285714285,-0.004990792885397134,-5.534467645588705
2026-05-28 13:30:00,2026-05-28 14:30:00,2026-05-28 15:30:00,SBSW,1,12.020601457786562,12.074396059274674,0.0044752004861841055,19,0.9930131004366812,0.14285714285714285,0.0006393143551691578,0.7023387827189592
2026-05-28 13:30:00,2026-05-28 14:30:00,2026-05-28 15:30:00,MU,1,932.0699165954592,942.1690146820068,0.010835129325315274,19,0.9842794759825327,0.14285714285714285,0.0015478756179021819,1.7004671778254188
2026-05-28 13:30:00,2026-05-28 14:30:00,2026-05-28 15:30:00,INTC,1,117.47587472076417,121.64391902580262,0.035480002297882285,19,0.9729257641921397,0.14285714285714285,0.0050685717568403265,5.5682380491534875
2026-05-28 13:30:00,2026-05-28 14:30:00,2026-05-28 15:30:00,AMD,1,505.3252527923585,523.7138032348632,0.036389533950444974,19,0.9799126637554585,0.14285714285714285,0.005198504850063568,5.710980113040313
2026-05-28 13:30:00,2026-05-28 14:30:00,2026-05-28 15:30:00,BE,1,288.07440055847167,297.9251054412842,0.034195002623334636,14,0.9729257641921397,0.14285714285714285,0.004885000374762091,5.366569965231375
2026-05-28 13:30:00,2026-05-28 14:30:00,2026-05-28 15:30:00,FLNC,1,20.08600333442688,20.933952715969085,0.04221593352465702,9,0.9825327510917031,0.14285714285714285,0.006030847646379575,6.625376327739421
2026-05-28 13:30:00,2026-05-28 14:30:00,2026-05-28 15:30:00,GLW,1,189.70948194808963,192.75536113967897,0.01605549264228534,0,0.9641921397379913,0.14285714285714285,0.0022936418060407627,2.5197519514820663
2026-05-28 14:30:00,2026-05-28 15:30:00,2026-05-28 16:30:00,SBSW,1,12.075603559255601,12.244387635564804,0.013977278690954886,20,0.994759825327511,0.14285714285714285,0.001996754098707841,2.2496732449270818
2026-05-28 14:30:00,2026-05-28 15:30:00,2026-05-28 16:30:00,MU,1,942.2632362945558,940.8129423522948,-0.0015391600631308178,20,0.9921397379912663,0.14285714285714285,-0.00021988000901868824,-0.24773114210897398
2026-05-28 14:30:00,2026-05-28 15:30:00,2026-05-28 16:30:00,INTC,1,121.65608402595521,120.62396575355528,-0.008483901817682438,20,0.9729257641921397,0.14285714285714285,-0.0012119859739546338,-1.3655023523412708
2026-05-28 14:30:00,2026-05-28 15:30:00,2026-05-28 16:30:00,AMD,1,523.7661772338868,518.8655349182129,-0.009356545971630159,20,0.9641921397379912,0.14285714285714285,-0.0013366494245185942,-1.5059563168707644
2026-05-28 14:30:00,2026-05-28 15:30:00,2026-05-28 16:30:00,BE,1,297.95489944152837,295.08024647064207,-0.009647946639825045,15,0.9816593886462882,0.14285714285714285,-0.0013782780914035778,-1.552857884857395
2026-05-28 14:30:00,2026-05-28 15:30:00,2026-05-28 16:30:00,FLNC,1,20.93604621591568,20.968950813388822,0.001571671992590895,10,0.9825327510917031,0.14285714285714285,0.00022452457037012784,0.2529640074946105
2026-05-28 14:30:00,2026-05-28 15:30:00,2026-05-28 16:30:00,GLW,1,192.77463763961794,191.50542363967895,-0.0065839262647803265,1,0.9720524017467249,0.14285714285714285,-0.000940560894968618,-1.059697176535092
2026-05-28 15:30:00,2026-05-28 16:30:00,2026-05-28 17:30:00,SBSW,1,12.245612135553362,12.259387228870391,0.0011249003450823913,21,0.9895196506550219,0.125,0.00014061254313529892,0.15796919817968394
2026-05-28 15:30:00,2026-05-28 16:30:00,2026-05-28 17:30:00,MU,1,940.90702835083,935.9281768371583,-0.0052915446092463014,21,0.9921397379912663,0.125,-0.0006614430761557877,-0.7430889880235952
2026-05-28 15:30:00,2026-05-28 16:30:00,2026-05-28 17:30:00,INTC,1,120.63602875328064,120.7439625,0.0008947057345538578,21,0.9729257641921397,0.125,0.00011183821681923223,0.12564308306251445
2026-05-28 15:30:00,2026-05-28 16:30:00,2026-05-28 17:30:00,AMD,1,518.9174240661622,518.7940663238526,-0.00023772133404775797,21,0.9641921397379912,0.125,-2.9715166755969746e-05,-0.03338308917220454
2026-05-28 15:30:00,2026-05-28 16:30:00,2026-05-28 17:30:00,BE,1,295.1097559707642,302.2048902206421,0.024042357483365695,16,0.9746724890829694,0.125,0.003005294685420712,3.3762563507067185
2026-05-28 15:30:00,2026-05-28 16:30:00,2026-05-28 17:30:00,FLNC,1,20.97104781332016,21.88340627851486,0.04350562133644087,11,0.9825327510917031,0.125,0.005438202667055109,6.109472851413471
2026-05-28 15:30:00,2026-05-28 16:30:00,2026-05-28 17:30:00,GLW,1,191.52457513961795,184.23079349288943,-0.03808274547227941,2,0.9703056768558952,0.125,-0.004760343184034926,-5.347941080324181
2026-05-28 15:30:00,2026-05-28 16:30:00,2026-05-28 17:30:00,LUMN,1,10.68053430519104,10.629468614435195,-0.004781192522458899,0,0.9641921397379912,0.125,-0.0005976490653073624,-0.6714204973065535
2026-05-28 16:30:00,2026-05-28 17:30:00,2026-05-28 18:30:00,SBSW,1,12.26061322889328,12.259387228870391,-9.99950002500416e-05,22,0.9895196506550219,0.1111111111111111,-1.1110555583337955e-05,-0.012514411754907312
2026-05-28 16:30:00,2026-05-28 17:30:00,2026-05-28 18:30:00,MU,1,936.0217743347171,937.0881530151368,0.0011392669590166715,22,0.9921397379912663,0.1111111111111111,0.00012658521766851905,0.1425796868667922
2026-05-28 16:30:00,2026-05-28 17:30:00,2026-05-28 18:30:00,INTC,1,120.75603750000002,120.69396194839479,-0.0005140575402304837,22,0.9729257641921397,0.1111111111111111,-5.711750447005374e-05,-0.0643344938054183
2026-05-28 16:30:00,2026-05-28 17:30:00,2026-05-28 18:30:00,AMD,1,518.845948324585,519.4640157348633,0.0011912349171736558,22,0.97117903930131,0.1111111111111111,0.0001323594352415173,0.14908349630538487
2026-05-28 16:30:00,2026-05-28 17:30:00,2026-05-28 18:30:00,BE,1,302.23511222076417,302.4353779632568,0.0006626157398494925,17,0.9746724890829694,0.1111111111111111,7.362397109438806e-05,0.08292660816064795
2026-05-28 16:30:00,2026-05-28 17:30:00,2026-05-28 18:30:00,FLNC,1,21.88559472856522,21.60892011032104,-0.012641859710719294,12,0.9825327510917031,0.1111111111111111,-0.0014046510789688105,-1.5821334803951748
2026-05-28 16:30:00,2026-05-28 17:30:00,2026-05-28 18:30:00,GLW,1,184.24921749343878,185.25073150711066,0.005435648668128179,3,0.97117903930131,0.1111111111111111,0.0006039609631253532,0.6802734678521214
2026-05-28 16:30:00,2026-05-28 17:30:00,2026-05-28 18:30:00,LUMN,1,10.63053161444664,10.629468614435195,-9.999500025015262e-05,1,0.9641921397379912,0.1111111111111111,-1.111055558335029e-05,-0.012514411754921203
2026-05-28 16:30:00,2026-05-28 17:30:00,2026-05-28 18:30:00,CRML,1,11.883494383049012,11.924403940725327,0.0034425528685122497,0,0.9703056768558953,0.1111111111111111,0.00038250587427913883,0.430836781607805
2026-05-28 17:30:00,2026-05-28 18:30:00,2026-05-28 19:30:00,SBSW,1,12.26061322889328,12.269386957740783,0.0007156027748127514,23,0.994759825327511,0.1111111111111111,7.951141942363904e-05,0.08953870458181089
2026-05-28 17:30:00,2026-05-28 18:30:00,2026-05-28 19:30:00,MU,1,937.1818665161134,923.6538272064209,-0.014434806938787292,23,0.9895196506550218,0.1111111111111111,-0.0016038674376430324,-1.806133178460278
2026-05-28 17:30:00,2026-05-28 18:30:00,2026-05-28 19:30:00,INTC,1,120.70603194808963,120.7439625,0.00031423907569649856,23,0.9729257641921397,0.1111111111111111,3.491545285516651e-05,0.0393186845512337
2026-05-28 17:30:00,2026-05-28 18:30:00,2026-05-28 19:30:00,AMD,1,519.5159647338868,517.9540814697266,-0.0030064201491099007,23,0.97117903930131,0.1111111111111111,-0.0003340466832344334,-0.37617373081091426
2026-05-28 17:30:00,2026-05-28 18:30:00,2026-05-28 19:30:00,BE,1,302.4656230133057,297.67511794128416,-0.01583818030061146,18,0.9799126637554585,0.1111111111111111,-0.001759797811179051,-1.9817281276207768
2026-05-28 17:30:00,2026-05-28 18:30:00,2026-05-28 19:30:00,FLNC,1,21.611081110382077,21.188941034030915,-0.01953350108654972,13,0.9825327510917031,0.1111111111111111,-0.0021703890096166356,-2.44409949876831
2026-05-28 17:30:00,2026-05-28 18:30:00,2026-05-28 19:30:00,GLW,1,185.26925750656136,183.356035597229,-0.010326710081755452,4,0.976419213973799,0.1111111111111111,-0.0011474122313061613,-1.2921138316634617
2026-05-28 17:30:00,2026-05-28 18:30:00,2026-05-28 19:30:00,LUMN,1,10.63053161444664,10.674466440725327,0.004132890797199584,2,0.9641921397379912,0.1111111111111111,0.00045921008857773156,0.5171216507037284
2026-05-28 17:30:00,2026-05-28 18:30:00,2026-05-28 19:30:00,CRML,1,11.925596440744402,11.654416982984543,-0.022739278417418185,1,0.9755458515283844,0.1111111111111111,-0.0025265864908242427,-2.8452174925586586
2026-05-28 18:30:00,2026-05-28 19:30:00,2026-05-29 13:30:00,SBSW,1,12.270613957786562,12.189390080404282,-0.006619381692041459,24,0.9965065502183406,0.1111111111111111,-0.0007354868546712732,-0.8208119876322062
2026-05-28 18:30:00,2026-05-28 19:30:00,2026-05-29 13:30:00,MU,1,923.7461972076417,956.417203604126,0.03536794683999167,24,0.9921397379912663,0.1111111111111111,0.003929771871110185,4.3856716676585235
2026-05-28 18:30:00,2026-05-28 19:30:00,2026-05-29 13:30:00,INTC,1,120.75603750000002,123.79381305160521,0.025156303688792292,24,0.9729257641921397,0.1111111111111111,0.0027951448543102543,3.1194145605930212
2026-05-28 18:30:00,2026-05-28 19:30:00,2026-05-29 13:30:00,AMD,1,518.0058794677735,520.4039711761475,0.0046294681265739435,24,0.97117903930131,0.1111111111111111,0.0005143853473971048,0.5740601028071526
2026-05-28 18:30:00,2026-05-28 19:30:00,2026-05-29 13:30:00,BE,1,297.70488694152834,279.986,-0.05951829384987051,19,0.9685589519650655,0.1111111111111111,-0.006613143761096722,-7.380346284325423
2026-05-28 18:30:00,2026-05-28 19:30:00,2026-05-29 13:30:00,GLW,1,183.37437211761477,184.07079783096313,0.0037978355716015155,5,0.9685589519650655,0.1111111111111111,0.00042198173017794614,0.4709365782569244
2026-05-28 18:30:00,2026-05-28 19:30:00,2026-05-29 13:30:00,LUMN,1,10.675533940744401,10.629468614435195,-0.0043150372210791765,3,0.9641921397379912,0.1111111111111111,-0.0004794485801199085,-0.5350702592659566
2026-05-28 18:30:00,2026-05-28 19:30:00,2026-05-29 13:30:00,CRML,1,11.655582482957842,11.834408288145065,0.015342502654731582,2,0.9746724890829694,0.1111111111111111,0.001704722517192398,1.9024903964102382
2026-05-28 18:30:00,2026-05-28 19:30:00,2026-05-29 13:30:00,WDC,1,527.4663744415284,542.2728727935792,0.028070980577155513,0,0.9851528384279477,0.1111111111111111,0.003118997841906168,3.4808383070011604
2026-05-28 19:30:00,2026-05-29 13:30:00,2026-05-29 14:30:00,SBSW,1,12.190609080362321,11.92940380516052,-0.021426761655623405,25,0.9965065502183406,0.1,-0.002142676165562341,-2.402148578518101
2026-05-28 19:30:00,2026-05-29 13:30:00,2026-05-29 14:30:00,MU,1,956.5128501068116,967.5866280151367,0.011577239037707132,25,0.9921397379912663,0.1,0.0011577239037707133,1.297921204546265
2026-05-28 19:30:00,2026-05-29 13:30:00,2026-05-29 14:30:00,INTC,1,123.8061930519104,120.17898830871583,-0.029297441862813134,25,0.9729257641921397,0.1,-0.0029297441862813135,-3.2845284535333894
2026-05-28 19:30:00,2026-05-29 13:30:00,2026-05-29 14:30:00,AMD,1,520.4560141754151,512.474375,-0.01533585732131626,25,0.97117903930131,0.1,-0.001533585732131626,-1.7192989055855739
2026-05-28 19:30:00,2026-05-29 13:30:00,2026-05-29 14:30:00,BE,1,280.014,270.2864727935791,-0.03473943162277926,20,0.965938864628821,0.1,-0.003473943162277926,-3.8946284852748563
2026-05-28 19:30:00,2026-05-29 13:30:00,2026-05-29 14:30:00,GLW,1,184.08920583114627,175.94110790023805,-0.04426168223237359,6,0.9685589519650655,0.1,-0.0044261682232373594,-4.962165481007805
2026-05-28 19:30:00,2026-05-29 13:30:00,2026-05-29 14:30:00,LUMN,1,10.63053161444664,10.594470517015457,-0.003392219574623767,4,0.9641921397379912,0.1,-0.00033922195746237675,-0.380300838744112
2026-05-28 19:30:00,2026-05-29 13:30:00,2026-05-29 14:30:00,CRML,1,11.835591788148882,11.259437228870391,-0.048679826880765,3,0.9799126637554585,0.1,-0.0048679826880765,-5.457482508256082
2026-05-28 19:30:00,2026-05-29 13:30:00,2026-05-29 14:30:00,WDC,1,542.3271027923585,534.1432744110108,-0.015090207255382238,1,0.9851528384279477,0.1,-0.001509020725538224,-1.691759141706163
2026-05-28 19:30:00,2026-05-29 13:30:00,2026-05-29 14:30:00,ON,1,124.02619764289857,122.70386358451843,-0.010661731823686571,0,0.9633187772925764,0.1,-0.0010661731823686572,-1.1952839330757352
2026-05-29 13:30:00,2026-05-29 14:30:00,2026-05-29 15:30:00,SBSW,1,11.930596805191039,12.139393343305589,0.01750092988002927,26,0.9965065502183406,0.08333333333333333,0.0014584108233357724,1.6003894846647793
2026-05-29 13:30:00,2026-05-29 14:30:00,2026-05-29 15:30:00,MU,1,967.6833915161134,967.9716185302734,0.00029785260002079816,26,0.9921397379912663,0.08333333333333333,2.482105000173318e-05,0.02723741951547963
2026-05-29 13:30:00,2026-05-29 14:30:00,2026-05-29 15:30:00,INTC,1,120.19100680847171,118.98404836387633,-0.010042002947181494,26,0.9729257641921397,0.08333333333333333,-0.0008368335789317911,-0.9183006864098759
2026-05-29 13:30:00,2026-05-29 14:30:00,2026-05-29 15:30:00,AMD,1,512.5256250000001,512.9543314697265,0.00083645860580428,26,0.97117903930131,0.08333333333333333,6.970488381702333e-05,0.07649076741997052
2026-05-29 13:30:00,2026-05-29 14:30:00,2026-05-29 15:30:00,BE,1,270.3135027923584,274.1863022064209,0.014327066069790062,21,0.9781659388646289,0.08333333333333333,0.001193922172482505,1.3101524342631794
2026-05-29 13:30:00,2026-05-29 14:30:00,2026-05-29 15:30:00,GLW,1,175.9587028907776,175.54122555160524,-0.002372587046356567,7,0.9685589519650655,0.08333333333333333,-0.00019771558719638055,-0.2169635205940592
2026-05-29 13:30:00,2026-05-29 14:30:00,2026-05-29 15:30:00,LUMN,1,10.595530017042162,10.634468478870392,0.003674989525356498,5,0.9641921397379912,0.08333333333333333,0.0003062491271130415,0.33606297682188707
2026-05-29 13:30:00,2026-05-29 14:30:00,2026-05-29 15:30:00,CRML,1,11.26056322889328,11.46292684788704,0.01797100330421464,4,0.9781659388646288,0.08333333333333333,0.001497583608684553,1.6433758042628652
2026-05-29 13:30:00,2026-05-29 14:30:00,2026-05-29 15:30:00,WDC,1,534.1966914093018,532.5533880889892,-0.003076213961522911,2,0.9851528384279477,0.08333333333333333,-0.00025635116346024256,-0.28130736539994733
2026-05-29 13:30:00,2026-05-29 14:30:00,2026-05-29 15:30:00,ON,1,122.7161345844269,121.25393913612368,-0.01191526650717023,1,0.9633187772925764,0.08333333333333333,-0.000992938875597519,-1.0896030871373203
2026-05-29 13:30:00,2026-05-29 14:30:00,2026-05-29 15:30:00,UAMY,1,8.735536547470094,9.024548368549345,0.03308461014486297,0,0.9895196506550219,0.08333333333333333,0.002757050845405247,3.0254542211778648
2026-05-29 13:30:00,2026-05-29 14:30:00,2026-05-29 15:30:00,RKLB,1,135.2567625,138.99305,0.02762366502746949,0,0.9790393013100436,0.08333333333333333,0.0023019720856224573,2.5260728053262986
2026-05-29 14:30:00,2026-05-29 15:30:00,2026-05-29 16:30:00,SBSW,1,12.140607343339921,12.109394156694412,-0.002570974067671483,27,0.9982532751091703,0.08333333333333333,-0.0002142478389726236,-0.2368040548998598
2026-05-29 14:30:00,2026-05-29 15:30:00,2026-05-29 16:30:00,MU,1,968.0684205322267,965.451725,-0.002703006808948527,27,0.9764192139737992,0.08333333333333333,-0.00022525056741237726,-0.24896516103745125
2026-05-29 14:30:00,2026-05-29 15:30:00,2026-05-29 16:30:00,INTC,1,118.99594736366272,118.67406630516052,-0.002704974964554907,27,0.9729257641921397,0.08333333333333333,-0.00022541458037957557,-0.24914644144557563
2026-05-29 14:30:00,2026-05-29 15:30:00,2026-05-29 16:30:00,AMD,1,513.0056294677735,511.5644168380737,-0.002809350515695086,27,0.97117903930131,0.08333333333333333,-0.0002341125429745905,-0.2587601338017913
2026-05-29 14:30:00,2026-05-29 15:30:00,2026-05-29 16:30:00,BE,1,274.21372220764164,275.4162211761475,0.004385261827251963,22,0.9851528384279477,0.08333333333333333,0.00036543848560433023,0.4039121963728517
2026-05-29 14:30:00,2026-05-29 15:30:00,2026-05-29 16:30:00,GLW,1,175.55878055191042,176.33618397064208,0.004428165975451259,8,0.9685589519650655,0.08333333333333333,0.0003690138312876049,0.4078639578446504
2026-05-29 14:30:00,2026-05-29 15:30:00,2026-05-29 16:30:00,LUMN,1,10.635531978893281,10.649467118549346,0.0013102437831713498,6,0.9641921397379912,0.08333333333333333,0.00010918698193094581,0.12068229106772714
2026-05-29 14:30:00,2026-05-29 15:30:00,2026-05-29 16:30:00,CRML,1,11.464073197889329,11.359531787490845,-0.009119045961581196,5,0.9737991266375545,0.08333333333333333,-0.000759920496798433,-0.8399256482880045
2026-05-29 14:30:00,2026-05-29 15:30:00,2026-05-29 16:30:00,WDC,1,532.6066460906983,531.1184622802734,-0.002794151784150767,3,0.9851528384279477,0.08333333333333333,-0.0002328459820125639,-0.2573602280990127
2026-05-29 14:30:00,2026-05-29 15:30:00,2026-05-29 16:30:00,ON,1,121.2660651363373,120.31498309555052,-0.007842936436648684,2,0.9633187772925764,0.08333333333333333,-0.0006535780363873903,-0.7223873526668267
2026-05-29 14:30:00,2026-05-29 15:30:00,2026-05-29 16:30:00,UAMY,1,9.025450868511198,8.96965189781189,-0.0061824025760292,1,0.9895196506550219,0.08333333333333333,-0.0005152002146690999,-0.569440982480623
2026-05-29 14:30:00,2026-05-29 15:30:00,2026-05-29 16:30:00,RKLB,1,139.00695000000002,141.11794375,0.015186246083379151,1,0.9912663755458515,0.08333333333333333,0.0012655205069482625,1.3987557076016421
2026-05-29 15:30:00,2026-05-29 16:30:00,2026-05-29 17:30:00,SBSW,1,12.110605156660082,12.024398368549345,-0.007118289052907345,28,0.9965065502183406,0.08333333333333333,-0.0005931907544089454,-0.6550186552289397
2026-05-29 15:30:00,2026-05-29 16:30:00,2026-05-29 17:30:00,MU,1,965.5482750000001,956.5521455871583,-0.009317120278467539,28,0.9868995633187773,0.08333333333333333,-0.0007764266898722949,-0.857353157485993
2026-05-29 15:30:00,2026-05-29 16:30:00,2026-05-29 17:30:00,INTC,1,118.68593430519105,118.13409238967895,-0.004649598275841882,28,0.9729257641921397,0.08333333333333333,-0.0003874665229868235,-0.4278519160096249
2026-05-29 15:30:00,2026-05-29 16:30:00,2026-05-29 17:30:00,AMD,1,511.6155758377076,504.5147815444946,-0.013879159721801426,28,0.97117903930131,0.08333333333333333,-0.001156596643483452,-1.2771479872637264
2026-05-29 15:30:00,2026-05-29 16:30:00,2026-05-29 17:30:00,BE,1,275.4437641754151,274.5162722793579,-0.0033672640904897078,23,0.988646288209607,0.08333333333333333,-0.0002806053408741423,-0.30985265981189936
2026-05-29 15:30:00,2026-05-29 16:30:00,2026-05-29 17:30:00,GLW,1,176.35381847076417,177.05114455871583,0.003954130928371491,9,0.9685589519650655,0.08333333333333333,0.0003295109106976242,0.36385562654879805
2026-05-29 15:30:00,2026-05-29 16:30:00,2026-05-29 17:30:00,LUMN,1,10.6505321185112,10.759362098073957,0.010218266876413251,7,0.9641921397379912,0.08333333333333333,0.0008515222397011042,0.9402758694415364
2026-05-29 15:30:00,2026-05-29 16:30:00,2026-05-29 17:30:00,CRML,1,11.360667797470095,11.348532657909395,-0.0010681713238197554,6,0.9746724890829694,0.08333333333333333,-8.901427698497962e-05,-0.09829217932598046
2026-05-29 15:30:00,2026-05-29 16:30:00,2026-05-29 17:30:00,WDC,1,531.1715767822266,523.6838364715576,-0.01409665094662782,4,0.9851528384279477,0.08333333333333333,-0.001174720912218985,-1.2971613371784358
2026-05-29 15:30:00,2026-05-29 16:30:00,2026-05-29 17:30:00,ON,1,120.32701519546508,120.25398913612368,-0.000606896624359643,3,0.9633187772925764,0.08333333333333333,-5.057471869663691e-05,-0.055846089951724055
2026-05-29 15:30:00,2026-05-29 16:30:00,2026-05-29 17:30:00,UAMY,1,8.970548907852173,9.014549593305588,0.004905015947786584,2,0.9895196506550219,0.08333333333333333,0.00040875132898221533,0.45135522400336153
2026-05-29 15:30:00,2026-05-29 16:30:00,2026-05-29 17:30:00,RKLB,1,141.13205625,141.29293805160523,0.001139938054329992,2,0.9807860262008734,0.08333333333333333,9.499483786083265e-05,0.10489609031633185
2026-05-29 16:30:00,2026-05-29 17:30:00,2026-05-29 18:30:00,SBSW,1,12.0256008685112,12.05439755516052,0.0023946152017004785,29,0.9965065502183406,0.08333333333333333,0.0001995512668083732,0.21972814134901894
2026-05-29 16:30:00,2026-05-29 17:30:00,2026-05-29 18:30:00,MU,1,956.647805584717,956.3522044128417,-0.0003089968639969909,29,0.9868995633187773,0.08333333333333333,-2.5749738666415906e-05,-0.02835332648039659
2026-05-29 16:30:00,2026-05-29 17:30:00,2026-05-29 18:30:00,INTC,1,118.14590638961793,117.83410433807373,-0.002639127000439223,29,0.9729257641921397,0.08333333333333333,-0.0002199272500366019,-0.2421643653555388
2026-05-29 16:30:00,2026-05-29 17:30:00,2026-05-29 18:30:00,AMD,1,504.5652355453492,506.18468095550537,0.003209585790043157,29,0.97117903930131,0.08333333333333333,0.00026746548250359636,0.29450924709974224
2026-05-29 16:30:00,2026-05-29 17:30:00,2026-05-29 18:30:00,BE,1,274.54372527923584,274.0962798522949,-0.0016297783767806884,24,0.9868995633187774,0.08333333333333333,-0.00013581486473172402,-0.14954727310113952
2026-05-29 16:30:00,2026-05-29 17:30:00,2026-05-29 18:30:00,GLW,1,177.0688505584717,177.04613992614748,-0.00012825876630806476,10,0.9685589519650655,0.08333333333333333,-1.0688230525672063e-05,-0.011768930687726541
2026-05-29 16:30:00,2026-05-29 17:30:00,2026-05-29 18:30:00,LUMN,1,10.760438088083266,10.769461957740784,0.000838615452609881,8,0.9641921397379912,0.08333333333333333,6.988462105082341e-05,0.07695074122041919
2026-05-29 16:30:00,2026-05-29 17:30:00,2026-05-29 18:30:00,CRML,1,11.349667567920688,11.233938206338882,-0.010196718176038067,7,0.9729257641921396,0.08333333333333333,-0.0008497265146698388,-0.9356434098846284
2026-05-29 16:30:00,2026-05-29 17:30:00,2026-05-29 18:30:00,WDC,1,523.7362074737549,520.7539902954102,-0.005694120696236538,5,0.9851528384279477,0.08333333333333333,-0.00047451005801971147,-0.522488354835698
2026-05-29 16:30:00,2026-05-29 17:30:00,2026-05-29 18:30:00,ON,1,120.2660151363373,119.84400597419739,-0.0035089643708700047,4,0.9633187772925764,0.08333333333333333,-0.00029241369757250035,-0.32198000694377765
2026-05-29 16:30:00,2026-05-29 17:30:00,2026-05-29 18:30:00,UAMY,1,9.015451093339921,8.919554076290131,-0.010636962705131037,3,0.9895196506550219,0.08333333333333333,-0.0008864135587609197,-0.9760399262217747
2026-05-29 16:30:00,2026-05-29 17:30:00,2026-05-29 18:30:00,RKLB,1,141.30706805191042,139.96800735321045,-0.009476247134418303,3,0.9790393013100437,0.08333333333333333,-0.0007896872612015252,-0.8695335134977333
2026-05-29 17:30:00,2026-05-29 18:30:00,2026-05-29 19:30:00,BE,1,274.1236908508301,275.8298967803955,0.006224219162778821,25,0.9851528384279477,0.1,0.0006224219162778822,0.6831982430193259
2026-05-29 17:30:00,2026-05-29 18:30:00,2026-05-29 19:30:00,GLW,1,177.06384542541505,179.2710347793579,0.012465499936702651,11,0.9685589519650655,0.1,0.0012465499936702652,1.3682692450872171
2026-05-29 17:30:00,2026-05-29 18:30:00,2026-05-29 19:30:00,LUMN,1,10.770538957786561,10.69446494483948,-0.007063157493347516,9,0.9641921397379912,0.1,-0.0007063157493347517,-0.7752838811462149
2026-05-29 17:30:00,2026-05-29 18:30:00,2026-05-29 19:30:00,CRML,1,11.235061656332018,11.209439538145066,-0.0022805498510559685,8,0.9729257641921396,0.1,-0.00022805498510559686,-0.25032339167565865
2026-05-29 17:30:00,2026-05-29 18:30:00,2026-05-29 19:30:00,WDC,1,520.8060682983399,521.2339467651367,0.0008215696644910953,6,0.9851528384279477,0.1,8.215696644910953e-05,0.0901791753501979
2026-05-29 17:30:00,2026-05-29 18:30:00,2026-05-29 19:30:00,ON,1,119.85599097404481,119.78401141548157,-0.0006005503602972695,5,0.9685589519650655,0.1,-6.005503602972695e-05,-0.0659191041108103
2026-05-29 17:30:00,2026-05-29 18:30:00,2026-05-29 19:30:00,UAMY,1,8.920446076297761,8.839558152580262,-0.009067699420595599,4,0.9895196506550219,0.1,-0.0009067699420595599,-0.9953114037861865
2026-05-29 17:30:00,2026-05-29 18:30:00,2026-05-29 19:30:00,RKLB,1,139.98200485382083,139.66301466903687,-0.0022787942287086915,4,0.9842794759825328,0.1,-0.00022787942287086916,-0.25013068668380395
2026-05-29 17:30:00,2026-05-29 18:30:00,2026-05-29 19:30:00,SBSW,1,12.055603055191039,12.030798156881332,-0.002057541061707968,0,0.9965065502183406,0.1,-0.0002057541061707968,-0.22584494561265084
2026-05-29 17:30:00,2026-05-29 18:30:00,2026-05-29 19:30:00,MU,1,956.4478444152832,943.7878302215577,-0.013236491950551765,0,0.9868995633187773,0.1,-0.0013236491950551765,-1.4528967904014283
2026-05-29 18:30:00,2026-05-29 19:30:00,2026-06-01 13:30:00,BE,1,275.85748114929197,277.656129927063,0.006520210255953174,26,0.9816593886462882,0.1,0.0006520210255953174,0.7142509193545254
2026-05-29 18:30:00,2026-05-29 19:30:00,2026-06-01 13:30:00,GLW,1,179.28896277923585,176.10119511032104,-0.01778005527780313,12,0.9685589519650655,0.1,-0.0017780055277803132,-1.9477011215627846
2026-05-29 18:30:00,2026-05-29 19:30:00,2026-06-01 13:30:00,LUMN,1,10.695534444808963,10.899454618549345,0.019065917163153534,10,0.9641921397379912,0.1,0.0019065917163153534,2.088559774538877
2026-05-29 18:30:00,2026-05-29 19:30:00,2026-06-01 13:30:00,CRML,1,11.210560538148881,11.019449457740784,-0.0170474152258272,9,0.9729257641921396,0.1,-0.0017047415225827202,-1.8674446865495158
2026-05-29 18:30:00,2026-05-29 19:30:00,2026-06-01 13:30:00,WDC,1,521.2860727661133,535.9732,0.028174793076577,7,0.9851528384279477,0.1,0.0028174793076577,3.086383884506617
2026-05-29 18:30:00,2026-05-29 19:30:00,2026-06-01 13:30:00,ON,1,119.79599041557313,118.7440625,-0.00878099435485269,6,0.9685589519650655,0.1,-0.000878099435485269,-0.9619066018728513
2026-05-29 18:30:00,2026-05-29 19:30:00,2026-06-01 13:30:00,UAMY,1,8.840442152595521,8.809559919595719,-0.0034932905466426023,5,0.9781659388646288,0.1,-0.00034932905466426026,-0.3826695591961706
2026-05-29 18:30:00,2026-05-29 19:30:00,2026-06-01 13:30:00,RKLB,1,139.67698166885378,132.69336194839477,-0.049998357904209145,5,0.977292576419214,0.1,-0.004999835790420915,-5.477027840734474
2026-05-29 18:30:00,2026-05-29 19:30:00,2026-06-01 13:30:00,SBSW,1,12.03200129685402,11.729413042259216,-0.025148622172599056,1,0.9965065502183406,0.1,-0.002514862217259906,-2.7548845515952762
2026-05-29 18:30:00,2026-05-29 19:30:00,2026-06-01 13:30:00,MU,1,943.882213723755,1009.5195288238525,0.06953973085386211,1,0.9895196506550218,0.1,0.006953973085386212,7.617671017385973
2026-05-29 19:30:00,2026-06-01 13:30:00,2026-06-01 14:30:00,BE,1,277.6838969284058,276.91614617614744,-0.0027648371430637475,27,0.9694323144104804,0.09090909090909091,-0.0002513488311876134,-0.275366915092013
2026-05-29 19:30:00,2026-06-01 13:30:00,2026-06-01 14:30:00,GLW,1,176.1188061103821,173.77130977935792,-0.013329049764014944,13,0.9685589519650655,0.09090909090909091,-0.0012117317967286314,-1.3275209803343175
2026-05-29 19:30:00,2026-06-01 13:30:00,2026-06-01 14:30:00,LUMN,1,10.9005446185112,10.834458288145065,-0.006062663167664795,11,0.9641921397379912,0.09090909090909091,-0.0005511511970604359,-0.6038174284189058
2026-05-29 19:30:00,2026-06-01 13:30:00,2026-06-01 14:30:00,CRML,1,11.020551457786562,11.899404618549346,0.07974674989079888,10,0.9729257641921396,0.09090909090909091,0.007249704535527171,7.942462926300937
2026-05-29 19:30:00,2026-06-01 13:30:00,2026-06-01 14:30:00,WDC,1,536.0268000000001,544.3327673522949,0.015495432975169976,8,0.9851528384279477,0.09090909090909091,0.0014086757250154525,1.5432842354177059
2026-05-29 19:30:00,2026-06-01 13:30:00,2026-06-01 14:30:00,ON,1,118.75593750000002,117.95410108451843,-0.006751969058234164,7,0.9685589519650655,0.09090909090909091,-0.0006138153689303785,-0.6724695865096738
2026-05-29 19:30:00,2026-06-01 13:30:00,2026-06-01 14:30:00,UAMY,1,8.810440919637681,9.12454375,0.035651204432029404,6,0.9851528384279475,0.09090909090909091,0.003241018584729946,3.550719870930311
2026-05-29 19:30:00,2026-06-01 13:30:00,2026-06-01 14:30:00,RKLB,1,132.7066319480896,126.1096915145874,-0.04971070651602938,6,0.977292576419214,0.09090909090909091,-0.004519155137820853,-4.95099103204135
2026-05-29 19:30:00,2026-06-01 13:30:00,2026-06-01 14:30:00,SBSW,1,11.73058604221344,11.419429076290129,-0.026525270332069417,2,0.9965065502183406,0.09090909090909091,-0.002411388212006311,-2.6418126946999148
2026-05-29 19:30:00,2026-06-01 13:30:00,2026-06-01 14:30:00,MU,1,1009.6204858245851,1023.538847354126,0.013785736051278086,2,0.9895196506550218,0.09090909090909091,0.0012532487319343714,1.3730051400085916
2026-05-29 19:30:00,2026-06-01 13:30:00,2026-06-01 14:30:00,INTC,1,109.45047194480897,109.77450977935791,0.0029605887374550832,0,0.9676855895196507,0.09090909090909091,0.00026914443067773487,0.2948630046924855
2026-06-01 13:30:00,2026-06-01 14:30:00,2026-06-01 15:30:00,BE,1,276.94383917541506,273.486325,-0.012484531830387002,28,0.9816593886462882,0.1,-0.0012484531830387004,-1.3729668553495928
2026-06-01 13:30:00,2026-06-01 14:30:00,2026-06-01 15:30:00,GLW,1,173.78868777923586,176.19118694839477,0.013824255190940882,14,0.9685589519650655,0.1,0.0013824255190940883,1.52030083585986
2026-06-01 13:30:00,2026-06-01 14:30:00,2026-06-01 15:30:00,LUMN,1,10.83554178814888,11.209439538145066,0.03450660403572314,12,0.9641921397379912,0.1,0.0034506604035723144,3.794809791457896
2026-06-01 13:30:00,2026-06-01 14:30:00,2026-06-01 15:30:00,WDC,1,544.3872033508302,549.3325173522949,0.009084184879852186,9,0.9851528384279477,0.1,0.0009084184879852187,0.9990190194835965
2026-06-01 13:30:00,2026-06-01 14:30:00,2026-06-01 15:30:00,ON,1,117.9658970844269,120.18399294128416,0.018802856687215153,8,0.9685589519650655,0.1,0.0018802856687215154,2.0678147461325027
2026-06-01 13:30:00,2026-06-01 14:30:00,2026-06-01 15:30:00,UAMY,1,9.125456250000001,9.259537228870393,0.014693071250042156,7,0.9720524017467249,0.1,0.0014693071250042157,1.6158475226517606
2026-06-01 13:30:00,2026-06-01 14:30:00,2026-06-01 15:30:00,RKLB,1,126.12230311431887,123.94880408096311,-0.01723326469376052,7,0.988646288209607,0.1,-0.001723326469376052,-1.8952013223603672
2026-06-01 13:30:00,2026-06-01 14:30:00,2026-06-01 15:30:00,SBSW,1,11.42057107629776,11.559422419595718,0.012158003515789995,3,0.994759825327511,0.1,0.0012158003515789996,1.3370574148222616
2026-06-01 13:30:00,2026-06-01 14:30:00,2026-06-01 15:30:00,MU,1,1023.6412063568116,1027.128694708252,0.003406944083320429,3,0.9895196506550218,0.1,0.00034069440833204293,0.37467334522253776
2026-06-01 13:30:00,2026-06-01 14:30:00,2026-06-01 15:30:00,INTC,1,109.78548777923585,112.73436086387633,0.02686031773680586,1,0.9799126637554585,0.1,0.0026860317736805864,2.9539214187457485
2026-06-01 14:30:00,2026-06-01 15:30:00,2026-06-01 16:30:00,BE,1,273.51367500000003,274.97624073486327,0.00534732215807221,29,0.9851528384279477,0.1,0.0005347322158072209,0.5941274061425271
2026-06-01 14:30:00,2026-06-01 15:30:00,2026-06-01 16:30:00,GLW,1,176.20880694808963,175.03124128646851,-0.006682785508944633,15,0.9685589519650655,0.1,-0.0006682785508944633,-0.7425073528144304
2026-06-01 14:30:00,2026-06-01 15:30:00,2026-06-01 16:30:00,LUMN,1,11.210560538148881,11.104444292259217,-0.009465739516642091,13,0.9641921397379912,0.1,-0.0009465739516642092,-1.051714316062616
2026-06-01 14:30:00,2026-06-01 15:30:00,2026-06-01 16:30:00,WDC,1,549.3874533508301,555.5022527954102,0.011130213126063548,10,0.9851528384279477,0.1,0.001113021312606355,1.2366497583129807
2026-06-01 14:30:00,2026-06-01 15:30:00,2026-06-01 16:30:00,ON,1,120.19601194152831,119.45402608451843,-0.006173132078382326,9,0.9685589519650655,0.1,-0.0006173132078382327,-0.6858810524381711
2026-06-01 14:30:00,2026-06-01 15:30:00,2026-06-01 16:30:00,UAMY,1,9.26046322889328,9.154541982984544,-0.011438007288691154,8,0.9790393013100436,0.1,-0.0011438007288691154,-1.2708479872698233
2026-06-01 14:30:00,2026-06-01 15:30:00,2026-06-01 16:30:00,RKLB,1,123.96119958114623,122.15389566192627,-0.014579593657746748,8,0.9930131004366812,0.1,-0.0014579593657746749,-1.6199016828288397
2026-06-01 14:30:00,2026-06-01 15:30:00,2026-06-01 16:30:00,SBSW,1,11.56057841963768,11.639418343305588,0.006819721367399945,4,0.9965065502183406,0.1,0.0006819721367399945,0.7577219488284631
2026-06-01 14:30:00,2026-06-01 15:30:00,2026-06-01 16:30:00,MU,1,1027.231412713623,1037.7481588256835,0.010237952210085277,4,0.9895196506550218,0.1,0.0010237952210085278,1.1375129103839154
2026-06-01 14:30:00,2026-06-01 15:30:00,2026-06-01 16:30:00,INTC,1,112.74563486366272,110.25448913612367,-0.02209527429200664,2,0.9720524017467249,0.1,-0.002209527429200664,-2.454949901101563
2026-06-01 15:30:00,2026-06-01 16:30:00,2026-06-01 17:30:00,GLW,1,175.04874528579714,177.5211222793579,0.014123934390527504,16,0.9685589519650655,0.1111111111111111,0.0015693260433919448,1.737204466838989
2026-06-01 15:30:00,2026-06-01 16:30:00,2026-06-01 17:30:00,WDC,1,555.5578057983399,560.6319401458741,0.009133404831280556,11,0.9851528384279477,0.1111111111111111,0.0010148227590311728,1.1233832749174075
2026-06-01 15:30:00,2026-06-01 16:30:00,2026-06-01 17:30:00,ON,1,119.4659720844269,120.17399130516053,0.005926534630574798,10,0.9685589519650655,0.1111111111111111,0.0006585038478416442,0.7289472004355562
2026-06-01 15:30:00,2026-06-01 16:30:00,2026-06-01 17:30:00,UAMY,1,9.155457482957841,9.559522419595718,0.044133778938956425,9,0.9799126637554585,0.1111111111111111,0.004903753215439602,5.428331496828493
2026-06-01 15:30:00,2026-06-01 16:30:00,2026-06-01 17:30:00,RKLB,1,122.1661116622925,125.71371522064209,0.029039178787619413,9,0.9930131004366812,0.1111111111111111,0.0032265754208466012,3.571737853513518
2026-06-01 15:30:00,2026-06-01 16:30:00,2026-06-01 17:30:00,SBSW,1,11.640582343339922,11.779410732984543,0.011926240934505339,5,0.994759825327511,0.1111111111111111,0.0013251378816117043,1.4668943122474305
2026-06-01 15:30:00,2026-06-01 16:30:00,2026-06-01 17:30:00,MU,1,1037.8519388305665,1041.9479000000001,0.003946575630093152,5,0.9895196506550218,0.1111111111111111,0.00043850840334368354,0.4854177755111805
2026-06-01 15:30:00,2026-06-01 16:30:00,2026-06-01 17:30:00,INTC,1,110.2655151363373,110.61447174644472,0.003164693963257248,3,0.977292576419214,0.1111111111111111,0.00035163266258413865,0.3892485151188489
2026-06-01 15:30:00,2026-06-01 16:30:00,2026-06-01 17:30:00,BE,1,275.00373973388673,284.44576845550534,0.03433418298513091,0,0.988646288209607,0.1111111111111111,0.0038149092205701013,4.223008575219598
2026-06-01 16:30:00,2026-06-01 17:30:00,2026-06-01 18:30:00,GLW,1,177.53887527923587,176.47117172775268,-0.006013914134602283,17,0.9685589519650655,0.1111111111111111,-0.0006682126816224759,-0.7523827427106704
2026-06-01 16:30:00,2026-06-01 17:30:00,2026-06-01 18:30:00,WDC,1,560.6880061431885,554.5722455871582,-0.010907600107408877,12,0.9851528384279477,0.1111111111111111,-0.0012119555674898752,-1.3646171031915182
2026-06-01 16:30:00,2026-06-01 17:30:00,2026-06-01 18:30:00,ON,1,120.18600930519105,120.23398586387633,0.0003991858866321252,11,0.9685589519650655,0.1111111111111111,4.4353987403569465e-05,0.049940947860827985
2026-06-01 16:30:00,2026-06-01 17:30:00,2026-06-01 18:30:00,UAMY,1,9.56047841963768,9.56952119483948,0.0009458496536349781,10,0.9799126637554585,0.1111111111111111,0.000105094405959442,0.11833241058419022
2026-06-01 16:30:00,2026-06-01 17:30:00,2026-06-01 18:30:00,RKLB,1,125.72628722076418,125.83370433807373,0.0008543727782315269,10,0.982532751091703,0.1111111111111111,9.493030869239188e-05,0.10688801332972186
2026-06-01 16:30:00,2026-06-01 17:30:00,2026-06-01 18:30:00,SBSW,1,11.780588732957842,11.814408830404282,0.002870832537581469,6,0.994759825327511,0.1111111111111111,0.0003189813930646077,0.3591612401082983
2026-06-01 16:30:00,2026-06-01 17:30:00,2026-06-01 18:30:00,MU,1,1042.0521,1037.0082055908204,-0.004840347626745123,6,0.97117903930131,0.1111111111111111,-0.0005378164029716803,-0.6055613601347871
2026-06-01 16:30:00,2026-06-01 17:30:00,2026-06-01 18:30:00,INTC,1,110.62553374671938,109.93450544128416,-0.006246553413404188,4,0.9851528384279475,0.1111111111111111,-0.000694061490378243,-0.781487544463678
2026-06-01 16:30:00,2026-06-01 17:30:00,2026-06-01 18:30:00,BE,1,284.4742144546509,286.12338842773437,0.005797270505676577,1,0.9868995633187774,0.1111111111111111,0.0006441411672973974,0.7252791086923415
2026-06-01 17:30:00,2026-06-01 18:30:00,2026-06-01 19:30:00,GLW,1,176.48881972732545,176.42117117614745,-0.0003833021903739686,18,0.9685589519650655,0.1,-3.8330219037396863e-05,-0.04307621055210985
2026-06-01 17:30:00,2026-06-01 18:30:00,2026-06-01 19:30:00,WDC,1,554.6277055847169,547.6826364715577,-0.012522037834077127,13,0.976419213973799,0.1,-0.0012522037834077127,-1.4072498196681962
2026-06-01 17:30:00,2026-06-01 18:30:00,2026-06-01 19:30:00,ON,1,120.24600986366272,120.83535807647705,0.004901187270018648,12,0.9685589519650655,0.1,0.0004901187270018647,0.550804509081099
2026-06-01 17:30:00,2026-06-01 18:30:00,2026-06-01 19:30:00,UAMY,1,9.570478194808963,9.44452744483948,-0.013160340309619989,11,0.9799126637554585,0.1,-0.001316034030961999,-1.4789834348755373
2026-06-01 17:30:00,2026-06-01 18:30:00,2026-06-01 19:30:00,RKLB,1,125.84628833770753,125.03374891548157,-0.00645660220065869,11,0.982532751091703,0.1,-0.000645660220065869,-0.7256049217340398
2026-06-01 17:30:00,2026-06-01 18:30:00,2026-06-01 19:30:00,SBSW,1,11.81559033036232,11.779410732984543,-0.0030620219867312226,7,0.9965065502183406,0.1,-0.00030620219867312227,-0.344115705905399
2026-06-01 17:30:00,2026-06-01 18:30:00,2026-06-01 19:30:00,MU,1,1037.1119115966799,1033.0483205871583,-0.003918179864760729,7,0.97117903930131,0.1,-0.00039181798647607295,-0.4403323150092099
2026-06-01 17:30:00,2026-06-01 18:30:00,2026-06-01 19:30:00,INTC,1,109.94549944152831,107.88460488967895,-0.018744692254960338,5,0.977292576419214,0.1,-0.0018744692254960339,-2.1065632563210395
2026-06-01 17:30:00,2026-06-01 18:30:00,2026-06-01 19:30:00,BE,1,286.15200219726563,278.27609404449464,-0.02752351230218386,2,0.988646288209607,0.1,-0.002752351230218386,-3.093143323563372
2026-06-01 17:30:00,2026-06-01 18:30:00,2026-06-01 19:30:00,EXK,1,9.805490555191039,9.78451059741974,-0.0021396132761754005,0,0.9825327510917031,0.1,-0.00021396132761754006,-0.2404537054554762
2026-06-01 18:30:00,2026-06-01 19:30:00,2026-06-02 13:30:00,GLW,1,176.43881417541505,186.490675,0.05697080243688002,19,0.9685589519650655,0.1,0.005697080243688002,6.349017785118768
2026-06-01 18:30:00,2026-06-01 19:30:00,2026-06-02 13:30:00,WDC,1,547.737407473755,558.3021005889892,0.01928787950408606,14,0.976419213973799,0.1,0.001928787950408606,2.1495061464922656
2026-06-01 18:30:00,2026-06-01 19:30:00,2026-06-02 13:30:00,ON,1,120.84744221649171,125.48372336387632,0.038364743699572657,13,0.9685589519650655,0.1,0.0038364743699572657,4.275496037465493
2026-06-01 18:30:00,2026-06-01 19:30:00,2026-06-02 13:30:00,UAMY,1,9.445471944808963,9.219539267015458,-0.023919681209542243,12,0.9799126637554585,0.1,-0.0023919681209542245,-2.6656897027563056
2026-06-01 18:30:00,2026-06-01 19:30:00,2026-06-02 13:30:00,RKLB,1,125.04625291557313,125.25373913612367,0.0016592757936586544,12,0.982532751091703,0.1,0.00016592757936586546,0.18491527367949057
2026-06-01 18:30:00,2026-06-01 19:30:00,2026-06-02 13:30:00,SBSW,1,11.780588732957842,11.889405843305587,0.00923698406033946,8,0.9982532751091703,0.1,0.000923698406033946,1.0294005625939628
2026-06-01 18:30:00,2026-06-01 19:30:00,2026-06-02 13:30:00,MU,1,1033.151630584717,1049.6325743408204,0.015952105449203113,8,0.994759825327511,0.1,0.0015952105449203115,1.7777562694380604
2026-06-01 18:30:00,2026-06-01 19:30:00,2026-06-02 13:30:00,INTC,1,107.89539388961794,107.4196318016052,-0.004409475426721654,6,0.9790393013100436,0.1,-0.0004409475426721654,-0.49140676820056267
2026-06-01 18:30:00,2026-06-01 19:30:00,2026-06-02 13:30:00,BE,1,278.30392304534917,280.37599514770505,0.007445357146540266,3,0.988646288209607,0.1,0.0007445357146540267,0.829735635061805
2026-06-01 18:30:00,2026-06-01 19:30:00,2026-06-02 13:30:00,EXK,1,9.785489097404481,9.889505843305589,0.010629693096147586,1,0.9781659388646288,0.1,0.0010629693096147585,1.1846087404608296
2026-06-01 19:30:00,2026-06-02 13:30:00,2026-06-02 14:30:00,GLW,1,186.50932500000002,195.2602407722473,0.04691945441466405,20,0.9685589519650655,0.1,0.004691945441466405,5.297473677709209
2026-06-01 19:30:00,2026-06-02 13:30:00,2026-06-02 14:30:00,WDC,1,558.3579335906983,557.8029800384521,-0.0009939028692175222,15,0.976419213973799,0.1,-9.939028692175224e-05,-0.11221729565196996
2026-06-01 19:30:00,2026-06-02 13:30:00,2026-06-02 14:30:00,ON,1,125.49627236366271,128.7835537864685,0.026194255501708508,14,0.9685589519650655,0.1,0.002619425550170851,2.95748066039152
2026-06-01 19:30:00,2026-06-02 13:30:00,2026-06-02 14:30:00,UAMY,1,9.220461267042161,9.604519292259216,0.04165279958279755,13,0.9799126637554585,0.1,0.004165279958279755,4.702838345959208
2026-06-01 19:30:00,2026-06-02 13:30:00,2026-06-02 14:30:00,RKLB,1,125.26626513633731,126.75376331329346,0.011874690886147121,13,0.982532751091703,0.1,0.0011874690886147122,1.3407202446206925
2026-06-01 19:30:00,2026-06-02 13:30:00,2026-06-02 14:30:00,SBSW,1,11.89059484333992,11.769511134910584,-0.010183149793986712,9,0.9982532751091703,0.1,-0.0010183149793986713,-1.1497356195376982
2026-06-01 19:30:00,2026-06-02 13:30:00,2026-06-02 14:30:00,MU,1,1049.7375428466798,1030.6085011779785,-0.018222689851433937,9,0.994759825327511,0.1,-0.0018222689851433939,-2.0574454888558877
2026-06-01 19:30:00,2026-06-02 13:30:00,2026-06-02 14:30:00,INTC,1,107.43037430191039,105.92470380516052,-0.014015314630837161,7,0.9790393013100436,0.1,-0.0014015314630837163,-1.5824088593508474
2026-06-01 19:30:00,2026-06-02 13:30:00,2026-06-02 14:30:00,BE,1,280.40403414916995,295.97509918670653,0.05553081675441618,4,0.9851528384279477,0.1,0.005553081675441618,6.269745540056266
2026-06-01 19:30:00,2026-06-02 13:30:00,2026-06-02 14:30:00,EXK,1,9.890494843339921,9.55452255516052,-0.03396920917517465,2,0.9790393013100436,0.1,-0.0033969209175174655,-3.8353172197553214
2026-06-02 13:30:00,2026-06-02 14:30:00,2026-06-02 15:30:00,GLW,1,195.27976777267455,199.50502363967897,0.021636936151639974,21,0.9685589519650655,0.09090909090909091,0.001966994195603634,2.244120267540804
2026-06-02 13:30:00,2026-06-02 14:30:00,2026-06-02 15:30:00,WDC,1,557.8587631256104,562.471875,0.008269318650733215,16,0.976419213973799,0.09090909090909091,0.0007517562409757469,0.8576697482862898
2026-06-02 13:30:00,2026-06-02 14:30:00,2026-06-02 15:30:00,ON,1,128.79643278579712,129.7635157722473,0.00750861623674437,15,0.9685589519650655,0.09090909090909091,0.00068260147606767,0.7787719000495749
2026-06-02 13:30:00,2026-06-02 14:30:00,2026-06-02 15:30:00,UAMY,1,9.60547979221344,9.949602440071105,0.03582565944666549,14,0.9799126637554585,0.09090909090909091,0.003256878131515045,3.7157334984409514
2026-06-02 13:30:00,2026-06-02 14:30:00,2026-06-02 15:30:00,RKLB,1,126.7664393234253,124.36378424644472,-0.0189534003621461,14,0.982532751091703,0.09090909090909091,-0.0017230363965587364,-1.96579171807943
2026-06-02 13:30:00,2026-06-02 14:30:00,2026-06-02 15:30:00,SBSW,1,11.770688144874574,12.029398232984542,0.021979181244608847,10,0.994759825327511,0.09090909090909091,0.0019981073858735317,2.279616936025432
2026-06-02 13:30:00,2026-06-02 14:30:00,2026-06-02 15:30:00,MU,1,1030.7115671813965,1040.1180354431153,0.009126188704219107,10,0.9973799126637555,0.09090909090909091,0.0008296535185653733,0.9465418251921837
2026-06-02 13:30:00,2026-06-02 14:30:00,2026-06-02 15:30:00,INTC,1,105.93529680519106,108.71456522064209,0.026235527716148788,8,0.988646288209607,0.09090909090909091,0.0023850479741953446,2.7210728480601216
2026-06-02 13:30:00,2026-06-02 14:30:00,2026-06-02 15:30:00,BE,1,296.0046981765747,299.985,0.013446752189895772,5,0.9842794759825328,0.09090909090909091,0.001222432017263252,1.3946581396949118
2026-06-02 13:30:00,2026-06-02 14:30:00,2026-06-02 15:30:00,EXK,1,9.55547805519104,9.814508830404282,0.027108091684907798,3,0.9790393013100436,0.09090909090909091,0.0024643719713552544,2.8115726523436186
2026-06-02 13:30:00,2026-06-02 14:30:00,2026-06-02 15:30:00,CRML,1,12.200609809255601,12.460877092838288,0.021332317617865693,0,0.9877729257641921,0.09090909090909091,0.001939301601624154,2.212526116653613
2026-06-02 14:30:00,2026-06-02 15:30:00,2026-06-02 16:30:00,GLW,1,199.52497513961794,200.0900926513672,0.002832314658121504,22,0.9685589519650655,0.09090909090909091,0.00025748315073831856,0.29837856778057614
2026-06-02 14:30:00,2026-06-02 15:30:00,2026-06-02 16:30:00,WDC,1,562.528125,560.0819798522949,-0.004348485060556073,17,0.976419213973799,0.09090909090909091,-0.00039531682368691576,-0.4581040247994549
2026-06-02 14:30:00,2026-06-02 15:30:00,2026-06-02 16:30:00,ON,1,129.77649277267457,128.04360055160524,-0.013352897616864978,16,0.9685589519650655,0.09090909090909091,-0.0012138997833513617,-1.406700507380533
2026-06-02 14:30:00,2026-06-02 15:30:00,2026-06-02 16:30:00,RKLB,1,124.37622124671938,124.1437940258026,-0.0018687432258913672,15,0.982532751091703,0.09090909090909091,-0.00016988574780830613,-0.19686828428199293
2026-06-02 14:30:00,2026-06-02 15:30:00,2026-06-02 16:30:00,SBSW,1,12.03060123295784,11.974401631450656,-0.004671387607231625,11,0.9965065502183406,0.09090909090909091,-0.0004246716006574205,-0.4921211489680149
2026-06-02 14:30:00,2026-06-02 15:30:00,2026-06-02 16:30:00,MU,1,1040.22205244751,1036.4932166931153,-0.003584653628156742,11,0.9973799126637555,0.09090909090909091,-0.0003258776025597038,-0.3776359425644615
2026-06-02 14:30:00,2026-06-02 15:30:00,2026-06-02 16:30:00,INTC,1,108.72543722076418,107.69171292343141,-0.009507658223841586,9,0.9851528384279475,0.09090909090909091,-0.0008643325658037806,-1.0016123864071633
2026-06-02 14:30:00,2026-06-02 15:30:00,2026-06-02 16:30:00,BE,1,300.01500000000004,296.7252752990723,-0.010965200743055403,6,0.9842794759825328,0.09090909090909091,-0.000996836431186855,-1.1551615156027004
2026-06-02 14:30:00,2026-06-02 15:30:00,2026-06-02 16:30:00,EXK,1,9.815490330362321,9.809509919595719,-0.0006092829359836127,4,0.9790393013100436,0.09090909090909091,-5.538935781669207e-05,-0.06418671360918257
2026-06-02 14:30:00,2026-06-02 15:30:00,2026-06-02 16:30:00,CRML,1,12.462123242855073,12.349682320213319,-0.009022613598868134,1,0.9877729257641921,0.09090909090909091,-0.0008202375998971032,-0.9505139252618776
2026-06-02 14:30:00,2026-06-02 15:30:00,2026-06-02 16:30:00,S,1,17.09585406332016,17.584119834518432,0.028560478428852898,0,0.9825327510917031,0.09090909090909091,0.002596407129895718,3.0087881035015944
2026-06-02 15:30:00,2026-06-02 16:30:00,2026-06-02 17:30:00,GLW,1,200.11010266113283,198.8400636032104,-0.006346701346073957,23,0.9685589519650655,0.09090909090909091,-0.000576972849643087,-0.6669321056311096
2026-06-02 15:30:00,2026-06-02 16:30:00,2026-06-02 17:30:00,WDC,1,560.1379908508302,563.8418016174317,0.006612318441346021,18,0.976419213973799,0.09090909090909091,0.0006011198583041838,0.6948440175018328
2026-06-02 15:30:00,2026-06-02 16:30:00,2026-06-02 17:30:00,ON,1,128.05640555191042,128.02359727935792,-0.0002562017293168406,17,0.9685589519650655,0.09090909090909091,-2.3291066301530964e-05,-0.02692251446577221
2026-06-02 15:30:00,2026-06-02 16:30:00,2026-06-02 17:30:00,RKLB,1,124.1562090259552,123.88430840454102,-0.0021899881089100237,16,0.982532751091703,0.09090909090909091,-0.00019908982808272943,-0.23013110293679698
2026-06-02 15:30:00,2026-06-02 16:30:00,2026-06-02 17:30:00,SBSW,1,11.975599131488803,11.894405707740784,-0.006779904943087778,12,0.9982532751091703,0.09090909090909091,-0.0006163549948261616,-0.7124545544386497
2026-06-02 15:30:00,2026-06-02 16:30:00,2026-06-02 17:30:00,MU,1,1036.59687119751,1045.6370465881348,0.008721013579928494,12,0.9973799126637555,0.09090909090909091,0.0007928194163571358,0.9164325896155748
2026-06-02 15:30:00,2026-06-02 16:30:00,2026-06-02 17:30:00,INTC,1,107.70248263320926,106.8446559741974,-0.007964780737072408,10,0.988646288209607,0.09090909090909091,-0.0007240709760974916,-0.8369651726485858
2026-06-02 15:30:00,2026-06-02 16:30:00,2026-06-02 17:30:00,BE,1,296.7549493103028,303.7048152206421,0.023419545070745063,7,0.9807860262008733,0.09090909090909091,0.0021290495518859146,2.461002283748025
2026-06-02 15:30:00,2026-06-02 16:30:00,2026-06-02 17:30:00,EXK,1,9.810490919637681,9.77941060218811,-0.003168069539451701,5,0.9790393013100436,0.09090909090909091,-0.00028800632176833647,-0.3329110940503488
2026-06-02 15:30:00,2026-06-02 16:30:00,2026-06-02 17:30:00,CRML,1,12.35091735019684,12.219389267015456,-0.010649256201142543,2,0.9790393013100437,0.09090909090909091,-0.0009681142001038676,-1.1190586218503284
2026-06-02 15:30:00,2026-06-02 16:30:00,2026-06-02 17:30:00,S,1,17.58587833442688,17.619119839191438,0.0018902385273236177,1,0.9825327510917031,0.09090909090909091,0.00017183986612032888,0.19863243792822036
2026-06-02 16:30:00,2026-06-02 17:30:00,2026-06-02 18:30:00,GLW,1,198.85994860382078,199.59501547775267,0.003696404827079114,24,0.9685589519650655,0.09090909090909091,0.00033603680246173764,0.38854640447282707
2026-06-02 16:30:00,2026-06-02 17:30:00,2026-06-02 18:30:00,WDC,1,563.8981886169435,564.9617407348633,0.0018860711727561874,19,0.9781659388646288,0.09090909090909091,0.00017146101570510795,0.19825376468121908
2026-06-02 16:30:00,2026-06-02 17:30:00,2026-06-02 18:30:00,ON,1,128.03640027923586,128.41858180160523,0.002984944293465519,18,0.9685589519650655,0.09090909090909091,0.000271358572133229,0.3137614593188842
2026-06-02 16:30:00,2026-06-02 17:30:00,2026-06-02 18:30:00,RKLB,1,123.896697454834,124.71376522064209,0.006594750163586571,17,0.982532751091703,0.09090909090909091,0.0005995227421442338,0.6932050422850798
2026-06-02 16:30:00,2026-06-02 17:30:00,2026-06-02 18:30:00,SBSW,1,11.895595207786561,11.854406792259216,-0.0034624930327474823,13,0.9965065502183406,0.09090909090909091,-0.00031477209388613476,-0.3639588414479296
2026-06-02 16:30:00,2026-06-02 17:30:00,2026-06-02 18:30:00,MU,1,1045.7416155212404,1054.8522840454102,0.008712160240107458,13,0.9973799126637555,0.09090909090909091,0.0007920145672824962,0.9157759214268075
2026-06-02 16:30:00,2026-06-02 17:30:00,2026-06-02 18:30:00,INTC,1,106.85534097404481,107.65462066192627,0.0074800162593240405,11,0.9877729257641921,0.09090909090909091,0.0006800014781203674,0.786259503198197
2026-06-02 16:30:00,2026-06-02 17:30:00,2026-06-02 18:30:00,BE,1,303.7351872207642,302.3498719848633,-0.004560931015523129,8,0.9807860262008733,0.09090909090909091,-0.0004146300923202844,-0.4794207967016548
2026-06-02 16:30:00,2026-06-02 17:30:00,2026-06-02 18:30:00,EXK,1,9.780388592147828,9.769511957740784,-0.0011120861205633492,6,0.9790393013100436,0.09090909090909091,-0.00010109873823303175,-0.11689657486744108
2026-06-02 16:30:00,2026-06-02 17:30:00,2026-06-02 18:30:00,CRML,1,12.22061126704216,11.959402038145065,-0.02137448145507681,3,0.9877729257641922,0.09090909090909091,-0.0019431346777342554,-2.246771743181544
2026-06-02 16:30:00,2026-06-02 17:30:00,2026-06-02 18:30:00,S,1,17.620881839275363,17.499125,-0.006909803969287087,2,0.9825327510917031,0.09090909090909091,-0.000628163997207917,-0.7263218217361949
2026-06-02 17:30:00,2026-06-02 18:30:00,2026-06-02 19:30:00,GLW,1,199.61497597732543,198.64006139678958,-0.004883975141457331,25,0.9685589519650655,0.09090909090909091,-0.0004439977401324846,-0.5130943974838627
2026-06-02 17:30:00,2026-06-02 18:30:00,2026-06-02 19:30:00,WDC,1,565.0182397338867,569.1615429412842,0.00733304328254758,20,0.9807860262008733,0.09090909090909091,0.0006666402984134164,0.7703854577071272
2026-06-02 17:30:00,2026-06-02 18:30:00,2026-06-02 19:30:00,ON,1,128.43142430191043,128.0335912864685,-0.003097629864375895,19,0.9685589519650655,0.09090909090909091,-0.00028160271494326317,-0.32542682607014956
2026-06-02 17:30:00,2026-06-02 18:30:00,2026-06-02 19:30:00,RKLB,1,124.72623722076418,123.73381086387633,-0.007956837141901985,18,0.982532751091703,0.09090909090909091,-0.0007233488310819986,-0.8359191930660007
2026-06-02 17:30:00,2026-06-02 18:30:00,2026-06-02 19:30:00,SBSW,1,11.85559229221344,11.849407881450654,-0.0005216450271192663,14,0.9982532751091703,0.09090909090909091,-4.742227519266057e-05,-0.05480231433167123
2026-06-02 17:30:00,2026-06-02 18:30:00,2026-06-02 19:30:00,MU,1,1054.95777454834,1059.097066912842,0.003923656912499629,14,0.994759825327511,0.09090909090909091,0.00035669608295451174,0.41220651644260187
2026-06-02 17:30:00,2026-06-02 18:30:00,2026-06-02 19:30:00,INTC,1,107.66538666229249,107.18464294128417,-0.004465165044326147,12,0.9807860262008734,0.09090909090909091,-0.0004059240949387406,-0.4690955833573104
2026-06-02 17:30:00,2026-06-02 18:30:00,2026-06-02 19:30:00,BE,1,302.3801084838868,300.91494617614745,-0.004845432178345099,9,0.9807860262008733,0.09090909090909091,-0.00044049383439500906,-0.5090452002904854
2026-06-02 17:30:00,2026-06-02 18:30:00,2026-06-02 19:30:00,EXK,1,9.770488957786561,9.7495125,-0.00214691996246974,7,0.9790393013100436,0.09090909090909091,-0.00019517454204270363,-0.22554836433110706
2026-06-02 17:30:00,2026-06-02 18:30:00,2026-06-02 19:30:00,CRML,1,11.96059803814888,11.969401767015457,0.0007360609259250417,4,0.9834061135371179,0.09090909090909091,6.691462962954925e-05,0.0773281448738559
2026-06-02 17:30:00,2026-06-02 18:30:00,2026-06-02 19:30:00,S,1,17.500875,17.389129889678955,-0.006385115619707338,3,0.9825327510917031,0.09090909090909091,-0.0005804650563370307,-0.6707992888720887
2026-06-02 18:30:00,2026-06-02 19:30:00,2026-06-03 13:30:00,GLW,1,198.65992639617926,200.98995,0.011728704656690958,26,0.9685589519650655,0.09090909090909091,0.0010662458778809961,1.229680134740572
2026-06-02 18:30:00,2026-06-02 19:30:00,2026-06-03 13:30:00,WDC,1,569.2184619415284,571.7713977935791,0.004484984277113968,21,0.9807860262008733,0.09090909090909091,0.0004077258433739971,0.4702220945639223
2026-06-02 18:30:00,2026-06-02 19:30:00,2026-06-03 13:30:00,ON,1,128.04639528579713,129.9935,0.015206243876346281,20,0.9685589519650655,0.09090909090909091,0.001382385806940571,1.5942780184251844
2026-06-02 18:30:00,2026-06-02 19:30:00,2026-06-03 13:30:00,RKLB,1,123.74618486366272,119.39403152580262,-0.03517000013095417,19,0.982532751091703,0.09090909090909091,-0.003197272739177652,-3.687350970610872
2026-06-02 18:30:00,2026-06-02 19:30:00,2026-06-03 13:30:00,SBSW,1,11.850592881488803,11.479425542259216,-0.0313205712947382,15,0.9982532751091703,0.09090909090909091,-0.002847324663158018,-3.283762824387759
2026-06-02 18:30:00,2026-06-02 19:30:00,2026-06-03 13:30:00,MU,1,1059.2029819152833,1078.9560592651367,0.0186490008875686,15,0.9973799126637555,0.09090909090909091,0.001695363717051691,1.9552292086338834
2026-06-02 18:30:00,2026-06-02 19:30:00,2026-06-03 13:30:00,INTC,1,107.19536194152832,116.39167920951843,0.08579025343471858,13,0.9781659388646289,0.09090909090909091,0.00779911394861078,8.994562783440054
2026-06-02 18:30:00,2026-06-02 19:30:00,2026-06-03 13:30:00,BE,1,300.94503917541505,296.79515705871574,-0.013789501658076575,10,0.9807860262008733,0.09090909090909091,-0.0012535910598251432,-1.4457416017578333
2026-06-02 18:30:00,2026-06-02 19:30:00,2026-06-03 13:30:00,EXK,1,9.7504875,9.579520923709872,-0.017534156757816333,8,0.9790393013100436,0.09090909090909091,-0.0015940142507105757,-1.8383448876610264
2026-06-02 18:30:00,2026-06-02 19:30:00,2026-06-03 13:30:00,CRML,1,11.970598767042162,11.719414267015457,-0.020983453285417397,5,0.9877729257641922,0.09090909090909091,-0.0019075866623106726,-2.1999817045963876
2026-06-02 18:30:00,2026-06-02 19:30:00,2026-06-03 13:30:00,S,1,17.39086888961792,16.99915,-0.02252440013803858,4,0.9825327510917031,0.09090909090909091,-0.002047672739821689,-2.361540187721657
2026-06-02 19:30:00,2026-06-03 13:30:00,2026-06-03 14:30:00,GLW,1,201.01005000000004,206.37467525711065,0.0266883434788987,27,0.9685589519650655,0.09090909090909091,0.0024262130435362458,2.796713567311609
2026-06-02 19:30:00,2026-06-03 13:30:00,2026-06-03 14:30:00,WDC,1,571.8285777923585,593.5702955871582,0.03802139074394861,22,0.976419213973799,0.09090909090909091,0.0034564900676316923,3.984321448265662
2026-06-02 19:30:00,2026-06-03 13:30:00,2026-06-03 14:30:00,ON,1,130.00650000000002,134.50827363967895,0.03462729663269859,21,0.9685589519650655,0.09090909090909091,0.0031479360575180537,3.628648978103903
2026-06-02 19:30:00,2026-06-03 13:30:00,2026-06-03 14:30:00,RKLB,1,119.40597152595521,120.11899375,0.00597141177223115,20,0.982532751091703,0.09090909090909091,0.0005428556156573773,0.6257536490643314
2026-06-02 19:30:00,2026-06-03 13:30:00,2026-06-03 14:30:00,SBSW,1,11.480573542213442,11.309434919595718,-0.014906800778589746,16,0.9982532751091703,0.09090909090909091,-0.0013551637071445223,-1.5621071429800686
2026-06-02 19:30:00,2026-06-03 13:30:00,2026-06-03 14:30:00,MU,1,1079.0639602661133,1067.3816868408203,-0.010826303032502316,16,0.994759825327511,0.09090909090909091,-0.0009842093665911197,-1.1345053543231551
2026-06-02 19:30:00,2026-06-03 13:30:00,2026-06-03 14:30:00,INTC,1,116.4033189594269,114.40577844848633,-0.017160511648613874,14,0.9755458515283844,0.09090909090909091,-0.0015600465135103523,-1.7982770563348494
2026-06-02 19:30:00,2026-06-03 13:30:00,2026-06-03 14:30:00,BE,1,296.82483805847164,297.25503396606445,0.0014493258394638886,11,0.9807860262008733,0.09090909090909091,0.00013175689449671714,0.15187713849264373
2026-06-02 19:30:00,2026-06-03 13:30:00,2026-06-03 14:30:00,EXK,1,9.580478923702243,9.389530843305588,-0.01993095354807861,9,0.9790393013100436,0.09090909090909091,-0.0018119048680071467,-2.088596028503642
2026-06-02 19:30:00,2026-06-03 13:30:00,2026-06-03 14:30:00,CRML,1,11.720586267042162,11.219439267015456,-0.04275784407098404,6,0.9921397379912664,0.09090909090909091,-0.003887076733725822,-4.480661855872137
2026-06-02 19:30:00,2026-06-03 13:30:00,2026-06-03 14:30:00,S,1,17.000850000000003,16.809158965969086,-0.011275379409318775,5,0.9825327510917031,0.09090909090909091,-0.0010250344917562522,-1.1815647754818623
2026-06-03 13:30:00,2026-06-03 14:30:00,2026-06-03 15:30:00,GLW,1,206.39531375656136,201.61992338256837,-0.02313710658966539,28,0.9685589519650655,0.09090909090909091,-0.0021033733263332174,-2.4223476528995747
2026-06-03 13:30:00,2026-06-03 14:30:00,2026-06-03 15:30:00,WDC,1,593.6296555847168,598.5001027954102,0.008204521396250053,23,0.976419213973799,0.09090909090909091,0.0007458655814772775,0.8589753031715657
2026-06-03 13:30:00,2026-06-03 14:30:00,2026-06-03 15:30:00,ON,1,134.52172513961793,132.4083725364685,-0.015710121178984293,22,0.9685589519650655,0.09090909090909091,-0.0014281928344531175,-1.6447767579407975
2026-06-03 13:30:00,2026-06-03 14:30:00,2026-06-03 15:30:00,RKLB,1,120.13100625000001,114.93425544128417,-0.043259030045091684,21,0.982532751091703,0.09090909090909091,-0.003932639095008335,-4.5290196287225335
2026-06-03 13:30:00,2026-06-03 14:30:00,2026-06-03 15:30:00,SBSW,1,11.310565919637682,11.278236070680618,-0.002858375892662579,17,0.9982532751091703,0.09090909090909091,-0.0002598523538784163,-0.2992586868138753
2026-06-03 13:30:00,2026-06-03 14:30:00,2026-06-03 15:30:00,MU,1,1067.4884303466797,1062.5618594848634,-0.004615104690377181,17,0.9921397379912663,0.09090909090909091,-0.000419554971852471,-0.48318003685104083
2026-06-03 13:30:00,2026-06-03 14:30:00,2026-06-03 15:30:00,INTC,1,114.41721959838868,112.76435814323425,-0.014445915229858608,15,0.9676855895196506,0.09090909090909091,-0.001313265020896237,-1.512420263762129
2026-06-03 13:30:00,2026-06-03 14:30:00,2026-06-03 15:30:00,BE,1,297.28476095581055,291.6804225738525,-0.018851751310559384,12,0.9807860262008733,0.09090909090909091,-0.0017137955736872168,-1.973690848646448
2026-06-03 13:30:00,2026-06-03 14:30:00,2026-06-03 15:30:00,EXK,1,9.390469843339922,9.294535326290129,-0.010216157300993123,10,0.9790393013100436,0.09090909090909091,-0.0009287415728175567,-1.0695842439852563
2026-06-03 13:30:00,2026-06-03 14:30:00,2026-06-03 15:30:00,CRML,1,11.22056126704216,11.084445788145066,-0.012130897524431528,7,0.9851528384279477,0.09090909090909091,-0.0011028088658574116,-1.2700486567753217
2026-06-03 13:30:00,2026-06-03 14:30:00,2026-06-03 15:30:00,S,1,16.810839965915683,16.58917065258026,-0.013186093840930058,6,0.9816593886462881,0.09090909090909091,-0.0011987358037209143,-1.380522812682102
2026-06-03 14:30:00,2026-06-03 15:30:00,2026-06-03 16:30:00,GLW,1,201.64008638305665,198.55006955871576,-0.015324417281148972,29,0.9685589519650655,0.08333333333333333,-0.001277034773429081,-1.4506132495164785
2026-06-03 14:30:00,2026-06-03 15:30:00,2026-06-03 16:30:00,WDC,1,598.55995579834,587.880577645874,-0.01784178518628443,24,0.976419213973799,0.08333333333333333,-0.0014868154321903693,-1.6889079376668161
2026-06-03 14:30:00,2026-06-03 15:30:00,2026-06-03 16:30:00,ON,1,132.42161403579712,132.07339783096313,-0.0026296024812071384,23,0.9685589519650655,0.08333333333333333,-0.00021913354010059485,-0.24891884175542894
2026-06-03 14:30:00,2026-06-03 15:30:00,2026-06-03 16:30:00,RKLB,1,114.94574944152832,114.64426902580261,-0.0026228061254154333,22,0.982532751091703,0.08333333333333333,-0.00021856717711795276,-0.2482754969822477
2026-06-03 14:30:00,2026-06-03 15:30:00,2026-06-03 16:30:00,SBSW,1,11.279363950681688,11.184441169595718,-0.008415614701415164,18,0.9982532751091703,0.08333333333333333,-0.0007013012251179303,-0.7966242346921527
2026-06-03 14:30:00,2026-06-03 15:30:00,2026-06-03 16:30:00,MU,1,1062.6681209838869,1063.446825,0.0007327819483209375,18,0.9921397379912663,0.08333333333333333,6.106516236007811e-05,0.06936532618101303
2026-06-03 14:30:00,2026-06-03 15:30:00,2026-06-03 16:30:00,INTC,1,112.77563514289857,111.31443369483948,-0.012956712203017862,16,0.9676855895196506,0.08333333333333333,-0.001079726016918155,-1.2264856827535013
2026-06-03 14:30:00,2026-06-03 15:30:00,2026-06-03 16:30:00,BE,1,291.709592074585,288.55057419128417,-0.010829324674702878,13,0.9807860262008733,0.08333333333333333,-0.0009024437228919064,-1.025106636567776
2026-06-03 14:30:00,2026-06-03 15:30:00,2026-06-03 16:30:00,EXK,1,9.29546482629776,9.159541847419739,-0.014622504782491608,11,0.9790393013100436,0.08333333333333333,-0.001218542065207634,-1.3841700333162703
2026-06-03 14:30:00,2026-06-03 15:30:00,2026-06-03 16:30:00,CRML,1,11.08555428814888,10.924453940725327,-0.014532457578217861,8,0.993886462882096,0.08333333333333333,-0.001211038131518155,-1.3756461419861836
2026-06-03 14:30:00,2026-06-03 15:30:00,2026-06-03 16:30:00,S,1,16.59082965259552,16.424177987098695,-0.010044806015517938,7,0.9842794759825328,0.08333333333333333,-0.000837067167959828,-0.9508439001369097
2026-06-03 14:30:00,2026-06-03 15:30:00,2026-06-03 16:30:00,QS,1,8.830441423702242,8.814558830404282,-0.0017986182723921385,0,0.9650655021834061,0.08333333333333333,-0.0001498848560326782,-0.1702576645419338
2026-06-03 15:30:00,2026-06-03 16:30:00,2026-06-03 17:30:00,WDC,1,587.9393686431886,589.8204830871582,0.003199504139875353,25,0.976419213973799,0.07692307692307693,0.00024611570306733486,0.2769711748333087
2026-06-03 15:30:00,2026-06-03 16:30:00,2026-06-03 17:30:00,ON,1,132.08660583114624,132.49337500000001,0.0030795640958005688,24,0.9685589519650655,0.07692307692307693,0.000236889545830813,0.2665883362856311
2026-06-03 15:30:00,2026-06-03 16:30:00,2026-06-03 17:30:00,RKLB,1,114.65573402595521,114.8442559741974,0.0016442435247023823,23,0.982532751091703,0.07692307692307693,0.00012648027113095248,0.14233707500894846
2026-06-03 15:30:00,2026-06-03 16:30:00,2026-06-03 17:30:00,SBSW,1,11.185559669637682,11.159441847419739,-0.0023349589103562884,19,0.9956331877729258,0.07692307692307693,-0.00017961222387356067,-0.2021301690249035
2026-06-03 15:30:00,2026-06-03 16:30:00,2026-06-03 17:30:00,MU,1,1063.553175,1066.5466455871583,0.0028145941900443727,19,0.9860262008733625,0.07692307692307693,0.0002165072453880287,0.24365071130239738
2026-06-03 15:30:00,2026-06-03 16:30:00,2026-06-03 17:30:00,INTC,1,111.32556569480897,111.73941549644472,0.0037174731523061944,17,0.9676855895196506,0.07692307692307693,0.0002859594732543227,0.32181014975828187
2026-06-03 15:30:00,2026-06-03 16:30:00,2026-06-03 17:30:00,BE,1,288.57943069152833,284.7623724975586,-0.013227062597021666,14,0.9807860262008733,0.07692307692307693,-0.0010174663536170513,-1.145025887428147
2026-06-03 15:30:00,2026-06-03 16:30:00,2026-06-03 17:30:00,EXK,1,9.160457847404482,9.144543207740783,-0.0017373192398028037,12,0.9790393013100436,0.07692307692307693,-0.0001336399415232926,-0.15039435170958695
2026-06-03 15:30:00,2026-06-03 16:30:00,2026-06-03 17:30:00,CRML,1,10.925546440744402,11.064446330404282,0.012713312822677958,9,1.0,0.07692307692307693,0.0009779471402059968,1.1005521588909908
2026-06-03 15:30:00,2026-06-03 16:30:00,2026-06-03 17:30:00,S,1,16.425820487022403,16.394180707740784,-0.0019262221516798128,8,0.9842794759825328,0.07692307692307693,-0.000148170934744601,-0.16674709236709598
2026-06-03 15:30:00,2026-06-03 16:30:00,2026-06-03 17:30:00,QS,1,8.815440330362321,8.839558152580262,0.0027358613199244264,1,0.9650655021834061,0.07692307692307693,0.00021045087076341742,0.23683505031813953
2026-06-03 15:30:00,2026-06-03 16:30:00,2026-06-03 17:30:00,UAMY,1,9.12045588555336,9.144543207740783,0.002641021730676485,0,0.9790393013100437,0.07692307692307693,0.000203155517744345,0.22862508048958538
2026-06-03 15:30:00,2026-06-03 16:30:00,2026-06-03 17:30:00,FLNC,1,25.59627906332016,25.308733965969086,-0.011233863197058658,0,0.9737991266375545,0.07692307692307693,-0.0008641433228506661,-0.9724807818899158
2026-06-03 16:30:00,2026-06-03 17:30:00,2026-06-03 18:30:00,WDC,1,589.8794680847169,591.5604473541259,0.002849699574841935,26,0.976419213973799,0.07692307692307693,0.0002192076596032258,0.24669225943475293
2026-06-03 16:30:00,2026-06-03 17:30:00,2026-06-03 18:30:00,ON,1,132.506625,133.89830352935792,0.01050270904838091,25,0.9685589519650655,0.07692307692307693,0.0008079006960293008,0.9091965511749155
2026-06-03 16:30:00,2026-06-03 17:30:00,2026-06-03 18:30:00,RKLB,1,114.8557409740448,115.89420652580262,0.009041477099455353,24,0.982532751091703,0.07692307692307693,0.0006954982384196426,0.7827008973098277
2026-06-03 16:30:00,2026-06-03 17:30:00,2026-06-03 18:30:00,SBSW,1,11.160557847404482,11.139443343305588,-0.0018918860855869912,20,0.9956331877729258,0.07692307692307693,-0.00014552969889130703,-0.1637764405647962
2026-06-03 16:30:00,2026-06-03 17:30:00,2026-06-03 18:30:00,MU,1,1066.653305584717,1072.9813824279786,0.005932646352970972,20,0.9807860262008734,0.07692307692307693,0.00045635741176699784,0.5135762191082666
2026-06-03 16:30:00,2026-06-03 17:30:00,2026-06-03 18:30:00,INTC,1,111.75058999671938,112.88435488967896,0.010145493576301012,18,0.9676855895196506,0.07692307692307693,0.0007804225827923857,0.8782731890456533
2026-06-03 16:30:00,2026-06-03 17:30:00,2026-06-03 18:30:00,BE,1,284.79085015869146,285.7607051467896,0.0034054991147283165,15,0.9807860262008733,0.07692307692307693,0.0002619614703637167,0.2948066099781686
2026-06-03 16:30:00,2026-06-03 17:30:00,2026-06-03 18:30:00,EXK,1,9.14545770778656,9.149542118549345,0.00044660539617469297,13,0.9790393013100436,0.07692307692307693,3.435426124420715e-05,0.03866165234775635
2026-06-03 16:30:00,2026-06-03 17:30:00,2026-06-03 18:30:00,CRML,1,11.065552830362321,11.284435597419739,0.019780554158743247,10,0.994759825327511,0.07692307692307693,0.0015215810891340959,1.71235931021344
2026-06-03 16:30:00,2026-06-03 17:30:00,2026-06-03 18:30:00,S,1,16.39582020778656,16.439178534030916,0.0026444743657145775,9,0.9842794759825328,0.07692307692307693,0.0002034211050549675,0.2289263619417143
2026-06-03 16:30:00,2026-06-03 17:30:00,2026-06-03 18:30:00,QS,1,8.840442152595521,8.939552580404282,0.01121102611136493,2,0.977292576419214,0.07692307692307693,0.0008623866239511485,0.9705140101121118
2026-06-03 16:30:00,2026-06-03 17:30:00,2026-06-03 18:30:00,UAMY,1,9.14545770778656,9.279535732984543,0.014660613988059623,1,0.9842794759825327,0.07692307692307693,0.001127739537543048,1.2691372877843723
2026-06-03 16:30:00,2026-06-03 17:30:00,2026-06-03 18:30:00,FLNC,1,25.311264965915683,25.348732881450655,0.0014802861723990368,1,0.9737991266375545,0.07692307692307693,0.00011386816710761822,0.128145136316482
2026-06-03 17:30:00,2026-06-03 18:30:00,2026-06-03 19:30:00,WDC,1,591.6196063568116,594.09529375,0.004184593219338506,27,0.976419213973799,0.07692307692307693,0.000321891786102962,0.36476480414282686
2026-06-03 17:30:00,2026-06-03 18:30:00,2026-06-03 19:30:00,ON,1,133.91169402923586,133.5033190071106,-0.0030495844674782724,26,0.9685589519650655,0.07692307692307693,-0.00023458342057525172,-0.2658277693172199
2026-06-03 17:30:00,2026-06-03 18:30:00,2026-06-03 19:30:00,RKLB,1,115.90579652595521,114.67426630516053,-0.010625268603532745,25,0.982532751091703,0.07692307692307693,-0.0008173283541179035,-0.9261889550509804
2026-06-03 17:30:00,2026-06-03 18:30:00,2026-06-03 19:30:00,SBSW,1,11.140557343339921,11.171441331338883,0.0027722121117599308,21,0.9965065502183406,0.07692307692307693,0.0002132470855199947,0.24164963115538704
2026-06-03 17:30:00,2026-06-03 18:30:00,2026-06-03 19:30:00,MU,1,1073.0886859313966,1074.3463044128418,0.0011719613652936278,21,0.9877729257641921,0.07692307692307693,9.0150874253356e-05,0.10215813950534172
2026-06-03 17:30:00,2026-06-03 18:30:00,2026-06-03 19:30:00,INTC,1,112.89564388961793,111.77440977935791,-0.009931597638579315,19,0.9676855895196506,0.07692307692307693,-0.0007639690491214858,-0.8657226826062716
2026-06-03 17:30:00,2026-06-03 18:30:00,2026-06-03 19:30:00,BE,1,285.78928264617923,287.6656086761475,0.006565417753230607,16,0.9807860262008733,0.07692307692307693,0.0005050321348638928,0.5722977587894605
2026-06-03 17:30:00,2026-06-03 18:30:00,2026-06-03 19:30:00,EXK,1,9.150457118511198,9.20453967370987,0.005910366498441233,14,0.9790393013100436,0.07692307692307693,0.0004546435768031718,0.5151979093817493
2026-06-03 17:30:00,2026-06-03 18:30:00,2026-06-03 19:30:00,CRML,1,11.285564097404482,11.139443343305588,-0.012947580895180888,11,0.9973799126637555,0.07692307692307693,-0.0009959677611677607,-1.1286214840496827
2026-06-03 17:30:00,2026-06-03 18:30:00,2026-06-03 19:30:00,S,1,16.440822534084322,16.46417690258026,0.0014205109536047367,10,0.9842794759825328,0.07692307692307693,0.00010927007335421053,0.12382383964582362
2026-06-03 17:30:00,2026-06-03 18:30:00,2026-06-03 19:30:00,QS,1,8.940446580362321,8.78456059741974,-0.017436039860132424,3,0.977292576419214,0.07692307692307693,-0.001341233835394802,-1.5198738159818348
2026-06-03 17:30:00,2026-06-03 18:30:00,2026-06-03 19:30:00,UAMY,1,9.280463732957841,9.452126895475388,0.01849726128532958,2,0.9668122270742359,0.07692307692307693,0.00142286625271766,1.612378918634418
2026-06-03 17:30:00,2026-06-03 18:30:00,2026-06-03 19:30:00,FLNC,1,25.351267881488802,25.13874238967896,-0.008383229304480877,2,0.9685589519650655,0.07692307692307693,-0.0006448637926523752,-0.7307537041358498
2026-06-03 18:30:00,2026-06-03 19:30:00,2026-06-04 13:30:00,WDC,1,594.1547062500001,566.9816592651367,-0.045733959016105,28,0.976419213973799,0.07692307692307693,-0.0035179968473926923,-3.979860801398608
2026-06-03 18:30:00,2026-06-03 19:30:00,2026-06-04 13:30:00,ON,1,133.5166700065613,127.77360977935791,-0.04301380664243015,27,0.9685589519650655,0.07692307692307693,-0.003308754357110012,-3.7431476884575736
2026-06-03 18:30:00,2026-06-03 19:30:00,2026-06-04 13:30:00,RKLB,1,114.68573430519105,113.08434183807373,-0.01396331005612128,26,0.982532751091703,0.07692307692307693,-0.0010741007735477909,-1.2151152348425085
2026-06-03 18:30:00,2026-06-03 19:30:00,2026-06-04 13:30:00,SBSW,1,11.172558531332017,11.439427580404281,0.023886117787959238,22,0.9982532751091703,0.07692307692307693,0.0018373936759968645,2.0786178569935934
2026-06-03 18:30:00,2026-06-03 19:30:00,2026-06-04 13:30:00,MU,1,1074.4537444152834,1007.0496205871583,-0.0627333881783867,22,0.9842794759825326,0.07692307692307693,-0.004825645244491285,-5.459185207695749
2026-06-03 18:30:00,2026-06-03 19:30:00,2026-06-04 13:30:00,INTC,1,111.78558777923585,108.38457988967896,-0.03042438615855836,20,0.9676855895196506,0.07692307692307693,-0.0023403373968121817,-2.647591078577329
2026-06-03 18:30:00,2026-06-03 19:30:00,2026-06-04 13:30:00,BE,1,287.69437667541507,278.77106441192626,-0.031016637748037534,17,0.9668122270742359,0.07692307692307693,-0.002385895211387503,-2.699129999244664
2026-06-03 18:30:00,2026-06-03 19:30:00,2026-06-04 13:30:00,EXK,1,9.205460173702242,9.259537228870393,0.005874454307307264,15,0.9790393013100436,0.07692307692307693,0.0004518811005620973,0.5112067909761848
2026-06-03 18:30:00,2026-06-03 19:30:00,2026-06-04 13:30:00,CRML,1,11.140557343339921,10.739462771129608,-0.03600309749763975,12,0.9973799126637555,0.07692307692307693,-0.002769469038279981,-3.133061723550563
2026-06-03 18:30:00,2026-06-03 19:30:00,2026-06-04 13:30:00,S,1,16.46582340259552,16.379180160808563,-0.005262004800397735,11,0.9842794759825328,0.07692307692307693,-0.000404769600030595,-0.4579102070411094
2026-06-03 18:30:00,2026-06-03 19:30:00,2026-06-04 13:30:00,QS,1,8.785439097404481,8.494575135564805,-0.033107504202676385,4,0.9668122270742359,0.07692307692307693,-0.0025467310925135684,-2.8810813899136005
2026-06-03 18:30:00,2026-06-03 19:30:00,2026-06-04 13:30:00,UAMY,1,9.453072155427934,9.134543478870391,-0.033695783901812715,3,0.9668122270742359,0.07692307692307693,-0.0025919833770625166,-2.932274668720422
2026-06-03 18:30:00,2026-06-03 19:30:00,2026-06-04 13:30:00,FLNC,1,25.141256389617926,24.318783694839478,-0.03271406496288254,3,0.9834061135371179,0.07692307692307693,-0.0025164665356063494,-2.846843518496516
2026-06-03 19:30:00,2026-06-04 13:30:00,2026-06-04 14:30:00,WDC,1,567.0383602661134,583.4458018371582,0.028935329107795837,29,0.976419213973799,0.07692307692307693,0.0022257945467535263,2.452560021263744
2026-06-03 19:30:00,2026-06-04 13:30:00,2026-06-04 14:30:00,ON,1,127.78638777923585,129.93350544128418,0.01680239733951705,28,0.9685589519650655,0.07692307692307693,0.0012924921030397732,1.4241720846777994
2026-06-03 19:30:00,2026-06-04 13:30:00,2026-06-04 14:30:00,RKLB,1,113.09565083770754,117.77410977935791,0.04136727546105168,27,0.982532751091703,0.07692307692307693,0.0031820981123885906,3.506292449842762
2026-06-03 19:30:00,2026-06-04 13:30:00,2026-06-04 14:30:00,SBSW,1,11.440571580362322,11.259437228870391,-0.01583263128241308,23,0.9965065502183406,0.07692307692307693,-0.0012178947140317753,-1.341974662530941
2026-06-03 19:30:00,2026-06-04 13:30:00,2026-06-04 14:30:00,MU,1,1007.150330584717,1004.5196567596436,-0.0026119971817376575,23,0.9895196506550218,0.07692307692307693,-0.00020092286013366598,-0.22139301888421944
2026-06-03 19:30:00,2026-06-04 13:30:00,2026-06-04 14:30:00,INTC,1,108.39541888961793,110.21449022064209,0.01678181005856505,21,0.9676855895196506,0.07692307692307693,0.0012909084660434654,1.4224271056585078
2026-06-03 19:30:00,2026-06-04 13:30:00,2026-06-04 14:30:00,BE,1,278.7989429122925,283.97579073486327,0.01856839114414921,18,0.9668122270742359,0.07692307692307693,0.0014283377803191702,1.5738578126992364
2026-06-03 19:30:00,2026-06-04 13:30:00,2026-06-04 14:30:00,EXK,1,9.26046322889328,9.419529076290129,0.017176878031387455,16,0.9790393013100436,0.07692307692307693,0.0013212983101067275,1.4559130878713349
2026-06-03 19:30:00,2026-06-04 13:30:00,2026-06-04 14:30:00,CRML,1,10.74053677110672,10.859456656694412,0.01107206167829533,13,0.9903930131004366,0.07692307692307693,0.000851697052176564,0.9384685318072754
2026-06-03 19:30:00,2026-06-04 13:30:00,2026-06-04 14:30:00,S,1,16.38081816072464,16.434177715969085,0.003257441400111638,12,0.9842794759825328,0.07692307692307693,0.0002505724153932029,0.2761009048751673
2026-06-03 19:30:00,2026-06-04 13:30:00,2026-06-04 14:30:00,QS,1,8.495424635553361,8.869556385564804,0.04403920534421579,5,0.97117903930131,0.07692307692307693,0.003387631180324292,3.7327653676608166
2026-06-03 19:30:00,2026-06-04 13:30:00,2026-06-04 14:30:00,UAMY,1,9.13545697889328,8.70456467370987,-0.047167022534171266,4,0.9668122270742359,0.07692307692307693,-0.003628232502628559,-3.9978793176465977
2026-06-03 19:30:00,2026-06-04 13:30:00,2026-06-04 14:30:00,FLNC,1,24.321215694808963,26.523673368549353,0.09055705526309188,4,0.9720524017467249,0.07692307692307693,0.006965927327930145,7.675620780196786
2026-06-04 13:30:00,2026-06-04 14:30:00,2026-06-04 15:30:00,ON,1,129.94649944152835,131.04345055160522,0.008441559524813957,29,0.9685589519650655,0.08333333333333333,0.0007034632937344965,0.7884259138470775
2026-06-04 13:30:00,2026-06-04 14:30:00,2026-06-04 15:30:00,RKLB,1,117.78588777923585,117.45412608451844,-0.0028166506274438508,28,0.982532751091703,0.08333333333333333,-0.0002347208856203209,-0.2630699147950751
2026-06-04 13:30:00,2026-06-04 14:30:00,2026-06-04 15:30:00,SBSW,1,11.26056322889328,11.149442118549345,-0.009868166279534907,24,0.9903930131004367,0.08333333333333333,-0.0008223471899612422,-0.9216683237341377
2026-06-04 13:30:00,2026-06-04 14:30:00,2026-06-04 15:30:00,MU,1,1004.620113748169,1003.4348111022948,-0.001179851597288839,24,1.0,0.08333333333333333,-9.832096644073658e-05,-0.1101959384473911
2026-06-04 13:30:00,2026-06-04 14:30:00,2026-06-04 15:30:00,INTC,1,110.22551222076417,109.87450325355529,-0.0031844621098776615,22,0.9755458515283844,0.08333333333333333,-0.0002653718424898051,-0.2974228211874181
2026-06-04 13:30:00,2026-06-04 14:30:00,2026-06-04 15:30:00,BE,1,284.00418973388673,283.9858,-6.475162885444252e-05,19,0.9668122270742359,0.08333333333333333,-5.3959690712035435e-06,-0.006047681355866026
2026-06-04 13:30:00,2026-06-04 14:30:00,2026-06-04 15:30:00,EXK,1,9.420471076297758,9.289535461854936,-0.013899051690977715,17,0.9790393013100436,0.08333333333333333,-0.0011582543075814762,-1.2981455024814723
2026-06-04 13:30:00,2026-06-04 14:30:00,2026-06-04 15:30:00,CRML,1,10.860542656660082,10.894455707740784,0.003122592687383463,14,0.9930131004366812,0.08333333333333333,0.00026021605728195524,0.29164433252951166
2026-06-04 13:30:00,2026-06-04 14:30:00,2026-06-04 15:30:00,S,1,16.43582121591568,16.684165215969085,0.015109923428280991,13,0.9842794759825328,0.08333333333333333,0.0012591602856900825,1.4112386641453383
2026-06-04 13:30:00,2026-06-04 14:30:00,2026-06-04 15:30:00,QS,1,8.870443385553362,9.069446064043046,0.022434355289813857,6,0.97117903930131,0.08333333333333333,0.001869529607484488,2.095326937984404
2026-06-04 13:30:00,2026-06-04 14:30:00,2026-06-04 15:30:00,UAMY,1,8.705435173702242,8.664566711854935,-0.00469459148587581,5,0.9668122270742359,0.08333333333333333,-0.00039121595715631746,-0.4384660881096989
2026-06-04 13:30:00,2026-06-04 14:30:00,2026-06-04 15:30:00,WDC,1,583.5041493347169,582.7008439697265,-0.001376691778295469,0,0.9755458515283842,0.08333333333333333,-0.00011472431485795576,-0.12858044419372675
2026-06-04 14:30:00,2026-06-04 15:30:00,2026-06-04 16:30:00,RKLB,1,117.46587208442689,118.65906766548157,0.010157806347337095,29,0.982532751091703,0.09090909090909091,0.0009234369406670086,1.035849264315774
2026-06-04 14:30:00,2026-06-04 15:30:00,2026-06-04 16:30:00,SBSW,1,11.1505571185112,11.159441847419739,0.0007967968608302289,25,0.9921397379912664,0.09090909090909091,7.243607825729354e-05,0.08125390599875754
2026-06-04 14:30:00,2026-06-04 15:30:00,2026-06-04 16:30:00,MU,1,1003.5351596008301,1017.6690847045899,0.014084135437149703,25,1.0,0.09090909090909091,0.0012803759488317912,1.4362393643111548
2026-06-04 14:30:00,2026-06-04 15:30:00,2026-06-04 16:30:00,INTC,1,109.88549125328063,111.20443858451843,0.012002925192350355,23,0.9755458515283844,0.09090909090909091,0.001091175017486396,1.2240065231596782
2026-06-04 14:30:00,2026-06-04 15:30:00,2026-06-04 16:30:00,BE,1,284.0142,290.3304839706421,0.02223932455011779,20,0.9668122270742359,0.09090909090909091,0.0020217567772834355,2.26787036358085
2026-06-04 14:30:00,2026-06-04 15:30:00,2026-06-04 16:30:00,EXK,1,9.290464461851121,9.279535732984543,-0.0011763382672043132,18,0.9790393013100436,0.09090909090909091,-0.00010693984247311938,-0.11995790104716032
2026-06-04 14:30:00,2026-06-04 15:30:00,2026-06-04 16:30:00,CRML,1,10.895545207786562,10.829458423709871,-0.00606548665682749,15,0.9930131004366812,0.09090909090909091,-0.0005514078778934082,-0.6185321590462287
2026-06-04 14:30:00,2026-06-04 15:30:00,2026-06-04 16:30:00,S,1,16.68583371591568,16.57917092370987,-0.0063924161070879615,14,0.9842794759825328,0.09090909090909091,-0.0005811287370079965,-0.6518710138103037
2026-06-04 14:30:00,2026-06-04 15:30:00,2026-06-04 16:30:00,QS,1,9.070353053998948,9.024548368549345,-0.005049934129014888,7,0.97117903930131,0.09090909090909091,-0.00045908492081953527,-0.5149704939742732
2026-06-04 14:30:00,2026-06-04 15:30:00,2026-06-04 16:30:00,UAMY,1,8.665433211851122,8.57957092370987,-0.009908597301727995,6,0.9816593886462881,0.09090909090909091,-0.0009007815728843632,-1.0104360010847129
2026-06-04 14:30:00,2026-06-04 15:30:00,2026-06-04 16:30:00,WDC,1,582.7591169677735,592.6703772064209,0.017007473499887737,1,0.9755458515283842,0.09090909090909091,0.001546133954535249,1.7343487668818516
2026-06-04 15:30:00,2026-06-04 16:30:00,2026-06-04 17:30:00,SBSW,1,11.160557847404482,11.149442118549345,-0.0009959832659907075,26,0.9877729257641922,0.1,-9.959832659907076e-05,-0.11220152407202998
2026-06-04 15:30:00,2026-06-04 16:30:00,2026-06-04 17:30:00,MU,1,1017.7708567016603,1021.2739459564209,0.0034419233285116757,26,1.0,0.1,0.0003441923328511676,0.3877465178232095
2026-06-04 15:30:00,2026-06-04 16:30:00,2026-06-04 17:30:00,INTC,1,111.2155595844269,111.41943180160521,0.0018331267489919423,24,0.9781659388646289,0.1,0.00018331267489919424,0.20650910720825347
2026-06-04 15:30:00,2026-06-04 16:30:00,2026-06-04 17:30:00,BE,1,290.3595184707642,293.8452923522949,0.012005027077773178,21,0.9668122270742359,0.1,0.0012005027077773179,1.3524146244689077
2026-06-04 15:30:00,2026-06-04 16:30:00,2026-06-04 17:30:00,EXK,1,9.280463732957841,9.274535868549345,-0.0006387465733468378,19,0.9790393013100436,0.1,-6.387465733468379e-05,-0.07195737265124949
2026-06-04 15:30:00,2026-06-04 16:30:00,2026-06-04 17:30:00,CRML,1,10.830541423702243,10.908054423522948,0.0071568905734546995,16,0.9868995633187772,0.1,0.00071568905734547,0.8062525319234168
2026-06-04 15:30:00,2026-06-04 16:30:00,2026-06-04 17:30:00,S,1,16.580828923702242,16.61416902112961,0.002010761800919747,15,0.9842794759825328,0.1,0.0002010761800919747,0.22652041084706365
2026-06-04 15:30:00,2026-06-04 16:30:00,2026-06-04 17:30:00,QS,1,9.025450868511198,9.144543207740783,0.013195167860819534,8,0.97117903930131,0.1,0.0013195167860819536,1.486488774384722
2026-06-04 15:30:00,2026-06-04 16:30:00,2026-06-04 17:30:00,UAMY,1,8.580428923702241,8.608869194746017,0.003314551206783367,7,0.9799126637554585,0.1,0.0003314551206783367,0.3733975355960948
2026-06-04 15:30:00,2026-06-04 16:30:00,2026-06-04 17:30:00,WDC,1,592.7296472076416,588.4505564697266,-0.007219295943899362,2,0.9755458515283842,0.1,-0.0007219295943899362,-0.8132827481060209
2026-06-04 16:30:00,2026-06-04 17:30:00,2026-06-04 18:30:00,SBSW,1,11.1505571185112,11.144443207740784,-0.0005483054080110961,27,0.982532751091703,0.1,-5.483054080110961e-05,-0.06197637566928119
2026-06-04 16:30:00,2026-06-04 17:30:00,2026-06-04 18:30:00,MU,1,1021.3760784576417,1031.6383569091797,0.010047502255031038,27,0.993886462882096,0.1,0.0010047502255031038,1.135695116622216
2026-06-04 16:30:00,2026-06-04 17:30:00,2026-06-04 18:30:00,INTC,1,111.4305743019104,112.40938016548156,0.008783997297897583,25,0.9781659388646289,0.1,0.0008783997297897583,0.9928778896914225
2026-06-04 16:30:00,2026-06-04 17:30:00,2026-06-04 18:30:00,BE,1,293.8746783508301,292.36038125,-0.005152866893221475,22,0.9668122270742359,0.1,-0.0005152866893221475,-0.5824418466097514
2026-06-04 16:30:00,2026-06-04 17:30:00,2026-06-04 18:30:00,EXK,1,9.275463368511199,9.199539809274674,-0.008185419554808893,20,0.9781659388646288,0.1,-0.0008185419554808893,-0.925219102214746
2026-06-04 16:30:00,2026-06-04 17:30:00,2026-06-04 18:30:00,CRML,1,10.9091452835083,10.949452309274674,0.0036947922792180954,17,0.994759825327511,0.1,0.00036947922792180955,0.41763190909863557
2026-06-04 16:30:00,2026-06-04 17:30:00,2026-06-04 18:30:00,S,1,16.615830521106723,16.649167118549347,0.00200631544720431,16,0.9842794759825328,0.1,0.000200631544720431,0.22677901412290985
2026-06-04 16:30:00,2026-06-04 17:30:00,2026-06-04 18:30:00,QS,1,9.14545770778656,9.224539131450655,0.008647071168101705,9,0.97117903930131,0.1,0.0008647071168101706,0.9774007757779332
2026-06-04 16:30:00,2026-06-04 17:30:00,2026-06-04 18:30:00,UAMY,1,8.60973012471199,8.639568343305587,0.0034656392432037553,8,0.9912663755458515,0.1,0.00034656392432037554,0.39173014989969357
2026-06-04 16:30:00,2026-06-04 17:30:00,2026-06-04 18:30:00,WDC,1,588.5094044677735,587.8706294128418,-0.001085411804947034,3,0.9755458515283842,0.1,-0.00010854118049470342,-0.12268689820748331
2026-06-04 17:30:00,2026-06-04 18:30:00,2026-06-04 19:30:00,SBSW,1,11.145557707786562,11.144443207740784,-9.999500025015262e-05,28,0.982532751091703,0.1,-9.999500025015263e-06,-0.011327189687991412
2026-06-04 17:30:00,2026-06-04 18:30:00,2026-06-04 19:30:00,MU,1,1031.7415259033205,1024.558754852295,-0.006961793114546699,28,0.993886462882096,0.1,-0.00069617931145467,-0.7886149405445162
2026-06-04 17:30:00,2026-06-04 18:30:00,2026-06-04 19:30:00,INTC,1,112.42062166557314,112.44937908096313,0.0002558019602092454,26,0.9851528384279475,0.1,2.558019602092454e-05,0.028976622017116618
2026-06-04 17:30:00,2026-06-04 18:30:00,2026-06-04 19:30:00,BE,1,292.38961875,292.655379927063,0.0009089282246037556,23,0.9668122270742359,0.1,9.089282246037556e-05,0.10296117192959643
2026-06-04 17:30:00,2026-06-04 18:30:00,2026-06-04 19:30:00,EXK,1,9.200459809255602,9.20453967370987,0.0004434413647635971,21,0.9781659388646288,0.1,4.434413647635971e-05,0.05023195601393469
2026-06-04 17:30:00,2026-06-04 18:30:00,2026-06-04 19:30:00,CRML,1,10.950547309255601,10.894455707740784,-0.0051222646622792745,18,0.994759825327511,0.1,-0.0005122264662279274,-0.5802376450480987
2026-06-04 17:30:00,2026-06-04 18:30:00,2026-06-04 19:30:00,S,1,16.6508321185112,16.674165487098694,0.0014013334842017944,17,0.9842794759825328,0.1,0.00014013334842017945,0.15873963850171013
2026-06-04 17:30:00,2026-06-04 18:30:00,2026-06-04 19:30:00,QS,1,9.225461631488804,9.19453994483948,-0.003351776624790248,10,0.97117903930131,0.1,-0.00033517766247902485,-0.379681079311931
2026-06-04 17:30:00,2026-06-04 18:30:00,2026-06-04 19:30:00,UAMY,1,8.64043234333992,8.534573097419738,-0.01225161446947498,9,0.9912663755458515,0.1,-0.0012251614469474981,-1.387832998977082
2026-06-04 17:30:00,2026-06-04 18:30:00,2026-06-04 19:30:00,WDC,1,587.9294194152833,582.5208602935791,-0.009199334040952079,4,0.9755458515283842,0.1,-0.0009199334040952079,-1.0420781181497292
2026-06-04 18:30:00,2026-06-04 19:30:00,2026-06-05 13:30:00,SBSW,1,11.145557707786562,10.669466576290128,-0.042715774659156325,29,0.982532751091703,0.1,-0.004271577465915633,-4.822298032490685
2026-06-04 18:30:00,2026-06-04 19:30:00,2026-06-05 13:30:00,MU,1,1024.66121585083,944.4927510284424,-0.07823899605277795,29,0.9982532751091703,0.1,-0.007823899605277795,-8.832609492392368
2026-06-04 18:30:00,2026-06-04 19:30:00,2026-06-05 13:30:00,INTC,1,112.46062458114623,106.40468316192627,-0.05384943789681951,27,0.9851528384279475,0.1,-0.0053849437896819514,-6.079207049213582
2026-06-04 18:30:00,2026-06-04 19:30:00,2026-06-05 13:30:00,BE,1,292.6846469284058,279.986,-0.043386788687662436,24,0.9668122270742359,0.1,-0.004338678868766244,-4.898050600605355
2026-06-04 18:30:00,2026-06-04 19:30:00,2026-06-05 13:30:00,EXK,1,9.205460173702242,8.944552444839477,-0.02834271442595726,22,0.9816593886462881,0.1,-0.0028342714425957263,-3.1996848260936708
2026-06-04 18:30:00,2026-06-04 19:30:00,2026-06-05 13:30:00,CRML,1,10.895545207786562,10.58947065258026,-0.02809171540929989,19,0.994759825327511,0.1,-0.0028091715409299892,-3.1713488758775723
2026-06-04 18:30:00,2026-06-04 19:30:00,2026-06-05 13:30:00,S,1,16.675832987022403,16.499175,-0.010593652932353148,18,0.9842794759825328,0.1,-0.0010593652932353148,-1.1959458092521162
2026-06-04 18:30:00,2026-06-04 19:30:00,2026-06-05 13:30:00,QS,1,9.195459444808963,8.839558152580262,-0.038704024998948316,11,0.97117903930131,0.1,-0.003870402499894832,-4.369400885063689
2026-06-04 18:30:00,2026-06-04 19:30:00,2026-06-05 13:30:00,UAMY,1,8.53542659740448,8.449577309274673,-0.010057996182160744,10,0.9921397379912664,0.1,-0.0010057996182160744,-1.1354740862609125
2026-06-04 18:30:00,2026-06-04 19:30:00,2026-06-05 13:30:00,WDC,1,582.5791152923584,546.7326717651367,-0.06153060174364944,5,0.9755458515283842,0.1,-0.0061530601743649445,-6.946354176975356
2026-06-04 19:30:00,2026-06-05 13:30:00,2026-06-05 14:30:00,INTC,1,106.41532416229249,104.17978830871583,-0.021007649708112308,28,0.9851528384279475,0.1,-0.002100764970811231,-2.2778098132623583
2026-06-04 19:30:00,2026-06-05 13:30:00,2026-06-05 14:30:00,BE,1,280.014,271.9964092651367,-0.028632820983462537,25,0.9668122270742359,0.1,-0.002863282098346254,-3.104589115094105
2026-06-04 19:30:00,2026-06-05 13:30:00,2026-06-05 14:30:00,EXK,1,8.94544694480896,8.234587906694411,-0.07946601690227006,23,0.988646288209607,0.1,-0.007946601690227007,-8.6163124212303
2026-06-04 19:30:00,2026-06-05 13:30:00,2026-06-05 14:30:00,CRML,1,10.59052965259552,10.054497555160522,-0.050614286066762326,20,0.994759825327511,0.1,-0.005061428606676233,-5.487987428199511
2026-06-04 19:30:00,2026-06-05 13:30:00,2026-06-05 14:30:00,S,1,16.500825000000003,16.08419483451843,-0.02524905060695881,19,0.9842794759825328,0.1,-0.0025249050606958815,-2.7376948895848954
2026-06-04 19:30:00,2026-06-05 13:30:00,2026-06-05 14:30:00,QS,1,8.840442152595521,8.074596059274674,-0.08662984046516253,12,0.97117903930131,0.1,-0.008662984046516253,-9.393068880842023
2026-06-04 19:30:00,2026-06-05 13:30:00,2026-06-05 14:30:00,UAMY,1,8.4504223092556,8.044597826290131,-0.04802416590718517,11,0.9851528384279477,0.1,-0.004802416590718517,-5.207146820183505
2026-06-04 19:30:00,2026-06-05 13:30:00,2026-06-05 14:30:00,WDC,1,546.7873477661134,542.8542646209717,-0.007193076359960138,6,0.9755458515283842,0.1,-0.0007193076359960139,-0.779928271268521
2026-06-04 19:30:00,2026-06-05 13:30:00,2026-06-05 14:30:00,MU,1,944.5872050262452,931.8484247802735,-0.013486081727750898,0,0.9982532751091703,0.1,-0.0013486081727750899,-1.4622639718743422
2026-06-04 19:30:00,2026-06-05 13:30:00,2026-06-05 14:30:00,SBSW,1,10.670533576297759,10.262987038612367,-0.03819364184286589,0,0.9807860262008733,0.1,-0.003819364184286589,-4.141246327061169
2026-06-05 13:30:00,2026-06-05 14:30:00,2026-06-05 15:30:00,INTC,1,104.1902068084717,103.91480216903688,-0.0026432871943625758,29,0.9851528384279475,0.1111111111111111,-0.00029369857715139726,-0.3056965943305052
2026-06-05 13:30:00,2026-06-05 14:30:00,2026-06-05 15:30:00,BE,1,272.02361026611334,269.69650595550536,-0.00855478797715914,26,0.9851528384279477,0.1111111111111111,-0.0009505319974621266,-0.9893626221980563
2026-06-05 13:30:00,2026-06-05 14:30:00,2026-06-05 15:30:00,EXK,1,8.23541140666008,8.224589131450653,-0.0013141147023542077,24,0.9912663755458515,0.1111111111111111,-0.00014601274470602306,-0.151977579252867
2026-06-05 13:30:00,2026-06-05 14:30:00,2026-06-05 15:30:00,CRML,1,10.05550305519104,9.899504618549345,-0.01551373768030051,21,0.9868995633187773,0.1111111111111111,-0.001723748631144501,-1.7941662882183878
2026-06-05 13:30:00,2026-06-05 14:30:00,2026-06-05 15:30:00,QS,1,8.075403559255601,7.964601902580261,-0.013720881670160612,13,0.97117903930131,0.1111111111111111,-0.0015245424077956235,-1.586822198785491
2026-06-05 13:30:00,2026-06-05 14:30:00,2026-06-05 15:30:00,UAMY,1,8.045402326297761,7.979701149868966,-0.008166300921215619,12,0.9912663755458515,0.1111111111111111,-0.0009073667690239576,-0.9444340309361229
2026-06-05 13:30:00,2026-06-05 14:30:00,2026-06-05 15:30:00,WDC,1,542.9085527618408,541.0029777954102,-0.0035099372753234492,7,0.9755458515283842,0.1111111111111111,-0.00038999303059149434,-0.405924817276171
2026-06-05 13:30:00,2026-06-05 14:30:00,2026-06-05 15:30:00,MU,1,931.9416142822266,926.4236472045899,-0.005920936454679726,1,0.9982532751091703,0.1111111111111111,-0.0006578818282977473,-0.6847572648568779
2026-06-05 13:30:00,2026-06-05 14:30:00,2026-06-05 15:30:00,SBSW,1,10.264013388633732,10.2494875,-0.0014152250278450795,1,0.9816593886462881,0.1111111111111111,-0.00015724722531611994,-0.1636710048557032
2026-06-05 14:30:00,2026-06-05 15:30:00,2026-06-05 16:30:00,BE,1,269.7234769546509,265.5067130142212,-0.015633655579557426,27,0.9807860262008734,0.125,-0.0019542069474446783,-2.0202056168175075
2026-06-05 14:30:00,2026-06-05 15:30:00,2026-06-05 16:30:00,EXK,1,8.2254116314888,8.129593614435196,-0.011649023945110581,25,0.9982532751091703,0.125,-0.0014561279931388227,-1.505305236167947
2026-06-05 14:30:00,2026-06-05 15:30:00,2026-06-05 16:30:00,CRML,1,9.9004946185112,9.79961032152176,-0.010189823930696784,22,0.9868995633187773,0.125,-0.001273727991337098,-1.3167451102154735
2026-06-05 14:30:00,2026-06-05 15:30:00,2026-06-05 16:30:00,QS,1,7.965398402595521,7.814609307217598,-0.0189305151803566,14,0.97117903930131,0.125,-0.002366314397544575,-2.44623101116624
2026-06-05 14:30:00,2026-06-05 15:30:00,2026-06-05 16:30:00,UAMY,1,7.980499159884453,7.909604347419739,-0.008883506036950761,13,0.9860262008733625,0.125,-0.0011104382546188452,-1.1479406528788458
2026-06-05 14:30:00,2026-06-05 15:30:00,2026-06-05 16:30:00,MU,1,926.5162942016602,912.3993850738525,-0.015236547070088702,2,0.9982532751091703,0.125,-0.0019045683837610877,-1.9688906292746224
2026-06-05 14:30:00,2026-06-05 15:30:00,2026-06-05 16:30:00,SBSW,1,10.250512500000001,10.189490080404282,-0.0059531091343695275,2,0.9921397379912664,0.125,-0.0007441386417961909,-0.7692701460371681
2026-06-05 14:30:00,2026-06-05 15:30:00,2026-06-05 16:30:00,LUMN,1,9.210360397338869,8.974551631450653,-0.025602555786671255,0,0.9868995633187773,0.125,-0.003200319473333907,-3.308402615236651
2026-06-05 15:30:00,2026-06-05 16:30:00,2026-06-05 17:30:00,BE,1,265.53326501312256,263.3318339706421,-0.008290603598655188,28,0.9807860262008734,0.125,-0.0010363254498318986,-1.0561550743180883
2026-06-05 15:30:00,2026-06-05 16:30:00,2026-06-05 17:30:00,EXK,1,8.13040661444664,8.164591711854936,0.004204598740185084,26,1.0,0.125,0.0005255748425231355,0.5356314823251519
2026-06-05 15:30:00,2026-06-05 16:30:00,2026-06-05 17:30:00,CRML,1,9.800590331554414,9.794510326290128,-0.0006203713305625858,23,0.9807860262008733,0.125,-7.754641632032322e-05,-0.07903023235140802
2026-06-05 15:30:00,2026-06-05 16:30:00,2026-06-05 17:30:00,QS,1,7.815390807223321,7.744612635564804,-0.00905625494672646,15,0.97117903930131,0.125,-0.0011320318683408076,-1.1536927923866653
2026-06-05 15:30:00,2026-06-05 16:30:00,2026-06-05 17:30:00,UAMY,1,7.910395347404481,7.854607269072533,-0.007052501914490583,14,0.9834061135371179,0.125,-0.0008815627393113229,-0.8984310484746229
2026-06-05 15:30:00,2026-06-05 16:30:00,2026-06-05 17:30:00,MU,1,912.4906295745851,905.2497181610107,-0.007935326872288262,3,0.9982532751091703,0.125,-0.0009919158590360327,-1.0108957258430975
2026-06-05 15:30:00,2026-06-05 16:30:00,2026-06-05 17:30:00,SBSW,1,10.190509080362322,10.244487635564804,0.00529694392859148,3,0.9921397379912664,0.125,0.000662117991073935,0.6747873230204545
2026-06-05 15:30:00,2026-06-05 16:30:00,2026-06-05 17:30:00,LUMN,1,8.975449131488801,8.979550542259217,0.00045695883407392834,1,0.982532751091703,0.125,5.711985425924104e-05,0.05821281715120743
2026-06-05 16:30:00,2026-06-05 17:30:00,2026-06-05 18:30:00,BE,1,263.3581684707642,256.09428082733154,-0.027581782200308158,29,0.9807860262008734,0.125,-0.0034477227750385198,-3.503593053590826
2026-06-05 16:30:00,2026-06-05 17:30:00,2026-06-05 18:30:00,EXK,1,8.16540821185112,8.044597826290131,-0.01479538835371974,27,0.994759825327511,0.125,-0.0018494235442149676,-1.8793934157268466
2026-06-05 16:30:00,2026-06-05 17:30:00,2026-06-05 18:30:00,CRML,1,9.795489826297759,9.634518478870392,-0.01643321061854508,24,0.9851528384279475,0.125,-0.002054151327318135,-2.0874388084569198
2026-06-05 16:30:00,2026-06-05 17:30:00,2026-06-05 18:30:00,QS,1,7.745387135553361,7.574621059274674,-0.022047455251762105,16,0.97117903930131,0.125,-0.002755931906470263,-2.800591727845826
2026-06-05 16:30:00,2026-06-05 17:30:00,2026-06-05 18:30:00,UAMY,1,7.855392769074441,7.684615692782402,-0.021740106613683752,15,0.9895196506550218,0.125,-0.002717513326710469,-2.7615505757700953
2026-06-05 16:30:00,2026-06-05 17:30:00,2026-06-05 18:30:00,MU,1,905.3402476593019,887.7455885284423,-0.019434305694847165,4,0.9807860262008734,0.125,-0.0024292882118558956,-2.468654778699051
2026-06-05 16:30:00,2026-06-05 17:30:00,2026-06-05 18:30:00,SBSW,1,10.24551213555336,10.119493885564804,-0.012299848784645406,4,0.9903930131004367,0.125,-0.0015374810980806758,-1.5623959484974739
2026-06-05 16:30:00,2026-06-05 17:30:00,2026-06-05 18:30:00,LUMN,1,8.980448542213441,8.929553805160522,-0.005667282298170706,2,0.982532751091703,0.125,-0.0007084102872713383,-0.7198900617954737
2026-06-05 17:30:00,2026-06-05 18:30:00,2026-06-05 19:30:00,EXK,1,8.045402326297761,7.989600271129608,-0.006935893682501693,28,0.994759825327511,0.14285714285714285,-0.0009908419546430988,-0.9892778824890992
2026-06-05 17:30:00,2026-06-05 18:30:00,2026-06-05 19:30:00,CRML,1,9.635481978893282,9.634518478870392,-9.999500025015262e-05,25,0.9877729257641921,0.14285714285714285,-1.4285000035736088e-05,-0.01426245075764882
2026-06-05 17:30:00,2026-06-05 18:30:00,2026-06-05 19:30:00,QS,1,7.575378559255601,7.62461875,0.006500030375939048,17,0.97117903930131,0.14285714285714285,0.0009285757679912925,0.9271099847805713
2026-06-05 17:30:00,2026-06-05 18:30:00,2026-06-05 19:30:00,UAMY,1,7.685384192776681,7.674616440725327,-0.0014010688055744458,16,0.9868995633187773,0.14285714285714285,-0.00020015268651063511,-0.19983673981292763
2026-06-05 17:30:00,2026-06-05 18:30:00,2026-06-05 19:30:00,MU,1,887.8343675262452,883.9957760284424,-0.0043235446139555656,5,0.9807860262008734,0.14285714285714285,-0.0006176492305650808,-0.6166742537204495
2026-06-05 17:30:00,2026-06-05 18:30:00,2026-06-05 19:30:00,SBSW,1,10.120505885553362,10.134493478870391,0.0013821041630928121,5,0.9903930131004367,0.14285714285714285,0.00019744345187040172,0.19713178177648516
2026-06-05 17:30:00,2026-06-05 18:30:00,2026-06-05 19:30:00,LUMN,1,8.93044680519104,8.87455625,-0.006258427647601428,3,0.9807860262008734,0.14285714285714285,-0.0008940610925144896,-0.8926497916988311
2026-06-05 18:30:00,2026-06-05 19:30:00,2026-06-08 13:30:00,EXK,1,7.990399271106721,8.149592118549347,0.019923015363983998,29,0.9921397379912664,0.1111111111111111,0.0022136683737759995,2.206547204472945
2026-06-05 18:30:00,2026-06-05 19:30:00,2026-06-08 13:30:00,CRML,1,9.635481978893282,9.9995,0.03777891151725532,26,0.9851528384279475,0.1111111111111111,0.004197656835250591,4.184153355978782
2026-06-05 18:30:00,2026-06-05 19:30:00,2026-06-08 13:30:00,QS,1,7.625381250000001,7.819609171652794,0.025471240753082824,18,0.97117903930131,0.1111111111111111,0.002830137861453647,2.8210335660220696
2026-06-05 18:30:00,2026-06-05 19:30:00,2026-06-08 13:30:00,UAMY,1,7.675383940744401,8.019599457740783,0.04484668384719259,17,0.9868995633187773,0.1111111111111111,0.004982964871910287,4.966935128293578
2026-06-05 18:30:00,2026-06-05 19:30:00,2026-06-08 13:30:00,MU,1,884.0841800262452,938.2181013977051,0.06123163675415255,6,0.9807860262008734,0.1111111111111111,0.006803515194905838,6.781628906908605
2026-06-05 18:30:00,2026-06-05 19:30:00,2026-06-08 13:30:00,SBSW,1,10.13550697889328,9.90950434741974,-0.02229810821936995,6,0.9982532751091703,0.1111111111111111,-0.002477567579929994,-2.4695974709446338
2026-06-05 18:30:00,2026-06-05 19:30:00,2026-06-08 13:30:00,LUMN,1,8.87544375,9.069546194839479,0.021869604529855646,4,0.9868995633187773,0.1111111111111111,0.0024299560588728493,2.4221391118092295
2026-06-05 18:30:00,2026-06-05 19:30:00,2026-06-08 13:30:00,AEO,1,16.245813089275362,16.489175271129607,0.014979993953943671,0,0.9624454148471615,0.1111111111111111,0.0016644437726604077,1.6590894088175925
2026-06-05 18:30:00,2026-06-05 19:30:00,2026-06-08 13:30:00,EOSE,1,6.930346328330041,7.339633152580261,0.05905719640259943,0,0.9624454148471615,0.1111111111111111,0.006561910711399936,6.5408016429952145
2026-06-05 19:30:00,2026-06-08 13:30:00,2026-06-08 14:30:00,CRML,1,10.0005,9.989500271129609,-0.0010999178911446084,27,0.9703056768558953,0.16666666666666666,-0.00018331964852410138,-0.1880485885261735
2026-06-05 19:30:00,2026-06-08 13:30:00,2026-06-08 14:30:00,MU,1,938.3119278991701,937.6031419128417,-0.0007553841800937988,7,0.9807860262008734,0.16666666666666666,-0.00012589736334896645,-0.12914502982928955
2026-06-05 19:30:00,2026-06-08 13:30:00,2026-06-08 14:30:00,SBSW,1,9.910495347404481,9.854506792259217,-0.005649420456054988,7,0.9921397379912664,0.16666666666666666,-0.0009415700760091645,-0.9658589530228494
2026-06-05 19:30:00,2026-06-08 13:30:00,2026-06-08 14:30:00,LUMN,1,9.070453194808962,9.129543614435196,0.006514604987990058,5,0.9868995633187773,0.16666666666666666,0.001085767497998343,1.1137761124353225
2026-06-05 19:30:00,2026-06-08 13:30:00,2026-06-08 14:30:00,AEO,1,16.49082427110672,17.38413097887039,0.05416992462461789,1,0.9615720524017467,0.16666666666666666,0.009028320770769649,9.261216631023375
2026-06-05 19:30:00,2026-06-08 13:30:00,2026-06-08 14:30:00,EXK,1,8.1504071185112,8.014599593305588,-0.01666266767179836,0,0.9982532751091703,0.16666666666666666,-0.00277711127863306,-2.848750040334084
2026-06-08 13:30:00,2026-06-08 14:30:00,2026-06-08 15:30:00,CRML,1,9.99049927110672,10.069496194839479,0.007907204794181055,28,0.9868995633187773,0.14285714285714285,0.0011296006848830079,1.1655026533511068
2026-06-08 13:30:00,2026-06-08 14:30:00,2026-06-08 15:30:00,MU,1,937.6969069152832,950.0624798522948,0.013187174710525884,8,0.9807860262008734,0.14285714285714285,0.0018838821015036977,1.9437573093633733
2026-06-08 13:30:00,2026-06-08 14:30:00,2026-06-08 15:30:00,SBSW,1,9.855492292213441,9.844508017015457,-0.001114533386288863,8,0.9956331877729258,0.14285714285714285,-0.00015921905518412327,-0.16427949607729866
2026-06-08 13:30:00,2026-06-08 14:30:00,2026-06-08 15:30:00,LUMN,1,9.130456614446642,9.209539538145066,0.008661442361304728,6,0.9790393013100436,0.14285714285714285,0.0012373489087578182,1.2766754266156406
2026-06-08 13:30:00,2026-06-08 14:30:00,2026-06-08 15:30:00,AEO,1,17.38586947889328,17.029149186611175,-0.02051782872954211,2,0.9615720524017467,0.14285714285714285,-0.0029311183899345867,-3.024277788136081
2026-06-08 13:30:00,2026-06-08 14:30:00,2026-06-08 15:30:00,EXK,1,8.015401093339921,8.084595788145066,0.008632717689279312,1,0.9965065502183406,0.14285714285714285,0.0012332453841827587,1.2724414801916273
2026-06-08 13:30:00,2026-06-08 14:30:00,2026-06-08 15:30:00,BE,1,255.60277583770758,258.067082572937,0.00964115795359799,0,0.9580786026200874,0.14285714285714285,0.0013773082790854271,1.4210831094908265
2026-06-08 14:30:00,2026-06-08 15:30:00,2026-06-08 16:30:00,CRML,1,10.070503194808962,10.074496059274674,0.0003964910579412617,29,0.9895196506550218,0.14285714285714285,5.664157970589453e-05,0.05865927729459427
2026-06-08 14:30:00,2026-06-08 15:30:00,2026-06-08 16:30:00,MU,1,950.1574908508301,952.8723369110107,0.0028572590189754887,9,0.9807860262008734,0.14285714285714285,0.00040817985985364125,0.4227201237950578
2026-06-08 14:30:00,2026-06-08 15:30:00,2026-06-08 16:30:00,SBSW,1,9.84549251704216,9.774510868549346,-0.0072095579139335175,9,0.993886462882096,0.14285714285714285,-0.0010299368448476454,-1.0666254594511297
2026-06-08 14:30:00,2026-06-08 15:30:00,2026-06-08 16:30:00,LUMN,1,9.210460538148881,9.19453994483948,-0.0017285339037564906,7,0.9790393013100436,0.14285714285714285,-0.0002469334148223558,-0.2557297259111973
2026-06-08 14:30:00,2026-06-08 15:30:00,2026-06-08 16:30:00,AEO,1,17.03085218667984,17.034148097419738,0.0001935258848924093,3,0.9615720524017467,0.14285714285714285,2.7646554984629897e-05,0.02863138605074752
2026-06-08 14:30:00,2026-06-08 15:30:00,2026-06-08 16:30:00,EXK,1,8.085404288148881,8.109594156694412,0.002991794557630989,2,0.9930131004366812,0.14285714285714285,0.0004273992225187127,0.44262412240967397
2026-06-08 14:30:00,2026-06-08 15:30:00,2026-06-08 16:30:00,BE,1,258.09289057159424,251.85740161743163,-0.024159863297098072,1,0.9668122270742359,0.14285714285714285,-0.0034514090424425815,-3.574355820034453
2026-06-08 15:30:00,2026-06-08 16:30:00,2026-06-08 17:30:00,MU,1,952.9676289093019,954.0822983825683,0.0011696824104530101,10,0.9807860262008734,0.14285714285714285,0.00016709748720757287,0.17239082184029547
2026-06-08 15:30:00,2026-06-08 16:30:00,2026-06-08 17:30:00,SBSW,1,9.7754883685112,9.816209146690367,0.004165600391929036,10,0.9921397379912664,0.14285714285714285,0.0005950857702755766,0.6139369700744527
2026-06-08 15:30:00,2026-06-08 16:30:00,2026-06-08 17:30:00,LUMN,1,9.195459444808963,9.054547555160521,-0.015324072765933283,8,0.9790393013100436,0.14285714285714285,-0.002189153252276183,-2.258501516695121
2026-06-08 15:30:00,2026-06-08 16:30:00,2026-06-08 17:30:00,EXK,1,8.11040515666008,8.109694287490845,-8.76490330020685e-05,3,0.9965065502183406,0.14285714285714285,-1.2521290428866928e-05,-0.012917941398196976
2026-06-08 15:30:00,2026-06-08 16:30:00,2026-06-08 17:30:00,BE,1,251.8825886169434,253.71231985321043,0.007264222772657147,2,0.9703056768558952,0.14285714285714285,0.0010377461103795924,1.0706199585615326
2026-06-08 15:30:00,2026-06-08 16:30:00,2026-06-08 17:30:00,CRML,1,10.075503559255601,10.139493343305588,0.006351025898968965,0,0.9921397379912663,0.14285714285714285,0.0009072894141384236,0.9360306391443723
2026-06-08 15:30:00,2026-06-08 16:30:00,2026-06-08 17:30:00,UAMY,1,7.885394478893281,7.889605366492272,0.0005340110263680753,0,0.977292576419214,0.14285714285714285,7.62872894811536e-05,0.07870392756587534
2026-06-08 16:30:00,2026-06-08 17:30:00,2026-06-08 18:30:00,MU,1,954.1777113830566,953.1723097045898,-0.0010536838855830233,11,0.9807860262008734,0.14285714285714285,-0.00015052626936900331,-0.15535395533371213
2026-06-08 16:30:00,2026-06-08 17:30:00,2026-06-08 18:30:00,SBSW,1,9.817190816688537,9.809509919595719,-0.0007823925638443807,11,0.9921397379912664,0.14285714285714285,-0.00011177036626348296,-0.11535507098474203
2026-06-08 16:30:00,2026-06-08 17:30:00,2026-06-08 18:30:00,LUMN,1,9.05545305519104,9.034548097419739,-0.0023085490746723725,9,0.9746724890829694,0.14285714285714285,-0.00032979272495319603,-0.3403698535580153
2026-06-08 16:30:00,2026-06-08 17:30:00,2026-06-08 18:30:00,EXK,1,8.110505297470093,8.104594292259216,-0.0007288085013297252,4,0.9965065502183406,0.14285714285714285,-0.00010411550018996074,-0.10745469766746904
2026-06-08 16:30:00,2026-06-08 17:30:00,2026-06-08 18:30:00,BE,1,253.7376923538208,253.32732933807375,-0.0016172725933630838,3,0.9703056768558952,0.14285714285714285,-0.00023103894190901197,-0.2384488342941148
2026-06-08 16:30:00,2026-06-08 17:30:00,2026-06-08 18:30:00,CRML,1,10.140507343339921,10.119493885564804,-0.002072229432279693,1,0.9921397379912663,0.14285714285714285,-0.00029603277603995615,-0.30552715389156176
2026-06-08 16:30:00,2026-06-08 17:30:00,2026-06-08 18:30:00,UAMY,1,7.890394366478921,7.87460625,-0.002000928691979431,1,0.9851528384279475,0.14285714285714285,-0.0002858469559970616,-0.2950146537238872
2026-06-08 17:30:00,2026-06-08 18:30:00,2026-06-08 19:30:00,MU,1,953.2676317016602,933.8333108825683,-0.02038705623980963,12,0.9807860262008734,0.14285714285714285,-0.00291243660568709,-3.0013082261668336
2026-06-08 17:30:00,2026-06-08 18:30:00,2026-06-08 19:30:00,SBSW,1,9.810490919637681,9.724514131450654,-0.008763760029065093,12,0.9921397379912664,0.14285714285714285,-0.0012519657184378705,-1.290168858023946
2026-06-08 17:30:00,2026-06-08 18:30:00,2026-06-08 19:30:00,LUMN,1,9.035451597404482,9.04454782629013,0.001006726535756286,10,0.9755458515283842,0.14285714285714285,0.0001438180765366123,0.1482066168712347
2026-06-08 17:30:00,2026-06-08 18:30:00,2026-06-08 19:30:00,EXK,1,8.105404792213442,7.9746011546373365,-0.016137829131219084,5,0.9965065502183406,0.14285714285714285,-0.002305404161602726,-2.375752475211442
2026-06-08 17:30:00,2026-06-08 18:30:00,2026-06-08 19:30:00,BE,1,253.35266333770758,251.85740161743163,-0.0059018985653324085,4,0.9703056768558952,0.14285714285714285,-0.0008431283664760583,-0.8688560283433935
2026-06-08 17:30:00,2026-06-08 18:30:00,2026-06-08 19:30:00,CRML,1,10.120505885553362,10.019499457740784,-0.009980373407693088,2,0.9903930131004366,0.14285714285714285,-0.001425767629670441,-1.4692742520734658
2026-06-08 17:30:00,2026-06-08 18:30:00,2026-06-08 19:30:00,UAMY,1,7.875393750000001,7.734613383507728,-0.017875978136619786,2,0.9868995633187773,0.14285714285714285,-0.002553711162374255,-2.6316364462394013
2026-06-08 18:30:00,2026-06-08 19:30:00,2026-06-09 13:30:00,MU,1,933.9266988830566,988.1255790435791,0.058033334120699775,13,0.9807860262008734,0.14285714285714285,0.00829047630295711,8.44820871332467
2026-06-08 18:30:00,2026-06-08 19:30:00,2026-06-09 13:30:00,SBSW,1,9.725486631488803,9.869506385564804,0.014808488205587667,13,0.988646288209607,0.14285714285714285,0.0021154983150839524,2.1557472267475295
2026-06-08 18:30:00,2026-06-08 19:30:00,2026-06-09 13:30:00,LUMN,1,9.04545232629776,9.059547419595718,0.0015582519026693387,11,0.977292576419214,0.14285714285714285,0.00022260741466704836,0.22684268448726363
2026-06-08 18:30:00,2026-06-08 19:30:00,2026-06-09 13:30:00,EXK,1,7.975398654627801,8.179591305160523,0.02560281427615374,6,0.9965065502183406,0.14285714285714285,0.003657544896593391,3.7271323788423256
2026-06-08 18:30:00,2026-06-08 19:30:00,2026-06-09 13:30:00,BE,1,251.8825886169434,261.9269054412842,0.03987697950657454,5,0.9703056768558952,0.14285714285714285,0.005696711358082076,5.805095482328114
2026-06-08 18:30:00,2026-06-08 19:30:00,2026-06-09 13:30:00,CRML,1,10.020501457786562,10.109494156694412,0.008881062418158336,3,0.9903930131004366,0.14285714285714285,0.001268723202594048,1.2928615948312983
2026-06-08 18:30:00,2026-06-08 19:30:00,2026-06-09 13:30:00,UAMY,1,7.73538688352108,7.859607133507729,0.01605869904856072,3,0.9868995633187773,0.14285714285714285,0.002294099864080103,2.337746801597574
2026-06-08 19:30:00,2026-06-09 13:30:00,2026-06-09 14:30:00,MU,1,988.2243965423585,953.612290145874,-0.03502454150857515,14,0.9807860262008734,0.14285714285714285,-0.005003505929796449,-5.218753605238508
2026-06-08 19:30:00,2026-06-09 13:30:00,2026-06-09 14:30:00,SBSW,1,9.870493385553361,9.719514267015457,-0.015296005239097799,14,0.9921397379912664,0.14285714285714285,-0.0021851436055853996,-2.2791471079712697
2026-06-08 19:30:00,2026-06-09 13:30:00,2026-06-09 14:30:00,LUMN,1,9.060453419637682,8.734562906694412,-0.03596845520301806,12,0.9703056768558952,0.14285714285714285,-0.005138350743288294,-5.359399357723287
2026-06-08 19:30:00,2026-06-09 13:30:00,2026-06-09 14:30:00,EXK,1,8.180409305191041,8.049597690725326,-0.015990839771636622,7,1.0,0.14285714285714285,-0.0022844056816623743,-2.3826793760765748
2026-06-08 19:30:00,2026-06-09 13:30:00,2026-06-09 14:30:00,BE,1,261.95309944152837,269.82149970550535,0.030037439071162186,6,0.9703056768558952,0.14285714285714285,0.004291062724451741,4.475661541675862
2026-06-08 19:30:00,2026-06-09 13:30:00,2026-06-09 14:30:00,CRML,1,10.11050515666008,9.884505978870392,-0.02235290663402867,4,0.9903930131004366,0.14285714285714285,-0.0031932723762898097,-3.3306449437842347
2026-06-08 19:30:00,2026-06-09 13:30:00,2026-06-09 14:30:00,UAMY,1,7.860393133521081,7.574621059274674,-0.036355951845171264,4,0.9834061135371179,0.14285714285714285,-0.0051937074064530376,-5.417137429690903
2026-06-09 13:30:00,2026-06-09 14:30:00,2026-06-09 15:30:00,MU,1,953.7076561431886,906.3046580871584,-0.049703908478336944,15,0.9807860262008734,0.14285714285714285,-0.007100558354048134,-7.267473098067898
2026-06-09 13:30:00,2026-06-09 14:30:00,2026-06-09 15:30:00,SBSW,1,9.720486267042162,9.46452690258026,-0.0263319506277937,15,0.9903930131004367,0.14285714285714285,-0.0037617072325419566,-3.850134700987317
2026-06-09 13:30:00,2026-06-09 14:30:00,2026-06-09 15:30:00,LUMN,1,8.735436406660082,8.489575271129608,-0.028145260761445634,13,0.9851528384279475,0.14285714285714285,-0.004020751537349376,-4.115268430269652
2026-06-09 13:30:00,2026-06-09 14:30:00,2026-06-09 15:30:00,EXK,1,8.0504026907444,7.719613790202141,-0.04108973342694644,8,0.9965065502183406,0.14285714285714285,-0.005869961918135205,-6.007948699190628
2026-06-09 13:30:00,2026-06-09 14:30:00,2026-06-09 15:30:00,BE,1,269.8484832046509,255.5872261032104,-0.05284912826663868,7,0.9703056768558952,0.14285714285714285,-0.007549875466662668,-7.727352429468084
2026-06-09 13:30:00,2026-06-09 14:30:00,2026-06-09 15:30:00,CRML,1,9.885494478893282,9.399529618549344,-0.049159388170367246,5,0.994759825327511,0.14285714285714285,-0.007022769738623892,-7.18785588463998
2026-06-09 13:30:00,2026-06-09 14:30:00,2026-06-09 15:30:00,UAMY,1,7.575378559255601,7.219638790202141,-0.046959998932174396,5,0.9868995633187772,0.14285714285714285,-0.006708571276024913,-6.866271473874515
2026-06-09 14:30:00,2026-06-09 15:30:00,2026-06-09 16:30:00,SBSW,1,9.46547340259552,9.324533559274673,-0.014889888474273305,16,0.9921397379912664,0.16666666666666666,-0.002481648079045551,-2.4332186312021657
2026-06-09 14:30:00,2026-06-09 15:30:00,2026-06-09 16:30:00,LUMN,1,8.49042427110672,8.309584919595718,-0.021299212587809868,14,0.9816593886462882,0.16666666666666666,-0.003549868764634978,-3.4805929532742184
2026-06-09 14:30:00,2026-06-09 15:30:00,2026-06-09 16:30:00,EXK,1,7.720385790181161,7.5696216716527935,-0.019528055025450963,9,0.9982532751091703,0.16666666666666666,-0.0032546758375751605,-3.1911607263658412
2026-06-09 14:30:00,2026-06-09 15:30:00,2026-06-09 16:30:00,BE,1,255.6127861038208,247.50762827224727,-0.031708733960911895,8,0.9703056768558952,0.16666666666666666,-0.005284788993485315,-5.181656154028994
2026-06-09 14:30:00,2026-06-09 15:30:00,2026-06-09 16:30:00,CRML,1,9.400469618511199,9.069546194839479,-0.03520286082517332,6,0.9877729257641922,0.16666666666666666,-0.00586714347086222,-5.752645963697118
2026-06-09 14:30:00,2026-06-09 15:30:00,2026-06-09 16:30:00,UAMY,1,7.220360790181161,7.089445390987397,-0.018131420714016633,6,0.9807860262008734,0.16666666666666666,-0.0030219034523361055,-2.9629309022519927
2026-06-09 15:30:00,2026-06-09 16:30:00,2026-06-09 17:30:00,SBSW,1,9.325466059255602,9.389630020475387,0.006880509865359707,17,0.9982532751091703,0.14285714285714285,0.0009829299807656725,0.9410903236474177
2026-06-09 15:30:00,2026-06-09 16:30:00,2026-06-09 17:30:00,LUMN,1,8.31041591963768,8.384580978870392,0.008924349870077952,15,0.9816593886462882,0.14285714285714285,0.0012749071242968502,1.2206390909862284
2026-06-09 15:30:00,2026-06-09 16:30:00,2026-06-09 17:30:00,EXK,1,7.570378671669961,7.6146190211296085,0.005843875369828444,10,0.993886462882096,0.14285714285714285,0.0008348393385469205,0.799303346810841
2026-06-09 15:30:00,2026-06-09 16:30:00,2026-06-09 17:30:00,CRML,1,9.070453194808962,9.409529347419738,0.0373824929502784,7,0.9589519650655022,0.14285714285714285,0.005340356135754057,5.113037126280702
2026-06-09 15:30:00,2026-06-09 16:30:00,2026-06-09 17:30:00,UAMY,1,7.090154370975495,7.184640692782402,0.013326412495854756,7,0.9807860262008734,0.14285714285714285,0.0019037732136935365,1.8227367003604016
2026-06-09 15:30:00,2026-06-09 16:30:00,2026-06-09 17:30:00,EOSE,1,5.98029901907444,6.209689538145065,0.03835770056630494,0,0.9790393013100436,0.14285714285714285,0.005479671509472134,5.24642236501284
2026-06-09 15:30:00,2026-06-09 16:30:00,2026-06-09 17:30:00,OWL,1,9.250462500000001,9.414529211854935,0.017736055019404118,0,0.9624454148471616,0.14285714285714285,0.0025337221456291597,2.425871059712059
2026-06-09 16:30:00,2026-06-09 17:30:00,2026-06-09 18:30:00,SBSW,1,9.390569030427933,9.529523232984543,0.014797207933444856,18,0.9982532751091703,0.14285714285714285,0.0021138868476349793,2.0607420853305087
2026-06-09 16:30:00,2026-06-09 17:30:00,2026-06-09 18:30:00,LUMN,1,8.385419478893281,8.484575406694413,0.011824802331083628,16,0.9475982532751092,0.14285714285714285,0.0016892574758690896,1.6467882268047165
2026-06-09 16:30:00,2026-06-09 17:30:00,2026-06-09 18:30:00,EXK,1,7.6153805211067205,7.768611603403092,0.020121264048681198,11,0.993886462882096,0.14285714285714285,0.0028744662926687425,2.8021999705394363
2026-06-09 16:30:00,2026-06-09 17:30:00,2026-06-09 18:30:00,CRML,1,9.41047034740448,9.494525135564803,0.008932049627413896,8,0.9589519650655022,0.14285714285714285,0.0012760070896305565,1.243927277244617
2026-06-09 16:30:00,2026-06-09 17:30:00,2026-06-09 18:30:00,EOSE,1,6.210310538148881,6.314684307217598,0.016806529790670988,1,0.9737991266375545,0.14285714285714285,0.0024009328272387126,2.3405715053659937
2026-06-09 16:30:00,2026-06-09 17:30:00,2026-06-09 18:30:00,OWL,1,9.415470711851121,9.544522826290128,0.013706390088025211,1,0.9624454148471616,0.14285714285714285,0.001958055726860744,1.9088286803424575
2026-06-09 16:30:00,2026-06-09 17:30:00,2026-06-09 18:30:00,QS,1,7.2153609025955205,7.329633423709869,0.015837395059925985,0,0.9615720524017468,0.14285714285714285,0.002262485008560855,2.2056043727160755
2026-06-09 17:30:00,2026-06-09 18:30:00,2026-06-09 19:30:00,SBSW,1,9.530476232957842,9.479525542259216,-0.005346080243338824,19,0.9982532751091703,0.125,-0.000668260030417353,-0.6608893876372857
2026-06-09 17:30:00,2026-06-09 18:30:00,2026-06-09 19:30:00,LUMN,1,8.485423906660081,8.474576631450653,-0.0012783421699079645,17,0.9633187772925764,0.125,-0.00015979277123849556,-0.1580303204229045
2026-06-09 17:30:00,2026-06-09 18:30:00,2026-06-09 19:30:00,EXK,1,7.7693885034084325,7.744612635564804,-0.0031889083462307566,12,0.993886462882096,0.125,-0.0003986135432788446,-0.39421699417958095
2026-06-09 17:30:00,2026-06-09 18:30:00,2026-06-09 19:30:00,CRML,1,9.49547463555336,9.399529618549344,-0.010104288693982166,9,0.9781659388646288,0.125,-0.0012630360867477708,-1.2491053002424968
2026-06-09 17:30:00,2026-06-09 18:30:00,2026-06-09 19:30:00,EOSE,1,6.315315807223321,6.299685190725326,-0.002475033232719248,2,0.9737991266375545,0.125,-0.000309379154089906,-0.30596682486983884
2026-06-09 17:30:00,2026-06-09 18:30:00,2026-06-09 19:30:00,OWL,1,9.545477326297759,9.534523097419738,-0.0011475831436780215,2,0.9624454148471616,0.125,-0.0001434478929597527,-0.14186571966128478
2026-06-09 17:30:00,2026-06-09 18:30:00,2026-06-09 19:30:00,QS,1,7.330366423702241,7.3031350004673,-0.003714878856108772,1,0.9615720524017468,0.125,-0.0004643598570135965,-0.4592381521806547
2026-06-09 17:30:00,2026-06-09 18:30:00,2026-06-09 19:30:00,UAMY,1,7.230361519074441,7.164641711854935,-0.009089422022139582,0,0.9668122270742359,0.125,-0.0011361777527674477,-1.1236461633125487
2026-06-09 18:30:00,2026-06-09 19:30:00,2026-06-10 13:30:00,SBSW,1,9.48047354221344,9.239537771129609,-0.02541389625855961,20,0.9982532751091703,0.125,-0.003176737032319951,-3.127268850537814
2026-06-09 18:30:00,2026-06-09 19:30:00,2026-06-10 13:30:00,LUMN,1,8.4754241314888,8.2495875,-0.02664605664390851,18,0.9633187772925764,0.125,-0.003330757080488564,-3.2788904969302073
2026-06-09 18:30:00,2026-06-09 19:30:00,2026-06-10 13:30:00,EXK,1,7.745387135553361,7.559621942782402,-0.023983977756030672,13,0.993886462882096,0.125,-0.002997997219503834,-2.9513123759275777
2026-06-09 18:30:00,2026-06-09 19:30:00,2026-06-10 13:30:00,CRML,1,9.400469618511199,9.269536957740783,-0.013928310614672479,10,0.9746724890829694,0.125,-0.0017410388268340599,-1.7139273522929366
2026-06-09 18:30:00,2026-06-09 19:30:00,2026-06-10 13:30:00,EOSE,1,6.300315190744401,6.154692459797859,-0.023113562819916056,3,0.9737991266375545,0.125,-0.002889195352489507,-2.8442047727068673
2026-06-09 18:30:00,2026-06-09 19:30:00,2026-06-10 13:30:00,OWL,1,9.53547659740448,9.489525271129608,-0.004818985795359221,3,0.9676855895196507,0.125,-0.0006023732244199026,-0.5929930623658423
2026-06-09 18:30:00,2026-06-09 19:30:00,2026-06-10 13:30:00,UAMY,1,7.165358211851121,7.269636480927467,0.014553113186145383,1,0.9668122270742359,0.125,0.001819139148268173,1.7908114947173803
2026-06-09 18:30:00,2026-06-09 19:30:00,2026-06-10 13:30:00,PATH,1,10.70973536539078,10.58947065258026,-0.011229475678657952,0,0.9746724890829694,0.125,-0.001403684459832244,-1.3818262709682345
2026-06-09 19:30:00,2026-06-10 13:30:00,2026-06-10 14:30:00,SBSW,1,9.240461771106721,9.344533017015458,0.011262559002640726,21,0.9982532751091703,0.1111111111111111,0.0012513954447378585,1.214141321277312
2026-06-09 19:30:00,2026-06-10 13:30:00,2026-06-10 14:30:00,LUMN,1,8.250412500000001,8.389580843305588,0.016868046695312167,19,0.9633187772925764,0.1111111111111111,0.0018742274105902406,1.8184315391565744
2026-06-09 19:30:00,2026-06-10 13:30:00,2026-06-10 14:30:00,EXK,1,7.560377942776681,7.724613654637337,0.02172321451437087,14,0.993886462882096,0.1111111111111111,0.0024136905015967633,2.3418347789951275
2026-06-09 19:30:00,2026-06-10 13:30:00,2026-06-10 14:30:00,CRML,1,9.27046395778656,9.597519672775269,0.03527932544454826,11,0.9694323144104803,0.1111111111111111,0.003919925049394251,3.8032286267244264
2026-06-09 19:30:00,2026-06-10 13:30:00,2026-06-10 14:30:00,EOSE,1,6.155307959818841,6.229688519072533,0.012083970410455391,4,0.9737991266375545,0.1111111111111111,0.0013426633789394879,1.3026922031650352
2026-06-09 19:30:00,2026-06-10 13:30:00,2026-06-10 14:30:00,OWL,1,9.490474271106722,9.614519021129608,0.013070447954380393,4,0.9676855895196507,0.1111111111111111,0.0014522719949311548,1.4090377635577196
2026-06-09 19:30:00,2026-06-10 13:30:00,2026-06-10 14:30:00,UAMY,1,7.27036348092556,7.264636616492272,-0.0007876998788731715,2,0.9781659388646288,0.1111111111111111,-8.752220876368572e-05,-0.08491666693873118
2026-06-09 19:30:00,2026-06-10 13:30:00,2026-06-10 14:30:00,PATH,1,10.59052965259552,10.69446494483948,0.009813984347655902,1,0.9746724890829694,0.1111111111111111,0.0010904427052951002,1.0579801553149653
2026-06-09 19:30:00,2026-06-10 13:30:00,2026-06-10 14:30:00,SATS,1,118.1832083644867,115.66421466903688,-0.021314311316384615,0,0.9703056768558952,0.1111111111111111,-0.002368256812931624,-2.297753654184936
2026-06-10 13:30:00,2026-06-10 14:30:00,2026-06-10 15:30:00,SBSW,1,9.345467517042161,9.254537364435196,-0.009729866637613105,22,0.9982532751091703,0.125,-0.0012162333297016381,-1.1928160945347053
2026-06-10 13:30:00,2026-06-10 14:30:00,2026-06-10 15:30:00,LUMN,1,8.39041984333992,8.279585732984543,-0.013209602430485523,20,0.9633187772925764,0.125,-0.0016512003038106904,-1.619408257927906
2026-06-10 13:30:00,2026-06-10 14:30:00,2026-06-10 15:30:00,EXK,1,7.725386154627801,7.559621942782402,-0.021457077811715464,15,0.988646288209607,0.125,-0.002682134726464433,-2.6304931720807665
2026-06-10 13:30:00,2026-06-10 14:30:00,2026-06-10 15:30:00,CRML,1,9.598479472732546,9.33953315258026,-0.026977847990184545,12,0.9694323144104803,0.125,-0.003372230998773068,-3.307302399624365
2026-06-10 13:30:00,2026-06-10 14:30:00,2026-06-10 15:30:00,OWL,1,9.61548052110672,9.669516576290128,0.005619693687153093,5,0.9528384279475983,0.125,0.0007024617108941367,0.6889365832084734
2026-06-10 13:30:00,2026-06-10 14:30:00,2026-06-10 15:30:00,PATH,1,10.695534444808963,10.759562359666827,0.005986415656763944,2,0.9685589519650655,0.125,0.000748301957095493,0.7338942258836868
2026-06-10 13:30:00,2026-06-10 14:30:00,2026-06-10 15:30:00,SATS,1,115.67578166885379,115.23423586387634,-0.003817098087493087,1,0.9703056768558952,0.125,-0.0004771372609366359,-0.4679505077262134
2026-06-10 13:30:00,2026-06-10 14:30:00,2026-06-10 15:30:00,S,1,15.120755885553361,15.009249728870392,-0.007374377149326539,0,0.9554585152838427,0.125,-0.0009217971436658173,-0.9040489534441887
2026-06-10 14:30:00,2026-06-10 15:30:00,2026-06-10 16:30:00,SBSW,1,9.25546286444664,9.334533288145066,0.008543108524821763,23,0.9982532751091703,0.125,0.0010678885656027204,1.0378806825785543
2026-06-10 14:30:00,2026-06-10 15:30:00,2026-06-10 16:30:00,LUMN,1,8.280413732957841,8.244587635564804,-0.004326607165828222,21,0.9633187772925764,0.125,-0.0005408258957285278,-0.5256285795120161
2026-06-10 14:30:00,2026-06-10 15:30:00,2026-06-10 16:30:00,OWL,1,9.670483576297759,9.62451875,-0.004753105254262313,6,0.9580786026200874,0.125,-0.0005941381567827891,-0.5774427553306076
2026-06-10 14:30:00,2026-06-10 15:30:00,2026-06-10 16:30:00,PATH,1,10.760638369703296,10.884455978870392,0.011506530088001732,3,0.9685589519650655,0.125,0.0014383162610002165,1.3978992853886363
2026-06-10 14:30:00,2026-06-10 15:30:00,2026-06-10 16:30:00,SATS,1,115.24575986366271,114.67426630516053,-0.004958911800124088,2,0.9703056768558952,0.125,-0.000619863975015511,-0.602445672907686
2026-06-10 14:30:00,2026-06-10 15:30:00,2026-06-10 16:30:00,S,1,15.010750728893282,15.074246059274673,0.0042299903268110395,1,0.9624454148471615,0.125,0.0005287487908513799,0.5138908437058533
2026-06-10 14:30:00,2026-06-10 15:30:00,2026-06-10 16:30:00,INFY,1,11.925596440744402,11.884405978870392,-0.003453954028938999,0,0.9563318777292578,0.125,-0.0004317442536173749,-0.4196121534374335
2026-06-10 14:30:00,2026-06-10 15:30:00,2026-06-10 16:30:00,EOSE,1,6.035301597404481,5.959702038145065,-0.012526227238076726,0,0.943231441048035,0.125,-0.0015657784047595907,-1.5217797173260639
2026-06-10 15:30:00,2026-06-10 16:30:00,2026-06-10 17:30:00,SBSW,1,9.335466788148882,9.284535597419739,-0.005455666211977572,24,0.9982532751091703,0.14285714285714285,-0.0007793808874253674,-0.7567852180140666
2026-06-10 15:30:00,2026-06-10 16:30:00,2026-06-10 17:30:00,OWL,1,9.625481250000002,9.55452255516052,-0.007371963333207998,7,0.9589519650655023,0.14285714285714285,-0.001053137619029714,-1.0226052440791176
2026-06-10 15:30:00,2026-06-10 16:30:00,2026-06-10 17:30:00,PATH,1,10.885544478893282,10.824458559274673,-0.005611654955528622,4,0.9685589519650655,0.14285714285714285,-0.000801664993646946,-0.7784232674674679
2026-06-10 15:30:00,2026-06-10 16:30:00,2026-06-10 17:30:00,SATS,1,114.68573430519105,116.49917200355529,0.01581223427090328,3,0.9703056768558952,0.14285714285714285,0.00225889061012904,2.193401263025112
2026-06-10 15:30:00,2026-06-10 16:30:00,2026-06-10 17:30:00,S,1,15.075753559255602,14.984250406694413,-0.006069557465338882,2,0.948471615720524,0.14285714285714285,-0.0008670796379055545,-0.8419414222173228
2026-06-10 15:30:00,2026-06-10 16:30:00,2026-06-10 17:30:00,INFY,1,11.885594478893282,11.824408559274673,-0.005147905704444455,1,0.9650655021834061,0.14285714285714285,-0.0007354151006349222,-0.7140940793446529
2026-06-10 15:30:00,2026-06-10 16:30:00,2026-06-10 17:30:00,EOSE,1,5.96029803814888,6.0746960592746735,0.01919333905680376,1,0.9502183406113538,0.14285714285714285,0.002741905579543394,2.662412750001437
2026-06-10 16:30:00,2026-06-10 17:30:00,2026-06-10 18:30:00,SBSW,1,9.28546409740448,9.274936391735077,-0.001133783466175542,25,0.9982532751091703,0.125,-0.00014172293327194274,-0.13771240039926907
2026-06-10 16:30:00,2026-06-10 17:30:00,2026-06-10 18:30:00,OWL,1,9.55547805519104,9.534523097419738,-0.0021929784831559163,8,0.9633187772925764,0.125,-0.00027412231039448953,-0.26636508641112167
2026-06-10 16:30:00,2026-06-10 17:30:00,2026-06-10 18:30:00,PATH,1,10.8255410592556,10.879456114435197,0.004980356629242122,5,0.9685589519650655,0.125,0.0006225445786552652,0.6049275604369724
2026-06-10 16:30:00,2026-06-10 17:30:00,2026-06-10 18:30:00,SATS,1,116.51082250328064,115.15924266548157,-0.011600466023325873,4,0.9703056768558952,0.125,-0.001450058252915734,-1.4090239181306128
2026-06-10 16:30:00,2026-06-10 17:30:00,2026-06-10 18:30:00,S,1,14.985748906660081,14.964251902580262,-0.001434496481538261,3,0.9615720524017468,0.125,-0.00017931206019228263,-0.17423781500651525
2026-06-10 16:30:00,2026-06-10 17:30:00,2026-06-10 18:30:00,INFY,1,11.8255910592556,11.80940991959572,-0.001368315509880369,2,0.959825327510917,0.125,-0.00017103943873504612,-0.1661992955363846
2026-06-10 16:30:00,2026-06-10 17:30:00,2026-06-10 18:30:00,EOSE,1,6.075303559255601,6.084695788145066,0.0015459686578387366,2,0.9502183406113538,0.125,0.00019324608222984208,0.18777752645410856
2026-06-10 16:30:00,2026-06-10 17:30:00,2026-06-10 18:30:00,CRML,1,9.325466059255602,9.289535461854936,-0.0038529546054166808,0,0.9528384279475983,0.125,-0.0004816193256770851,-0.4679902672519638
2026-06-10 17:30:00,2026-06-10 18:30:00,2026-06-10 19:30:00,SBSW,1,9.275863931751251,9.099545381450655,-0.01900831573187034,26,0.9965065502183406,0.1111111111111111,-0.0021120350813189264,-2.04830270537126
2026-06-10 17:30:00,2026-06-10 18:30:00,2026-06-10 19:30:00,OWL,1,9.53547659740448,9.46452690258026,-0.007440602900072424,9,0.9633187772925764,0.1111111111111111,-0.0008267336555636026,-0.8017862952612045
2026-06-10 17:30:00,2026-06-10 18:30:00,2026-06-10 19:30:00,PATH,1,10.880544114446641,10.811658982610703,-0.006331037410571727,6,0.9685589519650655,0.1111111111111111,-0.0007034486011746363,-0.6822214676357725
2026-06-10 17:30:00,2026-06-10 18:30:00,2026-06-10 19:30:00,SATS,1,115.17075916557313,114.03429891548157,-0.009867611000616505,5,0.9703056768558952,0.1111111111111111,-0.0010964012222907228,-1.0633164238862964
2026-06-10 17:30:00,2026-06-10 18:30:00,2026-06-10 19:30:00,S,1,14.965748402595521,14.754262364435196,-0.01413133726901672,4,0.9860262008733625,0.1111111111111111,-0.001570148585446302,-1.5227680751382684
2026-06-10 17:30:00,2026-06-10 18:30:00,2026-06-10 19:30:00,INFY,1,11.810590919637681,11.794410326290128,-0.0013700070942808118,3,0.9545851528384279,0.1111111111111111,-0.00015222301047564574,-0.1476295573567416
2026-06-10 17:30:00,2026-06-10 18:30:00,2026-06-10 19:30:00,CRML,1,9.290464461851121,9.229438865089417,-0.006568627113562431,1,0.9528384279475983,0.1111111111111111,-0.0007298474570624923,-0.7078237165813885
2026-06-10 17:30:00,2026-06-10 18:30:00,2026-06-10 19:30:00,LUMN,1,8.31041591963768,8.174591440725326,-0.01634388461730285,0,0.9921397379912663,0.1111111111111111,-0.0018159871797003167,-1.7611882899107933
2026-06-10 17:30:00,2026-06-10 18:30:00,2026-06-10 19:30:00,UAMY,1,6.855342769074441,6.959652038145065,0.01521576273927261,0,0.97117903930131,0.1111111111111111,0.001690640304363623,1.6396238584612697
2026-06-10 18:30:00,2026-06-10 19:30:00,2026-06-11 13:30:00,SBSW,1,9.100455381488803,9.029548232984542,-0.007791604434267518,27,0.9982532751091703,0.1111111111111111,-0.0008657338260297243,-0.8333409236701615
2026-06-10 18:30:00,2026-06-10 19:30:00,2026-06-11 13:30:00,OWL,1,9.46547340259552,9.379531114435196,-0.00907955519020942,10,0.9519650655021834,0.1111111111111111,-0.0010088394655788245,-0.9710920225167508
2026-06-10 18:30:00,2026-06-10 19:30:00,2026-06-11 13:30:00,PATH,1,10.812740202569962,10.459477038145065,-0.0326710119550393,7,0.9685589519650655,0.1111111111111111,-0.0036301124394488107,-3.494285613385459
2026-06-10 18:30:00,2026-06-10 19:30:00,2026-06-11 13:30:00,SATS,1,114.04570291557313,117.72411685676575,0.0322538582967542,6,0.9703056768558952,0.1111111111111111,0.0035837620329726887,3.44966948613716
2026-06-10 18:30:00,2026-06-10 19:30:00,2026-06-11 13:30:00,S,1,14.755737864446642,14.56927119483948,-0.012636892259820232,5,0.9755458515283842,0.1111111111111111,-0.0014040991399800256,-1.351562384481971
2026-06-10 18:30:00,2026-06-10 19:30:00,2026-06-11 13:30:00,INFY,1,11.795589826297759,11.699414809274673,-0.008153472479067392,4,0.9580786026200874,0.1111111111111111,-0.0009059413865630435,-0.8720440499959773
2026-06-10 18:30:00,2026-06-10 19:30:00,2026-06-11 13:30:00,CRML,1,9.230361855125429,9.119543885564804,-0.01200580988047506,2,0.9528384279475983,0.1111111111111111,-0.00133397887560834,-1.2840657889666074
2026-06-10 18:30:00,2026-06-10 19:30:00,2026-06-11 13:30:00,LUMN,1,8.1754089407444,8.319583694839478,0.017635173376654434,1,0.9921397379912663,0.1111111111111111,0.0019594637085171593,1.8861470438811125
2026-06-10 18:30:00,2026-06-10 19:30:00,2026-06-11 13:30:00,UAMY,1,6.960348038148881,6.899655095362664,-0.0087198143618058,1,0.97117903930131,0.1111111111111111,-0.0009688682624228666,-0.9326164098553484
2026-06-10 19:30:00,2026-06-11 13:30:00,2026-06-11 14:30:00,SBSW,1,9.03045123295784,9.229538042259216,0.02204616404712767,28,0.9982532751091703,0.125,0.0027557705058909587,2.6405244861987494
2026-06-10 19:30:00,2026-06-11 13:30:00,2026-06-11 14:30:00,OWL,1,9.38046911444664,9.534523097419738,0.01642284421957574,11,0.9519650655021834,0.125,0.0020528555274469673,1.9670053349016614
2026-06-10 19:30:00,2026-06-11 13:30:00,2026-06-11 14:30:00,PATH,1,10.460523038148882,10.584470788145065,0.011849096794123382,8,0.9685589519650655,0.125,0.0014811370992654227,1.4191961085537823
2026-06-10 19:30:00,2026-06-11 13:30:00,2026-06-11 14:30:00,S,1,14.570728194808963,14.494275135564804,-0.005247030774439665,6,0.965938864628821,0.125,-0.0006558788468049581,-0.6284500655138434
2026-06-10 19:30:00,2026-06-11 13:30:00,2026-06-11 14:30:00,INFY,1,11.7005848092556,11.584420788145065,-0.00992805257209406,5,0.9580786026200874,0.125,-0.0012410065715117574,-1.189107813079997
2026-06-10 19:30:00,2026-06-11 13:30:00,2026-06-11 14:30:00,CRML,1,9.12045588555336,9.419529076290129,0.03279147385718906,3,0.965938864628821,0.125,0.004098934232148632,3.927517253040444
2026-06-10 19:30:00,2026-06-11 13:30:00,2026-06-11 14:30:00,LUMN,1,8.320415694808961,8.529573232984543,0.02513787121310207,2,0.994759825327511,0.125,0.0031422339016377587,3.0108260252084427
2026-06-10 19:30:00,2026-06-11 13:30:00,2026-06-11 14:30:00,CPNG,1,16.360818610382083,16.58917065258026,0.013957250406362531,0,0.9572052401746725,0.125,0.0017446563007953164,1.6716949660369316
2026-06-11 13:30:00,2026-06-11 14:30:00,2026-06-11 15:30:00,SBSW,1,9.230461042213442,9.274535868549345,0.004774932274166588,29,0.994759825327511,0.125,0.0005968665342708235,0.579471210791722
2026-06-11 13:30:00,2026-06-11 14:30:00,2026-06-11 15:30:00,OWL,1,9.53547659740448,9.454527173709872,-0.008489289745270079,12,0.9572052401746725,0.125,-0.0010611612181587599,-1.0302342996711953
2026-06-11 13:30:00,2026-06-11 14:30:00,2026-06-11 15:30:00,PATH,1,10.585529288148882,10.529473232984543,-0.005295536353302266,9,0.9685589519650655,0.125,-0.0006619420441627832,-0.6426501332891128
2026-06-11 13:30:00,2026-06-11 14:30:00,2026-06-11 15:30:00,S,1,14.495724635553362,14.404279482984544,-0.0063084223016027785,7,0.965938864628821,0.125,-0.0007885527877003473,-0.7655708813028768
2026-06-11 13:30:00,2026-06-11 14:30:00,2026-06-11 15:30:00,INFY,1,11.585579288148882,11.479425542259216,-0.00916257558206457,6,0.965938864628821,0.125,-0.0011453219477580712,-1.1119422143922093
2026-06-11 13:30:00,2026-06-11 14:30:00,2026-06-11 15:30:00,CRML,1,9.420471076297758,9.419529076290129,-9.99950002500416e-05,4,0.965938864628821,0.125,-1.24993750312552e-05,-0.012135088110359363
2026-06-11 13:30:00,2026-06-11 14:30:00,2026-06-11 15:30:00,TTD,1,18.670933576297763,18.574072012901308,-0.005187826468378565,0,0.9580786026200874,0.125,-0.0006484783085473206,-0.6295787903155902
2026-06-11 13:30:00,2026-06-11 14:30:00,2026-06-11 15:30:00,UAMY,1,6.9003450953722005,7.024648845362663,0.018014135274745602,0,0.9572052401746725,0.125,0.0022517669093432002,2.186140489467918
2026-06-11 14:30:00,2026-06-11 15:30:00,2026-06-11 16:30:00,OWL,1,9.455472673702243,9.334533288145066,-0.012790411408362123,13,0.9572052401746725,0.125,-0.0015988014260452654,-1.549614169640451
2026-06-11 14:30:00,2026-06-11 15:30:00,2026-06-11 16:30:00,PATH,1,10.530526232957842,10.574471059274673,0.004173089297218269,10,0.9615720524017466,0.125,0.0005216361621522836,0.5055879830352096
2026-06-11 14:30:00,2026-06-11 15:30:00,2026-06-11 16:30:00,S,1,14.40571998295784,14.574271059274674,0.011700288254681501,8,0.965938864628821,0.125,0.0014625360318351877,1.417540991408497
2026-06-11 14:30:00,2026-06-11 15:30:00,2026-06-11 16:30:00,INFY,1,11.480573542213442,11.494425135564803,0.0012065245085910448,7,0.9668122270742359,0.125,0.0001508155635738806,0.1461757104473454
2026-06-11 14:30:00,2026-06-11 15:30:00,2026-06-11 16:30:00,CRML,1,9.420471076297758,9.409629478216171,-0.0011508551954333424,5,0.965938864628821,0.125,-0.0001438568994291678,-0.13943113017317782
2026-06-11 14:30:00,2026-06-11 15:30:00,2026-06-11 16:30:00,TTD,1,18.575929512977602,18.61406902112961,0.002053168221022972,1,0.97117903930131,0.125,0.0002566460276278715,0.24875029163429363
2026-06-11 14:30:00,2026-06-11 15:30:00,2026-06-11 16:30:00,SBSW,1,9.275463368511199,9.244537635564804,-0.0033341442597232263,0,0.994759825327511,0.125,-0.0004167680324654033,-0.40394612991999895
2026-06-11 14:30:00,2026-06-11 15:30:00,2026-06-11 16:30:00,LUMN,1,8.540426961851121,8.314583830404281,-0.02644400946880643,0,0.9921397379912663,0.125,-0.0033055011836008036,-3.2038071698130106
2026-06-11 15:30:00,2026-06-11 16:30:00,2026-06-11 17:30:00,OWL,1,9.335466788148882,9.55452255516052,0.023464897040791133,14,0.9703056768558952,0.14285714285714285,0.0033521281486844474,3.2383647222320984
2026-06-11 15:30:00,2026-06-11 16:30:00,2026-06-11 17:30:00,PATH,1,10.5755285592556,10.689465080404283,0.01077360063000965,11,0.9615720524017466,0.14285714285714285,0.0015390858042870928,1.4868528146955153
2026-06-11 15:30:00,2026-06-11 16:30:00,2026-06-11 17:30:00,S,1,14.575728559255602,14.7492625,0.011905678679382747,9,0.9580786026200874,0.14285714285714285,0.0017008112399118209,1.643089665491412
2026-06-11 15:30:00,2026-06-11 16:30:00,2026-06-11 17:30:00,INFY,1,11.49557463555336,11.599420381450654,0.009033541096425068,8,0.9668122270742359,0.14285714285714285,0.0012905058709178669,1.2467091056330712
2026-06-11 15:30:00,2026-06-11 16:30:00,2026-06-11 17:30:00,CRML,1,9.410570488214494,9.519524457740784,0.011577828322176797,6,0.9816593886462882,0.14285714285714285,0.0016539754745966853,1.5978433970291515
2026-06-11 15:30:00,2026-06-11 16:30:00,2026-06-11 17:30:00,TTD,1,18.615930521106723,18.739062771129607,0.006614348387435021,2,0.97117903930131,0.14285714285714285,0.0009449069124907172,0.9128389713872004
2026-06-11 15:30:00,2026-06-11 16:30:00,2026-06-11 17:30:00,SBSW,1,9.24546213555336,9.459527038145065,0.0231535102792233,1,0.9930131004366812,0.14285714285714285,0.0033076443256033284,3.195390576559164
2026-06-11 16:30:00,2026-06-11 17:30:00,2026-06-11 18:30:00,OWL,1,9.55547805519104,9.699514809274673,0.01507373605503548,15,0.9703056768558952,0.14285714285714285,0.0021533908650050687,2.1088912880207142
2026-06-11 16:30:00,2026-06-11 17:30:00,2026-06-11 18:30:00,PATH,1,10.69053408036232,10.659366716623309,-0.002915416901038137,12,0.9615720524017466,0.14285714285714285,-0.00041648812871973383,-0.4078814489718888
2026-06-11 16:30:00,2026-06-11 17:30:00,2026-06-11 18:30:00,S,1,14.750737500000001,14.744262635564803,-0.0004389519124178287,10,0.9572052401746725,0.14285714285714285,-6.270741605968981e-05,-0.06141157444831029
2026-06-11 16:30:00,2026-06-11 17:30:00,2026-06-11 18:30:00,INFY,1,11.600580381488802,11.599420381450654,-9.99950002500416e-05,9,0.9519650655021834,0.14285714285714285,-1.4285000035720228e-05,-0.01398980213684294
2026-06-11 16:30:00,2026-06-11 17:30:00,2026-06-11 18:30:00,CRML,1,9.520476457786561,9.579520923709872,0.006201839391664077,7,0.9615720524017467,0.14285714285714285,0.000885977055952011,0.8676684409911058
2026-06-11 16:30:00,2026-06-11 17:30:00,2026-06-11 18:30:00,TTD,1,18.74093677110672,18.724064131450653,-0.0009003092994839257,3,0.9755458515283842,0.14285714285714285,-0.00012861561421198938,-0.12595778719181067
2026-06-11 16:30:00,2026-06-11 17:30:00,2026-06-11 18:30:00,SBSW,1,9.460473038148882,9.46452690258026,0.00042850546849315663,2,0.9930131004366812,0.14285714285714285,6.12150669275938e-05,0.059950064541071435
2026-06-11 17:30:00,2026-06-11 18:30:00,2026-06-11 19:30:00,OWL,1,9.7004848092556,9.704514673709872,0.00041542918044945587,16,0.9703056768558952,0.1111111111111111,4.615879782771732e-05,0.0453169713548365
2026-06-11 17:30:00,2026-06-11 18:30:00,2026-06-11 19:30:00,PATH,1,10.66043270659447,10.594470517015457,-0.006187571498688649,13,0.9615720524017466,0.1111111111111111,-0.0006875079442987387,-0.6749694377720584
2026-06-11 17:30:00,2026-06-11 18:30:00,2026-06-11 19:30:00,S,1,14.745737135553362,14.689265080404281,-0.003829720727417718,11,0.9572052401746725,0.1111111111111111,-0.0004255245252686353,-0.4177639719810868
2026-06-11 17:30:00,2026-06-11 18:30:00,2026-06-11 19:30:00,INFY,1,11.600580381488802,11.58942065258026,-0.0009619974640535656,10,0.965938864628821,0.1111111111111111,-0.00010688860711706284,-0.10493921364593417
2026-06-11 17:30:00,2026-06-11 18:30:00,2026-06-11 19:30:00,CRML,1,9.580478923702243,9.719514267015457,0.014512358350816656,8,0.9615720524017467,0.1111111111111111,0.0016124842612018507,1.5830763909351715
2026-06-11 17:30:00,2026-06-11 18:30:00,2026-06-11 19:30:00,TTD,1,18.725936631488803,18.804060055160523,0.00417193677459915,4,0.9851528384279475,0.1111111111111111,0.0004635485305110166,0.45509450998159
2026-06-11 17:30:00,2026-06-11 18:30:00,2026-06-11 19:30:00,SBSW,1,9.46547340259552,9.649517118549346,0.019443688458662622,3,0.9895196506550219,0.1111111111111111,0.002160409828740291,2.1210091018649173
2026-06-11 17:30:00,2026-06-11 18:30:00,2026-06-11 19:30:00,SMCI,1,30.77653836851121,31.04344782629013,0.008672497685834779,0,0.9807860262008734,0.1111111111111111,0.0009636108539816421,0.9460368883540118
2026-06-11 17:30:00,2026-06-11 18:30:00,2026-06-11 19:30:00,NOW,1,104.20520694808963,103.7148152206421,-0.004706019418893592,0,0.9641921397379912,0.1111111111111111,-0.0005228910465437325,-0.5133547599390464
2026-06-11 18:30:00,2026-06-11 19:30:00,2026-06-12 13:30:00,OWL,1,9.705485173702243,9.869506385564804,0.01689984672863032,17,0.9703056768558952,0.1,0.001689984672863032,1.664810176670311
2026-06-11 18:30:00,2026-06-11 19:30:00,2026-06-12 13:30:00,PATH,1,10.595530017042162,10.619468885564805,0.0022593365772300977,14,0.9615720524017466,0.1,0.00022593365772300978,0.22256808518410637
2026-06-11 18:30:00,2026-06-11 19:30:00,2026-06-12 13:30:00,S,1,14.690734080362322,14.739262771129608,0.0033033536991291523,12,0.9572052401746725,0.1,0.00033033536991291525,0.3254145995380541
2026-06-11 18:30:00,2026-06-11 19:30:00,2026-06-12 13:30:00,INFY,1,11.59057965259552,11.80940991959572,0.018880010625801136,11,0.965938864628821,0.1,0.0018880010625801137,1.8598768574763738
2026-06-11 18:30:00,2026-06-11 19:30:00,2026-06-12 13:30:00,CRML,1,9.720486267042162,9.774510868549346,0.005557808531694297,9,0.9615720524017467,0.1,0.0005557808531694297,0.5475017822424739
2026-06-11 18:30:00,2026-06-11 19:30:00,2026-06-12 13:30:00,TTD,1,18.805940555191043,18.83905815258026,0.0017610178704980939,5,0.9790393013100437,0.1,0.0001761017870498094,0.17347852434287234
2026-06-11 18:30:00,2026-06-11 19:30:00,2026-06-12 13:30:00,SBSW,1,9.6504821185112,9.709514538145065,0.006117043574499936,4,0.9877729257641922,0.1,0.0006117043574499937,0.6025922339704313
2026-06-11 18:30:00,2026-06-11 19:30:00,2026-06-12 13:30:00,NOW,1,103.72518722076417,103.37482825355528,-0.003377761723998618,1,0.9703056768558951,0.1,-0.00033777617239986183,-0.33274456169793365
2026-06-11 18:30:00,2026-06-11 19:30:00,2026-06-12 13:30:00,LUMN,1,8.485423906660081,8.519574457740784,0.004024613437862312,0,0.9868995633187773,0.1,0.00040246134378623126,0.396466164226585
2026-06-11 18:30:00,2026-06-11 19:30:00,2026-06-12 13:30:00,EXK,1,8.015401093339921,8.199589809274674,0.022979351100445466,0,0.9694323144104804,0.1,0.002297935110044547,2.263704409844803
2026-06-11 19:30:00,2026-06-12 13:30:00,2026-06-12 14:30:00,OWL,1,9.870493385553361,9.701814956712722,-0.017089158793978876,18,0.9703056768558952,0.125,-0.0021361448492473595,-2.1205074487191107
2026-06-11 19:30:00,2026-06-12 13:30:00,2026-06-12 14:30:00,S,1,14.740736771106722,14.684266169595718,-0.0038309212346625543,13,0.9572052401746725,0.125,-0.0004788651543328193,-0.4753596775296136
2026-06-11 19:30:00,2026-06-12 13:30:00,2026-06-12 14:30:00,INFY,1,11.810590919637681,11.764412093305587,-0.003909950538995566,12,0.965938864628821,0.125,-0.0004887438173744457,-0.4851660249645901
2026-06-11 19:30:00,2026-06-12 13:30:00,2026-06-12 14:30:00,CRML,1,9.7754883685112,9.889505843305589,0.01166360906956454,10,0.982532751091703,0.125,0.0014579511336955675,1.4472783715763486
2026-06-11 19:30:00,2026-06-12 13:30:00,2026-06-12 14:30:00,SBSW,1,9.71048553814888,9.729513042259216,0.0019594801964930575,5,0.9755458515283842,0.125,0.0002449350245616322,0.24314200613227982
2026-06-11 19:30:00,2026-06-12 13:30:00,2026-06-12 14:30:00,NOW,1,103.38516625328063,100.01499564323426,-0.032598202742063376,2,0.9685589519650655,0.125,-0.004074775342757922,-4.044946422626505
2026-06-11 19:30:00,2026-06-12 13:30:00,2026-06-12 14:30:00,LUMN,1,8.520426457786561,8.55957241959572,0.004594366491290414,1,0.9895196506550218,0.125,0.0005742958114113017,0.5700917455550475
2026-06-11 19:30:00,2026-06-12 13:30:00,2026-06-12 14:30:00,EXK,1,8.200409809255602,8.404579482984543,0.024897496402984665,1,0.9868995633187774,0.125,0.003112187050373083,3.089404646154259
2026-06-12 13:30:00,2026-06-12 14:30:00,2026-06-12 15:30:00,OWL,1,9.702785186719895,9.959502038145065,0.02645805781380539,19,0.9703056768558952,0.1111111111111111,0.0029397842015339323,2.912750784608834
2026-06-12 13:30:00,2026-06-12 14:30:00,2026-06-12 15:30:00,S,1,14.685734669637682,14.794260326290129,0.007389869086823486,14,0.9572052401746725,0.1111111111111111,0.0008210965652026095,0.8135459954120424
2026-06-12 13:30:00,2026-06-12 14:30:00,2026-06-12 15:30:00,INFY,1,11.76558859333992,11.834408288145065,0.005849235187783242,13,0.965938864628821,0.1111111111111111,0.0006499150208648046,0.6439385877253399
2026-06-12 13:30:00,2026-06-12 14:30:00,2026-06-12 15:30:00,CRML,1,9.890494843339921,9.779510732984543,-0.011221289946894086,11,0.9930131004366812,0.1111111111111111,-0.0012468099940993428,-1.235344685054114
2026-06-12 13:30:00,2026-06-12 14:30:00,2026-06-12 15:30:00,SBSW,1,9.73048604221344,9.879506114435197,0.015314761418419032,6,0.994759825327511,0.1111111111111111,0.0017016401576021144,1.6859923601165214
2026-06-12 13:30:00,2026-06-12 14:30:00,2026-06-12 15:30:00,NOW,1,100.02499764289857,101.76991277580261,0.017444790542596067,3,0.9606986899563319,0.1111111111111111,0.0019383100602884517,1.9204859138893555
2026-06-12 13:30:00,2026-06-12 14:30:00,2026-06-12 15:30:00,LUMN,1,8.560428419637681,8.789560461854935,0.026766422307979765,2,0.9868995633187773,0.1111111111111111,0.0029740469231088625,2.9466984359698207
2026-06-12 13:30:00,2026-06-12 14:30:00,2026-06-12 15:30:00,EXK,1,8.405419982957842,8.55957241959572,0.018339647150341643,2,0.9868995633187774,0.1111111111111111,0.0020377385722601823,2.0190001096276116
2026-06-12 13:30:00,2026-06-12 14:30:00,2026-06-12 15:30:00,TTD,1,18.515925139617927,18.674065487098694,0.008540774835084974,0,0.97117903930131,0.1111111111111111,0.0009489749816761082,0.9402484784457853
2026-06-12 14:30:00,2026-06-12 15:30:00,2026-06-12 16:30:00,OWL,1,9.96049803814888,9.759512228870392,-0.020178289128586768,20,0.9703056768558952,0.125,-0.002522286141073346,-2.5308671124423943
2026-06-12 14:30:00,2026-06-12 15:30:00,2026-06-12 16:30:00,S,1,14.79573982629776,14.824258559274673,0.0019274962463333711,15,0.9572052401746725,0.125,0.0002409370307916714,0.24175671327309162
2026-06-12 14:30:00,2026-06-12 15:30:00,2026-06-12 16:30:00,INFY,1,11.835591788148882,11.80940991959572,-0.002212130075268326,14,0.965938864628821,0.125,-0.00027651625940854074,-0.27745698459686186
2026-06-12 14:30:00,2026-06-12 15:30:00,2026-06-12 16:30:00,CRML,1,9.78048873295784,9.710414761686325,-0.007164669699519566,12,0.9895196506550219,0.125,-0.0008955837124399457,-0.8986305428807468
2026-06-12 14:30:00,2026-06-12 15:30:00,2026-06-12 16:30:00,SBSW,1,9.880494114446641,9.81950869483948,-0.0061723046338333365,7,0.9895196506550219,0.125,-0.0007715380792291671,-0.7741628988561657
2026-06-12 14:30:00,2026-06-12 15:30:00,2026-06-12 16:30:00,NOW,1,101.78009027595522,101.52992691192627,-0.0024578811371721576,4,0.9694323144104803,0.125,-0.0003072351421465197,-0.30828037484846954
2026-06-12 14:30:00,2026-06-12 15:30:00,2026-06-12 16:30:00,TTD,1,18.675932987022403,19.954002173709867,0.06843402081039662,1,0.9781659388646288,0.125,0.008554252601299578,8.583354690654167
2026-06-12 14:30:00,2026-06-12 15:30:00,2026-06-12 16:30:00,OSCR,1,28.066403784084322,27.783610597419738,-0.010075861119939744,0,0.9781659388646289,0.125,-0.001259482639992468,-1.2637674767909566
2026-06-12 15:30:00,2026-06-12 16:30:00,2026-06-12 17:30:00,OWL,1,9.760488228893282,9.80451005516052,0.0045102074030398676,21,0.959825327510917,0.14285714285714285,0.0006443153432914096,0.6481963746530226
2026-06-12 15:30:00,2026-06-12 16:30:00,2026-06-12 17:30:00,S,1,14.825741059255602,14.894255707740784,0.004621330442191152,16,0.9572052401746725,0.14285714285714285,0.0006601900631701645,0.6641667158550126
2026-06-12 15:30:00,2026-06-12 16:30:00,2026-06-12 17:30:00,INFY,1,11.810590919637681,11.834408288145065,0.0020166110797879,15,0.965938864628821,0.14285714285714285,0.0002880872971125571,0.28982259000386806
2026-06-12 15:30:00,2026-06-12 16:30:00,2026-06-12 17:30:00,CRML,1,9.711385851716996,9.859506656694412,0.015252282963427843,13,0.9720524017467249,0.14285714285714285,0.0021788975662039773,2.192022148562953
2026-06-12 15:30:00,2026-06-12 16:30:00,2026-06-12 17:30:00,SBSW,1,9.820490694808964,9.864506521129607,0.004482039410099059,8,0.9737991266375545,0.14285714285714285,0.0006402913442998655,0.6441481371167226
2026-06-12 15:30:00,2026-06-12 16:30:00,2026-06-12 17:30:00,NOW,1,101.5400804122925,101.84490597419739,0.0030020220652493546,5,0.9589519650655021,0.14285714285714285,0.00042886029503562206,0.4314435336192034
2026-06-12 15:30:00,2026-06-12 16:30:00,2026-06-12 17:30:00,OSCR,1,27.786389097404484,27.828608423709866,0.0015194247139267425,1,0.9834061135371178,0.14285714285714285,0.00021706067341810607,0.21836813767404803
2026-06-12 16:30:00,2026-06-12 17:30:00,2026-06-12 18:30:00,OWL,1,9.805490555191039,9.674516440725327,-0.013357222030709548,22,0.959825327510917,0.1111111111111111,-0.0014841357811899497,-1.5005523460887698
2026-06-12 16:30:00,2026-06-12 17:30:00,2026-06-12 18:30:00,S,1,14.895745207786561,14.794260326290129,-0.006813011372091893,17,0.9572052401746725,0.1111111111111111,-0.0007570012635657659,-0.7653747294772556
2026-06-12 16:30:00,2026-06-12 17:30:00,2026-06-12 18:30:00,CRML,1,9.860492656660082,9.80451005516052,-0.005677464955237244,14,0.9720524017467249,0.1111111111111111,-0.0006308294394708048,-0.637807273011652
2026-06-12 16:30:00,2026-06-12 17:30:00,2026-06-12 18:30:00,SBSW,1,9.86549302110672,9.87450625,0.0009136116029879737,9,0.9895196506550219,0.1111111111111111,0.00010151240033199707,0.10263526586034454
2026-06-12 16:30:00,2026-06-12 17:30:00,2026-06-12 18:30:00,NOW,1,101.85509097404481,101.21494022064209,-0.00628491661320929,6,0.9589519650655021,0.1111111111111111,-0.0006983240681343656,-0.7060484842762258
2026-06-12 16:30:00,2026-06-12 17:30:00,2026-06-12 18:30:00,OSCR,1,27.83139142370224,28.21858831338882,0.013912236143422962,2,0.982532751091703,0.1111111111111111,0.0015458040159358846,1.5629027155765074
2026-06-12 16:30:00,2026-06-12 17:30:00,2026-06-12 18:30:00,MU,1,1000.5400147338868,993.8203016174317,-0.006716086330882387,0,0.988646288209607,0.1111111111111111,-0.0007462318145424874,-0.7544861556669759
2026-06-12 16:30:00,2026-06-12 17:30:00,2026-06-12 18:30:00,LUMN,1,8.705435173702242,8.65956684741974,-0.005268929739556616,0,0.9799126637554585,0.1111111111111111,-0.0005854366377285128,-0.591912365003083
2026-06-12 16:30:00,2026-06-12 17:30:00,2026-06-12 18:30:00,UAMY,1,7.155357959818841,7.1146440211296085,-0.005689993277465999,0,0.9790393013100437,0.1111111111111111,-0.0006322214752739998,-0.6392147066284395
2026-06-12 17:30:00,2026-06-12 18:30:00,2026-06-12 19:30:00,OWL,1,9.675483940744401,9.68451616959572,0.0009335170113076163,23,0.959825327510917,0.1111111111111111,0.00010372411236751292,0.10444284711652237
2026-06-12 17:30:00,2026-06-12 18:30:00,2026-06-12 19:30:00,S,1,14.79573982629776,14.764262093305588,-0.0021274862468333433,18,0.9572052401746725,0.1111111111111111,-0.00023638736075926037,-0.2380253580052848
2026-06-12 17:30:00,2026-06-12 18:30:00,2026-06-12 19:30:00,CRML,1,9.805490555191039,9.859506656694412,0.0055087607498409685,15,0.9834061135371178,0.1111111111111111,0.0006120845277601076,0.616325840694881
2026-06-12 17:30:00,2026-06-12 18:30:00,2026-06-12 19:30:00,SBSW,1,9.87549375,9.869506385564804,-0.0006062850715889967,10,0.9790393013100437,0.1111111111111111,-6.736500795433297e-05,-0.06783179982151738
2026-06-12 17:30:00,2026-06-12 18:30:00,2026-06-12 19:30:00,NOW,1,101.22506222076417,101.54992255516052,0.003209287574334585,7,0.9589519650655021,0.1111111111111111,0.00035658750825939833,0.35905840752668383
2026-06-12 17:30:00,2026-06-12 18:30:00,2026-06-12 19:30:00,OSCR,1,28.22141031332016,28.198590762901308,-0.0008085900089862541,3,0.982532751091703,0.1111111111111111,-8.9843334331806e-05,-0.09046588510497963
2026-06-12 17:30:00,2026-06-12 18:30:00,2026-06-12 19:30:00,MU,1,993.9196886169436,989.060651916504,-0.004888761895039173,1,0.9930131004366812,0.1111111111111111,-0.0005431957661154636,-0.5469597286475187
2026-06-12 17:30:00,2026-06-12 18:30:00,2026-06-12 19:30:00,LUMN,1,8.660432847404481,8.57957092370987,-0.009336937901301967,1,0.9790393013100436,0.1111111111111111,-0.0010374375445891073,-1.0446262531372343
2026-06-12 17:30:00,2026-06-12 18:30:00,2026-06-12 19:30:00,UAMY,1,7.1153555211067205,7.094645040202141,-0.0029106740827137267,1,0.9895196506550218,0.1111111111111111,-0.0003234082314126363,-0.32564922175448047
2026-06-12 18:30:00,2026-06-12 19:30:00,2026-06-15 13:30:00,OWL,1,9.685484669637681,9.989500271129609,0.03138878557569402,24,0.959825327510917,0.1111111111111111,0.00348764284174378,3.5075069266924856
2026-06-12 18:30:00,2026-06-12 19:30:00,2026-06-15 13:30:00,S,1,14.765738593339922,15.189240080404282,0.028681361544310446,19,0.9572052401746725,0.1111111111111111,0.003186817949367827,3.2049686675849056
2026-06-12 18:30:00,2026-06-12 19:30:00,2026-06-15 13:30:00,CRML,1,9.860492656660082,10.32948342370987,0.04756261004190465,16,0.9834061135371178,0.1111111111111111,0.0052847344491005165,5.314833980156798
2026-06-12 18:30:00,2026-06-12 19:30:00,2026-06-15 13:30:00,SBSW,1,9.870493385553361,10.91945407629013,0.10627236651331406,11,0.9895196506550219,0.1111111111111111,0.011808040723701563,11.875294148050516
2026-06-12 18:30:00,2026-06-12 19:30:00,2026-06-15 13:30:00,NOW,1,101.56007805519106,104.79476305160522,0.031849965639612066,8,0.9589519650655021,0.1111111111111111,0.0035388850710680072,3.5590410092948277
2026-06-12 18:30:00,2026-06-12 19:30:00,2026-06-15 13:30:00,OSCR,1,28.201410762977602,28.06859619483948,-0.004709500856335924,4,0.9703056768558951,0.1111111111111111,-0.0005232778729262138,-0.5262582343311067
2026-06-12 18:30:00,2026-06-12 19:30:00,2026-06-15 13:30:00,MU,1,989.1595629272462,1055.837220147705,0.06740839367021634,2,0.9930131004366812,0.1111111111111111,0.007489821518912926,7.532480259401371
2026-06-12 18:30:00,2026-06-12 19:30:00,2026-06-15 13:30:00,LUMN,1,8.580428923702241,8.839558152580262,0.030200032094224616,2,0.9807860262008734,0.1111111111111111,0.0033555591215805127,3.37467091555313
2026-06-12 18:30:00,2026-06-12 19:30:00,2026-06-15 13:30:00,UAMY,1,7.095354540181161,7.5296237097978596,0.061204717418618326,2,0.9868995633187773,0.1111111111111111,0.006800524157624258,6.839256962470533
2026-06-12 19:30:00,2026-06-15 13:30:00,2026-06-15 14:30:00,OWL,1,9.99049927110672,9.774510868549346,-0.02161938024279031,25,0.959825327510917,0.1111111111111111,-0.002402153360310034,-2.5231674960830746
2026-06-12 19:30:00,2026-06-15 13:30:00,2026-06-15 14:30:00,CRML,1,10.330516423702242,10.37448125,0.004255820763895857,17,0.988646288209607,0.1111111111111111,0.0004728689737662063,0.4966908625513654
2026-06-12 19:30:00,2026-06-15 13:30:00,2026-06-15 14:30:00,SBSW,1,10.920546076297759,10.869556516361236,-0.004669140130931004,12,0.9877729257641922,0.1111111111111111,-0.0005187933478812227,-0.5449287852250505
2026-06-12 19:30:00,2026-06-15 13:30:00,2026-06-15 14:30:00,NOW,1,104.8052430519104,105.29473805160521,0.004670520151862645,9,0.9589519650655021,0.1111111111111111,0.0005189466835402939,0.5450898455292557
2026-06-12 19:30:00,2026-06-15 13:30:00,2026-06-15 14:30:00,OSCR,1,28.071403194808962,28.04359782629013,-0.0009905229291841122,5,0.9703056768558951,0.1111111111111111,-0.00011005810324267913,-0.11560253952588709
2026-06-12 19:30:00,2026-06-15 13:30:00,2026-06-15 14:30:00,MU,1,1055.94280914917,1069.6364569091797,0.012968171799989214,3,0.9930131004366812,0.1111111111111111,0.0014409079777765793,1.5134971124006096
2026-06-12 19:30:00,2026-06-15 13:30:00,2026-06-15 14:30:00,LUMN,1,8.840442152595521,8.499474869203567,-0.03856903054242,3,0.9807860262008734,0.1111111111111111,-0.004285447838046666,-4.50133737078438
2026-06-12 19:30:00,2026-06-15 13:30:00,2026-06-15 14:30:00,UAMY,1,7.5303767098188406,7.454627173709869,-0.010059196110362212,3,0.9895196506550218,0.1111111111111111,-0.0011176884567069125,-1.1739946463477078
2026-06-12 19:30:00,2026-06-15 13:30:00,2026-06-15 14:30:00,SATS,1,117.19586194152832,111.73441086387633,-0.04660105729993114,0,0.97117903930131,0.1111111111111111,-0.005177895255547904,-5.438743929835954
2026-06-15 13:30:00,2026-06-15 14:30:00,2026-06-15 15:30:00,OWL,1,9.7754883685112,9.794510326290128,0.0019458831172263213,26,0.959825327510917,0.1,0.00019458831172263215,0.202085764666398
2026-06-15 13:30:00,2026-06-15 14:30:00,2026-06-15 15:30:00,CRML,1,10.375518750000001,10.334483288145066,-0.003955027487655527,18,0.988646288209607,0.1,-0.0003955027487655527,-0.41074139913334295
2026-06-15 13:30:00,2026-06-15 14:30:00,2026-06-15 15:30:00,SBSW,1,10.870643526363374,10.739462771129608,-0.01206743233881491,13,0.9982532751091703,0.1,-0.0012067432338814911,-1.2532388354473791
2026-06-15 13:30:00,2026-06-15 14:30:00,2026-06-15 15:30:00,OSCR,1,28.046402326297763,28.103594292259217,0.002039190812998859,6,0.9703056768558951,0.1,0.0002039190812998859,0.21177604713122075
2026-06-15 13:30:00,2026-06-15 14:30:00,2026-06-15 15:30:00,MU,1,1069.7434259033205,1074.2662302917481,0.004227933800676098,4,0.9895196506550219,0.1,0.00042279338006760985,0.43908353359189234
2026-06-15 13:30:00,2026-06-15 14:30:00,2026-06-15 15:30:00,LUMN,1,8.500324859189988,8.41957907629013,-0.00949914082548975,4,0.9807860262008734,0.1,-0.000949914082548975,-0.9865141027222478
2026-06-15 13:30:00,2026-06-15 14:30:00,2026-06-15 15:30:00,UAMY,1,7.455372673702241,7.464626902580261,0.0012412832038113386,4,0.9895196506550218,0.1,0.00012412832038113386,0.12891096242580505
2026-06-15 13:30:00,2026-06-15 14:30:00,2026-06-15 15:30:00,SATS,1,111.74558486366271,110.73446086387634,-0.00904844697909113,1,0.9895196506550218,0.1,-0.000904844697909113,-0.9397082027308189
2026-06-15 13:30:00,2026-06-15 14:30:00,2026-06-15 15:30:00,EXK,1,9.335466788148882,9.244537635564804,-0.009740182751173165,0,0.993886462882096,0.1,-0.0009740182751173166,-1.011547025531007
2026-06-15 13:30:00,2026-06-15 14:30:00,2026-06-15 15:30:00,BE,1,274.4537244415283,271.54641955871574,-0.010593060410196697,0,0.9746724890829694,0.1,-0.0010593060410196697,-1.1001209138415924
2026-06-15 14:30:00,2026-06-15 15:30:00,2026-06-15 16:30:00,OWL,1,9.795489826297759,9.80451005516052,0.000920855314304525,27,0.959825327510917,0.1,9.208553143045251e-05,0.09518458048309812
2026-06-15 14:30:00,2026-06-15 15:30:00,2026-06-15 16:30:00,SBSW,1,10.74053677110672,10.69446494483948,-0.00428952735315602,14,0.9965065502183406,0.1,-0.000428952735315602,-0.4433887226782155
2026-06-15 14:30:00,2026-06-15 15:30:00,2026-06-15 16:30:00,OSCR,1,28.106404792213443,28.668566576290132,0.020001198596286907,7,0.9703056768558951,0.1,0.0020001198596286906,2.0674319493769193
2026-06-15 14:30:00,2026-06-15 15:30:00,2026-06-15 16:30:00,MU,1,1074.373662286377,1077.626169708252,0.003027352155071661,5,0.9973799126637555,0.1,0.0003027352155071661,0.3129234749247546
2026-06-15 14:30:00,2026-06-15 15:30:00,2026-06-15 16:30:00,LUMN,1,8.42042107629776,8.41957907629013,-9.99950002500416e-05,5,0.9807860262008734,0.1,-9.99950002500416e-06,-0.010336023478776301
2026-06-15 14:30:00,2026-06-15 15:30:00,2026-06-15 16:30:00,UAMY,1,7.465373402595521,7.504624864435196,0.00525780288847022,5,0.9895196506550218,0.1,0.000525780288847022,0.5434749134068175
2026-06-15 14:30:00,2026-06-15 15:30:00,2026-06-15 16:30:00,SATS,1,110.74553486366271,111.22943886032104,0.004369512479704518,2,0.9851528384279475,0.1,0.00043695124797045183,0.4516564175018657
2026-06-15 14:30:00,2026-06-15 15:30:00,2026-06-15 16:30:00,EXK,1,9.24546213555336,9.094545517015456,-0.016323318004575982,1,0.993886462882096,0.1,-0.0016323318004575983,-1.6872663405664534
2026-06-15 14:30:00,2026-06-15 15:30:00,2026-06-15 16:30:00,BE,1,271.57357555847165,276.66615867614746,0.01875213045747648,1,0.9868995633187772,0.1,0.001875213045747648,1.9383215180848248
2026-06-15 14:30:00,2026-06-15 15:30:00,2026-06-15 16:30:00,WDC,1,646.1023108245851,640.7879663238525,-0.008225236795624702,0,0.977292576419214,0.1,-0.0008225236795624702,-0.8502049145005758
2026-06-15 15:30:00,2026-06-15 16:30:00,2026-06-15 17:30:00,OWL,1,9.805490555191039,9.754512364435197,-0.005198943435711589,28,0.959825327510917,0.1,-0.000519894343571159,-0.5385941421831774
2026-06-15 15:30:00,2026-06-15 16:30:00,2026-06-15 17:30:00,SBSW,1,10.695534444808963,10.674466440725327,-0.001969794421433635,15,0.9965065502183406,0.1,-0.0001969794421433635,-0.20406448921944206
2026-06-15 15:30:00,2026-06-15 16:30:00,2026-06-15 17:30:00,OSCR,1,28.671433576297762,28.578570923709865,-0.00323885627625764,8,0.9703056768558951,0.1,-0.000323885627625764,-0.3355352946875869
2026-06-15 15:30:00,2026-06-15 16:30:00,2026-06-15 17:30:00,MU,1,1077.7339377136232,1078.5110131591796,0.0007210271648352418,6,0.9973799126637555,0.1,7.210271648352418e-05,0.0746961401171799
2026-06-15 15:30:00,2026-06-15 16:30:00,2026-06-15 17:30:00,LUMN,1,8.42042107629776,8.354581792259216,-0.007819001382706636,6,0.9807860262008734,0.1,-0.0007819001382706637,-0.8100238816834818
2026-06-15 15:30:00,2026-06-15 16:30:00,2026-06-15 17:30:00,UAMY,1,7.505375364446641,7.4346281927824025,-0.00942620032028929,6,0.9895196506550218,0.1,-0.0009426200320289291,-0.9765246224222707
2026-06-15 15:30:00,2026-06-15 16:30:00,2026-06-15 17:30:00,SATS,1,111.24056236038209,112.87435325355528,0.014687006776181732,3,0.9851528384279475,0.1,0.0014687006776181732,1.5215275783767805
2026-06-15 15:30:00,2026-06-15 16:30:00,2026-06-15 17:30:00,EXK,1,9.09545501704216,9.099545381450655,0.00044971520400349796,2,0.993886462882096,0.1,4.49715204003498e-05,0.04658907670801468
2026-06-15 15:30:00,2026-06-15 16:30:00,2026-06-15 17:30:00,BE,1,276.6938266754151,273.656329927063,-0.0109778262307072,2,0.9868995633187772,0.1,-0.00109778262307072,-1.1372681728272083
2026-06-15 15:30:00,2026-06-15 16:30:00,2026-06-15 17:30:00,WDC,1,640.852048324585,649.7325263977051,0.013857298414410746,1,0.9807860262008733,0.1,0.0013857298414410746,1.4355724090435928
2026-06-15 16:30:00,2026-06-15 17:30:00,2026-06-15 18:30:00,OWL,1,9.755487864446641,9.734512906694412,-0.002150067535696576,29,0.959825327510917,0.1,-0.0002150067535696576,-0.2225416295671555
2026-06-15 16:30:00,2026-06-15 17:30:00,2026-06-15 18:30:00,SBSW,1,10.675533940744401,10.639468343305587,-0.00337834132128656,16,1.0,0.1,-0.000337834132128656,-0.3496734732239907
2026-06-15 16:30:00,2026-06-15 17:30:00,2026-06-15 18:30:00,OSCR,1,28.58142892370224,28.48857527112961,-0.0032487407407272295,9,0.9703056768558951,0.1,-0.00032487407407272295,-0.33625923208426817
2026-06-15 16:30:00,2026-06-15 17:30:00,2026-06-15 18:30:00,MU,1,1078.6188696533204,1080.655925439453,0.0018885779244595113,7,0.993886462882096,0.1,0.00018885779244595116,0.19547628244040804
2026-06-15 16:30:00,2026-06-15 17:30:00,2026-06-15 18:30:00,LUMN,1,8.35541729221344,8.304585055160523,-0.0060837460626040896,7,0.9807860262008734,0.1,-0.000608374606260409,-0.6296949933742662
2026-06-15 16:30:00,2026-06-15 17:30:00,2026-06-15 18:30:00,UAMY,1,7.43537169277668,7.429628328347206,-0.0007724381062286234,7,0.9895196506550218,0.1,-7.724381062286235e-05,-0.07995080714717812
2026-06-15 16:30:00,2026-06-15 17:30:00,2026-06-15 18:30:00,SATS,1,112.88564125328064,114.55927419128416,0.014825915142284707,4,0.9799126637554585,0.1,0.0014825915142284707,1.534548687801788
2026-06-15 16:30:00,2026-06-15 17:30:00,2026-06-15 18:30:00,EXK,1,9.100455381488803,9.059547419595718,-0.0044951554815922945,3,0.9799126637554585,0.1,-0.0004495155481592295,-0.4652687459453156
2026-06-15 16:30:00,2026-06-15 17:30:00,2026-06-15 18:30:00,BE,1,273.68369692840577,276.35297243194583,0.009753140334984423,3,0.9877729257641922,0.1,0.0009753140334984423,1.009493751944586
2026-06-15 16:30:00,2026-06-15 17:30:00,2026-06-15 18:30:00,WDC,1,649.79750289917,644.2677727935791,-0.00850992821751273,2,0.9807860262008733,0.1,-0.000850992821751273,-0.8808157239634088
2026-06-15 17:30:00,2026-06-15 18:30:00,2026-06-15 19:30:00,SBSW,1,10.64053234333992,10.654466982984543,0.0013095810618295456,17,0.9982532751091703,0.1111111111111111,0.0001455090068699495,0.15057565204811366
2026-06-15 17:30:00,2026-06-15 18:30:00,2026-06-15 19:30:00,OSCR,1,28.491424271106723,28.673565487098696,0.006392843483668198,10,0.9703056768558951,0.1111111111111111,0.0007103159426297997,0.7350492489942296
2026-06-15 17:30:00,2026-06-15 18:30:00,2026-06-15 19:30:00,MU,1,1080.763996435547,1086.1456411743163,0.004979481881815628,8,0.9973799126637555,0.1111111111111111,0.0005532757646461809,0.5725409087457836
2026-06-15 17:30:00,2026-06-15 18:30:00,2026-06-15 19:30:00,LUMN,1,8.305415555191042,8.324583559274673,0.0023078922368491295,8,0.9807860262008734,0.1111111111111111,0.0002564324707610144,0.2653614873865435
2026-06-15 17:30:00,2026-06-15 18:30:00,2026-06-15 19:30:00,UAMY,1,7.4303713283300405,7.444627921652794,0.0019186919055305118,8,0.9895196506550218,0.1111111111111111,0.00021318798950339019,0.22061122688432605
2026-06-15 17:30:00,2026-06-15 18:30:00,2026-06-15 19:30:00,SATS,1,114.57073069152831,114.80425705871583,0.00203827247830235,5,0.9799126637554585,0.1111111111111111,0.00022647471981137218,0.2343606031102248
2026-06-15 17:30:00,2026-06-15 18:30:00,2026-06-15 19:30:00,EXK,1,9.060453419637682,9.094545517015456,0.0037627363442853667,4,0.9912663755458515,0.1111111111111111,0.0004180818160317074,0.4326394868099046
2026-06-15 17:30:00,2026-06-15 18:30:00,2026-06-15 19:30:00,BE,1,276.380609111023,277.1861522064209,0.0029146150954255656,4,0.9868995633187772,0.1111111111111111,0.0003238461217139517,0.3351224916538253
2026-06-15 17:30:00,2026-06-15 18:30:00,2026-06-15 19:30:00,WDC,1,644.3322027923584,645.6876847045899,0.002103700399199493,3,0.9737991266375545,0.1111111111111111,0.00023374448879994364,0.24188350653208418
