signal_date,exec_entry_date,exec_exit_date,ticker,side,entry_price,exit_price,position_return,holding_age,score,weight,regime_exposure,position_risk_scale,rolling_vol,rolling_beta,contribution_return,contribution_pnl
2026-03-02,2026-03-03,2026-03-04,ATI,1,162.30999755859375,159.57000732421875,-0.016881216656945974,0,0.9934383202099737,0.03333333333333333,1.0,1.0,0.2796606086169352,1.5011930607105433,-0.0005627072218981991,-0.5627072218981991
2026-03-02,2026-03-03,2026-03-04,FLEX,1,63.06999969482422,64.08000183105469,0.01601398669918419,0,0.9868766404199475,0.02459362419101084,1.0,0.7378087257303252,0.4873029198761786,1.682044427912511,0.00039384197067958215,0.39384197067958215
2026-03-02,2026-03-03,2026-03-04,QRVO,1,80.81999969482422,81.2699966430664,0.005567890991603264,0,0.9868766404199475,0.03333333333333333,1.0,1.0,0.2936111597660163,1.8077225120608316,0.00018559636638677547,0.18559636638677546
2026-03-02,2026-03-03,2026-03-04,NVMI,1,428.30999755859375,431.9800109863281,0.008568591554373617,0,0.9835958005249343,0.02334203130164477,1.0,0.7002609390493432,0.513431959872855,1.825772570722967,0.000200008332273198,0.200008332273198
2026-03-02,2026-03-03,2026-03-04,NDSN,1,286.0505788227948,287.45626941254403,0.004914133002401622,0,0.9796587926509186,0.03333333333333333,1.0,1.0,0.1804040169115778,1.0398348131024386,0.00016380443341338738,0.16380443341338738
2026-03-02,2026-03-03,2026-03-04,PH,1,990.4099731445312,990.8800048828124,0.0004745830020156383,0,0.9776902887139107,0.03333333333333333,1.0,1.0,0.19231331287005415,1.2585390944100157,1.5819433400521277e-05,0.015819433400521277
2026-03-02,2026-03-03,2026-03-04,FCX,1,64.01903575069464,66.73305063616851,0.042393873223003364,0,0.9724409448818898,0.029070799677053165,1.0,0.8721239903115949,0.41225370515269727,1.6183618196331788,0.0012324237960003191,1.232423796000319
2026-03-02,2026-03-03,2026-03-04,GOOG,1,298.2099175185301,302.47191306750557,0.014291930947301967,0,0.9724409448818898,0.03333333333333333,1.0,1.0,0.21819047901886185,0.981085578561805,0.0004763976982433989,0.4763976982433989
2026-03-02,2026-03-03,2026-03-04,WFRD,1,102.22000122070312,96.9800033569336,-0.051261962445645626,0,0.9678477690288714,0.03015559166489103,1.0,0.9046677499467309,0.3974236357819547,1.6595737879775285,-0.0015458348074518682,-1.5458348074518682
2026-03-03,2026-03-04,2026-03-05,ATI,1,159.57000732421875,159.89999389648438,0.002067973661210365,1,0.9960629921259843,0.016666666666666666,0.5,1.0,0.28023719495578087,1.5117224440006,3.446622768683941e-05,0.03447516650302608
2026-03-03,2026-03-04,2026-03-05,FLEX,1,64.08000183105469,63.34000015258789,-0.011548090782172449,1,0.9934383202099737,0.01219239140179976,0.5,0.7315434841079856,0.4919184233862043,1.671135364686785,-0.00014079884275976242,-0.1408353589397796
2026-03-03,2026-03-04,2026-03-05,QRVO,1,81.2699966430664,79.45999908447266,-0.0222714117553513,1,0.9803149606299213,0.016666666666666666,0.5,1.0,0.2931338012877644,1.7993086621513141,-0.00037119019592252167,-0.37128646410022287
2026-03-03,2026-03-04,2026-03-05,NVMI,1,431.9800109863281,436.010009765625,0.009329132545034424,1,0.9796587926509186,0.011683345546303013,0.5,0.7010007327781808,0.5133514139345733,1.8140415675811656,0.00010899547917089843,0.10902374714853554
2026-03-03,2026-03-04,2026-03-05,NDSN,1,287.45626941254403,285.30288018336114,-0.007491188950526806,1,0.9809711286089239,0.016666666666666666,0.5,1.0,0.18081271241132418,1.043799693308288,-0.00012485314917544675,-0.12488552983981614
2026-03-03,2026-03-04,2026-03-05,PH,1,990.8800048828124,978.77001953125,-0.01222144486909349,1,0.9888451443569554,0.016666666666666666,0.5,1.0,0.19157439407537696,1.2633034597045438,-0.00020369074781822482,-0.20374357501388476
2026-03-03,2026-03-04,2026-03-05,FCX,1,66.73305063616851,64.00905536801942,-0.040819282831837556,1,0.9704724409448819,0.014600821203098479,0.5,0.8760492721859088,0.4107756592764845,1.6229044159765305,-0.0005959950502663676,-0.5961496215832782
2026-03-03,2026-03-04,2026-03-05,GOOG,1,302.47191306750557,302.9865469194204,0.0017014269083555078,1,0.9724409448818898,0.016666666666666666,0.5,1.0,0.21958976645125097,0.9758336102814488,2.8357115139258462e-05,0.028364469557099523
2026-03-03,2026-03-04,2026-03-05,WFRD,1,96.9800033569336,95.73999786376952,-0.012786197672114419,1,0.9678477690288714,0.014996197793610555,0.5,0.8997718676166333,0.39994550873664,1.6665907469979027,-0.00019174434931923067,-0.19179407821642738
2026-03-03,2026-03-04,2026-03-05,BK,1,118.83000183105467,117.77999877929688,-0.008836178032300523,0,0.9901574803149606,0.016666666666666666,0.5,1.0,0.25464862169536284,0.9201250257673105,-0.0001472696338716754,-0.14730782825137423
2026-03-03,2026-03-04,2026-03-05,PHYS,1,39.380001068115234,39.02000045776367,-0.00914171154360488,0,0.9776902887139107,0.01618032578736921,0.5,0.9708195472421526,0.3706762171848718,0.007824704511358452,-0.00014791587102968082,-0.14795423301098726
2026-03-04,2026-03-05,2026-03-06,ATI,1,159.89999389648438,150.80999755859375,-0.05684800928619971,2,0.9849081364829396,0.03333333333333333,1.0,1.0,0.30895030935836876,1.5258885695049855,-0.0018949336428733235,-1.8919786316921459
2026-03-04,2026-03-05,2026-03-06,FLEX,1,63.34000015258789,61.150001525878906,-0.03457528609777727,2,0.9934383202099737,0.02443905388079887,1.0,0.7331716164239661,0.4976407413434452,1.687159369976273,-0.0008449872798876148,-0.8436695836878499
2026-03-04,2026-03-05,2026-03-06,QRVO,1,79.45999908447266,78.5,-0.012081539082980597,2,0.9757217847769029,0.03333333333333333,1.0,1.0,0.2934063126241065,1.798557102247958,-0.00040271796943268655,-0.40208996005251096
2026-03-04,2026-03-05,2026-03-06,NVMI,1,436.010009765625,425.739990234375,-0.023554549898454402,2,0.9796587926509186,0.023135630639210626,1.0,0.6940689191763187,0.5256769992844297,1.8355996004005732,-0.0005449493663234972,-0.5440995574255878
2026-03-04,2026-03-05,2026-03-06,NDSN,1,285.30288018336114,275.3535021227204,-0.034873037574126076,2,0.9763779527559056,0.03333333333333333,1.0,1.0,0.18430733386000656,1.0508501271415114,-0.0011624345858042024,-1.1606218536215438
2026-03-04,2026-03-05,2026-03-06,PH,1,978.77001953125,945.739990234375,-0.03374646611335075,2,0.9901574803149606,0.03333333333333333,1.0,1.0,0.1980191137228393,1.2665045831192705,-0.0011248822037783583,-1.12312803180396
2026-03-04,2026-03-05,2026-03-06,FCX,1,64.00905536801942,60.5067625047181,-0.054715584274208084,2,0.9704724409448819,0.028884889828176226,1.0,0.8665466948452868,0.421046054297554,1.646343545415771,-0.0015804536236447922,-1.5779890211787546
2026-03-04,2026-03-05,2026-03-06,GOOG,1,302.9865469194204,295.863567933826,-0.0235092252709449,2,0.9724409448818898,0.03333333333333333,1.0,1.0,0.22025253157881416,0.9785425878336238,-0.00078364084236483,-0.7824188114721259
2026-03-04,2026-03-05,2026-03-06,WFRD,1,95.73999786376952,94.33999633789062,-0.014622953385386328,2,0.9678477690288714,0.02946607992147039,1.0,0.8839823976441117,0.4127413257340497,1.687846319965064,-0.00043088111314172953,-0.43020918538748826
2026-03-04,2026-03-05,2026-03-06,BK,1,117.77999877929688,114.97000122070312,-0.023858019933072794,1,0.9849081364829397,0.03333333333333333,1.0,1.0,0.2559658549499993,0.9180366225666922,-0.0007952673311024264,-0.7940271695462309
2026-03-04,2026-03-05,2026-03-06,PHYS,1,39.02000045776367,38.86000061035156,-0.004100457343287234,1,0.9776902887139107,0.03171768293538938,1.0,0.9515304880616814,0.3834412783477132,0.02516123754929205,-0.00013005700590447357,-0.1298541914639344
2026-03-04,2026-03-05,2026-03-06,TFC,1,48.56999969482422,47.18000030517578,-0.02861847639246662,0,0.9803149606299213,0.03333333333333333,1.0,1.0,0.23630682803444894,1.0938751733131231,-0.0009539492130822206,-0.9524615986733809
2026-03-05,2026-03-06,2026-03-09,ATI,1,150.80999755859375,150.1699981689453,-0.004243746435973361,3,0.9934383202099737,0.016666666666666666,0.5,1.0,0.3087207386483257,1.5374041245728043,-7.072910726622269e-05,-0.06986442580840291
2026-03-05,2026-03-06,2026-03-09,FLEX,1,61.150001525878906,58.869998931884766,-0.03728540534915992,3,0.9947506561679791,0.012457702794476565,0.5,0.747462167668594,0.4897608852192758,1.6773476443400432,-0.000464490498411421,-0.45881198306132515
2026-03-05,2026-03-06,2026-03-09,QRVO,1,78.5,76.55000305175781,-0.02484072545531446,3,0.984251968503937,0.016666666666666666,0.5,1.0,0.2965580954799573,1.7873966436874915,-0.00041401209092190765,-0.4089506870364336
2026-03-05,2026-03-06,2026-03-09,NVMI,1,425.739990234375,405.3999938964844,-0.047775630207285036,3,0.9796587926509186,0.011584720440502135,0.5,0.6950832264301281,0.5266674823753478,1.831740116200375,-0.0005534673198202062,-0.5467010400316547
2026-03-05,2026-03-06,2026-03-09,NDSN,1,275.3535021227204,267.42783799210986,-0.02878359661130514,3,0.9835958005249343,0.016666666666666666,0.5,1.0,0.1820395203147791,1.0510642360962925,-0.000479726610188419,-0.4738618294682082
2026-03-05,2026-03-06,2026-03-09,PH,1,945.739990234375,900.8800048828124,-0.0474337405785763,3,0.9868766404199475,0.016666666666666666,0.5,1.0,0.19732804040507623,1.2618557665580075,-0.0007905623429762717,-0.7808975157835695
2026-03-05,2026-03-06,2026-03-09,FCX,1,60.5067625047181,57.13419098767088,-0.05573875344568702,3,0.9704724409448819,0.014494584168658271,0.5,0.8696750501194963,0.42093622538095005,1.6398445265061712,-0.0008079100532746016,-0.798033145878849
2026-03-05,2026-03-06,2026-03-09,GOOG,1,295.863567933826,294.135009765625,-0.0058424164227871556,3,0.9724409448818898,0.016666666666666666,0.5,1.0,0.21816643753411163,0.974324926138871,-9.737360704645259e-05,-0.09618318975223764
2026-03-05,2026-03-06,2026-03-09,WFRD,1,94.33999633789062,90.68000030517578,-0.03879580426954976,3,0.9678477690288714,0.014751753168713504,0.5,0.8851051901228103,0.4135979960240604,1.6562303359070805,-0.0005723061285661196,-0.5653095395139619
2026-03-05,2026-03-06,2026-03-09,BK,1,114.97000122070312,113.1500015258789,-0.015830213755764322,2,0.9914698162729658,0.016666666666666666,0.5,1.0,0.25591718769030203,0.9217360174111501,-0.00026383689592940536,-0.26061142227907086
2026-03-05,2026-03-06,2026-03-09,PHYS,1,38.86000061035156,38.77999877929688,-0.0020587192433900725,2,0.9776902887139107,0.015905549677620527,0.5,0.9543329806572317,0.3835953910480787,0.0318530461391803,-3.2745061198014144e-05,-0.032344744435262945
2026-03-05,2026-03-06,2026-03-09,TFC,1,47.18000030517578,46.060001373291016,-0.02373884961085726,1,0.9744094488188977,0.016666666666666666,0.5,1.0,0.23652146938080323,1.0916272496210055,-0.00039564749351428765,-0.39081060153731156
2026-03-05,2026-03-06,2026-03-09,MTZ,1,286.75,281.4100036621094,-0.018622480690115517,0,0.9698162729658792,0.016132627339521477,0.5,0.9679576403712886,0.37819602597988633,1.5026945840295984,-0.0003004295411110684,-0.2967567129979939
2026-03-06,2026-03-09,2026-03-10,ATI,1,150.1699981689453,156.2899932861328,0.04075378032769472,4,0.9685039370078741,0.016666666666666666,0.5,1.0,0.32697116309446816,1.5403293038572008,0.0006792296721282454,0.6673857277479028
2026-03-06,2026-03-09,2026-03-10,FLEX,1,58.869998931884766,61.41999816894531,0.04331576835955109,4,0.9829396325459318,0.012517772092606995,0.5,0.7510663255564197,0.48937864780513324,1.6733553123822307,0.0005422169163410177,0.5327621070728924
2026-03-06,2026-03-09,2026-03-10,QRVO,1,76.55000305175781,77.55000305175781,0.013063356762035294,4,0.984251968503937,0.016666666666666666,0.5,1.0,0.290148625350321,1.7914032206540427,0.00021772261270058824,0.2139261140772452
2026-03-06,2026-03-09,2026-03-10,NVMI,1,405.3999938964844,433.0499877929688,0.06820422869454856,4,0.9796587926509186,0.011687051804089778,0.5,0.7012231082453867,0.5241638766475845,1.8318288855296803,0.0007971063540111755,0.7832069563412465
2026-03-06,2026-03-09,2026-03-10,NDSN,1,267.42783799210986,269.54134817896534,0.007903104638335545,4,0.9763779527559056,0.016666666666666666,0.5,1.0,0.1909478273841808,1.057757640548569,0.00013171841063892576,0.12942159471127884
2026-03-06,2026-03-09,2026-03-10,PH,1,900.8800048828124,930.510009765625,0.032890068291244745,4,0.9954068241469816,0.016666666666666666,0.5,1.0,0.20356080955484698,1.2559522571387032,0.0005481678048540791,0.5386092280453788
2026-03-06,2026-03-09,2026-03-10,FCX,1,57.13419098767088,60.84601923563811,0.06496684706305222,4,0.9704724409448819,0.014062186448679452,0.5,0.8437311869207671,0.4356314291927282,1.647149039977418,0.0009135759163834834,0.897645601815566
2026-03-06,2026-03-09,2026-03-10,GOOG,1,294.135009765625,305.875,0.03991361056859488,4,0.9809711286089239,0.016666666666666666,0.5,1.0,0.21862038300157388,0.9865893396756122,0.0006652268428099147,0.6536270702295086
2026-03-06,2026-03-09,2026-03-10,WFRD,1,90.68000030517578,89.94000244140625,-0.00816054103748487,4,0.9678477690288714,0.014985040691330625,0.5,0.8991024414798374,0.4088030527509286,1.6482287643446116,-0.0001222860395099842,-0.12015369884543331
2026-03-06,2026-03-09,2026-03-10,BK,1,113.1500015258789,115.37999725341795,0.019708313720429027,3,0.9901574803149606,0.016666666666666666,0.5,1.0,0.2577207669489526,0.915984468992924,0.00032847189534048377,0.32274422616088433
2026-03-06,2026-03-09,2026-03-10,PHYS,1,38.77999877929688,39.66999816894531,0.022949959197099412,3,0.9776902887139107,0.015925677060795968,0.5,0.9555406236477582,0.3846574532955316,0.03758119737306131,0.00036549363873144956,0.35912040960713804
2026-03-06,2026-03-09,2026-03-10,TFC,1,46.060001373291016,46.790000915527344,0.015848882337629266,2,0.9744094488188977,0.016666666666666666,0.5,1.0,0.23809033599741442,1.0846007291082451,0.0002641480389604878,0.2595420053756743
2026-03-06,2026-03-09,2026-03-10,MTZ,1,281.4100036621094,295.1000061035156,0.04864788835951939,1,0.9698162729658792,0.015939559449425128,0.5,0.9563735669655077,0.38432244000531524,1.5016049471459703,0.0007754259085955559,0.7619045597656299
2026-03-06,2026-03-09,2026-03-10,BA,1,226.75,224.1000061035156,-0.011686852906215628,0,0.989501312335958,0.016666666666666666,0.5,1.0,0.24421836071530315,1.1939481904469067,-0.00019478088177026046,-0.19138442542462916
2026-03-06,2026-03-09,2026-03-10,WBS,1,67.94999694824219,68.76000213623047,0.011920606686785629,0,0.9750656167979003,0.016666666666666666,0.5,1.0,0.27845532115553884,1.3263513812687369,0.0001986767781130938,0.1952123877806396
2026-03-09,2026-03-10,2026-03-11,ATI,1,156.2899932861328,157.02999877929688,0.004734823244948672,5,0.9921259842519685,0.016666666666666666,0.5,1.0,0.33332082510885136,1.5414255626341549,7.891372074914453e-05,0.07800627189436489
2026-03-09,2026-03-10,2026-03-11,FLEX,1,61.41999816894531,60.75,-0.010908469373482887,5,0.9790026246719159,0.012269985620934966,0.5,0.736199137256098,0.5012385640519987,1.684652872393602,-0.00013384676235904448,-0.13230762455049053
2026-03-09,2026-03-10,2026-03-11,QRVO,1,77.55000305175781,78.19999694824219,0.008381610198655354,5,0.984251968503937,0.016666666666666666,0.5,1.0,0.29164591441593934,1.788568817051704,0.00013969350331092257,0.13808713234784734
2026-03-09,2026-03-10,2026-03-11,NVMI,1,433.0499877929688,434.0499877929688,0.0023092022357429354,5,0.9875328083989501,0.01139632825517806,0.5,0.6837796953106836,0.5396641651473755,1.8473086479521332,2.631642668611756e-05,0.02601380743269111
2026-03-09,2026-03-10,2026-03-11,NDSN,1,269.54134817896534,270.74761692221796,0.004475264190085149,5,0.9744094488188977,0.016666666666666666,0.5,1.0,0.20096097637456892,1.0618370490075542,7.458773650141915e-05,0.07373003323478472
2026-03-09,2026-03-10,2026-03-11,PH,1,930.510009765625,945.760009765625,0.01638886184990218,5,0.994750656167979,0.016666666666666666,0.5,1.0,0.22164323995401716,1.2636955116500108,0.00027314769749836967,0.27000670296753865
2026-03-09,2026-03-10,2026-03-11,FCX,1,60.84601923563811,61.17529476970697,0.005411619991008365,5,0.9704724409448819,0.013758355380972037,0.5,0.8255013228583222,0.4470149086337672,1.6391065036738333,7.445499102306579e-05,0.07359881423029631
2026-03-09,2026-03-10,2026-03-11,GOOG,1,305.875,306.29998779296875,0.0013894165687575732,5,0.9809711286089239,0.016666666666666666,0.5,1.0,0.21697336719513574,0.9851782292660966,2.315694281262622e-05,0.022890655264199568
2026-03-09,2026-03-10,2026-03-11,WFRD,1,89.94000244140625,90.9499969482422,0.011229647313985014,5,0.9678477690288714,0.014956733307845953,0.5,0.8974039984707572,0.4111987455409042,1.6577350862858424,0.0001679588400164425,0.1660274387901901
2026-03-09,2026-03-10,2026-03-11,BK,1,115.37999725341795,115.0,-0.003293441345672221,4,0.9901574803149606,0.016666666666666666,0.5,1.0,0.25857667166137993,0.9161357504536611,-5.489068909453702e-05,-0.05425948716305994
2026-03-09,2026-03-10,2026-03-11,PHYS,1,39.66999816894531,39.43999862670898,-0.00579782084326852,4,0.9776902887139107,0.01596052739976473,0.5,0.9576316439858837,0.38533751545495754,0.031659000114130066,-9.253627842791427e-05,-0.09147218033333937
2026-03-09,2026-03-10,2026-03-11,TFC,1,46.790000915527344,46.41999816894531,-0.00790773112507559,3,0.9744094488188977,0.016666666666666666,0.5,1.0,0.24919650403654522,1.1019192387728636,-0.00013179551875125984,-0.13027996871229888
2026-03-09,2026-03-10,2026-03-11,MTZ,1,295.1000061035156,298.0400085449219,0.009962732567260435,2,0.9934383202099738,0.015779259339418886,0.5,0.9467555603651332,0.38976417341795283,1.5037826442346842,0.0001572045409080769,0.15539680609011447
2026-03-09,2026-03-10,2026-03-11,BA,1,224.1000061035156,217.94000244140625,-0.027487744285307758,1,0.989501312335958,0.016666666666666666,0.5,1.0,0.2546023815696249,1.1693185517900302,-0.000458129071421796,-0.45286092923744115
2026-03-09,2026-03-10,2026-03-11,WBS,1,68.76000213623047,68.68000030517578,-0.0011634937255554645,1,0.9750656167979003,0.016666666666666666,0.5,1.0,0.27433002559858494,1.3240805865046141,-1.9391562092591074e-05,-0.0191685736104075
2026-03-09,2026-03-10,2026-03-11,JCI,1,132.95016196384455,133.06979547288554,0.0008998372568627122,0,0.9803149606299213,0.016666666666666666,0.5,1.0,0.2849928723908094,1.0521695978307517,1.4997287614378537e-05,0.014824830006990709
2026-03-09,2026-03-10,2026-03-11,AMAT,1,339.8500061035156,348.0,0.023981149772296817,0,0.9757217847769029,0.012138440471537849,0.5,0.728306428292271,0.5066705222962576,1.6881695403680914,0.00029109375895005837,0.28774639811489466
2026-03-09,2026-03-10,2026-03-11,FDX,1,363.2999877929688,359.7799987792969,-0.009688932375296,0,0.9639107611548556,0.016666666666666666,0.5,1.0,0.24736504970794185,1.0386291199562256,-0.00016148220625493334,-0.15962528148010047
2026-03-10,2026-03-11,2026-03-12,ATI,1,157.02999877929688,156.1300048828125,-0.005731350082663567,6,0.994750656167979,0.016666666666666666,0.5,1.0,0.3404388123288027,1.5543635924875943,-9.55225013777261e-05,-0.09444006442406104
2026-03-10,2026-03-11,2026-03-12,FLEX,1,60.75,62.83000183105469,0.0342387132683899,6,0.9835958005249343,0.012375032909121082,0.5,0.7425019745472649,0.49671481926444794,1.6790952263272256,0.0004237052034622856,0.41890388269416456
2026-03-10,2026-03-11,2026-03-12,QRVO,1,78.19999694824219,77.76000213623047,-0.005626532342487667,6,0.984251968503937,0.016666666666666666,0.5,1.0,0.2919610449415373,1.8031870465581858,-9.377553904146111e-05,-0.09271289822548258
2026-03-10,2026-03-11,2026-03-12,NVMI,1,434.0499877929688,431.0799865722656,-0.0068425326672737485,6,0.9803149606299213,0.01122136100375913,0.5,0.6732816602255478,0.5477822371801859,1.84455906589216,-7.678252923949358e-05,-0.075912448935419
2026-03-10,2026-03-11,2026-03-12,NDSN,1,270.74761692221796,270.1793999735357,-0.002098696029688485,6,0.9835958005249343,0.016666666666666666,0.5,1.0,0.2013916839798383,1.0706144419184584,-3.497826716147475e-05,-0.03458190223797854
2026-03-10,2026-03-11,2026-03-12,PH,1,945.760009765625,927.3300170898438,-0.019486965493866193,6,0.9908136482939632,0.016666666666666666,0.5,1.0,0.22208591120621762,1.2668469976041359,-0.0003247827582311032,-0.3211024017250226
2026-03-10,2026-03-11,2026-03-12,FCX,1,61.17529476970697,60.506764858810776,-0.010928102813609009,6,0.9704724409448819,0.013725551312036769,0.5,0.8235330787222062,0.4478408258512076,1.647677468485448,-0.00014999423591140383,-0.14829453896622818
2026-03-10,2026-03-11,2026-03-12,GOOG,1,306.29998779296875,306.2099914550781,-0.00029381763459768173,6,0.9809711286089239,0.016666666666666666,0.5,1.0,0.22352095306899245,0.9945545769107339,-4.896960576628029e-06,-0.004841469451371346
2026-03-10,2026-03-11,2026-03-12,WFRD,1,90.9499969482422,91.51000213623048,0.006157286495644065,6,0.9678477690288714,0.01494868683394997,0.5,0.8969212100369982,0.4111974719334899,1.663706634677222,9.20433475702924e-05,0.09100033551227323
2026-03-10,2026-03-11,2026-03-12,BK,1,115.0,115.27999877929688,0.0024347719938859758,5,0.9868766404199476,0.016666666666666666,0.5,1.0,0.25819086966643096,0.9108909207718172,4.057953323143293e-05,0.040119696170021715
2026-03-10,2026-03-11,2026-03-12,PHYS,1,39.43999862670898,39.34999847412109,-0.0022819512099815364,5,0.9776902887139107,0.015948645648543903,0.5,0.9569187389126341,0.3854159387763986,0.028089746044827085,-3.6394031235261526e-05,-0.035981623229464965
2026-03-10,2026-03-11,2026-03-12,TFC,1,46.41999816894531,44.63999938964844,-0.03834551593084046,4,0.9744094488188977,0.016666666666666666,0.5,1.0,0.24939968719784644,1.1007877724082877,-0.0006390919321806743,-0.6318499031906035
2026-03-10,2026-03-11,2026-03-12,MTZ,1,298.0400085449219,299.4200134277344,0.004630267223350026,3,0.9849081364829396,0.01547739259806574,0.5,0.9286435558839444,0.3971510185516562,1.4858846903427396,7.166446364974411e-05,0.0708523799773084
2026-03-10,2026-03-11,2026-03-12,BA,1,217.94000244140625,212.2100067138672,-0.02629162000252605,2,0.989501312335958,0.016666666666666666,0.5,1.0,0.2607722692873487,1.1564631921736213,-0.0004381936667087675,-0.433228166320205
2026-03-10,2026-03-11,2026-03-12,WBS,1,68.68000030517578,67.87000274658203,-0.011793790841505114,2,0.9750656167979003,0.016666666666666666,0.5,1.0,0.27428572947108637,1.3197121060576564,-0.0001965631806917519,-0.19433577618033374
2026-03-10,2026-03-11,2026-03-12,JCI,1,133.06979547288554,133.6081340263913,0.004045535289151747,1,0.9750656167979003,0.016666666666666666,0.5,1.0,0.28499045145577684,1.0526795149261896,6.742558815252912e-05,0.06666153835079396
2026-03-10,2026-03-11,2026-03-12,AMAT,1,348.0,344.19000244140625,-0.01094826884653377,1,0.9757217847769029,0.011982102896519605,0.5,0.7189261737911763,0.513003626152395,1.6957298618895296,-0.00013118328385792764,-0.12969674788888458
2026-03-10,2026-03-11,2026-03-12,FDX,1,359.7799987792969,355.69000244140625,-0.011368048117648688,1,0.9639107611548556,0.016666666666666666,0.5,1.0,0.24695539121870433,1.0461416578402414,-0.00018946746862747813,-0.18732047094000362
2026-03-10,2026-03-11,2026-03-12,ESLT,1,843.2176461243265,887.4398396841291,0.052444577936741066,0,0.9967191601049868,0.015816041704034684,0.5,0.948962502242081,0.38864732085763304,0.2415245942547096,0.000829465631797994,0.8200663359388651
2026-03-11,2026-03-12,2026-03-13,ATI,1,156.1300048828125,148.05999755859375,-0.05168774144518795,7,0.9921259842519685,0.016666666666666666,0.5,1.0,0.3404152041841892,1.5596695733677979,-0.0008614623574197992,-0.8509168536103298
2026-03-11,2026-03-12,2026-03-13,FLEX,1,62.83000183105469,63.29999923706055,0.007480461440533492,7,0.9809711286089239,0.01245238175457212,0.5,0.7471429052743273,0.4953461309543813,1.679929040857542,9.314956155787954e-05,0.09200928067642446
2026-03-11,2026-03-12,2026-03-13,QRVO,1,77.76000213623047,79.30000305175781,0.019804537978656,7,0.984251968503937,0.016666666666666666,0.5,1.0,0.2908551928118008,1.7936358988746457,0.0003300756329776,0.32603504569598757
2026-03-11,2026-03-12,2026-03-13,NVMI,1,431.0799865722656,425.80999755859375,-0.012225083923696478,7,0.9763779527559056,0.01125997375352074,0.5,0.6755984252112444,0.5478022647579939,1.8398314946106442,-0.00013765412411541068,-0.13596904515897656
2026-03-11,2026-03-12,2026-03-13,NDSN,1,270.1793999735357,269.2921113665183,-0.0032840720169793336,7,0.9835958005249343,0.016666666666666666,0.5,1.0,0.20141041960051662,1.0687643168081278,-5.4734533616322226e-05,-0.05406450639134949
2026-03-11,2026-03-12,2026-03-13,PH,1,927.3300170898438,906.4199829101562,-0.022548643734522478,7,0.9908136482939632,0.016666666666666666,0.5,1.0,0.22480153220455432,1.2657352645736673,-0.00037581072890870794,-0.37121028010300927
2026-03-11,2026-03-12,2026-03-13,FCX,1,60.506764858810776,58.920258217297864,-0.026220318425798195,7,0.9704724409448819,0.013687153645532083,0.5,0.821229218731925,0.45065901085341703,1.6495231822754328,-0.0003588815269286758,-0.3544883152267624
2026-03-11,2026-03-12,2026-03-13,GOOG,1,306.2099914550781,306.6549987792969,0.0014532749963647174,7,0.9809711286089239,0.016666666666666666,0.5,1.0,0.2222812297681895,0.9941477557071587,2.4221249939411955e-05,0.023924747972371613
2026-03-11,2026-03-12,2026-03-13,WFRD,1,91.51000213623048,86.12000274658203,-0.05890065854904458,7,0.9678477690288714,0.01499161391808762,0.5,0.8994968350852572,0.4114459695264798,1.6593304418712007,-0.0008830159324883834,-0.8722065827824151
2026-03-11,2026-03-12,2026-03-13,BK,1,115.27999877929688,117.72000122070312,0.02116587844590123,6,0.9816272965879265,0.016666666666666666,0.5,1.0,0.2582358601524115,0.9096237864784636,0.0003527646407650205,0.3484463083027922
2026-03-11,2026-03-12,2026-03-13,PHYS,1,39.34999847412109,38.790000915527344,-0.014231196450033679,6,0.9776902887139107,0.016001483000126236,0.5,0.9600889800075741,0.38547921609800595,0.02762887664541066,-0.00022772024806667074,-0.22493263381655657
2026-03-11,2026-03-12,2026-03-13,TFC,1,44.63999938964844,44.79999923706055,0.00358422602149977,5,0.9744094488188977,0.016666666666666666,0.5,1.0,0.24943662221866358,1.1017688702508717,5.9737100358329503e-05,0.059005834721509075
2026-03-11,2026-03-12,2026-03-13,MTZ,1,299.4200134277344,300.1600036621094,0.0024714120672952866,4,0.9803149606299213,0.015532281421030119,0.5,0.9319368852618072,0.39712383236519705,1.4906722364907365,3.838666773656022e-05,0.03791676124864218
2026-03-11,2026-03-12,2026-03-13,BA,1,212.2100067138672,205.0,-0.033975809272692725,3,0.989501312335958,0.016666666666666666,0.5,1.0,0.26949994669952704,1.1630243244293699,-0.0005662634878782121,-0.5593316309988603
2026-03-11,2026-03-12,2026-03-13,WBS,1,67.87000274658203,68.27999877929688,0.006040901961441136,3,0.9750656167979003,0.016666666666666666,0.5,1.0,0.27426737178006877,1.321750159078782,0.00010068169935735227,0.0994492145772896
2026-03-11,2026-03-12,2026-03-13,JCI,1,133.6081340263913,131.81366125826855,-0.01343086467900445,2,0.9783464566929134,0.016666666666666666,0.5,1.0,0.28505015910596304,1.05486572482634,-0.00022384774465007416,-0.22110753525657403
2026-03-11,2026-03-12,2026-03-13,AMAT,1,344.19000244140625,342.4700012207031,-0.00499724340771901,2,0.9757217847769029,0.01200855980019915,0.5,0.720513588011949,0.5136535293093129,1.6923116160430323,-6.000969629774471e-05,-0.05927509370546385
2026-03-11,2026-03-12,2026-03-13,FDX,1,355.69000244140625,354.70001220703125,-0.0027832950816155666,2,0.9639107611548556,0.016666666666666666,0.5,1.0,0.2475250065380577,1.0450933271881397,-4.638825136025944e-05,-0.04582039430043453
2026-03-11,2026-03-12,2026-03-13,ESLT,1,887.4398396841291,876.0421065844098,-0.012843386773999432,1,0.9980314960629921,0.01556701258676938,0.5,0.9340207552061628,0.3962378194861037,0.24304684704605348,-0.00019993316356759654,-0.19748570208552285
2026-03-12,2026-03-13,2026-03-16,ATI,1,148.05999755859375,144.89999389648438,-0.02134272399173065,8,0.9921259842519685,0.016666666666666666,0.5,1.0,0.3407543720834025,1.530886138745959,-0.00035571206652884417,-0.3503047381318424
2026-03-12,2026-03-13,2026-03-16,FLEX,1,63.29999923706055,64.55999755859375,0.019905186993991464,8,0.9750656167979003,0.013046216821325424,0.5,0.7827730092795254,0.47388304805021697,1.6713368381099527,0.0002596873853926395,0.25573976847011126
2026-03-12,2026-03-13,2026-03-16,QRVO,1,79.30000305175781,78.30999755859375,-0.012484305864627787,8,0.984251968503937,0.016666666666666666,0.5,1.0,0.29115827306594644,1.803304205460789,-0.00020807176441046312,-0.20490877820285375
2026-03-12,2026-03-13,2026-03-16,NVMI,1,425.80999755859375,445.9700012207031,0.047345068875080276,8,0.9632545931758529,0.011318114410096902,0.5,0.6790868646058141,0.5462377184752962,1.8302307223970025,0.0005358569062820763,0.5277111205786452
2026-03-12,2026-03-13,2026-03-16,NDSN,1,269.2921113665183,269.0329134656682,-0.0009625157585747557,8,0.9875328083989501,0.016666666666666666,0.5,1.0,0.1968884711768359,1.0797299010975028,-1.6041929309579262e-05,-0.015798069210188035
2026-03-12,2026-03-13,2026-03-16,PH,1,906.4199829101562,901.75,-0.005152118221359969,8,0.9927821522309711,0.016666666666666666,0.5,1.0,0.22601092373414405,1.2574283136378823,-8.586863702266616e-05,-0.08456331183672156
2026-03-12,2026-03-13,2026-03-16,FCX,1,58.920258217297864,57.08429984977925,-0.031160052977833197,8,0.9704724409448819,0.013681179118783483,0.5,0.820870747127009,0.4518894854848911,1.6321454470824415,-0.00042630626614051863,-0.41982580569053696
2026-03-12,2026-03-13,2026-03-16,GOOG,1,306.6549987792969,303.6000061035156,-0.009962311679060476,8,0.9822834645669292,0.016666666666666666,0.5,1.0,0.21779721391653006,0.9790018372272745,-0.00016603852798434128,-0.16351450664279002
2026-03-12,2026-03-13,2026-03-16,WFRD,1,86.12000274658203,87.3499984741211,0.014282346589775008,8,0.9678477690288714,0.015032444774229341,0.5,0.9019466864537604,0.41126916384302187,1.6349903465858846,0.00021469858635719556,0.21143486304824433
2026-03-12,2026-03-13,2026-03-16,BK,1,117.72000122070312,117.12000274658205,-0.005096826944439026,7,0.9744094488188977,0.016666666666666666,0.5,1.0,0.25974803778225747,0.9125108311686377,-8.494711574065043e-05,-0.0836557989864279
2026-03-12,2026-03-13,2026-03-16,PHYS,1,38.790000915527344,38.08000183105469,-0.018303662482989203,7,0.9776902887139107,0.016035906477977133,0.5,0.9621543886786279,0.38553361491003085,0.019244764693375525,-0.0002935158197816736,-0.289053962631978
2026-03-12,2026-03-13,2026-03-16,TFC,1,44.79999923706055,44.560001373291016,-0.005357095264657774,6,0.9744094488188977,0.016666666666666666,0.5,1.0,0.25296432614932424,1.0923726561487195,-8.928492107762957e-05,-0.08792766352413024
2026-03-12,2026-03-13,2026-03-16,MTZ,1,300.1600036621094,296.1400146484375,-0.013392820377884807,5,0.9803149606299213,0.01555898655308494,0.5,0.9335391931850964,0.3973511367029172,1.4728215074804836,-0.00020837871216739166,-0.20521105991811933
2026-03-12,2026-03-13,2026-03-16,BA,1,205.0,210.75,0.028048780487804903,4,0.989501312335958,0.016666666666666666,0.5,1.0,0.2686821725102932,1.157118266031128,0.0004674796747967484,0.4603733200834634
2026-03-12,2026-03-13,2026-03-16,WBS,1,68.27999877929688,67.88999938964844,-0.005711766207100344,4,0.9750656167979003,0.016666666666666666,0.5,1.0,0.2745557342555321,1.2949115545949073,-9.51961034516724e-05,-0.09374898753429206
2026-03-12,2026-03-13,2026-03-16,JCI,1,131.81366125826855,131.6199951171875,-0.0014692418011331698,3,0.9783464566929134,0.016666666666666666,0.5,1.0,0.2851319256215303,1.0543469682443702,-2.4487363352219495e-05,-0.024115120665840397
2026-03-12,2026-03-13,2026-03-16,AMAT,1,342.4700012207031,347.70001220703125,0.015271442659754886,3,0.9934383202099737,0.012027831318681128,0.5,0.7216698791208677,0.5140062933216804,1.6961845522344714,0.00018368233630444282,0.1808901040284368
2026-03-12,2026-03-13,2026-03-16,FDX,1,354.70001220703125,355.29998779296875,0.0016915014527467687,3,0.9639107611548556,0.016666666666666666,0.5,1.0,0.24739712193036828,1.047114049581064,2.819169087911281e-05,0.02776313715548544
2026-03-12,2026-03-13,2026-03-16,ESLT,1,876.0421065844098,889.1179872284265,0.014926086937759209,2,0.9980314960629921,0.015611823788934043,0.5,0.9367094273360426,0.39600632676855435,0.22526145514900678,0.0002330234391306069,0.2294811520446675
2026-03-12,2026-03-13,2026-03-16,TSM,1,342.9536271977217,340.2911403364549,-0.007763401959098748,0,0.9763779527559056,0.016666666666666666,0.5,1.0,0.36279415669352966,1.45809239824777,-0.0001293900326516458,-0.12742312046709808
2026-03-13,2026-03-16,2026-03-17,ATI,1,144.89999389648438,148.25999450683594,0.023188410986075825,9,0.9829396325459318,0.01661786848893631,0.5,0.9970721093361785,0.3758253448782416,1.560958139455243,0.00038534196423401396,0.3793726689648903
2026-03-13,2026-03-16,2026-03-17,FLEX,1,64.55999755859375,64.4800033569336,-0.0012390676066484918,9,0.9750656167979003,0.013205729132823895,0.5,0.7923437479694337,0.47293232302276067,1.6707569317238558,-1.6362791190656367e-05,-0.016109316767650813
2026-03-13,2026-03-16,2026-03-17,QRVO,1,78.30999755859375,78.7699966430664,0.00587407864657985,9,0.984251968503937,0.016666666666666666,0.5,1.0,0.29123266182543944,1.783488379722129,9.790131077633083e-05,0.09638473099655046
2026-03-13,2026-03-16,2026-03-17,NVMI,1,445.9700012207031,439.5,-0.014507705009290994,9,0.9763779527559056,0.011311980256037414,0.5,0.6787188153622449,0.552106352259805,1.8368634323033872,-0.00016411087262551482,-0.1615686468974591
2026-03-13,2026-03-16,2026-03-17,NDSN,1,269.0329134656682,269.74075876841687,0.0026310732528234126,9,0.9875328083989501,0.016666666666666666,0.5,1.0,0.20245179717987932,1.076845552025052,4.385122088039021e-05,0.043171925839511543
2026-03-13,2026-03-16,2026-03-17,PH,1,901.75,903.2000122070312,0.0016079980116787684,9,0.9835958005249343,0.016666666666666666,0.5,1.0,0.23776678262846446,1.2718937855144754,2.6799966861312806e-05,0.026384811154832953
2026-03-13,2026-03-16,2026-03-17,FCX,1,57.08429984977925,58.12201631605578,0.0181786667964281,9,0.9704724409448819,0.013584979261742281,0.5,0.8150987557045368,0.45972953183549975,1.6519738341420833,0.0002469568114355987,0.24313122724543473
2026-03-13,2026-03-16,2026-03-17,GOOG,1,303.6000061035156,304.6700134277344,0.0035243982302619603,9,0.9822834645669292,0.016666666666666666,0.5,1.0,0.2192125313910371,0.9795412282234536,5.873997050436601e-05,0.05783003527647778
2026-03-13,2026-03-16,2026-03-17,WFRD,1,87.3499984741211,87.94000244140625,0.006754481712554883,9,0.9678477690288714,0.014231466101055837,0.5,0.8538879660633503,0.4388455912867896,1.6657287655743935,9.612617752242639e-05,0.09463709616098116
2026-03-13,2026-03-16,2026-03-17,BK,1,117.12000274658205,116.66000366210938,-0.003927587719306902,8,0.9835958005249343,0.016666666666666666,0.5,1.0,0.258513900760893,0.8987034371414784,-6.54597953217817e-05,-0.0644457639345985
2026-03-13,2026-03-16,2026-03-17,PHYS,1,38.08000183105469,38.040000915527344,-0.0010504441597668501,8,0.9711286089238845,0.01607383231144897,0.5,0.9644299386869383,0.38854555870582924,0.03062291657973127,-1.688466327663326e-05,-0.01662310458338711
2026-03-13,2026-03-16,2026-03-17,TFC,1,44.560001373291016,45.150001525878906,0.013240577522547703,7,0.9744094488188977,0.016666666666666666,0.5,1.0,0.2586928169007833,1.096888245431361,0.00022067629204246172,0.2172578168480579
2026-03-13,2026-03-16,2026-03-17,MTZ,1,296.1400146484375,300.6600036621094,0.01526301340613423,6,0.9803149606299213,0.015573662326051738,0.5,0.9344197395631043,0.4010242437033178,1.4902075062217508,0.00023770101686513526,0.23401881329756002
2026-03-13,2026-03-16,2026-03-17,BA,1,210.75,214.67999267578125,0.018647652079626376,5,0.989501312335958,0.016666666666666666,0.5,1.0,0.2769020282104477,1.1815812410550859,0.0003107942013271063,0.3059797182760823
2026-03-13,2026-03-16,2026-03-17,WBS,1,67.88999938964844,68.61000061035156,0.010605409149744505,5,0.9750656167979003,0.016666666666666666,0.5,1.0,0.27605025405837424,1.3009516041856,0.0001767568191624084,0.17401869629403907
2026-03-13,2026-03-16,2026-03-17,JCI,1,131.6199951171875,132.14999389648438,0.004026734530912179,4,0.9783464566929134,0.016666666666666666,0.5,1.0,0.29238932642093357,1.0600844799492446,6.711224218186966e-05,0.06607261289946628
2026-03-13,2026-03-16,2026-03-17,AMAT,1,347.70001220703125,346.17999267578125,-0.0043716407186805695,4,0.9901574803149606,0.011980901384935792,0.5,0.7188540830961475,0.5212809917497891,1.7012057122741573,-5.237619634088173e-05,-0.05156484172588722
2026-03-13,2026-03-16,2026-03-17,FDX,1,355.29998779296875,357.6400146484375,0.006586059487376783,4,0.9639107611548556,0.016666666666666666,0.5,1.0,0.2526393949554132,1.0489466020187561,0.00010976765812294638,0.10806725789885303
2026-03-13,2026-03-16,2026-03-17,ESLT,1,889.1179872284265,932.790713204045,0.04911915696560798,3,0.9980314960629921,0.01573204809760079,0.5,0.9439228858560474,0.39698684603870527,0.23635044858236323,0.0007727449398965476,0.7607744224286851
2026-03-13,2026-03-16,2026-03-17,TSM,1,340.2911403364549,340.6000061035156,0.0009076515091028803,1,0.9849081364829397,0.01652107592714632,0.5,0.9912645556287794,0.37802720497965286,1.4746780855373445,1.4995379497277625e-05,0.014763087517166542
2026-03-13,2026-03-16,2026-03-17,CAT,1,705.3699951171875,707.3599853515625,0.0028212005729622014,0,0.9849081364829396,0.016448973841801457,0.5,0.9869384305080874,0.3796842414646193,1.2074691726938107,4.6405854427130536e-05,0.04568698580392684
2026-03-16,2026-03-17,2026-03-18,ATI,1,148.25999450683594,149.02000427246094,0.005126195830190472,10,0.9829396325459318,0.016666666666666666,0.5,1.0,0.36975771604288776,1.568766748021206,8.54365971698412e-05,0.08432878520191493
2026-03-16,2026-03-17,2026-03-18,FLEX,1,64.4800033569336,64.5999984741211,0.0018609663607376259,10,0.984251968503937,0.013534813502437895,0.5,0.8120888101462737,0.460539674779673,1.6680818157956843,2.518783262689433e-05,0.024861235087262366
2026-03-16,2026-03-17,2026-03-18,QRVO,1,78.7699966430664,77.4000015258789,-0.017392347030245725,10,0.984251968503937,0.016666666666666666,0.5,1.0,0.29107232272778977,1.7872417016453588,-0.0002898724505040954,-0.2861138250382171
2026-03-16,2026-03-17,2026-03-18,NVMI,1,439.5,449.489990234375,0.022730353206769083,10,0.9711286089238844,0.011278165662608081,0.5,0.6766899397564848,0.5526890449288556,1.8253123859749818,0.00025635668903553654,0.25303264503590295
2026-03-16,2026-03-17,2026-03-18,NDSN,1,269.74075876841687,268.723850718336,-0.0037699458351191373,10,0.9855643044619422,0.016666666666666666,0.5,1.0,0.20149281616054876,1.0774331483851607,-6.283243058531896e-05,-0.06201771510176639
2026-03-16,2026-03-17,2026-03-18,PH,1,903.2000122070312,910.469970703125,0.008049112486534504,10,0.9947506561679791,0.016666666666666666,0.5,1.0,0.2317037874233837,1.2737228622490804,0.00013415187477557508,0.1324123971123824
2026-03-16,2026-03-17,2026-03-18,FCX,1,58.12201631605578,56.156345192259394,-0.03381973386999271,10,0.9704724409448819,0.01334949620868038,0.5,0.8009697725208228,0.4669328723104262,1.6572009666767424,-0.00045147640907604704,-0.44562234903879433
2026-03-16,2026-03-17,2026-03-18,GOOG,1,304.6700134277344,307.9049987792969,0.010617997206770813,10,0.9822834645669292,0.016666666666666666,0.5,1.0,0.21832267223300342,0.9784847700046023,0.00017696662011284687,0.1746719858907611
2026-03-16,2026-03-17,2026-03-18,WFRD,1,87.94000244140625,87.54000091552734,-0.0045485730586080075,10,0.9678477690288714,0.01419758877875885,0.5,0.851855326725531,0.43904065019420785,1.6589948921500697,-6.457876981625786e-05,-0.06374141045918763
2026-03-16,2026-03-17,2026-03-18,BK,1,116.66000366210938,115.58000183105467,-0.009257687272004489,9,0.9835958005249343,0.016666666666666666,0.5,1.0,0.2555636587046265,0.9005790298980871,-0.0001542947878667415,-0.15229412751450827
2026-03-16,2026-03-17,2026-03-18,PHYS,1,38.040000915527344,36.880001068115234,-0.03049421186892287,9,0.9717847769028871,0.01598454922677537,0.5,0.9590729536065221,0.38995898602977047,0.03303751143295075,-0.0004874362307505154,-0.48111589838811053
2026-03-16,2026-03-17,2026-03-18,TFC,1,45.150001525878906,44.13999938964844,-0.022369924741897473,8,0.9744094488188977,0.016666666666666666,0.5,1.0,0.24954700479143957,1.0988735478272929,-0.00037283207903162453,-0.367997759163325
2026-03-16,2026-03-17,2026-03-18,MTZ,1,300.6600036621094,301.9599914550781,0.004323780273846278,7,0.984251968503937,0.01561243917401984,0.5,0.9367463504411905,0.399253347868214,1.4910037572521293,6.750475652725186e-05,0.06662945742066201
2026-03-16,2026-03-17,2026-03-18,BA,1,214.67999267578125,209.0,-0.026457950761901716,6,0.989501312335958,0.016666666666666666,0.5,1.0,0.28061594144020074,1.1728975967446023,-0.00044096584603169525,-0.4352480710047998
2026-03-16,2026-03-17,2026-03-18,WBS,1,68.61000061035156,68.48999786376953,-0.0017490561946434946,6,0.9750656167979003,0.016666666666666666,0.5,1.0,0.2740209133902074,1.2998919987962785,-2.9150936577391576e-05,-0.028772951527817368
2026-03-16,2026-03-17,2026-03-18,JCI,1,132.14999389648438,133.0500030517578,0.006810512272731772,5,0.9783464566929134,0.016666666666666666,0.5,1.0,0.29281657727840876,1.0584548018835331,0.00011350853787886287,0.11203673164020797
2026-03-16,2026-03-17,2026-03-18,AMAT,1,346.17999267578125,353.3900146484375,0.020827379181930006,5,0.9973753280839894,0.01201140365193643,0.5,0.7206842191161859,0.5189500568995834,1.6972838206866185,0.00025016605836609886,0.24692228505808683
2026-03-16,2026-03-17,2026-03-18,FDX,1,357.6400146484375,354.6499938964844,-0.008360420057840434,5,0.9639107611548556,0.016666666666666666,0.5,1.0,0.24611177294287004,1.0493097055312597,-0.00013934033429734057,-0.13753358057513204
2026-03-16,2026-03-17,2026-03-18,ESLT,1,932.790713204045,972.9472791616056,0.04304992040457467,4,0.9980314960629921,0.015718510119428392,0.5,0.9431106071657035,0.3965591243225889,0.23577408055707466,0.0006766806095198938,0.6679064436176684
2026-03-16,2026-03-17,2026-03-18,TSM,1,340.6000061035156,345.7799987792969,0.015208433890065542,2,0.9875328083989501,0.016584956482937722,0.5,0.9950973889762634,0.375841722287845,1.4692816041712464,0.0002522312142403723,0.24896066312906592
2026-03-16,2026-03-17,2026-03-18,CAT,1,707.3599853515625,701.3099975585938,-0.008552912121487677,1,0.9849081364829396,0.016635328906024337,0.5,0.9981197343614603,0.3747036589315005,1.2100355479523233,-0.00014228050624526988,-0.14043562884094415
2026-03-16,2026-03-17,2026-03-18,APG,1,41.40999984741211,42.04999923706055,0.015455189374709244,0,0.979002624671916,0.016666666666666666,0.5,1.0,0.23795618317466577,1.0673533011564673,0.0002575864895784874,0.25424649939414173
2026-03-16,2026-03-17,2026-03-18,SPG,1,191.47000122070312,190.97000122070312,-0.0026113751335054003,0,0.9750656167979003,0.016666666666666666,0.5,1.0,0.18516217032667606,0.8473252685182621,-4.352291889175667e-05,-0.04295857981430577
2026-03-17,2026-03-18,2026-03-19,ATI,1,149.02000427246094,144.75999450683594,-0.028586831589644923,11,0.9829396325459318,0.016666666666666666,0.5,1.0,0.3613468986131661,1.5733751753662713,-0.0004764471931607487,-0.4700579765233377
2026-03-17,2026-03-18,2026-03-19,FLEX,1,64.5999984741211,62.040000915527344,-0.039628446115510196,11,0.9730971128608923,0.013497774004394478,0.5,0.8098664402636687,0.4610302268932894,1.667589449232996,-0.0005348958098124809,-0.527722789892554
2026-03-17,2026-03-18,2026-03-19,QRVO,1,77.4000015258789,76.27999877929688,-0.014470319438011359,11,0.984251968503937,0.016666666666666666,0.5,1.0,0.2912052532084189,1.7918114979559556,-0.00024117199063352265,-0.23793784398064616
2026-03-17,2026-03-18,2026-03-19,NVMI,1,449.489990234375,450.5,0.0022470128091136576,11,0.9711286089238844,0.01123872087470121,0.5,0.6743232524820726,0.5537001836043703,1.8177086582508102,2.5253549763506668e-05,0.024914896492758475
2026-03-17,2026-03-18,2026-03-19,NDSN,1,268.723850718336,264.4700012207031,-0.01582981743623335,11,0.9816272965879265,0.016666666666666666,0.5,1.0,0.20048298585439464,1.0757657116044943,-0.0002638302906038892,-0.2602922933056018
2026-03-17,2026-03-18,2026-03-19,PH,1,910.469970703125,898.8900146484375,-0.012718657866052085,11,0.9908136482939633,0.016666666666666666,0.5,1.0,0.23088279968529846,1.2640870312038723,-0.0002119776311008681,-0.2091349844721751
2026-03-17,2026-03-18,2026-03-19,FCX,1,56.156345192259394,52.36469495616458,-0.06751953360058516,11,0.9704724409448819,0.013385149817381554,0.5,0.8031089890428932,0.46490938814293153,1.6768067288998025,-0.0009037590728435601,-0.8916395502872062
2026-03-17,2026-03-18,2026-03-19,GOOG,1,307.9049987792969,303.2099914550781,-0.015248233522782373,11,0.9822834645669292,0.016666666666666666,0.5,1.0,0.2147611589728881,0.9724485367558668,-0.0002541372253797062,-0.25072921330220893
2026-03-17,2026-03-18,2026-03-19,WFRD,1,87.54000091552734,85.69999694824219,-0.021019007859740424,11,0.9678477690288714,0.014174460807321864,0.5,0.8504676484393118,0.439020707481577,1.649857907371811,-0.00029793310311668084,-0.29393778282391053
2026-03-17,2026-03-18,2026-03-19,BK,1,115.58000183105467,113.66000366210938,-0.01661185446035718,10,0.9940944881889764,0.016666666666666666,0.5,1.0,0.25585421305389394,0.8951679583248882,-0.00027686424100595297,-0.2731514567974781
2026-03-17,2026-03-18,2026-03-19,PHYS,1,36.880001068115234,34.540000915527344,-0.06344902616098214,10,0.9717847769028871,0.015967306920497075,0.5,0.9580384152298245,0.3897264480970224,0.03527522076454893,-0.00101311007451905,-0.9995241413105781
2026-03-17,2026-03-18,2026-03-19,TFC,1,44.13999938964844,43.61000061035156,-0.012007222170944742,9,0.9744094488188977,0.016666666666666666,0.5,1.0,0.25181901744014196,1.1023885898299193,-0.0002001203695157457,-0.1974367302525725
2026-03-17,2026-03-18,2026-03-19,MTZ,1,301.9599914550781,297.6499938964844,-0.014273406015892443,8,0.984251968503937,0.01543388194231749,0.5,0.9260329165390494,0.40319615214485216,1.4977560901069151,-0.0002202940633640482,-0.21733989233529039
2026-03-17,2026-03-18,2026-03-19,BA,1,209.0,203.0500030517578,-0.028468884919819026,7,0.989501312335958,0.016666666666666666,0.5,1.0,0.28188379457911333,1.1814686323178194,-0.0004744814153303171,-0.46811856002024715
2026-03-17,2026-03-18,2026-03-19,WBS,1,68.48999786376953,68.16000366210938,-0.004818137128818956,7,0.9750656167979003,0.016666666666666666,0.5,1.0,0.2746927806439275,1.2964431008247077,-8.030228548031593e-05,-0.07922542175695287
2026-03-17,2026-03-18,2026-03-19,JCI,1,133.0500030517578,131.5500030517578,-0.011273956900372917,6,0.9783464566929134,0.016666666666666666,0.5,1.0,0.2918563754787828,1.058067785303076,-0.00018789928167288196,-0.18537952873099212
2026-03-17,2026-03-18,2026-03-19,AMAT,1,353.3900146484375,340.739990234375,-0.035796213502656826,6,0.9934383202099737,0.012029533934112305,0.5,0.7217720360467383,0.5173003248408504,1.7061116853487346,-0.0004306117650429394,-0.42483720724729923
2026-03-17,2026-03-18,2026-03-19,FDX,1,354.6499938964844,345.5599975585937,-0.02563089382300643,6,0.9639107611548556,0.016666666666666666,0.5,1.0,0.24610400084515044,1.0478504168173428,-0.0004271815637167738,-0.4214530053512854
2026-03-17,2026-03-18,2026-03-19,ESLT,1,972.9472791616056,942.5801067071982,-0.031211529241928715,5,0.9980314960629921,0.0157097626408722,0.5,0.9425857584523321,0.39611558456078855,0.24212953092898196,-0.000490325716049342,-0.48375038667873543
2026-03-17,2026-03-18,2026-03-19,TSM,1,345.7799987792969,329.2200012207031,-0.04789171616940058,3,0.9855643044619422,0.01661703890494364,0.5,0.9970223342966185,0.3744880088081755,1.4609746590008534,-0.0007958185108114478,-0.7851464847346342
2026-03-17,2026-03-18,2026-03-19,CAT,1,701.3099975585938,676.489990234375,-0.03539092186140558,2,0.9849081364829396,0.01664909627736672,0.5,0.9989457766420031,0.3737669425493023,1.208313022636875,-0.000589226865415304,-0.5813252592231339
2026-03-17,2026-03-18,2026-03-19,APG,1,42.04999923706055,40.45000076293945,-0.03804990495008009,1,0.979002624671916,0.016666666666666666,0.5,1.0,0.24587879941841484,1.0671319036734077,-0.0006341650825013349,-0.6256608491798981
2026-03-17,2026-03-18,2026-03-19,SPG,1,190.97000122070312,189.5,-0.0076975504597931454,1,0.9750656167979003,0.016666666666666666,0.5,1.0,0.18690730573147082,0.8377445881497364,-0.0001282925076632191,-0.1265720890393225
2026-03-17,2026-03-18,2026-03-19,WAB,1,238.5200042724609,234.3999938964844,-0.017273227830694737,0,0.9724409448818898,0.016666666666666666,0.5,1.0,0.212843636081534,1.0572682715097788,-0.00028788713051157894,-0.28402652797185424
2026-03-18,2026-03-19,2026-03-20,ATI,1,144.75999450683594,145.7899932861328,0.007115217037730881,12,0.9829396325459318,0.016666666666666666,0.5,1.0,0.3591195428157693,1.576983230851615,0.00011858695062884801,0.11589354488360644
2026-03-18,2026-03-19,2026-03-20,FLEX,1,62.040000915527344,65.08000183105469,0.049000658779269735,12,0.9770341207349081,0.013542250607222335,0.5,0.8125350364333401,0.45799190120116184,1.6735440740381506,0.00066357920110786,0.64850766057824
2026-03-18,2026-03-19,2026-03-20,QRVO,1,76.27999877929688,78.30999755859375,0.02661246475855794,12,0.984251968503937,0.016666666666666666,0.5,1.0,0.29004622579684664,1.7933483731607174,0.000443541079309299,0.4334671539327939
2026-03-18,2026-03-19,2026-03-20,NVMI,1,450.5,483.510009765625,0.07327416152192012,12,0.9711286089238844,0.011515926546165841,0.5,0.6909555927699504,0.5385794253966777,1.8301910928324028,0.0008438198618183235,0.8246546058460736
2026-03-18,2026-03-19,2026-03-20,NDSN,1,264.4700012207031,267.2099914550781,0.010360306355080562,12,0.9816272965879265,0.016666666666666666,0.5,1.0,0.2008295049415198,1.073691049624055,0.00017267177258467603,0.16874996548992915
2026-03-18,2026-03-19,2026-03-20,PH,1,898.8900146484375,897.760009765625,-0.0012571113978326887,12,0.9809711286089239,0.016666666666666666,0.5,1.0,0.22863455965276427,1.2634800780769666,-2.0951856630544812e-05,-0.020475987652356756
2026-03-18,2026-03-19,2026-03-20,FCX,1,52.36469495616458,52.95339796021392,0.011242364813585981,12,0.9704724409448819,0.013384912492962016,0.5,0.803094749577721,0.46337554357606564,1.6776024606945028,0.00015047806924380357,0.1470603365667688
2026-03-18,2026-03-19,2026-03-20,GOOG,1,303.2099914550781,304.07000732421875,0.0028363704804497125,12,0.973753280839895,0.016666666666666666,0.5,1.0,0.2164077843390667,0.9754951165958565,4.727284134082854e-05,0.04619915707973491
2026-03-18,2026-03-19,2026-03-20,WFRD,1,85.69999694824219,87.26000213623047,0.018203095023800575,12,0.9678477690288714,0.014144178289857392,0.5,0.8486506973914435,0.43850133779718353,1.6559530852229278,0.0002574678214438512,0.2516200843546153
2026-03-18,2026-03-19,2026-03-20,BK,1,113.66000366210938,114.8499984741211,0.010469776294828925,11,0.9960629921259843,0.016666666666666666,0.5,1.0,0.25467119117973114,0.8914686399650941,0.0001744962715804821,0.17053302555799965
2026-03-18,2026-03-19,2026-03-20,PHYS,1,34.540000915527344,35.15999984741211,0.01795017126377796,11,0.9717847769028871,0.01590982676165577,0.5,0.9545896056993464,0.38983712362552864,0.03466845230415675,0.000285584115148759,0.2790977868266925
2026-03-18,2026-03-19,2026-03-20,TFC,1,43.61000061035156,43.90999984741211,0.0068791385659676685,10,0.9744094488188977,0.016666666666666666,0.5,1.0,0.25166723715149164,1.099809757935267,0.00011465230943279448,0.1120482692134115
2026-03-18,2026-03-19,2026-03-20,MTZ,1,297.6499938964844,312.6300048828125,0.05032760387536861,9,0.9796587926509186,0.016005125042186683,0.5,0.9603075025312009,0.3875159416622072,1.4980123971572787,0.0008054995930989137,0.7872046861100954
2026-03-18,2026-03-19,2026-03-20,BA,1,203.0500030517578,201.0500030517578,-0.009849790543909553,8,0.989501312335958,0.016666666666666666,0.5,1.0,0.2809769138117566,1.1857985174117558,-0.0001641631757318259,-0.1604346201164862
2026-03-18,2026-03-19,2026-03-20,WBS,1,68.16000366210938,68.5999984741211,0.006455322599348889,8,0.9750656167979003,0.016666666666666666,0.5,1.0,0.27497602625210926,1.2906731282673307,0.00010758870998914815,0.10514510175003547
2026-03-18,2026-03-19,2026-03-20,JCI,1,131.5500030517578,133.0800018310547,0.01163054917372297,7,0.9776902887139107,0.016666666666666666,0.5,1.0,0.285580844522599,1.0553652459444403,0.00019384248622871618,0.1894398393665468
2026-03-18,2026-03-19,2026-03-20,AMAT,1,340.739990234375,359.7699890136719,0.055849032472552684,7,0.9875328083989501,0.012164449061604295,0.5,0.7298669436962577,0.5098661740235336,1.7063977181549745,0.0006793727106522514,0.6639424600865034
2026-03-18,2026-03-19,2026-03-20,FDX,1,345.5599975585937,380.8200073242188,0.10203730181369264,7,0.9639107611548556,0.016666666666666666,0.5,1.0,0.24594239677390153,1.0578144809072345,0.0017006216968948773,1.661996331923355
2026-03-18,2026-03-19,2026-03-20,ESLT,1,942.5801067071982,937.9750976038309,-0.0048855360627696465,6,0.9980314960629921,0.01245163403741147,0.5,0.7470980422446881,0.49810660058827994,0.24384410049866767,-6.0832907130183744e-05,-0.05945123991726255
2026-03-18,2026-03-19,2026-03-20,TSM,1,329.2200012207031,336.67999267578125,0.022659593668117095,4,0.9750656167979003,0.016666666666666666,0.5,1.0,0.3652290829448196,1.471467881005003,0.00037765989446861823,0.36908229529674397
2026-03-18,2026-03-19,2026-03-20,CAT,1,676.489990234375,686.6300048828125,0.014989156964354322,3,0.9849081364829396,0.016666666666666666,0.5,1.0,0.36167833097538743,1.2127689728277533,0.0002498192827392387,0.2441452630614082
2026-03-18,2026-03-19,2026-03-20,APG,1,40.45000076293945,40.869998931884766,0.010383143659421501,2,0.979002624671916,0.016666666666666666,0.5,1.0,0.24605423281255034,1.0588150741017415,0.00017305239432369168,0.16912194235888792
2026-03-18,2026-03-19,2026-03-20,SPG,1,189.5,191.7100067138672,0.011662304558665904,2,0.9750656167979003,0.016666666666666666,0.5,1.0,0.18722468668276496,0.8417185122221185,0.00019437174264443172,0.18995707504757578
2026-03-18,2026-03-19,2026-03-20,WAB,1,234.3999938964844,236.77999877929688,0.010153604713247333,1,0.9724409448818898,0.016666666666666666,0.5,1.0,0.2104743402065314,1.0615791443523614,0.00016922674522078888,0.16538318329926893
2026-03-19,2026-03-20,2026-03-23,ATI,1,145.7899932861328,146.0,0.0014404741308617908,13,0.9829396325459318,0.016666666666666666,0.5,1.0,0.3588030342275128,1.5704749146579322,2.4007902181029846e-05,0.023642751377116352
2026-03-19,2026-03-20,2026-03-23,FLEX,1,65.08000183105469,63.18999862670898,-0.029041228505987005,13,0.9665354330708661,0.013512593807621901,0.5,0.8107556284573141,0.460900158727555,1.6754544679589134,-0.00039242232447573265,-0.3864537343767135
2026-03-19,2026-03-20,2026-03-23,QRVO,1,78.30999755859375,79.05000305175781,0.009449693733043052,13,0.984251968503937,0.016666666666666666,0.5,1.0,0.2905522375349537,1.7852115638643289,0.00015749489555071753,0.15509945977757206
2026-03-19,2026-03-20,2026-03-23,NVMI,1,483.510009765625,467.9100036621094,-0.032264080967170705,13,0.9711286089238844,0.011559958365528094,0.5,0.6935975019316857,0.5387525139645604,1.8237229583306263,-0.00037297143268252077,-0.36729868304142954
2026-03-19,2026-03-20,2026-03-23,NDSN,1,267.2099914550781,270.45001220703125,0.012125372761361719,13,0.9816272965879265,0.016666666666666666,0.5,1.0,0.20246750202011302,1.071514824459572,0.00020208954602269532,0.19901584305455305
2026-03-19,2026-03-20,2026-03-23,PH,1,897.760009765625,921.6799926757812,0.02664407263629509,13,0.9914698162729658,0.016666666666666666,0.5,1.0,0.23244997198441378,1.2452618128577382,0.00044406787727158483,0.43731377851046926
2026-03-19,2026-03-20,2026-03-23,FCX,1,52.95339796021392,54.15076027448285,0.022611623812480497,13,0.9704724409448819,0.013147757391475159,0.5,0.7888654434885095,0.4736896525632608,1.6864118078550074,0.00029729214411379615,0.29277044685754455
2026-03-19,2026-03-20,2026-03-23,GOOG,1,304.07000732421875,300.5299987792969,-0.011642083926900693,13,0.973753280839895,0.016666666666666666,0.5,1.0,0.21721441442108397,0.9778570020153882,-0.00019403473211501154,-0.1910835397165803
2026-03-19,2026-03-20,2026-03-23,WFRD,1,87.26000213623047,87.27999877929688,0.00022916161559560777,13,0.9678477690288714,0.014254475072946304,0.5,0.8552685043767783,0.4369123800689094,1.6406541329024407,3.266578537183694e-06,0.003216895155024561
2026-03-19,2026-03-20,2026-03-23,BK,1,114.8499984741211,116.94000244140624,0.0181976838924911,12,0.9947506561679791,0.016666666666666666,0.5,1.0,0.25592266473682584,0.8917906906783153,0.00030329473154151835,0.2986817372777954
2026-03-19,2026-03-20,2026-03-23,PHYS,1,35.15999984741211,33.13999938964844,-0.057451662870594444,12,0.9717847769028871,0.01566241803798204,0.5,0.9397450822789223,0.39763698144506476,0.04950867092560737,-0.0008998319608564614,-0.8861458686099918
2026-03-19,2026-03-20,2026-03-23,TFC,1,43.90999984741211,45.34999847412109,0.03279432092263712,11,0.9744094488188977,0.016666666666666666,0.5,1.0,0.2534596396400981,1.0994662356077625,0.0005465720153772853,0.5382588687596964
2026-03-19,2026-03-20,2026-03-23,MTZ,1,312.6300048828125,308.3399963378906,-0.013722318644782572,10,0.989501312335958,0.01606180163445541,0.5,0.9637080980673246,0.38774956710919906,1.489553973566962,-0.00022040516003728663,-0.2170528837422803
2026-03-19,2026-03-20,2026-03-23,BA,1,201.0500030517578,198.9100036621093,-0.010644115181125402,9,0.989501312335958,0.016666666666666666,0.5,1.0,0.2847044231389556,1.1904013685099781,-0.00017740191968542338,-0.1747037058598058
2026-03-19,2026-03-20,2026-03-23,WBS,1,68.5999984741211,68.91000366210938,0.004519026164486517,9,0.9750656167979003,0.016666666666666666,0.5,1.0,0.2749853214761383,1.282279744819899,7.531710274144195e-05,0.07417155906140298
2026-03-19,2026-03-20,2026-03-23,JCI,1,133.0800018310547,133.60000610351562,0.003907456156493572,8,0.9776902887139107,0.016666666666666666,0.5,1.0,0.28405671658717485,1.0433688442512012,6.512426927489287e-05,0.06413375460598539
2026-03-19,2026-03-20,2026-03-23,AMAT,1,359.7699890136719,367.8200073242188,0.022375458088142564,8,0.9888451443569554,0.012197493654762696,0.5,0.7318496192857618,0.5105931437252367,1.7043341356846267,0.0002729245080525276,0.26877343301183443
2026-03-19,2026-03-20,2026-03-23,FDX,1,380.8200073242188,365.0,-0.041541954256489766,8,0.9639107611548556,0.016666666666666666,0.5,1.0,0.24773283864994897,1.0571115110707758,-0.0006923659042748294,-0.6818352896196258
2026-03-19,2026-03-20,2026-03-23,ESLT,1,937.9750976038309,889.1879177785321,-0.05201329966001389,7,0.9980314960629921,0.012039761442676118,0.5,0.722385686560567,0.5172823947057877,0.2693439095041404,-0.000626227719752994,-0.6167030410211136
2026-03-19,2026-03-20,2026-03-23,TSM,1,336.67999267578125,331.1000061035156,-0.016573561523268387,5,0.9796587926509186,0.016666666666666666,0.5,1.0,0.366057438267466,1.4715866993008944,-0.00027622602538780646,-0.27202473555949797
2026-03-19,2026-03-20,2026-03-23,CAT,1,686.6300048828125,699.0,0.018015517861470043,4,0.973753280839895,0.016666666666666666,0.5,1.0,0.36138667515103395,1.212137909331599,0.0003002586310245007,0.29569181466237826
2026-03-19,2026-03-20,2026-03-23,APG,1,40.869998931884766,40.54999923706055,-0.007829696676957099,3,0.9783464566929134,0.016666666666666666,0.5,1.0,0.25036654489623944,1.0632492893686494,-0.00013049494461595164,-0.12851016753822708
2026-03-19,2026-03-20,2026-03-23,SPG,1,191.7100067138672,185.9499969482422,-0.03004543093163614,3,0.9750656167979003,0.016666666666666666,0.5,1.0,0.18610654076102084,0.8327822351160399,-0.0005007571821939357,-0.4931408612732326
2026-03-19,2026-03-20,2026-03-23,WAB,1,236.77999877929688,240.63999938964844,0.01630205519998107,2,0.9724409448818898,0.016666666666666666,0.5,1.0,0.21045969804042236,1.0541499952562112,0.0002717009199996845,0.26756845525479256
2026-03-19,2026-03-20,2026-03-23,LFUS,1,332.3999938964844,331.1499938964844,-0.0037605295516018877,0,0.9724409448818898,0.015016015808794981,0.5,0.9009609485276989,0.41475426704773144,1.5884720958967826,-5.646817119629465e-05,-0.05560931239420638
2026-03-20,2026-03-23,2026-03-24,ATI,1,146.0,145.82000732421875,-0.0012328265464469634,14,0.9829396325459318,0.008333333333333333,0.25,1.0,0.3607104587589478,1.571592973749935,-1.0273554553724696e-05,-0.010101013715232067
2026-03-20,2026-03-23,2026-03-24,FLEX,1,63.18999862670898,64.55999755859375,0.021680629239730687,14,0.9665354330708661,0.0067575332970479084,0.25,0.810903995645749,0.45938572732025373,1.6731887855770107,0.00014650757398843058,0.14404702934156152
2026-03-20,2026-03-23,2026-03-24,QRVO,1,79.05000305175781,78.51000213623047,-0.006831130862496981,14,0.984251968503937,0.008333333333333333,0.25,1.0,0.29032369976465866,1.7860750323766976,-5.692609052080818e-05,-0.05597003628084636
2026-03-20,2026-03-23,2026-03-24,NVMI,1,467.9100036621094,467.510009765625,-0.0008548522009655946,14,0.9711286089238844,0.005762424272446235,0.25,0.6914909126935482,0.5387167278533898,1.8136211132218647,-4.926021072198229e-06,-0.004843290231398703
2026-03-20,2026-03-23,2026-03-24,NDSN,1,270.45001220703125,265.8099975585937,-0.017156644255891584,14,0.9816272965879265,0.008333333333333333,0.25,1.0,0.20181802727366172,1.0714722316285965,-0.0001429720354657632,-0.14057086898037016
2026-03-20,2026-03-23,2026-03-24,PH,1,921.6799926757812,889.5399780273438,-0.034871121109106396,14,0.9685039370078741,0.008333333333333333,0.25,1.0,0.2331947574751791,1.2476988325672445,-0.00029059267590922,-0.2857122712061549
2026-03-20,2026-03-23,2026-03-24,FCX,1,54.15076027448285,54.110847248274155,-0.000737072314523024,14,0.9704724409448819,0.006479519927602506,0.25,0.7775423913123006,0.47909635022973324,1.6975811051352927,-4.775874750036036e-06,-0.004695665565415681
2026-03-20,2026-03-23,2026-03-24,GOOG,1,300.5299987792969,296.2099914550781,-0.014374629294133356,14,0.9849081364829396,0.008333333333333333,0.25,1.0,0.21700112390334692,0.9731540946743035,-0.0001197885774511113,-0.11777676922182025
2026-03-20,2026-03-23,2026-03-24,WFRD,1,87.27999877929688,91.56999969482422,0.049152165164156214,14,0.9678477690288714,0.007204558850989634,0.25,0.864547062118756,0.43088194749478254,1.6343295356969767,0.000354119666578726,0.34817234777307743
2026-03-20,2026-03-23,2026-03-24,BK,1,116.94000244140624,115.9000015258789,-0.008893457275652383,13,0.9809711286089239,0.008333333333333333,0.25,1.0,0.2519422175919321,0.895225628832015,-7.411214396376986e-05,-0.07286745582831247
2026-03-20,2026-03-23,2026-03-24,PHYS,1,33.13999938964844,32.900001525878906,-0.007241939293592625,13,0.9717847769028871,0.0076283027974096305,0.25,0.9153963356891557,0.40694692266402016,0.05636781263640653,-5.524370577198335e-05,-0.054315906609045894
2026-03-20,2026-03-23,2026-03-24,TFC,1,45.34999847412109,44.400001525878906,-0.020948114227264947,12,0.9744094488188977,0.008333333333333333,0.25,1.0,0.25349562600934805,1.10149588547077,-0.00017456761856054123,-0.17163581505255507
2026-03-20,2026-03-23,2026-03-24,MTZ,1,308.3399963378906,309.2099914550781,0.0028215448126105436,11,0.989501312335958,0.007958730357994713,0.25,0.9550476429593655,0.3900514540534517,1.4840430651623575,2.2455914356566035e-05,0.022078774947616692
2026-03-20,2026-03-23,2026-03-24,BA,1,198.9100036621093,196.1100006103516,-0.014076733196959235,10,0.989501312335958,0.008333333333333333,0.25,1.0,0.28831109878673744,1.1958235532598225,-0.00011730610997466028,-0.11533599393843422
2026-03-20,2026-03-23,2026-03-24,WBS,1,68.91000366210938,68.61000061035156,-0.004353548625956161,10,0.9750656167979003,0.008333333333333333,0.25,1.0,0.27450622951521075,1.2867781760690127,-3.6279571882968006e-05,-0.03567026886908841
2026-03-20,2026-03-23,2026-03-24,JCI,1,133.60000610351562,131.8300018310547,-0.013248534368250797,9,0.9776902887139107,0.008333333333333333,0.25,1.0,0.2827721551581614,1.0472390778526943,-0.00011040445306875665,-0.10855024800212788
2026-03-20,2026-03-23,2026-03-24,AMAT,1,367.8200073242188,358.1600036621094,-0.026262855390556616,9,0.9888451443569554,0.006076787275783634,0.25,0.7292144730940361,0.5108479543007975,1.703271486099185,-0.00015959378546308008,-0.1569134623657516
2026-03-20,2026-03-23,2026-03-24,FDX,1,365.0,353.0599975585937,-0.03271233545590768,9,0.9639107611548556,0.008333333333333333,0.25,1.0,0.24943761889355584,1.0593991149128326,-0.00027260279546589735,-0.26802452465814974
2026-03-20,2026-03-23,2026-03-24,ESLT,1,889.1879177785321,885.0923427639351,-0.004605972407754955,8,0.9980314960629921,0.006002076432687683,0.25,0.7202491719225219,0.5172067339310936,0.3038780379497369,-2.7645398438195757e-05,-0.027181103417222734
2026-03-20,2026-03-23,2026-03-24,TSM,1,331.1000061035156,335.57000732421875,0.013500456473279687,6,0.9796587926509186,0.008333333333333333,0.25,1.0,0.36601222041291215,1.4717044274136801,0.0001125038039439974,0.11061434099671885
2026-03-20,2026-03-23,2026-03-24,CAT,1,699.0,693.7999877929688,-0.007439216319071851,5,0.973753280839895,0.008333333333333333,0.25,1.0,0.36184678886138766,1.2106232239486159,-6.199346932559876e-05,-0.06095231019001721
2026-03-20,2026-03-23,2026-03-24,APG,1,40.54999923706055,40.95000076293945,0.009864402796667004,4,0.9783464566929134,0.008333333333333333,0.25,1.0,0.25027628516866435,1.062519100630617,8.22033566388917e-05,0.08082277935113683
2026-03-20,2026-03-23,2026-03-24,SPG,1,185.9499969482422,180.2899932861328,-0.030438310056465356,4,0.9750656167979003,0.008333333333333333,0.25,1.0,0.1855330647266595,0.8307704929516408,-0.00025365258380387795,-0.2493925753261427
2026-03-20,2026-03-23,2026-03-24,WAB,1,240.63999938964844,239.2400054931641,-0.00581779380001346,3,0.9724409448818898,0.008333333333333333,0.25,1.0,0.2098006789869806,1.057568097448293,-4.848161500011217e-05,-0.04766738284123748
2026-03-20,2026-03-23,2026-03-24,LFUS,1,331.1499938964844,330.20001220703125,-0.002868735337347106,1,0.9724409448818898,0.007579840484253284,0.25,0.9095808581103941,0.40954877018906055,1.5848861895221031,-2.1744556248631595e-05,-0.021379363856050316
2026-03-20,2026-03-23,2026-03-24,VTR,1,82.89847272038315,81.07018804209963,-0.02205450375968121,0,0.9868766404199475,0.008333333333333333,0.25,1.0,0.16757102973217666,0.2125927293459607,-0.00018378753133067676,-0.1807008825379482
2026-03-20,2026-03-23,2026-03-24,XEL,1,77.79000091552734,76.7699966430664,-0.013112279990439513,0,0.9750656167979003,0.008333333333333333,0.25,1.0,0.16506386166627846,0.18763610717153556,-0.00010926899992032927,-0.10743386440137014
2026-03-20,2026-03-23,2026-03-24,SO,1,94.0,93.45999908447266,-0.0057446905907164725,0,0.9671916010498687,0.008333333333333333,0.25,1.0,0.1800703286981938,0.0030369771491027303,-4.787242158930394e-05,-0.047068420625616406
2026-03-23,2026-03-24,2026-03-25,ATI,1,145.82000732421875,152.0,0.04238096533653679,15,0.9829396325459318,0.008333333333333333,0.25,1.0,0.37056658344258936,1.5764442042296374,0.00035317471113780656,0.346629676303756
2026-03-23,2026-03-24,2026-03-25,FLEX,1,64.55999755859375,69.87999725341797,0.08240396369277825,15,0.9665354330708661,0.006604494211916853,0.25,0.7925393054300224,0.47202856866188164,1.6865547217233468,0.0005442365012479605,0.5341507087314068
2026-03-23,2026-03-24,2026-03-25,QRVO,1,78.51000213623047,80.58999633789062,0.026493365750404063,15,0.984251968503937,0.008333333333333333,0.25,1.0,0.2903927979079748,1.777493195440821,0.00022077804792003386,0.21668658845631683
2026-03-23,2026-03-24,2026-03-25,NVMI,1,467.510009765625,485.30999755859375,0.03807402498588708,15,0.9711286089238844,0.005925781238182528,0.25,0.7110937485819033,0.5260926491007206,1.820329475449474,0.00022561834292346243,0.22143718309784108
2026-03-23,2026-03-24,2026-03-25,NDSN,1,265.8099975585937,272.3999938964844,0.024792131215598978,15,0.9698162729658792,0.008333333333333333,0.25,1.0,0.2045364313425934,1.0756515842261198,0.0002066010934633248,0.20277236136324311
2026-03-23,2026-03-24,2026-03-25,PH,1,889.5399780273438,936.0499877929688,0.052285463177007774,15,0.9855643044619422,0.008333333333333333,0.25,1.0,0.23199848457393984,1.2408726967582566,0.00043571219314173144,0.42763757343709335
2026-03-23,2026-03-24,2026-03-25,FCX,1,54.110847248274155,57.702941066301186,0.06638398769743148,15,0.9704724409448819,0.006454350160693995,0.25,0.7745220192832794,0.48300911353895126,1.700814482142123,0.00042846550166242503,0.4205251776665903
2026-03-23,2026-03-24,2026-03-25,GOOG,1,296.2099914550781,292.1499938964844,-0.013706484169050959,15,0.9868766404199475,0.008333333333333333,0.25,1.0,0.21252169156353107,0.9749009544555571,-0.000114220701408758,-0.11210396301862363
2026-03-23,2026-03-24,2026-03-25,WFRD,1,91.56999969482422,93.3000030517578,0.018892687154080656,15,0.9678477690288714,0.007223053012577568,0.25,0.8667663615093081,0.43160557511598574,1.6417350737246366,0.0001364628808639678,0.13393395033569716
2026-03-23,2026-03-24,2026-03-25,BK,1,115.9000015258789,118.91000366210938,0.025970682455585425,14,0.9809711286089239,0.008333333333333333,0.25,1.0,0.25151938381855715,0.8886510492240269,0.0002164223537965452,0.21241161406973363
2026-03-23,2026-03-24,2026-03-25,PHYS,1,32.900001525878906,34.529998779296875,0.049543987167776304,14,0.9717847769028871,0.007552172861462072,0.25,0.9062607433754486,0.41279642386035853,0.07065832928320584,0.0003741647553371053,0.3672307329393357
2026-03-23,2026-03-24,2026-03-25,TFC,1,44.400001525878906,45.790000915527344,0.03130629148375741,13,0.9744094488188977,0.008333333333333333,0.25,1.0,0.2531258676585609,1.092471445125378,0.0002608857623646451,0.2560510266133693
2026-03-23,2026-03-24,2026-03-25,MTZ,1,309.2099914550781,323.3500061035156,0.045729488176942557,12,0.9914698162729658,0.008012835948490523,0.25,0.9615403138188627,0.3890644922256368,1.4876894546847188,0.0003664228867702777,0.3596323367046218
2026-03-23,2026-03-24,2026-03-25,BA,1,196.1100006103516,198.19000244140625,0.010606301690791353,11,0.989501312335958,0.008333333333333333,0.25,1.0,0.29442182070415934,1.1855025696776016,8.838584742326127e-05,0.08674788062671847
2026-03-23,2026-03-24,2026-03-25,WBS,1,68.61000061035156,69.43000030517578,0.011951605998098414,11,0.9750656167979003,0.008333333333333333,0.25,1.0,0.27607429993840615,1.2825839019806797,9.959671665082011e-05,0.09775098999123964
2026-03-23,2026-03-24,2026-03-25,JCI,1,131.8300018310547,137.0800018310547,0.039824015224759535,10,0.9776902887139107,0.008333333333333333,0.25,1.0,0.28492741584115544,1.0518916951980346,0.0003318667935396628,0.32571663710013726
2026-03-23,2026-03-24,2026-03-25,AMAT,1,358.1600036621094,371.0,0.03584988889491969,10,0.9704724409448819,0.006207456186004159,0.25,0.7448947423204991,0.5022202100460714,1.6985068274977115,0.00022253661458833103,0.2184125653617034
2026-03-23,2026-03-24,2026-03-25,FDX,1,353.0599975585937,361.1499938964844,0.02291394208869013,10,0.9639107611548556,0.008333333333333333,0.25,1.0,0.2493630527202543,1.0521873067670457,0.0001909495174057511,0.18741084036135158
2026-03-23,2026-03-24,2026-03-25,ESLT,1,885.0923427639351,893.8328740748925,0.00987527615894046,9,0.9980314960629921,0.005949765567989208,0.25,0.713971868158705,0.5239718967011994,0.3196216305653764,5.875557806484867e-05,0.057666719511272446
2026-03-23,2026-03-24,2026-03-25,TSM,1,335.57000732421875,346.0,0.03108142100942901,7,0.9796587926509186,0.008333333333333333,0.25,1.0,0.36357808915994966,1.479612083996239,0.0002590118417452418,0.25421183349665366
2026-03-23,2026-03-24,2026-03-25,CAT,1,693.7999877929688,727.25,0.048212759866771204,6,0.973753280839895,0.008333333333333333,0.25,1.0,0.34931784388107195,1.2117887480602165,0.00040177299888976,0.3943273404374809
2026-03-23,2026-03-24,2026-03-25,APG,1,40.95000076293945,42.70000076293945,0.04273504193884614,5,0.9783464566929134,0.008333333333333333,0.25,1.0,0.2588196623044556,1.0726186119828034,0.0003561253494903845,0.3495256334173004
2026-03-23,2026-03-24,2026-03-25,SPG,1,180.2899932861328,179.2100067138672,-0.005990274626898495,5,0.9750656167979003,0.008333333333333333,0.25,1.0,0.19856219216512044,0.843547162853928,-4.991895522415413e-05,-0.04899385699226511
2026-03-23,2026-03-24,2026-03-25,WAB,1,239.2400054931641,247.9199981689453,0.03628152682026764,4,0.9724409448818898,0.008333333333333333,0.25,1.0,0.20931446825606187,1.0505867135723574,0.00030234605683556365,0.2967429787795177
2026-03-23,2026-03-24,2026-03-25,LFUS,1,330.20001220703125,352.82000732421875,0.06850391968794067,2,0.9724409448818898,0.007473881801223786,0.25,0.8968658161468543,0.4171205850588014,1.589095957383242,0.0005119901986681956,0.5025019947303201
2026-03-23,2026-03-24,2026-03-25,VTR,1,81.07018804209963,81.71605014251625,0.00796670287826684,1,0.9868766404199475,0.008333333333333333,0.25,1.0,0.18276085858137045,0.23028397822456506,6.638919065222367e-05,0.06515886596667822
2026-03-23,2026-03-24,2026-03-25,XEL,1,76.7699966430664,78.37999725341797,0.02097174261758905,1,0.9750656167979003,0.008333333333333333,0.25,1.0,0.1793305042530671,0.20231487166519227,0.00017476452181324208,0.1715257851569883
2026-03-23,2026-03-24,2026-03-25,SO,1,93.45999908447266,94.54000091552734,0.011555765478646451,1,0.9671916010498687,0.008333333333333333,0.25,1.0,0.18870951815041148,0.017830292408460815,9.62980456553871e-05,0.09451344997684892
2026-03-24,2026-03-25,2026-03-26,ATI,1,152.0,146.39999389648438,-0.0368421454178659,16,0.9829396325459318,0.008333333333333333,0.25,1.0,0.3738482160160123,1.5798323980878664,-0.0003070178784822158,-0.30336688681975016
2026-03-24,2026-03-25,2026-03-26,FLEX,1,69.87999725341797,68.51000213623047,-0.019604968102950093,16,0.9665354330708661,0.006451335030723235,0.25,0.7741602036867882,0.48467328402067067,1.6971195950718283,-0.00012647821749877357,-0.12497416529225591
2026-03-24,2026-03-25,2026-03-26,QRVO,1,80.58999633789062,79.52999877929688,-0.013152966953236755,16,0.984251968503937,0.008333333333333333,0.25,1.0,0.2905097703949766,1.7754023793863802,-0.00010960805794363963,-0.10830462210573462
2026-03-24,2026-03-25,2026-03-26,NVMI,1,485.30999755859375,471.7900085449219,-0.027858459709640626,16,0.9711286089238844,0.005987758221133424,0.25,0.7185309865360109,0.5221970594307587,1.820679748349769,-0.00016680972115451492,-0.1648260552384968
2026-03-24,2026-03-25,2026-03-26,NDSN,1,272.3999938964844,269.04998779296875,-0.012298113724586446,16,0.9698162729658792,0.008333333333333333,0.25,1.0,0.2084774265825537,1.0776748410000578,-0.00010248428103822038,-0.10126555964826717
2026-03-24,2026-03-25,2026-03-26,PH,1,936.0499877929688,914.77001953125,-0.022733794710999344,16,0.9671916010498687,0.008333333333333333,0.25,1.0,0.23311573747891962,1.2400836080822137,-0.00018944828925832787,-0.18719541027952075
2026-03-24,2026-03-25,2026-03-26,FCX,1,57.702941066301186,55.238367855773554,-0.04271139676738167,16,0.9704724409448819,0.0063238605268627355,0.25,0.7588632632235283,0.4944431842505267,1.7119917074531348,-0.0002701009160644176,-0.2668889331093837
2026-03-24,2026-03-25,2026-03-26,GOOG,1,292.1499938964844,286.19000244140625,-0.020400450383681656,16,0.9914698162729658,0.008333333333333333,0.25,1.0,0.20901084546993853,0.9711237513955565,-0.00017000375319734714,-0.1679821045279608
2026-03-24,2026-03-25,2026-03-26,WFRD,1,93.3000030517578,96.1500015258789,0.03054660644051732,16,0.9678477690288714,0.006978778480504203,0.25,0.8374534176605044,0.4480425542081857,1.6543026960414828,0.00021317799967951337,0.21064293200430598
2026-03-24,2026-03-25,2026-03-26,BK,1,118.91000366210938,117.38999938964844,-0.01278281242661572,15,0.9908136482939632,0.008333333333333333,0.25,1.0,0.2522245291083287,0.8894575114865226,-0.00010652343688846433,-0.1052566827116078
2026-03-24,2026-03-25,2026-03-26,PHYS,1,34.529998779296875,33.630001068115234,-0.026064226556568926,15,0.9717847769028871,0.00754141848252354,0.25,0.9049702179028247,0.41461559823317556,0.0645596250434245,-0.00019656123988638977,-0.19422377520343093
2026-03-24,2026-03-25,2026-03-26,TFC,1,45.790000915527344,44.66999816894531,-0.024459548464482284,14,0.9744094488188977,0.008333333333333333,0.25,1.0,0.2554973578330853,1.0941839968784488,-0.00020382957053735235,-0.2014056724038795
2026-03-24,2026-03-25,2026-03-26,MTZ,1,323.3500061035156,317.239990234375,-0.018895981919927918,13,0.9862204724409449,0.007985380376775746,0.25,0.9582456452130896,0.3915642822415839,1.4924641815306752,-0.0001508916032233017,-0.14909723219830529
2026-03-24,2026-03-25,2026-03-26,BA,1,198.19000244140625,197.3000030517578,-0.004490637159720312,12,0.989501312335958,0.008333333333333333,0.25,1.0,0.295838399352507,1.1872011292008022,-3.74219763310026e-05,-0.036976962104948684
2026-03-24,2026-03-25,2026-03-26,WBS,1,69.43000030517578,68.91000366210938,-0.007489509445207987,12,0.9750656167979003,0.008333333333333333,0.25,1.0,0.2787630403402215,1.2841662701322956,-6.241257871006656e-05,-0.0616703815271861
2026-03-24,2026-03-25,2026-03-26,JCI,1,137.0800018310547,136.0,-0.007878624282378843,11,0.9776902887139107,0.008333333333333333,0.25,1.0,0.28886550509503417,1.0565665792580385,-6.565520235315702e-05,-0.06487444457587742
2026-03-24,2026-03-25,2026-03-26,AMAT,1,371.0,358.3699951171875,-0.03404313984585583,11,0.9704724409448819,0.006234518974324878,0.25,0.7481422769189854,0.501528626111338,1.6966723477040588,-0.00021224260131458349,-0.20971865719885194
2026-03-24,2026-03-25,2026-03-26,FDX,1,361.1499938964844,355.2699890136719,-0.016281337345108393,11,0.9639107611548556,0.008333333333333333,0.25,1.0,0.24909995861492817,1.0463181808485904,-0.00013567781120923662,-0.1340643593804526
2026-03-24,2026-03-25,2026-03-26,ESLT,1,893.8328740748925,899.3768687772807,0.006202495861573842,10,0.9980314960629921,0.005933650001157633,0.25,0.712038000138916,0.5269589097854102,0.3128054421553596,3.6803439576207844e-05,0.036365780858392885
2026-03-24,2026-03-25,2026-03-26,TSM,1,346.0,339.82000732421875,-0.01786125050803833,8,0.9796587926509186,0.008333333333333333,0.25,1.0,0.36360576380644943,1.484921886334119,-0.00014884375423365273,-0.1470737357956267
2026-03-24,2026-03-25,2026-03-26,CAT,1,727.25,710.0700073242188,-0.023623228155079112,7,0.973753280839895,0.008333333333333333,0.25,1.0,0.35348308571482484,1.2155009974034672,-0.00019686023462565927,-0.19451921436051223
2026-03-24,2026-03-25,2026-03-26,APG,1,42.70000076293945,41.540000915527344,-0.027166272287725723,6,0.9783464566929134,0.008333333333333333,0.25,1.0,0.27653118760929307,1.082511889192185,-0.00022638560239771435,-0.2236934727049994
2026-03-24,2026-03-25,2026-03-26,SPG,1,179.2100067138672,181.1600036621093,0.01088107178833786,6,0.9750656167979003,0.008333333333333333,0.25,1.0,0.20113818169899433,0.8365407383990785,9.067559823614883e-05,0.08959730320399667
2026-03-24,2026-03-25,2026-03-26,WAB,1,247.9199981689453,250.47999572753903,0.010325901813089011,5,0.9724409448818898,0.008333333333333333,0.25,1.0,0.2136475452036944,1.0541510430429564,8.604918177574176e-05,0.08502590310943625
2026-03-24,2026-03-25,2026-03-26,LFUS,1,352.82000732421875,345.57000732421875,-0.02054872130122065,3,0.9724409448818898,0.007442299240798797,0.25,0.8930759088958556,0.4201375992135758,1.5912913816487477,-0.00015292973293946053,-0.151111124907038
2026-03-24,2026-03-25,2026-03-26,VTR,1,81.71605014251625,81.94458513866192,0.0027966965577397307,2,0.9868766404199475,0.008333333333333333,0.25,1.0,0.18195208070401456,0.22739976815476165,2.330580464783109e-05,0.023028656949211922
2026-03-24,2026-03-25,2026-03-26,XEL,1,78.37999725341797,77.66999816894531,-0.009058421910593917,2,0.9750656167979003,0.008333333333333333,0.25,1.0,0.179020651500131,0.20205977518467982,-7.548684925494931e-05,-0.07458917561256047
2026-03-24,2026-03-25,2026-03-26,SO,1,94.54000091552734,94.58999633789062,0.0005288282407354128,2,0.9671916010498687,0.008333333333333333,0.25,1.0,0.1887704247263728,0.019137173180776648,4.40690200612844e-06,0.004354496059734637
2026-03-24,2026-03-25,2026-03-26,ELS,1,63.14921960529001,62.43544390467314,-0.011303001130944623,0,0.9671916010498688,0.008333333333333333,0.25,1.0,0.1697615499129701,0.14045870506505054,-9.419167609120519e-05,-0.09307156860501338
2026-03-25,2026-03-26,2026-03-27,ATI,1,146.39999389648438,141.89999389648438,-0.030737706199508663,17,0.9829396325459318,0.008333333333333333,0.25,1.0,0.37138983393413394,1.5770322709771611,-0.0002561475516625722,-0.25232023067350584
2026-03-25,2026-03-26,2026-03-27,FLEX,1,68.51000213623047,64.37000274658203,-0.060429123639729965,17,0.9665354330708661,0.006267679160356672,0.25,0.7521214992428007,0.4988115151945212,1.6896082614665988,-0.00037875035891535226,-0.3730911238811532
2026-03-25,2026-03-26,2026-03-27,QRVO,1,79.52999877929688,80.05999755859375,0.006664136645690988,17,0.984251968503937,0.008333333333333333,0.25,1.0,0.2912280898729652,1.7733114408653146,5.55344720474249e-05,0.05470468371213047
2026-03-25,2026-03-26,2026-03-27,NVMI,1,471.7900085449219,443.2099914550781,-0.0605778345709127,17,0.9671916010498688,0.005989639106979129,0.25,0.7187566928374955,0.5219664295112146,1.81651160064766,-0.00036283936696205097,-0.35741787175032713
2026-03-25,2026-03-26,2026-03-27,NDSN,1,269.04998779296875,263.2300109863281,-0.021631581753198348,17,0.9698162729658792,0.008333333333333333,0.25,1.0,0.2080591910075092,1.0769186756765414,-0.0001802631812766529,-0.17756971396541793
2026-03-25,2026-03-26,2026-03-27,PH,1,914.77001953125,900.0800170898438,-0.016058683743192415,17,0.9927821522309712,0.008333333333333333,0.25,1.0,0.23599500679969002,1.2373158733752117,-0.00013382236452660345,-0.1318228094216073
2026-03-25,2026-03-26,2026-03-27,FCX,1,55.238367855773554,55.03880706031953,-0.003612720708458972,17,0.9704724409448819,0.006317066070352903,0.25,0.7580479284423484,0.49491179986280887,1.708077130071899,-2.2821795409067472e-05,-0.02248079532528621
2026-03-25,2026-03-26,2026-03-27,GOOG,1,286.19000244140625,277.3999938964844,-0.030713891016236783,17,0.984251968503937,0.008333333333333333,0.25,1.0,0.21636556788196298,0.9747606977277717,-0.0002559490918019732,-0.2521247361724624
2026-03-25,2026-03-26,2026-03-27,WFRD,1,96.1500015258789,95.41999816894533,-0.007592338485164718,17,0.9678477690288714,0.006991873741934393,0.25,0.8390248490321272,0.4471463092904306,1.6516293340473183,-5.308467209430114e-05,-0.05229148832820422
2026-03-25,2026-03-26,2026-03-27,BK,1,117.38999938964844,115.37000274658205,-0.017207570095996716,16,0.9940944881889764,0.008333333333333333,0.25,1.0,0.2524390897486336,0.8876472119517111,-0.0001433964174666393,-0.14125380819801756
2026-03-25,2026-03-26,2026-03-27,PHYS,1,33.630001068115234,33.40999984741211,-0.006541814264517165,16,0.9717847769028871,0.007540521172035715,0.25,0.9048625406442858,0.41461199662497655,0.06449647633159837,-4.932868896511693e-05,-0.04859162657504566
2026-03-25,2026-03-26,2026-03-27,TFC,1,44.66999816894531,44.810001373291016,0.0031341663327633107,15,0.9744094488188977,0.008333333333333333,0.25,1.0,0.2564300361086017,1.092604146088671,2.611805277302759e-05,0.025727800471481353
2026-03-25,2026-03-26,2026-03-27,MTZ,1,317.239990234375,307.8500061035156,-0.02959899262360366,14,0.9960629921259843,0.007894257893240117,0.25,0.9473109471888141,0.3960334943462863,1.4875621861281665,-0.0002336620811508392,-0.23017073492584927
2026-03-25,2026-03-26,2026-03-27,BA,1,197.3000030517578,192.92999267578125,-0.022149063904627342,13,0.989501312335958,0.008333333333333333,0.25,1.0,0.2906695048685963,1.1881985896365457,-0.00018457553253856118,-0.18181763067626452
2026-03-25,2026-03-26,2026-03-27,WBS,1,68.91000366210938,68.25,-0.009577762690967329,13,0.9750656167979003,0.008333333333333333,0.25,1.0,0.27960627359002765,1.2848568464850612,-7.98146890913944e-05,-0.07862210913967302
2026-03-25,2026-03-26,2026-03-27,JCI,1,136.0,131.19000244140625,-0.03536762910730695,12,0.9776902887139107,0.008333333333333333,0.25,1.0,0.29091826694068834,1.0535416326942484,-0.0002947302425608913,-0.2903264243859985
2026-03-25,2026-03-26,2026-03-27,AMAT,1,358.3699951171875,337.6300048828125,-0.05787312140234557,12,0.9881889763779528,0.0061976287084661635,0.25,0.7437154450159397,0.5044494734671479,1.6922977178067862,-0.0003586761186517245,-0.353316830115557
2026-03-25,2026-03-26,2026-03-27,FDX,1,355.2699890136719,348.6199951171875,-0.01871814141956263,12,0.9639107611548556,0.008333333333333333,0.25,1.0,0.24959834254459826,1.0440121809882141,-0.00015598451182968857,-0.15365381301090195
2026-03-25,2026-03-26,2026-03-27,ESLT,1,899.3768687772807,861.2880605123661,-0.04235022001032451,11,0.9980314960629921,0.005930402520007464,0.25,0.7116483024008956,0.5271801582073221,0.3139953771704224,-0.000251153851472099,-0.24740114565474927
2026-03-25,2026-03-26,2026-03-27,TSM,1,339.82000732421875,324.8299865722656,-0.04411164860476069,9,0.9796587926509186,0.008333333333333333,0.25,1.0,0.36350030060920063,1.4828789936020548,-0.00036759707170633905,-0.3621044875339384
2026-03-25,2026-03-26,2026-03-27,CAT,1,710.0700073242188,694.469970703125,-0.021969716309916953,8,0.973753280839895,0.008333333333333333,0.25,1.0,0.35402206773343864,1.2128337274179224,-0.00018308096924930795,-0.1803453989432152
2026-03-25,2026-03-26,2026-03-27,APG,1,41.540000915527344,40.540000915527344,-0.024073181944158528,7,0.9783464566929134,0.008333333333333333,0.25,1.0,0.27713100455856776,1.080443857976637,-0.0002006098495346544,-0.19761236514429464
2026-03-25,2026-03-26,2026-03-27,SPG,1,181.1600036621093,180.8999938964844,-0.001435249284438278,7,0.9685039370078741,0.008333333333333333,0.25,1.0,0.20422606836284493,0.8381042407623918,-1.1960410703652316e-05,-0.011781699915175818
2026-03-25,2026-03-26,2026-03-27,WAB,1,250.47999572753903,243.4600067138672,-0.02802614633269107,6,0.9724409448818898,0.008333333333333333,0.25,1.0,0.2146515023178251,1.0518978205776826,-0.00023355121943909225,-0.23006152969433605
2026-03-25,2026-03-26,2026-03-27,LFUS,1,345.57000732421875,334.8500061035156,-0.031021214206953585,4,0.9724409448818898,0.007134573340731886,0.25,0.8561488008878263,0.4382028734474992,1.5830054442018247,-0.00022132312787806428,-0.21801614857181892
2026-03-25,2026-03-26,2026-03-27,VTR,1,81.94458513866192,82.31222846246358,0.004486487095877623,3,0.9868766404199475,0.008333333333333333,0.25,1.0,0.18077496473783305,0.22680165020135715,3.7387392465646854e-05,0.03682875526227927
2026-03-25,2026-03-26,2026-03-27,XEL,1,77.66999816894531,78.11000061035156,0.005665024485376868,3,0.9750656167979003,0.008333333333333333,0.25,1.0,0.17841162137827332,0.200385136724549,4.720853737814057e-05,0.04650315399735972
2026-03-25,2026-03-26,2026-03-27,SO,1,94.58999633789062,95.58000183105467,0.010466281123720389,3,0.9671916010498687,0.008333333333333333,0.25,1.0,0.18259091092502144,0.0188145339109382,8.721900936433657e-05,0.08591579509186348
2026-03-25,2026-03-26,2026-03-27,ELS,1,62.43544390467314,62.43999862670898,7.295090338099719e-05,1,0.9671916010498688,0.008333333333333333,0.25,1.0,0.1692397500213732,0.1399632145059795,6.079241948416432e-07,0.0005988406763165717
2026-03-25,2026-03-26,2026-03-27,ADI,1,319.1000061035156,310.8699951171875,-0.025791321933282374,0,0.979002624671916,0.008333333333333333,0.25,1.0,0.2987525289773167,1.5710207388216442,-0.0002149276827773531,-0.21171626331975554
2026-03-26,2026-03-27,2026-03-30,ATI,1,141.89999389648438,142.41000366210938,0.003594149313332906,18,0.9829396325459318,0.008333333333333333,0.25,1.0,0.37011951130767784,1.5701067498318482,2.995124427777422e-05,0.029367784228838727
2026-03-26,2026-03-27,2026-03-30,FLEX,1,64.37000274658203,66.55999755859375,0.034021977917781054,18,0.9665354330708661,0.006252020336014344,0.25,0.7502424403217213,0.4990224073266591,1.6918792402389629,0.0002127060978133981,0.20856251335700285
2026-03-26,2026-03-27,2026-03-30,QRVO,1,80.05999755859375,77.47000122070312,-0.032350692191753794,18,0.984251968503937,0.008333333333333333,0.25,1.0,0.2919744883786249,1.7816919215315543,-0.0002695891015979483,-0.2643374175960407
2026-03-26,2026-03-27,2026-03-30,NVMI,1,443.2099914550781,442.4400024414063,-0.0017373006667650293,18,0.9671916010498688,0.005991044520534668,0.25,0.7189253424641602,0.520760316175162,1.8134805854568965,-1.0408245640143855e-05,-0.010205489605896645
2026-03-26,2026-03-27,2026-03-30,NDSN,1,263.2300109863281,262.7900085449219,-0.0016715512025302637,18,0.9698162729658792,0.008333333333333333,0.25,1.0,0.2071565974514951,1.0776426538263035,-1.3929593354418864e-05,-0.0136582403132949
2026-03-26,2026-03-27,2026-03-30,PH,1,900.0800170898438,897.3800048828125,-0.002999746862241137,18,0.9829172141918527,0.008333333333333333,0.25,1.0,0.23480724304936168,1.2309617582704782,-2.4997890518676142e-05,-0.02451092342341813
2026-03-26,2026-03-27,2026-03-30,FCX,1,55.03880706031953,57.453488902781736,0.04387235064553363,18,0.9704724409448819,0.006340982118659208,0.25,0.760917854239105,0.49202129581037274,1.7069453753289245,0.0002781937909468755,0.2727744847780209
2026-03-26,2026-03-27,2026-03-30,GOOG,1,277.3999938964844,275.44000244140625,-0.007065578580400134,18,0.9921156373193167,0.008333333333333333,0.25,1.0,0.21551288159478357,0.9725010806379889,-5.8879821503334444e-05,-0.057732823294610894
2026-03-26,2026-03-27,2026-03-30,WFRD,1,95.41999816894533,97.01000213623048,0.016663215235761974,18,0.9678477690288714,0.006900147792809593,0.25,0.8280177351371512,0.4521494803320365,1.6557749409625804,0.00011497864783015417,0.11273882610964889
2026-03-26,2026-03-27,2026-03-30,BK,1,115.37000274658205,115.70999908447266,0.0029470081459339603,17,0.9894875164257555,0.008333333333333333,0.25,1.0,0.25130255014368125,0.8884353805711845,2.4558401216116334e-05,0.024079995516425066
2026-03-26,2026-03-27,2026-03-30,PHYS,1,33.40999984741211,34.54999923706055,0.03412150239015155,17,0.9717847769028871,0.007486432830106678,0.25,0.8983719396128014,0.41674029668528384,0.0722490302562353,0.00025544833570619404,0.25047211845560635
2026-03-26,2026-03-27,2026-03-30,TFC,1,44.810001373291016,44.93999862670898,0.002901076755945864,16,0.9744094488188977,0.008333333333333333,0.25,1.0,0.25554615071144116,1.0929005845748239,2.4175639632882198e-05,0.023704690254204283
2026-03-26,2026-03-27,2026-03-30,MTZ,1,307.8500061035156,316.010009765625,0.026506426832311192,15,0.9776609724047306,0.00793115750815745,0.25,0.9517389009788939,0.3933723716272424,1.4707415654004048,0.00021022664618551099,0.20613136225896095
2026-03-26,2026-03-27,2026-03-30,BA,1,192.92999267578125,191.47999572753903,-0.0075156637292727035,14,0.989501312335958,0.008333333333333333,0.25,1.0,0.2914055751237223,1.1922235833152606,-6.263053107727253e-05,-0.06141046781751948
2026-03-26,2026-03-27,2026-03-30,WBS,1,68.25,68.5,0.00366300366300365,14,0.9750656167979003,0.008333333333333333,0.25,1.0,0.2802794382834307,1.2861985071327382,3.0525030525030417e-05,0.029930392932057095
2026-03-26,2026-03-27,2026-03-30,JCI,1,131.19000244140625,132.44000244140625,0.00952816507918186,13,0.9776902887139107,0.008333333333333333,0.25,1.0,0.29110705094839,1.0507102950777167,7.940137565984884e-05,0.0778546108544074
2026-03-26,2026-03-27,2026-03-30,AMAT,1,337.6300048828125,344.0,0.0188667921247061,13,0.992772667542707,0.006168116906369464,0.25,0.7401740287643357,0.5058104906395928,1.6959788818942738,0.00011637257947335796,0.1141056035078666
2026-03-26,2026-03-27,2026-03-30,FDX,1,348.6199951171875,347.8699951171875,-0.0021513395975691907,13,0.9639107611548556,0.008333333333333333,0.25,1.0,0.2495945122265418,1.0264052105206372,-1.7927829979743255e-05,-0.017578589979552334
2026-03-26,2026-03-27,2026-03-30,ESLT,1,861.2880605123661,851.8083640756715,-0.011006418028197462,12,0.9980314960629921,0.005944905276449664,0.25,0.7133886331739596,0.5248020100660594,0.3385410169232205,-6.543211261064179e-05,-0.06415747362497243
2026-03-26,2026-03-27,2026-03-30,TSM,1,324.8299865722656,327.20001220703125,0.007296203345556362,10,0.9658344283837057,0.008333333333333333,0.25,1.0,0.3632691035303845,1.4849591789958283,6.080169454630302e-05,0.059617257621200986
2026-03-26,2026-03-27,2026-03-30,CAT,1,694.469970703125,702.2100219726562,0.011145264152595091,9,0.973753280839895,0.008333333333333333,0.25,1.0,0.3537369683356216,1.2152584092242151,9.287720127162576e-05,0.09106792296931673
2026-03-26,2026-03-27,2026-03-30,APG,1,40.540000915527344,40.33000183105469,-0.005180046367296076,8,0.9783464566929134,0.008333333333333333,0.25,1.0,0.27577305619431997,1.073307257451271,-4.3167053060800635e-05,-0.04232614472798905
2026-03-26,2026-03-27,2026-03-30,SPG,1,180.8999938964844,182.1600036621093,0.0069652283479120225,8,0.9685039370078741,0.008333333333333333,0.25,1.0,0.2067937765186567,0.8352858122558949,5.804356956593352e-05,0.056912861818861356
2026-03-26,2026-03-27,2026-03-30,WAB,1,243.4600067138672,243.5500030517578,0.0003696555303080995,7,0.9776609724047307,0.008333333333333333,0.25,1.0,0.21002424982028525,1.0512213765427534,3.080462752567496e-06,0.003020454329154826
2026-03-26,2026-03-27,2026-03-30,LFUS,1,334.8500061035156,338.8299865722656,0.011885860523232594,5,0.9724409448818898,0.007116457784410809,0.25,0.8539749341292971,0.4384060628544023,1.579511260268476,8.458522464497973e-05,0.08293747676335994
2026-03-26,2026-03-27,2026-03-30,VTR,1,82.31222846246358,82.07375833103764,-0.0028971409944840154,4,0.9868766404199475,0.008333333333333333,0.25,1.0,0.18111649673432784,0.21984198312831044,-2.4142841620700127e-05,-0.02367253115804237
2026-03-26,2026-03-27,2026-03-30,XEL,1,78.11000061035156,79.13999938964844,0.0131865160830682,4,0.9750656167979003,0.008333333333333333,0.25,1.0,0.17608244395727088,0.20347685904112944,0.00010988763402556833,0.1077469869215166
2026-03-26,2026-03-27,2026-03-30,SO,1,95.58000183105467,96.66999816894533,0.011404020893589273,4,0.9671916010498687,0.008333333333333333,0.25,1.0,0.18273475662834557,0.02265647961972462,9.503350744657727e-05,0.09318222359369115
2026-03-26,2026-03-27,2026-03-30,ELS,1,62.43999862670898,62.43999862670898,0.0,2,0.9671916010498688,0.008333333333333333,0.25,1.0,0.1695463548573419,0.14446280314348012,0.0,0.0
2026-03-26,2026-03-27,2026-03-30,ADI,1,310.8699951171875,314.0299987792969,0.010165032688079556,1,0.979002624671916,0.008333333333333333,0.25,1.0,0.2987462404873307,1.5650148432618598,8.47086057339963e-05,0.0830584543483495
2026-03-27,2026-03-30,2026-03-31,ATI,1,142.41000366210938,139.72999572753906,-0.01881895839936265,19,0.9829396325459318,0.008333161161260105,0.25,0.9999793393512125,0.37794204697239026,1.575282918784637,-0.00015682141322893848,-0.15397782517524686
2026-03-27,2026-03-30,2026-03-31,FLEX,1,66.55999755859375,61.47999954223633,-0.07632208838177057,19,0.9665354330708661,0.006029975403641335,0.25,0.7235970484369602,0.5222993090710781,1.7172103877490108,-0.0004602203156966166,-0.4518753010405467
2026-03-27,2026-03-30,2026-03-31,QRVO,1,77.47000122070312,76.98999786376953,-0.006195990052538125,19,0.984251968503937,0.008333333333333333,0.25,1.0,0.2919641697187312,1.7641853742588578,-5.1633250437817706e-05,-0.050697002695273115
2026-03-27,2026-03-30,2026-03-31,NVMI,1,442.4400024414063,424.5700073242188,-0.04038964609569651,19,0.9671916010498688,0.005873479625781274,0.25,0.7048175550937529,0.5362156996702842,1.8288902023993878,-0.00023722776343558963,-0.23292619504502404
2026-03-27,2026-03-30,2026-03-31,NDSN,1,262.7900085449219,259.95001220703125,-0.010807094050553134,19,0.9698162729658792,0.008333333333333333,0.25,1.0,0.21196255202664746,1.0797958492081605,-9.005911708794279e-05,-0.08842610649197634
2026-03-27,2026-03-30,2026-03-31,PH,1,897.3800048828125,877.2100219726562,-0.02247652365821351,19,0.9868593955321945,0.008333333333333333,0.25,1.0,0.23910488306545724,1.2308080695459063,-0.00018730436381844592,-0.18390803904115996
2026-03-27,2026-03-30,2026-03-31,FCX,1,57.453488902781736,56.216214540839324,-0.02153523459708473,19,0.9704724409448819,0.006397810855896843,0.25,0.7677373027076212,0.492270255869572,1.701482022319638,-0.00013777835768951396,-0.13528007072782716
2026-03-27,2026-03-30,2026-03-31,GOOG,1,275.44000244140625,277.5400085449219,0.007624187063977272,19,0.9980289093298291,0.008333333333333333,0.25,1.0,0.22122733028860816,0.9795319973237737,6.35348921998106e-05,0.06238283613340967
2026-03-27,2026-03-30,2026-03-31,WFRD,1,97.01000213623048,92.76000213623048,-0.04380991553872715,19,0.9678477690288714,0.006959620629722443,0.25,0.8351544755666932,0.4525321356723244,1.646660236379288,-0.0003049003919697233,-0.29937173938128325
2026-03-27,2026-03-30,2026-03-31,BK,1,115.70999908447266,116.58000183105467,0.007518820788745106,18,0.9921156373193167,0.008333333333333333,0.25,1.0,0.25237890104062033,0.8864091249941564,6.265683990620922e-05,0.0615207052561582
2026-03-27,2026-03-30,2026-03-31,PHYS,1,34.54999923706055,34.630001068115234,0.0023155378530044235,18,0.9717847769028871,0.007460929586505714,0.25,0.8953115503806857,0.42212594965830436,0.09154800527525572,1.727606487615462e-05,0.016962804010274543
2026-03-27,2026-03-30,2026-03-31,TFC,1,44.93999862670898,45.36000061035156,0.009345838817915952,17,0.9744094488188977,0.008333333333333333,0.25,1.0,0.25602545672653554,1.0878727749212596,7.78819901492996e-05,0.07646978315392602
2026-03-27,2026-03-30,2026-03-31,MTZ,1,316.010009765625,308.82000732421875,-0.022752451565502207,16,0.9776609724047306,0.0076796409326260655,0.25,0.9215569119151279,0.4101040679724207,1.48705478587223,-0.00017473065836002275,-0.17156232820347148
2026-03-27,2026-03-30,2026-03-31,BA,1,191.47999572753903,191.1300048828125,-0.0018278193677450094,15,0.989501312335958,0.008333333333333333,0.25,1.0,0.29569962803222366,1.1944117041783553,-1.5231828064541744e-05,-0.014955634632609177
2026-03-27,2026-03-30,2026-03-31,WBS,1,68.5,68.94999694824219,0.006569298514484512,15,0.9750656167979003,0.008333333333333333,0.25,1.0,0.28120925419740733,1.2823540984702548,5.474415428737093e-05,0.05375149760907814
2026-03-27,2026-03-30,2026-03-31,JCI,1,132.44000244140625,128.57000732421875,-0.029220741814012352,14,0.9776902887139107,0.008333333333333333,0.25,1.0,0.3044822422839534,1.0643009982496785,-0.00024350618178343625,-0.2390907690202023
2026-03-27,2026-03-30,2026-03-31,AMAT,1,344.0,328.8299865722656,-0.04409887624341391,14,0.992772667542707,0.0058695099758205305,0.25,0.7043411970984637,0.5365783515168463,1.725691034352765,-0.00025883879403319293,-0.25414536035350643
2026-03-27,2026-03-30,2026-03-31,FDX,1,347.8699951171875,346.1400146484375,-0.004973066067877507,14,0.9639107611548556,0.008333333333333333,0.25,1.0,0.2545836586275535,1.0295057536692747,-4.144221723231256e-05,-0.04069075994459982
2026-03-27,2026-03-30,2026-03-31,ESLT,1,851.8083640756715,812.4808789538554,-0.04616940473986997,13,0.9980314960629921,0.005958997594030804,0.25,0.7150797112836965,0.5285204327305496,0.3484706405298064,-0.00027512337176271957,-0.27013465550817517
2026-03-27,2026-03-30,2026-03-31,TSM,1,327.20001220703125,322.3099975585937,-0.01494503198656194,11,0.9658344283837057,0.00817182966176677,0.25,0.9806195594120125,0.3854035286335796,1.5047978051535005,-0.00012212825568384003,-0.11991374656974489
2026-03-27,2026-03-30,2026-03-31,CAT,1,702.2100219726562,680.0,-0.03162874535778282,10,0.973753280839895,0.008333333333333333,0.25,1.0,0.3573855778617552,1.216833427101827,-0.0002635728779815235,-0.2587936028068302
2026-03-27,2026-03-30,2026-03-31,APG,1,40.33000183105469,39.790000915527344,-0.013389558418307246,9,0.9783464566929134,0.008333333333333333,0.25,1.0,0.2840813617371595,1.0819840209726852,-0.00011157965348589372,-0.10955641850060288
2026-03-27,2026-03-30,2026-03-31,SPG,1,182.1600036621093,184.759994506836,0.014273115900620192,9,0.973718791064389,0.008333333333333333,0.25,1.0,0.20654510616364866,0.827203579615452,0.00011894263250516826,0.11678588718638601
2026-03-27,2026-03-30,2026-03-31,WAB,1,243.5500030517578,240.92999267578125,-0.010757587120291623,8,0.9835742444152431,0.008333333333333333,0.25,1.0,0.21037156693732317,1.0475497279633121,-8.964655933576353e-05,-0.08802102950579326
2026-03-27,2026-03-30,2026-03-31,LFUS,1,338.8299865722656,326.5899963378906,-0.03612428273600998,6,0.9724409448818898,0.007031138148923968,0.25,0.8437365778708762,0.4479291859056205,1.5871078946093844,-0.0002539948224476753,-0.24938922281723874
2026-03-27,2026-03-30,2026-03-31,VTR,1,82.07375833103764,81.81999969482422,-0.0030918364331495862,5,0.9868766404199475,0.008333333333333333,0.25,1.0,0.18110266993707747,0.21898681677006762,-2.5765303609579885e-05,-0.025298110335170473
2026-03-27,2026-03-30,2026-03-31,XEL,1,79.13999938964844,79.38999938964844,0.0031589588315399375,5,0.9750656167979003,0.008333333333333333,0.25,1.0,0.17610901136196508,0.2010995723332003,2.6324656929499477e-05,0.02584732109620371
2026-03-27,2026-03-30,2026-03-31,SO,1,96.66999816894533,96.93000030517578,0.0026895845779997263,5,0.9671916010498687,0.008333333333333333,0.25,1.0,0.18284124966227977,0.018925951114924865,2.2413204816664385e-05,0.02200679398188529
2026-03-27,2026-03-30,2026-03-31,ELS,1,62.43999862670898,63.29999923706055,0.013773232371336208,3,0.9671916010498688,0.008333333333333333,0.25,1.0,0.16980324826804036,0.14605098625493135,0.00011477693642780173,0.1126957262247732
2026-03-27,2026-03-30,2026-03-31,ADI,1,314.0299987792969,309.3699951171875,-0.014839358278584291,2,0.979002624671916,0.008333333333333333,0.25,1.0,0.30447984189528443,1.56483738420307,-0.00012366131898820242,-0.12141901137128756
2026-03-30,2026-03-31,2026-04-01,ATI,1,139.72999572753906,150.3000030517578,0.07564594322917828,20,0.9829396325459318,0.008311525447584215,0.25,0.9973830537101058,0.3820884238508597,1.579575424251598,0.0006287331821558261,0.6154394607663431
2026-03-30,2026-03-31,2026-04-01,FLEX,1,61.47999954223633,66.93000030517578,0.08864672744825475,20,0.9665354330708661,0.006080955193674734,0.25,0.7297146232409681,0.5222432260916988,1.6963452615232875,0.0005390567776787334,0.5276591438032597
2026-03-30,2026-03-31,2026-04-01,QRVO,1,76.98999786376953,77.4000015258789,0.005325414644573145,20,0.984251968503937,0.008333333333333333,0.25,1.0,0.30248608767134727,1.7736767447566466,4.437845537144288e-05,0.043440132346434554
2026-03-30,2026-03-31,2026-04-01,NVMI,1,424.5700073242188,438.6799926757813,0.03323358953329825,20,0.9671916010498688,0.00587604940356474,0.25,0.7051259284277688,0.5404545537240011,1.8349707646550542,0.00019528221395545255,0.19115323298494954
2026-03-30,2026-03-31,2026-04-01,NDSN,1,259.95001220703125,267.8500061035156,0.030390434797104682,20,0.9743421052631579,0.008333333333333333,0.25,1.0,0.21529453367907472,1.0851897746353423,0.0002532536233092057,0.2478989144999683
2026-03-30,2026-03-31,2026-04-01,PH,1,877.2100219726562,905.510009765625,0.032261359405502565,20,0.9888157894736842,0.008333333333333333,0.25,1.0,0.24093773691402584,1.2254133388607265,0.0002688446617125214,0.2631603012695087
2026-03-30,2026-03-31,2026-04-01,FCX,1,56.216214540839324,60.616524445570846,0.07827474583040162,20,0.9704724409448819,0.00644960131132615,0.25,0.773952157359138,0.49239286349170897,1.6784477638419815,0.0005048409033514793,0.49416671833048553
2026-03-30,2026-03-31,2026-04-01,GOOG,1,277.5400085449219,289.9800109863281,0.044822375363560374,20,0.9914473684210526,0.008333333333333333,0.25,1.0,0.22596534831454632,0.9764396484695467,0.00037351979469633646,0.3656222187053188
2026-03-30,2026-03-31,2026-04-01,WFRD,1,92.76000213623048,93.1750030517578,0.004473920935424536,20,0.9678477690288714,0.007061195342328383,0.25,0.847343441079406,0.44974505081693233,1.6478130633720134,3.159122967116517e-05,0.03092327541406736
2026-03-30,2026-03-31,2026-04-01,BK,1,116.58000183105467,120.33000183105467,0.03216675193944862,19,0.9921156373193167,0.008333333333333333,0.25,1.0,0.2540953525685212,0.8905366678316048,0.00026805626616207184,0.26238857528747045
2026-03-30,2026-03-31,2026-04-01,PHYS,1,34.630001068115234,35.86000061035156,0.035518322388064405,19,0.9717847769028871,0.007432058888162971,0.25,0.8918470665795566,0.4273025423845547,0.07393822825957833,0.0002639742635968519,0.2583928812015121
2026-03-30,2026-03-31,2026-04-01,TFC,1,45.36000061035156,46.38999938964844,0.022707203823578048,18,0.9744094488188977,0.008333333333333333,0.25,1.0,0.2562012271074468,1.0879271629345142,0.00018922669852981707,0.18522575332587263
2026-03-30,2026-03-31,2026-04-01,MTZ,1,308.82000732421875,326.6000061035156,0.05757398600353736,17,0.9776609724047306,0.007700935221718162,0.25,0.9241122266061794,0.41238337508768486,1.4501465498256896,0.0004433735366693493,0.4339989968244151
2026-03-30,2026-03-31,2026-04-01,BA,1,191.1300048828125,203.5,0.06472032020703344,16,0.989501312335958,0.008333333333333333,0.25,1.0,0.297498195343001,1.191342645301487,0.0005393360017252787,0.5279324640311658
2026-03-30,2026-03-31,2026-04-01,WBS,1,68.94999694824219,69.87000274658203,0.013343086860909459,16,0.9750656167979003,0.008333333333333333,0.25,1.0,0.2815021586904712,1.2773163017314006,0.00011119239050757882,0.10884137627453012
2026-03-30,2026-03-31,2026-04-01,JCI,1,128.57000732421875,133.02000427246094,0.03461146997542364,15,0.9776902887139107,0.008333333333333333,0.25,1.0,0.30456791102107367,1.054513003567505,0.0002884289164618636,0.28233047317155197
2026-03-30,2026-03-31,2026-04-01,AMAT,1,328.8299865722656,345.2900085449219,0.0500563289383551,15,0.9940789473684211,0.005915551273336929,0.25,0.7098661528004315,0.5368455975316648,1.7140697354541228,0.0002961107803898587,0.28984991437125945
2026-03-30,2026-03-31,2026-04-01,FDX,1,346.1400146484375,358.8900146484375,0.03683480516677551,15,0.9639107611548556,0.008333333333333333,0.25,1.0,0.2573569332575876,1.0369421501138005,0.0003069567097231292,0.30046652104929467
2026-03-30,2026-03-31,2026-04-01,ESLT,1,812.4808789538554,871.8666406760848,0.07309188838843084,14,0.9980314960629921,0.005970188553063951,0.25,0.7164226263676741,0.53193255620611,0.34866685365865374,0.0004363723553784377,0.427145846138727
2026-03-30,2026-03-31,2026-04-01,TSM,1,322.3099975585937,343.8999938964844,0.06698518972861134,12,0.9717105263157895,0.008242254029531607,0.25,0.9890704835437929,0.38529965791945336,1.483482566067208,0.0005521089499595861,0.5404353453754659
2026-03-30,2026-03-31,2026-04-01,CAT,1,680.0,722.0,0.061764705882352944,11,0.973753280839895,0.008333333333333333,0.25,1.0,0.3585344423773309,1.2159572897495212,0.0005147058823529412,0.5038231155581832
2026-03-30,2026-03-31,2026-04-01,APG,1,39.790000915527344,41.16999816894531,0.03468201109991553,10,0.9783464566929134,0.008333333333333333,0.25,1.0,0.28740571314095864,1.0766039818093296,0.00028901675916596275,0.282905886728676
2026-03-30,2026-03-31,2026-04-01,SPG,1,184.759994506836,186.6600036621093,0.010283661029244051,10,0.973718791064389,0.008333333333333333,0.25,1.0,0.20710088777962796,0.8337606556399811,8.569717524370043e-05,0.08388522320444397
2026-03-30,2026-03-31,2026-04-01,WAB,1,240.92999267578125,252.3699951171875,0.047482682892042494,9,0.9835742444152431,0.008333333333333333,0.25,1.0,0.2141098975557088,1.0485704698758622,0.0003956890241003541,0.3873227094337252
2026-03-30,2026-03-31,2026-04-01,LFUS,1,326.5899963378906,343.8099975585937,0.05272666466760745,7,0.9724409448818898,0.007067569799555995,0.25,0.8481083759467194,0.4493394120088171,1.5794656176835935,0.00037264938283609856,0.3647702105385593
2026-03-30,2026-03-31,2026-04-01,VTR,1,81.81999969482422,82.62999725341797,0.00989975020306666,6,0.9868766404199475,0.008333333333333333,0.25,1.0,0.18181463992297056,0.22548550982749244,8.249791835888883e-05,0.08075361032330057
2026-03-30,2026-03-31,2026-04-01,XEL,1,79.38999938964844,79.1500015258789,-0.0030230238772469553,6,0.9750656167979003,0.008333333333333333,0.25,1.0,0.17611888370852555,0.20441656558323792,-2.5191865643724626e-05,-0.024659217371526446
2026-03-30,2026-03-31,2026-04-01,SO,1,96.93000030517578,96.08999633789062,-0.00866608856536133,6,0.9671916010498687,0.008333333333333333,0.25,1.0,0.1822458886252683,0.02353823113086107,-7.221740471134441e-05,-0.0706904643732946
2026-03-30,2026-03-31,2026-04-01,ELS,1,63.29999923706055,62.29999923706055,-0.01579778850004354,4,0.9671916010498688,0.008333333333333333,0.25,1.0,0.1695089692440518,0.14829953030526197,-0.00013164823750036285,-0.12886471176891423
2026-03-30,2026-03-31,2026-04-01,ADI,1,309.3699951171875,318.20001220703125,0.028541931115520836,3,0.979002624671916,0.008333333333333333,0.25,1.0,0.3074344989165623,1.562772759873497,0.00023784942596267363,0.23282041828320843
2026-03-31,2026-04-01,2026-04-02,ATI,1,150.3000030517578,147.16000366210938,-0.020891545747787732,21,0.9829396325459318,0.008235083858380949,0.25,0.9882100630057139,0.3897103465729344,1.581169627950985,-0.0001720436311642339,-0.1698010212920581
2026-03-31,2026-04-01,2026-04-02,FLEX,1,66.93000030517578,65.86000061035156,-0.015986847302337126,21,0.9665354330708661,0.005957571219613441,0.25,0.7149085463536129,0.5386922398747344,1.7009607894021788,-9.524278138075844e-05,-0.09400128002245432
2026-03-31,2026-04-01,2026-04-02,QRVO,1,77.4000015258789,76.79000091552734,-0.007881144681213037,21,0.984251968503937,0.008333333333333333,0.25,1.0,0.3040897817020122,1.7737517143742711,-6.56762056767753e-05,-0.06482010826578086
2026-03-31,2026-04-01,2026-04-02,NVMI,1,438.6799926757813,425.0,-0.031184446302961133,21,0.9671916010498688,0.005777664909020884,0.25,0.693319789082506,0.5554661675681506,1.8379167996735732,-0.00018017328111186458,-0.1778247002536865
2026-03-31,2026-04-01,2026-04-02,NDSN,1,267.8500061035156,262.7200012207031,-0.01915252852684246,21,0.9743421052631579,0.008333333333333333,0.25,1.0,0.217875160159892,1.0867545877636902,-0.00015960440439035384,-0.157523941367652
2026-03-31,2026-04-01,2026-04-02,PH,1,905.510009765625,900.8400268554688,-0.0051572957336661895,21,0.988173455978975,0.008333333333333333,0.25,1.0,0.2485382091152946,1.2269948441121254,-4.2977464447218246e-05,-0.04241724791727062
2026-03-31,2026-04-01,2026-04-02,FCX,1,60.616524445570846,58.910281251498716,-0.02814815282925387,21,0.9704724409448819,0.006492095849012316,0.25,0.7790515018814779,0.4943391870893386,1.6780698456784124,-0.0001827405061401633,-0.18035846118829224
2026-03-31,2026-04-01,2026-04-02,GOOG,1,289.9800109863281,288.989990234375,-0.0034140999877395606,21,0.9684625492772667,0.008333333333333333,0.25,1.0,0.22596537870782302,0.9749564510245767,-2.8450833231163005e-05,-0.028079973124083973
2026-03-31,2026-04-01,2026-04-02,WFRD,1,93.1750030517578,93.98999786376952,0.008746925519916404,21,0.9678477690288714,0.00704240753127783,0.25,0.8450889037533397,0.45571026247106394,1.649238937043528,6.159941415698554e-05,0.060796458224389414
2026-03-31,2026-04-01,2026-04-02,BK,1,120.33000183105467,119.02999877929688,-0.010803648566240609,20,0.9717477003942181,0.008333333333333333,0.25,1.0,0.25397308712527183,0.8893077959737629,-9.003040471867175e-05,-0.0888568473306314
2026-03-31,2026-04-01,2026-04-02,PHYS,1,35.86000061035156,34.810001373291016,-0.029280513641637973,20,0.9717847769028871,0.0075245920526962615,0.25,0.9029510463235514,0.42650782421577804,0.075015907202592,-0.00022032392024673355,-0.21745197087390192
2026-03-31,2026-04-01,2026-04-02,TFC,1,46.38999938964844,45.869998931884766,-0.011209322367003671,19,0.9744094488188977,0.008333333333333333,0.25,1.0,0.25633658508176704,1.0862859023878435,-9.341101972503059e-05,-0.09219339560498753
2026-03-31,2026-04-01,2026-04-02,MTZ,1,326.6000061035156,323.5599975585937,-0.009308048034629923,18,0.9776609724047306,0.007652498484650232,0.25,0.9182998181580279,0.41937902907712926,1.4506737689777682,-7.122982348005706e-05,-0.07030133397859317
2026-03-31,2026-04-01,2026-04-02,WBS,1,69.87000274658203,69.19000244140625,-0.009732364082510991,17,0.9750656167979003,0.008333333333333333,0.25,1.0,0.2815108791119165,1.2769298465780117,-8.110303402092492e-05,-0.08004584600688498
2026-03-31,2026-04-01,2026-04-02,JCI,1,133.02000427246094,131.38999938964844,-0.012253832735366732,16,0.9776902887139107,0.008333333333333333,0.25,1.0,0.3134567928880749,1.0576688139937769,-0.00010211527279472276,-0.10078418766637667
2026-03-31,2026-04-01,2026-04-02,AMAT,1,345.2900085449219,338.0,-0.021112712110154974,16,0.9802890932982917,0.005890900878941677,0.25,0.7069081054730013,0.5447888956983061,1.7166544004232438,-0.00012437289432655453,-0.12275167836662428
2026-03-31,2026-04-01,2026-04-02,ESLT,1,871.8666406760848,879.0488794830086,0.008237772236995289,15,0.9980314960629921,0.005870601977588703,0.25,0.7044722373106443,0.5466726234819632,0.3551180363097827,4.836068198542986e-05,0.04773029455340601
2026-03-31,2026-04-01,2026-04-02,TSM,1,343.8999938964844,326.8399963378906,-0.04960743780568044,13,0.9848883048620236,0.008225851940955872,0.25,0.9871022329147046,0.3901477205695835,1.4840287983996725,-0.00040806343855970414,-0.4027442814970727
2026-03-31,2026-04-01,2026-04-02,CAT,1,722.0,705.5700073242188,-0.02275622254263332,12,0.973753280839895,0.008333333333333333,0.25,1.0,0.368766033007158,1.219747191498267,-0.00018963518785527768,-0.18716326988006252
2026-03-31,2026-04-01,2026-04-02,APG,1,41.16999816894531,40.61000061035156,-0.013602078783092053,11,0.9783464566929134,0.008333333333333333,0.25,1.0,0.29016119385960054,1.0786029113152904,-0.0001133506565257671,-0.11187311678993328
2026-03-31,2026-04-01,2026-04-02,SPG,1,186.6600036621093,187.5,0.00450014101259355,11,0.973718791064389,0.008333333333333333,0.25,1.0,0.20850550477486587,0.8309751295475033,3.7501175104946255e-05,0.03701234267947703
2026-03-31,2026-04-01,2026-04-02,WAB,1,252.3699951171875,252.1699981689453,-0.000792475144080873,10,0.9835742444152431,0.008333333333333333,0.25,1.0,0.21671496184427005,1.049768234491339,-6.603959534007275e-06,-0.006517876110016553
2026-03-31,2026-04-01,2026-04-02,LFUS,1,343.8099975585937,333.4200134277344,-0.030220133808321337,8,0.9724409448818898,0.0070139647563181575,0.25,0.8416757707581789,0.45755824216480306,1.5828008047046818,-0.00021196295346278466,-0.20919999031933992
2026-03-31,2026-04-01,2026-04-02,VTR,1,82.62999725341797,82.02999877929688,-0.00726126702244656,7,0.9783180026281209,0.008333333333333333,0.25,1.0,0.18200084308759307,0.22558157799030196,-6.0510558520388e-05,-0.05972179595480862
2026-03-31,2026-04-01,2026-04-02,XEL,1,79.1500015258789,79.81999969482422,0.008464916690194224,7,0.9750656167979003,0.008333333333333333,0.25,1.0,0.17782719608237893,0.2034184264267865,7.05409724182852e-05,0.06962146217505445
2026-03-31,2026-04-01,2026-04-02,SO,1,96.08999633789062,97.5,0.014673782036074279,7,0.9671916010498687,0.008333333333333333,0.25,1.0,0.18399609339042758,0.022948772659329014,0.00012228151696728565,0.12068756236821254
2026-03-31,2026-04-01,2026-04-02,ELS,1,62.29999923706055,63.560001373291016,0.020224753638214077,5,0.9940867279894875,0.008333333333333333,0.25,1.0,0.16992458454933992,0.14566992823331248,0.00016853961365178398,0.1663426790784409
2026-03-31,2026-04-01,2026-04-02,ADI,1,318.20001220703125,310.2699890136719,-0.024921504994160237,4,0.979002624671916,0.008333333333333333,0.25,1.0,0.30897255804805196,1.5634536258434588,-0.00020767920828466865,-0.20497208428598804
2026-03-31,2026-04-01,2026-04-02,APA,1,41.34999847412109,43.58000183105469,0.053929950162616036,0,0.9789750328515112,0.0074636101981914145,0.25,0.8956332237829697,0.4299926308161828,1.4303132775414111,0.0004025121260216558,0.3972653310000782
2026-03-31,2026-04-01,2026-04-02,CMI,1,549.8599853515625,531.989990234375,-0.03249917359555088,0,0.9763469119579501,0.008333333333333333,0.25,1.0,0.3815959724444813,1.2881979191879591,-0.0002708264466295907,-0.2672961906198345
2026-04-01,2026-04-02,2026-04-06,ATI,1,147.16000366210938,147.47000122070312,0.002106534050553055,22,0.9829396325459318,0.007840641402824691,0.25,0.9408769683389628,0.4144808706985936,1.5970814386345604,1.6516578093226283e-05,0.016262157340989025
2026-04-01,2026-04-02,2026-04-06,FLEX,1,65.86000061035156,68.91999816894531,0.04646215502938822,22,0.9665354330708661,0.005784579047560128,0.25,0.6941494857072154,0.5618033479634007,1.7213891491809512,0.0002687640084874895,0.2646239777360997
2026-04-01,2026-04-02,2026-04-06,QRVO,1,76.79000091552734,78.5,0.0222685123594899,22,0.984251968503937,0.008333333333333333,0.25,1.0,0.3064386310717407,1.7516116217883118,0.0001855709363290825,0.18271240855488327
2026-04-01,2026-04-02,2026-04-06,NVMI,1,425.0,446.4599914550781,0.05049409754136036,22,0.9671916010498688,0.005769934830908845,0.25,0.6923921797090614,0.5632292167442612,1.8346175013547,0.0002913476521592038,0.28685974380394325
2026-04-01,2026-04-02,2026-04-06,NDSN,1,262.7200012207031,263.07000732421875,0.0013322400345971985,22,0.9842312746386334,0.008333333333333333,0.25,1.0,0.23035522817382623,1.0872646015080536,1.1102000288309988e-05,0.010930985490405299
2026-04-01,2026-04-02,2026-04-06,PH,1,900.8400268554688,907.239990234375,0.007104439398909035,22,0.9809461235216821,0.008333333333333333,0.25,1.0,0.2607575215839614,1.2200114265536974,5.920366165757529e-05,0.05829169066400139
2026-04-01,2026-04-02,2026-04-06,FCX,1,58.910281251498716,60.96575241818722,0.034891552425515115,22,0.9704724409448819,0.006342849957843887,0.25,0.7611419949412664,0.5123557859758859,1.6948241172845295,0.00022131188183128632,0.21790280186709862
2026-04-01,2026-04-02,2026-04-06,GOOG,1,288.989990234375,294.70001220703125,0.01975854585145087,22,0.9684625492772667,0.008333333333333333,0.25,1.0,0.24907049907067083,0.9729276237681913,0.0001646545487620906,0.1621182162409785
2026-04-01,2026-04-02,2026-04-06,WFRD,1,93.98999786376952,94.88999938964844,0.009575503206026292,22,0.9678477690288714,0.0071095454965099895,0.25,0.8531454595811987,0.45710318290719354,1.6281848328156947,6.807747569522119e-05,0.06702881280154982
2026-04-01,2026-04-02,2026-04-06,BK,1,119.02999877929688,122.18000030517578,0.026463929750344617,21,0.9717477003942181,0.008333333333333333,0.25,1.0,0.26099666155687484,0.88948646812611,0.00022053274791953846,0.2171356697050353
2026-04-01,2026-04-02,2026-04-06,TFC,1,45.869998931884766,47.2599983215332,0.030303017702540958,20,0.9744094488188977,0.008333333333333333,0.25,1.0,0.2631096108034261,1.0843359292355481,0.00025252514752117466,0.2486352595777688
2026-04-01,2026-04-02,2026-04-06,MTZ,1,323.5599975585937,336.0,0.038447281911459186,19,0.973718791064389,0.007577539788931805,0.25,0.9093047746718166,0.42887216246954724,1.4536499096796873,0.00029133580846036,0.28684808254499417
2026-04-01,2026-04-02,2026-04-06,WBS,1,69.19000244140625,69.76000213623047,0.008238180007392293,18,0.9750656167979003,0.008333333333333333,0.25,1.0,0.28413448467518454,1.2680308300467729,6.865150006160244e-05,0.06759399491802477
2026-04-01,2026-04-02,2026-04-06,JCI,1,131.38999938964844,132.97000122070312,0.012025282277146943,17,0.9776902887139107,0.008333333333333333,0.25,1.0,0.3205102391906232,1.0536760462201222,0.00010021068564289118,0.0986670439830045
2026-04-01,2026-04-02,2026-04-06,AMAT,1,338.0,351.0199890136719,0.038520677555242244,17,0.992772667542707,0.0058520044525433345,0.25,0.7022405343052002,0.5553303832613847,1.7288925780859437,0.0002254231765682637,0.2219507663734588
2026-04-01,2026-04-02,2026-04-06,ESLT,1,879.0488794830086,913.0121104910255,0.038636339571914924,16,0.9980314960629921,0.005902099155956794,0.25,0.7082518987148153,0.5506169567141731,0.37121409463615607,0.00022803550717665917,0.2245228567387041
2026-04-01,2026-04-02,2026-04-06,TSM,1,326.8399963378906,339.75,0.03949946091898404,14,0.9940867279894875,0.007888000434766968,0.25,0.9465600521720361,0.4119923550149028,1.507548340106627,0.000311571764902007,0.3067723250692023
2026-04-01,2026-04-02,2026-04-06,CAT,1,705.5700073242188,716.739990234375,0.01583114757459292,13,0.973753280839895,0.008333333333333333,0.25,1.0,0.3865704457824841,1.2348179088488251,0.00013192622978827433,0.12989404307059557
2026-04-01,2026-04-02,2026-04-06,APG,1,40.61000061035156,41.880001068115234,0.03127309624910346,12,0.9783464566929134,0.008333333333333333,0.25,1.0,0.29832203139813906,1.0815259735337903,0.0002606091354091955,0.25659472201820976
2026-04-01,2026-04-02,2026-04-06,SPG,1,187.5,188.47000122070312,0.005173339843749902,12,0.973718791064389,0.008333333333333333,0.25,1.0,0.21356665162508523,0.8338804903769286,4.3111165364582516e-05,0.04244708258302982
2026-04-01,2026-04-02,2026-04-06,WAB,1,252.1699981689453,251.17999267578125,-0.003925944800541981,11,0.9835742444152431,0.008333333333333333,0.25,1.0,0.23868156223069487,1.0628801252893136,-3.271620667118317e-05,-0.032212247445207315
2026-04-01,2026-04-02,2026-04-06,LFUS,1,333.4200134277344,345.29998779296875,0.03563065768938678,9,0.9724409448818898,0.0069333899885048915,0.25,0.832006798620587,0.4687167288824326,1.5851101451602823,0.0002470412453074391,0.24323583118897077
2026-04-01,2026-04-02,2026-04-06,VTR,1,82.02999877929688,83.11000061035156,0.013165937426872887,8,0.9783180026281209,0.008333333333333333,0.25,1.0,0.18267232837209618,0.2352705633118355,0.00010971614522394072,0.10802608181959092
2026-04-01,2026-04-02,2026-04-06,ELS,1,63.560001373291016,63.68000030517578,0.0018879630159225336,6,0.9940867279894875,0.008333333333333333,0.25,1.0,0.16966501757819366,0.1533428595363053,1.573302513268778e-05,0.015490674200997654
2026-04-01,2026-04-02,2026-04-06,ADI,1,310.2699890136719,320.0,0.03135981993379122,5,0.979002624671916,0.008333333333333333,0.25,1.0,0.3232195112861668,1.5631926818932234,0.00026133183278159353,0.2573062869872681
2026-04-01,2026-04-02,2026-04-06,APA,1,43.58000183105469,42.0,-0.03625520341141408,1,0.9789750328515112,0.007432316178340674,0.25,0.891877941400881,0.4372521025072649,1.379531207657925,-0.0002694601348636849,-0.2653093810075888
2026-04-01,2026-04-02,2026-04-06,CMI,1,531.989990234375,547.5,0.029154702250679287,1,0.9842312746386334,0.00823386429973404,0.25,0.9880637159680847,0.394686596375312,1.2953898781447926,0.00024005586203124386,0.23635805049593556
2026-04-01,2026-04-02,2026-04-06,AVGO,1,304.489990234375,315.0599975585937,0.03471380887129549,0,0.9908015768725362,0.008249261343134428,0.25,0.9899113611761313,0.3939499235507809,1.7365339300085882,0.00028636328159493485,0.2819521522977354
2026-04-01,2026-04-02,2026-04-06,NVDA,1,172.17999267578125,177.16000366210938,0.028923284923734416,0,0.9894875164257555,0.008333333333333333,0.25,1.0,0.3646596033566206,1.6990683533524635,0.00024102737436445347,0.23731459768943958
2026-04-01,2026-04-02,2026-04-06,ESI,1,33.15999984741211,34.099998474121094,0.028347365230230626,0,0.980946123521682,0.006579375081755264,0.25,0.7895250098106317,0.49393686103866724,1.633494892685089,0.00018650794842919494,0.18363498695559258
2026-04-02,2026-04-06,2026-04-07,ATI,1,147.47000122070312,147.25999450683594,-0.0014240639596448945,23,0.9829396325459318,0.007775369486633817,0.25,0.933044338396058,0.4203318747423969,1.6005203920007702,-1.1072623458837845e-05,-0.010951186762007235
2026-04-02,2026-04-06,2026-04-07,FLEX,1,68.91999816894531,67.2300033569336,-0.024521109357388382,23,0.9665354330708661,0.0057657354590563105,0.25,0.6918882550867572,0.5668375971010192,1.729287147264623,-0.0001413822297172917,-0.13983164949289956
2026-04-02,2026-04-06,2026-04-07,QRVO,1,78.5,78.87000274658203,0.004713410784484395,23,0.984251968503937,0.008333333333333333,0.25,1.0,0.30628716803394096,1.748186629939706,3.9278423204036626e-05,0.03884764525982632
2026-04-02,2026-04-06,2026-04-07,NVMI,1,446.4599914550781,433.260009765625,-0.02956587811246525,23,0.9671916010498688,0.00578569142292109,0.25,0.6942829707505308,0.5648824650730419,1.8408120143152202,-0.0001710590474064206,-0.1691829928510346
2026-04-02,2026-04-06,2026-04-07,NDSN,1,263.07000732421875,262.45001220703125,-0.002356768540411336,23,0.9710906701708278,0.008333333333333333,0.25,1.0,0.23039857377951434,1.0867146666341205,-1.9639737836761133e-05,-0.019424343093285792
2026-04-02,2026-04-06,2026-04-07,PH,1,907.239990234375,907.1799926757812,-6.613195983373732e-05,23,0.9783180026281209,0.008333333333333333,0.25,1.0,0.26676547683294716,1.2232085360162828,-5.510996652811443e-07,-0.0005450555942238213
2026-04-02,2026-04-06,2026-04-07,FCX,1,60.96575241818722,60.59656630870207,-0.006055631150957641,23,0.9704724409448819,0.006308985433917793,0.25,0.7570782520701351,0.5180287175115716,1.7044142993441693,-3.8204888724570595e-05,-0.03778588454667725
2026-04-02,2026-04-06,2026-04-07,GOOG,1,294.70001220703125,300.1400146484375,0.018459457808181368,23,0.9684625492772667,0.008333333333333333,0.25,1.0,0.25588034785172703,0.977667613319208,0.00015382881506817805,0.15214172950542137
2026-04-02,2026-04-06,2026-04-07,WFRD,1,94.88999938964844,94.9000015258789,0.00010540769622524593,23,0.9678477690288714,0.007153150035449704,0.25,0.8583780042539645,0.456894601250476,1.6254544782071771,7.539970659902896e-07,0.0007457277598539241
2026-04-02,2026-04-06,2026-04-07,BK,1,122.18000030517578,123.18000030517578,0.008184645584402128,22,0.9717477003942181,0.008333333333333333,0.25,1.0,0.2635948749526015,0.8905802119489884,6.820537987001774e-05,0.06745735153975957
2026-04-02,2026-04-06,2026-04-07,TFC,1,47.2599983215332,47.40999984741211,0.0031739638427061845,21,0.9744094488188977,0.008333333333333333,0.25,1.0,0.26478201200238893,1.084209976284187,2.6449698689218203e-05,0.026159617115242173
2026-04-02,2026-04-06,2026-04-07,MTZ,1,336.0,336.25,0.0007440476190476719,20,0.980946123521682,0.007566749233179545,0.25,0.9080099079815455,0.431920701006013,1.4580683019014817,5.6300217508780375e-06,0.005568275657275855
2026-04-02,2026-04-06,2026-04-07,WBS,1,69.76000213623047,69.9000015258789,0.0020068719231838283,19,0.9750656167979003,0.008333333333333333,0.25,1.0,0.28438177263951786,1.2681902738872293,1.672393269319857e-05,0.01654051643671434
2026-04-02,2026-04-06,2026-04-07,JCI,1,132.97000122070312,132.97000122070312,0.0,18,0.9776902887139107,0.008333333333333333,0.25,1.0,0.3247306933040866,1.057855663036084,0.0,0.0
2026-04-02,2026-04-06,2026-04-07,AMAT,1,351.0199890136719,348.1499938964844,-0.008176158643420472,18,0.9967148488830486,0.0058615365410729925,0.25,0.7033843849287591,0.557573190959473,1.7348298878885744,-4.792485265401889e-05,-0.047399246791593165
2026-04-02,2026-04-06,2026-04-07,ESLT,1,913.0121104910255,922.68167712505,0.01059084159225887,17,0.9980314960629921,0.005844306353180533,0.25,0.701316762381664,0.5592170286133293,0.3832935234292517,6.189612280316715e-05,0.06121728993869012
2026-04-02,2026-04-06,2026-04-07,TSM,1,339.75,339.44000244140625,-0.0009124284285320083,15,0.9940867279894876,0.007930851400454067,0.25,0.9517021680544879,0.41209139701501707,1.508256315221827,-7.236334280237181e-06,-0.007156971287770142
2026-04-02,2026-04-06,2026-04-07,CAT,1,716.739990234375,719.5900268554688,0.003976388453170943,14,0.973753280839895,0.008333333333333333,0.25,1.0,0.390215566027608,1.2401211466235924,3.313657044309119e-05,0.032773151992724577
2026-04-02,2026-04-06,2026-04-07,APG,1,41.880001068115234,41.880001068115234,0.0,13,0.9783464566929134,0.008333333333333333,0.25,1.0,0.3015821526853803,1.0868487978527648,0.0,0.0
2026-04-02,2026-04-06,2026-04-07,SPG,1,188.47000122070312,190.08999633789065,0.00859550648217211,13,0.973718791064389,0.008333333333333333,0.25,1.0,0.2139964692516094,0.83338213025533,7.162922068476758e-05,0.07084364209186725
2026-04-02,2026-04-06,2026-04-07,WAB,1,251.17999267578125,252.4499969482422,0.005056152199591102,12,0.9835742444152431,0.008333333333333333,0.25,1.0,0.24254844787397795,1.0675357025604777,4.213460166325918e-05,0.04167249917532749
2026-04-02,2026-04-06,2026-04-07,LFUS,1,345.29998779296875,338.0299987792969,-0.021054124734086965,10,0.9724409448818898,0.006963144628623057,0.25,0.8355773554347669,0.46936202067339583,1.5914787847612129,-0.0001466029155525175,-0.14499507854111576
2026-04-02,2026-04-06,2026-04-07,ELS,1,63.68000030517578,63.5099983215332,-0.0026696291273221595,7,0.9940867279894875,0.008333333333333333,0.25,1.0,0.17160852993737566,0.1551548807663653,-2.224690939435133e-05,-0.022002921038603213
2026-04-02,2026-04-06,2026-04-07,ADI,1,320.0,323.7900085449219,0.011843776702880948,6,0.979002624671916,0.008333333333333333,0.25,1.0,0.3231860540530633,1.5640400586940488,9.869813919067457e-05,0.09761568785913607
2026-04-02,2026-04-06,2026-04-07,APA,1,42.0,43.45000076293945,0.0345238276890345,2,0.9789750328515112,0.007381711530811003,0.25,0.8858053836973203,0.4427476770786993,1.3734395075905101,0.00025484493693987817,0.25204997805221885
2026-04-02,2026-04-06,2026-04-07,CMI,1,547.5,549.780029296875,0.004164437071917826,2,0.9822601839684626,0.0082337117587667,0.25,0.988045411052004,0.3969334522369968,1.2994747217800475,3.4288774487693766e-05,0.03391271947890254
2026-04-02,2026-04-06,2026-04-07,AVGO,1,315.0599975585937,326.7300109863281,0.037040606608790716,1,0.9908015768725362,0.008274625122054242,0.25,0.9929550146465091,0.3949708397569381,1.7400274263227198,0.00030649713398122805,0.30313569035613835
2026-04-02,2026-04-06,2026-04-07,NVDA,1,177.16000366210938,175.72999572753906,-0.008071844124014071,1,0.9894875164257555,0.008333333333333333,0.25,1.0,0.3650294760025487,1.7019200888717536,-6.726536770011726e-05,-0.0665276487579926
2026-04-02,2026-04-06,2026-04-07,ESI,1,34.099998474121094,33.7599983215332,-0.009970679407681482,1,0.9842312746386335,0.0066245077742350085,0.25,0.794940932908201,0.49335524155363125,1.637846892778713,-6.605084325059089e-05,-0.06532644435298131
2026-04-02,2026-04-06,2026-04-07,AAPL,1,256.510009765625,256.1600036621094,-0.0013644929639800019,0,0.97634691195795,0.008333333333333333,0.25,1.0,0.2463856241637277,1.2700470623087314,-1.137077469983335e-05,-0.011246068091224646
2026-04-06,2026-04-07,2026-04-08,ATI,1,147.25999450683594,157.52000427246094,0.06967275667763739,24,0.9829396325459318,0.007723015512327085,0.25,0.9267618614792502,0.42488863649024666,1.6001912443547839,0.000538083780607984,0.5323935867723137
2026-04-06,2026-04-07,2026-04-08,QRVO,1,78.87000274658203,79.9000015258789,0.013059449010118351,24,0.984251968503937,0.008333333333333333,0.25,1.0,0.30831708347379244,1.7486708564827877,0.00010882874175098626,0.10767788633074758
2026-04-06,2026-04-07,2026-04-08,NDSN,1,262.45001220703125,274.20001220703125,0.044770430380971504,24,0.9862023653088042,0.008333333333333333,0.25,1.0,0.2306971680107151,1.0870646757859797,0.0003730869198414292,0.3691415548853397
2026-04-06,2026-04-07,2026-04-08,PH,1,907.1799926757812,950.8099975585938,0.04809409955583699,24,0.9835742444152431,0.008333333333333333,0.25,1.0,0.26730823954942173,1.2232007625934402,0.00040078416296530824,0.39654590183251087
2026-04-06,2026-04-07,2026-04-08,FCX,1,60.59656630870207,65.10663453218743,0.07442778523966753,24,0.9704724409448819,0.00634600521919961,0.25,0.7615206263039532,0.5170845937374675,1.7043516012501803,0.00047231911358439787,0.46732437595162535
2026-04-06,2026-04-07,2026-04-08,GOOG,1,300.1400146484375,317.8299865722656,0.05893906530440107,24,0.9684625492772667,0.008333333333333333,0.25,1.0,0.25586531722161143,0.9769428407349482,0.0004911588775366756,0.4859649108756919
2026-04-06,2026-04-07,2026-04-08,WFRD,1,94.9000015258789,95.70999908447266,0.008535274452792008,24,0.9678477690288714,0.007191588593093929,0.25,0.8629906311712714,0.4562860469767171,1.6251644030132375,6.138218239362503e-05,0.06073307062244035
2026-04-06,2026-04-07,2026-04-08,BK,1,123.18000030517578,126.2699966430664,0.02508521131868191,23,0.9717477003942181,0.008333333333333333,0.25,1.0,0.26373891130651533,0.8908866083138901,0.00020904342765568258,0.20683280978110227
2026-04-06,2026-04-07,2026-04-08,TFC,1,47.40999984741211,49.06999969482422,0.03501370708194007,22,0.9744094488188977,0.008333333333333333,0.25,1.0,0.2652418579270103,1.0846108460159383,0.0002917808923495006,0.2886953322660178
2026-04-06,2026-04-07,2026-04-08,MTZ,1,336.25,352.6400146484375,0.048743537987918195,21,0.980946123521682,0.007632571790893877,0.25,0.9159086149072652,0.42992344134130717,1.457531449040595,0.0003720385530349485,0.36810427447572636
2026-04-06,2026-04-07,2026-04-08,WBS,1,69.9000015258789,71.91999816894531,0.028898377667682107,20,0.9750656167979003,0.008333333333333333,0.25,1.0,0.2839987354307499,1.269314775054228,0.00024081981389735088,0.23827316322708228
2026-04-06,2026-04-07,2026-04-08,JCI,1,132.97000122070312,137.99000549316406,0.03775290837313561,19,0.9776902887139107,0.008333333333333333,0.25,1.0,0.3252570728361854,1.0571141035213931,0.00031460756977613004,0.3112806193667112
2026-04-06,2026-04-07,2026-04-08,AMAT,1,348.1499938964844,378.8900146484375,0.08829533617942009,19,0.9921156373193167,0.005879990600546929,0.25,0.7055988720656314,0.5580657782548933,1.734969630696596,0.0005191757468071213,0.5136855039479639
2026-04-06,2026-04-07,2026-04-08,TSM,1,339.44000244140625,370.2900085449219,0.09088500436491986,16,0.985545335085414,0.00796828150776256,0.25,0.9561937809315073,0.41181044211715856,1.5076563819646531,0.0007241972996139105,0.7165389698916951
2026-04-06,2026-04-07,2026-04-08,CAT,1,719.5900268554688,764.6199951171875,0.06257725452157104,15,0.973753280839895,0.008333333333333333,0.25,1.0,0.39198802953904205,1.2402365325672726,0.0005214771210130919,0.5159625413019565
2026-04-06,2026-04-07,2026-04-08,APG,1,41.880001068115234,43.84999847412109,0.04703909636491588,14,0.9783464566929134,0.008333333333333333,0.25,1.0,0.3004130033880331,1.086950008400719,0.0003919924697076323,0.3878471800424443
2026-04-06,2026-04-07,2026-04-08,SPG,1,190.08999633789065,192.6199951171875,0.013309478815495934,14,0.973718791064389,0.008333333333333333,0.25,1.0,0.21316924387942643,0.8334031910349627,0.00011091232346246612,0.1097394343288206
2026-04-06,2026-04-07,2026-04-08,WAB,1,252.4499969482422,264.94000244140625,0.049475165950288336,13,0.9835742444152431,0.008333333333333333,0.25,1.0,0.24092694562497502,1.0669717468607405,0.0004122930495857361,0.4079330828783366
2026-04-06,2026-04-07,2026-04-08,LFUS,1,338.0299987792969,365.4299926757813,0.08105787650632212,11,0.9724409448818898,0.007023825148405594,0.25,0.8428590178086713,0.4671843989981101,1.592895943159083,0.0005693363514814603,0.5633156641565936
2026-04-06,2026-04-07,2026-04-08,ELS,1,63.5099983215332,63.5099983215332,0.0,8,0.9940867279894875,0.008333333333333333,0.25,1.0,0.17236509969284433,0.1553464874581178,0.0,0.0
2026-04-06,2026-04-07,2026-04-08,ADI,1,323.7900085449219,345.8099975585937,0.06800700587589881,7,0.979002624671916,0.008333333333333333,0.25,1.0,0.3221865906063822,1.5650241021740887,0.0005667250489658234,0.5607319759605349
2026-04-06,2026-04-07,2026-04-08,APA,1,43.45000076293945,36.97999954223633,-0.14890681489289392,3,0.9789750328515112,0.00743377619041012,0.25,0.8920531428492144,0.44142054409155457,1.3735627598672924,-0.001106939935140602,-1.0952341320251886
2026-04-06,2026-04-07,2026-04-08,CMI,1,549.780029296875,581.0,0.056786294589588504,3,0.9724047306176085,0.00827264261477038,0.25,0.9927171137724458,0.3966594090220782,1.2994078070112507,0.0004697727205567346,0.46480491083078884
2026-04-06,2026-04-07,2026-04-08,AVGO,1,326.7300109863281,351.75,0.07657695397536912,2,0.9842312746386335,0.008315271152633833,0.25,0.9978325383160601,0.394625920236684,1.740033000361788,0.0006367581363479556,0.6300244689287925
2026-04-06,2026-04-07,2026-04-08,NVDA,1,175.72999572753906,184.5,0.04990613148399792,2,0.9894875164257555,0.008333333333333333,0.25,1.0,0.36545082075462354,1.701342724546185,0.00041588442903331597,0.4114864837695454
2026-04-06,2026-04-07,2026-04-08,ESI,1,33.7599983215332,36.81999969482422,0.09063985561098953,2,0.980946123521682,0.0066418091682673335,0.25,0.79701710019208,0.4940553767041928,1.6381852779421413,0.0006020126240074976,0.595646387659967
2026-04-06,2026-04-07,2026-04-08,AAPL,1,256.1600036621094,258.45001220703125,0.00893975840171568,1,0.97634691195795,0.008333333333333333,0.25,1.0,0.24631194905519155,1.2699692942888388,7.4497986680964e-05,0.07371017630670798
2026-04-06,2026-04-07,2026-04-08,IVZ,1,22.489999771118164,23.89999961853028,0.0626945247559696,0,0.9940867279894875,0.008333333333333333,0.25,1.0,0.38677747882217456,1.5356973053187453,0.0005224543729664133,0.5169294588924127
2026-04-06,2026-04-07,2026-04-08,DAR,1,64.01000213623047,59.119998931884766,-0.07639436089907425,0,0.9875164257555848,0.008333333333333333,0.25,1.0,0.2859379074453393,0.9127631902854407,-0.0006366196741589521,-0.629887470966593
2026-04-06,2026-04-07,2026-04-08,FLEX,1,67.2300033569336,71.9000015258789,0.06946300663041227,0,0.9750328515111695,0.005807714116990299,0.25,0.6969256940388359,0.5650108570299588,1.7292063566977214,0.00040342128421603607,0.3991551357325591
2026-04-07,2026-04-08,2026-04-09,ATI,1,157.52000427246094,156.8000030517578,-0.004570855771802496,25,0.9829396325459318,0.007839326940782466,0.25,0.9407192328938959,0.4192225911741768,1.5980716833950157,-3.583243279432234e-05,-0.035768025808249296
2026-04-07,2026-04-08,2026-04-09,QRVO,1,79.9000015258789,79.37000274658203,-0.006633276209953687,25,0.984251968503937,0.008333333333333333,0.25,1.0,0.3058584992555243,1.749594244183343,-5.527730174961406e-05,-0.0551779435948279
2026-04-07,2026-04-08,2026-04-09,NDSN,1,274.20001220703125,273.7200012207031,-0.001750587034860196,25,0.9829172141918529,0.008333333333333333,0.25,1.0,0.23069974159014145,1.0857881238780926,-1.4588225290501632e-05,-0.014562003693198737
2026-04-07,2026-04-08,2026-04-09,PH,1,950.8099975585938,964.030029296875,0.013903967955981145,25,0.9796320630749015,0.008333333333333333,0.25,1.0,0.26534411528874663,1.2194376516306114,0.0001158663996331762,0.11565813563864524
2026-04-07,2026-04-08,2026-04-09,FCX,1,65.10663453218743,65.0567397211445,-0.0007663552478398561,25,0.9704724409448819,0.006369651189266986,0.25,0.7643581427120384,0.51595022325776,1.704306242028968,-4.881415615804135e-06,-0.004872641518064568
2026-04-07,2026-04-08,2026-04-09,GOOG,1,317.8299865722656,313.19000244140625,-0.014598950152251877,25,0.9684625492772667,0.008333333333333333,0.25,1.0,0.2566943879535838,0.9786956955216568,-0.00012165791793543231,-0.12143924397960243
2026-04-07,2026-04-08,2026-04-09,WFRD,1,95.70999908447266,102.48999786376952,0.07083898071415606,25,0.9678477690288714,0.007264176958485468,0.25,0.8717012350182561,0.4524150460483214,1.6253290564960257,0.0005145868914663689,0.5136619475491561
2026-04-07,2026-04-08,2026-04-09,BK,1,126.2699966430664,127.5500030517578,0.010137059022102157,24,0.9717477003942181,0.008333333333333333,0.25,1.0,0.26431863801713323,0.891865897972635,8.447549185085131e-05,0.08432365142577102
2026-04-07,2026-04-08,2026-04-09,TFC,1,49.06999969482422,48.97999954223633,-0.001834117651265954,23,0.9744094488188977,0.008333333333333333,0.25,1.0,0.2651433290101258,1.0841983107076674,-1.5284313760549617e-05,-0.015256840979419676
2026-04-07,2026-04-08,2026-04-09,MTZ,1,352.6400146484375,350.07000732421875,-0.007287906129373578,22,0.980946123521682,0.007783342642038832,0.25,0.9340011170446598,0.42223799006688545,1.4533878089873744,-5.672427054792955e-05,-0.05662231153989471
2026-04-07,2026-04-08,2026-04-09,WBS,1,71.91999816894531,71.37000274658203,-0.007647322530116019,21,0.9750656167979003,0.008333333333333333,0.25,1.0,0.28307376604529855,1.268287329441338,-6.372768775096682e-05,-0.06361314045463884
2026-04-07,2026-04-08,2026-04-09,JCI,1,137.99000549316406,138.94000244140625,0.006884534462093805,20,0.9776902887139107,0.008333333333333333,0.25,1.0,0.32295686591814077,1.0555296964690097,5.737112051744838e-05,0.05726799882930144
2026-04-07,2026-04-08,2026-04-09,AMAT,1,378.8900146484375,385.25,0.01678583521781052,20,0.9901445466491459,0.005952926892808954,0.25,0.7143512271370746,0.552068421526612,1.734977748609865,9.992484988636388e-05,0.09974524002141488
2026-04-07,2026-04-08,2026-04-09,TSM,1,370.2900085449219,363.2999877929688,-0.018877151936723346,17,0.9796320630749015,0.008226314919877447,0.25,0.9871577903852937,0.39950123295611906,1.507714866268173,-0.0001552893966218607,-0.155010271783675
2026-04-07,2026-04-08,2026-04-09,CAT,1,764.6199951171875,773.0,0.010959698852144317,16,0.973753280839895,0.008333333333333333,0.25,1.0,0.38320226419437786,1.2396163848485597,9.133082376786932e-05,0.09116666123030952
2026-04-07,2026-04-08,2026-04-09,APG,1,43.84999847412109,43.7400016784668,-0.0025084788935444413,15,0.9783464566929134,0.008333333333333333,0.25,1.0,0.2985017192198271,1.0860937923286662,-2.090399077953701e-05,-0.020866416913125626
2026-04-07,2026-04-08,2026-04-09,SPG,1,192.6199951171875,193.7400054931641,0.005814611174167927,15,0.973718791064389,0.008333333333333333,0.25,1.0,0.21327024149723833,0.8310424751226133,4.845509311806606e-05,0.04836799753832865
2026-04-07,2026-04-08,2026-04-09,WAB,1,264.94000244140625,269.3099975585937,0.016494282014487105,14,0.9835742444152431,0.008333333333333333,0.25,1.0,0.24004615019934644,1.0656444125638276,0.00013745235012072588,0.13720528647169183
2026-04-07,2026-04-08,2026-04-09,LFUS,1,365.4299926757813,367.7900085449219,0.0064581887541848015,12,0.9724409448818898,0.00705735684862523,0.25,0.8468828218350276,0.4656733425370933,1.588390570455765,4.557774263406055e-05,0.04549581894632428
2026-04-07,2026-04-08,2026-04-09,ELS,1,63.5099983215332,63.650001525878906,0.0022044277758741515,9,0.9940867279894875,0.008333333333333333,0.25,1.0,0.1705222846464755,0.15445627500582337,1.837023146561793e-05,0.018337211903453225
2026-04-07,2026-04-08,2026-04-09,ADI,1,345.8099975585937,346.0,0.0005494417244953365,8,0.979002624671916,0.008333333333333333,0.25,1.0,0.3259694562382144,1.5686000849426225,4.578681037461137e-06,0.004570451089818302
2026-04-07,2026-04-08,2026-04-09,APA,1,36.97999954223633,39.2599983215332,0.061654916374263236,4,0.9789750328515112,0.007489471493153913,0.25,0.8987365791784695,0.43880572296462583,1.3760736592471334,0.0004617627385978329,0.4609327434243365
2026-04-07,2026-04-08,2026-04-09,CMI,1,581.0,597.0399780273438,0.02760753533105631,4,0.9724047306176085,0.008333333333333333,0.25,1.0,0.394370754381163,1.2982621476860283,0.00023006279442546924,0.22964926818566464
2026-04-07,2026-04-08,2026-04-09,AVGO,1,351.75,352.29998779296875,0.001563575815120899,3,0.9704336399474376,0.008331291617541117,0.25,0.9997549941049341,0.39446740121987317,1.7375809806241442,1.3026606081906764e-05,0.013003191416167703
2026-04-07,2026-04-08,2026-04-09,NVDA,1,184.5,181.83999633789065,-0.014417364022272894,3,0.9894875164257555,0.008333333333333333,0.25,1.0,0.3645001817262987,1.7019402264913197,-0.00012014470018560744,-0.11992874616216669
2026-04-07,2026-04-08,2026-04-09,ESI,1,36.81999969482422,36.650001525878906,-0.004617006256227851,3,0.980946123521682,0.006707861733475906,0.25,0.8049434080171087,0.4899360010322375,1.6376941185347906,-3.0970239589369655e-05,-0.030914572149724658
2026-04-07,2026-04-08,2026-04-09,AAPL,1,258.45001220703125,259.0,0.002128023861450501,2,0.97634691195795,0.008333333333333333,0.25,1.0,0.24748834707385664,1.2713264616294269,1.7733532178754174e-05,0.01770165705136277
2026-04-07,2026-04-08,2026-04-09,IVZ,1,23.89999961853028,24.09000015258789,0.007949813267373429,1,0.9894875164257555,0.008292719561416341,0.25,0.995126347369961,0.3963021936093374,1.5255856165487678,6.59255719919548e-05,0.06580707410984013
2026-04-07,2026-04-08,2026-04-09,DAR,1,59.119998931884766,64.0,0.08254399790733657,1,0.9875164257555848,0.008333333333333333,0.25,1.0,0.27946088451238627,0.9077636992983796,0.0006878666492278047,0.6866302437079443
2026-04-07,2026-04-08,2026-04-09,FLEX,1,71.9000015258789,73.31999969482422,0.019749626409037102,1,0.9638633377135348,0.005909843697789192,0.25,0.709181243734703,0.5560930409049182,1.7253587040719982,0.0001167172051671389,0.1165074118926818
2026-04-08,2026-04-09,2026-04-10,ATI,1,156.8000030517578,159.1999969482422,0.015306083225598899,26,0.9829396325459318,0.015310453475215164,0.5,0.9186272085129098,0.4195329739868055,1.5702809727580924,0.0002343430751133032,0.2344167878206314
2026-04-08,2026-04-09,2026-04-10,QRVO,1,79.37000274658203,79.83000183105469,0.005795628934792463,26,0.984251968503937,0.016666666666666666,0.5,1.0,0.3076221625310094,1.6420217825377441,9.659381557987438e-05,0.09662419920291983
2026-04-08,2026-04-09,2026-04-10,NDSN,1,273.7200012207031,276.44000244140625,0.009937166478784176,26,0.9829172141918529,0.016666666666666666,0.5,1.0,0.22804049220668224,1.040417406079397,0.0001656194413130696,0.16567153697409764
2026-04-08,2026-04-09,2026-04-10,PH,1,964.030029296875,986.4299926757812,0.023235752723640646,26,0.9796320630749015,0.016666666666666666,0.5,1.0,0.26382780184958227,1.1364259697424788,0.00038726254539401075,0.387384358981436
2026-04-08,2026-04-09,2026-04-10,FCX,1,65.0567397211445,67.09226432741816,0.03128845089684207,26,0.9704724409448819,0.012641197341625636,0.5,0.7584718404975381,0.5081195954747766,1.6447410128167468,0.0003955234823007442,0.39564789436915365
2026-04-08,2026-04-09,2026-04-10,GOOG,1,313.19000244140625,318.2250061035156,0.01607651464880777,26,0.9684625492772667,0.016666666666666666,0.5,1.0,0.26002059564748076,0.9889337905463881,0.00026794191081346285,0.26802619204790173
2026-04-08,2026-04-09,2026-04-10,WFRD,1,102.48999786376952,103.41999816894533,0.009074059172212712,26,0.9678477690288714,0.015572538285639549,0.5,0.934352297138373,0.41247226121556085,1.498804038360137,0.00014130613386544117,0.1413505817659574
2026-04-08,2026-04-09,2026-04-10,BK,1,127.5500030517578,128.57000732421875,0.007996897279940018,25,0.9717477003942181,0.016666666666666666,0.5,1.0,0.25605170383544834,0.8793971692169519,0.00013328162133233363,0.13332354511924627
2026-04-08,2026-04-09,2026-04-10,TFC,1,48.97999954223633,50.369998931884766,0.028378917979568596,24,0.9744094488188977,0.016666666666666666,0.5,1.0,0.26348460505409693,1.001434574090434,0.00047298196632614327,0.4731307429914595
2026-04-08,2026-04-09,2026-04-10,MTZ,1,350.07000732421875,357.8299865722656,0.02216693542917536,23,0.980946123521682,0.015250383599761556,0.5,0.9150230159856934,0.4211854762554345,1.4245826207206138,0.0003380542685260693,0.3381606036304664
2026-04-08,2026-04-09,2026-04-10,WBS,1,71.37000274658203,72.0199966430664,0.009107382254031071,22,0.9750656167979003,0.016666666666666666,0.5,1.0,0.28130977381800887,1.1421517305976012,0.00015178970423385119,0.15183744974558955
2026-04-08,2026-04-09,2026-04-10,JCI,1,138.94000244140625,142.57000732421875,0.026126420174372278,21,0.9776902887139107,0.016666666666666666,0.5,1.0,0.32278733128061626,1.029858945968925,0.00043544033623953794,0.4355773041702037
2026-04-08,2026-04-09,2026-04-10,AMAT,1,385.25,402.5,0.04477611940298498,21,0.9914586070959264,0.011858667861820693,0.5,0.7115200717092416,0.5416493786982125,1.7348871176240879,0.000530985128141224,0.5311521497241206
2026-04-08,2026-04-09,2026-04-10,TSM,1,363.2999877929688,375.5899963378906,0.033828816289213526,18,0.9921156373193167,0.01607117661491354,0.5,0.9642705968948124,0.3996745374313836,1.5015449642679866,0.0005436688812574147,0.5438398925198904
2026-04-08,2026-04-09,2026-04-10,CAT,1,773.0,790.6699829101562,0.0228589688359071,17,0.973753280839895,0.016666666666666666,0.5,1.0,0.3794774649963727,1.1982521995221438,0.000380982813931785,0.38110265222718526
2026-04-08,2026-04-09,2026-04-10,APG,1,43.7400016784668,44.290000915527344,0.012574284772634448,16,0.9783464566929134,0.016666666666666666,0.5,1.0,0.29065007221665096,1.0643119294905914,0.00020957141287724078,0.20963733364837647
2026-04-08,2026-04-09,2026-04-10,WAB,1,269.3099975585937,272.1000061035156,0.01035984022210279,15,0.9835742444152431,0.016666666666666666,0.5,1.0,0.2402738001469162,1.044010569722733,0.00017266400370171317,0.17271831523263775
2026-04-08,2026-04-09,2026-04-10,LFUS,1,367.7900085449219,382.010009765625,0.038663370103394934,13,0.9724409448818898,0.013866333998066128,0.5,0.8319800398839676,0.46322554183675785,1.4449665142777242,0.0005361192033445187,0.5362878398528091
2026-04-08,2026-04-09,2026-04-10,ELS,1,63.650001525878906,64.04000091552734,0.00612724870854664,10,0.9940867279894875,0.016666666666666666,0.5,1.0,0.1695454546306645,0.19642807017684366,0.00010212081180911066,0.10215293395101464
2026-04-08,2026-04-09,2026-04-10,ADI,1,346.0,353.0,0.020231213872832443,9,0.979002624671916,0.016666666666666666,0.5,1.0,0.32539964266905147,1.5423515470427411,0.0003371868978805407,0.33729296015315685
2026-04-08,2026-04-09,2026-04-10,APA,1,39.2599983215332,38.619998931884766,-0.016301564366023258,5,0.9789750328515112,0.014932603859180639,0.5,0.8959562315508384,0.4301486961093258,1.227550114931061,-0.0002434248029627605,-0.24350137233118987
2026-04-08,2026-04-09,2026-04-10,CMI,1,597.0399780273438,616.2999877929688,0.03225916265986273,5,0.9835742444152431,0.01633966082668895,0.5,0.9803796496013368,0.3931073078978493,1.2764641012063405,0.0005271037764151458,0.5272695771173159
2026-04-08,2026-04-09,2026-04-10,AVGO,1,352.29998779296875,360.9400024414063,0.02452459536704521,4,0.9704336399474376,0.0155280012118599,0.5,0.931680072711594,0.4136553051424112,1.7053148107197014,0.0003808179465798517,0.38093773301616096
2026-04-08,2026-04-09,2026-04-10,NVDA,1,181.83999633789065,184.3099975585937,0.013583376982219786,4,0.9743758212877792,0.016666666666666666,0.5,1.0,0.3645017933070926,1.7091322854193571,0.00022638961637032977,0.22646082731405226
2026-04-08,2026-04-09,2026-04-10,ESI,1,36.650001525878906,37.459999084472656,0.02210088744530614,4,0.988173455978975,0.013117862966437153,0.5,0.7870717779862292,0.48965598253144493,1.5882988390569925,0.0002899164129441772,0.2900076062669868
2026-04-08,2026-04-09,2026-04-10,AAPL,1,259.0,259.9800109863281,0.003783826202039098,3,0.97634691195795,0.016666666666666666,0.5,1.0,0.24935665606093224,1.227364997390006,6.306377003398496e-05,0.06308360676789007
2026-04-08,2026-04-09,2026-04-10,IVZ,1,24.09000015258789,23.450000762939453,-0.026567014761088914,2,0.9914586070959264,0.016666666666666666,0.5,1.0,0.38441509426766723,1.4596683728347635,-0.0004427835793514819,-0.4429228571021844
2026-04-08,2026-04-09,2026-04-10,DAR,1,64.0,61.54999923706055,-0.038281261920928955,2,0.9875164257555848,0.016666666666666666,0.5,1.0,0.2801599737752019,0.8964636100898526,-0.0006380210320154826,-0.638221721784444
2026-04-08,2026-04-09,2026-04-10,MS,1,175.1699981689453,178.66000366210938,0.01992353445022066,0,0.985545335085414,0.016666666666666666,0.5,1.0,0.3327445760310095,1.2178245418446796,0.00033205890750367766,0.33216335676488457
2026-04-08,2026-04-09,2026-04-10,GS,1,902.0,903.3699951171876,0.0015188415933344857,0,0.9835742444152431,0.016666666666666666,0.5,1.0,0.3350879490941121,1.2902458955026532,2.531402655557476e-05,0.025321989092679336
2026-04-09,2026-04-10,2026-04-13,ATI,1,159.1999969482422,162.10000610351562,0.01821613825920032,27,0.9829396325459318,0.015285495283200412,0.5,0.9171297169920247,0.4353493919197454,1.5229789290693392,0.0002784426954391331,0.28031859426836014
2026-04-09,2026-04-10,2026-04-13,QRVO,1,79.83000183105469,79.54000091552734,-0.0036327309141377384,27,0.984251968503937,0.016666666666666666,0.5,1.0,0.31034622487729085,1.6638311742169913,-6.054551523562897e-05,-0.060953416979886765
2026-04-09,2026-04-10,2026-04-13,NDSN,1,276.44000244140625,274.3999938964844,-0.007379570709395655,27,0.9829172141918529,0.016666666666666666,0.5,1.0,0.23271932296454634,1.062538484545125,-0.00012299284515659425,-0.12382146137821459
2026-04-09,2026-04-10,2026-04-13,PH,1,986.4299926757812,982.5599975585938,-0.003923233423478778,27,0.9796320630749015,0.016666666666666666,0.5,1.0,0.2843072077468359,1.147915236732579,-6.53872237246463e-05,-0.06582774458743289
2026-04-09,2026-04-10,2026-04-13,FCX,1,67.09226432741816,66.7031160659256,-0.005800195676709863,27,0.9704724409448819,0.012714486340976622,0.5,0.7628691804585973,0.5233818259167118,1.598338200055432,-7.37465087065192e-05,-0.07424334698458558
2026-04-09,2026-04-10,2026-04-13,GOOG,1,318.2250061035156,315.4200134277344,-0.00881449484478547,27,0.9684625492772667,0.016666666666666666,0.5,1.0,0.26927893076670595,1.0420205052533758,-0.00014690824741309116,-0.14789798430991077
2026-04-09,2026-04-10,2026-04-13,BK,1,128.57000732421875,126.75,-0.014155769001624074,26,0.9717477003942181,0.016666666666666666,0.5,1.0,0.26126090121778195,0.818989871322402,-0.00023592948336040125,-0.23751896603983705
2026-04-09,2026-04-10,2026-04-13,TFC,1,50.369998931884766,49.119998931884766,-0.024816359470056226,25,0.9744094488188977,0.016666666666666666,0.5,1.0,0.26923521572118003,1.000142771450344,-0.00041360599116760377,-0.4163924998722726
2026-04-09,2026-04-10,2026-04-13,MTZ,1,357.8299865722656,359.3099975585937,0.004136073112556593,24,0.980946123521682,0.015722228267120046,0.5,0.9433336960272029,0.4232562308391159,1.4691811155232815,6.502828560511246e-05,0.0654663882626122
2026-04-09,2026-04-10,2026-04-13,WBS,1,72.0199966430664,71.48999786376953,-0.007359050319365679,23,0.9750656167979003,0.016666666666666666,0.5,1.0,0.2853688273307596,1.1705720020942045,-0.00012265083865609463,-0.12347715074259351
2026-04-09,2026-04-10,2026-04-13,JCI,1,142.57000732421875,141.61000061035156,-0.006733581149954149,22,0.9776902887139107,0.016666666666666666,0.5,1.0,0.3066329319704027,1.0179383087911793,-0.00011222635249923581,-0.1129824336847369
2026-04-09,2026-04-10,2026-04-13,AMAT,1,402.5,397.8500061035156,-0.011552779867041951,22,0.9927821522309711,0.011824262883991299,0.5,0.7094557730394779,0.562786123923455,1.8373830877839463,-0.00013660310618878607,-0.13752341622444414
2026-04-09,2026-04-10,2026-04-13,TSM,1,375.5899963378906,370.260009765625,-0.014190970537646175,19,0.9855643044619422,0.016022746719361422,0.5,0.9613648031616853,0.41531774753028416,1.5530599528496425,-0.00022737832662662484,-0.22891019922984682
2026-04-09,2026-04-10,2026-04-13,CAT,1,790.6699829101562,788.4199829101562,-0.0028456878958761367,18,0.973753280839895,0.016666666666666666,0.5,1.0,0.3990505832806773,1.2424420294168972,-4.742813159793561e-05,-0.04774766009695649
2026-04-09,2026-04-10,2026-04-13,APG,1,44.290000915527344,44.27000045776367,-0.0004515795292444613,17,0.9783464566929134,0.016666666666666666,0.5,1.0,0.30114680213337386,1.1065531673437001,-7.526325487407689e-06,-0.007577031163661624
2026-04-09,2026-04-10,2026-04-13,WAB,1,272.1000061035156,266.4200134277344,-0.020874651041427716,16,0.9835742444152431,0.016666666666666666,0.5,1.0,0.25887518537466964,1.0402821441604055,-0.0003479108506904619,-0.35025476406357564
2026-04-09,2026-04-10,2026-04-13,LFUS,1,382.010009765625,379.4400024414063,-0.006727591577496805,14,0.9724409448818898,0.013894190606340657,0.5,0.8336514363804395,0.47894341349373887,1.509612368008954,-9.347443969935263e-05,-0.09410418720168207
2026-04-09,2026-04-10,2026-04-13,ELS,1,64.04000091552734,64.01000213623047,-0.0004684381459714171,11,0.9940867279894875,0.016666666666666666,0.5,1.0,0.1689801559786252,0.1628714740712265,-7.807302432856951e-06,-0.007859901081459026
2026-04-09,2026-04-10,2026-04-13,ADI,1,353.0,348.69000244140625,-0.01220962481188026,10,0.979002624671916,0.016666666666666666,0.5,1.0,0.3260610826439045,1.5537942264749323,-0.000203493746864671,-0.2048647064472035
2026-04-09,2026-04-10,2026-04-13,APA,1,38.619998931884766,39.630001068115234,0.026152308756192344,6,0.9789750328515112,0.013965740932392645,0.5,0.8379444559435587,0.4764896548595339,0.9758276122589633,0.000365236368872926,0.36769700615299294
2026-04-09,2026-04-10,2026-04-13,CMI,1,616.2999877929688,613.739990234375,-0.004153817311860375,6,0.9809711286089239,0.016063761431991747,0.5,0.9638256859195049,0.41425733972123235,1.3315103119433034,-6.672593032980233e-05,-0.06717547020509822
2026-04-09,2026-04-10,2026-04-13,AVGO,1,360.9400024414063,369.6600036621094,0.02415914324187063,5,0.9704336399474376,0.015637256924706786,0.5,0.9382354154824071,0.42555616427963855,1.8019211274878622,0.0003777827299539246,0.38032789343794093
2026-04-09,2026-04-10,2026-04-13,NVDA,1,184.3099975585937,186.02999877929688,0.009332110267954219,5,0.9770341207349081,0.016666666666666666,0.5,1.0,0.36727249722699046,1.7414129232495457,0.00015553517113257032,0.15658302855605585
2026-04-09,2026-04-10,2026-04-13,ESI,1,37.459999084472656,37.25,-0.005605955408570784,5,0.9868766404199475,0.01330216430485643,0.5,0.7981298582913858,0.5002592754251247,1.6099823312088681,-7.457133993050712e-05,-0.07507373518655401
2026-04-09,2026-04-10,2026-04-13,AAPL,1,259.9800109863281,259.7300109863281,-0.0009616123910893837,4,0.97634691195795,0.016666666666666666,0.5,1.0,0.2505626786385282,1.2176708062052632,-1.602687318482306e-05,-0.016134847978689224
2026-04-09,2026-04-10,2026-04-13,IVZ,1,23.450000762939453,23.290000915527344,-0.006823020989618622,3,0.9934383202099737,0.016372605861772263,0.5,0.9823563517063357,0.4064430019824048,1.500080060589922,-0.00011171063344962504,-0.11246324017960181
2026-04-09,2026-04-10,2026-04-13,DAR,1,61.54999923706055,61.869998931884766,0.005199020289045508,3,0.9875164257555848,0.016666666666666666,0.5,1.0,0.2814591011344771,0.8293949649227463,8.665033815075847e-05,0.08723411093615253
2026-04-09,2026-04-10,2026-04-13,MS,1,178.66000366210938,175.75999450683594,-0.016231999864715574,1,0.985545335085414,0.016666666666666666,0.5,1.0,0.34513478702901623,1.2191067212563498,-0.0002705333310785929,-0.27235594365687177
2026-04-09,2026-04-10,2026-04-13,GS,1,903.3699951171876,875.5499877929688,-0.030795806230657474,1,0.9744094488188977,0.016666666666666666,0.5,1.0,0.3489422557329267,1.2922586522477022,-0.0005132634371776245,-0.5167213489729693
2026-04-09,2026-04-10,2026-04-13,DAL,1,68.1500015258789,66.9000015258789,-0.018341892472670485,0,0.9770341207349081,0.014669106362289717,0.5,0.880146381737383,0.45364256774635064,1.9947682737105101,-0.00026905917156728445,-0.2708718525720415
2026-04-10,2026-04-13,2026-04-14,ATI,1,162.10000610351562,165.0,0.017890152913581314,28,0.9829396325459318,0.015126691990219546,0.5,0.9076015194131728,0.43644782760807405,1.5230015271038508,0.00027061883278167335,0.2717648675593064
2026-04-10,2026-04-13,2026-04-14,QRVO,1,79.54000091552734,79.62999725341797,0.001131460106295501,28,0.984251968503937,0.016666666666666666,0.5,1.0,0.2717763332868761,1.663364684835736,1.885766843825835e-05,0.018937528156937843
2026-04-10,2026-04-13,2026-04-14,NDSN,1,274.3999938964844,277.7031294477569,0.012037666270935166,28,0.9829172141918529,0.016666666666666666,0.5,1.0,0.23287180425444,1.0592218017657031,0.00020062777118225276,0.2014774031194334
2026-04-10,2026-04-13,2026-04-14,PH,1,982.5599975585938,992.7560734627816,0.010377051711368823,28,0.9796320630749015,0.016666666666666666,0.5,1.0,0.2824256061824571,1.1522011134197658,0.00017295086185614705,0.17368328576202008
2026-04-10,2026-04-13,2026-04-14,GOOG,1,315.4200134277344,321.87130162031684,0.020453008426684738,28,0.9684625492772667,0.016666666666666666,0.5,1.0,0.2647073103078045,1.0426383692343424,0.00034088347377807894,0.34232706996853773
2026-04-10,2026-04-13,2026-04-14,BK,1,126.75,129.04774715807372,0.018128182706695917,27,0.9717477003942181,0.016666666666666666,0.5,1.0,0.26084886616986536,0.8199078535921192,0.00030213637844493196,0.3034158858381419
2026-04-10,2026-04-13,2026-04-14,TFC,1,49.119998931884766,49.23979063716566,0.0024387562680328045,26,0.9744094488188977,0.016666666666666666,0.5,1.0,0.272582437717492,1.0039004052455418,4.064593780054674e-05,0.04081806794319101
2026-04-10,2026-04-13,2026-04-14,MTZ,1,359.3099975585937,367.8699951171875,0.02382343273706966,25,0.980946123521682,0.015543943656461494,0.5,0.9326366193876896,0.4247321017072377,1.4727107861012583,0.00037031009616851103,0.3718783101924778
2026-04-10,2026-04-13,2026-04-14,WBS,1,71.48999786376953,71.70444141740495,0.002999630158670108,24,0.9750656167979003,0.016666666666666666,0.5,1.0,0.28284718810281567,1.1713109532377235,4.9993835977835134e-05,0.05020555322644253
2026-04-10,2026-04-13,2026-04-14,JCI,1,141.61000061035156,141.1294989589811,-0.003393133601436782,23,0.9776902887139107,0.016666666666666666,0.5,1.0,0.30655751545785104,1.0203382334748514,-5.655222669061303e-05,-0.056791717851940725
2026-04-10,2026-04-13,2026-04-14,AMAT,1,397.8500061035156,399.5033450238701,0.004155684039186092,23,0.9855643044619422,0.011704167050491734,0.5,0.702250023029504,0.5640736183571817,1.8447474264747343,4.863882020369625e-05,0.04884479914065164
2026-04-10,2026-04-13,2026-04-14,TSM,1,370.260009765625,378.15442125299387,0.021321264190443,20,0.9927821522309711,0.016054668843993567,0.5,0.963280130639614,0.4112206811726138,1.5509453485412055,0.00034230583591286095,0.3437554556178553
2026-04-10,2026-04-13,2026-04-14,CAT,1,788.4199829101562,794.4874583800558,0.007695740343241608,19,0.973753280839895,0.016666666666666666,0.5,1.0,0.38900695411517466,1.2411151412743404,0.0001282623390540268,0.12880551300724188
2026-04-10,2026-04-13,2026-04-14,APG,1,44.27000045776367,45.0,0.016489711648699723,18,0.9783464566929134,0.016666666666666666,0.5,1.0,0.3011801469838829,1.10643553859922,0.0002748285274783287,0.2759923897533166
2026-04-10,2026-04-13,2026-04-14,WAB,1,266.4200134277344,268.6731791457649,0.008457193921137973,17,0.9835742444152431,0.016666666666666666,0.5,1.0,0.25467766966980415,1.040359126850147,0.00014095323201896622,0.14155015021661374
2026-04-10,2026-04-13,2026-04-14,LFUS,1,379.4400024414063,388.2190227508035,0.023136781185196353,15,0.9724409448818898,0.013845763243455742,0.5,0.8307457946073445,0.47682541886220997,1.516318157478215,0.00032034639450587003,0.32170301889604785
2026-04-10,2026-04-13,2026-04-14,ELS,1,64.01000213623047,63.56673327096733,-0.006924993758315123,12,0.9940867279894875,0.016666666666666666,0.5,1.0,0.16893857091151318,0.15935606300001928,-0.00011541656263858539,-0.11590533643654716
2026-04-10,2026-04-13,2026-04-14,ADI,1,348.69000244140625,352.42999267578125,0.010725831564394994,11,0.979002624671916,0.016666666666666666,0.5,1.0,0.3268705332767074,1.5587096847798143,0.00017876385940658325,0.17952090058423523
2026-04-10,2026-04-13,2026-04-14,APA,1,39.630001068115234,38.561885995177285,-0.02695218380393416,7,0.9789750328515112,0.013960262212080455,0.5,0.8376157327248273,0.47291460272965014,0.9737685893901857,-0.0003762595530911089,-0.3778529622741533
2026-04-10,2026-04-13,2026-04-14,CMI,1,613.739990234375,618.0587913044039,0.007036857853078171,7,0.9763779527559056,0.015895847093396188,0.5,0.9537508256037712,0.4153293510712325,1.3330243033136893,0.00011185681645049478,0.11233051519662382
2026-04-10,2026-04-13,2026-04-14,AVGO,1,369.6600036621094,377.30282984172777,0.02067528567846999,6,0.9704336399474376,0.015491679365924138,0.5,0.9295007619554483,0.42616502072394524,1.8074670020394505,0.00032029489652974036,0.32165130283283605
2026-04-10,2026-04-13,2026-04-14,NVDA,1,186.02999877929688,190.83999633789065,0.025856031769909693,6,0.9803149606299213,0.016666666666666666,0.5,1.0,0.36727965404924534,1.7450788660434098,0.0004309338628318282,0.4327588104475895
2026-04-10,2026-04-13,2026-04-14,ESI,1,37.25,38.41999816894531,0.03140934681732377,6,0.9717847769028871,0.013204850473562237,0.5,0.7922910284137342,0.4999686949311413,1.610158048666046,0.00041475572819501833,0.41651216356150106
2026-04-10,2026-04-13,2026-04-14,AAPL,1,259.7300109863281,259.0113626489018,-0.002766905274816822,5,0.97634691195795,0.016666666666666666,0.5,1.0,0.25037455639124556,1.2141043013136477,-4.61150879136137e-05,-0.04631037917985474
2026-04-10,2026-04-13,2026-04-14,IVZ,1,23.290000915527344,24.359655465751093,0.04592763023511148,4,0.9954068241469817,0.016187964515009385,0.5,0.9712778709005632,0.40783458920399956,1.494179182843419,0.0007434748485044568,0.7466233656417285
2026-04-10,2026-04-13,2026-04-14,DAR,1,61.869998931884766,61.380001068115234,-0.007919797514607807,4,0.9875164257555848,0.016666666666666666,0.5,1.0,0.28451983331310354,0.8230805906507246,-0.00013199662524346345,-0.13255561340221161
2026-04-10,2026-04-13,2026-04-14,MS,1,175.75999450683594,181.89249643787952,0.03489134116242276,2,0.9776902887139107,0.016666666666666666,0.5,1.0,0.3446993833457666,1.2209244087746465,0.000581522352707046,0.5839850225564533
2026-04-10,2026-04-13,2026-04-14,GS,1,875.5499877929688,894.4199829101562,0.021552161932814062,2,0.973753280839895,0.016666666666666666,0.5,1.0,0.347700664264415,1.2896458039598993,0.00035920269888023437,0.3607238745534312
2026-04-10,2026-04-13,2026-04-14,DAL,1,66.9000015258789,68.4184810010984,0.022697749485582674,1,0.9770341207349081,0.014559794402432236,0.5,0.8735876641459341,0.453441283272853,1.992922435281807,0.0003304745659079958,0.3318740817575054
2026-04-13,2026-04-14,2026-04-15,ATI,1,165.0,162.89999389648438,-0.012727309718276514,29,0.9829396325459318,0.015068744508162476,0.5,0.9041246704897485,0.4344006195300935,1.526008721872735,-0.00019178457842096213,-0.19370110393697632
2026-04-13,2026-04-14,2026-04-15,QRVO,1,79.62999725341797,80.25,0.007786045057981195,29,0.984251968503937,0.016666666666666666,0.5,1.0,0.2695094913009597,1.6227218531742853,0.00012976741763301992,0.131064198474778
2026-04-13,2026-04-14,2026-04-15,NDSN,1,277.7031294477569,276.8256028234823,-0.003159945032019107,29,0.9829172141918529,0.016666666666666666,0.5,1.0,0.23252349149100124,1.0575552459613347,-5.266575053365178e-05,-0.05319204548160234
2026-04-13,2026-04-14,2026-04-15,PH,1,992.7560734627816,979.9949517759926,-0.012854236834107247,29,0.9796320630749015,0.016666666666666666,0.5,1.0,0.2823337235723917,1.1551065476035918,-0.00021423728056845412,-0.2163781785388305
2026-04-13,2026-04-14,2026-04-15,GOOG,1,321.87130162031684,330.3611774124934,0.02637661621100773,29,0.9684625492772667,0.016666666666666666,0.5,1.0,0.26373930361451037,1.0409912656230647,0.0004396102701834622,0.44400334655511486
2026-04-13,2026-04-14,2026-04-15,BK,1,129.04774715807372,130.58166260146905,0.01188641783506994,28,0.9717477003942181,0.016666666666666666,0.5,1.0,0.26133933081004773,0.8224814315952342,0.00019810696391783233,0.20008666976475004
2026-04-13,2026-04-14,2026-04-15,TFC,1,49.23979063716566,49.07156753540039,-0.0034164057074259624,27,0.9744094488188977,0.016666666666666666,0.5,1.0,0.27447132761941473,1.010076690957713,-5.694009512376604e-05,-0.057509104092513474
2026-04-13,2026-04-14,2026-04-15,MTZ,1,367.8699951171875,362.1700134277344,-0.01549455450324877,26,0.9849081364829396,0.016607300386257816,0.5,0.996438023175469,0.39415629257257495,1.479419327020473,-0.00025732272098669606,-0.25989417675588056
2026-04-13,2026-04-14,2026-04-15,WBS,1,71.70444141740495,72.37076743235816,0.009292674230239273,25,0.9750656167979003,0.016666666666666666,0.5,1.0,0.28092141625059275,1.1724415141557958,0.00015487790383732122,0.15642561667750324
2026-04-13,2026-04-14,2026-04-15,JCI,1,141.1294989589811,140.11230528252557,-0.00720751992998403,24,0.9776902887139107,0.016666666666666666,0.5,1.0,0.305256787524564,1.0212342171513635,-0.0001201253321664005,-0.12132575853077299
2026-04-13,2026-04-14,2026-04-15,AMAT,1,399.5033450238701,388.72672933358473,-0.026975032435939905,24,0.9835958005249343,0.011737502948549288,0.5,0.7042501769129573,0.5576886309277153,1.84294612230411,-0.0003166195227540573,-0.31978353833457207
2026-04-13,2026-04-14,2026-04-15,TSM,1,378.15442125299387,380.51888786713016,0.0062526483395375365,21,0.9822834645669292,0.015898128060675986,0.5,0.9538876836405591,0.4117385345560076,1.5442012971791308,9.940540402034082e-05,0.10039877374173996
2026-04-13,2026-04-14,2026-04-15,CAT,1,794.4874583800558,785.6043037102696,-0.011180987913766205,20,0.973753280839895,0.016666666666666666,0.5,1.0,0.38785442759392885,1.2380382072133809,-0.00018634979856277007,-0.1882120136938831
2026-04-13,2026-04-14,2026-04-15,APG,1,45.0,45.27999877929688,0.0062221950954861605,19,0.9783464566929134,0.016666666666666666,0.5,1.0,0.3000563470829032,1.1124740555858428,0.000103703251591436,0.10473957020164446
2026-04-13,2026-04-14,2026-04-15,WAB,1,268.6731791457649,266.18623489612816,-0.009256391938874842,18,0.9835742444152431,0.016666666666666666,0.5,1.0,0.25254405838366384,1.0457401093634202,-0.00015427319898124735,-0.15581486893572988
2026-04-13,2026-04-14,2026-04-15,LFUS,1,388.2190227508035,386.98113626290916,-0.0031886291380650578,16,0.9724409448818898,0.013713303183590977,0.5,0.8227981910154586,0.47733736082777734,1.4914220502512796,-4.372663811031851e-05,-0.044163603471965046
2026-04-13,2026-04-14,2026-04-15,ADI,1,352.42999267578125,347.0,-0.01540729446592981,12,0.979002624671916,0.016666666666666666,0.5,1.0,0.3250045361497249,1.554818260731748,-0.00025678824109883017,-0.2593543557485601
2026-04-13,2026-04-14,2026-04-15,APA,1,38.561885995177285,36.47585234766769,-0.054095737116449216,8,0.9789750328515112,0.014604468341182123,0.5,0.8762681004709274,0.4482102187471094,0.9464467963705375,-0.0007900394801100933,-0.7979344361840175
2026-04-13,2026-04-14,2026-04-15,CMI,1,618.0587913044039,608.2296587738965,-0.01590323229569013,8,0.9763779527559056,0.015765040672985266,0.5,0.945902440379116,0.41521440291006545,1.3258821674932324,-0.00025071510397348774,-0.2532205290601735
2026-04-13,2026-04-14,2026-04-15,AVGO,1,377.30282984172777,389.2639212714563,0.03170156829925186,7,0.9704336399474376,0.015203003008301536,0.5,0.9121801804980921,0.4305644053554504,1.8262730935764422,0.0004819590382214026,0.48677531073940195
2026-04-13,2026-04-14,2026-04-15,NVDA,1,190.83999633789065,196.5399932861328,0.029867936793239513,7,0.9803149606299213,0.016666666666666666,0.5,1.0,0.3682580458162486,1.7506369071783225,0.0004977989465539919,0.5027735091114756
2026-04-13,2026-04-14,2026-04-15,ESI,1,38.41999816894531,38.04999923706055,-0.009630373490851274,7,0.9717847769028871,0.01312492282373892,0.5,0.7874953694243352,0.4987360335595284,1.5958211129586959,-0.00012639790883120413,-0.1276610177810495
2026-04-13,2026-04-14,2026-04-15,AAPL,1,259.0113626489018,257.92237663273806,-0.00420439476101242,6,0.97634691195795,0.016666666666666666,0.5,1.0,0.2501603050868909,1.1967964562815083,-7.007324601687367e-05,-0.07077349608435562
2026-04-13,2026-04-14,2026-04-15,IVZ,1,24.359655465751093,24.66725397254135,0.01262737509661127,5,0.9849081364829396,0.01615556212487818,0.5,0.9693337274926906,0.4051776038053416,1.481607628226808,0.00020400234284744298,0.20604096189915638
2026-04-13,2026-04-14,2026-04-15,MS,1,181.89249643787952,187.48247467229385,0.030732319055961854,3,0.9776902887139107,0.016666666666666666,0.5,1.0,0.344739913105882,1.2279164127254913,0.0005122053175993642,0.5173238446921037
2026-04-13,2026-04-14,2026-04-15,GS,1,894.4199829101562,915.0,0.02300934402525634,3,0.973753280839895,0.016666666666666666,0.5,1.0,0.34759701450670233,1.2960319321813931,0.00038348906708760564,0.38732131777343837
2026-04-13,2026-04-14,2026-04-15,DAL,1,68.4184810010984,71.37064464773505,0.04314862890027116,2,0.9835958005249343,0.014439045336138023,0.5,0.8663427201682814,0.45334520375135007,1.9890030486724548,0.0006230250088832106,0.6292509699926526
2026-04-14,2026-04-15,2026-04-16,ATI,1,162.89999389648438,156.80999755859375,-0.03738487763087672,30,0.9829396325459318,0.01523476569538907,0.5,0.9140859417233442,0.4312965157378245,1.5463211333504976,-0.0005695498512571989,-0.5756286960433424
2026-04-14,2026-04-15,2026-04-16,NDSN,1,276.8256028234823,273.7443492222643,-0.011130666996805094,30,0.9829172141918529,0.016666666666666666,0.5,1.0,0.22892853312090564,1.0239362698554197,-0.00018551111661341824,-0.1874910895367856
2026-04-14,2026-04-15,2026-04-16,GOOG,1,330.3611774124934,335.64798864456304,0.016003125044770083,30,0.9684625492772667,0.016666666666666666,0.5,1.0,0.26397833146836674,1.1059118537618653,0.0002667187507461681,0.2695654583412297
2026-04-14,2026-04-15,2026-04-16,BK,1,130.58166260146905,134.1474984629975,0.027307324707690928,29,0.9717477003942181,0.016666666666666666,0.5,1.0,0.26156397962637934,0.8663685458985799,0.00045512207846151547,0.45997962774821566
2026-04-14,2026-04-15,2026-04-16,TFC,1,49.07156753540039,48.80439171337405,-0.005444615598097502,28,0.9744094488188977,0.016666666666666666,0.5,1.0,0.27466694829543964,1.1069879235574114,-9.074359330162503e-05,-0.09171210592224972
2026-04-14,2026-04-15,2026-04-16,MTZ,1,362.1700134277344,363.0199890136719,0.002346896635347928,27,0.9849081364829396,0.016666666666666666,0.5,1.0,0.3938128924443143,1.5710400853952877,3.911494392246547e-05,0.039532420412712155
2026-04-14,2026-04-15,2026-04-16,AMAT,1,388.72672933358473,388.46709136374113,-0.0006679190038944016,25,0.9835958005249343,0.012089914053352179,0.5,0.7253948432011307,0.5434861929958533,2.0144351711997324,-8.075083351683914e-06,-0.00816126927241009
2026-04-14,2026-04-15,2026-04-16,TSM,1,380.51888786713016,367.9981737410995,-0.03290431703984864,22,0.9822834645669292,0.015996136097689944,0.5,0.9597681658613966,0.4107680331284715,1.7534567777320345,-0.0005263419335709571,-0.5319596172759989
2026-04-14,2026-04-15,2026-04-16,CAT,1,785.6043037102696,766.5406541503489,-0.02426622342811313,21,0.973753280839895,0.016666666666666666,0.5,1.0,0.3872431091248795,1.4116613694973295,-0.00040443705713521887,-0.4087536416987349
2026-04-14,2026-04-15,2026-04-16,APG,1,45.27999877929688,44.81999969482422,-0.01015899065533954,20,0.9783464566929134,0.016666666666666666,0.5,1.0,0.2931738641749466,1.2311273346673595,-0.00016931651092232566,-0.17112363770386424
2026-04-14,2026-04-15,2026-04-16,WAB,1,266.18623489612816,256.6877680888615,-0.035683538673489834,19,0.9835742444152431,0.016666666666666666,0.5,1.0,0.2523687905082546,1.113631253739107,-0.0005947256445581639,-0.6010731923200116
2026-04-14,2026-04-15,2026-04-16,LFUS,1,386.98113626290916,381.83987688766666,-0.013285555530928028,17,0.9724409448818898,0.013788978280530068,0.5,0.827338696831804,0.47651836334975023,1.7309659282114354,-0.0001831942366607427,-0.1851494813648166
2026-04-14,2026-04-15,2026-04-16,ADI,1,347.0,346.9700012207031,-8.645181353561515e-05,13,0.979002624671916,0.016666666666666666,0.5,1.0,0.32499928215895735,1.444772277907753,-1.4408635589269192e-06,-0.001456241994920526
2026-04-14,2026-04-15,2026-04-16,APA,1,36.47585234766769,36.35664703833532,-0.003268060968011688,9,0.9789750328515112,0.014657223277881815,0.5,0.8794333966729089,0.4482910055971396,0.4849646612739308,-4.790069929387789e-05,-0.04841194675625977
2026-04-14,2026-04-15,2026-04-16,CMI,1,608.2296587738965,595.7986796958594,-0.020437969274790357,9,0.9763779527559056,0.015850094464948946,0.5,0.9510056678969367,0.4145528203023619,1.4839986108006922,-0.00032394374367715126,-0.32740121756272766
2026-04-14,2026-04-15,2026-04-16,AVGO,1,389.2639212714563,394.3758444183283,0.01313228087045637,8,0.9704336399474376,0.015406798176771869,0.5,0.9244078906063121,0.42648065400180224,1.8624271042872687,0.0002023264009718033,0.20448584458316021
2026-04-14,2026-04-15,2026-04-16,NVDA,1,196.5399932861328,197.42999267578125,0.004528337336171306,8,0.9803149606299213,0.016666666666666666,0.5,1.0,0.3682939122501378,1.7297428056472268,7.547228893618844e-05,0.07627780987361889
2026-04-14,2026-04-15,2026-04-16,ESI,1,38.04999923706055,38.0,-0.0013140404221572144,8,0.9717847769028871,0.013187949369274261,0.5,0.7912769621564557,0.4982352584558815,1.920577578084405,-1.732949855658912e-05,-0.017514457488128955
2026-04-14,2026-04-15,2026-04-16,AAPL,1,257.92237663273806,266.55439590858066,0.033467508281121106,7,0.97634691195795,0.016666666666666666,0.5,1.0,0.2503609354611155,1.0445321769588682,0.0005577918046853517,0.5637451550306826
2026-04-14,2026-04-15,2026-04-16,IVZ,1,24.66725397254135,24.528337236347696,-0.0056316254881183525,6,0.9849081364829396,0.016037168662802807,0.5,0.9622301197681684,0.40971704548719784,1.6589130402141796,-9.03153277986932e-05,-0.09127926951211138
2026-04-14,2026-04-15,2026-04-16,MS,1,187.48247467229385,189.90941448081279,0.012944888917009845,4,0.9776902887139107,0.016666666666666666,0.5,1.0,0.3465853530425935,1.3169650038760934,0.00021574814861683074,0.21805084346512998
2026-04-14,2026-04-15,2026-04-16,GS,1,915.0,897.989990234375,-0.01859017460724044,4,0.973753280839895,0.016666666666666666,0.5,1.0,0.34944065416457515,1.382169213923922,-0.0003098362434540073,-0.3131431470181488
2026-04-14,2026-04-15,2026-04-16,DAL,1,71.37064464773505,71.67983476491284,0.004332174925753662,3,0.9835958005249343,0.01450877237505353,0.5,0.8705263425032118,0.45287783091842726,1.8450997666173479,6.285453988667431e-05,0.06352539071954201
2026-04-15,2026-04-16,2026-04-17,ATI,1,156.80999755859375,160.07000732421875,0.020789553066645983,31,0.9829396325459318,0.015275851898846688,0.5,0.9165511139308012,0.43162051372039373,1.573053831365551,0.000317578133689298,0.3203960730655662
2026-04-15,2026-04-16,2026-04-17,GOOG,1,335.64798864456304,334.22884980226,-0.004228057042837907,31,0.9684625492772667,0.016666666666666666,0.5,1.0,0.27241156406683525,1.1466935682987012,-7.046761738063178e-05,-0.07109289177047047
2026-04-15,2026-04-16,2026-04-17,BK,1,134.1474984629975,135.42245733231394,0.009504156871535718,30,0.9717477003942181,0.016666666666666666,0.5,1.0,0.2606137446475737,0.868612618323039,0.0001584026145255953,0.15980815513882976
2026-04-15,2026-04-16,2026-04-17,MTZ,1,363.0199890136719,362.7099914550781,-0.0008539407414892564,28,0.9849081364829396,0.016666666666666666,0.5,1.0,0.39314258465710455,1.5831619438030233,-1.4232345691487605e-05,-0.014358632368957477
2026-04-15,2026-04-16,2026-04-17,AMAT,1,388.46709136374113,397.2561353832149,0.022624938417870055,26,0.9835958005249343,0.012148081490325303,0.5,0.7288848894195181,0.5427499847895983,2.020108423127032,0.00027484959561387704,0.27728839544255
2026-04-15,2026-04-16,2026-04-17,TSM,1,367.9981737410995,372.3280728321357,0.011766088529783003,23,0.984251968503937,0.016048051534109504,0.5,0.9628830920465702,0.41085181151636435,1.8227954459579598,0.00018882279508085237,0.19049826052683275
2026-04-15,2026-04-16,2026-04-17,CAT,1,766.5406541503489,779.0268691367888,0.016289044708633016,22,0.973753280839895,0.016666666666666666,0.5,1.0,0.38601621184974444,1.4501182600355689,0.0002714840784772169,0.2738930153453934
2026-04-15,2026-04-16,2026-04-17,APG,1,44.81999969482422,45.09999847412109,0.006247183873345774,21,0.9783464566929134,0.016666666666666666,0.5,1.0,0.29284157455454424,1.2935150766617096,0.00010411973122242957,0.10504360808715477
2026-04-15,2026-04-16,2026-04-17,WAB,1,256.6877680888615,258.6453725058823,0.007626403204156862,20,0.9835742444152431,0.016666666666666666,0.5,1.0,0.25243891238916566,1.1210289597789551,0.00012710672006928104,0.1282345654511736
2026-04-15,2026-04-16,2026-04-17,LFUS,1,381.83987688766666,389.43695143463685,0.01989596950662431,18,0.9724409448818898,0.013858720989593377,0.5,0.8315232593756027,0.47575609964641563,1.6923804857644875,0.0002757326902097641,0.2781793259275325
2026-04-15,2026-04-16,2026-04-17,ADI,1,346.9700012207031,359.6700134277344,0.03660262317304186,14,0.979002624671916,0.016666666666666666,0.5,1.0,0.32093976715401223,1.3529855555352692,0.0006100437195506977,0.6154567692421128
2026-04-15,2026-04-16,2026-04-17,APA,1,36.35664703833532,34.38981299972096,-0.05409833411041676,10,0.9789750328515112,0.013964314858009075,0.5,0.8378588914805445,0.47215857785642135,0.16219136416449587,-0.0007554461708116319,-0.7621494078596329
2026-04-15,2026-04-16,2026-04-17,CMI,1,595.7986796958594,613.702483509161,0.030050089776031408,10,0.9763779527559056,0.015937798418902263,0.5,0.9562679051341357,0.4136939664312172,1.5009393412493837,0.00047893227332030443,0.4831819428295891
2026-04-15,2026-04-16,2026-04-17,AVGO,1,394.3758444183283,400.2665109575457,0.01493668190531694,9,0.9704336399474376,0.015524187792174564,0.5,0.9314512675304738,0.4247160065546519,1.8754232552627441,0.00023187985489011594,0.2339373749279958
2026-04-15,2026-04-16,2026-04-17,NVDA,1,197.42999267578125,199.8999938964844,0.012510769955603296,9,0.9803149606299213,0.016666666666666666,0.5,1.0,0.37580762335702306,1.78056657795527,0.00020851283259338825,0.21036301199521376
2026-04-15,2026-04-16,2026-04-17,ESI,1,38.0,38.06999969482422,0.0018420972322161777,9,0.9717847769028871,0.013234836244435038,0.5,0.7940901746661023,0.498183046795855,1.9408568348369386,2.4379855214708134e-05,0.024596182936012956
2026-04-15,2026-04-16,2026-04-17,IVZ,1,24.528337236347696,24.27035282594986,-0.010517810804375971,7,0.9849081364829396,0.016081689429166712,0.5,0.9649013657500027,0.4099924372459729,1.6547549432444448,-0.0001691441668307085,-0.17064501955769332
2026-04-15,2026-04-16,2026-04-17,MS,1,189.90941448081279,188.48707265775738,-0.007489580371483395,5,0.9776902887139107,0.016666666666666666,0.5,1.0,0.34684582941121195,1.3384710243660514,-0.00012482633952472325,-0.12593395059748771
2026-04-15,2026-04-16,2026-04-17,GS,1,897.989990234375,915.5,0.019499114640526116,5,0.973753280839895,0.016666666666666666,0.5,1.0,0.35134984995994895,1.4022377219476907,0.0003249852440087686,0.32786890827481785
2026-04-16,2026-04-17,2026-04-20,ATI,1,160.07000732421875,162.88999938964844,0.01761724205908144,32,0.9829396325459318,0.03027726783131957,1.0,0.9083180349395871,0.43997253420979343,1.575187414591089,0.0005334019562719966,0.5393884679150992
2026-04-16,2026-04-17,2026-04-20,BK,1,135.42245733231394,134.22718900333288,-0.008826219465564611,31,0.9717477003942181,0.03333333333333333,1.0,1.0,0.2589704444439047,0.8725163944648072,-0.0002942073155188204,-0.29750928226102946
2026-04-16,2026-04-17,2026-04-20,MTZ,1,362.7099914550781,371.75,0.024923516743104335,29,0.9849081364829396,0.03333333333333333,1.0,1.0,0.393654943048203,1.5901795086533883,0.0008307838914368112,0.8401079994204955
2026-04-16,2026-04-17,2026-04-20,AMAT,1,397.2561353832149,397.10634473149423,-0.00037706315492436193,27,0.9835958005249343,0.024558492233756817,1.0,0.7367547670127045,0.5424260630456682,2.002111447913528,-9.260102561845787e-06,-0.009364031149191548
2026-04-16,2026-04-17,2026-04-20,TSM,1,372.3280728321357,368.3573563560101,-0.010664563770123814,24,0.984251968503937,0.03234216294486389,1.0,0.9702648883459166,0.41188235553088764,1.8069471488911746,-0.00034491505918923636,-0.34878613238917205
2026-04-16,2026-04-17,2026-04-20,CAT,1,779.0268691367888,790.9000244140625,0.015241008683602786,23,0.973753280839895,0.03333333333333333,1.0,1.0,0.39178705249525236,1.4460237882202356,0.0005080336227867595,0.5137354188940646
2026-04-16,2026-04-17,2026-04-20,LFUS,1,389.43695143463685,390.21563974365404,0.001999523430297412,19,0.9724409448818898,0.028020055163928567,1.0,0.840601654917857,0.47541541866210324,1.6987359322302185,5.602675681850116e-05,0.056655559971686836
2026-04-16,2026-04-17,2026-04-20,APA,1,34.38981299972096,35.720903143026085,0.03870594304528274,11,0.9789750328515112,0.028299180090292368,1.0,0.848975402708771,0.4707262264910624,0.13369622912084592,0.0010953464528030558,1.1076398165896575
2026-04-16,2026-04-17,2026-04-20,CMI,1,613.702483509161,624.8674130610399,0.01819273972632085,11,0.9763779527559056,0.031997662471474994,1.0,0.9599298741442499,0.4163168565381852,1.5000157635081726,0.0005821251451942089,0.5886584901106848
2026-04-16,2026-04-17,2026-04-20,AVGO,1,400.2665109575457,405.05892006273217,0.01197304539348476,10,0.9704336399474376,0.03082284979684256,1.0,0.9246854939052768,0.43218477021092727,1.8651773813170793,0.0003690433797741585,0.37318525151619125
2026-04-16,2026-04-17,2026-04-20,NVDA,1,199.8999938964844,199.97999572753903,0.00040020927212269797,10,0.9803149606299213,0.03333333333333333,1.0,1.0,0.37636499335606205,1.7805803233752928,1.3340309070756599e-05,0.01349003089804954
2026-04-16,2026-04-17,2026-04-20,ESI,1,38.06999969482422,38.79999923706055,0.01917519170181592,10,0.9717847769028871,0.026640243021543476,1.0,0.7992072906463042,0.5000392168315336,1.9491596485797453,0.0005108317669210599,0.5165649673422076
2026-04-16,2026-04-17,2026-04-20,IVZ,1,24.27035282594986,24.37950075697284,0.0044971711703456485,8,0.9849081364829396,0.03256815274789367,1.0,0.9770445824368099,0.40902431156633134,1.6714948744315314,0.0001464645576092408,0.14810836818983508
2026-04-16,2026-04-17,2026-04-20,MS,1,188.48707265775738,187.91016464676318,-0.0030607298572762343,6,0.9776902887139107,0.03333333333333333,1.0,1.0,0.3558653131989911,1.3611289389255385,-0.00010202432857587447,-0.10316937467800717
2026-04-16,2026-04-17,2026-04-20,GS,1,915.5,923.6799926757812,0.00893500019200566,6,0.973753280839895,0.03333333333333333,1.0,1.0,0.35123835687068855,1.4090601819368926,0.000297833339733522,0.3011760023073159
2026-04-16,2026-04-17,2026-04-20,OVV,1,52.23579662592798,53.210682843304156,0.018663182728073435,0,0.9711286089238845,0.03333333333333333,1.0,1.0,0.36426574596183225,0.295197326546171,0.0006221060909357811,0.6290881526114849
2026-04-17,2026-04-20,2026-04-21,ATI,1,162.88999938964844,164.1199951171875,0.007551081908943935,33,0.9829396325459318,0.03024406472065273,1.0,0.9073219416195819,0.4396274778803599,1.5738567082577681,0.00022837540996505033,0.2320119909668718
2026-04-17,2026-04-20,2026-04-21,BK,1,134.22718900333288,135.5718535717137,0.010017825586345452,32,0.9717477003942181,0.03333333333333333,1.0,1.0,0.26109487024593797,0.879622629181552,0.0003339275195448484,0.3392448804364961
2026-04-17,2026-04-20,2026-04-21,MTZ,1,371.75,374.4200134277344,0.007182282253488603,30,0.9849081364829396,0.03333333333333333,1.0,1.0,0.3970024228239956,1.592111238873046,0.0002394094084496201,0.2432216915082841
2026-04-17,2026-04-20,2026-04-21,AMAT,1,397.10634473149423,392.51202736854077,-0.011569488687117158,28,0.9835958005249343,0.024505770237361366,1.0,0.7351731071208409,0.5425710665368002,2.012669507327132,-0.00028351923153024466,-0.2880339060794516
2026-04-17,2026-04-20,2026-04-21,TSM,1,368.3573563560101,367.2200012207031,-0.003087640617682519,25,0.9835958005249343,0.03193508222115973,1.0,0.958052466634792,0.4163484472002113,1.8173694851523636,-9.860405699508367e-05,-0.10017419819559961
2026-04-17,2026-04-20,2026-04-21,CAT,1,790.9000244140625,804.8800048828125,0.017676040001525006,24,0.973753280839895,0.03333333333333333,1.0,1.0,0.3917869738196742,1.4460734405026792,0.0005892013333841669,0.598583597330888
2026-04-17,2026-04-20,2026-04-21,LFUS,1,390.21563974365404,394.9575469344162,0.01215201726378079,20,0.9724409448818898,0.027980409248986118,1.0,0.8394122774695836,0.4751939750299657,1.6951415822812936,0.000340018416241331,0.3454327667310001
2026-04-17,2026-04-20,2026-04-21,APA,1,35.720903143026085,35.9593092587373,0.006674134602830062,12,0.9789750328515112,0.028280762885946213,1.0,0.8484228865783864,0.47014721447271424,0.1334395777387613,0.0001887496181715258,0.19175521004172177
2026-04-17,2026-04-20,2026-04-21,CMI,1,624.8674130610399,634.6167657367683,0.015602274133594607,12,0.9763779527559056,0.031903480032542966,1.0,0.957104400976289,0.4167608637185754,1.503805196792579,0.0004977668412833972,0.5056931300139786
2026-04-17,2026-04-20,2026-04-21,AVGO,1,405.05892006273217,398.778866907118,-0.015504048533585113,11,0.9704336399474376,0.03143372277829267,1.0,0.94301168334878,0.42298909320320455,1.8842236571197615,-0.00048734996354590944,-0.49511037706390015
2026-04-17,2026-04-20,2026-04-21,NVDA,1,199.97999572753903,202.1300048828125,0.01075112111814791,11,0.9803149606299213,0.03333333333333333,1.0,1.0,0.3751009494420469,1.7896935784116665,0.0003583707039382637,0.36407729071024025
2026-04-17,2026-04-20,2026-04-21,ESI,1,38.79999923706055,39.0,0.005154658940003776,11,0.9717847769028871,0.02658796167038887,1.0,0.7976388501116661,0.5000805273763758,1.941338895500145,0.0001370518743207477,0.1392342469435057
2026-04-17,2026-04-20,2026-04-21,IVZ,1,24.37950075697284,24.756556116616686,0.015466082074548027,9,0.9849081364829396,0.03223724246510527,1.0,0.9671172739531583,0.4124460058388406,1.6701302807041067,0.0004985838378224231,0.5065231361589548
2026-04-17,2026-04-20,2026-04-21,MS,1,187.91016464676318,189.77016516334393,0.009898349671914941,7,0.9776902887139107,0.03333333333333333,1.0,1.0,0.35818385996199303,1.3615308090444234,0.00032994498906383136,0.33519893334381906
2026-04-17,2026-04-20,2026-04-21,GS,1,923.6799926757812,944.5,0.022540281795977668,7,0.973753280839895,0.03333333333333333,1.0,1.0,0.35106431147002276,1.4064880988458657,0.000751342726532589,0.7633068810165735
2026-04-17,2026-04-20,2026-04-21,OVV,1,53.210682843304156,53.17088922425153,-0.0007478501858322328,1,0.9711286089238845,0.03333333333333333,1.0,1.0,0.3631376980099614,0.3056627328452909,-2.4928339527741093e-05,-0.02532529087179084
2026-04-17,2026-04-20,2026-04-21,PR,1,19.453905543523092,19.582804006562583,0.0066258398731871004,0,0.9685039370078741,0.03333333333333333,1.0,1.0,0.3062134842156239,0.28617312681655055,0.0002208613291062367,0.22437825815559317
2026-04-20,2026-04-21,2026-04-22,ATI,1,164.1199951171875,160.9600067138672,-0.01925413415387911,34,0.9829396325459318,0.029677252097965692,1.0,0.8903175629389708,0.45130548543167504,1.593453244533322,-0.0005714097932127217,-0.5827064801804124
2026-04-20,2026-04-21,2026-04-22,MTZ,1,374.4200134277344,378.30999755859375,0.010389359519667352,31,0.9849081364829396,0.03333333333333333,1.0,1.0,0.39431114016592794,1.6017132137943169,0.0003463119839889117,0.3531585206124558
2026-04-20,2026-04-21,2026-04-22,AMAT,1,392.51202736854077,399.37350089158514,0.017480925537606273,29,0.9835958005249343,0.02513685909276442,1.0,0.7541057727829326,0.5328233975025898,2.009719172931655,0.00043941556204991596,0.44810274262009886
2026-04-20,2026-04-21,2026-04-22,TSM,1,367.2200012207031,370.9113743117207,0.010052211422980184,26,0.9862204724409449,0.03274842923859991,1.0,0.9824528771579973,0.4089816512043255,1.8179184835652,0.0003291941344769123,0.3357022537513069
2026-04-20,2026-04-21,2026-04-22,CAT,1,804.8800048828125,812.5,0.009467243652421242,25,0.973753280839895,0.03333333333333333,1.0,1.0,0.3945291681864345,1.4481981719526997,0.0003155747884140414,0.3218136552342352
2026-04-20,2026-04-21,2026-04-22,LFUS,1,394.9575469344162,399.3201127359823,0.011045657528074848,21,0.9724409448818898,0.028658894644941504,1.0,0.8597668393482452,0.46734205314909627,1.6814415666656215,0.0003165563353812021,0.3228146072395381
2026-04-20,2026-04-21,2026-04-22,APA,1,35.9593092587373,37.72999954223633,0.049241498794051264,13,0.9789750328515112,0.027741592731116316,1.0,0.8322477819334895,0.4827951586690189,0.08917102837802611,0.0013660376050143254,1.3930439661114582
2026-04-20,2026-04-21,2026-04-22,CMI,1,634.6167657367683,647.4763877468467,0.02026360270382832,13,0.9763779527559056,0.031925712740178046,1.0,0.9577713822053414,0.41952099153905714,1.50986683981259,0.0006469299590035181,0.6597196684619331
2026-04-20,2026-04-21,2026-04-22,AVGO,1,398.778866907118,406.3368957065318,0.01895293213011251,12,0.9704336399474376,0.03157092887230402,1.0,0.9471278661691205,0.42423543249309403,1.8833760910996697,0.0005983616722013876,0.6101911938242462
2026-04-20,2026-04-21,2026-04-22,NVDA,1,202.1300048828125,200.9900054931641,-0.005639931539651144,12,0.9803149606299213,0.03333333333333333,1.0,1.0,0.3742318332917048,1.7904207363381237,-0.00018799771798837147,-0.1917144050245074
2026-04-20,2026-04-21,2026-04-22,ESI,1,39.0,38.83000183105469,-0.00435892740885413,12,0.9835958005249343,0.026779331509089826,1.0,0.8033799452726947,0.5001434281436185,1.9544366024485946,-0.00011672916210576266,-0.11903688034925929
2026-04-20,2026-04-21,2026-04-22,IVZ,1,24.756556116616686,25.083996182784645,0.01322639807514192,10,0.9849081364829396,0.03268907777909935,1.0,0.9806723333729805,0.4097242129269889,1.6804440338573112,0.0004323587554156442,0.44090642396400703
2026-04-20,2026-04-21,2026-04-22,MS,1,189.77016516334393,190.65541550797542,0.004664855215094077,8,0.9776902887139107,0.03333333333333333,1.0,1.0,0.33933201625045567,1.3592221921993553,0.00015549517383646924,0.15856929038939174
2026-04-20,2026-04-21,2026-04-22,GS,1,944.5,939.0,-0.0058231868713605195,8,0.973753280839895,0.03333333333333333,1.0,1.0,0.34330077992292507,1.4156655211462126,-0.00019410622904535065,-0.19794368044021657
2026-04-20,2026-04-21,2026-04-22,OVV,1,53.17088922425153,54.94159536942387,0.0333021728808085,2,0.9711286089238845,0.03333333333333333,1.0,1.0,0.37982303282818525,0.26876861161605026,0.0011100724293602834,1.1320183968513913
2026-04-20,2026-04-21,2026-04-22,PR,1,19.582804006562583,19.989334375506793,0.02075955868260615,1,0.9685039370078741,0.03333333333333333,1.0,1.0,0.3197988784558189,0.2521929150190198,0.000691985289420205,0.7056657360868179
2026-04-20,2026-04-21,2026-04-22,EVR,1,357.97924819322947,357.4705706738686,-0.0014209692934107343,0,0.9809711286089239,0.030063877201057985,1.0,0.9019163160317396,0.4455016422126441,1.888527232835074,-4.271984634357445e-05,-0.04356441137760695
2026-04-21,2026-04-22,2026-04-23,ATI,1,160.9600067138672,154.9199981689453,-0.03752490241665418,35,0.9829396325459318,0.029804500629271768,1.0,0.894135018878153,0.45085557802122644,1.5941810292647247,-0.0011184109776905312,-1.1468729800309432
2026-04-21,2026-04-22,2026-04-23,MTZ,1,378.30999755859375,379.3800048828125,0.0028283876480241776,32,0.9849081364829396,0.03333333333333333,1.0,1.0,0.39241624426790317,1.6316972944479657,9.427958826747259e-05,0.09667887253367584
2026-04-21,2026-04-22,2026-04-23,AMAT,1,399.37350089158514,405.6657120343602,0.015755204410728085,30,0.9835958005249343,0.025247160085124173,1.0,0.7574148025537252,0.5322390840608575,2.0018746067405884,0.0003977741679315064,0.40789696672770587
2026-04-21,2026-04-22,2026-04-23,TSM,1,370.9113743117207,383.35224217986075,0.033541349038502366,27,0.984251968503937,0.032788888859338665,1.0,0.9836666657801599,0.40981947929038054,1.8237102233404177,0.00109978356581574,1.1277715264568557
2026-04-21,2026-04-22,2026-04-23,CAT,1,812.5,817.1099853515625,0.005673828124999947,26,0.973753280839895,0.03333333333333333,1.0,1.0,0.3944901340377274,1.4723070161412568,0.0001891276041666649,0.19394063839093878
2026-04-21,2026-04-22,2026-04-23,LFUS,1,399.3201127359823,397.3235156603164,-0.004999991265118187,22,0.9724409448818898,0.02874713526401734,1.0,0.8624140579205202,0.46743876339093937,1.7011301885779713,-0.0001437354252172577,-0.14739329168185683
2026-04-21,2026-04-22,2026-04-23,APA,1,37.72999954223633,38.38999938964844,0.017492707538288688,14,0.9789750328515112,0.0278839809112566,1.0,0.836519427337698,0.4819084262613191,0.13030736484155206,0.0004877663230838362,0.5001792969423848
2026-04-21,2026-04-22,2026-04-23,CMI,1,647.4763877468467,642.2129200110438,-0.008129204146145375,14,0.9763779527559056,0.03197648804174594,1.0,0.9592946412523781,0.4202314319603008,1.5181848527559034,-0.00025994339916812905,-0.26655859678607047
2026-04-21,2026-04-22,2026-04-23,AVGO,1,406.3368957065318,421.7225690077539,0.03786432751687441,13,0.9704336399474376,0.03171862694481115,1.0,0.9515588083443346,0.4236477632598965,1.9084796482910427,0.001201004479023887,1.2315683709872953
2026-04-21,2026-04-22,2026-04-23,NVDA,1,200.9900054931641,202.4600067138672,0.00731380257986558,13,0.9855643044619422,0.03333333333333333,1.0,1.0,0.37404327197674203,1.7490277222225021,0.00024379341932885266,0.24999762244374274
2026-04-21,2026-04-22,2026-04-23,ESI,1,38.83000183105469,38.209999084472656,-0.015967105777630386,13,0.9835958005249343,0.02684990665641916,1.0,0.8054971996925747,0.5004682336812425,2.002171026873752,-0.0004287152997025469,-0.43962550722635096
2026-04-21,2026-04-22,2026-04-23,IVZ,1,25.083996182784645,25.143531706896834,0.0023734465464895216,11,0.9849081364829396,0.03277777072308228,1.0,0.9833331216924683,0.4099584890128466,1.6827280348812397,7.779628672432499e-05,0.07977609391416088
2026-04-21,2026-04-22,2026-04-23,MS,1,190.65541550797542,189.6408672067124,-0.005321371535971897,9,0.9776902887139107,0.03333333333333333,1.0,1.0,0.3391261059571484,1.3653582241757154,-0.00017737905119906324,-0.18189310110654255
2026-04-21,2026-04-22,2026-04-23,GS,1,939.0,935.0,-0.004259850905218299,9,0.973753280839895,0.03333333333333333,1.0,1.0,0.3439271353355173,1.4301119540581924,-0.0001419950301739433,-0.14560860600765255
2026-04-21,2026-04-22,2026-04-23,OVV,1,54.94159536942387,55.93637129165015,0.018106061819600727,3,0.9711286089238845,0.03333333333333333,1.0,1.0,0.37941063524237856,0.31069104568947375,0.0006035353939866909,0.6188945295270467
2026-04-21,2026-04-22,2026-04-23,PR,1,19.989334375506793,20.28679345371304,0.014880889609347303,2,0.9685039370078741,0.03333333333333333,1.0,1.0,0.3199090010924083,0.31526788740429057,0.00049602965364491,0.5086529177621026
2026-04-21,2026-04-22,2026-04-23,EVR,1,357.4705706738686,348.84274435544273,-0.024135766763013655,1,0.9809711286089239,0.03015164347629688,1.0,0.9045493042889063,0.445664773444538,1.9151911081969002,-0.0007277330344654437,-0.7462528270491336
2026-04-22,2026-04-23,2026-04-24,ATI,1,154.9199981689453,153.75,-0.0075522733202552095,36,0.9829396325459318,0.029173416741185343,1.0,0.8752025022355603,0.45580778026389457,1.6052763331366948,-0.00022032561691514075,-0.2263602826258449
2026-04-22,2026-04-23,2026-04-24,MTZ,1,379.3800048828125,384.5700073242188,0.013680221346956456,33,0.9849081364829396,0.03333333333333333,1.0,1.0,0.3915127849733433,1.62848780516274,0.0004560073782318819,0.4684973107589013
2026-04-22,2026-04-23,2026-04-24,AMAT,1,405.6657120343602,411.9878148853977,0.015584513710397152,31,0.9835958005249343,0.025150951522776462,1.0,0.7545285456832939,0.5287064513432491,1.9938156425365063,0.0003919653488362439,0.4027011855651945
2026-04-22,2026-04-23,2026-04-24,TSM,1,383.35224217986075,395.2144730265238,0.03094342367534031,28,0.9875328083989501,0.03331885486701455,1.0,0.9995656460104366,0.39909745939911156,1.8167138806431538,0.0010309994425272057,1.0592382695446303
2026-04-22,2026-04-23,2026-04-24,CAT,1,817.1099853515625,839.260009765625,0.02710776371742951,27,0.973753280839895,0.03333333333333333,1.0,1.0,0.39005622177012284,1.4677485885543247,0.000903592123914317,0.9283412950864929
2026-04-22,2026-04-23,2026-04-24,LFUS,1,397.3235156603164,404.3116207851129,0.01758794747696446,23,0.9724409448818898,0.0289172798409928,1.0,0.867518395229784,0.4598451306842109,1.6947970793750566,0.0005085955990200646,0.5225259102793475
2026-04-22,2026-04-23,2026-04-24,APA,1,38.38999938964844,38.59000015258789,0.005209709979661525,15,0.9789750328515112,0.027356312510811807,1.0,0.8206893753243542,0.4860841651175678,0.11056469951623009,0.00014251845429431571,0.14642200051519713
2026-04-22,2026-04-23,2026-04-24,CMI,1,642.2129200110438,654.6239491143925,0.01932541173904645,15,0.9763779527559056,0.03186793437172239,1.0,0.9560380311516717,0.41726803414383123,1.5126826377300697,0.0006158609530064458,0.6327292365392726
2026-04-22,2026-04-23,2026-04-24,AVGO,1,421.7225690077539,424.30847323706877,0.006131766282746254,14,0.9704336399474376,0.032614942216404215,1.0,0.9784482664921265,0.4077109883955291,1.9007648639232315,0.00019998720299626473,0.2054648044363461
2026-04-22,2026-04-23,2026-04-24,NVDA,1,202.4600067138672,199.9600067138672,-0.012348117737312925,14,0.9862204724409449,0.03333333333333333,1.0,1.0,0.36343689627126335,1.7493748750238034,-0.00041160392457709747,-0.42287765717712167
2026-04-22,2026-04-23,2026-04-24,ESI,1,38.209999084472656,38.290000915527344,0.002093740721579751,14,0.9835958005249343,0.02681069429974549,1.0,0.8043208289923647,0.49597635103539495,2.005038282856041,5.6134642429203234e-05,0.057672156798132125
2026-04-22,2026-04-23,2026-04-24,IVZ,1,25.143531706896834,25.20306615356103,0.0023677837846409755,12,0.9849081364829396,0.03333333333333333,1.0,1.0,0.39735798788712184,1.6776855513683202,7.892612615469918e-05,0.08108789378686661
2026-04-22,2026-04-23,2026-04-24,MS,1,189.6408672067124,187.78084992932673,-0.009808103626515297,10,0.9744094488188977,0.03333333333333333,1.0,1.0,0.3309436696515002,1.3648422463369747,-0.0003269367875505099,-0.33589150760995135
2026-04-22,2026-04-23,2026-04-24,GS,1,935.0,930.489990234375,-0.004823539856283476,10,0.973753280839895,0.03333333333333333,1.0,1.0,0.34324752340105885,1.4334119401387682,-0.00016078466187611587,-0.16518851513392685
2026-04-22,2026-04-23,2026-04-24,OVV,1,55.93637129165015,55.86673881045107,-0.0012448515981849928,4,0.9711286089238845,0.03333333333333333,1.0,1.0,0.3816182437307296,0.29797994964542024,-4.1495053272833093e-05,-0.04263159281215436
2026-04-22,2026-04-23,2026-04-24,PR,1,20.28679345371304,20.594170823292565,0.015151599501461055,3,0.9685039370078741,0.03333333333333333,1.0,1.0,0.31943195402569813,0.3075971125602239,0.0005050533167153684,0.5188866057134132
2026-04-22,2026-04-23,2026-04-24,EVR,1,348.84274435544273,347.93509500926734,-0.002601886841168133,2,0.9875328083989501,0.030104964555981387,1.0,0.9031489366794416,0.4417035702794485,1.9157927097134244,-7.832971113204102e-05,-0.08047514310003569
2026-04-22,2026-04-23,2026-04-24,AES,1,14.32339096069336,14.313512802124023,-0.0006896522336395927,0,0.9783464566929134,0.029135708438880126,1.0,0.8740712531664038,0.4563977002793051,0.977752722310188,-2.009350640354561e-05,-0.02064386271616628
2026-04-23,2026-04-24,2026-04-27,ATI,1,153.75,154.8000030517578,0.006829288141514178,37,0.9829396325459318,0.028597623245082002,1.0,0.85792869735246,0.4625265398802568,1.5889570967941806,0.00019530140930312874,0.2013723558606456
2026-04-23,2026-04-24,2026-04-27,MTZ,1,384.5700073242188,380.6900024414063,-0.010089203029141514,34,0.9849081364829396,0.03333333333333333,1.0,1.0,0.39146690598028067,1.611604398957573,-0.00033630676763805043,-0.34676086738339795
2026-04-23,2026-04-24,2026-04-27,AMAT,1,411.9878148853977,415.4834826975592,0.008484881556834134,32,0.9835958005249343,0.02500999094716111,1.0,0.7502997284148333,0.5288750306344433,2.0420776972733177,0.00021220681092415594,0.21880326208576567
2026-04-23,2026-04-24,2026-04-27,TSM,1,395.2144730265238,412.7833122399991,0.04445393681798726,29,0.9914698162729658,0.032147941555856326,1.0,0.9644382466756898,0.4114465526623248,1.858436295866832,0.0014291025627523842,1.4735262323748293
2026-04-23,2026-04-24,2026-04-27,CAT,1,839.260009765625,829.760009765625,-0.011319495614539044,28,0.973753280839895,0.03333333333333333,1.0,1.0,0.3877401518367483,1.4715506279259112,-0.00037731652048463477,-0.38904540886953665
2026-04-23,2026-04-24,2026-04-27,LFUS,1,404.3116207851129,408.53445849248044,0.01044451232731669,24,0.9724409448818898,0.029374801841312945,1.0,0.8812440552393883,0.4502893261987627,1.762452885793953,0.0003068054799440781,0.31634253182168565
2026-04-23,2026-04-24,2026-04-27,APA,1,38.59000015258789,38.119998931884766,-0.012179352652104236,16,0.9789750328515112,0.02756368986667141,1.0,0.8269106960001423,0.47987623545063096,0.05866453967279382,-0.0003357078992794231,-0.34614338319494536
2026-04-23,2026-04-24,2026-04-27,CMI,1,654.6239491143925,661.2032930811805,0.010050570217739363,16,0.9763779527559056,0.03196438757284361,1.0,0.9589316271853082,0.4138092650204425,1.5151509958629092,0.00032126032176790016,0.3312467025700808
2026-04-23,2026-04-24,2026-04-27,AVGO,1,424.30847323706877,419.8155805610845,-0.010588741350621045,15,0.9704336399474376,0.031683266912524696,1.0,0.9504980073757409,0.4174809297559577,1.940823698128593,-0.00033548591847941384,-0.34591450211921126
2026-04-23,2026-04-24,2026-04-27,NVDA,1,199.9600067138672,209.6499938964844,0.04845962621157085,15,0.9862204724409449,0.03333333333333333,1.0,1.0,0.3598791796020993,1.7400808781187513,0.0016153208737190283,1.6655331416825887
2026-04-23,2026-04-24,2026-04-27,ESI,1,38.290000915527344,40.68000030517578,0.06241836856888772,15,0.9835958005249343,0.02679934106725793,1.0,0.8039802320177378,0.49356287138370175,1.9912810740566713,0.001672771148139434,1.72476925854502
2026-04-23,2026-04-24,2026-04-27,IVZ,1,25.20306615356103,25.32213668472163,0.004724446241386238,13,0.9849081364829396,0.03333333333333333,1.0,1.0,0.3893518898586656,1.69953064795444,0.00015748154137954125,0.1623768569070737
2026-04-23,2026-04-24,2026-04-27,MS,1,187.78084992932673,186.86577172565887,-0.004873117807339011,11,0.9671916010498687,0.03333333333333333,1.0,1.0,0.3311606053599002,1.370205302165072,-0.0001624372602446337,-0.16748662435016365
2026-04-23,2026-04-24,2026-04-27,GS,1,930.489990234375,926.0399780273438,-0.004782439632596502,11,0.973753280839895,0.03333333333333333,1.0,1.0,0.3431035149902741,1.4563461320268227,-0.0001594146544198834,-0.164370060788539
2026-04-23,2026-04-24,2026-04-27,OVV,1,55.86673881045107,56.185065046008546,0.0056979562855372645,5,0.9711286089238845,0.03333333333333333,1.0,1.0,0.3786206866963703,0.2591848188688398,0.00018993187618457548,0.19583591074326004
2026-04-23,2026-04-24,2026-04-27,PR,1,20.594170823292565,20.5346773702025,-0.002888849160305962,4,0.9685039370078741,0.03333333333333333,1.0,1.0,0.3185787268393963,0.27214142680624,-9.629497201019873e-05,-0.09928830232418605
2026-04-23,2026-04-24,2026-04-27,EVR,1,347.93509500926734,342.8282161567074,-0.014677676744347723,3,0.973753280839895,0.030022560612099694,1.0,0.9006768183629908,0.4405740036383229,1.9226870532521043,-0.0004406614397019856,-0.4543594056303162
2026-04-23,2026-04-24,2026-04-27,AES,1,14.313512802124023,14.323391229065729,0.0006901469316631381,1,0.9908136482939633,0.029298715216884152,1.0,0.8789614565065246,0.4514586947049638,0.9499297355605204,2.0220418408604692e-05,0.020848970347719157
2026-04-23,2026-04-24,2026-04-27,ZIM,1,26.100000381469727,25.989999771118164,-0.004214582710491466,0,0.9868766404199475,0.021841732354209754,1.0,0.6552519706262926,0.6055911460611589,1.2780264591968877,-9.205378754723449e-05,-0.09491528059334392
2026-04-24,2026-04-27,2026-04-28,ATI,1,154.8000030517578,152.39999389648438,-0.015503934805937925,38,0.9829396325459318,0.029278843253010167,1.0,0.878365297590305,0.4613545671368541,1.609532183960863,-0.0004539372769879451,-0.46980375271531605
2026-04-24,2026-04-27,2026-04-28,MTZ,1,380.6900024414063,377.0299987792969,-0.009614131284345295,35,0.9849081364829396,0.03333333333333333,1.0,1.0,0.391856333935737,1.630925760585875,-0.00032047104281150983,-0.33167247146666107
2026-04-24,2026-04-27,2026-04-28,AMAT,1,415.4834826975592,385.52072274237497,-0.07211540579338716,33,0.9835958005249343,0.025646407570212464,1.0,0.7693922271063739,0.5266986426180547,2.0938730354459616,-0.001849501089068468,-1.9141467254263527
2026-04-24,2026-04-27,2026-04-28,TSM,1,412.7833122399991,391.2038526301569,-0.05227793607435249,30,0.9829396325459318,0.032738951169458984,1.0,0.9821685350837696,0.4125950151958862,1.900830394667731,-0.0017115247963783245,-1.7713477455283047
2026-04-24,2026-04-27,2026-04-28,CAT,1,829.760009765625,814.3499755859375,-0.0185716761452992,29,0.973753280839895,0.03333333333333333,1.0,1.0,0.39197217862437045,1.4880133387395236,-0.0006190558715099733,-0.6406937396850083
2026-04-24,2026-04-27,2026-04-28,LFUS,1,408.53445849248044,391.8029346474786,-0.04095498799964703,25,0.9724409448818898,0.029969135479454623,1.0,0.8990740643836387,0.450727985280746,1.7565332311092057,-0.0012273855839208601,-1.2702864086881607
2026-04-24,2026-04-27,2026-04-28,APA,1,38.119998931884766,39.34000015258789,0.03200423019116827,17,0.9789750328515112,0.028434191490860645,1.0,0.8530257447258194,0.475059333394517,0.0016202750444100245,0.0009100144097732622,0.9418221556363735
2026-04-24,2026-04-27,2026-04-28,CMI,1,661.2032930811805,652.0221511681161,-0.013885505424936162,17,0.9763779527559056,0.032390591295347854,1.0,0.9717177388604357,0.4170324626707386,1.5406377313551438,-0.00044975973114844267,-0.46548018906008753
2026-04-24,2026-04-27,2026-04-28,AVGO,1,419.8155805610845,399.6774336324243,-0.047969031787113536,16,0.9704336399474376,0.03239061835954475,1.0,0.9717185507863425,0.41703211421648695,1.9899695650144154,-0.0015537466016932655,-1.6080547274894776
2026-04-24,2026-04-27,2026-04-28,NVDA,1,209.6499938964844,209.4900054931641,-0.0007631214308515544,16,0.9862204724409449,0.03333333333333333,1.0,1.0,0.3610346024641954,1.7823710003352786,-2.5437381028385144e-05,-0.026326494148446174
2026-04-24,2026-04-27,2026-04-28,ESI,1,40.68000030517578,39.7599983215332,-0.022615584482321816,16,0.9835958005249343,0.02738518848387515,1.0,0.8215556545162545,0.4932567129568598,1.9967134281058774,-0.0006193320437213849,-0.6409795649474274
2026-04-24,2026-04-27,2026-04-28,IVZ,1,25.32213668472163,24.945081290884087,-0.014890346676986521,14,0.9849081364829396,0.03333333333333333,1.0,1.0,0.3894181014181926,1.641937545026879,-0.0004963448892328841,-0.5136936387995061
2026-04-24,2026-04-27,2026-04-28,MS,1,186.86577172565887,190.2873871860964,0.018310552161799,12,0.9671916010498687,0.03333333333333333,1.0,1.0,0.3322210217825447,1.3695454548572392,0.0006103517387266333,0.6316853712318174
2026-04-24,2026-04-27,2026-04-28,GS,1,926.0399780273438,941.239990234375,0.01641399136936883,12,0.973753280839895,0.03333333333333333,1.0,1.0,0.3431687075225589,1.4582075895965425,0.0005471330456456277,0.5662569943241352
2026-04-24,2026-04-27,2026-04-28,OVV,1,56.185065046008546,57.915983312266114,0.030807444377614734,6,0.9711286089238845,0.03333333333333333,1.0,1.0,0.37874324958988875,0.22459932717655465,0.0010269148125871578,1.062808579796817
2026-04-24,2026-04-27,2026-04-28,PR,1,20.5346773702025,20.77264682736988,0.011588663063812898,5,0.9685039370078741,0.03333333333333333,1.0,1.0,0.3210494329822807,0.2463636618254902,0.0003862887687937633,0.39979072530742726
2026-04-24,2026-04-27,2026-04-28,EVR,1,342.8282161567074,347.79545130280826,0.01448899160572692,4,0.9724409448818898,0.030622055056821283,1.0,0.9186616517046384,0.4411176202967253,1.9245819088109144,0.00044368269866839114,0.4591907459823011
2026-04-24,2026-04-27,2026-04-28,AES,1,14.323391229065729,14.303634643554688,-0.0013793231780858672,2,0.9940944881889764,0.030113975446554538,1.0,0.9034192633966361,0.44856010722442835,0.959046058966728,-4.153690431774138e-05,-0.04298874429114166
2026-04-24,2026-04-27,2026-04-28,ZIM,1,25.989999771118164,26.14999961853028,0.006156208111625983,1,0.9862204724409449,0.02233264632923088,1.0,0.6699793898769264,0.6048512055456667,1.3272886781704942,0.00013748441848608536,0.14228991320834214
2026-04-27,2026-04-28,2026-04-29,ATI,1,152.39999389648438,155.0,0.017060408186641007,39,0.9829396325459318,0.0292983602647812,1.0,0.8789508079434359,0.46138367251661727,1.5340932647955268,0.0004998419853164308,0.5145680218290906
2026-04-27,2026-04-28,2026-04-29,MTZ,1,377.0299987792969,376.1700134277344,-0.002280946753167812,36,0.9849081364829396,0.03333333333333333,1.0,1.0,0.3932902402358979,1.6098642838803312,-7.603155843892706e-05,-0.07827155335447476
2026-04-27,2026-04-28,2026-04-29,AMAT,1,385.52072274237497,383.3933692065124,-0.0055181301817702755,34,0.9835958005249343,0.025527159997533178,1.0,0.7658147999259953,0.5295452004447802,2.0964337999926665,-0.00014086219203726666,-0.14501218712397573
2026-04-27,2026-04-28,2026-04-29,TSM,1,391.2038526301569,391.99201759138424,0.002014716767047009,31,0.9875328083989501,0.03201603540438224,1.0,0.9604810621314672,0.42221920631151644,1.9052591684035545,6.450324334357957e-05,0.06640359814482982
2026-04-27,2026-04-28,2026-04-29,CAT,1,814.3499755859375,822.9299926757812,0.010536031616714014,30,0.973753280839895,0.03333333333333333,1.0,1.0,0.38486627496782977,1.4888588591633405,0.00035120105389046716,0.36154792289068044
2026-04-27,2026-04-28,2026-04-29,LFUS,1,391.8029346474786,392.2621499526898,0.0011720568290902733,26,0.9724409448818898,0.030426374661725913,1.0,0.9127912398517773,0.44427853163472797,1.7842782547783997,3.566144020673511e-05,0.0367120755795239
2026-04-27,2026-04-28,2026-04-29,APA,1,39.34000015258789,39.79999923706055,0.011692910083590746,18,0.9789750328515112,0.02821673360618697,1.0,0.8465020081856091,0.47906980468907606,0.005658809327001526,0.0003299357289097775,0.3396560920114897
2026-04-27,2026-04-28,2026-04-29,CMI,1,652.0221511681161,643.329388015962,-0.013332005878298525,18,0.9763779527559056,0.03259144434501192,1.0,0.9777433303503575,0.4147648356599624,1.5457521154892884,-0.0004345093275899381,-0.44731057360597654
2026-04-27,2026-04-28,2026-04-29,AVGO,1,399.6774336324243,402.86239534491966,0.00796883047298702,17,0.9704336399474376,0.03258563495306946,1.0,0.9775690485920837,0.41483878025235016,1.9759377910967935,0.00025966940079565087,0.2673196206444627
2026-04-27,2026-04-28,2026-04-29,NVDA,1,209.4900054931641,212.6999969482422,0.015322885917738116,17,0.9862204724409449,0.03333333333333333,1.0,1.0,0.36959811647397134,1.7849614930631779,0.0005107628639246038,0.5258106446321466
2026-04-27,2026-04-28,2026-04-29,ESI,1,39.7599983215332,40.68000030517578,0.023138883865201798,17,0.9835958005249343,0.026758009540849184,1.0,0.8027402862254756,0.5051864951704731,2.027440685964512,0.000619150475229671,0.6373915049408723
2026-04-27,2026-04-28,2026-04-29,IVZ,1,24.945081290884087,25.56027450444228,0.02466190454079653,15,0.9849081364829396,0.03333333333333333,1.0,1.0,0.38585357638615003,1.660978504852104,0.0008220634846932177,0.8462826124314629
2026-04-27,2026-04-28,2026-04-29,MS,1,190.2873871860964,188.9943327971551,-0.006795271132062575,13,0.9671916010498687,0.03333333333333333,1.0,1.0,0.32907149629606125,1.3675759118153397,-0.00022650903773541916,-0.233182307404888
2026-04-27,2026-04-28,2026-04-29,GS,1,941.239990234375,927.5,-0.014597754427065568,13,0.973753280839895,0.03333333333333333,1.0,1.0,0.3348135676317215,1.4561654154480246,-0.00048659181423551894,-0.5009274823740355
2026-04-27,2026-04-28,2026-04-29,OVV,1,57.915983312266114,58.98039251698884,0.018378505273470847,7,0.9711286089238845,0.03333333333333333,1.0,1.0,0.3809401480758339,0.21998655520461255,0.0006126168424490283,0.6306653822980041
2026-04-27,2026-04-28,2026-04-29,PR,1,20.77264682736988,20.921377387068354,0.007159923380708033,6,0.9685039370078741,0.03333333333333333,1.0,1.0,0.32412562443888054,0.23997709800526432,0.00023866411269026777,0.2456954876867349
2026-04-27,2026-04-28,2026-04-29,EVR,1,347.79545130280826,331.367698721295,-0.04723394892019561,5,0.9724409448818898,0.030835987857775485,1.0,0.9250796357332646,0.43837690947433317,1.9264342041669207,-0.0014565054753779394,-1.4994161420313743
2026-04-27,2026-04-28,2026-04-29,AES,1,14.303634643554688,14.293757021912008,-0.0006905672501311688,3,0.9921259842519685,0.030329527592952595,1.0,0.9098858277885779,0.44569718457536045,0.9568793558627823,-2.094457846764268e-05,-0.02156163473005633
2026-04-27,2026-04-28,2026-04-29,ZIM,1,26.14999961853028,26.049999237060547,-0.0038241064217404697,2,0.9757217847769029,0.02233816652134236,1.0,0.6701449956402709,0.6051429979611128,1.2882451829766923,-8.54235260441733e-05,-0.08794022132092218
2026-04-28,2026-04-29,2026-04-30,MTZ,1,376.1700134277344,385.0,0.02347339303259477,37,0.9849081364829396,0.03333333333333333,1.0,1.0,0.3948110539401884,1.6099238515577463,0.0007824464344198256,0.8066395330665387
2026-04-28,2026-04-29,2026-04-30,AMAT,1,383.3933692065124,385.06131390288124,0.004350478725860363,35,0.9835958005249343,0.025333880874162405,1.0,0.7600164262248722,0.5331848105785097,2.0955611123331175,0.00011021450978652427,0.1136223219897221
2026-04-28,2026-04-29,2026-04-30,TSM,1,391.99201759138424,396.8805548572255,0.012471012282033511,32,0.9849081364829397,0.03202424988647505,1.0,0.9607274965942516,0.42179412548281286,1.9071418902080273,0.00039937481365714066,0.411723408830923
2026-04-28,2026-04-29,2026-04-30,CAT,1,822.9299926757812,856.6300048828125,0.04095125041858627,31,0.973753280839895,0.03333333333333333,1.0,1.0,0.3845780381940196,1.4838903881219623,0.0013650416806195423,1.4072485162358244
2026-04-28,2026-04-29,2026-04-30,LFUS,1,392.2621499526898,396.22539975771286,0.010103574371121526,27,0.9724409448818898,0.030334052575981953,1.0,0.9100215772794586,0.4452962702980201,1.7265623802587666,0.0003064823561789442,0.3159587337945087
2026-04-28,2026-04-29,2026-04-30,APA,1,39.79999923706055,39.52000045776367,-0.007035145343323279,19,0.9789750328515112,0.028285291409942476,1.0,0.8485587422982743,0.47754998452520037,-0.0387004530519926,-0.00019899113614719877,-0.2051439051737461
2026-04-28,2026-04-29,2026-04-30,CMI,1,643.329388015962,648.4333891901549,0.007933729236175191,19,0.9763779527559056,0.03257751343062642,1.0,0.9773254029187927,0.4146308005941962,1.542992937801861,0.00025846117074645076,0.26645274221402393
2026-04-28,2026-04-29,2026-04-30,AVGO,1,402.86239534491966,414.86340019492565,0.02978933995497668,18,0.9704336399474376,0.032512571436633414,1.0,0.9753771430990024,0.41545900180288825,1.9488969913319603,0.0009685280433363373,0.9984747508217108
2026-04-28,2026-04-29,2026-04-30,NVDA,1,212.6999969482422,209.92999267578125,-0.01302305741515819,18,0.9862204724409449,0.03333333333333333,1.0,1.0,0.3769483062827663,1.7891708979677003,-0.00043410191383860635,-0.44752426450982086
2026-04-28,2026-04-29,2026-04-30,ESI,1,40.68000030517578,42.869998931884766,0.05383477409734305,18,0.9835958005249343,0.026840927004157522,1.0,0.8052278101247257,0.5032479121535761,1.9954755859524118,0.001444975241832095,1.4896536083373026
2026-04-28,2026-04-29,2026-04-30,IVZ,1,25.56027450444228,25.411437948232116,-0.005822963919432711,16,0.9849081364829396,0.03333333333333333,1.0,1.0,0.38537054052623543,1.6535417275153028,-0.0001940987973144237,-0.20010029613155123
2026-04-28,2026-04-29,2026-04-30,MS,1,188.9943327971551,185.6000061035156,-0.01795993902781512,14,0.9671916010498687,0.03333333333333333,1.0,1.0,0.3283070942357167,1.3679945946705212,-0.000598664634260504,-0.6171752337288269
2026-04-28,2026-04-29,2026-04-30,GS,1,927.5,910.4099731445312,-0.018425904965464923,14,0.973753280839895,0.03333333333333333,1.0,1.0,0.3344537557256564,1.457757043813575,-0.0006141968321821641,-0.6331876843297617
2026-04-28,2026-04-29,2026-04-30,OVV,1,58.98039251698884,59.84585095304255,0.014673663553602445,8,0.9711286089238845,0.03333333333333333,1.0,1.0,0.3823311084731341,0.1956333408450445,0.0004891221184534149,0.5042456836477621
2026-04-28,2026-04-29,2026-04-30,PR,1,20.921377387068354,21.08993804600822,0.00805686240543868,7,0.9685039370078741,0.03333333333333333,1.0,1.0,0.3238383020481417,0.21698114574653424,0.00026856208018128936,0.27686596989536305
2026-04-28,2026-04-29,2026-04-30,EVR,1,331.367698721295,326.25086756717457,-0.015441550802524406,6,0.9724409448818898,0.030787177263559572,1.0,0.9236153179067872,0.4387424140730425,1.9038276250231128,-0.00047540176178157946,-0.4901010960920887
2026-04-28,2026-04-29,2026-04-30,AES,1,14.293757021912008,14.313512933918682,0.0013821357097640874,4,0.9849081364829396,0.03051028894005264,1.0,0.9153086682015792,0.4427241086326306,0.9838722197726657,4.216935985926704e-05,0.04347322864576162
2026-04-28,2026-04-29,2026-04-30,ZIM,1,26.049999237060547,26.11000061035156,0.0023033157408176574,3,0.9757217847769029,0.022477893803163777,1.0,0.6743368140949133,0.6009299889657636,1.294760702788688,5.1773686617254807e-05,0.05337451940597346
2026-04-29,2026-04-30,2026-05-01,MTZ,1,385.0,406.8800048828125,0.056831181513798734,38,0.9849081364829396,0.03333333333333333,1.0,1.0,0.40093275933425915,1.6172854067396025,0.0018943727171266244,1.9606377821217453
2026-04-29,2026-04-30,2026-05-01,AMAT,1,385.06131390288124,388.9664595104997,0.010141620221561398,36,0.9835958005249343,0.024946715198361776,1.0,0.7484014559508533,0.542359718579655,2.11819296253477,0.00025300011131723887,0.2618500428373881
2026-04-29,2026-04-30,2026-05-01,TSM,1,396.8805548572255,392.52077768207727,-0.01098511157019677,33,0.9829396325459318,0.03172222107597048,1.0,0.9516666322791144,0.42651784697129275,1.9201864606556573,-0.0003484721377739832,-0.3606616761102441
2026-04-29,2026-04-30,2026-05-01,APA,1,39.52000045776367,40.33000183105469,0.020495985928863814,20,0.9789750328515112,0.028357062139671367,1.0,0.850711864190141,0.47713311653472634,-0.04000288216600007,0.0005812059465986211,0.6015365021850243
2026-04-29,2026-04-30,2026-05-01,CMI,1,648.4333891901549,664.4331798228333,0.02467453234118766,20,0.9763779527559056,0.03231490107263214,1.0,0.9694470321789643,0.41869518350248286,1.5575174519647084,0.0007973550716189416,0.8252465130271356
2026-04-29,2026-04-30,2026-05-01,NVDA,1,209.92999267578125,201.27999877929688,-0.041204183290967644,19,0.9862204724409449,0.03333333333333333,1.0,1.0,0.37836214958648584,1.780768711032897,-0.001373472776365588,-1.4215167869090588
2026-04-29,2026-04-30,2026-05-01,ESI,1,42.869998931884766,42.720001220703125,-0.0034988970123365215,19,0.9835958005249343,0.02649708441571858,1.0,0.7949125324715575,0.5106257436551768,2.0196229147462086,-9.271056949778634e-05,-0.09595358068453098
2026-04-29,2026-04-30,2026-05-01,MS,1,185.6000061035156,190.4900054931641,0.026346978603660087,15,0.9671916010498687,0.03333333333333333,1.0,1.0,0.32823588038589047,1.3680645623725847,0.0008782326201220029,0.9089531542212753
2026-04-29,2026-04-30,2026-05-01,GS,1,910.4099731445312,916.4000244140624,0.006579509722242749,15,0.973753280839895,0.03333333333333333,1.0,1.0,0.3353352168925672,1.4647677091746196,0.00021931699074142496,0.22698868835120606
2026-04-29,2026-04-30,2026-05-01,OVV,1,59.84585095304255,60.57203767058097,0.012134286771328773,9,0.9711286089238845,0.03333333333333333,1.0,1.0,0.3803544736351351,0.18555596938844351,0.00040447622571095906,0.4186247843042078
2026-04-29,2026-04-30,2026-05-01,PR,1,21.08993804600822,21.23866677165856,0.007052117712526451,8,0.9685039370078741,0.03333333333333333,1.0,1.0,0.3180885289166217,0.21171756773187075,0.00023507059041754836,0.2432933481735233
2026-04-29,2026-04-30,2026-05-01,EVR,1,326.25086756717457,319.44834762314935,-0.020850580397689167,7,0.9783464566929134,0.030703363559679116,1.0,0.9211009067903735,0.44067137491862796,1.9154156185554696,-0.0006401829503805693,-0.662576518674818
2026-04-29,2026-04-30,2026-05-01,AES,1,14.313512933918682,14.31999969482422,0.00045319139581501133,5,0.9908136482939632,0.030693874466489142,1.0,0.9208162339946743,0.44080760965000154,0.9885680052404673,1.3910199812438951e-05,0.014396777921558104
2026-04-29,2026-04-30,2026-05-01,ZIM,1,26.11000061035156,26.920000076293945,0.031022575526913343,4,0.9770341207349081,0.02253621025483314,1.0,0.6760863076449942,0.6003712816607494,1.2913305097567682,0.0006991312847209601,0.723586862867391
2026-04-29,2026-04-30,2026-05-01,B,1,39.29436094444615,39.01553672875103,-0.007095781913575738,0,0.9816272965879265,0.026176641132672183,1.0,0.7852992339801654,0.5168766063566043,0.7897557382568097,-0.000185743736707378,-0.19224104353304863
2026-04-30,2026-05-01,2026-05-04,MTZ,1,406.8800048828125,419.0499877929688,0.02991049637266263,39,0.9849081364829396,0.03333333333333333,1.0,1.0,0.4002316866280996,1.618704340757097,0.000997016545755421,1.0351620192154634
2026-04-30,2026-05-01,2026-05-04,AMAT,1,388.9664595104997,386.6792815657304,-0.005880141819034068,37,0.9835958005249343,0.02496613666313772,1.0,0.7489840998941316,0.5420288467004879,2.11764633984945,-0.0001468044242526358,-0.15242110563368824
2026-04-30,2026-05-01,2026-05-04,TSM,1,392.52077768207727,403.5748660890813,0.028161791771332156,34,0.9822834645669292,0.031756168031823885,1.0,0.9526850409547165,0.4261334758188105,1.919403824791344,0.0008943105915676592,0.9285265743223199
2026-04-30,2026-05-01,2026-05-04,APA,1,40.33000183105469,40.59999847412109,0.006694684622069458,21,0.9789750328515112,0.02803837818259347,1.0,0.8411513454778041,0.48263726860237394,-0.04278959183309349,0.0001877080992467763,0.19488973966040427
2026-04-30,2026-05-01,2026-05-04,CMI,1,664.4331798228333,654.005881887824,-0.015693523820995314,21,0.9763779527559056,0.03229974731351711,1.0,0.9689924194055133,0.41896198539064583,1.558119303893565,-0.0005068968538768102,-0.5262905345221865
2026-04-30,2026-05-01,2026-05-04,NVDA,1,201.27999877929688,199.5,-0.008843396214686217,20,0.9862204724409449,0.03333333333333333,1.0,1.0,0.37953827563655185,1.7812846329402257,-0.00029477987382287387,-0.3060580395678017
2026-04-30,2026-05-01,2026-05-04,ESI,1,42.720001220703125,43.09999847412109,0.008895066539319485,20,0.9835958005249343,0.024951821523350782,1.0,0.7485546457005234,0.5423398147274838,2.0113466029717584,0.00022194811272742928,0.230439763021092
2026-04-30,2026-05-01,2026-05-04,MS,1,190.4900054931641,189.92999267578125,-0.0029398540670573237,16,0.9671916010498687,0.03333333333333333,1.0,1.0,0.3301924413999943,1.3693676436419977,-9.799513556857745e-05,-0.10174439214707501
2026-04-30,2026-05-01,2026-05-04,GS,1,916.4000244140624,922.27001953125,0.006405494282849755,16,0.973753280839895,0.03333333333333333,1.0,1.0,0.3380739220854561,1.4667060309377435,0.00021351647609499185,0.22168553518115997
2026-04-30,2026-05-01,2026-05-04,OVV,1,60.57203767058097,60.88042134190522,0.005091188660374613,10,0.9711286089238845,0.03333333333333333,1.0,1.0,0.3883685576645858,0.18243118778131417,0.00016970628867915376,0.17619918667404919
2026-04-30,2026-05-01,2026-05-04,PR,1,21.23866677165856,21.932741856368207,0.032679785985240795,9,0.9685039370078741,0.03333333333333333,1.0,1.0,0.32313807150338664,0.2094183775176067,0.0010893261995080265,1.1310034051768434
2026-04-30,2026-05-01,2026-05-04,EVR,1,319.44834762314935,312.6159449738393,-0.021388129568196024,8,0.9783464566929134,0.030020956833888925,1.0,0.9006287050166677,0.4507639892014168,1.9191706681055218,-0.0006420921145244362,-0.6666583143711363
2026-04-30,2026-05-01,2026-05-04,AES,1,14.31999969482422,14.270000457763672,-0.0034915669082464795,6,0.9960629921259843,0.030806395402274835,1.0,0.9241918620682451,0.43927132939052116,0.9893811449285018,-0.00010756259074893931,-0.11167789452015031
2026-04-30,2026-05-01,2026-05-04,ZIM,1,26.920000076293945,26.25,-0.024888561455984393,5,0.9881889763779528,0.022586919644706757,1.0,0.6776075893412027,0.599124027311029,1.291897746291274,-0.0005621559376786652,-0.5836638098322605
2026-04-30,2026-05-01,2026-05-04,B,1,39.01553672875103,38.39813962015428,-0.015824391008358973,1,0.9816272965879265,0.02621863713235276,1.0,0.7865591139705828,0.5161353808657317,0.7919064769000129,-0.0004148939656886297,-0.4307676508589355
2026-04-30,2026-05-01,2026-05-04,LBRT,1,33.459999084472656,32.97999954223633,-0.014345473860430391,0,0.9730971128608924,0.0225712068206459,1.0,0.677136204619377,0.599541104275791,1.3081833267936718,-0.0003237946574439439,-0.3361829177638096
2026-05-01,2026-05-04,2026-05-05,AMAT,1,386.6792815657304,403.88792727459423,0.044503666292083466,38,0.9835958005249343,0.025325042854035477,1.0,0.7597512856210643,0.5445941851429537,2.1301785449490764,0.0011270572560087078,1.170930723461491
2026-05-01,2026-05-04,2026-05-05,TSM,1,403.5748660890813,403.6547204596296,0.0001978675513718553,35,0.9822834645669292,0.032403743763422345,1.0,0.9721123129026704,0.4256258529106204,1.9131726213860416,6.411649433749406e-06,0.006661238610564117
2026-05-01,2026-05-04,2026-05-05,APA,1,40.59999847412109,41.7400016784668,0.028078897714056916,22,0.9789750328515112,0.028575380887381298,1.0,0.8572614266214389,0.4826487223795583,-0.03152433313258939,0.0008023651970769964,0.8335992299280582
2026-05-01,2026-05-04,2026-05-05,CMI,1,654.005881887824,681.3599738415593,0.04182545250935088,22,0.9763779527559056,0.032101621881423,1.0,0.96304865644269,0.42963159704977705,1.582036914713475,0.0013426648614745969,1.3949313836817405
2026-05-01,2026-05-04,2026-05-05,NVDA,1,199.5,199.3000030517578,-0.0010024909686324746,21,0.9809711286089239,0.03333333333333333,1.0,1.0,0.3913736980050563,1.747405840802733,-3.341636562108248e-05,-0.034717179596282635
2026-05-01,2026-05-04,2026-05-05,ESI,1,43.09999847412109,43.52000045776367,0.009744825951554681,21,0.9835958005249343,0.02543892478321346,1.0,0.7631677434964038,0.5421562111738606,2.0009545778425966,0.00024789789440710606,0.2575479278405447
2026-05-01,2026-05-04,2026-05-05,MS,1,189.92999267578125,189.33999633789065,-0.0031063884622885007,17,0.9671916010498687,0.03333333333333333,1.0,1.0,0.33355058577162955,1.3770750768491617,-0.00010354628207628335,-0.10757707502163788
2026-05-01,2026-05-04,2026-05-05,GS,1,922.27001953125,909.72998046875,-0.013596928011249454,17,0.973753280839895,0.03333333333333333,1.0,1.0,0.34043007526839353,1.471234004908597,-0.00045323093370831514,-0.4708740592129281
2026-05-01,2026-05-04,2026-05-05,OVV,1,60.88042134190522,62.27310590729916,0.02287573795806397,11,0.9711286089238845,0.03333333333333333,1.0,1.0,0.3877829302653807,0.1897395957276223,0.0007625245986021323,0.7922077384606975
2026-05-01,2026-05-04,2026-05-05,PR,1,21.932741856368207,22.180625023675937,0.011301968943557172,10,0.9685039370078741,0.03333333333333333,1.0,1.0,0.3185847970095982,0.2124696481278212,0.00037673229811857243,0.39139752664338634
2026-05-01,2026-05-04,2026-05-05,EVR,1,312.6159449738393,319.91714246324875,0.023355166640717684,9,0.9783464566929134,0.030687009010474713,1.0,0.9206102703142414,0.4494367982261194,1.9042308341654743,0.000716700209144842,0.7445995222735055
2026-05-01,2026-05-04,2026-05-05,AES,1,14.270000457763672,14.289999961853027,0.0014015068989345902,7,0.9960629921259843,0.031427381688827846,1.0,0.9428214506648354,0.4388488743148055,0.9797120967574757,4.404569225234284e-05,0.045760278831832056
2026-05-01,2026-05-04,2026-05-05,ZIM,1,26.25,25.920000076293945,-0.012571425664992586,6,0.9881889763779528,0.023000767826233705,1.0,0.6900230347870111,0.5996265507742488,1.2905065280041597,-0.00028915244296525013,-0.3004084108654565
2026-05-01,2026-05-04,2026-05-05,B,1,38.39813962015428,38.83629185822252,0.011410767354944173,2,0.9816272965879265,0.02660686555857318,1.0,0.7982059667571955,0.5183576038463448,0.808703602363772,0.00030360475293315535,0.3154233124387251
2026-05-01,2026-05-04,2026-05-05,LBRT,1,32.97999954223633,33.97999954223633,0.030321407334143125,1,0.9730971128608924,0.02700591332151463,1.0,0.8101773996454389,0.510698190896449,1.3032911483069116,0.0008188572982522072,0.8507333265833399
2026-05-04,2026-05-05,2026-05-06,AMAT,1,403.88792727459423,420.4772653225129,0.0410741122168774,39,0.9835958005249343,0.025851914660587894,1.0,0.7755574398176368,0.532568991552863,2.1281101253418733,0.0010618444437901252,1.1093970625525758
2026-05-04,2026-05-05,2026-05-06,TSM,1,403.6547204596296,401.4598431080775,-0.005437511913778281,36,0.9822834645669292,0.032668151788412605,1.0,0.9800445536523782,0.4214480271082692,1.9133758624509787,-0.0001776334645506108,-0.18558843052385463
2026-05-04,2026-05-05,2026-05-06,APA,1,41.7400016784668,39.43000030517578,-0.05534262770484555,23,0.9789750328515112,0.028406462873959263,1.0,0.8521938862187779,0.4846759056764257,-0.035739247485766686,-0.0015720882992450445,-1.64249118734424
2026-05-04,2026-05-05,2026-05-06,CMI,1,681.3599738415593,689.3349296905299,0.011704467763210546,23,0.9763779527559056,0.03190950798939632,1.0,0.9572852396818895,0.4314678911713436,1.5792147902256466,0.0003734838076017986,0.390209546687878
2026-05-04,2026-05-05,2026-05-06,NVDA,1,199.3000030517578,199.88999938964844,0.0029603428442366297,22,0.9809711286089239,0.03333333333333333,1.0,1.0,0.39125613277511173,1.7461090943276847,9.867809480788766e-05,0.10309719955533585
2026-05-04,2026-05-05,2026-05-06,ESI,1,43.52000045776367,44.45000076293945,0.021369492081654506,22,0.9835958005249343,0.02555631156893726,1.0,0.7666893470681178,0.5387290761173209,2.0016031710875035,0.0005461253977087002,0.5705825514712963
2026-05-04,2026-05-05,2026-05-06,MS,1,189.33999633789065,192.1699981689453,0.014946666767671868,18,0.9671916010498687,0.03333333333333333,1.0,1.0,0.3333290271859715,1.3763587688957117,0.0004982222255890623,0.5205341298335779
2026-05-04,2026-05-05,2026-05-06,GS,1,909.72998046875,935.9299926757812,0.028799767809709165,18,0.973753280839895,0.03333333333333333,1.0,1.0,0.3402759420792099,1.470547459135758,0.0009599922603236388,1.0029836290095553
2026-05-04,2026-05-05,2026-05-06,OVV,1,62.27310590729916,59.88564045564944,-0.03833862815841793,12,0.9711286089238845,0.03333333333333333,1.0,1.0,0.3891429948797839,0.1867766181334667,-0.0012779542719472644,-1.3351849450888422
2026-05-04,2026-05-05,2026-05-06,PR,1,22.180625023675937,21.119681436598032,-0.04783199688671702,11,0.9685039370078741,0.03333333333333333,1.0,1.0,0.32045085511234955,0.21288282533465863,-0.0015943998962239007,-1.6658019653908334
2026-05-04,2026-05-05,2026-05-06,EVR,1,319.91714246324875,330.7193942529664,0.03376577980955986,10,0.9783464566929134,0.030595483292676137,1.0,0.9178644987802841,0.4499987134962401,1.903592255236374,0.0010330803520275699,1.079344827411174
2026-05-04,2026-05-05,2026-05-06,AES,1,14.289999961853027,14.43000030517578,0.009797084933273803,8,0.9901574803149606,0.03144042536877615,1.0,0.9432127610632846,0.4379052751039767,0.9776643769106936,0.0003080245176761563,0.3218187909750398
2026-05-04,2026-05-05,2026-05-06,ZIM,1,25.920000076293945,27.209999084472656,0.049768480107317714,7,0.9855643044619422,0.023324634402495475,1.0,0.6997390320748642,0.590274123183125,1.2911692680195903,0.0011608316032710544,1.212817167635568
2026-05-04,2026-05-05,2026-05-06,B,1,38.83629185822252,40.1308345616793,0.03333332410268963,3,0.9875328083989501,0.02981737497363449,1.0,0.8945212492090346,0.4617417909079531,0.8070064519277201,0.0009939122238875851,1.0384226315487728
2026-05-04,2026-05-05,2026-05-06,LBRT,1,33.97999954223633,32.150001525878906,-0.053855151295184034,2,0.9730971128608924,0.02687645669542518,1.0,0.8062937008627554,0.5122672336061137,1.2960777225179836,-0.001447435641610585,-1.5122562051603767
2026-05-04,2026-05-05,2026-05-06,KGC,1,29.508698946039686,30.327555516780993,0.02774966704695081,0,0.9816272965879265,0.024859859675805552,1.0,0.7457957902741665,0.5538216345565047,0.6576194444005465,0.0006898528288375226,0.7207465334321596
2026-05-05,2026-05-06,2026-05-07,TSM,1,401.4598431080775,417.1131700589296,0.038991015464124645,37,0.9822834645669292,0.03278061843923934,1.0,0.9834185531771801,0.4174378423503718,1.9005218407196072,0.0012781496004879505,1.3375539575196513
2026-05-05,2026-05-06,2026-05-07,APA,1,39.43000030517578,36.5,-0.07430890901593967,24,0.9789750328515112,0.028037839517197596,1.0,0.8411351855159279,0.48805010898908924,-0.0641913272481299,-0.002083461265686954,-2.180293965741265
2026-05-05,2026-05-06,2026-05-07,CMI,1,689.3349296905299,710.5782267959352,0.030817090778995082,24,0.9763779527559056,0.03194792996027911,1.0,0.9584378988083735,0.42831791133885816,1.5819238832950122,0.000984542257786898,1.0303006727424258
2026-05-05,2026-05-06,2026-05-07,NVDA,1,199.88999938964844,208.33999633789065,0.04227323514955095,23,0.9809711286089239,0.03333333333333333,1.0,1.0,0.3865561049247418,1.7397751956954401,0.001409107838318365,1.474598720678048
2026-05-05,2026-05-06,2026-05-07,ESI,1,44.45000076293945,44.459999084472656,0.0002249341138715888,23,0.9835958005249343,0.025395112021945245,1.0,0.7618533606583574,0.5388387584335887,2.0027290007301364,5.712227019325985e-06,0.005977713291959974
2026-05-05,2026-05-06,2026-05-07,MS,1,192.1699981689453,193.1600036621093,0.005151717243050635,19,0.9671916010498687,0.03333333333333333,1.0,1.0,0.3333420001133412,1.3780212782430528,0.00017172390810168785,0.17970509304581114
2026-05-05,2026-05-06,2026-05-07,GS,1,935.9299926757812,937.9299926757812,0.0021369119652658863,19,0.973753280839895,0.03333333333333333,1.0,1.0,0.3423171093294907,1.4757244757565784,7.123039884219622e-05,0.07454096283464036
2026-05-05,2026-05-06,2026-05-07,OVV,1,59.88564045564944,58.184572598700164,-0.02840527118031011,13,0.9711286089238845,0.03333333333333333,1.0,1.0,0.3889044537445592,0.16909444135812954,-0.0009468423726770037,-0.9908486160289357
2026-05-05,2026-05-06,2026-05-07,PR,1,21.119681436598032,20.227302006714837,-0.042253451244619766,12,0.9685039370078741,0.03333333333333333,1.0,1.0,0.3159613897235975,0.19934420021501023,-0.001408448374820659,-1.4739086073995558
2026-05-05,2026-05-06,2026-05-07,EVR,1,330.7193942529664,335.82623928556075,0.015441625502882195,11,0.9783464566929134,0.03039552834077926,1.0,0.9118658502233778,0.4501935442203951,1.9028524916641343,0.00046935636560055556,0.4911705672453338
2026-05-05,2026-05-06,2026-05-07,AES,1,14.43000030517578,14.34000015258789,-0.006237016679452645,9,0.9901574803149606,0.0312585179512583,1.0,0.937755538537749,0.43776453680639205,0.9749488209981642,-0.00019495989783696794,-0.2040210182046853
2026-05-05,2026-05-06,2026-05-07,ZIM,1,27.209999084472656,27.809999465942383,0.022050731409694047,8,0.9855643044619422,0.023191777338265638,1.0,0.6957533201479691,0.5900311318360651,1.304926486904738,0.0005113956529995247,0.5351637079624538
2026-05-05,2026-05-06,2026-05-07,B,1,40.1308345616793,42.32160090553474,0.05459060016527517,4,0.9790026246719159,0.029682237754644868,1.0,0.8904671326393461,0.4610120956950269,0.827432071315408,0.001620371173274453,1.6956809082728632
2026-05-05,2026-05-06,2026-05-07,LBRT,1,32.150001525878906,31.950000762939453,-0.00622086324874549,3,0.9730971128608924,0.027082453827167365,1.0,0.812473614815021,0.5052670160360472,1.2757574041592261,-0.0001684762416992721,-0.17630648536514806
2026-05-05,2026-05-06,2026-05-07,KGC,1,30.327555516780993,31.52587766155562,0.03951265192183273,1,0.9816272965879265,0.024631541648569035,1.0,0.7389462494570711,0.555542597675036,0.6817766812000982,0.0009732575314580342,1.0184914679709847
2026-05-05,2026-05-06,2026-05-07,GH,1,89.83000183105469,92.80999755859376,0.03317372444390698,0,0.9717847769028871,0.02464187625438533,1.0,0.7392562876315598,0.5553096075527798,0.841259536958858,0.0008174628126438337,0.8554559026263316
2026-05-06,2026-05-07,2026-05-08,TSM,1,417.1131700589296,415.9758462562264,-0.002726655220554375,38,0.9822834645669292,0.03209597842798366,1.0,0.9628793528395098,0.41773001179883984,1.8773456768872931,-8.751466713946225e-05,-0.09189743123721994
2026-05-06,2026-05-07,2026-05-08,APA,1,36.5,36.209999084472656,-0.007945230562392935,25,0.9789750328515112,0.02741721982713525,1.0,0.8225165948140575,0.48901579124180045,-0.08201826280108597,-0.00021783613290640052,-0.22874544003974204
2026-05-06,2026-05-07,2026-05-08,CMI,1,710.5782267959352,687.550587089149,-0.03240690305220861,25,0.9763779527559056,0.031116559740050422,1.0,0.9334967922015127,0.4308783991361378,1.5954627839195084,-0.0010083913348140716,-1.058891913553292
2026-05-06,2026-05-07,2026-05-08,NVDA,1,208.33999633789065,213.02999877929688,0.022511291753120055,24,0.9809711286089239,0.03333333333333333,1.0,1.0,0.3825292008042526,1.7291116583613637,0.0007503763917706685,0.7879554949902075
2026-05-06,2026-05-07,2026-05-08,ESI,1,44.459999084472656,42.95000076293945,-0.03396307585756475,24,0.9835958005249343,0.024954403784406335,1.0,0.7486321135321901,0.5372780517318974,2.0165595182842866,-0.0008475283087100932,-0.889972812753381
2026-05-06,2026-05-07,2026-05-08,MS,1,193.1600036621093,190.8800048828125,-0.011803679519933885,20,0.9671916010498687,0.03333333333333333,1.0,1.0,0.3326153473124257,1.3680055387832941,-0.0003934559839977962,-0.4131603926081317
2026-05-06,2026-05-07,2026-05-08,GS,1,937.9299926757812,936.0,-0.002057715064932797,20,0.973753280839895,0.03333333333333333,1.0,1.0,0.343799270424213,1.4782420408055303,-6.859050216442656e-05,-0.07202553768657922
2026-05-06,2026-05-07,2026-05-08,OVV,1,58.184572598700164,58.43326686443955,0.0042742303437481866,14,0.9665354330708662,0.03333333333333333,1.0,1.0,0.3835623118407849,0.1439067965922643,0.00014247434479160623,0.14960950811467658
2026-05-06,2026-05-07,2026-05-08,PR,1,20.227302006714837,19.919927201978908,-0.01519603576561468,13,0.9685039370078741,0.03333333333333333,1.0,1.0,0.31415963076000336,0.19277968300492965,-0.0005065345255204893,-0.53190194569462
2026-05-06,2026-05-07,2026-05-08,EVR,1,335.82623928556075,327.93653082136836,-0.023493424697775267,12,0.9783464566929134,0.03020905735283066,1.0,0.9062717205849199,0.4438223043778826,1.8989592340317842,-0.0007097142141095014,-0.7452569417337813
2026-05-06,2026-05-07,2026-05-08,AES,1,14.34000015258789,14.380000114440918,0.0027893975890793676,10,0.9868766404199476,0.03333333333333333,1.0,1.0,0.39574121813517665,0.9669071960517207,9.297991963597892e-05,0.09763638542523413
2026-05-06,2026-05-07,2026-05-08,ZIM,1,27.809999465942383,26.309999465942383,-0.05393743361401282,9,0.9855643044619422,0.02184480569733169,1.0,0.6553441709199507,0.6137593363467007,1.3388713384013635,-0.001178252757110837,-1.2372600532674927
2026-05-06,2026-05-07,2026-05-08,B,1,42.32160090553474,42.19214363818915,-0.0030588934391811984,5,0.9790026246719159,0.029232942290458933,1.0,0.876988268713768,0.45864194285338344,0.8391165538760644,-8.942045538024742e-05,-0.09389866199698689
2026-05-06,2026-05-07,2026-05-08,LBRT,1,31.950000762939453,31.89999961853028,-0.0015649810083000482,4,0.9730971128608924,0.026516840528209552,1.0,0.7955052158462865,0.5056203220422735,1.2586673427274493,-4.1498351826768966e-05,-0.04357660330674823
2026-05-06,2026-05-07,2026-05-08,KGC,1,31.52587766155562,30.717009665730668,-0.025657271290224215,2,0.9816272965879265,0.024642783313294572,1.0,0.7392834993988372,0.5440722047084557,0.6971599436643761,-0.0006322665768154092,-0.6639307005978007
2026-05-06,2026-05-07,2026-05-08,GH,1,92.80999755859376,96.56999969482422,0.04051289985065076,1,0.9645669291338583,0.024135192912231998,1.0,0.72405578736696,0.5555146584563602,0.8793680116824769,0.000977786653329391,1.026754539279863
2026-05-07,2026-05-08,2026-05-11,TSM,1,415.9758462562264,405.7896903250927,-0.02448737354057673,39,0.9822834645669292,0.031112350236761843,1.0,0.9333705071028553,0.42960833194431935,1.9041778483419705,-0.0007618597419728381,-0.7969599728532176
2026-05-07,2026-05-08,2026-05-11,APA,1,36.209999084472656,36.70000076293945,0.013532220128580796,26,0.9789750328515112,0.026002663452342034,1.0,0.780079903570261,0.5140290690828763,-0.17605009223042078,0.0003518737657664951,0.3680852148544466
2026-05-07,2026-05-08,2026-05-11,CMI,1,687.550587089149,680.7917545835918,-0.009830305773094739,26,0.9763779527559056,0.0299406187668902,1.0,0.898218563006706,0.4464211308439497,1.6326033807343625,-0.0002943254375141894,-0.3078855329511328
2026-05-07,2026-05-08,2026-05-11,NVDA,1,213.02999877929688,214.0399932861328,0.004741090515999691,25,0.9809711286089239,0.03333333333333333,1.0,1.0,0.39158882493792,1.757968656757413,0.00015803635053332303,0.16531736577222772
2026-05-07,2026-05-08,2026-05-11,ESI,1,42.95000076293945,44.41999816894531,0.03422578300101642,25,0.9835958005249343,0.025000872047893537,1.0,0.7500261614368061,0.5346263467321283,1.9979529928295685,0.0008556744215473812,0.895096861269651
2026-05-07,2026-05-08,2026-05-11,MS,1,190.8800048828125,192.3600006103516,0.00775353986630356,21,0.9671916010498687,0.03333333333333333,1.0,1.0,0.3335410173071793,1.370665730875568,0.0002584513288767853,0.27035864043970487
2026-05-07,2026-05-08,2026-05-11,GS,1,936.0,932.6500244140624,-0.003579033745659821,21,0.973753280839895,0.03333333333333333,1.0,1.0,0.34155693372825596,1.4757325193611048,-0.00011930112485532736,-0.12479753947866398
2026-05-07,2026-05-08,2026-05-11,OVV,1,58.43326686443955,58.56258452815847,0.0022130829005149177,15,0.9717847769028871,0.03333333333333333,1.0,1.0,0.3913582482121333,0.08439699780858179,7.376943001716392e-05,0.07716811862461204
2026-05-07,2026-05-08,2026-05-11,PR,1,19.919927201978908,19.91992626638281,-4.696784727808989e-08,14,0.9685039370078741,0.03333333333333333,1.0,1.0,0.3318151645618645,0.1318689391590598,-1.565594909269663e-09,-1.6377246462186343e-06
2026-05-07,2026-05-08,2026-05-11,EVR,1,327.93653082136836,339.5666084925062,0.0354644163674247,13,0.9783464566929134,0.03084948682832879,1.0,0.9254846048498637,0.43326895395254095,1.8960353024649341,0.0010940590456012362,1.1444642881698088
2026-05-07,2026-05-08,2026-05-11,AES,1,14.380000114440918,14.359999656677246,-0.0013908524064326633,11,0.979002624671916,0.03333333333333333,1.0,1.0,0.39372035693044605,0.9588360455379124,-4.6361746881088774e-05,-0.04849771486822774
2026-05-07,2026-05-08,2026-05-11,ZIM,1,26.309999465942383,26.61000061035156,0.011402552280455946,10,0.9855643044619422,0.021700215416444325,1.0,0.6510064624933297,0.6159443411770888,1.2926096749310019,0.00024743784078316253,0.2588377413968128
2026-05-07,2026-05-08,2026-05-11,B,1,42.19214363818915,44.02442195708492,0.04342700230185326,6,0.9790026246719159,0.027641088506594313,1.0,0.8292326551978294,0.4835600046971363,0.8950374620478168,0.0012003696142016008,1.2556727734040598
2026-05-07,2026-05-08,2026-05-11,LBRT,1,31.89999961853028,33.58000183105469,0.05266464679041927,5,0.9645669291338583,0.027442568411683035,1.0,0.8232770523504911,0.48705808755103214,1.1859445868279581,0.001445253172423204,1.5118385519069568
2026-05-07,2026-05-08,2026-05-11,KGC,1,30.717009665730668,31.50590423009782,0.025682661592130174,3,0.9816272965879265,0.02380216317356656,1.0,0.7140648952069969,0.5615508468964041,0.7580047895559177,0.0006113029019473732,0.639466711916694
2026-05-07,2026-05-08,2026-05-11,GH,1,96.56999969482422,95.9499969482422,-0.006420241778412716,2,0.9645669291338583,0.024444266089809142,1.0,0.7333279826942742,0.5468000077799459,0.867300101294764,-0.0001569380983924299,-0.16416851520542172
2026-05-08,2026-05-11,2026-05-12,APA,1,36.70000076293945,37.13999938964844,0.011989063148829748,27,0.9789750328515112,0.02569869651980965,1.0,0.7709608955942895,0.5220743839909314,-0.1544064320372903,0.00030810329541860917,0.3238830431501221
2026-05-08,2026-05-11,2026-05-12,CMI,1,680.7917545835918,694.3990692848248,0.019987484586319493,27,0.9763779527559056,0.03333333333333333,1.0,1.0,0.3991420337327874,1.6435146615237959,0.0006662494862106497,0.7003719671285191
2026-05-08,2026-05-11,2026-05-12,NVDA,1,214.0399932861328,218.5500030517578,0.021070874168809706,26,0.9809711286089239,0.03333333333333333,1.0,1.0,0.39121910280053024,1.7589947038974174,0.0007023624722936569,0.7383345076262146
2026-05-08,2026-05-11,2026-05-12,ESI,1,44.41999816894531,44.459999084472656,0.0009005159202215562,26,0.9835958005249343,0.025528826658604935,1.0,0.765864799758148,0.5255482883866582,2.013392765376829,2.298911483065022e-05,0.02416652006452015
2026-05-08,2026-05-11,2026-05-12,MS,1,192.3600006103516,190.1999969482422,-0.011228964728923874,22,0.9671916010498687,0.03333333333333333,1.0,1.0,0.3316847257054071,1.37434214533734,-0.00037429882429746244,-0.39346882705770914
2026-05-08,2026-05-11,2026-05-12,GS,1,932.6500244140624,942.1599731445312,0.010196695954030055,22,0.973753280839895,0.03333333333333333,1.0,1.0,0.3385726315933844,1.4739930037881561,0.00033988986513433517,0.35729758653189675
2026-05-08,2026-05-11,2026-05-12,OVV,1,58.56258452815847,59.59715505595362,0.017666066757994647,16,0.9717847769028871,0.03333333333333333,1.0,1.0,0.39131592746937127,0.09531744980744472,0.0005888688919331549,0.6190282660775169
2026-05-08,2026-05-11,2026-05-12,PR,1,19.91992626638281,20.03890889638281,0.005973045703527413,15,0.9685039370078741,0.03333333333333333,1.0,1.0,0.34994228761950713,0.15084910122396186,0.00019910152345091378,0.2092986614229264
2026-05-08,2026-05-11,2026-05-12,EVR,1,339.5666084925062,333.1431507782931,-0.018916635362734358,14,0.9783464566929134,0.031022036323759404,1.0,0.9306610897127822,0.4324871202821034,1.8879279033111598,-0.0005868325493460568,-0.6168876306354019
2026-05-08,2026-05-11,2026-05-12,AES,1,14.359999656677246,14.350000381469728,-0.0006963283737174697,12,0.9901445466491459,0.03333333333333333,1.0,1.0,0.39332595975981643,0.974498904100872,-2.3210945790582323e-05,-0.02439971226803133
2026-05-08,2026-05-11,2026-05-12,ZIM,1,26.61000061035156,25.65999984741211,-0.03570089218900241,11,0.9855643044619422,0.021675744790148273,1.0,0.6502723437044482,0.6189697878823263,1.25056977828,-0.0007738434278694141,-0.8134764154324905
2026-05-08,2026-05-11,2026-05-12,B,1,44.02442195708492,46.15543672061705,0.04840528662953125,7,0.9790026246719159,0.02901981306553599,1.0,0.8705943919660797,0.4623265878608689,0.9158552727095994,0.0014047123693726855,1.4766557959884918
2026-05-08,2026-05-11,2026-05-12,LBRT,1,33.58000183105469,33.380001068115234,-0.005955948541804257,6,0.9645669291338583,0.02744889440066644,1.0,0.8234668320199932,0.4887858490440245,1.1782564024738333,-0.0001634842025797883,-0.1718571720129507
2026-05-08,2026-05-11,2026-05-12,KGC,1,31.50590423009782,31.17636623409574,-0.010459563185216125,4,0.9816272965879265,0.024303154854228393,1.0,0.7290946456268518,0.5520530661728149,0.7929649417841402,-0.00025420038379789386,-0.2672194523675261
2026-05-08,2026-05-11,2026-05-12,GH,1,95.9499969482422,96.94000244140624,0.010317931471098163,3,0.9724047306176085,0.025458587786730526,1.0,0.7637576336019157,0.5269982477952884,0.8403912928482143,0.00026267996413442224,0.276133320946242
2026-05-11,2026-05-12,2026-05-13,APA,1,37.13999938964844,37.22999954223633,0.0024232674762234563,28,0.9789750328515112,0.025601768434377406,1.0,0.7680530530313222,0.5203210277745285,-0.1605102548052387,6.203993278083108e-05,0.06536642653982437
2026-05-11,2026-05-12,2026-05-13,CMI,1,694.3990692848248,707.7770350678825,0.01926552954173144,28,0.9763779527559056,0.03333333333333333,1.0,1.0,0.3772898434847467,1.6362164124264758,0.0006421843180577147,0.6766173361218862
2026-05-11,2026-05-12,2026-05-13,NVDA,1,218.5500030517578,224.92999267578125,0.02919235660002495,27,0.9809711286089239,0.03333333333333333,1.0,1.0,0.36146678245129127,1.755520733617392,0.000973078553334165,1.025253653944146
2026-05-11,2026-05-12,2026-05-13,ESI,1,44.459999084472656,44.5,0.000899705720896371,27,0.9835958005249343,0.025913508159456877,1.0,0.7774052447837063,0.5140615613544134,2.0229295821326003,2.331453153955814e-05,0.02456462386209778
2026-05-11,2026-05-12,2026-05-13,MS,1,190.1999969482422,190.7100067138672,0.0026814393996219543,23,0.9671916010498687,0.03333333333333333,1.0,1.0,0.3298990324555996,1.3759087164252806,8.93813133207318e-05,0.09417381337037571
2026-05-11,2026-05-12,2026-05-13,GS,1,942.1599731445312,941.8400268554688,-0.0003395880722831812,23,0.973753280839895,0.03333333333333333,1.0,1.0,0.3283346026151555,1.4738097955029532,-1.1319602409439374e-05,-0.01192654353721764
2026-05-11,2026-05-12,2026-05-13,OVV,1,59.59715505595362,58.313891701630624,-0.021532292155861943,17,0.9717847769028871,0.03333333333333333,1.0,1.0,0.3865403476895851,0.09514159504485599,-0.0007177430718620648,-0.7562274438156
2026-05-11,2026-05-12,2026-05-13,PR,1,20.03890889638281,19.9794186701227,-0.0029687358013213982,16,0.9685039370078741,0.03333333333333333,1.0,1.0,0.34813593063799353,0.14288092885082793,-9.895786004404661e-05,-0.10426384103217498
2026-05-11,2026-05-12,2026-05-13,EVR,1,333.1431507782931,337.6615216254274,0.01356285079425601,15,0.9783464566929134,0.030617827605639712,1.0,0.9185348281691914,0.43507784537159716,1.8940760553950502,0.00041526502745954414,0.43753095297323463
2026-05-11,2026-05-12,2026-05-13,AES,1,14.350000381469728,14.43000030517578,0.0055749074271354004,13,0.9848883048620236,0.03333333333333333,1.0,1.0,0.3884911082862724,0.9753569716734874,0.00018583024757118,0.19579420354388385
2026-05-11,2026-05-12,2026-05-13,ZIM,1,25.65999984741211,25.850000381469727,0.007404541511592422,12,0.9855643044619422,0.02151317739196136,1.0,0.6453953217588408,0.6192083215749583,1.253426842636633,0.0001592952150450295,0.16783639997114388
2026-05-11,2026-05-12,2026-05-13,B,1,46.15543672061705,45.65753405510836,-0.010787519323509742,8,0.9790026246719159,0.028753131589093626,1.0,0.8625939476728087,0.46329348242796575,0.9249250603789043,-0.00031017496262876585,-0.3268061069761589
2026-05-11,2026-05-12,2026-05-13,LBRT,1,33.380001068115234,33.68000030517578,0.008987394471569043,7,0.9645669291338583,0.027688155397349846,1.0,0.8306446619204954,0.4811132512603479,1.1949341793975181,0.00024884437474608656,0.2621870594082016
2026-05-11,2026-05-12,2026-05-13,KGC,1,31.17636623409574,31.44598921996361,0.008648313400071661,5,0.9816272965879265,0.024041034405481724,1.0,0.7212310321644517,0.5541000540968116,0.8011520499875606,0.00020791440000051143,0.21906247710191395
2026-05-11,2026-05-12,2026-05-13,GH,1,96.94000244140624,99.13999938964844,0.0226944181229205,4,0.9724047306176085,0.025252840159194587,1.0,0.7575852047758376,0.527510504982565,0.8646368069526293,0.0005730985133640403,0.603827247947435
2026-05-12,2026-05-13,2026-05-14,APA,1,37.22999954223633,36.72999954223633,-0.01343002971119478,29,0.9789750328515112,0.025506939969477192,1.0,0.7652081990843158,0.5231389448568174,-0.1744263110781407,-0.00034255896163174035,-0.36180789123645646
2026-05-12,2026-05-13,2026-05-14,CMI,1,707.7770350678825,707.9664381118923,0.0002676026977785906,29,0.9763779527559056,0.03333333333333333,1.0,1.0,0.3746933281847088,1.6325036728446993,8.920089925953019e-06,0.009421323880640771
2026-05-12,2026-05-13,2026-05-14,NVDA,1,224.92999267578125,229.8500061035156,0.021873532156408082,28,0.9809711286089239,0.03333333333333333,1.0,1.0,0.3602944269404479,1.7604934758123867,0.0007291177385469361,0.7700880169363465
2026-05-12,2026-05-13,2026-05-14,ESI,1,44.5,44.709999084472656,0.0047190805499472965,28,0.9835958005249343,0.026011941145765778,1.0,0.7803582343729734,0.5129826177670929,2.022926678588545,0.0001227524455273571,0.12965009950058162
2026-05-12,2026-05-13,2026-05-14,MS,1,190.7100067138672,195.6199951171875,0.025745835197242828,24,0.9671916010498687,0.03333333333333333,1.0,1.0,0.3297996996757414,1.369869045627574,0.0008581945065747609,0.9064178126168033
2026-05-12,2026-05-13,2026-05-14,GS,1,941.8400268554688,966.9000244140624,0.026607488367490273,24,0.973753280839895,0.03333333333333333,1.0,1.0,0.32727435937939486,1.4688445891546755,0.0008869162789163425,0.9367535067524383
2026-05-12,2026-05-13,2026-05-14,OVV,1,58.313891701630624,57.3091679719381,-0.017229577727950307,18,0.9717847769028871,0.03333333333333333,1.0,1.0,0.38801010918619194,0.08126783849209387,-0.0005743192575983436,-0.6065911646227109
2026-05-12,2026-05-13,2026-05-14,PR,1,19.9794186701227,20.03890919359778,0.0029775903121767033,17,0.9685039370078741,0.03333333333333333,1.0,1.0,0.34970957597519725,0.10985214216447028,9.92530104058901e-05,0.10483019396943963
2026-05-12,2026-05-13,2026-05-14,EVR,1,337.6615216254274,339.03797960013543,0.004076443084429782,16,0.9783464566929134,0.03059208064492069,1.0,0.9177624193476207,0.43618065135997797,1.8812110651222673,0.00012470687558330511,0.13171435207112708
2026-05-12,2026-05-13,2026-05-14,AES,1,14.43000030517578,14.4399995803833,0.0006929504501766992,14,0.9934296977660972,0.03333333333333333,1.0,1.0,0.3885111043111474,0.958984037082597,2.3098348339223306e-05,0.024396281048526928
2026-05-12,2026-05-13,2026-05-14,ZIM,1,25.850000381469727,25.82999992370605,-0.0007737120877573389,13,0.9855643044619422,0.02158881680431836,1.0,0.6476645041295508,0.6180826760033176,1.2386802956063712,-1.670352852187988e-05,-0.017642126196091894
2026-05-12,2026-05-13,2026-05-14,B,1,45.65753405510836,44.482488277730674,-0.025736076240109873,9,0.9790026246719159,0.02707122584495163,1.0,0.8121367753485489,0.4929098423020572,0.9451425219755903,-0.000696707132258908,-0.7358562074431456
2026-05-12,2026-05-13,2026-05-14,LBRT,1,33.68000030517578,33.310001373291016,-0.010985716405350066,8,0.9645669291338583,0.027744869783710092,1.0,0.8323460935113027,0.48094201797238145,1.174211442565925,-0.00030479727114720526,-0.3219243116662308
2026-05-12,2026-05-13,2026-05-14,KGC,1,31.44598921996361,31.156394658950163,-0.009209268596632292,6,0.9816272965879265,0.024609210228223388,1.0,0.7382763068467016,0.5422227506860468,0.8249310761528128,-0.00022663282694269983,-0.2393676837718946
2026-05-12,2026-05-13,2026-05-14,GH,1,99.13999938964844,98.1999969482422,-0.00948156593900873,5,0.9724047306176085,0.025499824355755193,1.0,0.7649947306726558,0.5232849244762299,0.8500104971071084,-0.00024177826606223366,-0.2553641690589429
2026-05-12,2026-05-13,2026-05-14,BBIO,1,65.45999908447266,68.9000015258789,0.05255121432200305,0,0.9671484888304862,0.02826468831451736,1.0,0.8479406494355208,0.4720969682621577,1.2278189168170104,0.001485343693360817,1.5688075036669906
2026-05-12,2026-05-13,2026-05-14,AAP,1,52.0,49.93000030517578,-0.03980768643892729,0,0.966491458607096,0.028829670867616074,1.0,0.8648901260284823,0.46284516127262576,1.3756183957288806,-0.0011476424980355377,-1.2121303443053861
2026-05-13,2026-05-14,2026-05-15,APA,1,36.72999954223633,37.54999923706055,0.02232506684028923,30,0.9789750328515112,0.025481237565212412,1.0,0.7644371269563723,0.5230778981079629,-0.17094689496638496,0.0005688703318166559,0.6012689554089755
2026-05-13,2026-05-14,2026-05-15,NVDA,1,229.8500061035156,229.759994506836,-0.00039161015570765567,29,0.9809711286089239,0.03333333333333333,1.0,1.0,0.35973420792142713,1.7583784712617334,-1.3053671856921856e-05,-0.013797111929881
2026-05-13,2026-05-14,2026-05-15,ESI,1,44.709999084472656,42.52999877929688,-0.04875867478898843,29,0.9835958005249343,0.026069680844572517,1.0,0.7820904253371755,0.5112710150257128,2.0259674358572113,-0.0012711230901532326,-1.343516808429709
2026-05-13,2026-05-14,2026-05-15,MS,1,195.6199951171875,193.8800048828125,-0.008894746333740766,25,0.9671916010498687,0.03333333333333333,1.0,1.0,0.32577475186690735,1.3688546648935294,-0.00029649154445802556,-0.31337749791691855
2026-05-13,2026-05-14,2026-05-15,GS,1,966.9000244140624,953.6500244140624,-0.013703588442899761,25,0.973753280839895,0.03333333333333333,1.0,1.0,0.3270966508283701,1.4689619109501524,-0.00045678628142999204,-0.48280143104576667
2026-05-13,2026-05-14,2026-05-15,OVV,1,57.3091679719381,58.691909344991046,0.024127751666714436,19,0.9789750328515112,0.03333333333333333,1.0,1.0,0.3895229462946838,0.08782124804479707,0.0008042583888904812,0.850062965707516
2026-05-13,2026-05-14,2026-05-15,PR,1,20.03890919359778,20.25704906134217,0.01088581547213563,18,0.9685039370078741,0.03333333333333333,1.0,1.0,0.34756430064072547,0.10970468112692891,0.0003628605157378543,0.3835263522358889
2026-05-13,2026-05-14,2026-05-15,EVR,1,339.03797960013543,335.95590040753734,-0.009090660569158415,17,0.9783464566929134,0.030479012215038664,1.0,0.9143703664511599,0.43730656665521683,1.878326047656505,-0.0002770743545301497,-0.2928544492502245
2026-05-13,2026-05-14,2026-05-15,AES,1,14.4399995803833,14.43000030517578,-0.000692470602360995,15,0.9980289093298291,0.03333333333333333,1.0,1.0,0.38779269111542763,0.9624459401966412,-2.3082353412033166e-05,-0.024396952606252315
2026-05-13,2026-05-14,2026-05-15,ZIM,1,25.82999992370605,25.670000076293945,-0.006194341768668066,14,0.9855643044619422,0.021536479008898397,1.0,0.6460943702669519,0.6188881748633962,1.2435516415515706,-0.00013340431147486237,-0.1410020289709817
2026-05-13,2026-05-14,2026-05-15,B,1,44.482488277730674,41.52495792541216,-0.06648752052387197,10,0.9790026246719159,0.02691105622885363,1.0,0.8073316868656089,0.4952861037282577,0.9543522454986043,-0.0017892494033349782,-1.8911517432694778
2026-05-13,2026-05-14,2026-05-15,LBRT,1,33.310001373291016,33.150001525878906,-0.004803357574773348,9,0.9645669291338583,0.028167104533047015,1.0,0.8450131359914105,0.47319994041855196,1.1773958178165131,-0.0001352966749182441,-0.14300216736319266
2026-05-13,2026-05-14,2026-05-15,KGC,1,31.156394658950163,29.63852013495895,-0.04871791298725192,7,0.9816272965879265,0.024604409541830748,1.0,0.7381322862549224,0.5417188396307772,0.8284387688683027,-0.0011986754831616213,-1.266943124513696
2026-05-13,2026-05-14,2026-05-15,GH,1,98.1999969482422,97.30999755859376,-0.00906313052247365,6,0.9724047306176085,0.025257429471739614,1.0,0.7577228841521885,0.5277129330090516,0.844388182247695,-0.00022891137996454883,-0.24194846982611
2026-05-13,2026-05-14,2026-05-15,BBIO,1,68.9000015258789,68.9000015258789,0.0,1,0.9697766097240472,0.028125253108684457,1.0,0.8437575932605337,0.4739040795577898,1.2213120949513239,0.0,0.0
2026-05-13,2026-05-14,2026-05-15,AAP,1,49.93000030517578,49.84999847412109,-0.0016022798030386198,1,0.9816031537450722,0.02888792736294698,1.0,0.8666378208884093,0.46139247095646463,1.3703741807236152,-4.628654256529664e-05,-0.04892267981150172
2026-05-13,2026-05-14,2026-05-15,NYT,1,77.41999816894531,75.72000122070312,-0.021958111449866813,0,0.9756898817345598,0.03333333333333333,1.0,1.0,0.31166145197165046,0.34146349493099376,-0.0007319370483288937,-0.7736227394183776
2026-05-13,2026-05-14,2026-05-15,PFSI,1,88.03071886445379,86.48614673890359,-0.017545831108439214,0,0.973718791064389,0.03333333333333333,1.0,1.0,0.3079065823849792,0.8935136373005699,-0.0005848610369479738,-0.6181703721867786
2026-05-13,2026-05-14,2026-05-15,AGI,1,43.3074598860062,41.59953284631706,-0.039437248090392285,0,0.9559789750328516,0.02276848619697171,1.0,0.6830545859091514,0.5854000161228872,0.7716236308324891,-0.0008979264387926457,-0.9490656511525741
2026-05-14,2026-05-15,2026-05-18,APA,1,37.54999923706055,38.79999923706055,0.03328894874560451,31,0.9789750328515112,0.025144833151692143,1.0,0.7543449945507643,0.5210220679436103,-0.3085311984149434,0.0008370450620034569,0.8789826278704335
2026-05-14,2026-05-15,2026-05-18,NVDA,1,229.759994506836,229.8699951171875,0.00047876311360295354,30,0.9809711286089239,0.03333333333333333,1.0,1.0,0.36183765802274337,1.7721343208048037,1.5958770453431785e-05,0.01675833551560999
2026-05-14,2026-05-15,2026-05-18,ESI,1,42.52999877929688,42.29999923706055,-0.005407936723202944,30,0.9835958005249343,0.025624243680788708,1.0,0.7687273104236613,0.511274132809388,2.0007606697599654,-0.00013857428840563824,-0.14551712650514415
2026-05-14,2026-05-15,2026-05-18,MS,1,193.8800048828125,192.6199951171875,-0.006498915483247436,26,0.9671916010498687,0.03333333333333333,1.0,1.0,0.3258031662154286,1.3731570607791077,-0.00021663051610824787,-0.22748412118936748
2026-05-14,2026-05-15,2026-05-18,GS,1,953.6500244140624,947.739990234375,-0.006197277857061478,26,0.973753280839895,0.03333333333333333,1.0,1.0,0.3275264603763397,1.4835643691789626,-0.00020657592856871594,-0.2169257794956743
2026-05-14,2026-05-15,2026-05-18,OVV,1,58.691909344991046,59.308667176608765,0.01050839610605303,20,0.9835526315789473,0.03333333333333333,1.0,1.0,0.38749461439907734,-0.024142593052873598,0.0003502798702017677,0.3678295647108095
2026-05-14,2026-05-15,2026-05-18,PR,1,20.25704906134217,20.623915881808177,0.018110575699109344,19,0.9685039370078741,0.03333333333333333,1.0,1.0,0.3460622927053238,0.016372498683765935,0.0006036858566369781,0.6339316779492492
2026-05-14,2026-05-15,2026-05-18,EVR,1,335.95590040753734,333.74159867103424,-0.006591048806754096,18,0.9783464566929134,0.03058335187791772,1.0,0.9175005563375316,0.42837073644145235,1.8435337213340606,-0.00020157636490149023,-0.2116757280827846
2026-05-14,2026-05-15,2026-05-18,AES,1,14.43000030517578,14.479999542236328,0.0034649505199673136,16,0.9980289093298291,0.03333333333333333,1.0,1.0,0.38688682158195237,0.8825944330263141,0.00011549835066557711,0.12128503994724066
2026-05-14,2026-05-15,2026-05-18,ZIM,1,25.670000076293945,25.8799991607666,0.008180720056428337,15,0.9855643044619422,0.02119264068103862,1.0,0.6357792204311586,0.6181869057268246,1.0259102097688084,0.00017337106066805174,0.18205728391485226
2026-05-14,2026-05-15,2026-05-18,B,1,41.52495792541216,40.728316796885906,-0.019184634213409546,11,0.9790026246719159,0.026400630593000806,1.0,0.7920189177900242,0.49623863796135836,1.1620353663211633,-0.00050648644093007,-0.5318623847608547
2026-05-14,2026-05-15,2026-05-18,LBRT,1,33.150001525878906,33.11000061035156,-0.0012066640629296854,10,0.9645669291338583,0.02769187194970329,1.0,0.8307561584910987,0.4730995792045782,1.1623404557224133,-3.3414786716957566e-05,-0.03508893173314021
2026-05-14,2026-05-15,2026-05-18,KGC,1,29.63852013495895,28.679859392129437,-0.03234509477748049,8,0.9816272965879265,0.024194809990742853,1.0,0.7258442997222856,0.5414802997752101,1.0890956705264125,-0.0007825834222737094,-0.8217923553500891
2026-05-14,2026-05-15,2026-05-18,GH,1,97.30999755859376,95.95999908447266,-0.013873173445598241,7,0.9724047306176085,0.02490167838406549,1.0,0.7470503515219648,0.5261096366570611,0.9094579084454342,-0.0003454653033086451,-0.36277377876585
2026-05-14,2026-05-15,2026-05-18,BBIO,1,68.9000015258789,66.20999908447266,-0.03904212455490119,2,0.9697766097240472,0.027268960758358392,1.0,0.8180688227507518,0.48043682643006513,1.2265628304204368,-0.001064638162410541,-1.1179785798950237
2026-05-14,2026-05-15,2026-05-18,AAP,1,49.84999847412109,49.2599983215332,-0.011835509942777156,2,0.9816031537450722,0.02817081851576848,1.0,0.8451245554730544,0.4650561700739529,1.271448244495482,-0.00033341600263954863,-0.3501207849822493
2026-05-14,2026-05-15,2026-05-18,NYT,1,75.72000122070312,74.62999725341797,-0.01439519215151741,1,0.9651315789473685,0.03333333333333333,1.0,1.0,0.31258203428496795,0.33789418353848594,-0.00047983973838391366,-0.5038806312193642
2026-05-14,2026-05-15,2026-05-18,PFSI,1,86.48614673890359,86.05000305175781,-0.005042931192928091,1,0.9631578947368421,0.03333333333333333,1.0,1.0,0.29646943608841547,0.9201536174251689,-0.00016809770643093634,-0.17651972449847256
2026-05-14,2026-05-15,2026-05-18,AGI,1,41.59953284631706,40.26115349825436,-0.03217294177333996,1,0.980921052631579,0.022408024606500355,1.0,0.6722407381950106,0.584657201911105,1.0027375241500742,-0.000720932070920505,-0.7570521528399653
2026-05-14,2026-05-15,2026-05-18,WLK,1,90.64555617414685,89.68134592883295,-0.010637148537777974,0,0.9868421052631579,0.02594255211322789,1.0,0.7782765633968367,0.5050009308880444,0.9724892432598783,-0.0002759547802774509,-0.28978064497641126
2026-05-15,2026-05-18,2026-05-19,APA,1,38.79999923706055,40.86000061035156,0.05309281994323767,32,0.9789750328515112,0.02530462700915777,1.0,0.7591388102747332,0.5101094014603158,-0.3230636378296421,0.0013434940055280023,1.4059924193360298
2026-05-15,2026-05-18,2026-05-19,NVDA,1,229.8699951171875,219.6199951171875,-0.04459042161972715,31,0.9809711286089239,0.03333333333333333,1.0,1.0,0.3687309263285505,1.7690412896879233,-0.0014863473873242383,-1.5554912418507516
2026-05-15,2026-05-18,2026-05-19,ESI,1,42.29999923706055,39.13999938964844,-0.07470448946588915,31,0.9835958005249343,0.02520626238046862,1.0,0.7561878714140585,0.5121000465273279,1.9919015880713475,-0.0018830209624761559,-1.9706177979199981
2026-05-15,2026-05-18,2026-05-19,MS,1,192.6199951171875,191.5500030517578,-0.005554937662513804,27,0.9671916010498687,0.03333333333333333,1.0,1.0,0.30924540702145703,1.3662139115464118,-0.00018516458875046012,-0.1937783176117001
2026-05-15,2026-05-18,2026-05-19,GS,1,947.739990234375,933.219970703125,-0.015320678330413395,27,0.973753280839895,0.03333333333333333,1.0,1.0,0.31679866414428487,1.4803188430482859,-0.0005106892776804465,-0.5344461903815578
2026-05-15,2026-05-18,2026-05-19,OVV,1,59.308667176608765,60.35318435102172,0.01761154354223815,21,0.9697368421052631,0.03333333333333333,1.0,1.0,0.37828364145048665,-0.03267157944060808,0.0005870514514079384,0.6143606797228628
2026-05-15,2026-05-18,2026-05-19,PR,1,20.623915881808177,20.96103681992705,0.016346116811707834,20,0.9685039370078741,0.03333333333333333,1.0,1.0,0.3434570423767058,0.006168131750702233,0.0005448705603902611,0.5702175627698506
2026-05-15,2026-05-18,2026-05-19,AES,1,14.479999542236328,14.510000228881836,0.0020718706901887707,17,0.9677631578947369,0.03333333333333333,1.0,1.0,0.38607141902464825,0.8603415332507426,6.906235633962569e-05,0.07227508948715845
2026-05-15,2026-05-18,2026-05-19,ZIM,1,25.8799991607666,25.739999771118164,-0.005409559280846965,16,0.9855643044619422,0.02087579974606465,1.0,0.6262739923819396,0.6183297547798788,1.0030301531735875,-0.00011292887626142675,-0.11818224963743106
2026-05-15,2026-05-18,2026-05-19,B,1,40.728316796885906,39.91176138966362,-0.020048837551880472,12,0.9790026246719159,0.02618362589790759,1.0,0.7855087769372278,0.49298474505204176,1.1437207879973268,-0.0005249512621463597,-0.5493716325206774
2026-05-15,2026-05-18,2026-05-19,LBRT,1,33.11000061035156,33.08000183105469,-0.0009060337887005776,11,0.9645669291338583,0.027276350454148002,1.0,0.81829051362444,0.4732351624355608,1.1599983309599633,-2.4713295143896436e-05,-0.025862940575962313
2026-05-15,2026-05-18,2026-05-19,KGC,1,28.679859392129437,27.970852519357816,-0.024721420808854866,9,0.9816272965879265,0.02466729495583977,1.0,0.7400188486751932,0.5232891632798238,1.080066917922627,-0.000609810578819458,-0.6381785460323768
2026-05-15,2026-05-18,2026-05-19,GH,1,95.95999908447266,95.06999969482422,-0.009274691518754374,8,0.9724047306176085,0.024895632289463895,1.0,0.7468689686839168,0.5184896686990703,0.9117869365828942,-0.00023089930964911834,-0.24164058615877204
2026-05-15,2026-05-18,2026-05-19,BBIO,1,66.20999908447266,64.55999755859375,-0.024920730232510402,3,0.9697766097240472,0.027152606810104604,1.0,0.8145782043031381,0.47539185567311226,1.2584246928000744,-0.0006766627894240416,-0.7081406753304231
2026-05-15,2026-05-18,2026-05-19,AAP,1,49.2599983215332,50.290000915527344,0.02090951337982272,3,0.9816031537450722,0.0278416202285869,1.0,0.835248606857607,0.4636270458342202,1.2758821360136186,0.0005821547306855807,0.6092361669323983
2026-05-15,2026-05-18,2026-05-19,NYT,1,74.62999725341797,76.9000015258789,0.030416780865645476,2,0.9697368421052632,0.03333333333333333,1.0,1.0,0.3144602298717546,0.32489452633118104,0.0010138926955215158,1.0610582838910274
2026-05-15,2026-05-18,2026-05-19,PFSI,1,86.05000305175781,86.05000305175781,0.0,2,0.9578947368421054,0.03333333333333333,1.0,1.0,0.29541647242057134,0.9174141516233761,0.0,0.0
2026-05-15,2026-05-18,2026-05-19,AGI,1,40.26115349825436,39.50207335094185,-0.018853909571801553,2,0.980921052631579,0.023172440666531666,1.0,0.6951732199959499,0.557046550407676,1.0010134840438714,-0.0004368911008847249,-0.457214973339524
2026-05-15,2026-05-18,2026-05-19,WLK,1,89.68134592883295,90.68531657747845,0.011194865980737934,1,0.9868421052631579,0.0255986659266405,1.0,0.767959977799215,0.5042500329825602,0.9635893591269995,0.000286573634334423,0.2999048419999639
2026-05-18,2026-05-19,2026-05-20,ESI,1,39.13999938964844,40.06999969482422,0.023760866624380705,32,0.9835958005249343,0.024916987835317986,1.0,0.7475096350595396,0.5164122875085051,1.996779624679281,0.0005920492246363072,0.6181731276929231
2026-05-18,2026-05-19,2026-05-20,OVV,1,60.35318435102172,61.16890705982513,0.013515818884701547,22,0.9697368421052631,0.03333333333333333,1.0,1.0,0.38013702694486873,-0.05641416723887765,0.0004505272961567182,0.470406608415572
2026-05-18,2026-05-19,2026-05-20,PR,1,20.96103681992705,21.040360128547864,0.003784321801553414,21,0.9685039370078741,0.03333333333333333,1.0,1.0,0.345312392583206,-0.020329133940188204,0.00012614406005178046,0.13171010939165587
2026-05-18,2026-05-19,2026-05-20,AES,1,14.510000228881836,14.56999969482422,0.004135042384283194,18,0.9605263157894737,0.03333333333333333,1.0,1.0,0.38587791386526926,0.8507519111211027,0.00013783474614277315,0.1439166416950881
2026-05-18,2026-05-19,2026-05-20,ZIM,1,25.739999771118164,25.11000061035156,-0.0244754920889122,17,0.9855643044619422,0.02102310678157497,1.0,0.6306932034472491,0.6120617099816765,0.9960279659777607,-0.0005145508837167946,-0.5372552076894694
2026-05-18,2026-05-19,2026-05-20,B,1,39.91176138966362,39.7026383128228,-0.005239635374623575,13,0.9790026246719159,0.026076154296656197,1.0,0.7822846288996859,0.4934561492262752,1.1872921915761725,-0.00013662954048690234,-0.14265825688720238
2026-05-18,2026-05-19,2026-05-20,LBRT,1,33.08000183105469,33.369998931884766,0.008766538233919707,12,0.9645669291338583,0.027539662650401288,1.0,0.8261898795120386,0.4672329813622703,1.161662618095137,0.00024142750557399343,0.2520803845718335
2026-05-18,2026-05-19,2026-05-20,KGC,1,27.970852519357816,27.78111875971958,-0.006783266956447931,10,0.9816272965879265,0.024190818403244597,1.0,0.7257245520973379,0.5319141531868269,1.143820716497394,-0.00016409277912416158,-0.1713332984522016
2026-05-18,2026-05-19,2026-05-20,GH,1,95.06999969482422,100.83999633789062,0.06069208647931168,9,0.9724047306176085,0.024639676093843307,1.0,0.7391902828152992,0.5222243440559404,0.9390214021692034,0.0014954333523097667,1.5614186695734942
2026-05-18,2026-05-19,2026-05-20,BBIO,1,64.55999755859375,66.87000274658203,0.035780750857243415,4,0.9697766097240472,0.026512095545268996,1.0,0.7953628663580699,0.48534219650375066,1.29183090163692,0.000948622685408703,0.9904802304230503
2026-05-18,2026-05-19,2026-05-20,AAP,1,50.290000915527344,49.0099983215332,-0.025452427335290295,4,0.9816031537450722,0.027198078169673227,1.0,0.8159423450901968,0.47310102594696507,1.309399544085622,-0.0006922571082731531,-0.7228026386686879
2026-05-18,2026-05-19,2026-05-20,PFSI,1,86.05000305175781,85.06999969482422,-0.011388766091549485,3,0.9677631578947368,0.03333333333333333,1.0,1.0,0.2985490643954402,0.928488266865454,-0.00037962553638498284,-0.396376340706075
2026-05-18,2026-05-19,2026-05-20,AGI,1,39.50207335094185,39.002679067609414,-0.01264222965958639,3,0.980921052631579,0.023063748932337376,1.0,0.6919124679701213,0.557907507734655,1.0589810628022127,-0.0002915772108136495,-0.3044429227711197
2026-05-18,2026-05-19,2026-05-20,WLK,1,90.68531657747845,87.94179135127162,-0.030253246388160848,2,0.9730263157894736,0.02536737462683341,1.0,0.7610212388050023,0.5072436101545598,0.9826409804748386,-0.000767445434806371,-0.80130861595054
2026-05-18,2026-05-19,2026-05-20,TSM,1,388.59995521209726,396.0724699406183,0.019229324729187258,0,0.9710526315789474,0.03010506648385938,1.0,0.9031519945157814,0.4274177136515192,1.918568364933627,0.0005789000994119037,0.604443803291918
2026-05-19,2026-05-20,2026-05-21,ESI,1,40.06999969482422,40.36000061035156,0.007237357567656755,33,0.9835958005249343,0.024080145164532385,1.0,0.7224043549359715,0.5314191063015778,2.00830473589863,0.00017427662083680166,0.18222575622736392
2026-05-19,2026-05-20,2026-05-21,OVV,1,61.16890705982513,60.37307970731153,-0.013010324865462386,23,0.9697368421052631,0.03333333333333333,1.0,1.0,0.3775114402509221,-0.046403678158483355,-0.00043367749551541287,-0.453458468494687
2026-05-19,2026-05-20,2026-05-21,PR,1,21.040360128547864,21.000698436994348,-0.0018850291207564984,22,0.9685039370078741,0.03333333333333333,1.0,1.0,0.34277763855309884,-0.015145765860857719,-6.283430402521661e-05,-0.06570031317475093
2026-05-19,2026-05-20,2026-05-21,AES,1,14.56999969482422,14.68000030517578,0.0075498018294835045,19,0.9605263157894737,0.03317902476137592,1.0,0.9953707428412776,0.38568491132520527,0.8540198769531582,0.0002504950618439144,0.26192068595633733
2026-05-19,2026-05-20,2026-05-21,ZIM,1,25.11000061035156,25.100000381469727,-0.000398256815561715,18,0.9855643044619422,0.03333333333333333,1.0,1.0,0.3381019117758173,1.001085171001242,-1.32752271853905e-05,-0.013880739145230256
2026-05-19,2026-05-20,2026-05-21,B,1,39.7026383128228,40.00137874961967,0.00752444798360874,14,0.9790026246719159,0.026062236001244313,1.0,0.7818670800373294,0.4910035049309314,1.184898783112077,0.00019610393912789786,0.20504866593786972
2026-05-19,2026-05-20,2026-05-21,LBRT,1,33.369998931884766,32.290000915527344,-0.0323643407529598,13,0.9645669291338583,0.0275624124599327,1.0,0.8268723737979811,0.4642789974045438,1.1702794488181716,-0.0008920393088268868,-0.9327271601607079
2026-05-19,2026-05-20,2026-05-21,KGC,1,27.78111875971958,28.040000915527344,0.009318636806777025,11,0.9816272965879265,0.024134826272687936,1.0,0.7240447881806381,0.5302150957444152,1.1404141675749468,0.00022490368042983898,0.2351620260242643
2026-05-19,2026-05-20,2026-05-21,GH,1,100.83999633789062,113.44000244140624,0.12495048156582644,10,0.9724047306176085,0.024584015535269767,1.0,0.737520466058093,0.5205272183703752,0.9421752146694031,0.003071784579953716,3.211895349828921
2026-05-19,2026-05-20,2026-05-21,BBIO,1,66.87000274658203,67.58000183105469,0.010617602143121685,5,0.9697766097240472,0.026362760694397705,1.0,0.7908828208319312,0.48540626572798384,1.2948937251440884,0.00027990930444744117,0.2926765760840333
2026-05-19,2026-05-20,2026-05-21,AAP,1,49.0099983215332,57.59000015258789,0.17506635635375956,5,0.9816031537450722,0.02601417673471619,1.0,0.7804253020414857,0.49191059757316086,1.2891819042816626,0.004554207134489506,4.761934418475706
2026-05-19,2026-05-20,2026-05-21,PFSI,1,85.06999969482422,86.01000213623047,0.011049752495337462,4,0.9644736842105264,0.03333333333333333,1.0,1.0,0.2967086518559392,0.9224128074073438,0.00036832508317791537,0.3851251906155223
2026-05-19,2026-05-20,2026-05-21,AGI,1,39.002679067609414,38.80292153512987,-0.005121636186408485,4,0.980921052631579,0.02320421029932523,1.0,0.6961263089797569,0.5514796262349071,1.0524224046851827,-0.00011884352314605656,-0.12426423449129245
2026-05-19,2026-05-20,2026-05-21,WLK,1,87.94179135127162,88.20024093667827,0.0029388710581788047,3,0.9730263157894736,0.025099016288350574,1.0,0.7529704886505172,0.5098466440251478,0.9794306234399711,7.37627725585919e-05,0.07712725290619157
2026-05-19,2026-05-20,2026-05-21,TSM,1,396.0724699406183,398.57659636269995,0.006322394541728782,1,0.9710526315789474,0.02979045667582785,1.0,0.8937137002748354,0.42955532243758243,1.9245602519960885,0.00018834702068286173,0.19693793758627773
2026-05-19,2026-05-20,2026-05-21,YUMC,1,44.77449420588029,44.396982937477944,-0.008431391020666479,0,0.9559210526315789,0.03333333333333333,1.0,1.0,0.24438919100750667,0.5523296001815781,-0.00028104636735554927,-0.29386550290229035
2026-05-20,2026-05-21,2026-05-22,ESI,1,40.36000061035156,40.66999816894531,0.00768081154375011,34,0.9835958005249343,0.024152490801602623,1.0,0.7245747240480787,0.5262189606721963,2.008271474395988,0.00018551073015926777,0.19543619920016106
2026-05-20,2026-05-21,2026-05-22,OVV,1,60.37307970731153,57.9557688715233,-0.04003954821432576,24,0.9888157894736842,0.03333333333333333,1.0,1.0,0.35750291239896353,-0.04883222150044536,-0.001334651607144192,-1.406060108397543
2026-05-20,2026-05-21,2026-05-22,PR,1,21.000698436994348,20.177725710153076,-0.03918787412286928,23,0.9842105263157894,0.03333333333333333,1.0,1.0,0.3356970398904211,-0.019618724722557112,-0.0013062624707623094,-1.3761520545168497
2026-05-20,2026-05-21,2026-05-22,AES,1,14.68000030517578,14.729999542236328,0.003405942508251769,20,0.9605263157894737,0.03295431433975489,1.0,0.9886294301926466,0.38567024870342503,0.8576634692830464,0.000112240500040062,0.11824575702614347
2026-05-20,2026-05-21,2026-05-22,ZIM,1,25.100000381469727,25.1200008392334,0.0007968309744903479,19,0.9888157894736842,0.03333333333333333,1.0,1.0,0.3266796594008427,0.9967523029115182,2.6561032483011596e-05,0.027982140067343543
2026-05-20,2026-05-21,2026-05-22,LBRT,1,32.290000915527344,32.779998779296875,0.015174910185087764,14,0.9645669291338583,0.02741493588229298,1.0,0.8224480764687894,0.46359760467187694,1.170692622366424,0.00041601918974373575,0.4382776627963398
2026-05-20,2026-05-21,2026-05-22,KGC,1,28.040000915527344,28.57999992370605,0.019258166567308388,12,0.9816272965879265,0.023940212144441916,1.0,0.7182063643332575,0.5308849616946614,1.1617734552207892,0.00046104459313436153,0.48571208181114917
2026-05-20,2026-05-21,2026-05-22,GH,1,113.44000244140624,119.05999755859376,0.049541563789108345,11,0.9724047306176085,0.0242819135460432,1.0,0.728457406381296,0.5234142104642803,0.9282519087400259,0.0012029639688629131,1.2673267236211314
2026-05-20,2026-05-21,2026-05-22,BBIO,1,67.58000183105469,70.55999755859375,0.04409582194136141,6,0.9697766097240472,0.02627755572766153,1.0,0.7883266718298458,0.4836636534609358,1.2885681430726315,0.0011587304184211644,1.2207265244410512
2026-05-20,2026-05-21,2026-05-22,AAP,1,57.59000015258789,58.0099983215332,0.007292900986846762,6,0.9816031537450722,0.02578829911370116,1.0,0.7736489734110348,0.4928397391091077,1.2933863632351077,0.00018807151205541068,0.19813399183098668
2026-05-20,2026-05-21,2026-05-22,PFSI,1,86.01000213623047,86.87999725341797,0.010115045873496431,5,0.9644736842105264,0.03333333333333333,1.0,1.0,0.2958277398354187,0.9289814103129995,0.00033716819578321434,0.355207866512487
2026-05-20,2026-05-21,2026-05-22,AGI,1,38.80292153512987,39.02265590649919,0.005662830598216262,5,0.980921052631579,0.022794344541194774,1.0,0.6838303362358432,0.5575724533028376,1.0755743988190407,0.0001290805117341616,0.13598676789465505
2026-05-20,2026-05-21,2026-05-22,WLK,1,88.20024093667827,88.23006276855267,0.00033811508401448975,4,0.9822368421052632,0.024823671813490898,1.0,0.744710154404727,0.5119910826551007,0.9974578441652744,8.393257880766596e-06,0.008842326358780026
2026-05-20,2026-05-21,2026-05-22,TSM,1,398.57659636269995,408.47342232875775,0.024830424205468882,2,0.9710526315789474,0.029570263662961966,1.0,0.887107909888859,0.4298067393691626,1.9279403701964062,0.0007342421906189077,0.7735267006051972
2026-05-20,2026-05-21,2026-05-22,YUMC,1,44.396982937477944,43.910197308153094,-0.010964385350472283,1,0.9559210526315789,0.03333333333333333,1.0,1.0,0.2428561298534788,0.5560013769753206,-0.00036547951168240943,-0.3850339362441055
2026-05-20,2026-05-21,2026-05-22,BP,1,45.72999954223633,44.4900016784668,-0.027115632542796475,0,0.9736842105263157,0.03333333333333333,1.0,1.0,0.2927069866726029,-0.13572073534639523,-0.0009038544180932158,-0.9522137719513821
2026-05-20,2026-05-21,2026-05-22,FTI,1,72.19999694824219,71.45999908447266,-0.010249278324762412,0,0.9717105263157895,0.03333333333333333,1.0,1.0,0.31607693695118316,0.5101396574577488,-0.0003416426108254137,-0.35992167831593747
2026-05-20,2026-05-21,2026-05-22,NYT,1,73.95999908447266,74.26000213623047,0.0040562879322803,0,0.9717105263157895,0.03333333333333333,1.0,1.0,0.31929190869330526,0.3369569884279775,0.00013520959774267668,0.14244378131402266
2026-05-20,2026-05-21,2026-05-22,CHRD,1,148.11000061035156,142.30999755859375,-0.03916010416485305,0,0.9671052631578947,0.029548705952626913,1.0,0.8864611785788074,0.43012031144917956,-0.1567083904935262,-0.0011571304030414834,-1.2190409026756786
2026-05-20,2026-05-21,2026-05-22,DAR,1,59.29999923706055,57.9900016784668,-0.022091021508395592,0,0.9546052631578947,0.03333333333333333,1.0,1.0,0.2981317801897485,0.6585629482567099,-0.0007363673836131864,-0.7757655988134684
2026-05-21,2026-05-22,2026-05-26,ESI,1,40.66999816894531,41.75,0.026555246611231764,35,0.9835958005249343,0.024804798707719546,1.0,0.7441439612315863,0.5184437885048895,2.011894955222413,0.0006586975468254555,0.693072624553936
2026-05-21,2026-05-22,2026-05-26,OVV,1,57.9557688715233,57.69713060734141,-0.004462683684781088,25,0.9861842105263158,0.03333333333333333,1.0,1.0,0.3563929786836549,-0.06405452304390737,-0.00014875612282603626,-0.15651917479028987
2026-05-21,2026-05-22,2026-05-26,PR,1,20.177725710153076,19.95958670541212,-0.010810881656062477,24,0.9743421052631579,0.03333333333333333,1.0,1.0,0.337207366355429,-0.030561454120334914,-0.0003603627218687492,-0.37916876818603956
2026-05-21,2026-05-22,2026-05-26,AES,1,14.729999542236328,14.699999809265137,-0.002036641812864337,21,0.9552631578947368,0.033289392344567494,1.0,0.9986817703370249,0.3863060545540392,0.8591753081988034,-6.779856837379213e-05,-0.07133673405994181
2026-05-21,2026-05-22,2026-05-26,ZIM,1,25.1200008392334,25.26000022888184,0.005573223924012938,20,0.9690789473684212,0.03333333333333333,1.0,1.0,0.32759162094972155,0.9792696446038128,0.00018577413080043126,0.1954690206887914
2026-05-21,2026-05-22,2026-05-26,LBRT,1,32.779998779296875,31.93000030517578,-0.02593039981007972,15,0.9645669291338583,0.027715597015973138,1.0,0.8314679104791941,0.46399483322404544,1.1535465644145568,-0.0007186765115992359,-0.7561816777668021
2026-05-21,2026-05-22,2026-05-26,KGC,1,28.57999992370605,28.959999084472656,0.01329598186777492,13,0.9816272965879265,0.02401756896724919,1.0,0.7205270690174757,0.5354369475389995,1.1799373262917539,0.00031933716149657885,0.3360022300108632
2026-05-21,2026-05-22,2026-05-26,GH,1,119.05999755859376,118.9499969482422,-0.0009239090593583521,12,0.9724047306176085,0.020553463084529714,1.0,0.6166038925358914,0.6256801475373149,1.0286212975194187,-1.898953074498446e-05,-0.01998052668619021
2026-05-21,2026-05-22,2026-05-26,BBIO,1,70.55999755859375,68.48999786376953,-0.029336731383887482,7,0.9697766097240472,0.026737493065230798,1.0,0.8021247919569239,0.48096857038007806,1.3003851785051594,-0.0007843906519332302,-0.8253252049153187
2026-05-21,2026-05-22,2026-05-26,AAP,1,58.0099983215332,56.34000015258789,-0.028788109244357818,7,0.9816031537450722,0.02582133057070269,1.0,0.7746399171210807,0.4980337391955454,1.3062563784667545,-0.0007433472853040652,-0.7821399312380469
2026-05-21,2026-05-22,2026-05-26,PFSI,1,86.87999725341797,86.5,-0.004373817511867162,6,0.9644736842105264,0.03333333333333333,1.0,1.0,0.3013198445695385,0.9436399638513683,-0.00014579391706223872,-0.15340238206337242
2026-05-21,2026-05-22,2026-05-26,AGI,1,39.02265590649919,39.65189563032783,0.016124984556057376,6,0.980921052631579,0.023340939778513266,1.0,0.700228193355398,0.5509586990567368,1.0833193823337182,0.00037637229345239165,0.39601382226121346
2026-05-21,2026-05-22,2026-05-26,WLK,1,88.23006276855267,88.23999786376953,0.00011260442195215603,5,0.9822368421052632,0.025501363872776316,1.0,0.7650409161832895,0.5042825897190438,0.9901463343961918,2.871566337885572e-06,0.0030214231523568447
2026-05-21,2026-05-22,2026-05-26,TSM,1,408.47342232875775,412.1547776294235,0.009012472046964204,3,0.9710526315789474,0.029790987205936276,1.0,0.8937296161780883,0.43167061656046063,1.9291934153571946,0.00026849043944496894,0.282501998725484
2026-05-21,2026-05-22,2026-05-26,YUMC,1,43.910197308153094,44.02940867920828,0.002714890352657262,2,0.9559210526315789,0.03333333333333333,1.0,1.0,0.24192853019158703,0.5555316969178355,9.04963450885754e-05,0.09521902685891984
2026-05-21,2026-05-22,2026-05-26,BP,1,44.4900016784668,42.5,-0.044729188657908314,1,0.9493421052631579,0.03333333333333333,1.0,1.0,0.2963483390598693,-0.14994629967917386,-0.0014909729552636105,-1.568781520780904
2026-05-21,2026-05-22,2026-05-26,FTI,1,71.45999908447266,71.5999984741211,0.0019591294632252954,1,0.968421052631579,0.03333333333333333,1.0,1.0,0.3192616074820375,0.4909129212080905,6.530431544084317e-05,0.06871231495458517
2026-05-21,2026-05-22,2026-05-26,NYT,1,74.26000213623047,74.41000366210938,0.002019950465443454,1,0.9776315789473684,0.03333333333333333,1.0,1.0,0.32027675424396485,0.32639129928605426,6.733168218144847e-05,0.07084548274094858
2026-05-21,2026-05-22,2026-05-26,CHRD,1,142.30999755859375,141.3699951171875,-0.006605315561327485,1,0.9973684210526317,0.02985248669296423,1.0,0.8955746007889268,0.4307813264401249,-0.16893652274568,-0.00019718509489735829,-0.20747548233945792
2026-05-21,2026-05-22,2026-05-26,DAR,1,57.9900016784668,58.959999084472656,0.01672697668443157,1,0.9546052631578947,0.03333333333333333,1.0,1.0,0.30046957712783395,0.6432237042170147,0.0005575658894810524,0.586663266391034
2026-05-21,2026-05-22,2026-05-26,MPC,1,249.0,251.8600006103516,0.011485946226311716,0,0.9809210526315789,0.03333333333333333,1.0,1.0,0.382410538153143,0.0692559985836206,0.00038286487421039056,0.40284522767294045
2026-05-21,2026-05-22,2026-05-26,VLO,1,241.8000030517578,243.259994506836,0.006038012558526207,0,0.9750000000000001,0.03107966020627326,1.0,0.9323898061881978,0.4137720209867548,-0.058668432616445304,0.00018765937864020514,0.19745265289532357
2026-05-22,2026-05-26,2026-05-27,ESI,1,41.75,43.380001068115234,0.039041941751263076,36,0.9835958005249343,0.024929134302703763,1.0,0.7478740290811129,0.5185808017722586,2.0095806786351247,0.0009732818093555746,1.022455703344718
2026-05-22,2026-05-26,2026-05-27,OVV,1,57.69713060734141,54.82222179283043,-0.04982758733837567,26,0.9848684210526315,0.03333333333333333,1.0,1.0,0.3573656438753755,-0.0667447457539913,-0.0016609195779458555,-1.744835543974728
2026-05-22,2026-05-26,2026-05-27,PR,1,19.95958670541212,19.220895552479703,-0.03700934111687393,25,0.986842105263158,0.03333333333333333,1.0,1.0,0.3407833449880136,-0.03445017699267252,-0.0012336447038957977,-1.2959731202974214
2026-05-22,2026-05-26,2026-05-27,AES,1,14.699999809265137,14.670000076293944,-0.002040798187785353,22,0.9552631578947368,0.03333333333333333,1.0,1.0,0.3857227399445512,0.847627360568718,-6.802660625951177e-05,-0.07146356880467768
2026-05-22,2026-05-26,2026-05-27,ZIM,1,25.26000022888184,25.209999084472656,-0.0019794593806856664,21,0.980263157894737,0.03333333333333333,1.0,1.0,0.32745713217236033,0.971775839150654,-6.598197935618888e-05,-0.0693156395837476
2026-05-22,2026-05-26,2026-05-27,LBRT,1,31.93000030517578,31.13999938964844,-0.024741650735258025,16,0.9789473684210526,0.027868384835835182,1.0,0.8360515450750554,0.463886605927767,1.1488280333108476,-0.0006895098441639952,-0.724346500572729
2026-05-22,2026-05-26,2026-05-27,KGC,1,28.959999084472656,28.68000030517578,-0.009668466441596024,14,0.9816272965879265,0.024139989362734076,1.0,0.7241996808820222,0.5355333948134037,1.189049788207298,-0.0002333966770540794,-0.2451887637288265
2026-05-22,2026-05-26,2026-05-27,GH,1,118.9499969482422,123.95999908447266,0.04211855624015204,13,0.9724047306176085,0.02071911607383191,1.0,0.6215734822149572,0.6239537636700685,1.027944070419442,0.0008726592556019273,0.9167493159638143
2026-05-22,2026-05-26,2026-05-27,BBIO,1,68.48999786376953,68.05999755859375,-0.006278293452878669,8,0.9697766097240472,0.026990865454322433,1.0,0.809725963629673,0.47896835601891097,1.3030335851579506,-0.00016945657386940158,-0.17801816365677742
2026-05-22,2026-05-26,2026-05-27,AAP,1,56.34000015258789,55.66999816894531,-0.011892118953283348,8,0.9816031537450722,0.022437507373881536,1.0,0.673125221216446,0.5761678531739695,1.3149197643910178,-0.0002668295067053715,-0.2803107469276592
2026-05-22,2026-05-26,2026-05-27,PFSI,1,86.5,86.83999633789062,0.003930593501625612,7,0.9644736842105264,0.03333333333333333,1.0,1.0,0.2982317295635053,0.9465606245816258,0.0001310197833875204,0.1376394005188056
2026-05-22,2026-05-26,2026-05-27,AGI,1,39.65189563032783,38.922780430432205,-0.018387902729622763,7,0.980921052631579,0.023790292655150227,1.0,0.7137087796545069,0.5434052721241229,1.0886100720765965,-0.0004374535872521612,-0.459555404133904
2026-05-22,2026-05-26,2026-05-27,WLK,1,88.23999786376953,86.91000366210938,-0.01507246411897567,6,0.9809210526315789,0.025641020632894775,1.0,0.7692306189868433,0.5041831461887847,0.9787207374986214,-0.00038647336346322135,-0.40599946579236196
2026-05-22,2026-05-26,2026-05-27,TSM,1,412.1547776294235,426.0222949648963,0.03364638259256414,4,0.9710526315789474,0.030128418145794568,1.0,0.903852544373837,0.42908892168269835,1.931226035420095,0.0010137122838421559,1.0649288789762534
2026-05-22,2026-05-26,2026-05-27,YUMC,1,44.02940867920828,42.84999847412109,-0.02678687360260046,3,0.9559210526315789,0.03333333333333333,1.0,1.0,0.24089016025077276,0.5508228929172279,-0.0008928957867533486,-0.9380082735368357
2026-05-22,2026-05-26,2026-05-27,BP,1,42.5,41.47999954223633,-0.024000010770909963,2,0.9875,0.03333333333333333,1.0,1.0,0.2959635564361569,-0.15326612853884397,-0.0008000003590303321,-0.8404194159448768
2026-05-22,2026-05-26,2026-05-27,FTI,1,71.5999984741211,69.73999786376953,-0.025977662709362193,2,0.9657894736842105,0.03333333333333333,1.0,1.0,0.31632029676033996,0.48475484467328944,-0.0008659220903120731,-0.909671763492605
2026-05-22,2026-05-26,2026-05-27,NYT,1,74.41000366210938,74.66000366210938,0.0033597633072999233,2,0.9782894736842105,0.03333333333333333,1.0,1.0,0.3131250756993196,0.32680269577433646,0.00011199211024333078,0.11765037705135045
2026-05-22,2026-05-26,2026-05-27,CHRD,1,141.3699951171875,134.47000122070312,-0.048808050751962484,2,0.9967105263157895,0.02982197460397419,1.0,0.8946592381192258,0.43349813772766166,-0.1724595942195269,-0.0014555524499945086,-1.5290924886386694
2026-05-22,2026-05-26,2026-05-27,DAR,1,58.959999084472656,59.09000015258789,0.002204902817738885,2,0.9546052631578947,0.03333333333333333,1.0,1.0,0.3033011198322875,0.6390977748536235,7.349676059129618e-05,0.07721009611151392
2026-05-22,2026-05-26,2026-05-27,MPC,1,251.8600006103516,242.67999267578125,-0.03644885218900873,1,0.9842105263157894,0.032980553858197335,1.0,0.98941661574592,0.3919816055778951,0.06455611254069547,-0.0012021033326890763,-1.2628381592084248
2026-05-22,2026-05-26,2026-05-27,VLO,1,243.259994506836,235.97000122070312,-0.029967908619384587,1,0.9671052631578947,0.030390216667243286,1.0,0.9117065000172986,0.42539250692868186,-0.06512348713158586,-0.0009107312360072452,-0.9567448374344352
2026-05-26,2026-05-27,2026-05-28,OVV,1,54.82222179283043,56.175119514027756,0.024677907551974743,27,0.9848684210526315,0.03333333333333333,1.0,1.0,0.35746674051267835,-0.10626298087006021,0.000822596918399158,0.8571037489368205
2026-05-26,2026-05-27,2026-05-28,PR,1,19.220895552479703,19.424159294861056,0.010575144213565535,26,0.986842105263158,0.03333333333333333,1.0,1.0,0.3396230540137663,-0.06537798317115256,0.00035250480711885115,0.3672919080316936
2026-05-26,2026-05-27,2026-05-28,AES,1,14.670000076293944,14.710000038146973,0.002726650418882315,23,0.9552631578947368,0.03333333333333333,1.0,1.0,0.3847313956153642,0.74027364134291,9.088834729607717e-05,0.09470099080086611
2026-05-26,2026-05-27,2026-05-28,ZIM,1,25.209999084472656,25.0,-0.008329991753232457,22,0.993421052631579,0.03333333333333333,1.0,1.0,0.3253095572131589,0.9410940585276285,-0.00027766639177441524,-0.2893141221666104
2026-05-26,2026-05-27,2026-05-28,LBRT,1,31.13999938964844,30.26000022888184,-0.02825944694973659,17,0.9789473684210526,0.027364926299147347,1.0,0.8209477889744204,0.46870669344626553,1.1094126597787484,-0.0007733176830342061,-0.8057573161563065
2026-05-26,2026-05-27,2026-05-28,KGC,1,28.68000030517578,28.18000030517578,-0.017433751557867527,15,0.9816272965879265,0.024669330304106445,1.0,0.7400799091231933,0.519921861029972,1.2307750807913989,-0.0004300789756207643,-0.4481202082069966
2026-05-26,2026-05-27,2026-05-28,BBIO,1,68.05999755859375,66.44999694824219,-0.023655607818168,9,0.9697766097240472,0.02671183742009726,1.0,0.8013551226029179,0.48016629932106725,1.2908609757350207,-0.0006318847501124853,-0.6583914625785346
2026-05-26,2026-05-27,2026-05-28,AAP,1,55.66999816894531,58.33000183105469,0.04778163731992402,9,0.9816031537450722,0.022253226562623574,1.0,0.6675967968787072,0.5763714347660851,1.2322141155212494,0.001063295600813379,1.1078994162277533
2026-05-26,2026-05-27,2026-05-28,PFSI,1,86.83999633789062,86.58999633789062,-0.0028788577906804225,8,0.9644736842105264,0.03333333333333333,1.0,1.0,0.2965751226235318,0.9035825891535216,-9.596192635601408e-05,-0.0999873996549887
2026-05-26,2026-05-27,2026-05-28,AGI,1,38.922780430432205,38.09378194357301,-0.021298542336688486,8,0.980921052631579,0.023826145634112297,1.0,0.714784369023369,0.5383214020026271,1.132178033559102,-0.0005074621715082463,-0.5287495247244326
2026-05-26,2026-05-27,2026-05-28,WLK,1,86.91000366210938,87.44999694824219,0.006213246615800472,7,0.9848684210526315,0.02547259523362804,1.0,0.7641778570088412,0.5035263978576278,0.9578902869677192,0.00015826751613099465,0.16490662483246799
2026-05-26,2026-05-27,2026-05-28,YUMC,1,42.84999847412109,43.27999877929688,0.01003501331360579,4,0.9559210526315789,0.03333333333333333,1.0,1.0,0.2321923082062379,0.5261088873335901,0.00033450044378685964,0.3485322859568848
2026-05-26,2026-05-27,2026-05-28,BP,1,41.47999954223633,41.81999969482422,0.008196725080521938,3,0.9875,0.03333333333333333,1.0,1.0,0.29721984245579486,-0.17544880228508986,0.00027322416935073127,0.2846855545075431
2026-05-26,2026-05-27,2026-05-28,FTI,1,69.73999786376953,68.08999633789062,-0.023659328597945062,3,0.9657894736842105,0.03333333333333333,1.0,1.0,0.3160656387049549,0.4575528988686709,-0.0007886442865981687,-0.8217268500547625
2026-05-26,2026-05-27,2026-05-28,CHRD,1,134.47000122070312,136.19000244140625,0.012790966052570463,3,0.9940789473684211,0.02959986799146085,1.0,0.8879960397438255,0.4333169366084425,-0.2149744246331594,0.0003786109066393428,0.394493123193885
2026-05-26,2026-05-27,2026-05-28,DAR,1,59.09000015258789,59.0,-0.0015231029337533508,3,0.9546052631578947,0.03333333333333333,1.0,1.0,0.3040550716665237,0.5663711214758137,-5.077009779177836e-05,-0.05289983487405533
2026-05-26,2026-05-27,2026-05-28,MPC,1,242.67999267578125,249.88999938964844,0.029709934611295674,2,0.9750000000000001,0.03279402756845036,1.0,0.9838208270535108,0.39111158564779447,0.037645353821439145,0.0009743084146996879,1.0151793377550387
2026-05-26,2026-05-27,2026-05-28,VLO,1,235.97000122070312,243.8699951171875,0.03347880601608977,2,0.9756578947368422,0.030146015884546972,1.0,0.9043804765364092,0.42546664113743976,-0.10719684458811041,0.0010092526179567088,1.0515894031774689
2026-05-27,2026-05-28,2026-05-29,OVV,1,56.175119514027756,54.9316463290453,-0.0221356571332606,28,0.9848684210526315,0.03333333333333333,1.0,1.0,0.36531306967102134,-0.12231317093933716,-0.0007378552377753534,-0.7701667742347208
2026-05-27,2026-05-28,2026-05-29,PR,1,19.424159294861056,19.295257879665183,-0.0066361386991907745,27,0.986842105263158,0.03333333333333333,1.0,1.0,0.3499041548454754,-0.0819438747780161,-0.00022120462330635915,-0.23089143026390518
2026-05-27,2026-05-28,2026-05-29,AES,1,14.710000038146973,14.699999809265137,-0.0006798252111422931,24,0.9552631578947368,0.03333333333333333,1.0,1.0,0.38471390914155507,0.7352257883407495,-2.266084037140977e-05,-0.023653184848177772
2026-05-27,2026-05-28,2026-05-29,ZIM,1,25.0,24.100000381469727,-0.03599998474121091,23,0.9835526315789473,0.03333333333333333,1.0,1.0,0.32371578547337876,0.9388068038399345,-0.001199999491373697,-1.2525488605882429
2026-05-27,2026-05-28,2026-05-29,LBRT,1,30.26000022888184,29.1200008392334,-0.037673475909638654,18,0.9789473684210526,0.02823445663340234,1.0,0.8470336990020702,0.454301364880414,1.1075476574710263,-0.0010636901218002202,-1.110270345660447
2026-05-27,2026-05-28,2026-05-29,KGC,1,28.18000030517578,29.190000534057617,0.03584102973541592,16,0.9816272965879265,0.024355659750620925,1.0,0.7306697925186277,0.5266518056397356,1.2426850065012673,0.0008729319253476772,0.9111586265871483
2026-05-27,2026-05-28,2026-05-29,BBIO,1,66.44999694824219,67.95999908447266,0.02272388571223871,10,0.9697766097240472,0.026620698720899675,1.0,0.7986209616269903,0.4818413040053383,1.2790468185215245,0.0006049257153136634,0.6314161138429172
2026-05-27,2026-05-28,2026-05-29,AAP,1,58.33000183105469,59.04999923706055,0.012343517630793777,10,0.9816031537450722,0.02204075825151651,1.0,0.6612227475454953,0.5819651047771456,1.2362570104252646,0.00027206048807365747,0.2839743323204631
2026-05-27,2026-05-28,2026-05-29,PFSI,1,86.58999633789062,86.18000030517578,-0.004734912230680344,9,0.9644736842105264,0.03333333333333333,1.0,1.0,0.2959282193724801,0.9022932044448145,-0.0001578304076893448,-0.16474198425797756
2026-05-27,2026-05-28,2026-05-29,AGI,1,38.09378194357301,39.35225946488812,0.03303629771334449,9,0.980921052631579,0.02344148315165916,1.0,0.7032444945497748,0.5471902994458636,1.147295514495677,0.0007744198162405609,0.8083325579902263
2026-05-27,2026-05-28,2026-05-29,WLK,1,87.44999694824219,87.5,0.0005717902058637314,8,0.9848684210526315,0.02912430349141658,1.0,0.8737291047424974,0.4404209078851228,0.9552085736013164,1.665299148899488e-05,0.017382245296661172
2026-05-27,2026-05-28,2026-05-29,YUMC,1,43.27999877929688,43.09000015258789,-0.004389986877723295,5,0.9559210526315789,0.03333333333333333,1.0,1.0,0.22942673953737977,0.5217003121848973,-0.00014633289592410985,-0.15274098312033607
2026-05-27,2026-05-28,2026-05-29,BP,1,41.81999969482422,41.63999938964844,-0.004304168017439269,4,0.9875,0.03333333333333333,1.0,1.0,0.3081853052741008,-0.19076179548579894,-0.00014347226724797563,-0.1497550841973655
2026-05-27,2026-05-28,2026-05-29,FTI,1,68.08999633789062,67.91000366210938,-0.0026434525695676614,4,0.9657894736842105,0.03333333333333333,1.0,1.0,0.3144884668412956,0.45677837502104096,-8.811508565225538e-05,-0.09197374742886254
2026-05-27,2026-05-28,2026-05-29,CHRD,1,136.19000244140625,133.3699951171875,-0.020706419514398777,4,0.9940789473684211,0.028918952970227715,1.0,0.8675685891068314,0.44354829161404935,-0.23215033642699084,-0.0005988079721187036,-0.6250304675794788
2026-05-27,2026-05-28,2026-05-29,DAR,1,59.0,59.52999877929688,0.008983030157574179,4,0.9546052631578947,0.03333333333333333,1.0,1.0,0.30264478678403545,0.5692358122046165,0.00029943433858580594,0.3125469154885229
2026-05-27,2026-05-28,2026-05-29,MPC,1,249.88999938964844,250.44000244140625,0.002200980643888073,3,0.9750000000000001,0.032432056161546624,1.0,0.9729616848463987,0.3955022808704907,0.027251947361548567,7.138232785305504e-05,0.07450824276277712
2026-05-27,2026-05-28,2026-05-29,VLO,1,243.8699951171875,245.009994506836,0.004674619315511386,3,0.9756578947368422,0.029934751712565853,1.0,0.8980425513769755,0.4284970294183904,-0.1165360544424001,0.00013993356856059787,0.14606142179108716
2026-05-28,2026-05-29,2026-06-01,OVV,1,54.9316463290453,56.52329226834789,0.028975027068522508,29,0.9848684210526315,0.03333333333333333,1.0,1.0,0.3652227168519256,-0.11958107533999049,0.0009658342356174169,1.0067902115008212
2026-05-28,2026-05-29,2026-06-01,PR,1,19.295257879665183,19.53422052289571,0.01238452705430615,28,0.986842105263158,0.03333333333333333,1.0,1.0,0.3507706761821038,-0.0874782701127892,0.00041281756847687164,0.43032300135063617
2026-05-28,2026-05-29,2026-06-01,AES,1,14.699999809265137,14.6899995803833,-0.0006802876878633235,25,0.9552631578947368,0.03333333333333333,1.0,1.0,0.3844379775924057,0.7579876899483021,-2.2676256262110783e-05,-0.023637837629127873
2026-05-28,2026-05-29,2026-06-01,ZIM,1,24.100000381469727,23.489999771118164,-0.025311228244651263,24,0.9947368421052631,0.03333333333333333,1.0,1.0,0.32355976232962474,0.9349517962890546,-0.000843707608155042,-0.8794848328359969
2026-05-28,2026-05-29,2026-06-01,LBRT,1,29.1200008392334,30.489999771118164,0.04704666526104506,19,0.9789473684210526,0.027253863780086228,1.0,0.8176159134025869,0.4703276867929683,1.1200144683215922,0.001282203406331837,1.3365749432382459
2026-05-28,2026-05-29,2026-06-01,KGC,1,29.190000534057617,29.489999771118164,0.010277465966830768,17,0.9816272965879265,0.024177435008448028,1.0,0.7253230502534408,0.5301739702073316,1.2581899186791294,0.00024848276546458734,0.25901961927915895
2026-05-28,2026-05-29,2026-06-01,BBIO,1,67.95999908447266,66.5,-0.02148321224457217,11,0.9697766097240472,0.026675960153509502,1.0,0.8002788046052851,0.48051678867769804,1.2908851638976733,-0.0005730853138055947,-0.5973868631044253
2026-05-28,2026-05-29,2026-06-01,AAP,1,59.04999923706055,60.7400016784668,0.028619855431692987,11,0.9816031537450722,0.022175651862487194,1.0,0.6652695558746158,0.5780324649460357,1.230320237925514,0.0006346639504079369,0.6615767274543595
2026-05-28,2026-05-29,2026-06-01,PFSI,1,86.18000030517578,83.5,-0.03109770591419725,10,0.9644736842105264,0.03333333333333333,1.0,1.0,0.2954409348197236,0.9010598152252804,-0.0010365901971399083,-1.0805465630973605
2026-05-28,2026-05-29,2026-06-01,AGI,1,39.35225946488812,39.62192872052388,0.006852700691211133,10,0.980921052631579,0.023178170037881717,1.0,0.6953451011364515,0.5530310066286016,1.1671014741719115,0.00015883306183960122,0.16556834084535266
2026-05-28,2026-05-29,2026-06-01,WLK,1,87.5,87.5,0.0,9,0.9848684210526315,0.029122961466867096,1.0,0.8736888440060129,0.44014228163031466,0.9529080775181981,0.0,0.0
2026-05-28,2026-05-29,2026-06-01,YUMC,1,43.09000015258789,43.0,-0.0020886551930653363,6,0.9559210526315789,0.03333333333333333,1.0,1.0,0.2286456889282749,0.5248432515860042,-6.962183976884454e-05,-0.07257413767398996
2026-05-28,2026-05-29,2026-06-01,BP,1,41.63999938964844,42.560001373291016,0.022094188211522647,5,0.9875,0.03333333333333333,1.0,1.0,0.3120039959008008,-0.18747230787856795,0.0007364729403840883,0.7677029039459707
2026-05-28,2026-05-29,2026-06-01,FTI,1,67.91000366210938,68.94000244140625,0.015167114176899421,5,0.9657894736842105,0.03333333333333333,1.0,1.0,0.3342658587774003,0.464432740719009,0.000505570472563314,0.5270090707389397
2026-05-28,2026-05-29,2026-06-01,CHRD,1,133.3699951171875,135.50999450683594,0.01604558347451457,5,0.9940789473684211,0.02861936008137257,1.0,0.8585808024411771,0.4478872578357057,-0.2345055911064883,0.0004592143311728536,0.4786872079660501
2026-05-28,2026-05-29,2026-06-01,DAR,1,59.52999877929688,59.630001068115234,0.001679863780765345,5,0.9546052631578947,0.03333333333333333,1.0,1.0,0.30341433486378966,0.5683191335802302,5.599545935884483e-05,0.0583699337753734
2026-05-28,2026-05-29,2026-06-01,MPC,1,250.44000244140625,252.67999267578125,0.008944219024670685,4,0.9750000000000001,0.032383601696098836,1.0,0.971508050882965,0.395825233652216,0.02755313805345582,0.0002896460263776051,0.30192839868703325
2026-05-28,2026-05-29,2026-06-01,VLO,1,245.009994506836,248.5,0.014244339298030706,4,0.9756578947368422,0.029894570526967947,1.0,0.8968371158090385,0.4287817647788335,-0.11866649913457532,0.00042582840575504003,0.44388556015423475
2026-05-29,2026-06-01,2026-06-02,OVV,1,56.52329226834789,57.66728694388141,0.020239349649032068,30,0.9848684210526315,0.03333333333333333,1.0,1.0,0.3652269166837606,-0.1459365389944822,0.0006746449883010689,0.7058058774922673
2026-05-29,2026-06-01,2026-06-02,PR,1,19.53422052289571,19.47373594411403,-0.0030963395089548262,29,0.986842105263158,0.03333333333333333,1.0,1.0,0.34639334126799853,-0.10000189552030284,-0.00010321131696516088,-0.10797850039792921
2026-05-29,2026-06-01,2026-06-02,AES,1,14.6899995803833,14.6899995803833,0.0,26,0.9552631578947368,0.033321608288163,1.0,0.9996482486448901,0.3842701202048507,0.7691629970003598,0.0,0.0
2026-05-29,2026-06-01,2026-06-02,ZIM,1,23.489999771118164,25.0,0.06428268384823221,25,0.9822368421052632,0.03333333333333333,1.0,1.0,0.3309829781189067,0.990710040309845,0.002142756128274407,2.2417269758087004
2026-05-29,2026-06-01,2026-06-02,LBRT,1,30.489999771118164,29.709999084472656,-0.025582180797009024,20,0.9493421052631579,0.02699155152669712,1.0,0.8097465458009135,0.4743891217089364,1.1292601431855778,-0.0006905027511477506,-0.7223960877734584
2026-05-29,2026-06-01,2026-06-02,KGC,1,29.489999771118164,29.3700008392334,-0.004069139803869692,18,0.9816272965879265,0.02408284533204781,1.0,0.7224853599614344,0.5316854485326113,1.3229639528775399,-9.799646453107317e-05,-0.10252278137227862
2026-05-29,2026-06-01,2026-06-02,BBIO,1,66.5,64.84500122070312,-0.02488719968867481,12,0.9697766097240472,0.02649811993698289,1.0,0.7949435981094868,0.483222902332794,1.3484177987057815,-0.0006594640022461484,-0.689923703356988
2026-05-29,2026-06-01,2026-06-02,AAP,1,60.7400016784668,59.0,-0.028646717655321563,12,0.9816031537450722,0.02217639218705025,1.0,0.6652917656115075,0.577393216818579,1.2461402674595983,-0.0006352808455961076,-0.664623561214232
2026-05-29,2026-06-01,2026-06-02,PFSI,1,83.5,81.9800033569336,-0.018203552611573692,11,0.9644736842105264,0.03333333333333333,1.0,1.0,0.2961652601914399,0.8903089761731249,-0.0006067850870524564,-0.634811624251122
2026-05-29,2026-06-01,2026-06-02,AGI,1,39.62192872052388,39.74178628323881,0.0030250310014019455,11,0.980921052631579,0.023433770430345082,1.0,0.7030131129103525,0.5464122156684791,1.2363986464172037,7.088788203153008e-05,0.07416209213504825
2026-05-29,2026-06-01,2026-06-02,WLK,1,87.5,86.30999755859375,-0.013600027901785716,10,0.9848684210526315,0.029281095737921425,1.0,0.8784328721376428,0.437295739780956,0.9559105988151168,-0.0003982237190305902,-0.41661710428832144
2026-05-29,2026-06-01,2026-06-02,YUMC,1,43.0,43.41999816894531,0.009767399277798017,7,0.9559210526315789,0.03333333333333333,1.0,1.0,0.23049889254174263,0.5110402348041945,0.00032557997592660054,0.3406180503637508
2026-05-29,2026-06-01,2026-06-02,BP,1,42.560001373291016,42.7400016784668,0.004229330342285786,6,0.9875,0.03333333333333333,1.0,1.0,0.3119476085491529,-0.1939198093263194,0.00014097767807619288,0.14748923583048285
2026-05-29,2026-06-01,2026-06-02,FTI,1,68.94000244140625,68.25,-0.010008738279240648,6,0.9657894736842105,0.03333333333333333,1.0,1.0,0.33257281170672687,0.4551911098907264,-0.0003336246093080216,-0.3490342538801751
2026-05-29,2026-06-01,2026-06-02,CHRD,1,135.50999450683594,137.10000610351562,0.011733537459478471,6,0.9940789473684211,0.028625749563090896,1.0,0.8587724868927269,0.4473070091698506,-0.26173783614148693,0.00033588130480417653,0.35139518292065836
2026-05-29,2026-06-01,2026-06-02,DAR,1,59.630001068115234,60.41999816894531,0.013248316060361365,6,0.9546052631578947,0.03333333333333333,1.0,1.0,0.30441490946669014,0.5548215868945297,0.0004416105353453788,0.4620078957292703
2026-05-29,2026-06-01,2026-06-02,MPC,1,252.67999267578125,257.0199890136719,0.017175860628820594,5,0.9750000000000001,0.0324993682196015,1.0,0.9749810465880449,0.39399222581159316,0.0073784441370526345,0.0005582046190645966,0.583987293778434
2026-05-29,2026-06-01,2026-06-02,VLO,1,248.5,254.17999267578125,0.022857113383425443,5,0.9756578947368422,0.029884535028910083,1.0,0.8965360508673025,0.4284657067585079,-0.13650191982010193,0.0006830742055667471,0.7146244282737044
2026-05-29,2026-06-01,2026-06-02,NE,1,46.928001403808594,46.93000030517578,4.259506706860705e-05,0,0.9703947368421053,0.03333333333333333,1.0,1.0,0.3706217254194284,0.7785200112484245,1.4198355689535683e-06,0.0014854157475676576
2026-05-29,2026-06-01,2026-06-02,DINO,1,71.0199966430664,70.13999938964844,-0.012390837721954262,0,0.9631578947368421,0.02900912337528537,1.0,0.8702737012585611,0.4413955656867686,0.04027533530532983,-0.0003594473401993111,-0.37604969985846753
2026-06-01,2026-06-02,2026-06-03,OVV,1,57.66728694388141,58.63221996667894,0.016732762610048857,31,0.9848684210526315,0.03333333333333333,1.0,1.0,0.36273686106277464,-0.14854286826520163,0.0005577587536682952,0.5843516715040155
2026-06-01,2026-06-02,2026-06-03,PR,1,19.47373594411403,19.701789670869182,0.011710835938703479,30,0.986842105263158,0.03333333333333333,1.0,1.0,0.34619219898091247,-0.10774386242620605,0.0003903611979567826,0.408972906325759
2026-06-01,2026-06-02,2026-06-03,AES,1,14.6899995803833,14.6899995803833,0.0,27,0.9552631578947368,0.03333333333333333,1.0,1.0,0.36110569790870833,0.7521706742456121,0.0,0.0
2026-06-01,2026-06-02,2026-06-03,ZIM,1,25.0,25.100000381469727,0.004000015258789125,26,0.9703947368421053,0.03333333333333333,1.0,1.0,0.3353074922222452,0.9764673429686253,0.0001333338419596375,0.13969095582048466
2026-06-01,2026-06-02,2026-06-03,LBRT,1,29.709999084472656,31.670000076293945,0.06597108893367976,21,0.9493421052631579,0.02665076734268213,1.0,0.799523020280464,0.4744255321531502,1.1284841890809987,0.001758180142514891,1.8420069578948235
2026-06-01,2026-06-02,2026-06-03,KGC,1,29.3700008392334,28.51000022888184,-0.02928159978813283,19,0.9816272965879265,0.023608000950398413,1.0,0.7082400285119524,0.53557285538098,1.3378725028992717,-0.0006912800356274258,-0.7242390041205434
2026-06-01,2026-06-02,2026-06-03,BBIO,1,64.84500122070312,63.43000030517578,-0.02182127980399473,13,0.9697766097240472,0.025994158789626718,1.0,0.7798247636888015,0.48640944995255747,1.335001495281507,-0.0005672258122179137,-0.5942701021002404
2026-06-01,2026-06-02,2026-06-03,AAP,1,59.0,57.400001525878906,-0.027118618205442258,13,0.9816031537450722,0.02194831104541484,1.0,0.6584493313624452,0.5760718650596648,1.2809037404174948,-0.0005952078674948963,-0.6235862906238309
2026-06-01,2026-06-02,2026-06-03,PFSI,1,81.9800033569336,83.18000030517578,0.014637678691198808,12,0.9644736842105264,0.03333333333333333,1.0,1.0,0.3008429956076037,0.8858984087233055,0.00048792262303996024,0.511185881822282
2026-06-01,2026-06-02,2026-06-03,AGI,1,39.74178628323881,38.80292309744962,-0.023624081189957846,12,0.980921052631579,0.023148766479073008,1.0,0.6944629943721903,0.5461977635081352,1.2421728693266947,-0.0005468683387489954,-0.5729420215081863
2026-06-01,2026-06-02,2026-06-03,WLK,1,86.30999755859375,86.45999908447266,0.0017379391741620953,11,0.9848684210526315,0.029777293344306066,1.0,0.893318800329182,0.4246122820044516,0.9427367077913189,5.175112460358574e-05,0.05421852362769452
2026-06-01,2026-06-02,2026-06-03,YUMC,1,43.41999816894531,42.900001525878906,-0.011975971096155336,8,0.9559210526315789,0.03333333333333333,1.0,1.0,0.23105258271730392,0.516658485691138,-0.0003991990365385112,-0.4182321168961898
2026-06-01,2026-06-02,2026-06-03,BP,1,42.7400016784668,43.900001525878906,0.027140847025201253,7,0.9875,0.03333333333333333,1.0,1.0,0.30912983523718307,-0.19843622207713132,0.0009046949008400417,0.9478291000008893
2026-06-01,2026-06-02,2026-06-03,FTI,1,68.25,69.33000183105469,0.015824202652815922,7,0.9657894736842105,0.03333333333333333,1.0,1.0,0.3318048763777183,0.4633791141822694,0.0005274734217605307,0.5526223903300962
2026-06-01,2026-06-02,2026-06-03,CHRD,1,137.10000610351562,139.4199981689453,0.016921896149866056,7,0.9901315789473684,0.02833206640178941,1.0,0.8499619920536823,0.44627187793274425,-0.2713469290312272,0.0004794322853621897,0.5022907403637056
2026-06-01,2026-06-02,2026-06-03,DAR,1,60.41999816894531,60.68999862670898,0.0044687266790159885,7,0.9546052631578947,0.03333333333333333,1.0,1.0,0.3051497105752376,0.540678512434215,0.00014895755596719962,0.15605957995300554
2026-06-01,2026-06-02,2026-06-03,MPC,1,257.0199890136719,265.5799865722656,0.03330479310750567,6,0.9750000000000001,0.03214623750898443,1.0,0.964387125269533,0.3933214415935301,-0.006130712457468709,0.001070623789421465,1.121669174684902
2026-06-01,2026-06-02,2026-06-03,VLO,1,254.17999267578125,260.79998779296875,0.026044516909053517,6,0.9782894736842105,0.029506067201075965,1.0,0.885182016032279,0.4285154098198726,-0.15290287325599178,0.0007684712661380923,0.8051105714024533
2026-06-01,2026-06-02,2026-06-03,NE,1,46.93000030517578,47.119998931884766,0.004048553707084235,1,0.9703947368421053,0.03333333333333333,1.0,1.0,0.3714613014638485,0.7831862582835843,0.00013495179023614116,0.14138604491332968
2026-06-01,2026-06-02,2026-06-03,DINO,1,70.13999938964844,73.70999908447266,0.05089819968477349,1,0.9717105263157895,0.028663729526329913,1.0,0.8599118857898974,0.44110814216368555,0.034396402892259224,0.0014589322291414777,1.5284914510134426
2026-06-01,2026-06-02,2026-06-03,WFRD,1,100.12999725341795,103.3550033569336,0.032208191271128284,0,0.9802631578947368,0.030509758108972048,1.0,0.9152927432691614,0.414418378332655,1.1183006582087582,0.0009826641248096288,1.0295157540477302
2026-06-01,2026-06-02,2026-06-03,S,1,17.549999237060547,17.139999389648438,-0.02336181568294926,0,0.9776315789473684,0.024206311414090843,1.0,0.7261893424227253,0.5223350333120819,1.241903704247544,-0.0005655033856200611,-0.5924655533506629
2026-06-02,2026-06-03,2026-06-04,OVV,1,58.63221996667894,58.07514456759901,-0.009501182104251216,32,0.9914473684210526,0.03333333333333333,1.0,1.0,0.3650610516359093,-0.1445322352002065,-0.0003167060701417072,-0.3339374119417483
2026-06-02,2026-06-03,2026-06-04,PR,1,19.701789670869182,19.711703783144014,0.0005032087155762976,31,0.986842105263158,0.03333333333333333,1.0,1.0,0.3449282015173156,-0.1068481953348804,1.6773623852543253e-05,0.017686243069785192
2026-06-02,2026-06-03,2026-06-04,AES,1,14.6899995803833,14.699999809265137,0.0006807507942472313,28,0.9552631578947368,0.03333333333333333,1.0,1.0,0.058396810820422945,0.7454326437302157,2.2691693141574377e-05,0.02392630263412109
2026-06-02,2026-06-03,2026-06-04,ZIM,1,25.100000381469727,24.5,-0.023904397304817637,27,0.9703947368421053,0.03333333333333333,1.0,1.0,0.3527954390784358,0.9812069555106898,-0.0007968132434939213,-0.840166253252464
2026-06-02,2026-06-03,2026-06-04,LBRT,1,31.670000076293945,30.229999542236328,-0.04546891476440207,22,0.9493421052631579,0.026967256263188924,1.0,0.8090176878956677,0.47375147899375397,1.1250223199009493,-0.001226171876460725,-1.2928854279232491
2026-06-02,2026-06-03,2026-06-04,KGC,1,28.51000022888184,28.559999465942383,0.0017537438323094179,20,0.9816272965879265,0.0236885886256364,1.0,0.710657658769092,0.5393220229787372,1.3361457451497643,4.154371619832487e-05,0.04380402643846942
2026-06-02,2026-06-03,2026-06-04,BBIO,1,63.43000030517578,66.0,0.04051710046443935,14,0.9697766097240472,0.026273099201931892,1.0,0.7881929760579568,0.48626838580771276,1.327084016357086,0.0010645097998768557,1.1224276421302866
2026-06-02,2026-06-03,2026-06-04,AAP,1,57.400001525878906,57.41999816894531,0.0003483735633245111,14,0.9816031537450722,0.022132842591692996,1.0,0.6639852777507899,0.5772316631341513,1.2967506078209752,7.710497240168596e-06,0.008130009923756159
2026-06-02,2026-06-03,2026-06-04,PFSI,1,83.18000030517578,81.1500015258789,-0.024404890260268042,13,0.9644736842105264,0.03333333333333333,1.0,1.0,0.3007584854743531,0.8827172453022313,-0.0008134963420089347,-0.857757045682745
2026-06-02,2026-06-03,2026-06-04,AGI,1,38.80292309744962,38.65310443957669,-0.00386101473584044,13,0.980921052631579,0.0233825321814173,1.0,0.701475965442519,0.546381266150574,1.2396327154515256,-9.02803013137155e-05,-0.09519227135916258
2026-06-02,2026-06-03,2026-06-04,WLK,1,86.45999908447266,86.29000091552734,-0.0019662059998314385,12,0.9848684210526315,0.030175119156640364,1.0,0.905253574699211,0.4233878074439311,0.9397677852765274,-5.933050033141486e-05,-0.06255855380674176
2026-06-02,2026-06-03,2026-06-04,YUMC,1,42.900001525878906,42.959999084472656,0.0013985444396209523,9,0.9559210526315789,0.03333333333333333,1.0,1.0,0.22870849040512004,0.5120719351521834,4.661814798736508e-05,0.04915454787921357
2026-06-02,2026-06-03,2026-06-04,BP,1,43.900001525878906,43.41999816894531,-0.010934016862177875,8,0.9875,0.03333333333333333,1.0,1.0,0.3116052780205515,-0.1969648992515691,-0.0003644672287392625,-0.3842971593449814
2026-06-02,2026-06-03,2026-06-04,FTI,1,69.33000183105469,66.80000305175781,-0.0364921204742219,8,0.9657894736842105,0.03333333333333333,1.0,1.0,0.3299548317503009,0.4608468424972788,-0.0012164040158073968,-1.2825861175711595
2026-06-02,2026-06-03,2026-06-04,CHRD,1,139.4199981689453,137.89999389648438,-0.01090234035592974,8,0.9993421052631579,0.028607786742455187,1.0,0.8582336022736556,0.44658391975949413,-0.267985112829328,-0.00031189182789610097,-0.3288612364354214
2026-06-02,2026-06-03,2026-06-04,DAR,1,60.68999862670898,60.630001068115234,-0.0009885905412978513,8,0.9546052631578947,0.03333333333333333,1.0,1.0,0.305945214913838,0.5460739754293344,-3.295301804326171e-05,-0.034745925634178096
2026-06-02,2026-06-03,2026-06-04,MPC,1,265.5799865722656,263.1099853515625,-0.009300404193035905,7,0.9802631578947368,0.03323637195569508,1.0,0.9970911586708523,0.3843914599379187,-0.0029343266860883013,-0.0003091116930980475,-0.3259298400813958
2026-06-02,2026-06-03,2026-06-04,VLO,1,260.79998779296875,255.8600006103516,-0.018941669531590155,7,0.968421052631579,0.030292093827923847,1.0,0.9087628148377154,0.421752870952498,-0.1526020178907666,-0.0005737828307084554,-0.6050012032218355
2026-06-02,2026-06-03,2026-06-04,NE,1,47.119998931884766,46.09999847412109,-0.021646869288731496,2,0.9703947368421053,0.03333333333333333,1.0,1.0,0.37168174478101945,0.7816791106136308,-0.0007215623096243832,-0.7608210670634231
2026-06-02,2026-06-03,2026-06-04,DINO,1,73.70999908447266,71.68000030517578,-0.02754034465487465,2,0.993421052631579,0.031189715824321784,1.0,0.9356914747296535,0.40961506706408524,0.03360224148376866,-0.0008589755234894197,-0.9057106581727957
2026-06-02,2026-06-03,2026-06-04,WFRD,1,103.3550033569336,104.23999786376952,0.00856266729322841,1,0.9802631578947368,0.030949584921127243,1.0,0.9284875476338172,0.41279317870166804,1.1162646737266881,0.0002650109985431314,0.27942971522457566
2026-06-02,2026-06-03,2026-06-04,S,1,17.139999389648438,16.3799991607666,-0.04434073838653885,1,0.9776315789473684,0.0235849705549398,1.0,0.707549116648194,0.5416914771773366,1.2754357306422088,-0.0010457750092308076,-1.102673529116878
2026-06-02,2026-06-03,2026-06-04,SM,1,33.10235165197646,33.26125917480103,0.004800490445369343,0,0.9901315789473684,0.02276642561741876,1.0,0.6829927685225627,0.561167473268816,-0.2590013604049068,0.00010929000865163059,0.11523625873001737
2026-06-02,2026-06-03,2026-06-04,CVE,1,29.40577878245391,28.779279576380162,-0.021305309092768288,0,0.9822368421052632,0.03333333333333333,1.0,1.0,0.3649419846266005,-0.02247364827692579,-0.0007101769697589429,-0.7488162737007914
2026-06-02,2026-06-03,2026-06-04,SU,1,65.80000305175781,64.08000183105469,-0.026139834968551323,0,0.969078947368421,0.03333333333333333,1.0,1.0,0.29886214554732005,-0.24648501462720385,-0.0008713278322850441,-0.9187350313048626
2026-06-02,2026-06-03,2026-06-04,APA,1,38.2400016784668,37.560001373291016,-0.017782433978257184,0,0.9625,0.025161312328201645,1.0,0.7548393698460494,0.507754817095522,-0.5036508548045405,-0.0004474293752825543,-0.47177310981666937
2026-06-03,2026-06-04,2026-06-05,OVV,1,58.07514456759901,58.66206596999133,0.010106240918765996,33,0.9914473684210526,0.03333333333333333,1.0,1.0,0.364717355796113,-0.14790981171623394,0.00033687469729219987,0.3518908035071979
2026-06-03,2026-06-04,2026-06-05,PR,1,19.711703783144014,19.84060430325767,0.006539288614101579,32,0.986842105263158,0.03333333333333333,1.0,1.0,0.3419610666405122,-0.10954921135108281,0.0002179762871367193,0.22769252616062202
2026-06-03,2026-06-04,2026-06-05,AES,1,14.699999809265137,14.720000267028809,0.001360575375726647,29,0.9552631578947368,0.03333333333333333,1.0,1.0,0.05827721374714997,0.7459290694338423,4.5352512524221565e-05,0.04737408953981451
2026-06-03,2026-06-04,2026-06-05,ZIM,1,24.5,25.440000534057617,0.038367368737045604,28,0.9782894736842105,0.03333333333333333,1.0,1.0,0.3499338532487374,0.9835541428288516,0.0012789122912348534,1.335919489932806
2026-06-03,2026-06-04,2026-06-05,LBRT,1,30.229999542236328,31.0,0.025471401568758045,23,0.9493421052631579,0.026257746198858536,1.0,0.7877323859657561,0.48764940924917766,1.1199946366713092,0.0006688215977216559,0.6986341548267146
2026-06-03,2026-06-04,2026-06-05,KGC,1,28.559999465942383,27.920000076293945,-0.022408942633617035,21,0.9816272965879265,0.0248422380204885,1.0,0.7452671406146549,0.515435622649123,1.3369987277621784,-0.0005566882866917868,-0.5815025292241027
2026-06-03,2026-06-04,2026-06-05,BBIO,1,66.0,67.44999694824219,0.021969650730942147,15,0.9697766097240472,0.02626491107008178,1.0,0.7879473321024534,0.4875163821389758,1.3307027532212972,0.0005770309226889527,0.6027519331836054
2026-06-03,2026-06-04,2026-06-05,AAP,1,57.41999816894531,56.040000915527344,-0.024033390759742645,15,0.9816031537450722,0.02216470550135109,1.0,0.6649411650405327,0.5777010852369628,1.2949692073124115,-0.0005326930283885882,-0.5564376882237371
2026-06-03,2026-06-04,2026-06-05,PFSI,1,81.1500015258789,81.37999725341797,0.0028342048455256563,14,0.9644736842105264,0.03333333333333333,1.0,1.0,0.3031868085935807,0.8823016275151553,9.447349485085521e-05,0.09868462749033635
2026-06-03,2026-06-04,2026-06-05,AGI,1,38.65310443957669,37.64432791020153,-0.026098202046153762,14,0.980921052631579,0.023862560757489083,1.0,0.7158768227246725,0.5365968284887274,1.2410442430642974,-0.00062276993198757,-0.6505297474958303
2026-06-03,2026-06-04,2026-06-05,WLK,1,86.29000091552734,84.29000091552734,-0.023177656492991305,13,0.9677631578947369,0.030509756846810423,1.0,0.9152927054043127,0.4196878554745621,0.9388604145938446,-0.0007071446638800615,-0.7386654621695862
2026-06-03,2026-06-04,2026-06-05,YUMC,1,42.959999084472656,42.900001525878906,-0.0013965912447012618,10,0.9559210526315789,0.03333333333333333,1.0,1.0,0.2276040831733602,0.508514384613454,-4.655304149004206e-05,-0.04862813178701186
2026-06-03,2026-06-04,2026-06-05,BP,1,43.41999816894531,43.83000183105469,0.009442737894968856,9,0.9875,0.03333333333333333,1.0,1.0,0.31019986241061936,-0.1975258458410202,0.0003147579298322952,0.32878818661431464
2026-06-03,2026-06-04,2026-06-05,FTI,1,66.80000305175781,68.7300033569336,0.02889221881742099,9,0.9657894736842105,0.03333333333333333,1.0,1.0,0.32846909037137534,0.4606066193454173,0.0009630739605806997,1.006002743897527
2026-06-03,2026-06-04,2026-06-05,CHRD,1,137.89999389648438,139.85000610351562,0.014140770800142644,9,0.9848684210526315,0.028713053168786258,1.0,0.8613915950635878,0.44594959466059014,-0.2701889298009144,0.0004060247038321159,0.42412315446572885
2026-06-03,2026-06-04,2026-06-05,DAR,1,60.630001068115234,60.33000183105469,-0.004948032851319062,9,0.9546052631578947,0.03333333333333333,1.0,1.0,0.30403279521719706,0.5458582220505145,-0.00016493442837730207,-0.1722863396812114
2026-06-03,2026-06-04,2026-06-05,MPC,1,263.1099853515625,265.2900085449219,0.008285596574552079,8,0.9802631578947368,0.03325002242175346,1.0,0.9975006726526038,0.3850997229316439,-0.0021699209737247606,0.0002754962718814603,0.28777644998228014
2026-06-03,2026-06-04,2026-06-05,VLO,1,255.8600006103516,258.44000244140625,0.010083646622762732,8,0.968421052631579,0.03026064692463549,1.0,0.9078194077390647,0.4231427852146768,-0.15296436959643706,0.0003051376701642161,0.3187391062536965
2026-06-03,2026-06-04,2026-06-05,NE,1,46.09999847412109,46.34000015258789,0.005206110334288416,3,0.9703947368421053,0.03333333333333333,1.0,1.0,0.3713658495365111,0.7771211488456055,0.00017353701114294722,0.18127238044346647
2026-06-03,2026-06-04,2026-06-05,DINO,1,71.68000030517578,72.02999877929688,0.0048827911918385425,3,0.9796052631578948,0.030944065367540588,1.0,0.9283219610262177,0.4137974202807827,0.03189764053092427,0.00015109340981630327,0.15782836114516455
2026-06-03,2026-06-04,2026-06-05,WFRD,1,104.23999786376952,102.69000244140624,-0.014869488239907303,2,0.9710526315789474,0.032122356559300826,1.0,0.9636706967790248,0.39861877500954146,1.1090926453064098,-0.00047764300309663285,-0.4989338216858619
2026-06-03,2026-06-04,2026-06-05,S,1,16.3799991607666,16.5,0.00732605893660998,2,0.9776315789473684,0.02348755845916472,1.0,0.7046267537749415,0.5451641320808264,1.2772587921594123,0.00017207123754891303,0.17974127035443258
2026-06-03,2026-06-04,2026-06-05,SM,1,33.26125917480103,33.698253115438824,0.01313822601667658,1,0.9901315789473684,0.02283039221248249,1.0,0.6849117663744747,0.5608565241856563,-0.26178424014887236,0.00029995085293696785,0.31332108793290164
2026-06-03,2026-06-04,2026-06-05,CVE,1,28.779279576380162,29.39583459801293,0.021423573859673306,1,0.9657894736842105,0.03333333333333333,1.0,1.0,0.36690443900447933,-0.026642264935309315,0.0007141191286557768,0.7459508119856643
2026-06-03,2026-06-04,2026-06-05,SU,1,64.08000183105469,64.98999786376953,0.01420093643433451,1,0.969078947368421,0.03333333333333333,1.0,1.0,0.301006345067172,-0.2474548739287113,0.00047336454781115033,0.4944646553154587
2026-06-03,2026-06-04,2026-06-05,APA,1,37.560001373291016,38.02999877929688,0.012513242513885636,1,0.9625,0.025218099514509765,1.0,0.756542985435293,0.5077533465486098,-0.5074535945313374,0.0003155601949643623,0.32962621251598706
2026-06-04,2026-06-05,2026-06-08,OVV,1,58.66206596999133,56.68245720435243,-0.03374597762464715,34,0.9828947368421053,0.03333333333333333,1.0,1.0,0.36515985386006233,-0.15927150421041106,-0.0011248659208215716,-1.180499934030353
2026-06-04,2026-06-05,2026-06-08,PR,1,19.84060430325767,19.295259466242577,-0.02748630176176403,33,0.986842105263158,0.03333333333333333,1.0,1.0,0.34456738599439996,-0.12519539657805678,-0.0009162100587254677,-0.9615242971299188
2026-06-04,2026-06-05,2026-06-08,ZIM,1,25.440000534057617,25.479999542236328,0.0015722880243325132,29,0.9782894736842105,0.03333333333333333,1.0,1.0,0.3469753435797274,0.9944322352239922,5.240960081108377e-05,0.05500169322833934
2026-06-04,2026-06-05,2026-06-08,LBRT,1,31.0,28.89999961853028,-0.06774194778934584,24,0.9493421052631579,0.02642796092766676,1.0,0.7928388278300028,0.48733599146859535,1.1174355180777176,-0.0017902815493408735,-1.878825922069956
2026-06-04,2026-06-05,2026-06-08,KGC,1,27.920000076293945,26.459999084472656,-0.05229229899110688,22,0.9816272965879265,0.024867447989986965,1.0,0.7460234396996089,0.5179179040150687,1.3305000661082698,-0.0013003760254381982,-1.3646904789534868
2026-06-04,2026-06-05,2026-06-08,BBIO,1,67.44999694824219,67.97000122070312,0.007709478072474463,16,0.9697766097240472,0.026495295233459788,1.0,0.7948588570037937,0.4860974911845126,1.302991404208793,0.0002042648976260954,0.2143675025697322
2026-06-04,2026-06-05,2026-06-08,AAP,1,56.040000915527344,56.869998931884766,0.014810813754420282,16,0.9816031537450722,0.022310084257726178,1.0,0.6693025277317853,0.577285876305804,1.2850174410058077,0.0003304305027866063,0.3467730504772571
2026-06-04,2026-06-05,2026-06-08,PFSI,1,81.37999725341797,81.25,-0.0015974103932832051,15,0.9644736842105264,0.03333333333333333,1.0,1.0,0.3127095667769391,0.9110396598672239,-5.324701310944017e-05,-0.05588052255783304
2026-06-04,2026-06-05,2026-06-08,AGI,1,37.64432791020153,35.68670452268861,-0.052003143532877716,15,0.980921052631579,0.0237148895208683,1.0,0.711446685626049,0.5430890382113919,1.246864892256961,-0.0012332488036200517,-1.2942432554567653
2026-06-04,2026-06-05,2026-06-08,WLK,1,84.29000091552734,84.37999725341797,0.0010676988600442083,14,0.9677631578947369,0.031098931483508032,1.0,0.932967944505241,0.41413951948824207,0.9455811290785688,3.320429369353447e-05,0.03484652329596134
2026-06-04,2026-06-05,2026-06-08,YUMC,1,42.900001525878906,42.790000915527344,-0.002564116700210506,11,0.9559210526315789,0.03333333333333333,1.0,1.0,0.2275695499763447,0.510507516786365,-8.547055667368353e-05,-0.08969778944065422
2026-06-04,2026-06-05,2026-06-08,BP,1,43.83000183105469,43.7400016784668,-0.002053391485923317,10,0.9875,0.03333333333333333,1.0,1.0,0.31028823203978556,-0.2043532123248032,-6.844638286411057e-05,-0.07183162807233416
2026-06-04,2026-06-05,2026-06-08,FTI,1,68.7300033569336,67.12000274658203,-0.023425004098870605,10,0.9657894736842105,0.03333333333333333,1.0,1.0,0.33044246407067007,0.47425036317817426,-0.0007808334699623535,-0.8194522055624295
2026-06-04,2026-06-05,2026-06-08,CHRD,1,139.85000610351562,137.27999877929688,-0.018376883890276363,10,0.9967105263157895,0.02884766604010297,1.0,0.8654299812030891,0.44645887550394725,-0.2854130408420632,-0.0005301302093244408,-0.556349575136847
2026-06-04,2026-06-05,2026-06-08,DAR,1,60.33000183105469,60.06999969482422,-0.004309665644608551,10,0.9546052631578947,0.03333333333333333,1.0,1.0,0.3060635752689068,0.5391141031434051,-0.0001436555214869517,-0.15076048664945055
2026-06-04,2026-06-05,2026-06-08,MPC,1,265.2900085449219,265.6499938964844,0.0013569502807020406,9,0.9625,0.03333333333333333,1.0,1.0,0.37823230912033595,-0.005172594153237486,4.5231676023401356e-05,0.047468760119169236
2026-06-04,2026-06-05,2026-06-08,VLO,1,258.44000244140625,260.0,0.006036207800096394,9,0.968421052631579,0.03079705148787629,1.0,0.9239115446362887,0.41819901318306085,-0.15509708962823568,0.00018589740241108912,0.19509158133479854
2026-06-04,2026-06-05,2026-06-08,NE,1,46.34000015258789,46.13999938964844,-0.004315942215815549,4,0.9703947368421053,0.03333333333333333,1.0,1.0,0.37100110696096444,0.76951543266572,-0.00014386474052718496,-0.15098005331834996
2026-06-04,2026-06-05,2026-06-08,DINO,1,72.02999877929688,72.58999633789062,0.007774504624241452,4,0.986842105263158,0.03181757455332485,1.0,0.9545272365997455,0.40478561681666364,0.03858910597027388,0.0002473658804969712,0.2596001889671923
2026-06-04,2026-06-05,2026-06-08,WFRD,1,102.69000244140624,98.91999816894533,-0.03671247621804308,3,0.9710526315789474,0.03251317342886232,1.0,0.9753952028658696,0.39612548339389964,1.1050896282888425,-0.001193639106280218,-1.252674527814555
2026-06-04,2026-06-05,2026-06-08,S,1,16.5,15.9350004196167,-0.03424239881110913,3,0.9776315789473684,0.02299763913600772,1.0,0.6899291740802316,0.5600268995008487,1.3156333133363531,-0.0007874943310091475,-0.8264425018108771
2026-06-04,2026-06-05,2026-06-08,SM,1,33.698253115438824,32.5,-0.03555831548104327,2,0.9901315789473684,0.022806228216797782,1.0,0.6841868465039335,0.5647271621921075,-0.289886115099918,-0.0008109510578655664,-0.8510593596905665
2026-06-04,2026-06-05,2026-06-08,CVE,1,29.39583459801293,28.640054825369702,-0.025710437651405016,2,0.9736842105263158,0.03333333333333333,1.0,1.0,0.36566080340897106,-0.032582549024144404,-0.0008570145883801672,-0.8994011164520969
2026-06-04,2026-06-05,2026-06-08,SU,1,64.98999786376953,63.459999084472656,-0.02354206538833903,2,0.969078947368421,0.03333333333333333,1.0,1.0,0.3004795313795178,-0.2565590406033035,-0.0007847355129446343,-0.8235472371549962
2026-06-04,2026-06-05,2026-06-08,APA,1,38.02999877929688,37.29999923706055,-0.019195360653909366,2,0.9618421052631579,0.025491980919540875,1.0,0.7647594275862263,0.5052293339551794,-0.5166082633193699,-0.0004893277675331632,-0.5135291118698113
2026-06-05,2026-06-08,2026-06-09,OVV,1,56.68245720435243,57.08036639580388,0.007019970747155435,35,0.9828947368421053,0.016666666666666666,0.5,1.0,0.36386569185907064,-0.1715474301216542,0.00011699951245259058,0.12130920447643595
2026-06-05,2026-06-08,2026-06-09,PR,1,19.295259466242577,19.334921813610322,0.0020555487961764207,34,0.986842105263158,0.016666666666666666,0.5,1.0,0.34322210189204677,-0.13890067766438302,3.4259146602940344e-05,0.03552108665519713
2026-06-05,2026-06-08,2026-06-09,ZIM,1,25.479999542236328,25.700000762939453,0.008634270983343129,30,0.9782894736842105,0.016666666666666666,0.5,1.0,0.3553743982426151,1.0068015440630709,0.00014390451638905213,0.1492052576782821
2026-06-05,2026-06-08,2026-06-09,LBRT,1,28.89999961853028,28.440000534057617,-0.015916923548252138,25,0.9493421052631579,0.013102668337716207,0.5,0.7861601002629724,0.48763954636238743,1.1013832928798486,-0.00020855417020953278,-0.21623628977610718
2026-06-05,2026-06-08,2026-06-09,KGC,1,26.459999084472656,26.239999771118164,-0.00831441122322607,23,0.9816272965879265,0.012418876682173514,0.5,0.7451326009304109,0.5144893059057656,1.3393459476804952,-0.000103255647666124,-0.10705908267055618
2026-06-05,2026-06-08,2026-06-09,BBIO,1,67.97000122070312,67.80000305175781,-0.0025010764439052924,17,0.9697766097240472,0.013061824602537641,0.5,0.7837094761522585,0.4891643731840821,1.2907887702664447,-3.26686218278295e-05,-0.03387197469631661
2026-06-05,2026-06-08,2026-06-09,AAP,1,56.869998931884766,59.02999877929688,0.03798135902902389,17,0.9816031537450722,0.011030050447992351,0.5,0.6618030268795411,0.5792701741907009,1.2670942586733056,0.0004189363061734433,0.43436787865923915
2026-06-05,2026-06-08,2026-06-09,PFSI,1,81.25,80.22000122070312,-0.012676908052884572,16,0.9644736842105264,0.016666666666666666,0.5,1.0,0.31058524009750266,0.9085075202004389,-0.00021128180088140954,-0.21906439307307585
2026-06-05,2026-06-08,2026-06-09,AGI,1,35.68670452268861,36.266002154184804,0.016232869894946322,16,0.980921052631579,0.011884392218406318,0.5,0.7130635331043791,0.5376277664788781,1.2580448991068156,0.00019291779266190226,0.20002394425915573
2026-06-05,2026-06-08,2026-06-09,WLK,1,84.37999725341797,85.62999725341797,0.014813937434080326,15,0.9677631578947369,0.01541053750596527,0.5,0.9246322503579162,0.4146110570035264,0.9360867691394285,0.00022829073843891779,0.23669985702363533
2026-06-05,2026-06-08,2026-06-09,YUMC,1,42.790000915527344,42.59999847412109,-0.004440346747861645,12,0.9559210526315789,0.016666666666666666,0.5,1.0,0.22743395870047586,0.5151344520836415,-7.400577913102742e-05,-0.076731791482307
2026-06-05,2026-06-08,2026-06-09,BP,1,43.7400016784668,43.38999938964844,-0.008001881010230139,11,0.9875,0.016666666666666666,0.5,1.0,0.30990982924795346,-0.20244743993555073,-0.00013336468350383564,-0.138277188699035
2026-06-05,2026-06-08,2026-06-09,FTI,1,67.12000274658203,69.19000244140625,0.03084028024610941,11,0.9657894736842105,0.016666666666666666,0.5,1.0,0.33059180840171276,0.4716309398819314,0.0005140046707684901,0.5329380986383527
2026-06-05,2026-06-08,2026-06-09,CHRD,1,137.27999877929688,137.41000366210938,0.000947005273663315,11,0.9967105263157895,0.014579180067276619,0.5,0.8747508040365971,0.4382536750939712,-0.3001605457795378,1.3806560409398042e-05,0.014315126830110545
2026-06-05,2026-06-08,2026-06-09,DAR,1,60.06999969482422,58.619998931884766,-0.024138517900881395,11,0.9546052631578947,0.016666666666666666,0.5,1.0,0.30758780593589513,0.5380727355229309,-0.00040230863168135657,-0.41712772164793954
2026-06-05,2026-06-08,2026-06-09,MPC,1,265.6499938964844,264.3500061035156,-0.0048936112284471145,10,0.9625,0.016666666666666666,0.5,1.0,0.376400083530374,-0.011794200412019392,-8.156018714078523e-05,-0.08456446707850214
2026-06-05,2026-06-08,2026-06-09,VLO,1,260.0,257.5,-0.009615384615384581,10,0.968421052631579,0.015262823465153818,0.5,0.9157694079092291,0.4186236746384563,-0.1637338787575649,-0.0001467579179341708,-0.15216376463471443
2026-06-05,2026-06-08,2026-06-09,NE,1,46.13999938964844,46.86000061035156,0.015604708067348927,5,0.9703947368421053,0.016666666666666666,0.5,1.0,0.37015295136151033,0.7567694788009321,0.0002600784677891488,0.2696584914551363
2026-06-05,2026-06-08,2026-06-09,DINO,1,72.58999633789062,72.16000366210938,-0.005923580348175306,5,0.986842105263158,0.01576387004091548,0.5,0.9458322024549287,0.4053179344765575,0.026368649072000448,-9.337855078555638e-05,-0.09681816166155743
2026-06-05,2026-06-08,2026-06-09,WFRD,1,98.91999816894533,103.58999633789062,0.04720984892225144,4,0.9710526315789474,0.01618982145336135,0.5,0.9713892872016808,0.3946540894689224,1.0832184084033467,0.0007643190248914145,0.7924728140500022
2026-06-05,2026-06-08,2026-06-09,S,1,15.9350004196167,15.609999656677246,-0.020395403475444107,4,0.9776315789473684,0.011477573985422092,0.5,0.6886544391253255,0.5566837776394239,1.301858898935099,-0.00023408975235194462,-0.2427124783567552
2026-06-05,2026-06-08,2026-06-09,SM,1,32.5,31.950000762939453,-0.01692305344801681,3,0.9901315789473684,0.011396051664563756,0.5,0.6837630998738253,0.5606660475407151,-0.31035966342118515,-0.0001928559914157734,-0.1999598665562116
2026-06-05,2026-06-08,2026-06-09,CVE,1,28.640054825369702,28.391444182419157,-0.00868052259209795,3,0.9736842105263158,0.016666666666666666,0.5,1.0,0.36422784739470887,-0.034835815990697176,-0.00014467537653496584,-0.1500045125563849
2026-06-05,2026-06-08,2026-06-09,SU,1,63.459999084472656,62.93999862670898,-0.00819414537134644,3,0.969078947368421,0.016666666666666666,0.5,1.0,0.3005136722539411,-0.2591656572883204,-0.00013656908952244066,-0.14159962942368326
2026-06-05,2026-06-08,2026-06-09,APA,1,37.29999923706055,37.09999847412109,-0.005361950858721265,3,0.9618421052631579,0.012787686645250809,0.5,0.7672611987150485,0.49965090806425777,-0.5354293749307181,-6.856694738856103e-05,-0.07109261967612417
2026-06-05,2026-06-08,2026-06-09,MRNA,1,48.220001220703125,48.41999816894531,0.004147593180821474,0,0.9763157894736842,0.011802229528952272,0.5,0.7081337717371363,0.5413705290739212,1.7307874300131247,4.895084671277228e-05,0.050753957419955746
2026-06-08,2026-06-09,2026-06-10,OVV,1,57.08036639580388,56.71229582362579,-0.006448286782636203,36,0.9828947368421053,0.03333333333333333,1.0,1.0,0.37482828220386705,-0.08098570790229628,-0.0002149428927545401,-0.2229582311562744
2026-06-08,2026-06-09,2026-06-10,PR,1,19.334921813610322,19.225851179225682,-0.005641121046988773,35,0.986842105263158,0.03333333333333333,1.0,1.0,0.3577284650437138,-0.039738020256021744,-0.0001880373682329591,-0.19504938486325474
2026-06-08,2026-06-09,2026-06-10,ZIM,1,25.700000762939453,25.68000030517578,-0.0007782279054447949,31,0.9782894736842105,0.03333333333333333,1.0,1.0,0.3530905625849651,0.975634975399159,-2.5940930181493163e-05,-0.026908281700754027
2026-06-08,2026-06-09,2026-06-10,LBRT,1,28.440000534057617,28.030000686645508,-0.01441630941325489,26,0.9493421052631579,0.024403758291089137,1.0,0.7321127487326741,0.5221875202085182,1.231928190890242,-0.0003518121303706254,-0.3649313977379622
2026-06-08,2026-06-09,2026-06-10,KGC,1,26.239999771118164,24.36000061035156,-0.07164631010537892,24,0.9816272965879265,0.02361038181494211,1.0,0.7083114544482633,0.5397345170304332,1.4306969513296353,-0.0016915967372197415,-1.7546773076648854
2026-06-08,2026-06-09,2026-06-10,BBIO,1,67.80000305175781,67.0999984741211,-0.010324550827856771,18,0.9763157894736842,0.026086904145911225,1.0,0.7826071243773367,0.4884956050942232,1.225964332707899,-0.000269335567795888,-0.27937923889308774
2026-06-08,2026-06-09,2026-06-10,AAP,1,59.02999877929688,59.9900016784668,0.016262966610573804,18,0.9816031537450722,0.02202852097219058,1.0,0.6608556291657174,0.5784926751042182,1.1762476703965352,0.0003582491010510602,0.37160840658678923
2026-06-08,2026-06-09,2026-06-10,PFSI,1,80.22000122070312,81.54000091552734,0.01645474538441616,17,0.9644736842105264,0.03333333333333333,1.0,1.0,0.3063863587403387,0.8701034214868878,0.0005484915128138719,0.5689450622629475
2026-06-08,2026-06-09,2026-06-10,AGI,1,36.266002154184804,33.78900725019004,-0.06830074330950042,17,0.980921052631579,0.022826405684955108,1.0,0.6847921705486533,0.5582717753146322,1.3466510363853883,-0.00155906047536664,-1.6171986958897206
2026-06-08,2026-06-09,2026-06-10,WLK,1,85.62999725341797,86.5,0.010160023058360057,16,0.9677631578947369,0.03086199247978024,1.0,0.9258597743934073,0.4129136520962124,0.906194546100018,0.00031355855522150193,0.3252513257832591
2026-06-08,2026-06-09,2026-06-10,YUMC,1,42.59999847412109,43.2400016784668,0.015023549935911484,13,0.9559210526315789,0.03333333333333333,1.0,1.0,0.227051875554814,0.4878695296139657,0.0005007849978637161,0.5194595451955664
2026-06-08,2026-06-09,2026-06-10,BP,1,43.38999938964844,42.93999862670898,-0.010371070967261087,12,0.9875,0.03333333333333333,1.0,1.0,0.3093637020523183,-0.1466408532277738,-0.00034570236557536954,-0.3585937964612978
2026-06-08,2026-06-09,2026-06-10,FTI,1,69.19000244140625,68.94999694824219,-0.0034687886211206553,12,0.9657894736842105,0.03333333333333333,1.0,1.0,0.33392849963241567,0.5116931389391854,-0.0001156262873706885,-0.11993805506644854
2026-06-08,2026-06-09,2026-06-10,CHRD,1,137.41000366210938,134.72999572753906,-0.01950373235678271,12,0.9967105263157895,0.028652351456631912,1.0,0.8595705436989574,0.44475714480468276,-0.21597360841190424,-0.0005588277942026221,-0.5796667892558052
2026-06-08,2026-06-09,2026-06-10,DAR,1,58.619998931884766,58.72999954223633,0.0018765031108134433,12,0.9546052631578947,0.03333333333333333,1.0,1.0,0.31070790154645667,0.5548403957643062,6.255010369378144e-05,0.06488263137936427
2026-06-08,2026-06-09,2026-06-10,MPC,1,264.3500061035156,258.19000244140625,-0.023302453262275313,11,0.9625,0.03333333333333333,1.0,1.0,0.3778629212458944,0.02464487776986304,-0.0007767484420758438,-0.8057138176529167
2026-06-08,2026-06-09,2026-06-10,VLO,1,257.5,258.0,0.001941747572815622,11,0.968421052631579,0.030476603246733368,1.0,0.9142980974020011,0.41813511573530737,-0.13179858225921676,5.917787038200922e-05,0.06138464563718105
2026-06-08,2026-06-09,2026-06-10,NE,1,46.86000061035156,44.81999969482422,-0.043533949828346796,6,0.9703947368421053,0.03333333333333333,1.0,1.0,0.36745364590929436,0.774186157918729,-0.0014511316609448933,-1.505245156761788
2026-06-08,2026-06-09,2026-06-10,DINO,1,72.16000366210938,69.83000183105469,-0.03228938072072396,6,0.986842105263158,0.031382869344139495,1.0,0.9414860803241849,0.40606032182878204,0.06395323952354191,-0.0010133334163616567,-1.0511211754349448
2026-06-08,2026-06-09,2026-06-10,WFRD,1,103.58999633789062,100.62000274658205,-0.028670660259712988,5,0.9710526315789474,0.03119775827309081,1.0,0.9359327481927243,0.40846966997572676,1.15152100019326,-0.0008944603283124367,-0.9278152447112674
2026-06-08,2026-06-09,2026-06-10,S,1,15.609999656677246,14.949999809265137,-0.0422805805206915,5,0.9776315789473684,0.022702296083148946,1.0,0.6810688824944684,0.5613237524133429,1.3016129150409024,-0.0009598662575481583,-0.9956601969339127
2026-06-08,2026-06-09,2026-06-10,SM,1,31.950000762939453,31.299999237060547,-0.020344335222454157,4,0.9901315789473684,0.02229489376955797,1.0,0.6688468130867391,0.5715810157028866,-0.20143823311727194,-0.0004535747925968919,-0.47048884547191416
2026-06-08,2026-06-09,2026-06-10,CVE,1,28.391444182419157,27.79477675483146,-0.021015747693355125,4,0.9736842105263158,0.03333333333333333,1.0,1.0,0.377394546432126,0.06551499105725357,-0.0007005249231118375,-0.7266478818458227
2026-06-08,2026-06-09,2026-06-10,SU,1,62.93999862670898,61.83000183105469,-0.017635793134308297,4,0.969078947368421,0.03333333333333333,1.0,1.0,0.3164893551525027,-0.15193240824925783,-0.0005878597711436099,-0.6097813845456542
2026-06-08,2026-06-09,2026-06-10,APA,1,37.09999847412109,37.560001373291016,0.012399000487582246,4,0.9618421052631579,0.025086723409821706,1.0,0.7526017022946512,0.5079714005537589,-0.42588030498886165,0.0003110502957902203,0.3226495319815993
2026-06-08,2026-06-09,2026-06-10,MRNA,1,48.41999816894531,47.21500015258789,-0.02488637054782583,1,0.9763157894736842,0.02264352699684409,1.0,0.6793058099053227,0.5627806139727255,1.7971506334200305,-0.0005635152033531598,-0.584528994465368
2026-06-08,2026-06-09,2026-06-10,PSLV,1,21.56999969482422,20.290000915527344,-0.05934162250377839,0,0.9907894736842104,0.022828122570242415,1.0,0.6848436771072725,0.5582297881299916,1.5464596296796094,-0.0013546578320333088,-1.4051737658386023
2026-06-08,2026-06-09,2026-06-10,EGO,1,30.190000534057617,28.14999961853028,-0.06757207285326128,0,0.9776315789473684,0.02174592280835779,1.0,0.6523776842507337,0.5860104506990225,1.33652241617751,-0.0014694170802677488,-1.5242124494037006
2026-06-09,2026-06-10,2026-06-11,OVV,1,56.71229582362579,57.98561768178375,0.02245230667645637,37,0.9828947368421053,0.03333333333333333,1.0,1.0,0.3731143790770547,-0.08328452633917788,0.0007484102225485456,0.7658705484818149
2026-06-09,2026-06-10,2026-06-11,PR,1,19.225851179225682,19.830687654631646,0.03145954214289959,36,0.986842105263158,0.03333333333333333,1.0,1.0,0.3588823005584717,-0.04054941110473031,0.0010486514047633195,1.0731163235550463
2026-06-09,2026-06-10,2026-06-11,ZIM,1,25.68000030517578,25.5,-0.007009357594886856,32,0.9782894736842105,0.03333333333333333,1.0,1.0,0.3408165132361032,0.9925797002353811,-0.00023364525316289518,-0.23909617052088297
2026-06-09,2026-06-10,2026-06-11,LBRT,1,28.030000686645508,28.89999961853028,0.031038134519178584,27,0.9493421052631579,0.02458200535460305,1.0,0.7374601606380915,0.5178874603870338,1.229233386142336,0.0007629795889473377,0.7807798165525777
2026-06-09,2026-06-10,2026-06-11,KGC,1,24.36000061035156,23.850000381469727,-0.02093596946237808,25,0.9816272965879265,0.02356850048379359,1.0,0.7070550145138077,0.5401579253236692,1.431015675996051,-0.0004934294064027456,-0.5049410587042249
2026-06-09,2026-06-10,2026-06-11,BBIO,1,67.0999984741211,67.58000183105469,0.0071535524269605855,19,0.9756578947368422,0.026059097014094635,1.0,0.781772910422839,0.4885323661610437,1.2303015320242054,0.00018641511668957803,0.1907641602999188
2026-06-09,2026-06-10,2026-06-11,AAP,1,59.9900016784668,60.09999847412109,0.0018335854738569246,19,0.9816031537450722,0.021944523350889165,1.0,0.658335700526675,0.5801316401707128,1.185681267087717,4.0237159246904456e-05,0.04117588762595762
2026-06-09,2026-06-10,2026-06-11,PFSI,1,81.54000091552734,80.41000366210938,-0.013858195250556982,18,0.9644736842105264,0.03333333333333333,1.0,1.0,0.30823458277749477,0.8703345278348935,-0.0004619398416852327,-0.4727168459996865
2026-06-09,2026-06-10,2026-06-11,AGI,1,33.78900725019004,32.9900016784668,-0.02364690876553488,18,0.980921052631579,0.022909132993341318,1.0,0.6872739898002396,0.5557046758607627,1.348204899641771,-0.0005417301777910471,-0.5543686816317748
2026-06-09,2026-06-10,2026-06-11,WLK,1,86.5,88.43000030517578,0.022312142256367462,17,0.9677631578947369,0.031212052990219428,1.0,0.9363615897065828,0.4078780824928473,0.9075905032683502,0.0006964077664310552,0.7126548809385773
2026-06-09,2026-06-10,2026-06-11,YUMC,1,43.2400016784668,43.560001373291016,0.007400547696638338,14,0.9559210526315789,0.03333333333333333,1.0,1.0,0.21785243288010622,0.4888939890467252,0.0002466849232212779,0.2524400546084466
2026-06-09,2026-06-10,2026-06-11,BP,1,42.93999862670898,44.130001068115234,0.027713145772344516,13,0.9875,0.03333333333333333,1.0,1.0,0.31098228421457697,-0.1445192876269244,0.0009237715257448172,0.9453230110685386
2026-06-09,2026-06-10,2026-06-11,FTI,1,68.94999694824219,71.26000213623047,0.033502614796666386,13,0.9657894736842105,0.03333333333333333,1.0,1.0,0.3383343729080802,0.5161044303917944,0.001116753826555546,1.1428075671531643
2026-06-09,2026-06-10,2026-06-11,CHRD,1,134.72999572753906,140.41000366210938,0.042158451085063886,13,0.9967105263157895,0.028511920596916818,1.0,0.8553576179075045,0.4465049024334228,-0.21731700277446536,0.0012020184098263432,1.230061363518089
2026-06-09,2026-06-10,2026-06-11,DAR,1,58.72999954223633,59.08000183105469,0.005959514584478187,13,0.9546052631578947,0.03333333333333333,1.0,1.0,0.31060664674699345,0.5506347791868348,0.00019865048614927291,0.20328497954670072
2026-06-09,2026-06-10,2026-06-11,MPC,1,258.19000244140625,268.0,0.03799526498250083,12,0.9625,0.03333333333333333,1.0,1.0,0.37432709462193237,0.028192023517783604,0.0012665088327500277,1.296056340722162
2026-06-09,2026-06-10,2026-06-11,VLO,1,258.0,264.0400085449219,0.023410885833030415,12,0.968421052631579,0.03105315536732238,1.0,0.9315946610196714,0.4099651766052904,-0.13162979652741255,0.0007269818750597399,0.7439422800671674
2026-06-09,2026-06-10,2026-06-11,NE,1,44.81999969482422,46.790000915527344,0.043953619681318834,7,0.9703947368421053,0.03333333333333333,1.0,1.0,0.365138601424635,0.7790273410305669,0.0014651206560439612,1.4993017554134764
2026-06-09,2026-06-10,2026-06-11,DINO,1,69.83000183105469,72.0,0.031075441959680372,7,0.986842105263158,0.03313803609786435,1.0,0.9941410829359305,0.38417220280402486,0.07171888321461431,0.0010297791174169767,1.05380374787719
2026-06-09,2026-06-10,2026-06-11,WFRD,1,100.62000274658205,99.75,-0.008646419427886576,6,0.9710526315789474,0.029958197424423516,1.0,0.8987459227327055,0.4249492098592383,1.1596737162943662,-0.00025903114023499707,-0.2650743074701641
2026-06-09,2026-06-10,2026-06-11,S,1,14.949999809265137,14.56999969482422,-0.025418068179868136,6,0.9776315789473684,0.022659468216254922,1.0,0.6797840464876477,0.5618274975748715,1.3066055689488447,-0.0005759599080403226,-0.5893969876203353
2026-06-09,2026-06-10,2026-06-11,SM,1,31.299999237060547,33.47999954223633,0.0696485737480328,5,0.9901315789473684,0.022270073051042213,1.0,0.6681021915312664,0.5716511254874423,-0.20411203050412316,0.0015510788252695914,1.587265319015196
2026-06-09,2026-06-10,2026-06-11,CVE,1,27.79477675483146,28.64005519733537,0.030411413265155396,5,0.9736842105263158,0.03333333333333333,1.0,1.0,0.37843019725344335,0.07263087217681274,0.00101371377550518,1.0373636033537263
2026-06-09,2026-06-10,2026-06-11,SU,1,61.83000183105469,63.0,0.01892282280926061,5,0.969078947368421,0.03333333333333333,1.0,1.0,0.31747883970820323,-0.14893779692718626,0.000630760760308687,0.6454763375804713
2026-06-09,2026-06-10,2026-06-11,APA,1,37.560001373291016,38.66999816894531,0.02955262926171298,5,0.9618421052631579,0.024922068090938814,1.0,0.7476620427281644,0.5108208627736028,-0.4273099925145296,0.0007365126387266818,0.7536953953736302
2026-06-09,2026-06-10,2026-06-11,MRNA,1,47.21500015258789,46.43000030517578,-0.016626068937311667,2,0.9763157894736842,0.023212007529739665,1.0,0.6963602258921899,0.548453739212561,1.7831768072321854,-0.00038592443736284917,-0.3949280108830276
2026-06-09,2026-06-10,2026-06-11,PSLV,1,20.290000915527344,20.06999969482422,-0.01084283936797481,1,0.9809210526315789,0.02298903597294807,1.0,0.6896710791884422,0.5537732134264557,1.5596470725423441,-0.00024926642427927046,-0.25508178179445234
2026-06-09,2026-06-10,2026-06-11,EGO,1,28.14999961853028,27.739999771118164,-0.014564826037945178,1,0.9776315789473684,0.02170607926545292,1.0,0.6511823779635876,0.5865044611984743,1.3499092217963158,-0.00031614526846717063,-0.3235209018609805
2026-06-10,2026-06-11,2026-06-12,OVV,1,57.98561768178375,55.249975542512054,-0.047177942542312556,38,0.9828947368421053,0.016666666666666666,0.5,1.0,0.37478725161987486,-0.09525617683563303,-0.0007862990423718759,-0.8143588672560963
2026-06-10,2026-06-11,2026-06-12,PR,1,19.830687654631646,18.95813936155815,-0.04399990097517892,37,0.986842105263158,0.016666666666666666,0.5,1.0,0.3581177120056482,-0.05734479682391386,-0.0007333316829196486,-0.7595013174936713
2026-06-10,2026-06-11,2026-06-12,ZIM,1,25.5,25.93000030517578,0.016862757065716938,33,0.9782894736842105,0.016666666666666666,0.5,1.0,0.34065909864573046,0.9851564714228492,0.0002810459510952823,0.2910753416288944
2026-06-10,2026-06-11,2026-06-12,LBRT,1,28.89999961853028,27.729999542236328,-0.04048443224005316,28,0.9493421052631579,0.012320880013954809,0.5,0.7392528008372885,0.5184220507230862,1.2178388558994666,-0.0004988038320627786,-0.5166041184996533
2026-06-10,2026-06-11,2026-06-12,KGC,1,23.850000381469727,25.200000762939453,0.05660378867409199,26,0.9816272965879265,0.011804774439488647,0.5,0.7082864663693188,0.5410874994934868,1.4619364914367834,0.0006681949577181382,0.69204012665734
2026-06-10,2026-06-11,2026-06-12,BBIO,1,67.58000183105469,67.66999816894531,0.0013317007317581453,20,0.9782894736842105,0.015605710242129705,0.5,0.9363426145277823,0.4092999155080974,1.232935837568548,2.0782135749049712e-05,0.021523765915709175
2026-06-10,2026-06-11,2026-06-12,AAP,1,60.09999847412109,60.7599983215332,0.010981694911295303,20,0.9816031537450722,0.010968516819086107,0.5,0.6581110091451664,0.582340893386143,1.182855753499675,0.00012045290533661486,0.12475138116884471
2026-06-10,2026-06-11,2026-06-12,PFSI,1,80.41000366210938,80.7699966430664,0.004476967598083359,19,0.9644736842105264,0.016666666666666666,0.5,1.0,0.30744515710259107,0.8624610220448442,7.461612663472265e-05,0.07727887367380516
2026-06-10,2026-06-11,2026-06-12,AGI,1,32.9900016784668,34.939998626708984,0.05910872534192646,19,0.980921052631579,0.011469940417910053,0.5,0.6881964250746032,0.556883091874979,1.3709447585750927,0.0006779735578505066,0.7021676853824842
2026-06-10,2026-06-11,2026-06-12,WLK,1,88.43000030517578,87.44999694824219,-0.01108224984226569,18,0.9677631578947369,0.015644260929305258,0.5,0.9386556557583156,0.40829131605587426,0.8965011601877243,-0.0001733736082161565,-0.17956060937466736
2026-06-10,2026-06-11,2026-06-12,YUMC,1,43.560001373291016,44.09000015258789,0.012167097396416748,15,0.9559210526315789,0.016666666666666666,0.5,1.0,0.21933479203299555,0.4877819852029302,0.0002027849566069458,0.21002152954538011
2026-06-10,2026-06-11,2026-06-12,FTI,1,71.26000213623047,70.4800033569336,-0.010945814705502266,14,0.9657894736842105,0.016666666666666666,0.5,1.0,0.33578750273419616,0.5080202937872175,-0.00018243024509170442,-0.1889404409014529
2026-06-10,2026-06-11,2026-06-12,CHRD,1,140.41000366210938,132.16000366210938,-0.05875649729240995,14,0.9967105263157895,0.014342136264253442,0.5,0.8605281758552066,0.44536014481103703,-0.22878710035419592,-0.0008426936905779819,-0.8727660118125694
2026-06-10,2026-06-11,2026-06-12,DAR,1,59.08000183105469,57.18999862670898,-0.031990574572938746,14,0.9546052631578947,0.016666666666666666,0.5,1.0,0.3098160865801505,0.54899962959603,-0.0005331762428823125,-0.552203141303268
2026-06-10,2026-06-11,2026-06-12,MPC,1,268.0,260.9100036621094,-0.026455210216009828,13,0.9625,0.016666666666666666,0.5,1.0,0.3802147688049125,0.03060252066133865,-0.00044092017026683045,-0.4566548234953111
2026-06-10,2026-06-11,2026-06-12,NE,1,46.790000915527344,45.95000076293945,-0.01795255687437136,8,0.9703947368421053,0.016666666666666666,0.5,1.0,0.37236028342477234,0.7658571471678344,-0.0002992092812395227,-0.30988684738533484
2026-06-10,2026-06-11,2026-06-12,DINO,1,72.0,69.98999786376953,-0.027916696336534264,8,0.986842105263158,0.016214887315240376,0.5,0.9728932389144226,0.3939229277001515,0.07718548700210398,-0.0004526660853106869,-0.46881990262493495
2026-06-10,2026-06-11,2026-06-12,WFRD,1,99.75,100.4499969482422,0.007017513265586084,7,0.9710526315789474,0.015007131012058474,0.5,0.9004278607235084,0.42562538292063595,1.1518977611000554,0.00010531274095550866,0.10907092570462763
2026-06-10,2026-06-11,2026-06-12,S,1,14.56999969482422,14.739999771118164,0.011667816050423996,7,0.9776315789473684,0.011303402345370955,0.5,0.6782041407222573,0.5650878990575219,1.313021924420874,0.00013188601930971946,0.13659249662570913
2026-06-10,2026-06-11,2026-06-12,CVE,1,28.64005519733537,27.814665804411934,-0.028819406500313893,6,0.9736842105263158,0.016514286949568673,0.5,0.9908572169741203,0.38678120969154944,0.07025214119738282,-0.0004759319486624483,-0.492916030311575
2026-06-10,2026-06-11,2026-06-12,SU,1,63.0,61.0,-0.031746031746031744,6,0.969078947368421,0.016666666666666666,0.5,1.0,0.3246764282595484,-0.1421972673732773,-0.000529100529100529,-0.5479819818210165
2026-06-10,2026-06-11,2026-06-12,APA,1,38.66999816894531,36.290000915527344,-0.061546350300302644,6,0.9618421052631579,0.012480640713396558,0.5,0.7488384428037935,0.5117858954702036,-0.44236785146154006,-0.0007681378853189236,-0.7955496121397616
2026-06-10,2026-06-11,2026-06-12,MRNA,1,46.43000030517578,49.97999954223633,0.07645916893661564,3,0.9763157894736842,0.011655662721983432,0.5,0.6993397633190059,0.548009670140884,1.7611578278182856,0.0008911822851283446,0.9229849677122998
2026-06-10,2026-06-11,2026-06-12,PSLV,1,20.06999969482422,21.21999931335449,0.05729943378259428,2,0.9809210526315789,0.01149641799643664,0.5,0.6897850797861984,0.5556005257922375,1.5757290606175796,0.0006587382417238464,0.6822459388101267
2026-06-10,2026-06-11,2026-06-12,EGO,1,27.739999771118164,30.420000076293945,0.09661140329085716,2,0.9776315789473684,0.011053640488030805,0.5,0.6632184292818483,0.5778563081062763,1.375180393876631,0.0010679077190212912,1.1060170158326597
2026-06-11,2026-06-12,2026-06-15,OVV,1,55.249975542512054,54.29999923706055,-0.017194148886465088,39,0.9828947368421053,0.03333333333333333,1.0,1.0,0.3690122230202383,-0.1181443773677359,-0.0005731382962155029,-0.5924544342736151
2026-06-11,2026-06-12,2026-06-15,PR,1,18.95813936155815,18.492116171258925,-0.02458169451186709,38,0.986842105263158,0.03333333333333333,1.0,1.0,0.3560501876525767,-0.08533518759041518,-0.0008193898170622363,-0.8470052232116698
2026-06-11,2026-06-12,2026-06-15,ZIM,1,25.93000030517578,25.75,-0.006941777981385178,34,0.9782894736842105,0.03333333333333333,1.0,1.0,0.33602838636434296,0.976695337629492,-0.00023139259937950593,-0.23919108610557768
2026-06-11,2026-06-12,2026-06-15,LBRT,1,27.729999542236328,28.21999931335449,0.017670385113848663,29,0.9493421052631579,0.025261658702861754,1.0,0.7578497610858527,0.5056430429437991,1.195729834256007,0.0004463832378941739,0.46142742584484076
2026-06-11,2026-06-12,2026-06-15,KGC,1,25.200000762939453,27.290000915527344,0.08293651148064907,27,0.9816272965879265,0.023043753372357867,1.0,0.691312601170736,0.5543099585350116,1.5089371831511535,0.0019111685161238038,1.9755794884031437
2026-06-11,2026-06-12,2026-06-15,BBIO,1,67.66999816894531,66.91000366210938,-0.011230892971779483,21,0.9782894736842105,0.031782044576699725,1.0,0.9534613373009917,0.4019056088571229,1.2174062148079274,-0.00035694074106523916,-0.3689705019074436
2026-06-11,2026-06-12,2026-06-15,AAP,1,60.7599983215332,61.06999969482422,0.0051020635591616514,21,0.9816031537450722,0.022136217316459716,1.0,0.6640865194937915,0.5770354434867643,1.1748216684870458,0.00011294038770799224,0.11674675021370765
2026-06-11,2026-06-12,2026-06-15,PFSI,1,80.7699966430664,82.8499984741211,0.025752159434232702,20,0.9644736842105264,0.03333333333333333,1.0,1.0,0.3071548124149457,0.8692494605471384,0.0008584053144744234,0.8873356366561584
2026-06-11,2026-06-12,2026-06-15,AGI,1,34.939998626708984,37.33000183105469,0.06840307092968012,20,0.980921052631579,0.022592313597740627,1.0,0.6777694079322188,0.5653861841577899,1.4107704548753701,0.0015453836294918289,1.5974667719674218
2026-06-11,2026-06-12,2026-06-15,WLK,1,87.44999694824219,87.6500015258789,0.002287073580518273,19,0.9677631578947369,0.031385717208838995,1.0,0.9415715162651699,0.4069807260203511,0.8677449741948785,7.178144463395338e-05,0.07420065183702401
2026-06-11,2026-06-12,2026-06-15,YUMC,1,44.09000015258789,44.79999923706055,0.016103403992185905,16,0.9559210526315789,0.03333333333333333,1.0,1.0,0.2265662891038486,0.45060884422751896,0.0005367801330728635,0.5548709136501723
2026-06-11,2026-06-12,2026-06-15,FTI,1,70.4800033569336,69.83000183105469,-0.00922249567139044,15,0.9657894736842105,0.03333333333333333,1.0,1.0,0.3380513496894761,0.47657906798226224,-0.00030741652237968137,-0.31777719802610144
2026-06-11,2026-06-12,2026-06-15,CHRD,1,132.16000366210938,127.66000366210938,-0.03404963586037013,15,0.9967105263157895,0.029070186269359026,1.0,0.8721055880807708,0.43939800928576456,-0.257553509313003,-0.0009898292568648066,-1.0231888817682697
2026-06-11,2026-06-12,2026-06-15,DAR,1,57.18999862670898,56.38999938964844,-0.013988446516362107,15,0.9546052631578947,0.03333333333333333,1.0,1.0,0.28946777236694143,0.5370458610820046,-0.00046628155054540357,-0.4819963594558503
2026-06-11,2026-06-12,2026-06-15,MPC,1,260.9100036621094,253.75,-0.027442426743368276,14,0.9625,0.03333333333333333,1.0,1.0,0.36788403111459034,0.010183667483242856,-0.0009147475581122758,-0.94557674931707
2026-06-11,2026-06-12,2026-06-15,NE,1,45.95000076293945,45.900001525878906,-0.0010881226600734095,9,0.9703947368421053,0.03333333333333333,1.0,1.0,0.3746046313470097,0.7302440514580893,-3.6270755335780315e-05,-0.0374931669634174
2026-06-11,2026-06-12,2026-06-15,DINO,1,69.98999786376953,67.51000213623047,-0.03543357341382114,9,0.986842105263158,0.03333333333333333,1.0,1.0,0.3773892839865571,0.06068725129184397,-0.001181119113794038,-1.2209256666204127
2026-06-11,2026-06-12,2026-06-15,WFRD,1,100.4499969482422,101.9000015258789,0.014435088319453504,8,0.9710526315789474,0.02963762317408831,1.0,0.8891286952226494,0.4309853695518432,1.1700020443799717,0.0004278217080966467,0.4422403278825159
2026-06-11,2026-06-12,2026-06-15,S,1,14.739999771118164,15.1899995803833,0.03052915985432203,8,0.9776315789473684,0.022466354622279635,1.0,0.673990638668389,0.5685560559813964,1.3213435409384533,0.0006858789316074616,0.7089947000381559
2026-06-11,2026-06-12,2026-06-15,CVE,1,27.814665804411934,26.8700008392334,-0.033962837152934355,7,0.9736842105263158,0.03333333333333333,1.0,1.0,0.38011436808525345,0.0432020339371439,-0.0011320945717644786,-1.1702488796992945
2026-06-11,2026-06-12,2026-06-15,SU,1,61.0,59.7599983215332,-0.020327896368308118,7,0.969078947368421,0.03333333333333333,1.0,1.0,0.3241725040261957,-0.15341906468562258,-0.0006775965456102706,-0.7004331777270443
2026-06-11,2026-06-12,2026-06-15,APA,1,36.290000915527344,34.72999954223633,-0.04298708553141817,7,0.9618421052631579,0.02493422080446921,1.0,0.7480266241340763,0.5122831820769479,-0.4730060662732191,-0.0010718494823809843,-1.107973386011047
2026-06-11,2026-06-12,2026-06-15,MRNA,1,49.97999954223633,51.369998931884766,0.027811112492584167,4,0.9763157894736842,0.023187140281266463,1.0,0.6956142084379939,0.5508821623269642,1.7723748787513227,0.0006448601667436313,0.6665935042142679
2026-06-11,2026-06-12,2026-06-15,PSLV,1,21.21999931335449,22.690000534057617,0.06927432932469535,3,0.9809210526315789,0.022984353362171684,1.0,0.6895306008651505,0.5557424990404788,1.5788180165543226,0.0015922256641262502,1.6458874957487661
2026-06-11,2026-06-12,2026-06-15,EGO,1,30.420000076293945,32.5099983215332,0.0687047416172748,3,0.9776315789473684,0.022050759891980843,1.0,0.6615227967594253,0.5792717366156617,1.401722266964794,0.0015149917608431101,1.5660506243016856
2026-06-12,2026-06-15,2026-06-16,PR,1,18.492116171258925,18.420000076293945,-0.003899829218954598,39,0.986842105263158,0.03333333333333333,1.0,1.0,0.35813939532223754,-0.11662915627911324,-0.0001299943072984866,-0.13458915926729279
2026-06-12,2026-06-15,2026-06-16,ZIM,1,25.75,24.690000534057617,-0.04116502780358766,35,0.9782894736842105,0.03333333333333333,1.0,1.0,0.333680098173915,0.9906079376108982,-0.001372167593452922,-1.4206690017017634
2026-06-12,2026-06-15,2026-06-16,LBRT,1,28.21999931335449,27.75,-0.016654830786337782,30,0.9730263157894736,0.02539031665116771,1.0,0.7617094995350313,0.5051394947869826,1.1526739017036602,-0.0004228714274367328,-0.43781847897529025
2026-06-12,2026-06-15,2026-06-16,KGC,1,27.290000915527344,27.65999984741211,0.01355804028845764,28,0.9816272965879265,0.022693569129899914,1.0,0.6808070738969975,0.5651667947089878,1.5434218904213375,0.0003076803245520816,0.3185557665188201
2026-06-12,2026-06-15,2026-06-16,BBIO,1,66.91000366210938,67.5,0.008817759760858301,22,0.9835526315789473,0.032858813755680887,1.0,0.9857644126704267,0.39032607266398867,1.1898932951145471,0.00028974112572438017,0.2999824786701048
2026-06-12,2026-06-15,2026-06-16,AAP,1,61.06999969482422,60.459999084472656,-0.009988547787781688,22,0.9816031537450722,0.022211641109823595,1.0,0.6663492332947079,0.5774292706350247,1.171119205874317,-0.00022186203867052926,-0.22970409919128643
2026-06-12,2026-06-15,2026-06-16,PFSI,1,82.8499984741211,82.29000091552734,-0.006759174036299664,21,0.9644736842105264,0.03333333333333333,1.0,1.0,0.2999933326320906,0.8604916361663978,-0.00022530580120998882,-0.23326958690020438
2026-06-12,2026-06-15,2026-06-16,AGI,1,37.33000183105469,37.970001220703125,0.017144370700673983,21,0.980921052631579,0.022333997957658516,1.0,0.6700199387297555,0.5742658233410621,1.441610396108917,0.00038290234021419326,0.39643662189434314
2026-06-12,2026-06-15,2026-06-16,WLK,1,87.6500015258789,86.88999938964844,-0.008670874192809652,20,0.9677631578947369,0.03333333333333333,1.0,1.0,0.38139824185605997,0.8389088647705065,-0.00028902913976032175,-0.29924532644933327
2026-06-12,2026-06-15,2026-06-16,FTI,1,69.83000183105469,68.0,-0.026206527038079686,16,0.9657894736842105,0.03333333333333333,1.0,1.0,0.33265639318226403,0.4692193249129257,-0.0008735509012693228,-0.9044279232094712
2026-06-12,2026-06-15,2026-06-16,CHRD,1,127.66000366210938,124.70999908447266,-0.023108291500952727,16,0.9967105263157895,0.028839966357221167,1.0,0.865198990716635,0.44471798499310616,-0.2965429690917773,-0.0006664423494603365,-0.6899987959321221
2026-06-12,2026-06-15,2026-06-16,DAR,1,56.38999938964844,55.31999969482422,-0.01897499036009276,16,0.9546052631578947,0.03333333333333333,1.0,1.0,0.29378205626669335,0.4852629199982919,-0.0006324996786697586,-0.6548563683910389
2026-06-12,2026-06-15,2026-06-16,MPC,1,253.75,247.6300048828125,-0.024118207358374333,15,0.9625,0.03333333333333333,1.0,1.0,0.3678301476497222,-0.006419310052499251,-0.0008039402452791444,-0.8323567697838787
2026-06-12,2026-06-15,2026-06-16,NE,1,45.900001525878906,44.560001373291016,-0.029193902135981054,10,0.9703947368421053,0.03333333333333333,1.0,1.0,0.37435465974896925,0.7062659788123785,-0.0009731300711993685,-1.0075268745400559
2026-06-12,2026-06-15,2026-06-16,DINO,1,67.51000213623047,66.38999938964844,-0.016590174953956316,10,0.986842105263158,0.03333333333333333,1.0,1.0,0.3779224678550782,0.039073322822566876,-0.0005530058317985439,-0.5725526872555784
2026-06-12,2026-06-15,2026-06-16,WFRD,1,101.9000015258789,100.0999984741211,-0.017664406524083076,9,0.9710526315789474,0.032010374668095275,1.0,0.9603112400428582,0.40067171529971785,1.1684330699148588,-0.0005654442711254458,-0.5854307826614105
2026-06-12,2026-06-15,2026-06-16,S,1,15.1899995803833,15.149999618530272,-0.0026333089504944063,9,0.9776315789473684,0.022671423326699334,1.0,0.68014269980098,0.565718858530953,1.2973474586961184,-5.970086196664502e-05,-0.06181108224357602
2026-06-12,2026-06-15,2026-06-16,CVE,1,26.8700008392334,26.64999961853028,-0.008187614954663136,8,0.9736842105263158,0.03333333333333333,1.0,1.0,0.37982080515185607,0.03709735204277505,-0.0002729204984887712,-0.28256730007469955
2026-06-12,2026-06-15,2026-06-16,SU,1,59.7599983215332,58.68999862670898,-0.01790494854211999,8,0.969078947368421,0.03333333333333333,1.0,1.0,0.3206144545470679,-0.16317961956955415,-0.0005968316180706664,-0.617927564441925
2026-06-12,2026-06-15,2026-06-16,APA,1,34.72999954223633,33.849998474121094,-0.02533835530418116,8,0.9618421052631579,0.024863942297771127,1.0,0.7459182689331338,0.5158333932749714,-0.5136123055046176,-0.0006300114042035833,-0.6522801419747556
2026-06-12,2026-06-15,2026-06-16,MRNA,1,51.369998931884766,52.2400016784668,0.016936008656251555,5,0.9763157894736842,0.022602329315436254,1.0,0.6780698794630876,0.5674482283068539,1.832578781228202,0.0003827932449376767,0.39632367047476535
2026-06-12,2026-06-15,2026-06-16,PSLV,1,22.690000534057617,22.51000022888184,-0.00793302339969526,4,0.9809210526315789,0.022476088150709634,1.0,0.674282644521289,0.5706354077120589,1.6202414323269887,-0.0001783033332331929,-0.1846057432292711
2026-06-12,2026-06-15,2026-06-16,EGO,1,32.5099983215332,34.209999084472656,0.052291628751437,4,0.9776315789473684,0.021630478479384888,1.0,0.6489143543815467,0.5929435050581967,1.463265298873507,0.0011310929503599422,1.17107319855597
2026-06-15,2026-06-16,2026-06-17,ZIM,1,24.690000534057617,24.39999961853028,-0.011745682837361882,36,0.9907773386034255,0.03333333333333333,1.0,1.0,0.33421413064881417,0.989228197190997,-0.00039152276124539603,-0.4025082141250656
2026-06-15,2026-06-16,2026-06-17,LBRT,1,27.75,27.540000915527344,-0.007567534575591228,31,0.9730263157894736,0.025065163165428665,1.0,0.7519548949628599,0.5088360367936686,1.1703217143273832,-0.0001896814888972171,-0.1950036240696341
2026-06-15,2026-06-16,2026-06-17,KGC,1,27.65999984741211,27.950000762939453,0.01048448724248563,29,0.9816272965879265,0.022895206566015527,1.0,0.6868561969804658,0.5570623811542648,1.5575893828953775,0.00024004450115546302,0.24677973552109503
2026-06-15,2026-06-16,2026-06-17,BBIO,1,67.5,66.66999816894531,-0.01229632342303244,23,0.9888010540184453,0.03281708374967158,1.0,0.9845125124901474,0.38864081842162485,1.17821914145797,-0.0004035294755867039,-0.41485181614620215
2026-06-15,2026-06-16,2026-06-17,AAP,1,60.459999084472656,59.52000045776367,-0.015547446922644648,23,0.9816031537450722,0.022145951537572903,1.0,0.664378546127187,0.5759092475681068,1.162760031857305,-0.00034431300608187535,-0.3539738347196237
2026-06-15,2026-06-16,2026-06-17,PFSI,1,82.29000091552734,83.91000366210938,0.019686507820616095,22,0.9644736842105264,0.03333333333333333,1.0,1.0,0.30088754157356845,0.8647749576097986,0.0006562169273538698,0.6746292416503794
2026-06-15,2026-06-16,2026-06-17,AGI,1,37.970001220703125,38.27000045776367,0.007900954106289992,22,0.980921052631579,0.022484904007002128,1.0,0.6745471202100638,0.5672276066961001,1.4494754043253617,0.00017765219464365976,0.18263680858288514
2026-06-15,2026-06-16,2026-06-17,WLK,1,86.88999938964844,83.66999816894531,-0.03705836394661932,21,0.9677631578947369,0.03333333333333333,1.0,1.0,0.3818277036230095,0.84348252264358,-0.0012352787982206441,-1.269938589104685
2026-06-15,2026-06-16,2026-06-17,FTI,1,68.0,67.12000274658203,-0.012941136079676063,17,0.9657894736842105,0.03333333333333333,1.0,1.0,0.332435498181262,0.4779756601621533,-0.00043137120265586876,-0.4434747340197893
2026-06-15,2026-06-16,2026-06-17,CHRD,1,124.70999908447266,126.08000183105467,0.010985508432680202,17,0.9967105263157895,0.028649730840489197,1.0,0.8594919252146759,0.44517201078408425,-0.2883780515681096,0.0003147318597422121,0.3235626924731904
2026-06-15,2026-06-16,2026-06-17,DAR,1,55.31999969482422,54.95000076293945,-0.0066883393695930105,17,0.9546052631578947,0.03333333333333333,1.0,1.0,0.28841685056721894,0.4757089889823496,-0.00022294464565310033,-0.22920008758911004
2026-06-15,2026-06-16,2026-06-17,MPC,1,247.6300048828125,249.8099975585937,0.008803427019326016,16,0.9625,0.03333333333333333,1.0,1.0,0.366116339054509,-0.001310835586111838,0.0002934475673108672,0.30168119953468236
2026-06-15,2026-06-16,2026-06-17,NE,1,44.560001373291016,43.31999969482422,-0.027827684924849327,11,0.9703947368421053,0.03333333333333333,1.0,1.0,0.37503020968568346,0.7128835259397225,-0.0009275894974949775,-0.9536160576980015
2026-06-15,2026-06-16,2026-06-17,DINO,1,66.38999938964844,66.5999984741211,0.0031631132158949082,11,0.986842105263158,0.03333333333333333,1.0,1.0,0.3740364868460918,0.05193162740796733,0.00010543710719649695,0.10839549043120705
2026-06-15,2026-06-16,2026-06-17,WFRD,1,100.0999984741211,100.91999816894533,0.008191805267971475,10,0.9710526315789474,0.03190690441735244,1.0,0.9572071325205731,0.39972722266805444,1.1712616086839829,0.00026137514769073003,0.2687088831796702
2026-06-15,2026-06-16,2026-06-17,S,1,15.149999618530272,14.920000076293944,-0.015181488318653846,10,0.9776315789473684,0.022944442579641882,1.0,0.6883332773892564,0.5558669922972883,1.2960710176622907,-0.00034833078700085716,-0.35810434763616783
2026-06-15,2026-06-16,2026-06-17,CVE,1,26.64999961853028,26.309999465942383,-0.012757979641826678,9,0.9736842105263158,0.03333333333333333,1.0,1.0,0.3793678690055249,0.038162099756515355,-0.00042526598806088927,-0.43719821764138334
2026-06-15,2026-06-16,2026-06-17,SU,1,58.68999862670898,58.13999938964844,-0.009371260009030657,9,0.969078947368421,0.03333333333333333,1.0,1.0,0.3206405947387996,-0.15700939617299203,-0.00031237533363435527,-0.32114004631030735
2026-06-15,2026-06-16,2026-06-17,APA,1,33.849998474121094,34.20000076293945,0.010339802203711779,9,0.9618421052631579,0.02482836995933997,1.0,0.7448510987801992,0.5136889094036368,-0.5088856710750393,0.00025672043442015474,0.2639235666891451
2026-06-15,2026-06-16,2026-06-17,MRNA,1,52.2400016784668,56.209999084472656,0.07599535372224686,6,0.9763157894736842,0.02250410636877183,1.0,0.6751231910631549,0.5667436012647777,1.8323421475988453,0.0017102075236978835,1.7581929948523027
2026-06-15,2026-06-16,2026-06-17,PSLV,1,22.51000022888184,22.36000061035156,-0.006663688005556834,5,0.9809210526315789,0.022660384067903837,1.0,0.6798115220371151,0.5628350450047408,1.6201603758066276,-0.00015100172951460197,-0.1552385774032272
2026-06-15,2026-06-16,2026-06-17,EGO,1,34.209999084472656,34.630001068115234,0.012277170268420345,5,0.9776315789473684,0.02174127920235412,1.0,0.6522383760706235,0.5866286968662991,1.4713106063617785,0.0002669213866205676,0.2744107400006089
2026-06-15,2026-06-16,2026-06-17,HUM,1,379.56448078788503,366.86447329806856,-0.03345942028994464,0,0.9789196310935442,0.028952840336495676,1.0,0.8685852100948702,0.4405114710146971,0.4884079465178481,-0.0009687452534064711,-0.995926573082111
2026-06-15,2026-06-16,2026-06-17,TEVA,1,33.58000183105469,32.7400016784668,-0.02501489299536197,0,0.9670619235836627,0.032044638484493376,1.0,0.9613391545348013,0.39800911758936347,0.9979786226629237,-0.00080159320276466,-0.8240845244176438
2026-06-16,2026-06-17,2026-06-18,ZIM,1,24.39999961853028,24.100000381469727,-0.012295050891423909,37,0.9835309617918313,0.03333333333333333,1.0,1.0,0.34845517415770016,0.9180076884936488,-0.0004098350297141303,-0.420082598156935
2026-06-16,2026-06-17,2026-06-18,LBRT,1,27.540000915527344,27.290000915527344,-0.009077704854361435,32,0.9730263157894736,0.02517044517807665,1.0,0.7551133553422995,0.5116552407316447,1.1205548657473072,-0.00022848987237946477,-0.23420306289743856
2026-06-16,2026-06-17,2026-06-18,KGC,1,27.950000762939453,27.420000076293945,-0.018962456965234353,30,0.9816272965879265,0.02244150553410321,1.0,0.6732451660230963,0.5738737165980482,1.599253839739254,-0.0004255460829255007,-0.43618649258835523
2026-06-16,2026-06-17,2026-06-18,BBIO,1,66.66999816894531,68.08000183105469,0.021148998062612057,24,0.982213438735178,0.03323867519008024,1.0,0.9971602557024072,0.3874579872171008,1.1717334827337451,0.0007029646771987984,0.7205416975122976
2026-06-16,2026-06-17,2026-06-18,AAP,1,59.52000045776367,58.380001068115234,-0.019153215404583146,24,0.9816031537450722,0.022449217226911726,1.0,0.6734765168073518,0.5736765810913375,1.1481469630347045,-0.000429974693211319,-0.44072583642235774
2026-06-16,2026-06-17,2026-06-18,PFSI,1,83.91000366210938,81.77999877929688,-0.025384397447885343,23,0.9644736842105264,0.03333333333333333,1.0,1.0,0.29608286014265767,0.8572445844937078,-0.0008461465815961781,-0.8673037408892729
2026-06-16,2026-06-17,2026-06-18,AGI,1,38.27000045776367,37.2400016784668,-0.02691399965969754,23,0.980921052631579,0.022007798771433017,1.0,0.6602339631429905,0.5851830217399292,1.4952716693292105,-0.0005923178886450401,-0.607128282251515
2026-06-16,2026-06-17,2026-06-18,WLK,1,83.66999816894531,82.94000244140625,-0.00872470112960999,22,0.9677631578947369,0.03333333333333333,1.0,1.0,0.38188839782140716,0.8187794107664739,-0.0002908233709869997,-0.2980951564198731
2026-06-16,2026-06-17,2026-06-18,FTI,1,67.12000274658203,67.5999984741211,0.0071513067326789415,18,0.9657894736842105,0.03333333333333333,1.0,1.0,0.33889561215128067,0.42941689248351267,0.00023837689108929805,0.24433729791036574
2026-06-16,2026-06-17,2026-06-18,CHRD,1,126.08000183105467,125.41000366210938,-0.005314071694280997,18,0.9967105263157895,0.02810383243385084,1.0,0.8431149730155252,0.45825031931941484,-0.3482969723427865,-0.000149345780437543,-0.1530800417761731
2026-06-16,2026-06-17,2026-06-18,DAR,1,54.95000076293945,53.84999847412109,-0.020018239736954713,18,0.9546052631578947,0.03333333333333333,1.0,1.0,0.28985465693744217,0.43894445265630416,-0.0006672746578984904,-0.6839592803226241
2026-06-16,2026-06-17,2026-06-18,MPC,1,249.8099975585937,242.8600006103516,-0.0278211321250742,17,0.9625,0.03333333333333333,1.0,1.0,0.37946122225921525,-0.056179178099742884,-0.0009273710708358066,-0.950559177833141
2026-06-16,2026-06-17,2026-06-18,NE,1,43.31999969482422,42.63999938964844,-0.015697144736061208,12,0.9703947368421053,0.03333333333333333,1.0,1.0,0.382803685344775,0.6576163581992714,-0.0005232381578687069,-0.5363212728927855
2026-06-16,2026-06-17,2026-06-18,DINO,1,66.5999984741211,65.77999877929688,-0.01231230801218186,12,0.986842105263158,0.03282696846547732,1.0,0.9848090539643196,0.3923173777211661,-0.012919773173617526,-0.0004041757468531377,-0.41428180985045704
2026-06-16,2026-06-17,2026-06-18,WFRD,1,100.91999816894533,94.66999816894533,-0.061930242899303045,11,0.9710526315789474,0.032131041849092205,1.0,0.9639312554727663,0.4008145844569099,1.1341831878251676,-0.0019898832263219516,-2.03963852559236
2026-06-16,2026-06-17,2026-06-18,S,1,14.920000076293944,14.75,-0.011394106931946535,11,0.9776315789473684,0.023141921201576706,1.0,0.6942576360473012,0.5565047981424304,1.299319740065346,-0.0002636815247814456,-0.27027465195797257
2026-06-16,2026-06-17,2026-06-18,CVE,1,26.309999465942383,25.34000015258789,-0.036868085634518266,10,0.9736842105263158,0.033257667018629464,1.0,0.997730010558884,0.387236728893144,-0.005358559553070589,-0.0012261465156471248,-1.2568052427665826
2026-06-16,2026-06-17,2026-06-18,SU,1,58.13999938964844,55.45000076293945,-0.046267606724260224,10,0.969078947368421,0.03333333333333333,1.0,1.0,0.32527741749673184,-0.19161523366622524,-0.0015422535574753408,-1.5808162662252774
2026-06-16,2026-06-17,2026-06-18,APA,1,34.20000076293945,33.34000015258789,-0.025146216115980224,10,0.9618421052631579,0.024361512496325274,1.0,0.7308453748897582,0.5286449348682312,-0.5722180931196532,-0.0006125998581447482,-0.6279173847572722
2026-06-16,2026-06-17,2026-06-18,MRNA,1,56.209999084472656,63.959999084472656,0.13787582505299922,7,0.9763157894736842,0.022473192571046192,1.0,0.6741957771313858,0.5730645588604031,1.8485296252968109,0.0030985099673079266,3.175985513951288
2026-06-16,2026-06-17,2026-06-18,PSLV,1,22.36000061035156,21.43000030517578,-0.04159214131439848,6,0.9809210526315789,0.02265413802677352,1.0,0.6796241408032057,0.5684873188152675,1.6298629784460883,-0.0009422341101654526,-0.9657938545333283
2026-06-16,2026-06-17,2026-06-18,EGO,1,34.630001068115234,34.41999816894531,-0.0060641897976514425,6,0.9776315789473684,0.020764452654369225,1.0,0.6229335796310768,0.6202229551281517,1.5518257031049951,-0.00012591958194044226,-0.1290680915617992
2026-06-16,2026-06-17,2026-06-18,HUM,1,366.86447329806856,362.6743430383963,-0.011421466412387948,1,0.9789196310935442,0.02926119455823191,1.0,0.8778358367469573,0.4401252368997493,0.4778349253708417,-0.0003342057508331948,-0.3425622749400555
2026-06-16,2026-06-17,2026-06-18,TEVA,1,32.7400016784668,32.380001068115234,-0.010995741963823247,1,0.9644268774703557,0.03231443897107427,1.0,0.9694331691322281,0.3985398044025932,0.9437475048318408,-0.00035532123263164666,-0.36420573099459613
2026-06-17,2026-06-18,2026-06-22,ZIM,1,24.100000381469727,24.34000015258789,0.009958496569265618,38,0.9835309617918313,0.03333333333333333,1.0,1.0,0.3461856764010407,0.9769746481217103,0.00033194988564218725,0.3371037348968182
2026-06-17,2026-06-18,2026-06-22,LBRT,1,27.290000915527344,27.40999984741211,0.00439717581015131,33,0.9730263157894736,0.02526996913407912,1.0,0.7580990740223735,0.5082020254846064,1.1755621371806786,0.00011111649699964295,0.11284169016887968
2026-06-17,2026-06-18,2026-06-22,KGC,1,27.420000076293945,26.100000381469727,-0.048140032500051944,31,0.9816272965879265,0.022292781297558843,1.0,0.6687834389267653,0.5760721072196933,1.6112902283989468,-0.001073175216181033,-1.0898373194900999
2026-06-17,2026-06-18,2026-06-22,BBIO,1,68.08000183105469,66.3499984741211,-0.025411329471270006,25,0.9683794466403162,0.032976621079995785,1.0,0.9892986323998735,0.3894349717249483,1.1902627731067987,-0.0008379797831130006,-0.8509902454369674
2026-06-17,2026-06-18,2026-06-22,AAP,1,58.380001068115234,59.310001373291016,0.01593011798836219,25,0.9816031537450722,0.02245904026091776,1.0,0.6737712078275327,0.5718075816543244,1.1234015393569305,0.0003577751612617967,0.36332997338238937
2026-06-17,2026-06-18,2026-06-22,PFSI,1,81.77999877929688,81.70999908447266,-0.000855951282331624,24,0.9644736842105264,0.03333333333333333,1.0,1.0,0.29685197099219185,0.834921807948242,-2.8531709411054133e-05,-0.02897469232998791
2026-06-17,2026-06-18,2026-06-22,AGI,1,37.2400016784668,32.189998626708984,-0.13560695016503888,24,0.980921052631579,0.02188854163754867,1.0,0.6566562491264601,0.5867110614551986,1.4958593192801501,-0.0029682383750284412,-3.0143232022821462
2026-06-17,2026-06-18,2026-06-22,WLK,1,82.94000244140625,79.29000091552734,-0.044007733523488635,23,0.9677631578947369,0.03320362471469789,1.0,0.9961087414409368,0.3867725168025933,0.8266785239664303,-0.0014612162684583463,-1.4839030916861342
2026-06-17,2026-06-18,2026-06-22,FTI,1,67.5999984741211,65.51000213623047,-0.03091710628796429,19,0.9657894736842105,0.03333333333333333,1.0,1.0,0.3382653878081376,0.4375954301881424,-0.0010305702095988096,-1.0465708281750454
2026-06-17,2026-06-18,2026-06-22,CHRD,1,125.41000366210938,122.5,-0.02320391976025904,19,0.9967105263157895,0.028016469750154756,1.0,0.8404940925046427,0.45838214494535146,-0.3193631618556552,-0.0006500919160483156,-0.6601852339914306
2026-06-17,2026-06-18,2026-06-22,DAR,1,53.84999847412109,54.09999847412109,0.004642525665439878,19,0.9546052631578947,0.03333333333333333,1.0,1.0,0.28516720429412645,0.5217761627148503,0.0001547508555146626,0.1571535151203582
2026-06-17,2026-06-18,2026-06-22,MPC,1,242.8600006103516,242.509994506836,-0.0014411846439758014,18,0.9625,0.03333333333333333,1.0,1.0,0.3779083872052277,-0.05127054927694013,-4.8039488132526714e-05,-0.0487853485494559
2026-06-17,2026-06-18,2026-06-22,NE,1,42.63999938964844,41.91999816894531,-0.016885582340742666,13,0.9703947368421053,0.03333333333333333,1.0,1.0,0.3842805268928097,0.6788156210642842,-0.0005628527446914222,-0.571591588487325
2026-06-17,2026-06-18,2026-06-22,DINO,1,65.77999877929688,64.94000244140625,-0.012769783421689551,13,0.986842105263158,0.033053552696214766,1.0,0.9916065808864429,0.3885285680453697,-0.00024850513390595094,-0.0004220867092480653,-0.4286400215579621
2026-06-17,2026-06-18,2026-06-22,WFRD,1,94.66999816894533,91.62999725341795,-0.03211155565992807,12,0.9710526315789474,0.03181140060198117,1.0,0.9543420180594351,0.4036995936944912,1.1592976026297397,-0.0010215135610507876,-1.037373566229075
2026-06-17,2026-06-18,2026-06-22,S,1,14.75,14.789999961853027,0.0027118618205441702,12,0.9776315789473684,0.023079175495030947,1.0,0.6923752648509284,0.5564431667256695,1.284540177090321,6.258753487461303e-05,0.06355926806059886
2026-06-17,2026-06-18,2026-06-22,CVE,1,25.34000015258789,25.40999984741211,0.0027624188793491378,11,0.9736842105263158,0.03267067342089118,1.0,0.9801202026267355,0.3930818729209465,0.039292057291623085,9.025008505891988e-05,0.09165130660991229
2026-06-17,2026-06-18,2026-06-22,SU,1,55.45000076293945,55.58000183105469,0.002344473693896232,11,0.969078947368421,0.03333333333333333,1.0,1.0,0.3281765377317106,-0.14388016312774987,7.814912312987439e-05,0.07936246531619198
2026-06-17,2026-06-18,2026-06-22,APA,1,33.34000015258789,33.65999984741211,0.00959807118655287,11,0.9618421052631579,0.024515229858962758,1.0,0.7354568957688827,0.5238478110037941,-0.527771743798508,0.00023529892134103102,0.23895216908360178
2026-06-17,2026-06-18,2026-06-22,MRNA,1,63.959999084472656,64.06999969482422,0.0017198344578817082,8,0.9763157894736842,0.021909791869427465,1.0,0.6572937560828239,0.586142012411918,1.8109881998234088,3.7681215022057845e-05,0.03826625303639341
2026-06-17,2026-06-18,2026-06-22,PSLV,1,21.43000030517578,21.21999931335449,-0.009799392852578359,7,0.9809210526315789,0.02265904112169777,1.0,0.6797712336509332,0.5667605009805579,1.6394020825015234,-0.00022204484561424425,-0.22549231076353843
2026-06-17,2026-06-18,2026-06-22,EGO,1,34.41999816894531,31.51000022888184,-0.08454381449354509,7,0.9776315789473684,0.020641729993477534,1.0,0.619251899804326,0.622149863501288,1.5581613951351831,-0.0017451305913944103,-1.7722254644060151
2026-06-17,2026-06-18,2026-06-22,HUM,1,362.6743430383963,362.3750736153279,-0.0008251739578851724,2,0.9789196310935442,0.028689924029122165,1.0,0.8606977208736649,0.44762229014049537,0.4940583107736772,-2.367417816253565e-05,-0.024041743119640364
2026-06-17,2026-06-18,2026-06-22,TEVA,1,32.380001068115234,31.3700008392334,-0.031192099924801653,2,0.9644268774703557,0.03211497974461959,1.0,0.9634493923385876,0.39988346871132713,0.9270262400904754,-0.0010017336572771553,-1.0172865599477159
2026-06-18,2026-06-22,2026-06-23,ZIM,1,24.34000015258789,25.0,0.027115852229850468,39,0.9710144927536232,0.03333333333333333,1.0,1.0,0.34774398425467146,0.9737844270092297,0.0009038617409950156,0.9072132468552098
2026-06-18,2026-06-22,2026-06-23,LBRT,1,27.40999984741211,27.09000015258789,-0.011674560255586108,34,0.9730263157894736,0.025376649171156836,1.0,0.7612994751347051,0.507029424369686,1.1901290743728505,-0.00029626121983353975,-0.29735975201980896
2026-06-18,2026-06-22,2026-06-23,KGC,1,26.100000381469727,25.200000762939453,-0.03448274350100189,32,0.9816272965879265,0.022855839699876628,1.0,0.6856751909962988,0.5629505627724792,1.6337415465354506,-0.0007881320578708617,-0.7910544397914121
2026-06-18,2026-06-22,2026-06-23,BBIO,1,66.3499984741211,68.56999969482422,0.03345894908451297,26,0.9815546772068511,0.033032098155777706,1.0,0.9909629446733311,0.38952136073840593,1.1564805948188777,0.001105219290348801,1.109317427000017
2026-06-18,2026-06-22,2026-06-23,AAP,1,59.310001373291016,55.08000183105469,-0.0713201727245486,26,0.9816031537450722,0.022656087990770693,1.0,0.6796826397231208,0.5679139234860217,1.1506851567845053,-0.0016158361087643372,-1.6218276049655984
2026-06-18,2026-06-22,2026-06-23,PFSI,1,81.70999908447266,80.04000091552734,-0.020438112687026888,25,0.9644736842105264,0.03333333333333333,1.0,1.0,0.3021550319034674,0.8568881738779783,-0.0006812704229008963,-0.6837965634721475
2026-06-18,2026-06-22,2026-06-23,AGI,1,32.189998626708984,30.809999465942383,-0.042870432421254434,25,0.980921052631579,0.022751295235683887,1.0,0.6825388570705166,0.5655373765930719,1.5268251413192093,-0.0009753578648973941,-0.978974477319103
2026-06-18,2026-06-22,2026-06-23,WLK,1,79.29000091552734,77.37000274658203,-0.02421488392957405,24,0.9677631578947369,0.03333333333333333,1.0,1.0,0.38581407822104186,0.8373480376496885,-0.0008071627976524683,-0.8101557452724051
2026-06-18,2026-06-22,2026-06-23,FTI,1,65.51000213623047,66.25,0.01129595236816927,20,0.9657894736842105,0.03333333333333333,1.0,1.0,0.3381771791578986,0.4358966490815787,0.0003765317456056424,0.3779279197047443
2026-06-18,2026-06-22,2026-06-23,CHRD,1,122.5,123.87000274658205,0.01118369589046564,20,0.9967105263157895,0.02827575293703765,1.0,0.8482725881111295,0.45504386215050585,-0.3155374463887329,0.0003162274219217697,0.3173999884877117
2026-06-18,2026-06-22,2026-06-23,DAR,1,54.09999847412109,52.83000183105469,-0.02347498482229915,20,0.9546052631578947,0.03333333333333333,1.0,1.0,0.28943883132351983,0.502829004087694,-0.0007824994940766383,-0.785400990534614
2026-06-18,2026-06-22,2026-06-23,MPC,1,242.509994506836,245.27999877929688,0.011422227269824115,19,0.9625,0.03333333333333333,1.0,1.0,0.3804035946509639,-0.029901537408776005,0.00038074090899413714,0.3821526906083304
2026-06-18,2026-06-22,2026-06-23,NE,1,41.91999816894531,42.119998931884766,0.004771010774700324,14,0.9703947368421053,0.03333333333333333,1.0,1.0,0.3827480245486968,0.6842287863655245,0.0001590336924900108,0.15962338705077606
2026-06-18,2026-06-22,2026-06-23,DINO,1,64.94000244140625,65.0,0.0009238921518039955,14,0.986842105263158,0.033296497609028176,1.0,0.9988949282708453,0.3864282656021569,-0.012756784024523293,3.076237282354163e-05,0.030876439243343934
2026-06-18,2026-06-22,2026-06-23,WFRD,1,91.62999725341795,89.2300033569336,-0.02619222927451126,13,0.9710526315789474,0.03126092827514314,1.0,0.9378278482542942,0.41159071504328854,1.200631477207902,-0.0008187934007166008,-0.8218294744393021
2026-06-18,2026-06-22,2026-06-23,S,1,14.789999961853027,14.670000076293944,-0.008113582546896092,13,0.9776315789473684,0.023093744336613823,1.0,0.6928123300984147,0.5571512195743713,1.2777392368743292,-0.0001873730009920304,-0.1880677772862185
2026-06-18,2026-06-22,2026-06-23,CVE,1,25.40999984741211,25.43000030517578,0.0007871097160083718,12,0.9736842105263158,0.03252304780134711,1.0,0.9756914340404134,0.39561814440866083,0.07109540390101257,2.5599206918645026e-05,0.02569412839624813
2026-06-18,2026-06-22,2026-06-23,SU,1,55.58000183105469,55.79999923706055,0.003958211564558445,12,0.969078947368421,0.03333333333333333,1.0,1.0,0.3333722247659504,-0.10846737102274252,0.00013194038548528149,0.13242961846759957
2026-06-18,2026-06-22,2026-06-23,APA,1,33.65999984741211,33.79999923706055,0.004159221339366637,12,0.9618421052631579,0.02462738471474468,1.0,0.7388215414423404,0.5224553061852193,-0.4984409010074866,0.0001024307440383578,0.10281055571014146
2026-06-18,2026-06-22,2026-06-23,MRNA,1,64.06999969482422,59.04999923706055,-0.07835181023372473,9,0.9763157894736842,0.0205525474344942,1.0,0.616576423034826,0.6260395633530269,1.7169879363169787,-0.0016103292964071154,-1.6163003734302555
2026-06-18,2026-06-22,2026-06-23,PSLV,1,21.21999931335449,19.600000381469727,-0.0763430247080753,8,0.9809210526315789,0.022743493876918913,1.0,0.6823048163075673,0.5657313643767291,1.6654996592290061,-0.0017363071149935798,-1.7427453158898714
2026-06-18,2026-06-22,2026-06-23,EGO,1,31.51000022888184,31.01000022888184,-0.015867978304287766,8,0.9776315789473684,0.021172980562267223,1.0,0.6351894168680167,0.6076946882298249,1.5691835608709892,-0.0003359723961991629,-0.3372181768353533
2026-06-18,2026-06-22,2026-06-23,HUM,1,362.3750736153279,361.04816760636925,-0.0036616922784462602,3,0.9789196310935442,0.028495349690396545,1.0,0.8548604907118964,0.45153710908904676,0.5113655674341216,-0.00010434120193295106,-0.10472809755412539
2026-06-18,2026-06-22,2026-06-23,TEVA,1,31.3700008392334,32.13999938964844,0.024545697475788053,3,0.9644268774703557,0.03224184243610065,1.0,0.9672552730830194,0.3990686278919497,0.9171638842606432,0.0007913985104985519,0.7943330043767471
2026-06-22,2026-06-23,2026-06-24,LBRT,1,27.09000015258789,26.31999969482422,-0.028423789347602257,35,0.9730263157894736,0.02561566595967564,1.0,0.7684699787902692,0.506959201427342,1.1914857331604827,-0.0007280942932363663,-0.7261053614836753
2026-06-22,2026-06-23,2026-06-24,KGC,1,25.200000762939453,23.809999465942383,-0.055158779956915094,33,0.9816272965879265,0.02341406102827189,1.0,0.7024218308481568,0.5546281588343996,1.6177890782578834,-0.0012914910401562304,-1.287963080162663
2026-06-22,2026-06-23,2026-06-24,BBIO,1,68.56999969482422,69.25,0.009916877762901732,27,0.9723320158102766,0.0332226341744012,1.0,0.996679025232036,0.3908810328156578,1.1271920570061151,0.00032946480206913844,0.32856480462057086
2026-06-22,2026-06-23,2026-06-24,AAP,1,55.08000183105469,55.47999954223633,0.007262122329054099,27,0.9816031537450722,0.022816233954767475,1.0,0.6844870186430243,0.5691604313267156,1.1672457844923434,0.0001656942820678392,0.1652416557776657
2026-06-22,2026-06-23,2026-06-24,PFSI,1,80.04000091552734,80.70999908447266,0.00837079162021026,26,0.9644736842105264,0.03333333333333333,1.0,1.0,0.3030424848640273,0.8493977052441334,0.000279026387340342,0.278264172271806
2026-06-22,2026-06-23,2026-06-24,AGI,1,30.809999465942383,29.90999984741211,-0.029211283159064627,26,0.980921052631579,0.023291069531438672,1.0,0.6987320859431602,0.5575569443652152,1.5076570813200176,-0.0006803620271603177,-0.6785034854141252
2026-06-22,2026-06-23,2026-06-24,WLK,1,77.37000274658203,75.73999786376953,-0.02106765962192636,25,0.9677631578947369,0.033174267669096674,1.0,0.9952280300729003,0.3914509187807586,0.7869004707737197,-0.0006989041794592051,-0.696994986202881
2026-06-22,2026-06-23,2026-06-24,FTI,1,66.25,65.0,-0.018867924528301883,21,0.9657894736842105,0.03333333333333333,1.0,1.0,0.34118482044110593,0.42680268329663945,-0.0006289308176100628,-0.6272127702568411
2026-06-22,2026-06-23,2026-06-24,CHRD,1,123.87000274658205,121.0500030517578,-0.022765799889368776,21,0.9967105263157895,0.028288542840802792,1.0,0.8486562852240838,0.4590585535645137,-0.3288748707827976,-0.0006440113054755521,-0.6422520628246329
2026-06-22,2026-06-23,2026-06-24,DAR,1,52.83000183105469,52.63999938964844,-0.0035964875037077793,21,0.9546052631578947,0.03333333333333333,1.0,1.0,0.28943359757366455,0.5005935146592161,-0.00011988291679025931,-0.1195554331909174
2026-06-22,2026-06-23,2026-06-24,MPC,1,245.27999877929688,243.6300048828125,-0.006726981020450218,20,0.9625,0.03333333333333333,1.0,1.0,0.3806839250460307,-0.024100317720593793,-0.00022423270068167391,-0.223620165268994
2026-06-22,2026-06-23,2026-06-24,NE,1,42.119998931884766,41.0099983215332,-0.02635329151234367,15,0.9703947368421053,0.03333333333333333,1.0,1.0,0.3841834325683484,0.6605157637630591,-0.0008784430504114556,-0.8760434116666882
2026-06-22,2026-06-23,2026-06-24,DINO,1,65.0,65.0,0.0,15,0.986842105263158,0.03333333333333333,1.0,1.0,0.3888590374569625,-0.015655914621698616,0.0,0.0
2026-06-22,2026-06-23,2026-06-24,WFRD,1,89.2300033569336,87.4000015258789,-0.020508817238686028,14,0.9710526315789474,0.031296476906450994,1.0,0.9388943071935298,0.4149380007776513,1.1794745304355987,-0.0006418537250891613,-0.6401003762904249
2026-06-22,2026-06-23,2026-06-24,S,1,14.670000076293944,15.100000381469728,0.029311540759338284,14,0.9776315789473684,0.02329900704861236,1.0,0.6989702114583708,0.557366995591348,1.2946001503402733,0.0006829297947575112,0.6810642386526634
2026-06-22,2026-06-23,2026-06-24,CVE,1,25.43000030517578,25.1200008392334,-0.01219030523878084,13,0.9736842105263158,0.03333333333333333,1.0,1.0,0.3893632652722031,0.06296834738250552,-0.00040634350795936135,-0.4052335013118874
2026-06-22,2026-06-23,2026-06-24,SU,1,55.79999923706055,55.040000915527344,-0.01362004179076115,13,0.969078947368421,0.03333333333333333,1.0,1.0,0.3314963921551859,-0.11498049760116062,-0.0004540013930253717,-0.4527611995576542
2026-06-22,2026-06-23,2026-06-24,APA,1,33.79999923706055,33.209999084472656,-0.01745562621022123,13,0.9618421052631579,0.02504727885405881,1.0,0.7514183656217642,0.5184634081255644,-0.509452171197105,-0.0004372159372596289,-0.4360215965423945
2026-06-22,2026-06-23,2026-06-24,MRNA,1,59.04999923706055,61.16999816894531,0.035901760529646554,10,0.9763157894736842,0.020640588295360262,1.0,0.6192176488608079,0.6291534607986835,1.7224776712370269,0.0007410334581710497,0.7390091805624291
2026-06-22,2026-06-23,2026-06-24,PSLV,1,19.600000381469727,18.420000076293945,-0.06020409603110921,9,0.9809210526315789,0.02315224617384044,1.0,0.6945673852152132,0.560900115757218,1.663110568005572,-0.0013938600519857707,-1.3900524510445806
2026-06-22,2026-06-23,2026-06-24,EGO,1,31.01000022888184,30.0,-0.03257014580545392,9,0.9776315789473684,0.021770247357132018,1.0,0.6531074207139606,0.5965066609448704,1.5435805304953316,-0.0007090601306425876,-0.707123194422234
2026-06-22,2026-06-23,2026-06-24,HUM,1,361.04816760636925,361.07811386207885,8.294255004304141e-05,4,0.9808959156785244,0.029057404898966844,1.0,0.8717221469690053,0.4469118148747151,0.522270246735469,2.410095259953474e-06,0.0024035116140794974
2026-06-22,2026-06-23,2026-06-24,TEVA,1,32.13999938964844,33.31999969482422,0.0367143848034992,4,0.9644268774703557,0.032071888578930716,1.0,0.9621566573679214,0.4049059202418715,0.8717448823556234,0.0011774996586618135,1.17428308838836
2026-06-22,2026-06-23,2026-06-24,ZIM,1,25.0,25.43000030517578,0.017200012207031268,0,0.9802371541501976,0.03333333333333333,1.0,1.0,0.3490626583999305,0.9594558462763534,0.0005733337402343756,0.571767567155649
2026-06-23,2026-06-24,2026-06-25,LBRT,1,26.31999969482422,26.38999938964844,0.0026595629040979674,36,0.9730263157894736,0.025384322488458406,1.0,0.7615296746537522,0.5095285793070959,1.1823369743411478,6.751120243596378e-05,0.0669193233054347
2026-06-23,2026-06-24,2026-06-25,KGC,1,23.809999465942383,24.377345071517055,0.023828039407820967,34,0.9816272965879265,0.023452070747773664,1.0,0.7035621224332099,0.5515094131056731,1.619955786446245,0.0005588168659729562,0.5539176488234647
2026-06-23,2026-06-24,2026-06-25,BBIO,1,69.25,69.58999633789062,0.004909694409972909,28,0.9723320158102766,0.032601310561392705,1.0,0.9780393168417811,0.3967336757784883,1.115688607519593,0.00016006247222106053,0.15865918456700936
2026-06-23,2026-06-24,2026-06-25,AAP,1,55.47999954223633,57.47754551875208,0.03600479439433024,28,0.9816031537450722,0.02195039526626593,1.0,0.658511857987978,0.5892394017202425,1.1876654379726845,0.0007903194684361846,0.7833906391020914
2026-06-23,2026-06-24,2026-06-25,PFSI,1,80.70999908447266,83.6770490987269,0.03676186405539261,27,0.9644736842105264,0.03333333333333333,1.0,1.0,0.298545928278616,0.85828824738819,0.001225395468513087,1.21465227363153
2026-06-23,2026-06-24,2026-06-25,AGI,1,29.90999984741211,30.75,0.028084258003116203,27,0.980921052631579,0.0214947039309388,1.0,0.644841117928164,0.6017313760530812,1.5377701838612214,0.0006036628108970813,0.598370423756067
2026-06-23,2026-06-24,2026-06-25,WLK,1,75.73999786376953,74.72564093541918,-0.013392618919462307,26,0.9677631578947369,0.03333333333333333,1.0,1.0,0.3856539260813969,0.7919992877932265,-0.00044642063064874357,-0.4425068053103599
2026-06-23,2026-06-24,2026-06-25,FTI,1,65.0,64.66946030386448,-0.005085226094392548,22,0.9657894736842105,0.03333333333333333,1.0,1.0,0.3465933524659919,0.4178103392965501,-0.00016950753647975158,-0.16802144276952732
2026-06-23,2026-06-24,2026-06-25,CHRD,1,121.0500030517578,117.55703983805218,-0.028855540071420882,22,0.9967105263157895,0.028176109897686187,1.0,0.8452832969305856,0.45904270749879206,-0.33277018860217994,-0.0008130368682094423,-0.8059088725986348
2026-06-23,2026-06-24,2026-06-25,DAR,1,52.63999938964844,52.58000183105469,-0.0011397712630967227,22,0.9546052631578947,0.03333333333333333,1.0,1.0,0.2840671901256725,0.5025126994469021,-3.7992375436557424e-05,-0.03765929154338497
2026-06-23,2026-06-24,2026-06-25,MPC,1,243.6300048828125,244.39082524444882,0.0031228516454788746,21,0.9625,0.03333333333333333,1.0,1.0,0.3810617703134696,-0.029703296709397437,0.00010409505484929581,0.10318244052258435
2026-06-23,2026-06-24,2026-06-25,NE,1,41.0099983215332,38.90999984741211,-0.051206987565723505,16,0.9703947368421053,0.03333333333333333,1.0,1.0,0.3836686628597801,0.655297207125032,-0.0017068995855241168,-1.6919349840042617
2026-06-23,2026-06-24,2026-06-25,DINO,1,65.0,65.8617422057624,0.013257572396344619,16,0.986842105263158,0.03311268976532645,1.0,0.9933806929597935,0.3906066787652237,-0.02116683121610025,0.00043899388180151493,0.4351451676964044
2026-06-23,2026-06-24,2026-06-25,WFRD,1,87.4000015258789,84.39402100181177,-0.03439336924012615,15,0.9710526315789474,0.03127602915055683,1.0,0.9382808745167048,0.41354475377789784,1.1775549332899689,-0.00107568801894005,-1.0662573279376983
2026-06-23,2026-06-24,2026-06-25,S,1,15.100000381469728,15.039999961853027,-0.003973537622577239,15,0.9776315789473684,0.02326489023376481,1.0,0.6979467070129443,0.5559466494041716,1.297451654957993,-9.244391662899425e-05,-0.09163344928397886
2026-06-23,2026-06-24,2026-06-25,CVE,1,25.1200008392334,24.5,-0.02468156124680765,14,0.9736842105263158,0.03306422096852441,1.0,0.9919266290557323,0.3911792685673731,0.05726008232440168,-0.000816076594912617,-0.8089219496387431
2026-06-23,2026-06-24,2026-06-25,SU,1,55.040000915527344,54.060001373291016,-0.017805223945042803,14,0.969078947368421,0.03333333333333333,1.0,1.0,0.3331099983364913,-0.12069889335918517,-0.00059350746483476,-0.5883041108790648
2026-06-23,2026-06-24,2026-06-25,APA,1,33.209999084472656,32.80907904901725,-0.012072268789759089,14,0.9618421052631579,0.02484945465151707,1.0,0.7454836395455121,0.5204958400738082,-0.5195758166046067,-0.00029998929583204334,-0.29735925226625853
2026-06-23,2026-06-24,2026-06-25,MRNA,1,61.16999816894531,60.33000183105469,-0.01373216222061413,11,0.9763157894736842,0.020027787591418652,1.0,0.6008336277425596,0.6458046209636882,1.740477170449154,-0.00027502482812536365,-0.27261365116107905
2026-06-23,2026-06-24,2026-06-25,PSLV,1,18.420000076293945,18.51000022888184,0.004886001748920732,10,0.9809210526315789,0.023655168036402465,1.0,0.709655041092074,0.5467742928020399,1.6660627197420907,0.00011557919239687623,0.11456589520419173
2026-06-23,2026-06-24,2026-06-25,EGO,1,30.0,30.6299991607666,0.02099997202555337,10,0.9776315789473684,0.02173996478134469,1.0,0.6521989434403407,0.5949429037399464,1.5471820726955732,0.000456538652244754,0.45253612094930196
2026-06-23,2026-06-24,2026-06-25,HUM,1,361.07811386207885,357.7060509826988,-0.009338873639591738,5,0.9808959156785244,0.028914996921344104,1.0,0.8674499076403231,0.44731243822716427,0.5226876662241922,-0.0002700335025376167,-0.2676660851471875
2026-06-23,2026-06-24,2026-06-25,TEVA,1,33.31999969482422,34.13999938964844,0.024609835004038016,5,0.9644268774703557,0.03203189760551892,1.0,0.9609569281655678,0.4037861863041456,0.8660024502172321,0.0007882997149380611,0.7813885930347529
2026-06-23,2026-06-24,2026-06-25,ZIM,1,25.43000030517578,25.850000381469727,0.016515928873522823,1,0.9802371541501976,0.03333333333333333,1.0,1.0,0.35738575537191936,0.9499723352016,0.0005505309624507607,0.545704388850716
2026-06-24,2026-06-25,2026-06-26,LBRT,1,26.38999938964844,27.059999465942383,0.025388408176953314,37,0.9730263157894736,0.02641514836847015,1.0,0.7924544510541045,0.4907796368053385,1.1940465446365587,0.0006706385688335025,0.6642691925561638
2026-06-24,2026-06-25,2026-06-26,KGC,1,24.377345071517055,24.127680084787873,-0.010241680789960017,35,0.9816272965879265,0.023497835071790443,1.0,0.7049350521537133,0.5517111207406692,1.6463595321763609,-0.00024065732606040494,-0.23837168796141656
2026-06-24,2026-06-25,2026-06-26,BBIO,1,69.58999633789062,69.52999877929688,-0.0008621578064530455,29,0.9723320158102766,0.03276672529378441,1.0,0.9830017588135322,0.3956457902400177,1.114588345065668,-2.825008800393869e-05,-0.027981783363067832
2026-06-24,2026-06-25,2026-06-26,AAP,1,57.47754551875208,58.31373063100881,0.014548030969483872,29,0.9816031537450722,0.022759077222551487,1.0,0.6827723166765446,0.5696196201483573,1.1858474269735737,0.000331099760270554,0.3279551469773341
2026-06-24,2026-06-25,2026-06-26,PFSI,1,83.6770490987269,84.24485725552373,0.006785709617064706,28,0.9644736842105264,0.03333333333333333,1.0,1.0,0.29761511740849766,0.8418895886658322,0.00022619032056882352,0.22404208256261907
2026-06-24,2026-06-25,2026-06-26,AGI,1,30.75,31.51000022888184,0.02471545459778346,28,0.980921052631579,0.021737659854293913,1.0,0.6521297956288173,0.5963851219190038,1.550179366466991,0.0005372561451908615,0.5321535657910735
2026-06-24,2026-06-25,2026-06-26,WLK,1,74.72564093541918,75.47041528619141,0.00996678437881715,27,0.9677631578947369,0.03333333333333333,1.0,1.0,0.38272631303907895,0.8022636483086475,0.0003322261459605717,0.32907083484198574
2026-06-24,2026-06-25,2026-06-26,FTI,1,64.66946030386448,66.40836283430681,0.02688908369223575,23,0.9657894736842105,0.03333333333333333,1.0,1.0,0.33836540352295186,0.43117759098930236,0.0008963027897411916,0.8877901720785659
2026-06-24,2026-06-25,2026-06-26,CHRD,1,117.55703983805218,117.94361640064525,0.0032884169516826933,23,0.9967105263157895,0.028260420845605278,1.0,0.8478126253681584,0.45873403631400334,-0.3279537740526667,9.293204697037535e-05,0.09204942672918164
2026-06-24,2026-06-25,2026-06-26,DAR,1,52.58000183105469,52.84000015258789,0.004944813854678154,23,0.9546052631578947,0.03333333333333333,1.0,1.0,0.28012466959188564,0.5049289976618139,0.0001648271284892718,0.16326168616183825
2026-06-24,2026-06-25,2026-06-26,MPC,1,244.39082524444882,252.28918876150783,0.03231857623607093,22,0.9625,0.03333333333333333,1.0,1.0,0.38112459330646503,-0.030654278836870785,0.0010772858745356976,1.0670543736765765
2026-06-24,2026-06-25,2026-06-26,NE,1,38.90999984741211,38.650001525878906,-0.0066820437561758705,17,0.9703947368421053,0.03333333333333333,1.0,1.0,0.38030046867541,0.6552671712871757,-0.00022273479187252901,-0.2206193726804022
2026-06-24,2026-06-25,2026-06-26,DINO,1,65.8617422057624,66.97484376951475,0.016900578795423504,17,0.986842105263158,0.033317239408754355,1.0,0.9995171822626308,0.38910837609884674,-0.014240996573240848,0.0005630806298736422,0.5577327829515895
2026-06-24,2026-06-25,2026-06-26,WFRD,1,84.39402100181177,82.46011622111648,-0.022915187091912204,16,0.9710526315789474,0.032593763069071864,1.0,0.9778128920721558,0.3977453261522427,1.18765404897116,-0.0007468921787572403,-0.7397985853580703
2026-06-24,2026-06-25,2026-06-26,S,1,15.039999961853027,14.9350004196167,-0.006981352560016307,16,0.9776315789473684,0.023250200030249964,1.0,0.6975060009074989,0.5575873285206111,1.2491781153358992,-0.00016231784350207682,-0.16077623305818423
2026-06-24,2026-06-25,2026-06-26,CVE,1,24.5,24.299999237060547,-0.008163296446508261,15,0.9736842105263158,0.03319821724326627,1.0,0.9959465172979881,0.3905034064763358,0.05552871415655912,-0.0002710068888523648,-0.26843300639306333
2026-06-24,2026-06-25,2026-06-26,SU,1,54.060001373291016,53.93999862670898,-0.002219806576648109,15,0.969078947368421,0.03333333333333333,1.0,1.0,0.33310638036847473,-0.12199609551532616,-7.399355255493697e-05,-0.07329080028236906
2026-06-24,2026-06-25,2026-06-26,APA,1,32.80907904901725,32.91831395823521,0.00332941101622386,15,0.9618421052631579,0.02490622836389826,1.0,0.7471868509169478,0.5205130513148404,-0.5139863416855645,8.292307108735003e-05,0.0821355108926739
2026-06-24,2026-06-25,2026-06-26,MRNA,1,60.33000183105469,59.46500015258789,-0.01433783610497985,12,0.9763157894736842,0.02001816448377346,1.0,0.6005449345132038,0.6476126686313034,1.694768793449747,-0.00028701716149087247,-0.28429122179019456
2026-06-24,2026-06-25,2026-06-26,PSLV,1,18.51000022888184,18.600000381469727,0.004862244812263938,11,0.9809210526315789,0.02327183066670735,1.0,0.6981549200012205,0.5570690638009503,1.6961896284239857,0.00011315333793108265,0.11207866638695489
2026-06-24,2026-06-25,2026-06-26,EGO,1,30.6299991607666,30.700000762939453,0.0022853935387145974,11,0.9776315789473684,0.02198145548693656,1.0,0.6594436646080968,0.5897706332568079,1.5540978395328897,5.023627634138735e-05,0.04975915832035373
2026-06-24,2026-06-25,2026-06-26,HUM,1,357.7060509826988,374.3299865722656,0.04647373323402593,6,0.9808959156785244,0.028934519449288407,1.0,0.8680355834786522,0.44804673342365586,0.5177994826442002,0.0013446951381409643,1.3319239231957438
2026-06-24,2026-06-25,2026-06-26,TEVA,1,34.13999938964844,33.470001220703125,-0.019625019945034405,6,0.9644268774703557,0.03177497873610594,1.0,0.9532493620831782,0.4079945113450503,0.823083542643542,-0.0006235845914491232,-0.617662109372677
2026-06-24,2026-06-25,2026-06-26,ZIM,1,25.850000381469727,25.420000076293945,-0.01663444096055111,2,0.9802371541501976,0.03333333333333333,1.0,1.0,0.3576051924940386,0.9173478282738149,-0.0005544813653517036,-0.5492151897709575
2026-06-24,2026-06-25,2026-06-26,PAAS,1,45.11304287596467,45.113043213938234,7.491703923889759e-09,0,0.974308300395257,0.02227441847155832,1.0,0.6682325541467496,0.5820137095381572,1.812374087402808,1.66873348265736e-10,1.6528847200725802e-07
2026-06-25,2026-06-26,2026-06-29,LBRT,1,27.059999465942383,26.850000381469727,-0.0077604984707024816,38,0.9730263157894736,0.0264519970819181,1.0,0.793559912457543,0.4926002732310913,1.248722124793679,-0.00020528068290125192,-0.20398953722643232
2026-06-25,2026-06-26,2026-06-29,KGC,1,24.127680084787873,23.81809406867029,-0.012831155545400708,36,0.9816272965879265,0.023224996583670828,1.0,0.6967498975101248,0.5610446892044876,1.6526344799476549,-0.0002980035437064804,-0.29612920277434984
2026-06-25,2026-06-26,2026-06-29,BBIO,1,69.52999877929688,71.29000091552734,0.02531284578066928,30,0.9723320158102766,0.032993423235672684,1.0,0.9898026970701804,0.3949351025804589,1.114753000372722,0.0008351574341409331,0.8299045779362253
2026-06-25,2026-06-26,2026-06-29,AAP,1,58.31373063100881,60.78245617019079,0.04233523584356669,30,0.9816031537450722,0.02245757406994008,1.0,0.6737272220982023,0.5802167655990126,1.158160454268702,0.000950746694725281,0.9447668213860342
2026-06-25,2026-06-26,2026-06-29,PFSI,1,84.24485725552373,85.63947073708847,0.016554286243666283,29,0.9644736842105264,0.03333333333333333,1.0,1.0,0.3066889433848729,0.8329823122678437,0.0005518095414555427,0.548338847122763
2026-06-25,2026-06-26,2026-06-29,AGI,1,31.51000022888184,31.11000061035156,-0.012694370537123745,29,0.980921052631579,0.021850152444509975,1.0,0.6555045733352992,0.5963464567651034,1.554674355254616,-0.0002773739314232498,-0.2756293437357804
2026-06-25,2026-06-26,2026-06-29,WLK,1,75.47041528619141,75.90734900433816,0.005789470171720268,28,0.9677631578947369,0.03333333333333333,1.0,1.0,0.36494344098985243,0.7951875524835487,0.00019298233905734225,0.1917685457823544
2026-06-25,2026-06-26,2026-06-29,FTI,1,66.40836283430681,64.95927344494807,-0.02182088712191743,24,0.9657894736842105,0.03333333333333333,1.0,1.0,0.3365048875721808,0.4543049188409697,-0.0007273629040639144,-0.7227880387900196
2026-06-25,2026-06-26,2026-06-29,CHRD,1,117.94361640064525,117.53722094573973,-0.003445675716140739,24,0.9967105263157895,0.028722222038009445,1.0,0.8616666611402833,0.4536647956003313,-0.3018897515387698,-9.896746298997152e-05,-0.09834499130884973
2026-06-25,2026-06-26,2026-06-29,DAR,1,52.84000015258789,54.06999969482422,0.02327781110303584,24,0.9546052631578947,0.03333333333333333,1.0,1.0,0.27359392956732437,0.5100698747495597,0.0007759270367678613,0.7710467196170248
2026-06-25,2026-06-26,2026-06-29,MPC,1,252.28918876150783,255.90925732917736,0.014348885045136095,23,0.9625,0.03333333333333333,1.0,1.0,0.36905182315315177,-0.02028982153834914,0.00047829616817120316,0.47528784795281176
2026-06-25,2026-06-26,2026-06-29,NE,1,38.650001525878906,38.59000015258789,-0.0015524287431357697,18,0.9703947368421053,0.033234760246988036,1.0,0.9970428074096411,0.39206724806272003,0.6798273458233192,-5.159459707865028e-05,-0.051270084611521535
2026-06-25,2026-06-26,2026-06-29,DINO,1,66.97484376951475,68.41590666436844,0.021516480125178372,18,0.986842105263158,0.03333333333333333,1.0,1.0,0.3826686811435212,-0.0013395948898077333,0.0007172160041726124,0.7127049594478424
2026-06-25,2026-06-26,2026-06-29,WFRD,1,82.46011622111648,82.54982524772957,0.0010879080787677964,17,0.9710526315789474,0.03172685835416465,1.0,0.9518057506249396,0.4107012690826496,1.2454979580603733,3.451590551741728e-05,0.03429881221135724
2026-06-25,2026-06-26,2026-06-29,S,1,14.9350004196167,16.190000534057617,0.08403080543556674,17,0.9776315789473684,0.024893489237813406,1.0,0.7468046771344021,0.5234405215588588,1.2511859476054386,0.0020918199507550727,2.0786631147403662
2026-06-25,2026-06-26,2026-06-29,CVE,1,24.299999237060547,24.96999931335449,0.02757202046624374,16,0.9736842105263158,0.03292096123852393,1.0,0.9876288371557178,0.39580439026831776,0.08921012827072597,0.0009076974170369986,0.9019883090123727
2026-06-25,2026-06-26,2026-06-29,SU,1,53.93999862670898,54.400001525878906,0.008528048032655278,16,0.969078947368421,0.03333333333333333,1.0,1.0,0.3385132668398028,-0.10142023582163695,0.0002842682677551759,0.28248031703709925
2026-06-25,2026-06-26,2026-06-29,APA,1,32.91831395823521,32.878590290708864,-0.0012067345726377576,16,0.9618421052631579,0.02535540735645613,1.0,0.7606622206936838,0.5139046202995848,-0.46656644816898324,-3.0597246660349344e-05,-0.03040480038567526
2026-06-25,2026-06-26,2026-06-29,MRNA,1,59.46500015258789,67.94499969482422,0.14260488557095008,13,0.9763157894736842,0.02010454609831872,1.0,0.6031363829495615,0.648125101971368,1.7122244628280276,0.002867006495806632,2.8489740000821264
2026-06-25,2026-06-26,2026-06-29,PSLV,1,18.600000381469727,18.56999969482422,-0.0016129401091515838,12,0.9809210526315789,0.022777693011088965,1.0,0.683330790332669,0.5720623674977666,1.706675838536253,-3.67390546515271e-05,-0.036507978493557094
2026-06-25,2026-06-26,2026-06-29,EGO,1,30.700000762939453,30.86000061035156,0.005211721284556381,12,0.9776315789473684,0.021744061973169915,1.0,0.6523218591950974,0.5992560638457974,1.5630935892237692,0.00011332399059828267,0.11261122124148618
2026-06-25,2026-06-26,2026-06-29,HUM,1,374.3299865722656,381.3800048828125,0.018833699044802144,7,0.9808959156785244,0.029074040312420946,1.0,0.8722212093726284,0.44817510225760154,0.5333080209992228,0.0005475717252605814,0.5441276853502903
2026-06-25,2026-06-26,2026-06-29,TEVA,1,33.470001220703125,33.099998474121094,-0.011054757486927191,7,0.9644268774703557,0.03168174340191656,1.0,0.9504523020574968,0.4112861096297066,0.8259509006851434,-0.00035023399007124323,-0.3480311373962411
2026-06-25,2026-06-26,2026-06-29,ZIM,1,25.420000076293945,25.36000061035156,-0.00236032516767537,3,0.9802371541501976,0.03333333333333333,1.0,1.0,0.3552992778413893,0.9276627022010974,-7.8677505589179e-05,-0.0781826508390322
2026-06-25,2026-06-26,2026-06-29,PAAS,1,45.113043213938234,44.85394278768101,-0.00574335952084859,1,0.974308300395257,0.022220111893754207,1.0,0.6666033568126262,0.5864174335559277,1.8194021928184918,-0.0001276180911993142,-0.12681541681148595
2026-06-26,2026-06-29,2026-06-30,LBRT,1,26.850000381469727,26.649999618530277,-0.0074488178807430305,39,0.9730263157894736,0.026369722843067024,1.0,0.7910916852920107,0.4958471769130711,1.2589247135956114,-0.00019642326302367558,-0.19695737887316128
2026-06-26,2026-06-29,2026-06-30,KGC,1,23.81809406867029,23.63833605346133,-0.007547120046242917,37,0.9816272965879265,0.02353426438664116,1.0,0.7060279315992348,0.5555879042107182,1.6821366397971618,-0.00017761591852600024,-0.17809889328034115
2026-06-26,2026-06-29,2026-06-30,BBIO,1,71.29000091552734,72.52999877929688,0.017393713674359823,31,0.9683377308707124,0.03333333333333333,1.0,1.0,0.3845949219932097,1.088141105142502,0.0005797904558119941,0.5813670270748001
2026-06-26,2026-06-29,2026-06-30,AAP,1,60.78245617019079,62.26568140734022,0.02440219317555048,31,0.9816031537450722,0.022658884305317907,1.0,0.6797665291595372,0.5770519170992986,1.2142266299390614,0.0005529264719608165,0.5544299944444996
2026-06-26,2026-06-29,2026-06-30,PFSI,1,85.63947073708847,85.7988571880288,0.0018611330682980487,30,0.9644736842105264,0.03333333333333333,1.0,1.0,0.3027749775783184,0.8272074788769346,6.203776894326829e-05,0.062206462585504226
2026-06-26,2026-06-29,2026-06-30,AGI,1,31.11000061035156,30.90999984741211,-0.006428825426409657,30,0.980921052631579,0.021847408584087482,1.0,0.6554222575226245,0.5984852884217268,1.5892267874804276,-0.0001404531758065422,-0.14083509730684757
2026-06-26,2026-06-29,2026-06-30,WLK,1,75.90734900433816,74.15961139205021,-0.023024616657183805,29,0.9677631578947369,0.03333333333333333,1.0,1.0,0.3649998453017945,0.7809756612005659,-0.0007674872219061268,-0.7695741798518789
2026-06-26,2026-06-29,2026-06-30,FTI,1,64.95927344494807,65.95865351664439,0.015384717511400137,25,0.9657894736842105,0.03333333333333333,1.0,1.0,0.3468856726233456,0.4624904038807865,0.0005128239170466712,0.5142183923133659
2026-06-26,2026-06-29,2026-06-30,CHRD,1,117.53722094573973,116.080147575287,-0.012396697477860097,25,0.9967105263157895,0.02882475394275887,1.0,0.8647426182827661,0.45361541172841807,-0.2949818170579322,-0.0003573317545021368,-0.35830341412465877
2026-06-26,2026-06-29,2026-06-30,DAR,1,54.06999969482422,53.380001068115234,-0.012761210109180632,25,0.9546052631578947,0.03333333333333333,1.0,1.0,0.2727101852778132,0.5132153413616914,-0.0004253736703060211,-0.4265303500992743
2026-06-26,2026-06-29,2026-06-30,MPC,1,255.90925732917736,259.90832766959187,0.015626907686541625,24,0.9625,0.03333333333333333,1.0,1.0,0.371755449155089,-0.013003506839325892,0.0005208969228847208,0.5223133503392812
2026-06-26,2026-06-29,2026-06-30,NE,1,38.59000015258789,38.369998931884766,-0.005700990407702111,19,0.9703947368421053,0.03333333333333333,1.0,1.0,0.3920280713037238,0.7071219090175264,-0.00019003301359007038,-0.1905497530175778
2026-06-26,2026-06-29,2026-06-30,DINO,1,68.41590666436844,70.82100661800492,0.03515410481125847,19,0.986842105263158,0.03333333333333333,1.0,1.0,0.384831915179119,6.134476575753818e-05,0.0011718034937086156,1.1749898719860046
2026-06-26,2026-06-29,2026-06-30,WFRD,1,82.54982524772957,80.66577026193556,-0.022823246204822567,18,0.9710526315789474,0.03254746930803233,1.0,0.9764240792409699,0.4017317753330845,1.2371350520693098,-0.0007428389053611279,-0.744858839389615
2026-06-26,2026-06-29,2026-06-30,S,1,16.190000534057617,16.459999084472656,0.016676871001150673,18,0.9776315789473684,0.025036671752504992,1.0,0.7511001525751497,0.5222480350810479,1.2477304634211044,0.0004175333451146787,0.41866870542730955
2026-06-26,2026-06-29,2026-06-30,CVE,1,24.96999931335449,25.11000061035156,0.005606780170081649,17,0.9736842105263158,0.0332004687716517,1.0,0.9960140631495509,0.393830361783305,0.10139350473649439,0.0001861477299463118,0.18665390447665817
2026-06-26,2026-06-29,2026-06-30,SU,1,54.400001525878906,54.20000076293945,-0.003676484509735012,17,0.969078947368421,0.03333333333333333,1.0,1.0,0.33769984477733334,-0.08950114949878057,-0.00012254948365783374,-0.12288272128234082
2026-06-26,2026-06-29,2026-06-30,APA,1,32.878590290708864,32.769360262261905,-0.003322223595390139,17,0.9618421052631579,0.02549025109206384,1.0,0.7647075327619153,0.5129550344753488,-0.4604805685647905,-8.468431363047376e-05,-0.08491458795448498
2026-06-26,2026-06-29,2026-06-30,MRNA,1,67.94499969482422,69.83499908447266,0.02781660752281101,14,0.9763157894736842,0.02031148555055284,1.0,0.6093445665165852,0.643741817661339,1.6967457107815627,0.0005649966217649752,0.5665329655052489
2026-06-26,2026-06-29,2026-06-30,PSLV,1,18.56999969482422,18.799999237060547,0.012385543673457011,13,0.9809210526315789,0.023054881270403074,1.0,0.6916464381120923,0.5671403150750777,1.7255808220850988,0.0002855472388609433,0.2863237014026237
2026-06-26,2026-06-29,2026-06-30,EGO,1,30.86000061035156,31.299999237060547,0.014257894297040163,13,0.9776315789473684,0.021951203835327115,1.0,0.6585361150598135,0.595655378438613,1.595669315807701,0.00031297794397687663,0.3138289963310845
2026-06-26,2026-06-29,2026-06-30,HUM,1,381.3800048828125,389.3599853515625,0.02092396131570151,8,0.9808959156785244,0.028958599408532328,1.0,0.8687579822559698,0.45151881979010355,0.5282142988782307,0.0006059286137810271,0.6075762601508888
2026-06-26,2026-06-29,2026-06-30,TEVA,1,33.099998474121094,33.279998779296875,0.005438075935759068,8,0.9644268774703557,0.03166309557281996,1.0,0.9498928671845988,0.41295244167278994,0.8280384132355768,0.0001721863180861917,0.17265452862367442
2026-06-26,2026-06-29,2026-06-30,ZIM,1,25.36000061035156,26.0,0.025236568385065494,4,0.9821899736147757,0.03333333333333333,1.0,1.0,0.35574225188964226,0.9677312334555643,0.0008412189461688498,0.8435063960621055
2026-06-26,2026-06-29,2026-06-30,PAAS,1,44.85394278768101,44.70446540170604,-0.003332536153678345,2,0.9782321899736148,0.022426671330598093,1.0,0.6728001399179427,0.5830268984178404,1.8481311413796468,-7.473769301587978e-05,-0.0749409204023883
2026-06-29,2026-06-30,2026-07-01,KGC,1,23.63833605346133,23.42861559638055,-0.008872048210435302,38,0.9729551451187335,0.023828377284530966,1.0,0.714851318535929,0.5510390639802598,1.67152321391402,-0.00021140651204480014,-0.2127248500600147
2026-06-29,2026-06-30,2026-07-01,BBIO,1,72.52999877929688,74.4800033569336,0.026885490286170155,32,0.9683377308707124,0.03333333333333333,1.0,1.0,0.3839427357830936,1.0805713932883274,0.0008961830095390052,0.9017716364863827
2026-06-29,2026-06-30,2026-07-01,AAP,1,62.26568140734022,62.862957367545285,0.009592378123957301,32,0.9816031537450722,0.02250129653266472,1.0,0.6750388959799416,0.5835382283849874,1.1832013185968533,0.00021584094462060932,0.21718693590432564
2026-06-29,2026-06-30,2026-07-01,PFSI,1,85.7988571880288,86.55593807011948,0.008823904034427121,31,0.9644736842105264,0.03333333333333333,1.0,1.0,0.30578385455198587,0.8125306444728145,0.00029413013448090404,0.29596433974712677
2026-06-29,2026-06-30,2026-07-01,AGI,1,30.90999984741211,30.34000015258789,-0.0184406243169859,31,0.980921052631579,0.02206380602601418,1.0,0.6619141807804254,0.5951088719487091,1.5798871544475677,-0.00040687035792857706,-0.4094076149644792
2026-06-29,2026-06-30,2026-07-01,WLK,1,74.15961139205021,71.3592591341366,-0.03776115064990493,30,0.9868073878627969,0.03333333333333333,1.0,1.0,0.3652838810591124,0.7772465524019151,-0.0012587050216634975,-1.2665543478926196
2026-06-29,2026-06-30,2026-07-01,FTI,1,65.95865351664439,65.04921449891728,-0.01378801672319796,26,0.9657894736842105,0.03333333333333333,1.0,1.0,0.35497293522935974,0.482108736445242,-0.000459600557439932,-0.4624666417474885
2026-06-29,2026-06-30,2026-07-01,CHRD,1,116.080147575287,113.29486445022158,-0.023994482977883425,26,0.9967105263157895,0.029367872951776102,1.0,0.881036188553283,0.44709968395046246,-0.2807201224665731,-0.0007046669276380347,-0.709061253951752
2026-06-29,2026-06-30,2026-07-01,DAR,1,53.380001068115234,54.5,0.020981620634581866,26,0.9546052631578947,0.03333333333333333,1.0,1.0,0.27324109877319314,0.5169904104387574,0.0006993873544860621,0.7037487572066364
2026-06-29,2026-06-30,2026-07-01,MPC,1,259.90832766959187,256.7569589618143,-0.012124923953124589,25,0.9625,0.03333333333333333,1.0,1.0,0.36730806358402823,-0.012951188522972761,-0.0004041641317708196,-0.4066845126907165
2026-06-29,2026-06-30,2026-07-01,NE,1,38.369998931884766,36.81999969482422,-0.04039612406067927,20,0.9703947368421053,0.03333333333333333,1.0,1.0,0.39286255238822354,0.716292758087653,-0.001346537468689309,-1.3549345209688892
2026-06-29,2026-06-30,2026-07-01,DINO,1,70.82100661800492,69.25073631698324,-0.02217238042790637,20,0.986842105263158,0.03333333333333333,1.0,1.0,0.37793808668571294,-0.002710156421071204,-0.0007390793475968789,-0.7436882709019021
2026-06-29,2026-06-30,2026-07-01,WFRD,1,80.66577026193556,80.11750115543144,-0.006796799989931324,19,0.9710526315789474,0.032509721988086916,1.0,0.9752916596426076,0.40389046451544586,1.2458765971616406,-0.00022096207808129927,-0.22234000492299302
2026-06-29,2026-06-30,2026-07-01,S,1,16.459999084472656,17.299999237060547,0.0510328189131124,19,0.9776315789473684,0.024479171711488543,1.0,0.7343751513446563,0.5363893382419511,1.2093361911150668,0.0012492411370953786,1.2570314462266967
2026-06-29,2026-06-30,2026-07-01,CVE,1,25.11000061035156,24.76000022888184,-0.01393868470578341,18,0.9736842105263158,0.03332702917910247,1.0,0.9998108753730741,0.3939855138144072,0.09946336055594922,-0.0004645349519079531,-0.4674318072629402
2026-06-29,2026-06-30,2026-07-01,SU,1,54.20000076293945,53.68000030517578,-0.00959410425173346,18,0.969078947368421,0.03333333333333333,1.0,1.0,0.3376123721597613,-0.08407715251791838,-0.00031980347505778197,-0.3217977801266677
2026-06-29,2026-06-30,2026-07-01,APA,1,32.769360262261905,32.1139712722171,-0.02000005446549924,18,0.9618421052631579,0.02588967550329477,1.0,0.7766902650988431,0.507166137071337,-0.45101810535349446,-0.0005177949201599968,-0.5210239064420621
2026-06-29,2026-06-30,2026-07-01,MRNA,1,69.83499908447266,70.04000091552734,0.00293551705795414,15,0.9763157894736842,0.019047814732021537,1.0,0.5714344419606461,0.6893371706814637,1.6263085021562962,5.591518506259939e-05,0.05626387400970316
2026-06-29,2026-06-30,2026-07-01,PSLV,1,18.799999237060547,18.809999465942383,0.0005319270897694572,14,0.9809210526315789,0.023907811310441895,1.0,0.7172343393132569,0.549208229249394,1.7098617408178196,1.2717212493120671e-05,0.01279651745168169
2026-06-29,2026-06-30,2026-07-01,EGO,1,31.299999237060547,31.26000022888184,-0.0012779236151336804,14,0.9776315789473684,0.022136148445757946,1.0,0.6640844533727384,0.5931640161887631,1.5742804690250674,-2.8288306846938792e-05,-0.02846471366592302
2026-06-29,2026-06-30,2026-07-01,HUM,1,389.3599853515625,395.6700134277344,0.016206154493442426,9,0.9755936675461742,0.029066224079542177,1.0,0.8719867223862653,0.4517396782982224,0.5150840851657721,0.0004710517179740769,0.47398921209822076
2026-06-29,2026-06-30,2026-07-01,TEVA,1,33.279998779296875,33.83000183105469,0.01652653461333542,9,0.9644268774703557,0.03174565520798799,1.0,0.9523696562396399,0.4136114573477917,0.8323303817715888,0.0005246456696178254,0.5279173774005465
2026-06-29,2026-06-30,2026-07-01,ZIM,1,26.0,25.90999984741211,-0.0034615443303034343,5,0.9828496042216359,0.03333333333333333,1.0,1.0,0.35586022795253935,0.9691950850790217,-0.00011538481101011447,-0.11610435451547606
2026-06-29,2026-06-30,2026-07-01,PAAS,1,44.70446540170604,44.21616228912762,-0.010922915824864932,3,0.9782321899736148,0.022660598287094304,1.0,0.6798179486128291,0.5794360126190691,1.8364755296942612,-0.0002475198076310095,-0.2490633493543099
2026-06-30,2026-07-01,2026-07-02,KGC,1,23.42861559638055,24.197585411363146,0.03282182047074911,39,0.9729551451187335,0.02391007453436226,1.0,0.7173022360308677,0.5482962749222978,1.6137488189320288,0.0007847721738090681,0.7872500245409557
2026-06-30,2026-07-01,2026-07-02,BBIO,1,74.4800033569336,75.02999877929688,0.007384470966354861,33,0.9683377308707124,0.03333333333333333,1.0,1.0,0.3787403174407845,1.0835320089401692,0.0002461490322118287,0.24692622663840877
2026-06-30,2026-07-01,2026-07-02,AAP,1,62.862957367545285,62.325409345608634,-0.008551109340811491,33,0.9816031537450722,0.02245624068357412,1.0,0.6736872205072236,0.583793386659533,1.1623908732708303,-0.0001920257694688217,-0.19263207434213306
2026-06-30,2026-07-01,2026-07-02,PFSI,1,86.55593807011948,84.17512476486621,-0.027506065537924784,32,0.9644736842105264,0.03333333333333333,1.0,1.0,0.304925988133904,0.7925860987927722,-0.0009168688512641595,-0.9197637859088511
2026-06-30,2026-07-01,2026-07-02,AGI,1,30.34000015258789,31.059999465942383,0.023731025370251402,32,0.980921052631579,0.022457377391815324,1.0,0.6737213217544598,0.5837638372271928,1.5403593411827503,0.0005329365926344797,0.5346192941498756
2026-06-30,2026-07-01,2026-07-02,WLK,1,71.3592591341366,72.37214833437137,0.014194222481077379,31,0.9868073878627969,0.03333333333333333,1.0,1.0,0.36706982720594167,0.7353248836259197,0.00047314074936924595,0.47463465064561267
2026-06-30,2026-07-01,2026-07-02,FTI,1,65.04921449891728,65.61886979805912,0.00875729712541462,27,0.9657894736842105,0.03333333333333333,1.0,1.0,0.35497774881191807,0.4753971936927382,0.00029190990418048735,0.29283158462974196
2026-06-30,2026-07-01,2026-07-02,CHRD,1,113.29486445022158,111.26288843882135,-0.017935287899064623,27,0.9967105263157895,0.029370504579239492,1.0,0.8811151373771847,0.4463595361440257,-0.29085643952610823,-0.0005267684553694562,-0.5284316815212413
2026-06-30,2026-07-01,2026-07-02,DAR,1,54.5,56.59000015258789,0.03834862665298888,27,0.9546052631578947,0.03333333333333333,1.0,1.0,0.27436461503289855,0.5101490348779152,0.0012782875550996294,1.2823236382581247
2026-06-30,2026-07-01,2026-07-02,MPC,1,256.7569589618143,266.2708996137266,0.03705426598905648,26,0.9625,0.03333333333333333,1.0,1.0,0.368385154823478,0.0014948463241182786,0.001235142199635216,1.2390420550397425
2026-06-30,2026-07-01,2026-07-02,NE,1,36.81999969482422,37.630001068115234,0.021998951113649134,21,0.9703947368421053,0.03333333333333333,1.0,1.0,0.392812396935937,0.7036001922225339,0.0007332983704549711,0.7356136970740389
2026-06-30,2026-07-01,2026-07-02,DINO,1,69.25073631698324,72.2421995562405,0.043197565807305605,21,0.986842105263158,0.03333333333333333,1.0,1.0,0.38433805666230697,0.025896618720133418,0.0014399188602435202,1.444465280364911
2026-06-30,2026-07-01,2026-07-02,WFRD,1,80.11750115543144,80.82526979111944,0.008834132686126761,20,0.9710526315789474,0.03230155713350463,1.0,0.969046714005139,0.40585674387527404,1.1849837162782793,0.0002853562416858843,0.28625722950872995
2026-06-30,2026-07-01,2026-07-02,S,1,17.299999237060547,17.549999237060547,0.01445086768931425,20,0.9776315789473684,0.02479947500450423,1.0,0.7439842501351269,0.5286323520124615,1.238875321305266,0.0003583739320545466,0.3595054669629783
2026-06-30,2026-07-01,2026-07-02,CVE,1,24.76000022888184,24.709999084472656,-0.002019432308036029,19,0.9736842105263158,0.03333333333333333,1.0,1.0,0.38839127309583504,0.09844190223237419,-6.731441026786762e-05,-0.06752694973641075
2026-06-30,2026-07-01,2026-07-02,SU,1,53.68000030517578,53.9900016784668,0.005774988292262195,19,0.969078947368421,0.03333333333333333,1.0,1.0,0.3325888762902103,-0.08554437191787347,0.00019249960974207319,0.1931074107253475
2026-06-30,2026-07-01,2026-07-02,APA,1,32.1139712722171,31.955088771953545,-0.004947457258299592,19,0.9618421052631579,0.02620108462228317,1.0,0.7860325386684951,0.5003535154859909,-0.4648339426112891,-0.0001296287462898367,-0.13003803792196594
2026-06-30,2026-07-01,2026-07-02,MRNA,1,70.04000091552734,73.70999908447266,0.052398602526741334,16,0.9763157894736842,0.019481668577971293,1.0,0.5844500573391388,0.6729302856085492,1.6282262495655624,0.0010208122083748238,1.0240353352415221
2026-06-30,2026-07-01,2026-07-02,PSLV,1,18.809999465942383,19.5,0.036682645063703445,15,0.9809210526315789,0.02428396142383786,1.0,0.7285188427151358,0.5398544566718158,1.6709785068241383,0.0008907999376513108,0.893612561940423
2026-06-30,2026-07-01,2026-07-02,EGO,1,31.26000022888184,32.63999938964844,0.04414584615042916,15,0.9776315789473684,0.022164863553071002,1.0,0.66494590659213,0.5914678774771398,1.5432574382095343,0.000978486656359127,0.9815761439308303
2026-06-30,2026-07-01,2026-07-02,HUM,1,395.6700134277344,412.2200012207031,0.0418277535100382,10,0.9755936675461742,0.029569781075789538,1.0,0.8870934322736861,0.44335143255555126,0.5178479843145931,0.001236837514183917,1.2407427223985144
2026-06-30,2026-07-01,2026-07-02,TEVA,1,33.83000183105469,33.869998931884766,0.001182296738552413,10,0.9644268774703557,0.03223241602277332,1.0,0.9669724806831995,0.4067273390565197,0.834838145508997,3.810828033938943e-05,0.038228603961303315
2026-06-30,2026-07-01,2026-07-02,ZIM,1,25.90999984741211,25.6299991607666,-0.010806664928385668,6,0.983509234828496,0.03333333333333333,1.0,1.0,0.3567875098305529,0.9594567453020665,-0.00036022216427952227,-0.36135953482245303
2026-06-30,2026-07-01,2026-07-02,PAAS,1,44.21616228912762,45.64120240294599,0.03222894163677292,4,0.9782321899736148,0.022841589804344444,1.0,0.6852476941303334,0.5739444982858352,1.7879634391689863,0.0007361602646953245,0.7384846274996378
2026-06-30,2026-07-01,2026-07-02,AGX,1,780.5500360368426,761.5056538325066,-0.024398669303804965,0,0.9848284960422165,0.02221365181477247,1.0,0.6664095544431741,0.5901688254421577,1.663002855510606,-0.0005419835446585005,-0.5436948111478368
2026-07-01,2026-07-02,2026-07-06,BBIO,1,75.02999877929688,77.4800033569336,0.03265366676658865,34,0.9683377308707124,0.016666666666666666,0.5,1.0,0.384417162993869,1.0976612210501278,0.0005442277794431441,0.5513973193115944
2026-07-01,2026-07-02,2026-07-06,AAP,1,62.325409345608634,60.135408046433646,-0.03513817754538806,34,0.9816031537450722,0.011262082330137464,0.5,0.6757249398082479,0.5834500678579592,1.1627471977123218,-0.00039572904844714787,-0.4009422979303858
2026-07-01,2026-07-02,2026-07-06,PFSI,1,84.17512476486621,83.26862053209499,-0.010769265092311353,33,0.9644736842105264,0.016666666666666666,0.5,1.0,0.305348456644444,0.7977984327711631,-0.00017948775153852256,-0.1818522846240454
2026-07-01,2026-07-02,2026-07-06,AGI,1,31.059999465942383,31.96999931335449,0.029298128237572163,33,0.980921052631579,0.011264522921220675,0.5,0.6758713752732405,0.583323656553808,1.536845091288182,0.00033002943708099436,0.3343771739961064
2026-07-01,2026-07-02,2026-07-06,WLK,1,72.37214833437137,73.4346950260316,0.014681707205250971,32,0.9868073878627969,0.016666666666666666,0.5,1.0,0.36328166580337423,0.7234629706842461,0.00024469512008751617,0.2479186810400235
2026-07-01,2026-07-02,2026-07-06,FTI,1,65.61886979805912,66.95802574052823,0.0204080921629759,28,0.9657894736842105,0.016666666666666666,0.5,1.0,0.34211858064803036,0.4842345624487592,0.00034013486938293166,0.34461573309258325
2026-07-01,2026-07-02,2026-07-06,CHRD,1,111.26288843882135,111.2430672346533,-0.0001781474887644352,28,0.9967105263157895,0.014716988332005151,0.5,0.883019299920309,0.44648147783408376,-0.29511371491613225,-2.6217945135222114e-06,-0.002656333471292458
2026-07-01,2026-07-02,2026-07-06,DAR,1,56.59000015258789,56.619998931884766,0.0005301074256227611,28,0.9546052631578947,0.016666666666666666,0.5,1.0,0.27771330440027053,0.5223972164307793,8.835123760379351e-06,0.008951515783049613
2026-07-01,2026-07-02,2026-07-06,MPC,1,266.2708996137266,265.7922062270921,-0.0017977683153845847,27,0.9625,0.016666666666666666,0.5,1.0,0.3653331641038421,-0.004753631014565795,-2.9962805256409746e-05,-0.030357528816967874
2026-07-01,2026-07-02,2026-07-06,NE,1,37.630001068115234,37.81999969482422,0.005049126264042858,22,0.9703947368421053,0.016666666666666666,0.5,1.0,0.3933164791835081,0.6937060668770536,8.41521044007143e-05,0.08526070614855644
2026-07-01,2026-07-02,2026-07-06,DINO,1,72.2421995562405,72.20244170335536,-0.0005503411182017359,22,0.986842105263158,0.016666666666666666,0.5,1.0,0.3852432303628015,0.02086798809020922,-9.172351970028933e-06,-0.009293186564697856
2026-07-01,2026-07-02,2026-07-06,WFRD,1,80.82526979111944,83.0083804005115,0.027010248342306475,21,0.9710526315789474,0.016380973452828337,0.5,0.9828584071697003,0.40112773020861603,1.1854943442945192,0.00044245416104962297,0.44828295712992006
2026-07-01,2026-07-02,2026-07-06,S,1,17.549999237060547,17.479999542236328,-0.003988586773063796,21,0.9776315789473684,0.012423042007510448,0.5,0.7453825204506268,0.5289254190534138,1.245062154859972,-4.9550381032372075e-05,-0.050203147108870395
2026-07-01,2026-07-02,2026-07-06,CVE,1,24.709999084472656,24.600000381469727,-0.0044515866887283595,20,0.9736842105263158,0.016666666666666666,0.5,1.0,0.388225959235103,0.09763254303044662,-7.419311147880599e-05,-0.07517051559304645
2026-07-01,2026-07-02,2026-07-06,SU,1,53.9900016784668,55.09999847412109,0.02055930285508767,20,0.969078947368421,0.016666666666666666,0.5,1.0,0.3322846163964756,-0.08408863212840872,0.0003426550475847945,0.3471691115807533
2026-07-01,2026-07-02,2026-07-06,APA,1,31.955088771953545,31.945157351929797,-0.0003107930663132086,20,0.9618421052631579,0.013137795830671909,0.5,0.7882677498403146,0.5001495520580466,-0.47122061750633165,-4.0831358508114094e-06,-0.004136926205468874
2026-07-01,2026-07-02,2026-07-06,MRNA,1,73.70999908447266,78.55000305175781,0.06566278696786365,17,0.9763157894736842,0.009813592613539344,0.5,0.5888155568123606,0.6695675027996497,1.6298866712181788,0.0006443878411722343,0.652876868179926
2026-07-01,2026-07-02,2026-07-06,PSLV,1,19.5,19.75,0.012820512820512775,16,0.9809210526315789,0.0121351696659285,0.5,0.7281101799557099,0.5414726683376676,1.6819290991999665,0.00015557909828113405,0.15762866390412641
2026-07-01,2026-07-02,2026-07-06,EGO,1,32.63999938964844,34.20000076293945,0.04779416061465236,16,0.9776315789473684,0.011221723448872031,0.5,0.6733034069323218,0.5855484435771858,1.5485507556093445,0.0005363328528886005,0.5433983866904196
2026-07-01,2026-07-02,2026-07-06,HUM,1,412.2200012207031,398.0,-0.03449614569548676,11,0.9755936675461742,0.014974409947934853,0.5,0.8984645968760911,0.4388061180765808,0.522689031444859,-0.0005165594272679069,-0.5233644702078512
2026-07-01,2026-07-02,2026-07-06,TEVA,1,33.869998931884766,35.0,0.03336289057427355,11,0.9644268774703557,0.01616924504973922,0.5,0.9701547029843531,0.4063803028235139,0.8370239659371337,0.0005394527532630638,0.5465593879622741
2026-07-01,2026-07-02,2026-07-06,ZIM,1,25.6299991607666,23.950000762939453,-0.06554812535455812,7,0.9881266490765171,0.016666666666666666,0.5,1.0,0.3560230874943586,0.9441843751518874,-0.001092468755909302,-1.1068607046417653
2026-07-01,2026-07-02,2026-07-06,PAAS,1,45.64120240294599,46.886871203231756,0.02729263767611334,5,0.9782321899736148,0.011452784467517884,0.5,0.6871670680510731,0.5737349478964484,1.7978995563819513,0.00031257669685458425,0.3166945151187318
2026-07-01,2026-07-02,2026-07-06,AGX,1,761.5056538325066,723.02719782359,-0.05052944231636658,1,0.9887862796833773,0.011841631463555907,0.5,0.7104978878133544,0.5548950514093665,1.6575329036551145,-0.0005983510339694197,-0.6062335819675423
2026-07-01,2026-07-02,2026-07-06,LBRT,1,24.3799991607666,23.850000381469727,-0.02173908111325007,0,0.9861477572559367,0.01342069649847205,0.5,0.805241789908323,0.489606683266306,1.2099886393827897,-0.00029175360977659506,-0.2955971091642924
2026-07-02,2026-07-06,2026-07-07,BBIO,1,77.4800033569336,78.05000305175781,0.007356732964999502,35,0.9683377308707124,0.016666666666666666,0.5,1.0,0.35774880767010425,1.1087566052399298,0.00012261221608332503,0.12437840866698734
2026-07-02,2026-07-06,2026-07-07,AAP,1,60.135408046433646,56.6911361331466,-0.05727527300766877,35,0.9816031537450722,0.01119853640475422,0.5,0.6719121842852532,0.5811162336480971,1.1625180100859935,-0.0006413992298686154,-0.6506383954195488
2026-07-02,2026-07-06,2026-07-07,PFSI,1,83.26862053209499,81.93377316872429,-0.016030616994023528,34,0.9644736842105264,0.016666666666666666,0.5,1.0,0.3041599388300026,0.800686620271735,-0.0002671769499003921,-0.2710255545705736
2026-07-02,2026-07-06,2026-07-07,AGI,1,31.96999931335449,31.489999771118164,-0.015014061699895609,34,0.980921052631579,0.011487355165713658,0.5,0.6892413099428194,0.5665056232722117,1.5289575813627783,-0.0001724718592266394,-0.17495626517236937
2026-07-02,2026-07-06,2026-07-07,WLK,1,73.4346950260316,74.51710062674904,0.01473970308358652,33,0.9868073878627969,0.016666666666666666,0.5,1.0,0.36226149677786895,0.7251231732116308,0.0002456617180597753,0.2492004022006121
2026-07-02,2026-07-06,2026-07-07,FTI,1,66.95802574052823,67.10793176575461,0.002238805932051946,29,0.9657894736842105,0.016666666666666666,0.5,1.0,0.34074779217444595,0.4888891072279879,3.731343220086577e-05,0.03785092111778877
2026-07-02,2026-07-06,2026-07-07,CHRD,1,111.2430672346533,111.59988940054744,0.003207590142597194,29,0.9967105263157895,0.014604214978974536,0.5,0.8762528987384721,0.44560089722527646,-0.2869549227440818,4.6844336006929014e-05,0.04751911476458394
2026-07-02,2026-07-06,2026-07-07,DAR,1,56.619998931884766,58.09999847412109,0.02613916584521303,29,0.9546052631578947,0.016666666666666666,0.5,1.0,0.2829136586416051,0.5196320373265578,0.00043565276408688385,0.4419282128599436
2026-07-02,2026-07-06,2026-07-07,MPC,1,265.7922062270921,266.9191249625111,0.004239848682606517,28,0.9625,0.016666666666666666,0.5,1.0,0.37185350514029586,-0.0070292566938433805,7.066414471010863e-05,0.07168204074285807
2026-07-02,2026-07-06,2026-07-07,NE,1,37.81999969482422,37.880001068115234,0.0015864985133573484,23,0.9703947368421053,0.016557889359860432,0.5,0.9934733615916259,0.3930242047442168,0.6977970441582728,2.626906685375403e-05,0.026647464965613453
2026-07-02,2026-07-06,2026-07-07,DINO,1,72.20244170335536,74.37894657891124,0.030144477447148876,23,0.986842105263158,0.016575921909392877,0.5,0.9945553145635726,0.3925966430991849,0.016536330708699802,0.0004996725041633946,0.5068701382923921
2026-07-02,2026-07-06,2026-07-07,WFRD,1,83.0083804005115,83.54668280721603,0.006484916391661377,22,0.9710526315789474,0.01629548086694707,0.5,0.9777288520168242,0.3993531305419569,1.188247355710827,0.00010567483098406942,0.10719704556207682
2026-07-02,2026-07-06,2026-07-07,S,1,17.479999542236328,18.450000762939453,0.05549206213417479,22,0.9776315789473684,0.0122402764782919,0.5,0.734416588697514,0.5316588485107487,1.2348697850347496,0.0006792381828728524,0.6890224073119166
2026-07-02,2026-07-06,2026-07-07,CVE,1,24.600000381469727,24.56999969482422,-0.0012195400886296781,21,0.9736842105263158,0.016666666666666666,0.5,1.0,0.38892975533863205,0.10139123410574986,-2.032566814382797e-05,-0.02061845336116075
2026-07-02,2026-07-06,2026-07-07,SU,1,55.09999847412109,55.470001220703125,0.0067151135540559626,21,0.969078947368421,0.016666666666666666,0.5,1.0,0.3321349915819478,-0.08230896032747541,0.00011191855923426604,0.11353071286469547
2026-07-02,2026-07-06,2026-07-07,APA,1,31.945157351929797,32.37215426894374,0.013366561707924829,21,0.9618421052631579,0.013048781660548759,0.5,0.7829268996329255,0.49871715744749456,-0.4638093014293955,0.0001744173452789628,0.1769297753738925
2026-07-02,2026-07-06,2026-07-07,MRNA,1,78.55000305175781,82.0999984741211,0.04519408382484902,18,0.9763157894736842,0.0097794799449541,0.5,0.586768796697246,0.6654394031719054,1.6239339208887438,0.0004419746363956855,0.4483411498631398
2026-07-02,2026-07-06,2026-07-07,PSLV,1,19.75,19.61000061035156,-0.007088576691060333,17,0.9809210526315789,0.01255651207359672,0.5,0.7533907244158031,0.5182690272393301,1.6821266638730266,-8.900779880591536e-05,-0.09028992973186062
2026-07-02,2026-07-06,2026-07-07,EGO,1,34.20000076293945,33.13999938964844,-0.030994191510067992,17,0.9776315789473684,0.011336172013599682,0.5,0.6801703208159809,0.5740607402653057,1.5420220532419266,-0.00035135548638058167,-0.3564166578861413
2026-07-02,2026-07-06,2026-07-07,HUM,1,398.0,395.1499938964844,-0.007160819355566894,12,0.9755936675461742,0.014932598516720155,0.5,0.8959559110032093,0.4358016651030431,0.5170575614291741,-0.00010692964048743917,-0.10846993022393857
2026-07-02,2026-07-06,2026-07-07,TEVA,1,35.0,35.209999084472656,0.005999973842075956,12,0.9644268774703557,0.016666666666666666,0.5,1.0,0.38929270315426134,0.8406108238315075,9.999956403459928e-05,0.1014400280765129
2026-07-02,2026-07-06,2026-07-07,ZIM,1,23.950000762939453,24.170000076293945,0.009185774795252621,8,0.9881266490765171,0.016666666666666666,0.5,1.0,0.35910034304773486,0.9566230743083984,0.00015309624658754368,0.1553015525835278
2026-07-02,2026-07-06,2026-07-07,PAAS,1,46.886871203231756,44.61477497396415,-0.04845911384061374,6,0.9782321899736148,0.01169672571884275,0.5,0.701803543130565,0.5563652131654608,1.7953530179841766,-0.0005668129631718355,-0.5749777356868141
2026-07-02,2026-07-06,2026-07-07,AGX,1,723.02719782359,704.1327268425215,-0.026132448458292323,2,0.983509234828496,0.011755547101657394,0.5,0.7053328260994437,0.5535813213648195,1.6661544525422212,-0.00030720122873308955,-0.31162637126139686
2026-07-02,2026-07-06,2026-07-07,LBRT,1,23.850000381469727,23.38999938964844,-0.01928725301734935,1,0.9861477572559367,0.012769431676803032,0.5,0.7661659006081819,0.5096273242703263,1.2251810332396054,-0.0002462872596382556,-0.24983495451988133
2026-07-06,2026-07-07,2026-07-08,BBIO,1,78.05000305175781,77.11000061035156,-0.012043592628470545,36,0.9683377308707124,0.016666666666666666,0.5,1.0,0.364720525338004,1.1031428168384323,-0.00020072654380784243,-0.20371610239410048
2026-07-06,2026-07-07,2026-07-08,AAP,1,56.6911361331466,55.29750016719727,-0.02458296060033427,36,0.9816031537450722,0.011300193095688001,0.5,0.6780115857412801,0.5808166973635183,1.1702767075752454,-0.00027779220164746745,-0.28192955212377385
2026-07-06,2026-07-07,2026-07-08,PFSI,1,81.93377316872429,79.99127528401908,-0.023708146342840353,35,0.9644736842105264,0.016666666666666666,0.5,1.0,0.3056626632184631,0.804030338435787,-0.0003951357723806725,-0.40102080142889446
2026-07-06,2026-07-07,2026-07-08,AGI,1,31.489999771118164,29.989999771118164,-0.04763416992386782,35,0.980921052631579,0.011498734066540022,0.5,0.6899240439924013,0.5707881228861614,1.5230669495716402,-0.0005477326524349351,-0.5558904118572681
2026-07-06,2026-07-07,2026-07-08,WLK,1,74.51710062674904,77.17843165054093,0.035714366251611285,34,0.9868073878627969,0.016666666666666666,0.5,1.0,0.3685020091227415,0.7257145825805092,0.0005952394375268547,0.6041047482006705
2026-07-06,2026-07-07,2026-07-08,FTI,1,67.10793176575461,68.0273552269714,0.013700667522076104,30,0.9657894736842105,0.016666666666666666,0.5,1.0,0.34408521054225927,0.4859587746142036,0.0002283444587012684,0.23174534990471746
2026-07-06,2026-07-07,2026-07-08,CHRD,1,111.59988940054744,118.94473345938421,0.06581408008815415,30,0.9967105263157895,0.01484978585745424,0.5,0.8909871514472544,0.44198218724567634,-0.28589332322071465,0.0009773249957144322,0.9918809696134285
2026-07-06,2026-07-07,2026-07-08,DAR,1,58.09999847412109,59.95000076293945,0.03184169255430169,30,0.9546052631578947,0.016666666666666666,0.5,1.0,0.282628287292649,0.5200877081144379,0.0005306948759050282,0.5385988799936147
2026-07-06,2026-07-07,2026-07-08,MPC,1,266.9191249625111,270.8882685847214,0.014870210678113782,29,0.9625,0.016666666666666666,0.5,1.0,0.36810122728250755,-0.005970999218613476,0.0002478368446352297,0.25152804935990053
2026-07-06,2026-07-07,2026-07-08,NE,1,37.880001068115234,38.56999969482422,0.018215380339304588,24,0.9703947368421053,0.01653812948620103,0.5,0.9922877691720617,0.3968611346817554,0.6968724271508171,0.00030124831869181973,0.3057350172651937
2026-07-06,2026-07-07,2026-07-08,DINO,1,74.37894657891124,75.04482437574839,0.008952503732096995,24,0.986842105263158,0.016666666666666666,0.5,1.0,0.38905518784025334,0.01863699875263027,0.0001492083955349499,0.1514306588766648
2026-07-06,2026-07-07,2026-07-08,WFRD,1,83.54668280721603,83.88562411201785,0.004056909184340984,23,0.9710526315789474,0.016157221486511428,0.5,0.9694332891906857,0.4062171728528216,1.186042645710383,6.55483802420597e-05,0.06652463738897471
2026-07-06,2026-07-07,2026-07-08,S,1,18.450000762939453,18.0,-0.02439028424559042,23,0.9776315789473684,0.012407492661501431,0.5,0.7444495596900859,0.5289820443555521,1.2348541998136748,-0.0003026222727890971,-0.3071294346065977
2026-07-06,2026-07-07,2026-07-08,CVE,1,24.56999969482422,25.82999992370605,0.051282061234508625,22,0.9736842105263158,0.016666666666666666,0.5,1.0,0.38561091731045544,0.10214773224601452,0.0008547010205751437,0.867430671204659
2026-07-06,2026-07-07,2026-07-08,SU,1,55.470001220703125,58.09000015258789,0.04723271812200536,22,0.969078947368421,0.016666666666666666,0.5,1.0,0.33638925539384434,-0.08521114962208137,0.0007872119687000892,0.7989364584242057
2026-07-06,2026-07-07,2026-07-08,APA,1,32.37215426894374,34.67593958338167,0.07116564734303354,22,0.9618421052631579,0.013172185151331773,0.5,0.7903311090799063,0.4982727435124119,-0.463043916495767,0.0009374070832168198,0.9513685321676509
2026-07-06,2026-07-07,2026-07-08,MRNA,1,82.0999984741211,77.33999633789062,-0.05797810261507952,19,0.9763157894736842,0.009516295747164347,0.5,0.5709777448298609,0.6896949199338693,1.6131800428184957,-0.0005517367713445393,-0.5599541668660125
2026-07-06,2026-07-07,2026-07-08,PSLV,1,19.61000061035156,18.600000381469727,-0.05150434459184472,18,0.9809210526315789,0.012560506005595155,0.5,0.7536303603357093,0.5225379320294784,1.677829330284302,-0.000646920629560108,-0.6565556638014205
2026-07-06,2026-07-07,2026-07-08,EGO,1,33.13999938964844,31.020000457763672,-0.0639710009333001,18,0.9776315789473684,0.011340251831834779,0.5,0.6804151099100867,0.5787649984088256,1.533244671855918,-0.0007254472605181609,-0.7362518459278297
2026-07-06,2026-07-07,2026-07-08,HUM,1,395.1499938964844,396.2000122070313,0.002657265156941868,13,0.9781746031746031,0.014756445677522292,0.5,0.8853867406513375,0.44477789413782237,0.523735930789662,3.9211788939185426e-05,0.03979579710313758
2026-07-06,2026-07-07,2026-07-08,TEVA,1,35.209999084472656,34.16999816894531,-0.02953709010421346,13,0.9644268774703557,0.016609785435450813,0.5,0.9965871261270487,0.39514904385213684,0.8352266780137243,-0.000490604729018563,-0.4979116429536743
2026-07-06,2026-07-07,2026-07-08,ZIM,1,24.170000076293945,23.959999084472656,-0.008688497772379344,9,0.9854497354497354,0.016666666666666666,0.5,1.0,0.3588929298501629,0.955243422330076,-0.0001448082962063224,-0.14696502583994495
2026-07-06,2026-07-07,2026-07-08,PAAS,1,44.61477497396415,43.000393310607436,-0.03618491103673216,7,0.9782321899736148,0.011660642192274025,0.5,0.6996385315364415,0.562862724469515,1.789118641254321,-0.0004219393003586011,-0.42822353279910147
2026-07-06,2026-07-07,2026-07-08,AGX,1,704.1327268425215,650.7564205624112,-0.07580432530023251,3,0.9940476190476191,0.011504389107730988,0.5,0.6902633464638592,0.5705075490707238,1.6710640113446864,-0.0008720824543028915,-0.8850709785893558
2026-07-06,2026-07-07,2026-07-08,LBRT,1,23.38999938964844,24.290000915527344,0.03847804828405477,2,0.9861477572559367,0.012923022500009667,0.5,0.77538135000058,0.5078797033281206,1.2309293562652204,0.0004972526837312981,0.5046586102320397
2026-07-07,2026-07-08,2026-07-09,BBIO,1,77.11000061035156,84.0,0.089352863897183,37,0.9683377308707124,0.03333333333333333,1.0,1.0,0.3630269959851548,1.102356727114157,0.0029784287965727665,3.0247040716359916
2026-07-07,2026-07-08,2026-07-09,AAP,1,55.29750016719727,54.242319852655584,-0.019081880941294815,37,0.9816031537450722,0.0218872631379673,1.0,0.656617894139019,0.598335288122004,1.1260224828635024,-0.0004176501493294828,-0.42413909932978433
2026-07-07,2026-07-08,2026-07-09,PFSI,1,79.99127528401908,80.88780907240682,0.011207894676069197,36,0.9644736842105264,0.03333333333333333,1.0,1.0,0.300441233796994,0.8004216125595155,0.00037359648920230656,0.37940098596260696
2026-07-07,2026-07-08,2026-07-09,AGI,1,29.989999771118164,29.799999237060547,-0.006335463004591202,36,0.980921052631579,0.022967364621024958,1.0,0.6890209386307488,0.5701969778400007,1.514402925736988,-0.00014550888886946046,-0.1477696324750577
2026-07-07,2026-07-08,2026-07-09,WLK,1,77.17843165054093,74.69584751923927,-0.032166812387982247,35,0.9868073878627969,0.03333333333333333,1.0,1.0,0.3633894667515064,0.7196160040569904,-0.0010722270795994083,-1.0888860654028614
2026-07-07,2026-07-08,2026-07-09,FTI,1,68.0273552269714,70.40585761899673,0.03496391097507079,31,0.9657894736842105,0.03333333333333333,1.0,1.0,0.34252545400002926,0.4875354407214183,0.0011654636991690263,1.1835712843888946
2026-07-07,2026-07-08,2026-07-09,CHRD,1,118.94473345938421,119.34121663002031,0.0033333394350871792,31,0.9967105263157895,0.030087667359050323,1.0,0.9026300207715097,0.43525879688770724,-0.30017966741482827,0.00010029240811770777,0.10185063196302534
2026-07-07,2026-07-08,2026-07-09,DAR,1,59.95000076293945,60.880001068115234,0.015512932332616414,31,0.9546052631578947,0.03333333333333333,1.0,1.0,0.2748036994309983,0.5230913896128476,0.0005170977444205471,0.5251317925687415
2026-07-07,2026-07-08,2026-07-09,MPC,1,270.8882685847214,280.66150887009815,0.03607849220063253,30,0.9625,0.03333333333333333,1.0,1.0,0.3675125603510112,-0.0077639126247018185,0.0012026164066877509,1.2213012263749163
2026-07-07,2026-07-08,2026-07-09,NE,1,38.56999969482422,39.18999862670898,0.01607464186648566,25,0.9703947368421053,0.03333333333333333,1.0,1.0,0.3922694418686514,0.6794537481805714,0.0005358213955495221,0.5441463494622518
2026-07-07,2026-07-08,2026-07-09,DINO,1,75.04482437574839,76.7741013636756,0.023043254512379763,25,0.986842105263158,0.03333333333333333,1.0,1.0,0.39175806477894287,0.02330772886943811,0.000768108483745992,0.7800424374482404
2026-07-07,2026-07-08,2026-07-09,WFRD,1,83.88562411201785,83.99527382739556,0.0013071335707210974,24,0.9710526315789474,0.03224970736297797,1.0,0.9674912208893391,0.40607878231142164,1.1728154038895486,4.215467514007986e-05,0.042809624215764584
2026-07-07,2026-07-08,2026-07-09,S,1,18.0,17.3799991607666,-0.0344444910685221,24,0.9776315789473684,0.024584252190147305,1.0,0.7375275657044191,0.532695556267775,1.2499391104987945,-0.0008467920549898236,-0.8599485001971418
2026-07-07,2026-07-08,2026-07-09,CVE,1,25.82999992370605,26.5,0.0259388338471902,23,0.986737400530504,0.03333333333333333,1.0,1.0,0.3816658705544588,0.08880190726271162,0.00086462779490634,0.8780613505725493
2026-07-07,2026-07-08,2026-07-09,SU,1,58.09000015258789,58.900001525878906,0.013943903790038625,23,0.969078947368421,0.03333333333333333,1.0,1.0,0.3345731173349621,-0.0895838785384123,0.0004647967930012875,0.47201825133172975
2026-07-07,2026-07-08,2026-07-09,APA,1,34.67593958338167,34.348248356413656,-0.009450103757968842,23,0.9618421052631579,0.026361957901150968,1.0,0.790858737034529,0.4967734925062608,-0.46759653615555635,-0.00024912323742908314,-0.25299381722939174
2026-07-07,2026-07-08,2026-07-09,MRNA,1,77.33999633789062,73.80000305175781,-0.04577183157168696,20,0.9763157894736842,0.019016627180076334,1.0,0.57049881540229,0.6886563937888178,1.6066647099959384,-0.0008704258563480183,-0.8839494953791064
2026-07-07,2026-07-08,2026-07-09,PSLV,1,18.600000381469727,19.15999984741211,0.0301074975514668,19,0.9809210526315789,0.025160613905505023,1.0,0.7548184171651507,0.5204929396811123,1.6788690523907257,0.000757523121553394,0.7692926125202331
2026-07-07,2026-07-08,2026-07-09,EGO,1,31.020000457763672,30.420000076293945,-0.019342371779996537,19,0.9776315789473684,0.02262919749150115,1.0,0.6788759247450344,0.5787179108219026,1.5197396165180383,-0.00043770235096358024,-0.4445028481619578
2026-07-07,2026-07-08,2026-07-09,HUM,1,396.2000122070313,394.9599914550781,-0.0031297847393937372,14,0.9781746031746031,0.029305508427455818,1.0,0.8791652528236745,0.4468757786023751,0.5247542084901399,-9.171993305642578e-05,-0.09314496800634657
2026-07-07,2026-07-08,2026-07-09,TEVA,1,34.16999816894531,32.88999938964844,-0.03745972630634131,14,0.9644268774703557,0.033059383920749225,1.0,0.9917815176224768,0.39613327118411074,0.8354083810393985,-0.0012383954735275266,-1.257636185691095
2026-07-07,2026-07-08,2026-07-09,ZIM,1,23.959999084472656,24.600000381469727,0.026711240461266383,10,0.9675066312997348,0.03333333333333333,1.0,1.0,0.3861372589199718,0.9159897975411002,0.0008903746820422127,0.9042082621392915
2026-07-07,2026-07-08,2026-07-09,PAAS,1,43.000393310607436,43.28938690947255,0.006720719896155414,8,0.9782321899736148,0.02318028964014267,1.0,0.6954086892042801,0.5649593727758606,1.765977732795545,0.00015578823378315206,0.15820868559258422
2026-07-07,2026-07-08,2026-07-09,AGX,1,650.7564205624112,686.4572331305767,0.054860484568575396,4,0.9953580901856764,0.022881184896633783,1.0,0.6864355468990135,0.572344568474879,1.6751135244757656,0.0012552728909324981,1.274775824282509
2026-07-07,2026-07-08,2026-07-09,LBRT,1,24.290000915527344,24.459999084472656,0.006998689276979109,3,0.9861477572559367,0.025729484906410947,1.0,0.7718845471923284,0.5089850008071755,1.2093166838083553,0.00018007267011669413,0.18287042454030433
2026-07-07,2026-07-08,2026-07-09,PR,1,19.489999771118164,19.549999237060547,0.0030784744303227196,0,0.9721485411140584,0.03333333333333333,1.0,1.0,0.34810067750373563,-0.10307789438525085,0.00010261581434409065,0.1042101365048466
2026-07-08,2026-07-09,2026-07-10,BBIO,1,84.0,90.80999755859376,0.08107139950706865,38,0.9683377308707124,0.03333333333333333,1.0,1.0,0.3620485563125556,1.092974353710457,0.002702379983568955,2.7634445552153
2026-07-08,2026-07-09,2026-07-10,AAP,1,54.242319852655584,55.11000061035156,0.015996379949326567,38,0.9816031537450722,0.022144341739136007,1.0,0.6643302521740803,0.5972107670809077,1.1072255512583702,0.0003542293041869506,0.3622336784260581
2026-07-08,2026-07-09,2026-07-10,PFSI,1,80.88780907240682,82.20273080496739,0.01625611754898082,37,0.9644736842105264,0.03333333333333333,1.0,1.0,0.30642000937875463,0.8135822002789919,0.0005418705849660273,0.5541150122338037
2026-07-08,2026-07-09,2026-07-10,AGI,1,29.799999237060547,29.59000015258789,-0.007046949323793683,37,0.980921052631579,0.02310468908672524,1.0,0.6931406726017572,0.572387677102718,1.5286035901725576,-0.0001628175731361617,-0.16649669502890402
2026-07-08,2026-07-09,2026-07-10,WLK,1,74.69584751923927,74.77529548472899,0.0010636195736215548,36,0.9868073878627969,0.03333333333333333,1.0,1.0,0.3669982441238836,0.7177426241920289,3.545398578738516e-05,0.03625512495671954
2026-07-08,2026-07-09,2026-07-10,FTI,1,70.40585761899673,70.65570398691949,0.0035486588243098804,32,0.9657894736842105,0.03333333333333333,1.0,1.0,0.3431234703775559,0.4825790665418058,0.00011828862747699601,0.12096154705582493
2026-07-08,2026-07-09,2026-07-10,CHRD,1,119.34121663002031,117.66607299918839,-0.014036589186325998,32,0.9967105263157895,0.02959860228500559,1.0,0.8879580685501677,0.4468062102794217,-0.3184498671778768,-0.00041546342076407346,-0.4248514772098505
2026-07-08,2026-07-09,2026-07-10,DAR,1,60.880001068115234,61.09000015258789,0.003449393574052273,32,0.9546052631578947,0.03333333333333333,1.0,1.0,0.2744182535617355,0.5206901809609642,0.00011497978580174243,0.11757793684292177
2026-07-08,2026-07-09,2026-07-10,MPC,1,280.66150887009815,285.538151262353,0.01737552973290657,31,0.9625,0.03333333333333333,1.0,1.0,0.36821699962473486,-0.006816979818268042,0.000579184324430219,0.5922719149580692
2026-07-08,2026-07-09,2026-07-10,NE,1,39.18999862670898,39.2400016784668,0.001275913587905686,26,0.9582228116710876,0.03333333333333333,1.0,1.0,0.39667757389037683,0.6705598612513233,4.253045293018953e-05,0.04349149612392913
2026-07-08,2026-07-09,2026-07-10,DINO,1,76.7741013636756,77.28096247103396,0.006601980333933,26,0.986842105263158,0.03333333333333333,1.0,1.0,0.3922018082888749,0.021531102635506557,0.0002200660111311,0.22503875248699656
2026-07-08,2026-07-09,2026-07-10,WFRD,1,83.99527382739556,82.57973426576825,-0.01685260964249191,25,0.9710526315789474,0.03256103498020695,1.0,0.9768310494062087,0.40615537327269324,1.187644913294822,-0.0005487384120769521,-0.5611380288159427
2026-07-08,2026-07-09,2026-07-10,S,1,17.3799991607666,18.940000534057617,0.08975842627268604,25,0.9776315789473684,0.024833926623705833,1.0,0.745017798711175,0.5325311424536096,1.2436699799953235,0.002229054171915195,2.2794231944109637
2026-07-08,2026-07-09,2026-07-10,CVE,1,26.5,26.100000381469727,-0.015094325227557492,24,0.9907161803713528,0.03333333333333333,1.0,1.0,0.38755032286005814,0.08138882286601867,-0.0005031441742519164,-0.5145135167070327
2026-07-08,2026-07-09,2026-07-10,SU,1,58.900001525878906,58.56999969482422,-0.005602747410960451,24,0.969078947368421,0.03333333333333333,1.0,1.0,0.34148909436023395,-0.10024517702179041,-0.00018675824703201505,-0.19097834650942863
2026-07-08,2026-07-09,2026-07-10,APA,1,34.348248356413656,33.116912435638284,-0.03584857975866629,24,0.9618421052631579,0.026219159028778725,1.0,0.7865747708633617,0.5043960144570352,-0.48376752718788874,-0.0009399196136483294,-0.9611585914894961
2026-07-08,2026-07-09,2026-07-10,MRNA,1,73.80000305175781,76.72200012207031,0.039593454600038935,21,0.9763157894736842,0.019136303381551444,1.0,0.5740891014465433,0.6910864158477297,1.6181250807031733,0.0007576723591500287,0.7747931705611126
2026-07-08,2026-07-09,2026-07-10,PSLV,1,19.15999984741211,19.040000915527344,-0.006262992319437499,20,0.9809210526315789,0.025273269314948364,1.0,0.7581980794484509,0.523273785901102,1.6893184016372897,-0.00015828629160659702,-0.16186302198989422
2026-07-08,2026-07-09,2026-07-10,EGO,1,30.420000076293945,30.3700008392334,-0.001643630405494645,20,0.9776315789473684,0.022625748049629434,1.0,0.678772441488883,0.5845039592734161,1.5369440475706984,-3.7188367441432096e-05,-0.03802869772135033
2026-07-08,2026-07-09,2026-07-10,HUM,1,394.9599914550781,398.6600036621094,0.009368068379280503,15,0.9781746031746031,0.029634051796655948,1.0,0.8890215538996784,0.4462717217098046,0.5333941672767084,0.0002776138235862132,0.28388694924710106
2026-07-08,2026-07-09,2026-07-10,TEVA,1,32.88999938964844,33.02000045776367,0.003952601718689941,15,0.9644268774703557,0.03325304374237264,1.0,0.9975913122711791,0.3977031221259138,0.8464372427883752,0.00013143603784777387,0.13440604406409704
2026-07-08,2026-07-09,2026-07-10,ZIM,1,24.600000381469727,24.18000030517578,-0.017073173568335265,11,0.9781167108753315,0.03333333333333333,1.0,1.0,0.38666945539199965,0.9263734250892203,-0.0005691057856111755,-0.5819656355327646
2026-07-08,2026-07-09,2026-07-10,PAAS,1,43.28938690947255,43.60827713098247,0.00736647581026717,9,0.9782321899736148,0.023376045588065764,1.0,0.7012813676419729,0.5657432206276536,1.770191394501423,0.00017219907436418906,0.17609018619075725
2026-07-08,2026-07-09,2026-07-10,AGX,1,686.4572331305767,678.6436123416208,-0.011382531076731373,5,0.9867374005305041,0.022052274271970655,1.0,0.6615682281591196,0.5997041009661526,1.701365321173925,-0.0002510106972133097,-0.25668268294336166
2026-07-08,2026-07-09,2026-07-10,LBRT,1,24.459999084472656,24.290000915527344,-0.006950048050215485,4,0.9728116710875332,0.025950872127303418,1.0,0.7785261638191026,0.5096105923398646,1.2141464633584123,-0.0001803598082297565,-0.18443532481096714
2026-07-08,2026-07-09,2026-07-10,PR,1,19.549999237060547,19.200000762939453,-0.017902735947815773,1,0.9721485411140584,0.03333333333333333,1.0,1.0,0.3631033606449203,-0.11606219940379506,-0.0005967578649271924,-0.6102425575388658
2026-07-08,2026-07-09,2026-07-10,PEN,1,317.1199951171875,318.239990234375,0.0035317707316866453,0,0.9701591511936339,0.03333333333333333,1.0,1.0,0.08537392750168142,0.1436223018014128,0.00011772569105622151,0.12038589019173464
2026-07-09,2026-07-10,2026-07-13,BBIO,1,90.80999755859376,84.83999633789062,-0.06574167361750105,39,0.9683377308707124,0.03333333333333333,1.0,1.0,0.3619043022130715,1.0887056432279698,-0.002191389120583368,-2.2494489322385975
2026-07-09,2026-07-10,2026-07-13,AAP,1,55.11000061035156,58.5,0.06151332520601849,39,0.9816031537450722,0.02220816115254639,1.0,0.6662448345763917,0.5978002624776252,1.140690514767417,0.0013660978392042525,1.4022919511955085
2026-07-09,2026-07-10,2026-07-13,PFSI,1,82.20273080496739,82.0832015059297,-0.0014540794188612205,38,0.9644736842105264,0.03333333333333333,1.0,1.0,0.3037845251644631,0.8052909058638659,-4.8469313962040685e-05,-0.049753485364217365
2026-07-09,2026-07-10,2026-07-13,AGI,1,29.59000015258789,28.959999084472656,-0.02129101266868816,38,0.980921052631579,0.023024337007434028,1.0,0.6907301102230209,0.5766092010315477,1.5582411250240058,-0.0004902114509134235,-0.5031993699661992
2026-07-09,2026-07-10,2026-07-13,WLK,1,74.77529548472899,76.1754643329775,0.018725019261668585,37,0.9868073878627969,0.03333333333333333,1.0,1.0,0.3582397043786055,0.7060983119304077,0.0006241673087222861,0.6407043244651225
2026-07-09,2026-07-10,2026-07-13,FTI,1,70.65570398691949,72.09480215127832,0.02036775636154231,33,0.9657894736842105,0.03333333333333333,1.0,1.0,0.3467703827835989,0.47327348711334144,0.0006789252120514103,0.6969130123783546
2026-07-09,2026-07-10,2026-07-13,CHRD,1,117.66607299918839,118.87535015163138,0.010277194790475619,33,0.9967105263157895,0.02922094760172352,1.0,0.8766284280517056,0.45433312933885067,-0.33738368779508227,0.00030030937046519396,0.30826592428931265
2026-07-09,2026-07-10,2026-07-13,DAR,1,61.09000015258789,61.65999984741211,0.00933049097070704,33,0.9546052631578947,0.03333333333333333,1.0,1.0,0.29135042530357486,0.48864894670250714,0.00031101636569023466,0.3192565962563433
2026-07-09,2026-07-10,2026-07-13,MPC,1,285.538151262353,290.0258859797841,0.015716760431455645,32,0.9625,0.03333333333333333,1.0,1.0,0.3816106396800687,-0.01956594839099815,0.0005238920143818548,0.5377722839318798
2026-07-09,2026-07-10,2026-07-13,NE,1,39.2400016784668,40.18000030517578,0.02395511178647114,27,0.9582228116710876,0.03333333333333333,1.0,1.0,0.39813503762251556,0.6676257332313709,0.0007985037262157046,0.8196597023564189
2026-07-09,2026-07-10,2026-07-13,DINO,1,77.28096247103396,79.01024187889675,0.022376525247223,27,0.986842105263158,0.03240487867051885,1.0,0.9721463601155654,0.4096927719163425,0.00746611621104104,0.0007251085857040631,0.7443199925327875
2026-07-09,2026-07-10,2026-07-13,WFRD,1,82.57973426576825,84.17470997250913,0.019314371993590207,26,0.9710526315789474,0.032775220528089406,1.0,0.9832566158426822,0.4050634702750402,1.1775988557243147,0.0006330328014514728,0.6498047042042211
2026-07-09,2026-07-10,2026-07-13,S,1,18.940000534057617,17.889999389648438,-0.055438284836427765,26,0.9776315789473684,0.024862658708364273,1.0,0.7458797612509281,0.533975256703794,1.2454062954693828,-0.0013783431552651898,-1.4148617010767468
2026-07-09,2026-07-10,2026-07-13,CVE,1,26.100000381469727,26.8799991607666,0.029885010264239398,25,0.9907161803713528,0.0329152243444989,1.0,0.9874567303349671,0.40334054622223614,0.06247988754882034,0.000983671817385092,1.0097337339618853
2026-07-09,2026-07-10,2026-07-13,SU,1,58.56999969482422,60.36000061035156,0.030561736808161877,25,0.969078947368421,0.03333333333333333,1.0,1.0,0.35205227005143197,-0.11873855263627695,0.0010187245602720626,1.0457151825866458
2026-07-09,2026-07-10,2026-07-13,APA,1,33.116912435638284,33.9907613681371,0.026386787542380885,25,0.9618421052631579,0.02607801056526062,1.0,0.7823403169578187,0.5090896229570168,-0.4971531960788662,0.0006881149243134961,0.7063462016925489
2026-07-09,2026-07-10,2026-07-13,MRNA,1,76.72200012207031,66.33000183105469,-0.13545004398322769,22,0.9763157894736842,0.018702385504271276,1.0,0.5610715651281383,0.7098583527275507,1.6306816332303542,-0.002533238939144824,-2.6003558990233544
2026-07-09,2026-07-10,2026-07-13,PSLV,1,19.040000915527344,18.81999969482422,-0.011554685405698262,21,0.9809210526315789,0.025217571440820433,1.0,0.756527143224613,0.5264600755585569,1.7022036046799103,-0.00029138110469440116,-0.2991011083667503
2026-07-09,2026-07-10,2026-07-13,EGO,1,30.3700008392334,29.75,-0.020414910177824264,21,0.9776315789473684,0.022120627518778944,1.0,0.6636188255633683,0.6001658205612455,1.5621442985415728,-0.00045159062387297973,-0.46355530249671634
2026-07-09,2026-07-10,2026-07-13,HUM,1,398.6600036621094,399.7099914550781,0.002633792663732315,16,0.9781746031746031,0.031205602737149507,1.0,0.9361680821144852,0.42543785095145187,0.5280070522690284,8.218908755644942e-05,0.08436664830949919
2026-07-09,2026-07-10,2026-07-13,TEVA,1,33.02000045776367,32.52000045776367,-0.015142337767061975,16,0.9644268774703557,0.032753658766083535,1.0,0.982609762982506,0.40533012390924084,0.8535845335936032,-0.0004959669641431272,-0.509107372779317
2026-07-09,2026-07-10,2026-07-13,ZIM,1,24.18000030517578,23.989999771118164,-0.00785775565176261,12,0.9648541114058355,0.03333333333333333,1.0,1.0,0.3911858019644865,0.9258091206981334,-0.000261925188392087,-0.26886477158293387
2026-07-09,2026-07-10,2026-07-13,PAAS,1,43.60827713098247,42.67153523657634,-0.021480827861933616,10,0.9782321899736148,0.02332591385675518,1.0,0.6997774157026554,0.569154316854038,1.7872152107054589,-0.0005010599402792501,-0.514335284893925
2026-07-09,2026-07-10,2026-07-13,AGX,1,678.6436123416208,614.8958620271503,-0.0939340607576229,6,0.9913793103448276,0.02214089190013709,1.0,0.6642267570041127,0.5996165206901818,1.7007183188322748,-0.002079783884975438,-2.1348867690369917
2026-07-09,2026-07-10,2026-07-13,LBRT,1,24.290000915527344,24.81999969482422,0.021819627802404762,5,0.9728116710875332,0.0259838721730673,1.0,0.779516165192019,0.5109340316066696,1.1999233060254784,0.0005669584196815907,0.5819797131405527
2026-07-09,2026-07-10,2026-07-13,PR,1,19.200000762939453,19.450000762939453,0.013020832815932026,2,0.9721485411140584,0.03333333333333333,1.0,1.0,0.3634029262432638,-0.1312823780045545,0.00043402776053106756,0.4455271194504303
2026-07-09,2026-07-10,2026-07-13,PEN,1,318.239990234375,317.6300048828125,-0.00191674638725714,1,0.9701591511936339,0.03333333333333333,1.0,1.0,0.08552444348407384,0.1389412468337066,-6.389154624190467e-05,-0.06558432234740019
2026-07-10,2026-07-13,2026-07-14,PFSI,1,82.0832015059297,82.28242661681799,0.002427111847896235,39,0.9644736842105264,0.03333333333333333,1.0,1.0,0.29574601099671666,0.8090918890716929,8.090372826320783e-05,0.08295982586982578
2026-07-10,2026-07-13,2026-07-14,AGI,1,28.959999084472656,29.940000534057617,0.033839830130049986,39,0.980921052631579,0.022749323055637864,1.0,0.6824796916691359,0.5761236934480628,1.5578148866895978,0.000769833227776415,0.7893978670224148
2026-07-10,2026-07-13,2026-07-14,WLK,1,76.1754643329775,76.56274567876771,0.005084069380888012,38,0.9868073878627969,0.03333333333333333,1.0,1.0,0.3577782267250532,0.6997860166781881,0.00016946897936293373,0.1737758854888233
2026-07-10,2026-07-13,2026-07-14,FTI,1,72.09480215127832,73.8637023375062,0.024535752002150746,34,0.9657894736842105,0.03333333333333333,1.0,1.0,0.344731672978152,0.47219421911865794,0.0008178584000716915,0.8386435571347749
2026-07-10,2026-07-13,2026-07-14,CHRD,1,118.87535015163138,121.94808393892932,0.025848367919661275,34,0.9967105263157895,0.030085148769787722,1.0,0.9025544630936316,0.43564431482615984,-0.34696436993315105,0.0007776519943192179,0.7974153406893574
2026-07-10,2026-07-13,2026-07-14,DAR,1,61.65999984741211,62.59000015258789,0.015082716631158233,34,0.9546052631578947,0.03333333333333333,1.0,1.0,0.2922276388378902,0.47874297214761813,0.0005027572210386077,0.5155343567909223
2026-07-10,2026-07-13,2026-07-14,MPC,1,290.0258859797841,299.1807931170689,0.031565827672095814,33,0.9625,0.03333333333333333,1.0,1.0,0.36371434094561006,-0.014431349396365789,0.0010521942557365272,1.0789348539433081
2026-07-10,2026-07-13,2026-07-14,NE,1,40.18000030517578,42.209999084472656,0.050522617319029184,28,0.9582228116710876,0.032876004509142936,1.0,0.986280135274288,0.39866231368268346,0.6620573385387821,0.0016609817947941066,1.7031941966972861
2026-07-10,2026-07-13,2026-07-14,DINO,1,79.01024187889675,82.21040278316197,0.04050311488946301,28,0.986842105263158,0.032776449737049684,1.0,0.9832934921114905,0.39987320553031347,0.0001820864887363103,0.001327548309368433,1.361286790402112
2026-07-10,2026-07-13,2026-07-14,WFRD,1,84.17470997250913,82.4999935651727,-0.019895719366106346,27,0.9710526315789474,0.03333333333333333,1.0,1.0,0.38516189747627977,1.1723863813927735,-0.0006631906455368782,-0.6800450566782731
2026-07-10,2026-07-13,2026-07-14,S,1,17.889999389648438,18.155000686645508,0.014812817553834456,27,0.9776315789473684,0.02406192647656604,1.0,0.7218577942969813,0.5446955394457559,1.2708283221983108,0.00035642492689115155,0.36548315516878643
2026-07-10,2026-07-13,2026-07-14,CVE,1,26.8799991607666,28.0,0.04166669918904331,26,0.9907161803713528,0.033074313133786275,1.0,0.9922293940135883,0.3962719941980806,0.05236823547926492,0.001378097456229697,1.4131205996900553
2026-07-10,2026-07-13,2026-07-14,SU,1,60.36000061035156,61.79999923706055,0.023856835854008107,26,0.969078947368421,0.03333333333333333,1.0,1.0,0.34641398075586616,-0.12179377454551926,0.0007952278618002703,0.8154378834947467
2026-07-10,2026-07-13,2026-07-14,APA,1,33.9907613681371,34.556779173792314,0.016652107304245378,26,0.9618421052631579,0.027243650526151058,1.0,0.8173095157845317,0.48108178489796954,-0.5165739603554707,0.00045366419192082846,0.46519367120739524
2026-07-10,2026-07-13,2026-07-14,MRNA,1,66.33000183105469,66.66999816894531,0.005125830370947604,23,0.9763157894736842,0.018474284539171503,1.0,0.5542285361751451,0.7094414939029096,1.6481739833077778,9.469604877241305e-05,0.09710266616096769
2026-07-10,2026-07-13,2026-07-14,PSLV,1,18.81999969482422,19.01000022888184,0.010095671473888235,22,0.9809210526315789,0.02485309098335392,1.0,0.7455927295006176,0.5273558943246,1.7082751848037816,0.00025090864167859507,0.25728526570705446
2026-07-10,2026-07-13,2026-07-14,EGO,1,29.75,30.18000030517578,0.014453791770614455,22,0.9776315789473684,0.021747438282873108,1.0,0.6524231484861932,0.602665189884872,1.5653522528044637,0.00031433294448493705,0.32232144178550665
2026-07-10,2026-07-13,2026-07-14,HUM,1,399.7099914550781,410.0,0.02574368608466049,17,0.9702380952380952,0.030795370329289664,1.0,0.92386110987869,0.4255972206897495,0.5265282542576667,0.0007927863466181008,0.8129343193362154
2026-07-10,2026-07-13,2026-07-14,TEVA,1,32.52000045776367,32.040000915527344,-0.014760133317333168,17,0.9644268774703557,0.03293298580732592,1.0,0.9879895742197775,0.39797254032586815,0.8455940347083962,-0.00048609526105397165,-0.4984489476429236
2026-07-10,2026-07-13,2026-07-14,ZIM,1,23.989999771118164,24.190000534057617,0.008336838884852149,13,0.9648541114058355,0.03333333333333333,1.0,1.0,0.39258844292060074,0.915520791758672,0.0002778946294950716,0.2849570788390364
2026-07-10,2026-07-13,2026-07-14,PAAS,1,42.67153523657634,43.847445068927136,0.027557242218528177,11,0.9782321899736148,0.022891931634169343,1.0,0.6867579490250802,0.572534648089466,1.7945542253961717,0.0006308385048927922,0.6468707146304289
2026-07-10,2026-07-13,2026-07-14,AGX,1,614.8958620271503,617.7635589398287,0.004663711515677349,7,0.9913793103448276,0.021780897676271564,1.0,0.6534269302881469,0.6017393872859332,1.7044734370903503,0.0001015798233146177,0.10416138582207561
2026-07-10,2026-07-13,2026-07-14,LBRT,1,24.81999969482422,26.18000030517578,0.054794545812793416,6,0.9728116710875332,0.02565197128399541,1.0,0.7695591385198622,0.510932429993578,1.194897871826007,0.0014055881157093476,1.4413099102748388
2026-07-10,2026-07-13,2026-07-14,PR,1,19.450000762939453,19.790000915527344,0.017480726953786885,3,0.9721485411140584,0.03333333333333333,1.0,1.0,0.3565572900606434,-0.13514718840710993,0.0005826908984595628,0.5974994788234125
2026-07-10,2026-07-13,2026-07-14,PEN,1,317.6300048828125,317.32000732421875,-0.0009759706382529432,2,0.9701591511936339,0.03333333333333333,1.0,1.0,0.08531873527251399,0.13858590007153024,-3.253235460843144e-05,-0.033359135992725955
2026-07-10,2026-07-13,2026-07-14,PHYS,1,30.63999938964844,30.75,0.0035900983205867654,0,0.9742063492063492,0.03333333333333333,1.0,1.0,0.24373938559828534,0.6693029965355713,0.00011966994401955885,0.12271125114797972
2026-07-10,2026-07-13,2026-07-14,UTHR,1,541.469970703125,535.5700073242188,-0.010896196831090887,0,0.9656084656084656,0.03333333333333333,1.0,1.0,0.22065390424419545,0.06270697250588475,-0.0003632065610363629,-0.37243713862390304
2026-07-13,2026-07-14,2026-07-15,WLK,1,76.56274567876771,75.96692917525901,-0.007782068135442133,39,0.9868073878627969,0.03333333333333333,1.0,1.0,0.35730537952719416,0.693856824798327,-0.0002594022711814044,-0.26946205885975566
2026-07-13,2026-07-14,2026-07-15,FTI,1,73.8637023375062,74.70316570798663,0.011365032403123587,35,0.9657894736842105,0.03333333333333333,1.0,1.0,0.343524403905357,0.47859135965268695,0.0003788344134374529,0.39352585675858104
2026-07-13,2026-07-14,2026-07-15,CHRD,1,121.94808393892932,120.92714534070466,-0.008371911761532402,35,0.9967105263157895,0.030114940915115847,1.0,0.9034482274534754,0.4349656776550632,-0.3453499035653297,-0.0002521196280451117,-0.26189699011726203
2026-07-13,2026-07-14,2026-07-15,DAR,1,62.59000015258789,62.369998931884766,-0.003514957983172806,35,0.9546052631578947,0.03333333333333333,1.0,1.0,0.28801009119983856,0.48718251334965856,-0.00011716526610576021,-0.12170901082678164
2026-07-13,2026-07-14,2026-07-15,MPC,1,299.1807931170689,300.7066261709281,0.005100036797021756,34,0.9625,0.03333333333333333,1.0,1.0,0.354612646305273,-0.01267136305221146,0.00017000122656739188,0.17659398397286308
2026-07-13,2026-07-14,2026-07-15,NE,1,42.209999084472656,42.130001068115234,-0.0018952385238703018,29,0.9794429708222812,0.032506747424733265,1.0,0.975202422741998,0.4029614378680963,0.6638105553841759,-6.160804000507621e-05,-0.06399723960193335
2026-07-13,2026-07-14,2026-07-15,DINO,1,82.21040278316197,82.44892309096252,0.002901339729835417,29,0.986842105263158,0.03328297620018872,1.0,0.9984892860056616,0.3935635324166497,0.003055054318956074,9.656522117677416e-05,0.1003100828455914
2026-07-13,2026-07-14,2026-07-15,WFRD,1,82.4999935651727,82.37039434588553,-0.0015708997502501543,28,0.9710526315789474,0.03333333333333333,1.0,1.0,0.38673605357512375,1.182049167068522,-5.236332500833847e-05,-0.054394008584535886
2026-07-13,2026-07-14,2026-07-15,S,1,18.155000686645508,20.190000534057617,0.11209032059739976,28,0.9776315789473684,0.024089348837455622,1.0,0.7226804651236687,0.5437658681050965,1.2603697156797267,0.002700182834173,2.804897669092519
2026-07-13,2026-07-14,2026-07-15,CVE,1,28.0,27.6299991607666,-0.013214315686907119,27,0.9907161803713528,0.03302165983939382,1.0,0.9906497951818146,0.3966779909427476,0.05920430863645357,-0.0004363586376234126,-0.4532809075253456
2026-07-13,2026-07-14,2026-07-15,SU,1,61.79999923706055,61.5,-0.004854356646668778,27,0.969078947368421,0.03333333333333333,1.0,1.0,0.34593163762419793,-0.12231102621824308,-0.0001618118882222926,-0.16808705779554212
2026-07-13,2026-07-14,2026-07-15,APA,1,34.556779173792314,33.94111211530233,-0.01781610072494555,27,0.9618421052631579,0.027232161560183994,1.0,0.8169648468055198,0.4810108684812404,-0.5149882993804428,-0.00048517093331422836,-0.5039861755810761
2026-07-13,2026-07-14,2026-07-15,MRNA,1,66.66999816894531,67.79000091552734,0.016799201700049338,24,0.9763157894736842,0.017587087883284187,1.0,0.5276126364985256,0.7448058353728697,1.6236310627607362,0.00029544903666778484,0.30690674120180894
2026-07-13,2026-07-14,2026-07-15,PSLV,1,19.01000022888184,18.739999771118164,-0.014203074934921123,23,0.9809210526315789,0.024898793924149096,1.0,0.7469638177244728,0.5260883608495187,1.7119600066513623,-0.00035363943589384835,-0.36735380170715376
2026-07-13,2026-07-14,2026-07-15,EGO,1,30.18000030517578,29.489999771118164,-0.022862840526190586,23,0.9776315789473684,0.02172476883936245,1.0,0.6517430651808734,0.6029507508016351,1.5636169749396192,-0.0004966899254426982,-0.5159518816668034
2026-07-13,2026-07-14,2026-07-15,HUM,1,410.0,401.8299865722656,-0.01992686201886429,18,0.9675066312997347,0.03065458375107192,1.0,0.9196375125321575,0.42730854834156784,0.5253028173169881,-0.0006108496606533294,-0.6345388051684446
2026-07-13,2026-07-14,2026-07-15,TEVA,1,32.040000915527344,31.81999969482422,-0.006866454881919393,18,0.9787798408488064,0.03297044901792247,1.0,0.9891134705376741,0.3972941246740395,0.8441167077416378,-0.00022639010061818819,-0.2351696549926636
2026-07-13,2026-07-14,2026-07-15,ZIM,1,24.190000534057617,24.559999465942383,0.015295532191652361,14,0.9754641909814323,0.03333333333333333,1.0,1.0,0.3927631290866783,0.9280002598914349,0.0005098510730550787,0.5296234270871174
2026-07-13,2026-07-14,2026-07-15,PAAS,1,43.847445068927136,44.06668558174528,0.0050000749752581175,12,0.9782321899736148,0.02287695713628478,1.0,0.6863087140885433,0.5725833905554464,1.7913320788598919,0.00011438650088719012,0.11882248329765238
2026-07-13,2026-07-14,2026-07-15,AGX,1,617.7635589398287,616.3746617719463,-0.002248266586436398,8,0.9913793103448276,0.021051478486529725,1.0,0.6315443545958918,0.6222349509117485,1.6815955066077277,-4.7329335676349456e-05,-0.049164797893750514
2026-07-13,2026-07-14,2026-07-15,LBRT,1,26.18000030517578,25.649999618530277,-0.020244487412810375,7,0.9781167108753316,0.025814416827795113,1.0,0.7744325048338534,0.5074283014048773,1.206798447559389,-0.0005225996365393385,-0.5428663881002483
2026-07-13,2026-07-14,2026-07-15,PR,1,19.790000915527344,19.6299991607666,-0.008084979654306323,4,0.9721485411140584,0.03333333333333333,1.0,1.0,0.35637719791749883,-0.12790671033285136,-0.0002694993218102108,-0.27995067963573445
2026-07-13,2026-07-14,2026-07-15,PEN,1,317.32000732421875,316.0,-0.004159861634157935,3,0.9701591511936339,0.03333333333333333,1.0,1.0,0.08493924519568588,0.1434774804801516,-0.00013866205447193118,-0.1440394585350441
2026-07-13,2026-07-14,2026-07-15,PHYS,1,30.75,30.56999969482422,-0.005853668461000994,1,0.9742063492063492,0.03333333333333333,1.0,1.0,0.2425950558934997,0.6684766494062597,-0.00019512228203336646,-0.20268925020072825
2026-07-13,2026-07-14,2026-07-15,UTHR,1,535.5700073242188,524.8099975585938,-0.02009076239982799,1,0.9656084656084656,0.03333333333333333,1.0,1.0,0.2202636278523573,0.05403791145984301,-0.0006696920799942663,-0.6956631715499931
2026-07-14,2026-07-15,2026-07-16,FTI,1,74.70316570798663,71.46520276486548,-0.04334438724830336,36,0.9657894736842105,0.03333333333333333,1.0,1.0,0.34506387886418693,0.4690018009017496,-0.0014448129082767786,-1.4991059042109323
2026-07-14,2026-07-15,2026-07-16,CHRD,1,120.92714534070466,122.54280617673588,0.013360613379892472,36,0.9967105263157895,0.029565583646947956,1.0,0.8869675094084387,0.4431878840054205,-0.36747089633063007,0.00039501433245774293,0.4098581308645829
2026-07-14,2026-07-15,2026-07-16,DAR,1,62.369998931884766,60.869998931884766,-0.02405002446189186,36,0.9546052631578947,0.03333333333333333,1.0,1.0,0.290677147022584,0.4719027658045489,-0.000801667482063062,-0.8317924408690468
2026-07-14,2026-07-15,2026-07-16,MPC,1,300.7066261709281,301.1653560923107,0.0015255065284855984,35,0.9625,0.03333333333333333,1.0,1.0,0.36414568331218544,-0.038194070898381595,5.0850217616186616e-05,0.052761060634317763
2026-07-14,2026-07-15,2026-07-16,NE,1,42.130001068115234,40.16999816894531,-0.046522735567962936,30,0.9854111405835544,0.03165946773014415,1.0,0.9497840319043246,0.41387646082881463,0.6370595037822958,-0.001472885045431952,-1.5282329325701485
2026-07-14,2026-07-15,2026-07-16,DINO,1,82.44892309096252,83.969494335991,0.018442584669673634,30,0.986842105263158,0.032661134738265644,1.0,0.9798340421479694,0.4011835032946538,-0.02384163920797175,0.0006023557428180829,0.6249909904050814
2026-07-14,2026-07-15,2026-07-16,WFRD,1,82.37039434588553,80.84519939800954,-0.01851630018270234,29,0.9710526315789474,0.03331978026808843,1.0,0.9995934080426528,0.39325314724315436,1.1970798453520028,-0.0006169590534656075,-0.6401430624050755
2026-07-14,2026-07-15,2026-07-16,S,1,20.190000534057617,19.65999984741211,-0.026250652433192023,29,0.9776315789473684,0.02482481694820298,1.0,0.7447445084460894,0.5278229637388983,1.2392861987764623,-0.0006516676414248912,-0.6761559252736974
2026-07-14,2026-07-15,2026-07-16,CVE,1,27.6299991607666,27.38999938964844,-0.008686202620626582,28,0.9907161803713528,0.03222878675154425,1.0,0.9668636025463276,0.40656536520873804,0.03713650874519898,-0.0002799457719408789,-0.29046553859765495
2026-07-14,2026-07-15,2026-07-16,SU,1,61.5,60.66999816894531,-0.01349596473259651,28,0.969078947368421,0.03333333333333333,1.0,1.0,0.35128156380348596,-0.1394533174401623,-0.00044986549108655036,-0.4667704793646584
2026-07-14,2026-07-15,2026-07-16,APA,1,33.94111211530233,33.98083467236469,0.0011703375224541013,28,0.9618421052631579,0.026904161724343584,1.0,0.8071248517303076,0.48702905484024406,-0.5305233578864775,3.1486949976172735e-05,0.032670162582623063
2026-07-14,2026-07-15,2026-07-16,MRNA,1,67.79000091552734,67.06999969482422,-0.010621053414652026,25,0.9763157894736842,0.017564578342536684,1.0,0.5269373502761006,0.7459961862075517,1.6232448547425102,-0.00018655432478192227,-0.19356463950077676
2026-07-14,2026-07-15,2026-07-16,PSLV,1,18.739999771118164,18.100000381469727,-0.034151515339653105,24,0.9809210526315789,0.024811610478555398,1.0,0.7443483143566619,0.528103907934598,1.7206794913992431,-0.0008473540958598823,-0.8791958604356013
2026-07-14,2026-07-15,2026-07-16,EGO,1,29.489999771118164,28.71999931335449,-0.026110561673106436,24,0.9776315789473684,0.021659682603947027,1.0,0.6497904781184108,0.6049538534552837,1.5775782377282117,-0.0005655464784502694,-0.5867985121766965
2026-07-14,2026-07-15,2026-07-16,HUM,1,401.8299865722656,424.5400085449219,0.05651649386940916,19,0.9681697612732095,0.03097586585962088,1.0,0.9292759757886264,0.4230102401417262,0.5083804565447262,0.0017506473329549038,1.8164329360497853
2026-07-14,2026-07-15,2026-07-16,TEVA,1,31.81999969482422,31.63999938964844,-0.005656829255251572,19,0.9714854111405835,0.03274204031270492,1.0,0.9822612093811475,0.40019217894590764,0.8563941136048839,-0.0001852161315175355,-0.19217615977989017
2026-07-14,2026-07-15,2026-07-16,ZIM,1,24.559999465942383,24.90999984741211,0.014250830174287188,15,0.9754641909814323,0.03333333333333333,1.0,1.0,0.3929333601094133,0.9278765128304178,0.0004750276724762396,0.4928782020102838
2026-07-14,2026-07-15,2026-07-16,PAAS,1,44.06668558174528,42.35264732087484,-0.038896464261893304,13,0.9782321899736148,0.0228813501007249,1.0,0.686440503021747,0.5726545154982359,1.7947785240236833,-0.0008900036164567148,-0.9234480592996975
2026-07-14,2026-07-15,2026-07-16,AGX,1,616.3746617719463,597.4201356307873,-0.030751630975012434,9,0.9913793103448276,0.020802947502618616,1.0,0.6240884250785584,0.6298678807042486,1.7029115729879047,-0.0006397245647930842,-0.6637640532253369
2026-07-14,2026-07-15,2026-07-16,LBRT,1,25.649999618530277,24.799999237060547,-0.03313841692440678,8,0.9801061007957559,0.025682436244556406,1.0,0.7704730873366922,0.5101972543065666,1.1863963179686223,-0.000851075279906606,-0.8830568786637346
2026-07-14,2026-07-15,2026-07-16,PR,1,19.6299991607666,19.63999938964844,0.0005094360320618829,5,0.9721485411140584,0.03333333333333333,1.0,1.0,0.3588078321613584,-0.13984549268364674,1.698120106872943e-05,0.017619318485385952
2026-07-14,2026-07-15,2026-07-16,PEN,1,316.0,318.5199890136719,0.007974648777442583,4,0.9701591511936339,0.03333333333333333,1.0,1.0,0.08513986286314136,0.142555579875167,0.00026582162591475277,0.2758106372063345
2026-07-14,2026-07-15,2026-07-16,PHYS,1,30.56999969482422,30.18000030517578,-0.01275758565723728,2,0.9742063492063492,0.03333333333333333,1.0,1.0,0.24746539017729852,0.68019100347287,-0.00042525285524124267,-0.44123295301607307
2026-07-14,2026-07-15,2026-07-16,UTHR,1,524.8099975585938,533.6099853515625,0.01676794998934117,2,0.9656084656084656,0.03333333333333333,1.0,1.0,0.22381105800108717,0.06707960106970881,0.0005589316663113723,0.5799351294675166
2026-07-14,2026-07-15,2026-07-16,BIIB,1,191.2100067138672,198.25999450683597,0.03687039143049975,0,0.9748010610079576,0.03333333333333333,1.0,1.0,0.3645162407591249,0.26952257932413526,0.0012290130476833249,1.275196743868928
2026-07-15,2026-07-16,2026-07-17,FTI,1,71.46520276486548,71.71504558814223,0.0034960066383464827,37,0.9657894736842105,0.03333333333333333,1.0,1.0,0.3459792193584408,0.4739083693414047,0.00011653355461154943,0.12030818727174532
2026-07-15,2026-07-16,2026-07-17,CHRD,1,122.54280617673588,125.38757489134814,0.02321448972295781,37,0.9967105263157895,0.029512710023691678,1.0,0.8853813007107504,0.44305442720530946,-0.36591048866781545,0.0006851225035416244,0.7073142729999903
2026-07-15,2026-07-16,2026-07-17,DAR,1,60.869998931884766,62.130001068115234,0.02069988760210828,37,0.9546052631578947,0.03333333333333333,1.0,1.0,0.29073771583069324,0.46538168055340234,0.0006899962534036093,0.712345888255063
2026-07-15,2026-07-16,2026-07-17,MPC,1,301.1653560923107,310.87877947737854,0.03225279132733516,36,0.9625,0.03333333333333333,1.0,1.0,0.36548973760177156,-0.03901963520712142,0.0010750930442445055,1.1099163303879847
2026-07-15,2026-07-16,2026-07-17,NE,1,40.16999816894531,40.43999862670898,0.00672144560794119,31,0.9854111405835544,0.03166625789993738,1.0,0.9499877369981213,0.41292333549929716,0.6304706188880185,0.0002128430300814671,0.21973721824485587
2026-07-15,2026-07-16,2026-07-17,DINO,1,83.969494335991,86.71249397588701,0.03266662091497574,31,0.986842105263158,0.03260275256028101,1.0,0.9780825768084301,0.4010623584817469,-0.02713422011126113,0.0010650217586714544,1.0995188262971778
2026-07-15,2026-07-16,2026-07-17,WFRD,1,80.84519939800954,79.92809397087389,-0.011343968893200995,30,0.9710526315789474,0.03321713160347969,1.0,0.9965139481043906,0.3936443697460425,1.2034175016300768,-0.00037681410763123726,-0.3890194749370628
2026-07-15,2026-07-16,2026-07-17,S,1,19.65999984741211,19.270000457763672,-0.019837202068939686,30,0.9776315789473684,0.024710642646381654,1.0,0.7413192793914496,0.5291540581093618,1.2430276976559007,-0.0004901900114296314,-0.5060677320828098
2026-07-15,2026-07-16,2026-07-17,CVE,1,27.38999938964844,27.75,0.013143505599624516,29,0.9907161803713528,0.03225155461752354,1.0,0.9675466385257063,0.40542966036491607,0.04079893946094712,0.0004238984887120166,0.4376289638994737
2026-07-15,2026-07-16,2026-07-17,SU,1,60.66999816894531,61.95000076293945,0.021097785274853065,29,0.969078947368421,0.03333333333333333,1.0,1.0,0.35105451535379006,-0.136243543870833,0.0007032595091617689,0.7260387534809176
2026-07-15,2026-07-16,2026-07-17,APA,1,33.98083467236469,34.90433216584001,0.027177010287694925,29,0.9618421052631579,0.02697812175182642,1.0,0.8093436525547927,0.4846792877246127,-0.53669062228852,0.0007331846923920728,0.7569332418556495
2026-07-15,2026-07-16,2026-07-17,MRNA,1,67.06999969482422,61.68000030517578,-0.08036379028140028,26,0.9763157894736842,0.017535605695790102,1.0,0.5260681708737031,0.7456678179050467,1.618761558401036,-0.001409227738593804,-1.4548739652577163
2026-07-15,2026-07-16,2026-07-17,PSLV,1,18.100000381469727,17.68000030517578,-0.023204423615588943,25,0.9809210526315789,0.024700303019374665,1.0,0.74100909058124,0.5293755637154183,1.7313999519555303,-0.0005731562946949803,-0.5917213721661357
2026-07-15,2026-07-16,2026-07-17,EGO,1,28.71999931335449,27.43000030517578,-0.04491640108009587,25,0.9776315789473684,0.021614877341085106,1.0,0.6484463202325532,0.6049415237702517,1.5872181049485705,-0.0009708624999492548,-1.0023096596371537
2026-07-15,2026-07-16,2026-07-17,HUM,1,424.5400085449219,387.5,-0.08724739199933984,20,0.9880636604774535,0.031010252529669973,1.0,0.9303075758900992,0.42165850865975746,0.5060379828171806,-0.002705563658454636,-2.793199438410754
2026-07-15,2026-07-16,2026-07-17,TEVA,1,31.63999938964844,32.130001068115234,0.015486779011351759,20,0.9714854111405835,0.03265448072583709,1.0,0.9796344217751127,0.40042703311087235,0.8515720609398657,0.0005057127267314844,0.5220932428957806
2026-07-15,2026-07-16,2026-07-17,ZIM,1,24.90999984741211,24.5,-0.016459247287177514,16,0.9754641909814323,0.032994260628174135,1.0,0.9898278188452241,0.3963033747650525,0.9301969545362802,-0.000543060694736703,-0.5606509471035408
2026-07-15,2026-07-16,2026-07-17,PAAS,1,42.35264732087484,40.96746773512547,-0.03270585602960974,14,0.9782321899736148,0.022760325247337662,1.0,0.6828097574201298,0.5744969236040516,1.807668160691303,-0.0007443959207265172,-0.7685076125380054
2026-07-15,2026-07-16,2026-07-17,AGX,1,597.4201356307873,528.2368898226813,-0.11580333785545871,10,0.9913793103448276,0.020648020864044138,1.0,0.6194406259213241,0.6332682885647806,1.712808851391495,-0.002391109736165464,-2.4685600545250828
2026-07-15,2026-07-16,2026-07-17,LBRT,1,24.799999237060547,23.51000022888184,-0.05201609063967072,9,0.9801061007957559,0.025647645814257665,1.0,0.76942937442773,0.5098221072420704,1.184591460132303,-0.001334090269368598,-1.3773027219466916
2026-07-15,2026-07-16,2026-07-17,PR,1,19.63999938964844,20.0,0.01832997054680674,6,0.9721485411140584,0.03333333333333333,1.0,1.0,0.358708610568227,-0.14152273625956407,0.0006109990182268913,0.6307898575026228
2026-07-15,2026-07-16,2026-07-17,PEN,1,318.5199890136719,318.82000732421875,0.0009419136032118303,5,0.9701591511936339,0.03333333333333333,1.0,1.0,0.0857765237347874,0.1339374438737788,3.1397120107061007e-05,0.03241410268677595
2026-07-15,2026-07-16,2026-07-17,PHYS,1,30.18000030517578,29.90999984741211,-0.008946337144912775,3,0.9742063492063492,0.03333333333333333,1.0,1.0,0.24967293942631477,0.6856295821882002,-0.00029821123816375916,-0.30787058377423643
2026-07-15,2026-07-16,2026-07-17,UTHR,1,533.6099853515625,529.2899780273438,-0.00809581425162531,3,0.9656084656084656,0.03333333333333333,1.0,1.0,0.22479090198574558,0.05877499424770114,-0.000269860475054177,-0.27860151248524945
2026-07-15,2026-07-16,2026-07-17,BIIB,1,198.25999450683597,208.6000061035156,0.052153797453692086,1,0.9748010610079576,0.032641532498116674,1.0,0.9792459749435002,0.4005858743175599,0.2523774238740134,0.0017023798744848849,1.7575215776253292
2026-07-16,2026-07-17,2026-07-20,FTI,1,71.71504558814223,72.95426164935961,0.017279722142744758,38,0.9657894736842105,0.03333333333333333,1.0,1.0,0.3416230069365644,0.4697139365509742,0.000575990738091492,0.5925359720589961
2026-07-16,2026-07-17,2026-07-20,CHRD,1,125.38757489134814,125.10012299613885,-0.0022925070164119266,38,0.9967105263157895,0.03014494214288038,1.0,0.9043482642864114,0.43261038952493636,-0.36189818838404353,-6.910749137188485e-05,-0.07109259206541976
2026-07-16,2026-07-17,2026-07-20,DAR,1,62.130001068115234,63.150001525878906,0.01641719684899745,38,0.9546052631578947,0.03333333333333333,1.0,1.0,0.28727305543894777,0.46236329365180506,0.0005472398949665817,0.5629592659560789
2026-07-16,2026-07-17,2026-07-20,MPC,1,310.87877947737854,312.09546400342725,0.003913694360528908,37,0.9625,0.03333333333333333,1.0,1.0,0.36625296312614736,-0.04045730808978899,0.0001304564786842969,0.1342038183890294
2026-07-16,2026-07-17,2026-07-20,NE,1,40.43999862670898,41.130001068115234,0.017062375490550563,32,0.9781167108753315,0.03181871529756906,1.0,0.9545614589270718,0.40985360473163035,0.6279365758545684,0.0005429028680340486,0.5584976586777578
2026-07-16,2026-07-17,2026-07-20,DINO,1,86.71249397588701,87.57714155408867,0.009971430166016093,32,0.986842105263158,0.03307426889848765,1.0,0.9922280669546294,0.3942948883515446,-0.024074040704987663,0.00032979776261330763,0.3392711460959598
2026-07-16,2026-07-17,2026-07-20,WFRD,1,79.92809397087389,80.19723848768975,0.0033673331046020216,31,0.9710526315789474,0.03333333333333333,1.0,1.0,0.38609033596272513,1.20489178073335,0.00011224443682006739,0.11546863878361315
2026-07-16,2026-07-17,2026-07-20,S,1,19.270000457763672,19.36000061035156,0.004670480044105307,31,0.9776315789473684,0.02455776092980294,1.0,0.7367328278940882,0.5310343723890464,1.2368191199808807,0.00011469653235055363,0.1179911703325621
2026-07-16,2026-07-17,2026-07-20,CVE,1,27.75,27.90999984741211,0.0057657602671030705,30,0.9907161803713528,0.03248896467481673,1.0,0.9746689402445019,0.40139829918146547,0.040500634478231226,0.00018732358164137356,0.19270441900719087
2026-07-16,2026-07-17,2026-07-20,SU,1,61.95000076293945,62.18000030517578,0.0037126640743145867,30,0.969078947368421,0.03333333333333333,1.0,1.0,0.349134992325276,-0.13726585504524821,0.00012375546914381955,0.1273103235127061
2026-07-16,2026-07-17,2026-07-20,APA,1,34.90433216584001,34.48726859009819,-0.011948762513496525,30,0.9618421052631579,0.028014621867816357,1.0,0.8404386560344907,0.46550744908036307,-0.5360563979905075,-0.0003347400636039441,-0.3443554138246359
2026-07-16,2026-07-17,2026-07-20,MRNA,1,61.68000030517578,61.459999084472656,-0.003566816141611806,27,0.9763157894736842,0.017575142834600457,1.0,0.5272542850380137,0.7420147469279226,1.6214418019081918,-6.268730315358598e-05,-0.0644879850550078
2026-07-16,2026-07-17,2026-07-20,PSLV,1,17.68000030517578,18.21999931335449,0.030542929799646235,26,0.9809210526315789,0.02524810016122109,1.0,0.7574430048366327,0.5165147111808447,1.7274590252666362,0.0007711509507986125,0.7933021279989648
2026-07-16,2026-07-17,2026-07-20,EGO,1,27.43000030517578,27.739999771118164,0.01130147511824453,26,0.9776315789473684,0.02157836163228792,1.0,0.6473508489686376,0.6043561316131039,1.5857046791459455,0.00024386731707978437,0.25087236343084507
2026-07-16,2026-07-17,2026-07-20,HUM,1,387.5,400.3200073242188,0.03308388986895183,21,0.9774535809018567,0.031109273359871407,1.0,0.9332782007961422,0.4192002497705416,0.5068442588736776,0.0010292157737411029,1.0587798181839279
2026-07-16,2026-07-17,2026-07-20,TEVA,1,32.130001068115234,32.2400016784668,0.0034236105413865126,21,0.9714854111405835,0.03269474079302275,1.0,0.9808422237906826,0.3988719545200119,0.8490091338673167,0.00011193405922689231,0.11514934564795146
2026-07-16,2026-07-17,2026-07-20,ZIM,1,24.5,24.40999984741211,-0.003673475615832311,17,0.9701591511936339,0.032789019554635826,1.0,0.9836705866390747,0.39772507198356793,0.9334621115029764,-0.00012044966380100353,-0.12390955948526064
2026-07-16,2026-07-17,2026-07-20,PAAS,1,40.96746773512547,41.445802046387485,0.01167595503716945,15,0.9782321899736148,0.022729177888336363,1.0,0.6818753366500909,0.5737565708142148,1.807991302386922,0.00026538485905604144,0.2730079930652169
2026-07-16,2026-07-17,2026-07-20,AGX,1,528.2368898226813,565.5363513325456,0.0706112394429419,11,0.9913793103448276,0.02055823186717045,1.0,0.6167469560151135,0.6343451735975123,1.7047291283100432,0.0014516422328962912,1.4933404040508493
2026-07-16,2026-07-17,2026-07-20,LBRT,1,23.51000022888184,23.850000381469727,0.014461937442697304,10,0.9801061007957559,0.025672949633543628,1.0,0.7701884890063089,0.507967154097443,1.1835236619429923,0.0003712805915698266,0.38194556211339875
2026-07-16,2026-07-17,2026-07-20,PR,1,20.0,20.229999542236328,0.011499977111816495,7,0.9721485411140584,0.03333333333333333,1.0,1.0,0.3517992533073174,-0.14044471035381967,0.0003833325703938832,0.3943437319371164
2026-07-16,2026-07-17,2026-07-20,PEN,1,318.82000732421875,318.44000244140625,-0.0011919104011125503,6,0.9701591511936339,0.03333333333333333,1.0,1.0,0.08570539165394735,0.13358657046119482,-3.9730346703751673e-05,-0.04087159401616803
2026-07-16,2026-07-17,2026-07-20,PHYS,1,29.90999984741211,30.26000022888184,0.011701784796231296,4,0.9742063492063492,0.03333333333333333,1.0,1.0,0.2447425977777888,0.685315257047272,0.00039005949320770986,0.4012638844410678
2026-07-16,2026-07-17,2026-07-20,UTHR,1,529.2899780273438,535.5499877929688,0.011827183633735139,4,0.9656084656084656,0.03333333333333333,1.0,1.0,0.22581608034617795,0.05982811231997185,0.00039423945445783796,0.40556391435252126
2026-07-16,2026-07-17,2026-07-20,BIIB,1,208.6000061035156,204.0800018310547,-0.02166828446887914,2,0.9748010610079576,0.032351249206200056,1.0,0.9705374761860016,0.40310700460181503,0.25807176420845673,-0.0007009960707235433,-0.7211320611716742
2026-07-17,2026-07-20,2026-07-21,FTI,1,72.95426164935961,72.51453531872352,-0.006027424864493147,39,0.9657894736842105,0.03333333333333333,1.0,1.0,0.34171081150681776,0.4696632373487769,-0.00020091416214977156,-0.20808026577117705
2026-07-17,2026-07-20,2026-07-21,CHRD,1,125.10012299613885,129.2532691487077,0.03319857769202206,39,0.9967105263157895,0.030277713515329985,1.0,0.9083314054598995,0.4325761613312018,-0.37153909066375634,0.0010051770244754689,1.04102916470378
2026-07-17,2026-07-20,2026-07-21,DAR,1,63.150001525878906,64.30000305175781,0.01821063338229112,39,0.9546052631578947,0.03333333333333333,1.0,1.0,0.2849201038107553,0.4519017863929302,0.0006070211127430373,0.6286720314625189
2026-07-17,2026-07-20,2026-07-21,MPC,1,312.09546400342725,318.3882061707607,0.020162876084813597,38,0.9625,0.03333333333333333,1.0,1.0,0.36743064197908337,-0.04908897582035964,0.0006720958694937866,0.6960678413686252
2026-07-17,2026-07-20,2026-07-21,NE,1,41.130001068115234,40.9900016784668,-0.003403826550273714,33,0.9781167108753315,0.03195872459024885,1.0,0.9587617377074654,0.4098228966979345,0.6145995629884565,-0.00010878195527317446,-0.11266193444082295
2026-07-17,2026-07-20,2026-07-21,DINO,1,87.57714155408867,90.55865675439397,0.03404444524446926,33,0.986842105263158,0.032949081403504436,1.0,0.9884724421051332,0.3975047718615385,-0.03726593799018763,0.001121733197697167,1.1617426039244698
2026-07-17,2026-07-20,2026-07-21,WFRD,1,80.19723848768975,79.0109855531667,-0.014791693041963372,32,0.9710526315789474,0.03333333333333333,1.0,1.0,0.38700532522468983,1.1988205765450117,-0.0004930564347321124,-0.5106425195789196
2026-07-17,2026-07-20,2026-07-21,S,1,19.36000061035156,19.299999237060547,-0.003099244390464051,32,0.9776315789473684,0.024855088110872368,1.0,0.745652643326171,0.5269511428775859,1.2319490398703619,-7.703199240211092e-05,-0.07977953012573512
2026-07-17,2026-07-20,2026-07-21,CVE,1,27.90999984741211,28.84000015258789,0.03332140129918404,31,0.9907161803713528,0.03267239574273155,1.0,0.9801718722819466,0.4008710346642089,0.038293132290931495,0.00108869000994931,1.1275208486488237
2026-07-17,2026-07-20,2026-07-21,SU,1,62.18000030517578,62.70000076293945,0.008362824947113934,31,0.969078947368421,0.03333333333333333,1.0,1.0,0.3486850062255447,-0.140686166816144,0.0002787608315704645,0.28870353039890234
2026-07-17,2026-07-20,2026-07-21,APA,1,34.48726859009819,34.795102953079024,0.008926029099017185,31,0.9618421052631579,0.028166911766752584,1.0,0.8450073530025776,0.46499301005398497,-0.5491315938905548,0.00025141867405948314,0.2603861467920601
2026-07-17,2026-07-20,2026-07-21,MRNA,1,61.459999084472656,59.5099983215332,-0.031727966026476984,28,0.9763157894736842,0.017284676533435978,1.0,0.5185402960030794,0.7577473064660059,1.6374300795147476,-0.0005484076298315006,-0.5679679528076995
2026-07-17,2026-07-20,2026-07-21,PSLV,1,18.21999931335449,18.82999992370605,0.033479727406161786,27,0.9809210526315789,0.0251840280100091,1.0,0.755520840300273,0.5200683973644675,1.7370525358616695,0.0008431543927642477,0.8732275925961626
2026-07-17,2026-07-20,2026-07-21,EGO,1,27.739999771118164,28.600000381469727,0.031002185199978438,27,0.9776315789473684,0.021617418928543693,1.0,0.6485225678563108,0.6058733065978302,1.6014231363830904,0.000670187225168231,0.6940911204930296
2026-07-17,2026-07-20,2026-07-21,HUM,1,400.3200073242188,399.4200134277344,-0.0022481861511246537,22,0.9722222222222222,0.02987022087907388,1.0,0.8961066263722164,0.4384774099719806,0.5194033620390344,-6.715381691136837e-05,-0.06954902492164802
2026-07-17,2026-07-20,2026-07-21,TEVA,1,32.2400016784668,31.1299991607666,-0.03442935669701186,22,0.9714854111405835,0.032673342309666134,1.0,0.9802002692899839,0.40085942118240325,0.8327730982113292,-0.0011249221568630646,-1.1650453052555925
2026-07-17,2026-07-20,2026-07-21,ZIM,1,24.40999984741211,24.530000686645508,0.004916052436850782,18,0.9735449735449735,0.032948512749634735,1.0,0.988455382489042,0.3975116323419633,0.9338062792231214,0.00016197661639345088,0.16775391553901753
2026-07-17,2026-07-20,2026-07-21,PAAS,1,41.445802046387485,43.34917933782076,0.0459244892716264,16,0.9782321899736148,0.02269310114050192,1.0,0.6807930342150575,0.5771541317890415,1.8204428407182496,0.0010421690798669133,1.0793406338153297
2026-07-17,2026-07-20,2026-07-21,AGX,1,565.5363513325456,624.7478063534779,0.10469964464957093,12,0.9913793103448276,0.019652902438542792,1.0,0.5895870731562838,0.6664367834371863,1.7459320212212457,0.0020576519016481166,2.1310431777344707
2026-07-17,2026-07-20,2026-07-21,LBRT,1,23.850000381469727,24.489999771118164,0.02683435553089919,11,0.9801061007957559,0.02505059875017016,1.0,0.7515179625051047,0.5228384844996301,1.1817042878922797,0.000672216673123965,0.6961929537609259
2026-07-17,2026-07-20,2026-07-21,PR,1,20.229999542236328,20.56999969482422,0.01680673061203164,8,0.9721485411140584,0.03333333333333333,1.0,1.0,0.35195935314093435,-0.15142151338256435,0.0005602243537343879,0.5802061495776438
2026-07-17,2026-07-20,2026-07-21,PEN,1,318.44000244140625,317.25,-0.003736975355742911,7,0.9701591511936339,0.03333333333333333,1.0,1.0,0.08787731978632551,0.12606071686901757,-0.00012456584519143036,-0.12900879607542187
2026-07-17,2026-07-20,2026-07-21,PHYS,1,30.26000022888184,30.57999992370605,0.010575006358353845,5,0.9742063492063492,0.03333333333333333,1.0,1.0,0.24627235673626005,0.6905506396928803,0.00035250021194512817,0.3650730092946905
2026-07-17,2026-07-20,2026-07-21,UTHR,1,535.5499877929688,526.3699951171875,-0.017141243366678993,5,0.9656084656084656,0.03333333333333333,1.0,1.0,0.22595066878841025,0.057196440087848195,-0.0005713747788892998,-0.5917542823965045
2026-07-17,2026-07-20,2026-07-21,BIIB,1,204.0800018310547,199.47000122070312,-0.02258918350151673,3,0.9748010610079576,0.03126380310729754,1.0,0.9379140932189262,0.4189323046014871,0.22095311662801634,-0.0007062237853460331,-0.7314130142761384
2026-07-20,2026-07-21,2026-07-22,MPC,1,318.3882061707607,325.7779895380377,0.02320997833479299,39,0.9625,0.03333333333333333,1.0,1.0,0.36852139802598427,-0.05851958593304035,0.0007736659444930997,0.807159983279338
2026-07-20,2026-07-21,2026-07-22,NE,1,40.9900016784668,43.0099983215332,0.04928022835694512,34,0.9781167108753315,0.03187809142735287,1.0,0.9563427428205862,0.4108746147846424,0.5985702294676691,0.0015709596251235242,1.6389706096964285
2026-07-20,2026-07-21,2026-07-22,DINO,1,90.55865675439397,92.8842359264684,0.02568036293185849,34,0.986842105263158,0.03313482920336849,1.0,0.9940448761010547,0.3952909627176134,-0.04291097351655835,0.0008509144396276465,0.8877527694617612
2026-07-20,2026-07-21,2026-07-22,WFRD,1,79.0109855531667,87.41449855475237,0.10635879229643219,33,0.9710526315789474,0.03333333333333333,1.0,1.0,0.3872039941129292,1.192838101538793,0.0035452930765477396,3.6987781622745954
2026-07-20,2026-07-21,2026-07-22,S,1,19.299999237060547,18.799999237060547,-0.025906736775402672,33,0.9776315789473684,0.025201784927812023,1.0,0.7560535478343607,0.5197210662975196,1.2255735531417777,-0.0006528960083951365,-0.6811615981942257
2026-07-20,2026-07-21,2026-07-22,CVE,1,28.84000015258789,29.030000686645508,0.006588090605144092,32,0.9907161803713528,0.03254772099870721,1.0,0.9764316299612162,0.4024213718620566,0.025617905438234268,0.00021442733493043405,0.22371045967453182
2026-07-20,2026-07-21,2026-07-22,SU,1,62.70000076293945,64.33999633789062,0.02615622894729741,32,0.969078947368421,0.03333333333333333,1.0,1.0,0.35249024159467945,-0.15643116965031031,0.000871874298243247,0.9096200356250532
2026-07-20,2026-07-21,2026-07-22,APA,1,34.795102953079024,36.310001373291016,0.04353769041163136,32,0.9618421052631579,0.028306839398387518,1.0,0.8492051819516255,0.46271144407698644,-0.5569341155273133,0.001232414410258765,1.2857688797836857
2026-07-20,2026-07-21,2026-07-22,MRNA,1,59.5099983215332,59.52000045776367,0.0001680748867849413,29,0.9763157894736842,0.017250359858891343,1.0,0.5175107957667403,0.7592826261263286,1.6410583794516969,2.8993522802826585e-06,0.003024872885683459
2026-07-20,2026-07-21,2026-07-22,PSLV,1,18.82999992370605,19.149999618530277,0.01699414212006256,28,0.9809210526315789,0.02514783059886955,1.0,0.7544349179660865,0.520836120785385,1.7202619031288457,0.00042736580720844714,0.4458675999064963
2026-07-20,2026-07-21,2026-07-22,EGO,1,28.600000381469727,31.190000534057617,0.09055944468679034,28,0.9776315789473684,0.021640172266250857,1.0,0.6492051679875257,0.605258515234196,1.5939487605964944,0.001959721983358159,2.0445635155311286
2026-07-20,2026-07-21,2026-07-22,HUM,1,399.4200134277344,400.6799926757813,0.003154522071225463,23,0.9664879356568364,0.029694933136442704,1.0,0.8908479940932811,0.4410819339144766,0.4912738982288581,9.367332198247287e-05,0.09772868709457225
2026-07-20,2026-07-21,2026-07-22,TEVA,1,31.1299991607666,30.86000061035156,-0.008673259161385505,23,0.9714854111405835,0.03271368716657919,1.0,0.9814106149973758,0.4003797697455589,0.8339417149161757,-0.0002837342869202324,-0.29601789236872933
2026-07-20,2026-07-21,2026-07-22,ZIM,1,24.530000686645508,24.920000076293945,0.015898873980087602,19,0.9845844504021448,0.032973915644113415,1.0,0.9892174693234025,0.3972199928163973,0.9350558090150383,0.0005242481294557983,0.5469442133490994
2026-07-20,2026-07-21,2026-07-22,PAAS,1,43.34917933782076,45.192762254056554,0.04252866938653499,17,0.9782321899736148,0.02270843516128455,1.0,0.6812530548385365,0.5767856059766608,1.8173166189764756,0.0009657595312598371,1.0075698079411894
2026-07-20,2026-07-21,2026-07-22,AGX,1,624.7478063534779,600.2079174775849,-0.03927967193534809,13,0.9913793103448276,0.01965296811771041,1.0,0.5895890435313124,0.6664590537589057,1.7399387503715875,-0.0007719621402195204,-0.8053824168260614
2026-07-20,2026-07-21,2026-07-22,LBRT,1,24.489999771118164,24.90999984741211,0.0171498603601159,12,0.9801061007957559,0.025003135507771015,1.0,0.7500940652331305,0.5238502399514002,1.1669055924706009,0.0004288002825233284,0.44736417744027007
2026-07-20,2026-07-21,2026-07-22,PR,1,20.56999969482422,21.399999618530277,0.040350021196884134,9,0.9721485411140584,0.03333333333333333,1.0,1.0,0.3539461704968361,-0.16028203459205997,0.0013450007065628044,1.403229333729079
2026-07-20,2026-07-21,2026-07-22,PEN,1,317.25,318.3699951171875,0.00353032345843185,8,0.9701591511936339,0.03333333333333333,1.0,1.0,0.08802646407345553,0.13043749876292374,0.000117677448614395,0.1227720156639225
2026-07-20,2026-07-21,2026-07-22,PHYS,1,30.57999992370605,31.209999084472656,0.020601673065349546,6,0.9742063492063492,0.03333333333333333,1.0,1.0,0.24766451913147403,0.678774229843401,0.0006867224355116516,0.7164524605361826
2026-07-20,2026-07-21,2026-07-22,UTHR,1,526.3699951171875,535.8300170898438,0.017972190779130814,6,0.9656084656084656,0.03333333333333333,1.0,1.0,0.2272885757531016,0.04797393449947272,0.0005990730259710272,0.6250084769372829
2026-07-20,2026-07-21,2026-07-22,BIIB,1,199.47000122070312,203.6999969482422,0.021206174871672978,4,0.9748010610079576,0.03144412725474375,1.0,0.9433238176423125,0.41654514463610165,0.22949491402848263,0.0006668096612512343,0.6956776097708249
2026-07-21,2026-07-22,2026-07-23,NE,1,43.0099983215332,42.91999816894531,-0.0020925402487828038,35,0.9698391420911527,0.03191233900411279,1.0,0.9573701701233838,0.40717179103937523,0.6007130438665095,-6.677785379890735e-05,-0.07071866265467784
2026-07-21,2026-07-22,2026-07-23,DINO,1,92.8842359264684,92.297880397124,-0.006312756125900543,35,0.986842105263158,0.03333333333333333,1.0,1.0,0.37962771792823313,-0.05116245337063739,-0.00021042520419668474,-0.2228431760391577
2026-07-21,2026-07-22,2026-07-23,WFRD,1,87.41449855475237,87.20516064249017,-0.0023947733582327935,34,0.9710526315789474,0.03333333333333333,1.0,1.0,0.3848350322574552,1.1938941102706726,-7.982577860775978e-05,-0.08453659390595047
2026-07-21,2026-07-22,2026-07-23,S,1,18.799999237060547,18.309999465942383,-0.026063818670387207,34,0.9776315789473684,0.024976890144083084,1.0,0.7493067043224925,0.5202330695936738,1.2286309527567467,-0.0006509931356655629,-0.6894106553690581
2026-07-21,2026-07-22,2026-07-23,CVE,1,29.030000686645508,29.65999984741211,0.02170165848657435,33,0.9907161803713528,0.03333333333333333,1.0,1.0,0.38594221982176957,0.023543166234283562,0.000723388616219145,0.7660784617710038
2026-07-21,2026-07-22,2026-07-23,SU,1,64.33999633789062,65.80999755859375,0.02284739360231236,33,0.969078947368421,0.03333333333333333,1.0,1.0,0.3422833716316541,-0.15473153501339773,0.0007615797867437453,0.8065234349330596
2026-07-21,2026-07-22,2026-07-23,APA,1,36.310001373291016,37.43999862670898,0.031120826512806676,33,0.9618421052631579,0.028945524941785112,1.0,0.8683657482535534,0.44890546136901294,-0.5677055743301986,0.0009008086600354131,0.9539687204876762
2026-07-21,2026-07-22,2026-07-23,MRNA,1,59.52000045776367,57.20000076293945,-0.03897848919659408,30,0.9763157894736842,0.017039598710249283,1.0,0.5111879613074785,0.762565154820493,1.6492900439227052,-0.00066417781424175,-0.7033734107347449
2026-07-21,2026-07-22,2026-07-23,EGO,1,31.190000534057617,30.90999984741211,-0.008977258154893697,29,0.9776315789473684,0.0214837225344681,1.0,0.6445116760340429,0.6048208920829848,1.6020275040755843,-0.0001928649233200272,-0.2042465978505659
2026-07-21,2026-07-22,2026-07-23,HUM,1,400.6799926757813,394.5,-0.015423761577189499,24,0.9718498659517426,0.029417847255660923,1.0,0.8825354176698277,0.44169799766908163,0.4985396694018162,-0.0004537338621854925,-0.4805103804552784
2026-07-21,2026-07-22,2026-07-23,TEVA,1,30.86000061035156,29.940000534057617,-0.029812056322038427,24,0.9691689008042895,0.032567741907484994,1.0,0.9770322572245498,0.39897774507891115,0.8350605561764786,-0.0009709113560275539,-1.0282084366064468
2026-07-21,2026-07-22,2026-07-23,ZIM,1,24.920000076293945,25.0,0.00321026980181105,20,0.982573726541555,0.03271593946657102,1.0,0.9814781839971306,0.39717044475636476,0.9416752953912473,0.00010502699250741124,0.1112250249181941
2026-07-21,2026-07-22,2026-07-23,PAAS,1,45.192762254056554,43.648137923767266,-0.03417857756970011,18,0.9782321899736148,0.022843433227023983,1.0,0.6853029968107195,0.5688201112076504,1.8257202809761703,-0.000780756054508104,-0.8268313653898729
2026-07-21,2026-07-22,2026-07-23,AGX,1,600.2079174775849,604.02001953125,0.006351302511445889,14,0.9913793103448276,0.018785337162426124,1.0,0.5635601148727837,0.6916992820629349,1.7461498420221655,0.00011931135909807483,0.1263523649672302
2026-07-21,2026-07-22,2026-07-23,LBRT,1,24.90999984741211,26.0,0.04375753349115863,13,0.9801061007957559,0.025420491400029,1.0,0.76261474200087,0.5111547225458236,1.1553354778349378,0.001112338003798479,1.1779811954646784
2026-07-21,2026-07-22,2026-07-23,PR,1,21.399999618530277,21.70499992370605,0.014252350963206206,10,0.9721485411140584,0.03333333333333333,1.0,1.0,0.339571741890169,-0.17168292171984553,0.0004750783654402069,0.5031145020214992
2026-07-21,2026-07-22,2026-07-23,PEN,1,318.3699951171875,315.70001220703125,-0.008386415023731941,9,0.9701591511936339,0.03333333333333333,1.0,1.0,0.08786760187309718,0.13770690759512808,-0.0002795471674577314,-0.29604428275048145
2026-07-21,2026-07-22,2026-07-23,PHYS,1,31.209999084472656,30.65999984741211,-0.017622532944391422,7,0.9742063492063492,0.03333333333333333,1.0,1.0,0.24530736084904078,0.6809147379746971,-0.0005874177648130474,-0.6220834660586008
2026-07-21,2026-07-22,2026-07-23,UTHR,1,535.8300170898438,523.22998046875,-0.023514988371734047,7,0.9656084656084656,0.03333333333333333,1.0,1.0,0.2262673139129224,0.05207309084098956,-0.0007838329457244682,-0.8300898353702117
2026-07-21,2026-07-22,2026-07-23,BIIB,1,203.6999969482422,197.0399932861328,-0.03269515837941617,5,0.9748010610079576,0.030838541164670354,1.0,0.9251562349401107,0.4213495106391883,0.2346089560448213,-0.0010082709875690423,-1.0677727985855197
2026-07-21,2026-07-22,2026-07-23,HAL,1,33.560001373291016,33.5,-0.0017878835171553087,0,0.9765415549597856,0.03333333333333333,1.0,1.0,0.3253007556885183,0.3505742781168084,-5.959611723851029e-05,-0.06311310518020573
2026-07-22,2026-07-23,2026-07-24,NE,1,42.91999816894531,43.22999954223633,0.0072227722860276344,36,0.9698391420911527,0.030982995003456137,1.0,0.9294898501036841,0.4198271917810451,0.621146070354707,0.00022378311764909567,0.23635150906686256
2026-07-22,2026-07-23,2026-07-24,DINO,1,92.297880397124,88.66042489412386,-0.039409957058054834,36,0.986842105263158,0.03333333333333333,1.0,1.0,0.37970466432590483,-0.045611779458878926,-0.0013136652352684945,-1.3874449691564497
2026-07-22,2026-07-23,2026-07-24,WFRD,1,87.20516064249017,86.11858376636302,-0.012460006588162043,35,0.9710526315789474,0.031932651243334345,1.0,0.9579795373000304,0.40734180466716935,1.2195948826881677,-0.0003978810448694268,-0.42022734499323877
2026-07-22,2026-07-23,2026-07-24,S,1,18.309999465942383,17.639999389648438,-0.03659203144927359,35,0.9776315789473684,0.02477364207500162,1.0,0.7432092622500487,0.5250541582011732,1.2095315515263696,-0.0009065178899215067,-0.9574308979599736
2026-07-22,2026-07-23,2026-07-24,CVE,1,29.65999984741211,29.649999618530277,-0.0003371621353094323,34,0.9907161803713528,0.03333333333333333,1.0,1.0,0.386323438171757,0.03084277352775846,-1.1238737843647742e-05,-0.011869942099556476
2026-07-22,2026-07-23,2026-07-24,SU,1,65.80999755859375,66.06999969482422,0.0039507999677248495,34,0.969078947368421,0.03333333333333333,1.0,1.0,0.34498387890984206,-0.1448403024607802,0.00013169333225749498,0.1390896602929173
2026-07-22,2026-07-23,2026-07-24,APA,1,37.43999862670898,36.34999847412109,-0.02911325300664691,34,0.9618421052631579,0.02878359749751681,1.0,0.8635079249255043,0.45190681207897354,-0.5548261642694446,-0.0008379841563866958,-0.8850480859181008
2026-07-22,2026-07-23,2026-07-24,MRNA,1,57.20000076293945,57.255001068115234,0.0009615437839542995,31,0.9763157894736842,0.017068534688654848,1.0,0.5120560406596455,0.7620750124445654,1.6402327593517596,1.6412143431084404e-05,0.017333903056266895
2026-07-22,2026-07-23,2026-07-24,EGO,1,30.90999984741211,32.209999084472656,0.04205756206658107,30,0.9776315789473684,0.020468075851427233,1.0,0.614042275542817,0.63550203153855,1.6404200640390505,0.0008608373705048899,0.9091848112466531
2026-07-22,2026-07-23,2026-07-24,HUM,1,394.5,395.489990234375,0.0025094809489860648,25,0.9879356568364611,0.029506727119893224,1.0,0.8852018135967967,0.440831805317289,0.5011879507431127,7.40465695743025e-05,0.07820526697439882
2026-07-22,2026-07-23,2026-07-24,TEVA,1,29.940000534057617,31.229999542236328,0.04308613844917275,25,0.9691689008042895,0.03260214858891518,1.0,0.9780644576674554,0.39897688797387204,0.8344501849983993,0.0014047006878425013,1.4835932703352284
2026-07-22,2026-07-23,2026-07-24,ZIM,1,25.0,25.6299991607666,0.025199966430664134,21,0.9805630026809651,0.03256706984556064,1.0,0.9770120953668192,0.39940663519780095,0.9494224016292895,0.0008206890668532223,0.8667816476200486
2026-07-22,2026-07-23,2026-07-24,PAAS,1,43.648137923767266,44.22613101884005,0.013242102013200752,19,0.9782321899736148,0.02241018371039343,1.0,0.6723055113118028,0.5804282532157246,1.8423693745774112,0.0002967579388275995,0.31342483475208777
2026-07-22,2026-07-23,2026-07-24,AGX,1,604.02001953125,595.280029296875,-0.014469702910108295,15,0.9913793103448276,0.01883999700498493,1.0,0.5651999101495478,0.6904196312677464,1.7409087005235302,-0.000272609159489462,-0.28791978102573246
2026-07-22,2026-07-23,2026-07-24,LBRT,1,26.0,19.6200008392334,-0.24538458310640776,14,0.9801061007957559,0.02523845756027222,1.0,0.7571537268081666,0.515384260476449,1.1631874331100929,-0.006193128386676164,-6.5409547217542325
2026-07-22,2026-07-23,2026-07-24,PR,1,21.70499992370605,21.399999618530277,-0.014052075846480605,11,0.9721485411140584,0.03333333333333333,1.0,1.0,0.3457537806790102,-0.15647551455566838,-0.00046840252821602016,-0.49470954537413203
2026-07-22,2026-07-23,2026-07-24,PEN,1,315.70001220703125,318.489990234375,0.008837434017944013,10,0.9701591511936339,0.03333333333333333,1.0,1.0,0.08687800724505648,0.1355656450935865,0.0002945811339314671,0.311125773377173
2026-07-22,2026-07-23,2026-07-24,PHYS,1,30.65999984741211,30.549999237060547,-0.0035877563894002318,8,0.9742063492063492,0.03333333333333333,1.0,1.0,0.2492979155965367,0.6877314376558766,-0.00011959187964667439,-0.1263085505447123
2026-07-22,2026-07-23,2026-07-24,UTHR,1,523.22998046875,533.9400024414062,0.020469052562816392,8,0.9656084656084656,0.03333333333333333,1.0,1.0,0.2226623490164431,0.05449346163786134,0.0006823017520938798,0.7206220488858422
2026-07-22,2026-07-23,2026-07-24,BIIB,1,197.0399932861328,202.2400054931641,0.026390643444044626,6,0.9748010610079576,0.03116066997302785,1.0,0.9348200991908355,0.41743337985114626,0.23756546333408265,0.0008223501307357256,0.8685360022800893
2026-07-22,2026-07-23,2026-07-24,HAL,1,33.5,32.9900016784668,-0.01522383049352849,1,0.9765415549597856,0.03333333333333333,1.0,1.0,0.34201691295932346,0.32065589740958633,-0.0005074610164509496,-0.5359616859876677
2026-07-22,2026-07-23,2026-07-24,MPC,1,322.5169103974811,310.8488733994384,-0.036178062674799394,0,0.9798927613941019,0.03333333333333333,1.0,1.0,0.3473611510762145,-0.056698408111228164,-0.0012059354224933131,-1.2736646979349597
2026-07-22,2026-07-23,2026-07-24,OVV,1,61.11000061035156,61.38999938964844,0.004581881467849991,0,0.9651474530831099,0.03333333333333333,1.0,1.0,0.3526996012249079,-0.16607629239524746,0.00015272938226166635,0.1613071636306271
2026-07-23,2026-07-24,2026-07-27,NE,1,43.22999954223633,42.83000183105469,-0.009252780833153507,37,0.9698391420911527,0.03077050352117695,1.0,0.9231151056353085,0.4201192745415846,0.6202420451004697,-0.0002847127252072286,-0.2987424782111255
2026-07-23,2026-07-24,2026-07-27,DINO,1,88.66042489412386,85.7087166462491,-0.03329228628669012,37,0.986842105263158,0.03333333333333333,1.0,1.0,0.37865674446070435,-0.044607142846836256,-0.001109742876223004,-1.164427535786115
2026-07-23,2026-07-24,2026-07-27,WFRD,1,86.11858376636302,87.4643365559343,0.01562674083473392,36,0.9710526315789474,0.030889932295635383,1.0,0.9266979688690615,0.4184949805934895,1.2144719347192903,0.0004827089663863716,0.506495355162068
2026-07-23,2026-07-24,2026-07-27,S,1,17.639999389648438,18.559999465942383,0.05215420114094926,36,0.9776315789473684,0.024394843837310484,1.0,0.7318453151193145,0.5299186050465556,1.2062584458908951,0.0012722935922931376,1.334988242963638
2026-07-23,2026-07-24,2026-07-27,CVE,1,29.649999618530277,28.63999938964844,-0.03406408910206593,35,0.9907161803713528,0.03333333333333333,1.0,1.0,0.3830768085727094,0.030698596910631287,-0.0011354696367355311,-1.1914220306274061
2026-07-23,2026-07-24,2026-07-27,SU,1,66.06999969482422,64.4000015258789,-0.025276194591478673,35,0.969078947368421,0.03333333333333333,1.0,1.0,0.3452526847700803,-0.14607088485662326,-0.0008425398197159558,-0.8840575480084267
2026-07-23,2026-07-24,2026-07-27,APA,1,36.34999847412109,34.630001068115234,-0.04731767477873161,35,0.9618421052631579,0.029103593560951782,1.0,0.8731078068285535,0.44418162965073277,-0.555563418032283,-0.001377114375009504,-1.444974266152187
2026-07-23,2026-07-24,2026-07-27,MRNA,1,57.255001068115234,54.75,-0.043751655250780286,32,0.9763157894736842,0.01691822588546072,1.0,0.5075467765638216,0.7641038548672916,1.6445349907110864,-0.0007402003863955045,-0.7766751473566078
2026-07-23,2026-07-24,2026-07-27,EGO,1,32.209999084472656,32.189998626708984,-0.0006209394080148867,31,0.9776315789473684,0.02032244579090509,1.0,0.6096733737271527,0.6361085545314377,1.631693012824745,-1.2619007458819231e-05,-0.013240832695723223
2026-07-23,2026-07-24,2026-07-27,HUM,1,395.489990234375,390.5799865722656,-0.01241498845318334,26,0.9764468371467026,0.02926098047164037,1.0,0.8778294141492111,0.44179249663644066,0.5027185270967561,-0.00036327473468423843,-0.3811757779076013
2026-07-23,2026-07-24,2026-07-27,TEVA,1,31.229999542236328,31.270000457763672,0.0012808490590352495,26,0.9691689008042895,0.03201886426668068,1.0,0.9605659280004204,0.4037395426935384,0.838408084412682,4.101133216735532e-05,0.043032242403278124
2026-07-23,2026-07-24,2026-07-27,ZIM,1,25.6299991607666,24.8700008392334,-0.029652686165381525,22,0.9811574697173621,0.032413348949172534,1.0,0.9724004684751759,0.39882585526313385,0.9495580391734716,-0.0009611428639588122,-1.0085049794841559
2026-07-23,2026-07-24,2026-07-27,PAAS,1,44.22613101884005,44.265989023651144,0.0009012320067995905,20,0.9782321899736148,0.022536928963219117,1.0,0.6761078688965735,0.573604400035773,1.836713470466046,2.0311001716621778e-05,0.021311864383151774
2026-07-23,2026-07-24,2026-07-27,AGX,1,595.280029296875,568.6500244140625,-0.04473525663924416,16,0.9913793103448276,0.018722652255140766,1.0,0.561679567654223,0.6904620905431083,1.7405638681143125,-0.0008375626536010456,-0.8788351227074344
2026-07-23,2026-07-24,2026-07-27,LBRT,1,19.6200008392334,17.079999923706055,-0.1294597760897236,15,0.9801061007957559,0.02598091113324901,1.0,0.7794273339974703,0.4975684474765196,1.1631212425961637,-0.003363482937917424,-3.529224861877642
2026-07-23,2026-07-24,2026-07-27,PR,1,21.399999618530277,20.76499938964844,-0.02967290842061454,12,0.9721485411140584,0.03333333333333333,1.0,1.0,0.34656475536504233,-0.15724777886102406,-0.000989096947353818,-1.037836552716319
2026-07-23,2026-07-24,2026-07-27,PEN,1,318.489990234375,318.8999938964844,0.0012873361006029427,11,0.9701591511936339,0.03333333333333333,1.0,1.0,0.08561086384342756,0.13663841584741596,4.291120335343142e-05,0.04502573330185731
2026-07-23,2026-07-24,2026-07-27,PHYS,1,30.549999237060547,30.809999465942383,0.008510646002453104,9,0.9742063492063492,0.03333333333333333,1.0,1.0,0.2448871775408844,0.6852521098449906,0.00028368820008177015,0.2976674676904463
2026-07-23,2026-07-24,2026-07-27,UTHR,1,533.9400024414062,529.7100219726562,-0.00792220183805048,9,0.9656084656084656,0.03333333333333333,1.0,1.0,0.22476011794292922,0.05673149366231148,-0.0002640733946016827,-0.27708610591785443
2026-07-23,2026-07-24,2026-07-27,BIIB,1,202.2400054931641,202.75,0.0025217290990093844,7,0.9748010610079576,0.030738539097989372,1.0,0.9221561729396812,0.42055614859854273,0.24249112638050493,7.751426850443748e-05,0.08133392932431638
2026-07-23,2026-07-24,2026-07-27,HAL,1,32.9900016784668,32.599998474121094,-0.01182186070030622,2,0.9765415549597856,0.03333333333333333,1.0,1.0,0.3315373578733987,0.32172698513284903,-0.0003940620233435406,-0.41348016790206615
2026-07-23,2026-07-24,2026-07-27,MPC,1,310.8488733994384,305.8425400200099,-0.016105361183006095,1,0.9798927613941019,0.03333333333333333,1.0,1.0,0.3463532239086815,-0.054959567922379646,-0.0005368453727668699,-0.5632994344029351
2026-07-23,2026-07-24,2026-07-27,OVV,1,61.38999938964844,62.13999938964844,0.01221697356990803,1,0.9651474530831099,0.03333333333333333,1.0,1.0,0.350699837599304,-0.16597903110917656,0.00040723245233026764,0.4272995944546893
2026-07-23,2026-07-24,2026-07-27,TFX,1,130.9151687786356,132.17205509744258,0.009600769189185732,0,0.977792732166891,0.031472923626072735,1.0,0.9441877087821821,0.41074295385405324,0.7899238354588135,0.00030216427544279477,0.31705398628370746
2026-07-24,2026-07-27,2026-07-28,NE,1,42.83000183105469,40.25,-0.06023819100525951,38,0.9698391420911527,0.031156618965054735,1.0,0.934698568951642,0.41935267342857496,0.6206798457953273,-0.001876818364295058,-1.9489878924364727
2026-07-24,2026-07-27,2026-07-28,DINO,1,85.7087166462491,91.04563711678865,0.0622681178691189,38,0.986842105263158,0.03333333333333333,1.0,1.0,0.38197771269517833,-0.025466679505626224,0.00207560392897063,2.155417382958513
2026-07-24,2026-07-27,2026-07-28,WFRD,1,87.4643365559343,85.52046912268625,-0.0222246861954406,37,0.9710526315789474,0.03122500692034372,1.0,0.9367502076103116,0.41843422137013636,1.2189369307262894,-0.0006939659802551003,-0.7206511397217792
2026-07-24,2026-07-27,2026-07-28,S,1,18.559999465942383,18.049999237060547,-0.02747846139854082,37,0.9776315789473684,0.024234618622725492,1.0,0.7270385586817648,0.5391300627169411,1.230045908026303,-0.000665930032332921,-0.6915371220348141
2026-07-24,2026-07-27,2026-07-28,CVE,1,28.63999938964844,28.07999992370605,-0.019553054395133662,36,0.9907161803713528,0.03333333333333333,1.0,1.0,0.38527552711435653,0.013027532961461558,-0.0006517684798377887,-0.6768310136142034
2026-07-24,2026-07-27,2026-07-28,SU,1,64.4000015258789,64.01000213623047,-0.006055891000122382,36,0.969078947368421,0.03333333333333333,1.0,1.0,0.3479668618678792,-0.16363753834232786,-0.00020186303333741273,-0.20962529746606096
2026-07-24,2026-07-27,2026-07-28,APA,1,34.630001068115234,34.619998931884766,-0.0002888286434296061,36,0.9618421052631579,0.029513279012696243,1.0,0.8853983703808873,0.44270280684062524,-0.5518168339542475,-8.524280340396522e-06,-0.008852065544130195
2026-07-24,2026-07-27,2026-07-28,MRNA,1,54.75,54.83100128173828,0.0014794754655393927,33,0.9763157894736842,0.017108168286290512,1.0,0.5132450485887153,0.7637060402580423,1.6464145008134858,2.531111523988593e-05,0.02628440667732434
2026-07-24,2026-07-27,2026-07-28,EGO,1,32.189998626708984,32.0,-0.005902411768086813,32,0.9776315789473684,0.02054187918149827,1.0,0.6162563754449482,0.6360475272271644,1.619685268983938,-0.0001212466294194929,-0.12590894102108915
2026-07-24,2026-07-27,2026-07-28,HUM,1,390.5799865722656,378.6799926757813,-0.030467495277776036,27,0.9878706199460916,0.029506578530664653,1.0,0.8851973559199396,0.44280333771713765,0.5071323100427715,-0.000898991542046353,-0.9335605747385375
2026-07-24,2026-07-27,2026-07-28,TEVA,1,31.270000457763672,31.18000030517578,-0.00287816281644937,27,0.9691689008042895,0.03190287480770947,1.0,0.9570862442312842,0.40954338869905793,0.803849300768416,-9.182166800938874e-05,-0.09535249793915888
2026-07-24,2026-07-27,2026-07-28,ZIM,1,24.8700008392334,24.399999618530277,-0.01889831945488618,23,0.988544474393531,0.03255021906590362,1.0,0.9765065719771087,0.4013985722043076,0.9232533594056298,-0.0006151444382339735,-0.6387986632195843
2026-07-24,2026-07-27,2026-07-28,PAAS,1,44.265989023651144,43.179771841608954,-0.024538414389924212,21,0.9782321899736148,0.02276060281555812,1.0,0.6828180844667435,0.5740450533700313,1.839548519059772,-0.0005585091036526409,-0.5799855231294054
2026-07-24,2026-07-27,2026-07-28,AGX,1,568.6500244140625,520.8200073242188,-0.08411151857265431,17,0.9913793103448276,0.019202137520080324,1.0,0.5760641256024097,0.6804248456364815,1.7361029316740257,-0.0016151209466548984,-1.6772273917051526
2026-07-24,2026-07-27,2026-07-28,LBRT,1,17.079999923706055,16.559999465942383,-0.030444991808339594,16,0.9801061007957559,0.019918788565268127,1.0,0.5975636569580438,0.6559440808952263,1.3321310718480133,-0.0006064273547016365,-0.6297463805985842
2026-07-24,2026-07-27,2026-07-28,PR,1,20.76499938964844,20.25,-0.02480131975853428,13,0.9721485411140584,0.03333333333333333,1.0,1.0,0.34442935405309205,-0.1519662143405801,-0.0008267106586178093,-0.8585002655808333
2026-07-24,2026-07-27,2026-07-28,PEN,1,318.8999938964844,319.9800109863281,0.0033866952352288315,12,0.9701591511936339,0.03333333333333333,1.0,1.0,0.07950664965805922,0.13322208013044207,0.00011288984117429439,0.11723080816636035
2026-07-24,2026-07-27,2026-07-28,PHYS,1,30.809999465942383,30.450000762939453,-0.01168447611954282,10,0.9742063492063492,0.03333333333333333,1.0,1.0,0.2455872334267916,0.6951827017176694,-0.00038948253731809396,-0.40445935738353783
2026-07-24,2026-07-27,2026-07-28,UTHR,1,529.7100219726562,530.8400268554688,0.0021332518471226525,10,0.9656084656084656,0.03333333333333333,1.0,1.0,0.22500869253103922,0.055037623349858095,7.110839490408842e-05,0.07384273478734557
2026-07-24,2026-07-27,2026-07-28,BIIB,1,202.75,201.00999450683597,-0.00858202462719626,8,0.9748010610079576,0.03116055804101919,1.0,0.9348167412305757,0.41929966211746955,0.2312475498223248,-0.00026742067650520514,-0.2777038367756917
2026-07-24,2026-07-27,2026-07-28,HAL,1,32.599998474121094,32.16999816894531,-0.013190194027681623,3,0.9765415549597856,0.03333333333333333,1.0,1.0,0.32720081540186197,0.3281464740863664,-0.0004396731342560541,-0.4565799395385326
2026-07-24,2026-07-27,2026-07-28,MPC,1,305.8425400200099,312.33478148567025,0.021227398468622427,2,0.9798927613941019,0.03333333333333333,1.0,1.0,0.3480361835289947,-0.04314482100155795,0.0007075799489540809,0.7347886080389587
2026-07-24,2026-07-27,2026-07-28,OVV,1,62.13999938964844,60.09000015258789,-0.032990010576054885,2,0.9651474530831099,0.03333333333333333,1.0,1.0,0.3504689089684891,-0.17409774705042141,-0.0010996670192018295,-1.1419526507782665
2026-07-24,2026-07-27,2026-07-28,TFX,1,132.17205509744258,132.51120910348445,0.0025660038787460593,1,0.9824797843665768,0.03333333333333333,1.0,1.0,0.34720570255568173,0.806112094929244,8.553346262486864e-05,0.08882249141709099
2026-07-24,2026-07-27,2026-07-28,SBUX,1,103.21706558117366,105.2255340922326,0.019458686407621384,0,0.9642857142857142,0.03333333333333333,1.0,1.0,0.27689879730147354,0.6283329300990755,0.0006486228802540462,0.6735644559015341
2026-07-27,2026-07-28,2026-07-29,NE,1,40.25,40.09999847412109,-0.0037267459845692352,39,0.9698391420911527,0.031106223154717325,1.0,0.9331866946415197,0.41700083179459796,0.6014830482032761,-0.00011592499223695736,-0.1194273411274238
2026-07-27,2026-07-28,2026-07-29,DINO,1,91.04563711678865,90.2306907699133,-0.008950965391455123,39,0.986842105263158,0.03333333333333333,1.0,1.0,0.3831078437112186,-0.034099775930803426,-0.0002983655130485041,-0.30737979119003617
2026-07-27,2026-07-28,2026-07-29,WFRD,1,85.52046912268625,86.3578265198815,0.009791309680422744,38,0.9710526315789474,0.030646696703801,1.0,0.9194009011140301,0.4232534767082,1.2020614374325627,0.00030007129810890655,0.3091371117674862
2026-07-27,2026-07-28,2026-07-29,S,1,18.049999237060547,18.26000022888184,0.011634404470783233,38,0.9776315789473684,0.024262068134534635,1.0,0.727862044036039,0.5346337689589671,1.2295772533352478,0.00028227471397487716,0.29080285369884484
2026-07-27,2026-07-28,2026-07-29,CVE,1,28.07999992370605,29.200000762939453,0.03988606988164056,37,0.9907161803713528,0.03333333333333333,1.0,1.0,0.385071562180265,0.0033341638808485194,0.0013295356627213521,1.369703858235651
2026-07-27,2026-07-28,2026-07-29,SU,1,64.01000213623047,65.44000244140625,0.022340263356535495,37,0.969078947368421,0.03333333333333333,1.0,1.0,0.3468250048595078,-0.17063159750764612,0.0007446754452178498,0.7671737276760897
2026-07-27,2026-07-28,2026-07-29,APA,1,34.619998931884766,36.52000045776367,0.05488161711435002,37,0.9618421052631579,0.02936632682518752,1.0,0.8809898047556256,0.44170729988539104,-0.5645897120148077,0.0016116715048748076,1.6603636444900227
2026-07-27,2026-07-28,2026-07-29,MRNA,1,54.83100128173828,55.040000915527344,0.003811705584495062,34,0.9763157894736842,0.016970686491587294,1.0,0.5091205947476188,0.764336842586518,1.6241115181451384,6.46872604726982e-05,0.06664160483427273
2026-07-27,2026-07-28,2026-07-29,EGO,1,32.0,32.279998779296875,0.008749961853027344,33,0.9776315789473684,0.020391846488018214,1.0,0.6117553946405464,0.6361033041871496,1.6277780520419014,0.000178427878882949,0.1838185773990775
2026-07-27,2026-07-28,2026-07-29,HUM,1,378.6799926757813,388.2000122070313,0.025140011924001726,28,0.9878706199460916,0.029268697591604984,1.0,0.8780609277481495,0.44318066729508376,0.49735902895619255,0.0007358154064529499,0.7580460076602451
2026-07-27,2026-07-28,2026-07-29,TEVA,1,31.18000030517578,33.66999816894531,0.07985881460546995,28,0.9691689008042895,0.03161694705660349,1.0,0.9485084116981048,0.41026481482488125,0.7993118731954904,0.002524891913384257,2.6011744493650517
2026-07-27,2026-07-28,2026-07-29,ZIM,1,24.399999618530277,24.1200008392334,-0.011475359986654943,24,0.9959623149394348,0.0320885791775378,1.0,0.962657375326134,0.40423481693404206,0.9006628713487398,-0.0003682279975225263,-0.379352974921063
2026-07-27,2026-07-28,2026-07-29,PAAS,1,43.179771841608954,42.63167555682779,-0.01269335759326573,22,0.9782321899736148,0.022655964319274562,1.0,0.6796789295782368,0.5725344879039271,1.857183750530514,-0.0002875802567248212,-0.2962686885601363
2026-07-27,2026-07-28,2026-07-29,AGX,1,520.8200073242188,522.3400268554688,0.0029185121728700913,18,0.9913793103448276,0.01882504726782434,1.0,0.5647514180347302,0.6890458624067315,1.718111813417329,5.494112960600019e-05,0.05660102192605507
2026-07-27,2026-07-28,2026-07-29,LBRT,1,16.559999465942383,18.270000457763672,0.10326093278795745,17,0.9801061007957559,0.019730965738447747,1.0,0.5919289721534324,0.657409328131851,1.2494312601369009,0.002037437926959344,2.0989934062842357
2026-07-27,2026-07-28,2026-07-29,PR,1,20.25,20.32999992370605,0.003950613516348289,14,0.9721485411140584,0.03333333333333333,1.0,1.0,0.3405541050734557,-0.15263595909760821,0.00013168711721160963,0.13566567455248102
2026-07-27,2026-07-28,2026-07-29,PHYS,1,30.450000762939453,30.32999992370605,-0.003940914161797093,11,0.9742063492063492,0.03333333333333333,1.0,1.0,0.2453684727359183,0.7041497976277852,-0.00013136380539323643,-0.13533259477323498
2026-07-27,2026-07-28,2026-07-29,UTHR,1,530.8400268554688,526.0800170898438,-0.008966938295557392,11,0.9656084656084656,0.03333333333333333,1.0,1.0,0.2249989166681665,0.04380658955424565,-0.0002988979431852464,-0.30792830721182085
2026-07-27,2026-07-28,2026-07-29,BIIB,1,201.00999450683597,210.5,0.047211610131362436,9,0.9748010610079576,0.03098010062703748,1.0,0.9294030188111244,0.4186984763433904,0.22128744247359275,0.0014626204326340705,1.5068094116502482
2026-07-27,2026-07-28,2026-07-29,HAL,1,32.16999816894531,32.0,-0.005284369866996652,4,0.9765415549597856,0.03333333333333333,1.0,1.0,0.3286600021221695,0.31750559318999305,-0.00017614566223322174,-0.18146740996663518
2026-07-27,2026-07-28,2026-07-29,MPC,1,312.33478148567025,311.995710776297,-0.0010856002260151154,3,0.9798927613941019,0.03333333333333333,1.0,1.0,0.34882487014961827,-0.04869514593269391,-3.6186674200503845e-05,-0.03727995318884093
2026-07-27,2026-07-28,2026-07-29,OVV,1,60.09000015258789,63.0,0.048427356299262536,3,0.9651474530831099,0.03333333333333333,1.0,1.0,0.3536285734386948,-0.17592163457637872,0.0016142452099754177,1.6630151068803214
2026-07-27,2026-07-28,2026-07-29,TFX,1,132.51120910348445,133.66834156390073,0.008732336443421973,2,0.9730820995962315,0.03333333333333333,1.0,1.0,0.3462156720967767,0.8010850937641208,0.0002910778814473991,0.29987198421553035
2026-07-27,2026-07-28,2026-07-29,SBUX,1,105.2255340922326,103.0778721622304,-0.020410083432028214,1,0.9642857142857142,0.03333333333333333,1.0,1.0,0.27689760977656913,0.6360847068112631,-0.0006803361144009405,-0.7008905642174723
2026-07-28,2026-07-29,2026-07-30,WFRD,1,86.3578265198815,82.89873716389295,-0.04005530819134495,39,0.9710526315789474,0.03180602174499144,1.0,0.9541806523497433,0.41124824799466514,1.202792286579991,-0.0012740000033362514,-1.3268459681372025
2026-07-28,2026-07-29,2026-07-30,S,1,18.26000022888184,18.420000076293945,0.008762313549100398,39,0.9776315789473684,0.024521100620572996,1.0,0.7356330186171899,0.533425106837733,1.2295490302866665,0.00021486157220650093,0.22377410521448157
2026-07-28,2026-07-29,2026-07-30,CVE,1,29.200000762939453,28.8700008392334,-0.011301366954924563,38,0.9907161803713528,0.03312505063535392,1.0,0.9937515190606176,0.3948724746807681,0.004211101590164079,-0.0003743583526305917,-0.38988686775951736
2026-07-28,2026-07-29,2026-07-30,SU,1,65.44000244140625,65.05999755859375,-0.005806920364233581,38,0.969078947368421,0.03333333333333333,1.0,1.0,0.3508794850734002,-0.16981125645175488,-0.00019356401214111937,-0.2015931149241283
2026-07-28,2026-07-29,2026-07-30,APA,1,36.52000045776367,36.18000030517578,-0.009309971202796419,38,0.9618421052631579,0.02933337773020108,1.0,0.8800013319060325,0.4459142359470202,-0.5633187763675669,-0.00027309290194892186,-0.2844208908390234
2026-07-28,2026-07-29,2026-07-30,MRNA,1,55.040000915527344,55.96500015258789,0.01680594516123257,35,0.9763157894736842,0.01717637423856932,1.0,0.5152912271570795,0.7615210600696278,1.6228671338555145,0.0002886652035222038,0.3006391369167452
2026-07-28,2026-07-29,2026-07-30,EGO,1,32.279998779296875,32.689998626708984,0.012701358826415765,34,0.9776315789473684,0.020537597064358554,1.0,0.6161279119307567,0.6368890516898688,1.6267132723276017,0.000260855389746761,0.27167576235947394
2026-07-28,2026-07-29,2026-07-30,HUM,1,388.2000122070313,363.7699890136719,-0.06293153638627558,29,0.9878706199460916,0.029251746822288305,1.0,0.8775524046686491,0.4471586192022401,0.49725320642364734,-0.0018408573695089575,-1.9172167757082414
2026-07-28,2026-07-29,2026-07-30,TEVA,1,33.66999816894531,34.349998474121094,0.02019603035805817,29,0.9691689008042895,0.03198850663472437,1.0,0.959655199041731,0.40890219939523786,0.7987425961674739,0.0006460408511038386,0.6728388510944235
2026-07-28,2026-07-29,2026-07-30,ZIM,1,24.1200008392334,24.780000686645508,0.027363176801327382,25,0.9946164199192463,0.03229934054525509,1.0,0.9689802163576525,0.4049671138016311,0.9009776508281526,0.0008838125659060969,0.9204734196158317
2026-07-28,2026-07-29,2026-07-30,PAAS,1,42.63167555682779,43.1996995502645,0.013323989405003234,23,0.9782321899736148,0.02289238389441622,1.0,0.6867715168324866,0.5713765232417928,1.856915393823675,0.0003050178804644684,0.3176701286061285
2026-07-28,2026-07-29,2026-07-30,AGX,1,522.3400268554688,522.0,-0.0006509684075250988,19,0.9913793103448276,0.01882373565062018,1.0,0.5647120695186054,0.6948764560384699,1.7203113474316871,-1.2253657220157648e-05,-0.012761943198527822
2026-07-28,2026-07-29,2026-07-30,LBRT,1,18.270000457763672,17.6299991607666,-0.0350301741084581,18,0.9801061007957559,0.019906914516735996,1.0,0.5972074355020799,0.6570667045016587,1.2497948493257292,-0.000697342681483454,-0.7262686993039964
2026-07-28,2026-07-29,2026-07-30,PR,1,20.32999992370605,20.540000915527344,0.010329611048174092,15,0.9721485411140584,0.03333333333333333,1.0,1.0,0.3545193436926646,-0.1509622576930004,0.0003443203682724697,0.35860289732610184
2026-07-28,2026-07-29,2026-07-30,PHYS,1,30.32999992370605,30.850000381469727,0.017144756316245235,12,0.9742063492063492,0.03333333333333333,1.0,1.0,0.24559732513412208,0.7038441929808008,0.0005714918772081745,0.5951975597418359
2026-07-28,2026-07-29,2026-07-30,UTHR,1,526.0800170898438,522.2999877929688,-0.007185274433697875,12,0.9744279946164198,0.03333333333333333,1.0,1.0,0.22429472261081912,0.0439111384334135,-0.00023950914778992914,-0.2494440708358216
2026-07-28,2026-07-29,2026-07-30,BIIB,1,210.5,204.3800048828125,-0.029073611008016642,10,0.9748010610079576,0.031338678635837273,1.0,0.9401603590751182,0.41738105394622965,0.22186355607539962,-0.0009111285521635745,-0.9489224825173326
2026-07-28,2026-07-29,2026-07-30,HAL,1,32.0,31.209999084472656,-0.024687528610229492,5,0.9765415549597856,0.03333333333333333,1.0,1.0,0.33304862658216977,0.3190363928753869,-0.0008229176203409831,-0.8570525304545933
2026-07-28,2026-07-29,2026-07-30,MPC,1,311.995710776297,304.06742554033497,-0.02541151997325597,4,0.9798927613941019,0.03333333333333333,1.0,1.0,0.3485520804696576,-0.04973711311237874,-0.000847050665775199,-0.8821866230365459
2026-07-28,2026-07-29,2026-07-30,OVV,1,63.0,60.45000076293945,-0.04047617836604045,4,0.9651474530831099,0.03333333333333333,1.0,1.0,0.366212136220982,-0.17421420704806762,-0.0013492059455346816,-1.4051714790670558
2026-07-28,2026-07-29,2026-07-30,TFX,1,133.66834156390073,133.47880658215382,-0.001417949677009256,3,0.9730820995962315,0.03333333333333333,1.0,1.0,0.3465531127566212,0.8011229345827534,-4.726498923364186e-05,-0.049225557483891014
2026-07-28,2026-07-29,2026-07-30,SBUX,1,103.0778721622304,106.60759243184711,0.03424323955835451,2,0.9642857142857142,0.03333333333333333,1.0,1.0,0.2762928189563908,0.6354656659544243,0.001141441318611817,1.1887887029036135
2026-07-28,2026-07-29,2026-07-30,NE,1,40.09999847412109,41.2599983215332,0.02892767809357233,0,0.9952893674293405,0.03143827773663174,1.0,0.9431483320989523,0.41605875575897067,0.6016951805797787,0.0009094363781816048,0.9471601165679735
2026-07-28,2026-07-29,2026-07-30,CVLT,1,121.08000183105467,121.91999816894533,0.006937531592233759,0,0.9690444145356663,0.02963176019555231,1.0,0.8889528058665693,0.44142402044247336,1.0285382910159506,0.00020557127249013895,0.21409844062330366
2026-07-29,2026-07-30,2026-07-31,CVE,1,28.8700008392334,30.399999618530277,0.0529961459930981,39,0.9907161803713528,0.016666666666666666,0.5,1.0,0.3944144809726865,0.0018594580693278464,0.0008832690998849682,0.9169228954384172
2026-07-29,2026-07-30,2026-07-31,SU,1,65.05999755859375,67.19999694824219,0.0328927062704103,39,0.969078947368421,0.016666666666666666,0.5,1.0,0.3505989452237448,-0.16750109554821158,0.000548211771173505,0.569099411043925
2026-07-29,2026-07-30,2026-07-31,APA,1,36.18000030517578,36.45000076293945,0.007462699156612462,39,0.9618421052631579,0.014799425248001482,0.5,0.8879655148800889,0.4443571734114778,-0.5604495566489588,0.00011044365831660984,0.11465171710372946
2026-07-29,2026-07-30,2026-07-31,MRNA,1,55.96500015258789,57.84999847412109,0.03368173530588359,36,0.9763157894736842,0.00869199300082792,0.5,0.5215195800496751,0.7565849133438104,1.6235969004156745,0.00029276140753447876,0.30391602910607957
2026-07-29,2026-07-30,2026-07-31,EGO,1,32.689998626708984,31.25,-0.04405012808818076,35,0.9776315789473684,0.010323098537324596,0.5,0.6193859122394757,0.6370403951429043,1.6244921840569126,-0.00045473381283605993,-0.47205981096100075
2026-07-29,2026-07-30,2026-07-31,HUM,1,363.7699890136719,371.6900024414063,0.02177203636069258,30,0.9878706199460916,0.014822717906348128,0.5,0.8893630743808877,0.44365890337156005,0.49149504490493773,0.00032272075322130046,0.3350168680193605
2026-07-29,2026-07-30,2026-07-31,TEVA,1,34.349998474121094,35.599998474121094,0.036390103508788796,30,0.9691689008042895,0.016091992017414056,0.5,0.9655195210448433,0.40866480446919723,0.7987382255704938,0.0005855892551763005,0.6079010297810798
2026-07-29,2026-07-30,2026-07-31,ZIM,1,24.780000686645508,24.71999931335449,-0.002421362858288978,26,0.9905660377358491,0.016161940928747735,0.5,0.9697164557248641,0.40689610241175034,0.89622995423341,-3.9133923482730234e-05,-0.04062498103276073
2026-07-29,2026-07-30,2026-07-31,PAAS,1,43.1996995502645,43.239561132519505,0.0009227282288994942,24,0.9782321899736148,0.011495997519871314,0.5,0.6897598511922788,0.5720452496574662,1.857083282545354,1.0607681430943836e-05,0.011011849019529911
2026-07-29,2026-07-30,2026-07-31,AGX,1,522.0,594.7899780273438,0.13944440235123334,20,0.9913793103448276,0.009425871913598095,0.5,0.5655523148158857,0.6976787751411405,1.7065517201124654,0.0013143850756309626,1.3644649964835656
2026-07-29,2026-07-30,2026-07-31,LBRT,1,17.6299991607666,18.57999992370605,0.053885468415311166,19,0.9801061007957559,0.009855401178012972,0.5,0.5913240706807783,0.6672717480022752,1.2530374339039394,0.0005310629088980384,0.5512971529856014
2026-07-29,2026-07-30,2026-07-31,PR,1,20.540000915527344,21.190000534057617,0.03164554963767796,16,0.9721485411140584,0.016666666666666666,0.5,1.0,0.358027071957295,-0.1561957578279267,0.0005274258272946326,0.5475214934553688
2026-07-29,2026-07-30,2026-07-31,PHYS,1,30.850000381469727,30.559999465942383,-0.009400353709607567,13,0.9742063492063492,0.016666666666666666,0.5,1.0,0.2463520506915305,0.705047396120215,-0.00015667256182679278,-0.16264200688633426
2026-07-29,2026-07-30,2026-07-31,UTHR,1,522.2999877929688,525.8400268554688,0.006777788905297122,13,0.9744279946164198,0.016666666666666666,0.5,1.0,0.22474045288820896,0.04473507481115737,0.0001129631484216187,0.11726720332691333
2026-07-29,2026-07-30,2026-07-31,BIIB,1,204.3800048828125,207.50999450683597,0.015314558906181386,11,0.9748010610079576,0.015728368226991456,0.5,0.9437020936194874,0.4181127168698229,0.22693658510349157,0.00024087302171037233,0.250050622769934
2026-07-29,2026-07-30,2026-07-31,HAL,1,31.209999084472656,32.0,0.025312429948784576,6,0.9765415549597856,0.016666666666666666,0.5,1.0,0.3366461480982055,0.3161229771797967,0.00042187383247974293,0.4379478191158341
2026-07-29,2026-07-30,2026-07-31,MPC,1,304.06742554033497,315.44626821153923,0.03742210350544384,5,0.9798927613941019,0.016666666666666666,0.5,1.0,0.35189434244270507,-0.051967384221188975,0.0006237017250907307,0.6474656384273011
2026-07-29,2026-07-30,2026-07-31,OVV,1,60.45000076293945,61.52000045776367,0.01770057371910272,5,0.9651474530831099,0.016666666666666666,0.5,1.0,0.3654389617494424,-0.1837403385669968,0.0002950095619850453,0.30624984140459055
2026-07-29,2026-07-30,2026-07-31,TFX,1,133.47880658215382,133.15961149901568,-0.0023913540382284326,4,0.9730820995962315,0.016666666666666666,0.5,1.0,0.3492893393726161,0.8023932198063617,-3.985590063714054e-05,-0.04137446653264802
2026-07-29,2026-07-30,2026-07-31,SBUX,1,106.60759243184711,105.97125482161232,-0.005968970837059162,3,0.9642857142857142,0.016666666666666666,0.5,1.0,0.2760037974994134,0.6336449499506183,-9.948284728431937e-05,-0.10327328374815298
2026-07-29,2026-07-30,2026-07-31,NE,1,41.2599983215332,41.869998931884766,0.014784310110677046,1,0.9925876010781671,0.015733800795893798,0.5,0.9440280477536279,0.4179683508534479,0.5954151056753612,0.00023261339018611124,0.24147628766247214
2026-07-29,2026-07-30,2026-07-31,CVLT,1,121.91999816894533,115.97000122070312,-0.048802469140437954,1,0.965633423180593,0.01117870404673411,0.5,0.6707222428040467,0.5882820355403953,1.0101940358706816,-0.0005455483592708303,-0.566334519400072
2026-07-30,2026-07-31,2026-08-03,MRNA,1,57.84999847412109,54.92499923706055,-0.05056178589821436,37,0.9763157894736842,0.017739615293950704,1.0,0.5321884588185212,0.7551672644057018,1.6235024915890082,-0.0008969466304094246,-0.9363837163041467
2026-07-30,2026-07-31,2026-08-03,EGO,1,31.25,30.479999542236328,-0.024640014648437458,36,0.9776315789473684,0.02116976361316144,1.0,0.6350929083948432,0.632807101578293,1.6086467819345722,-0.0005216232855322562,-0.5445580975029893
2026-07-30,2026-07-31,2026-08-03,HUM,1,371.6900024414063,365.0,-0.01799887647626719,31,0.9878706199460916,0.028927501493417298,1.0,0.867825044802519,0.46310175651328767,0.5435801748852259,-0.0005206625261470525,-0.5435550953029805
2026-07-30,2026-07-31,2026-08-03,TEVA,1,35.599998474121094,35.0,-0.016853890444890163,31,0.9691689008042895,0.029725903694285478,1.0,0.8917771108285644,0.4506633975174194,0.6943499790619623,-0.0005009971242388432,-0.5230250420120526
2026-07-30,2026-07-31,2026-08-03,ZIM,1,24.71999931335449,25.06999969482422,0.014158591876685334,27,0.9959623149394348,0.03269931902039621,1.0,0.9809795706118863,0.4096836617541273,0.8609766705974826,0.000462976312655324,0.4833325256008762
2026-07-30,2026-07-31,2026-08-03,PAAS,1,43.239561132519505,42.53202186426695,-0.01636323888866742,25,0.9782321899736148,0.023742809853430705,1.0,0.7122842956029212,0.5642287848759653,1.8441984709641035,-0.0003885092695198933,-0.4055913041844954
2026-07-30,2026-07-31,2026-08-03,AGX,1,594.7899780273438,572.4600219726562,-0.03754258961918988,21,0.9913793103448276,0.019104362424510492,1.0,0.5731308727353148,0.7012208235724755,1.7409981201913458,-0.0007172272384396688,-0.7487623947682771
2026-07-30,2026-07-31,2026-08-03,LBRT,1,18.57999992370605,17.950000762939453,-0.033907382311815226,20,0.9801061007957559,0.020038972563594028,1.0,0.6011691769078208,0.6685161482520459,1.2687830174807426,-0.0006794691038497588,-0.7093441047727248
2026-07-30,2026-07-31,2026-08-03,PR,1,21.190000534057617,20.614999771118164,-0.027135476566660932,17,0.9721485411140584,0.03333333333333333,1.0,1.0,0.37189165788988715,-0.2008049768800432,-0.0009045158855553644,-0.9442857776118236
2026-07-30,2026-07-31,2026-08-03,PHYS,1,30.559999465942383,30.479999542236328,-0.002617798596338705,14,0.9742063492063492,0.03333333333333333,1.0,1.0,0.2443541460655203,0.6895152286929587,-8.725995321129017e-05,-0.09109661210858963
2026-07-30,2026-07-31,2026-08-03,UTHR,1,525.8400268554688,516.2899780273438,-0.01816150985164522,14,0.9663526244952894,0.03333333333333333,1.0,1.0,0.22461567142357186,0.043286748526479214,-0.0006053836617215073,-0.6320012626546583
2026-07-30,2026-07-31,2026-08-03,BIIB,1,207.50999450683597,203.33999633789065,-0.02009540879636007,12,0.9748010610079576,0.032013182379766233,1.0,0.9603954713929871,0.4184643873959064,0.2070256150525238,-0.0006433179867938336,-0.6716034899025608
2026-07-30,2026-07-31,2026-08-03,HAL,1,32.0,31.75,-0.0078125,7,0.9765415549597856,0.03333333333333333,1.0,1.0,0.33405590649842454,0.3148504089275261,-0.00026041666666666666,-0.27186670628280596
2026-07-30,2026-07-31,2026-08-03,MPC,1,315.44626821153923,310.2704171056424,-0.016408027697528138,6,0.9798927613941019,0.03333333333333333,1.0,1.0,0.3499333288100742,-0.05634340433606188,-0.0005469342565842713,-0.5709819451806756
2026-07-30,2026-07-31,2026-08-03,OVV,1,61.52000045776367,60.540000915527344,-0.01592977137425644,6,0.9651474530831099,0.03333333333333333,1.0,1.0,0.3685678283961352,-0.21273425323233064,-0.0005309923791418814,-0.554339132845725
2026-07-30,2026-07-31,2026-08-03,TFX,1,133.15961149901568,137.9078246514972,0.03565805801796462,5,0.9730820995962315,0.03333333333333333,1.0,1.0,0.34929014453282564,0.7865536287757496,0.0011886019339321541,1.2408625645805111
2026-07-30,2026-07-31,2026-08-03,SBUX,1,105.97125482161232,107.08484947007672,0.010508459584997576,4,0.9642857142857142,0.03333333333333333,1.0,1.0,0.276202577529249,0.6138501697997685,0.00035028198616658587,0.365683237821347
2026-07-30,2026-07-31,2026-08-03,NE,1,41.869998931884766,41.619998931884766,-0.005970862344818917,2,0.990578734858681,0.031875451371806335,1.0,0.9562635411541901,0.4202725350264789,0.5435799520299492,-0.00019032393232002492,-0.19869212392948554
2026-07-30,2026-07-31,2026-08-03,CVLT,1,115.97000122070312,119.6999969482422,0.032163453378261986,2,0.965633423180593,0.024354891893984598,1.0,0.730646756819538,0.5500487052644675,0.9911813985624279,0.0007833374299647844,0.8177793292514463
2026-07-30,2026-07-31,2026-08-03,FTI,1,69.96613696734556,70.3858731787003,0.0059991337173672665,0,0.984522207267833,0.03333333333333333,1.0,1.0,0.34275723958832904,0.479348636830237,0.00019997112391224222,0.20876348470921788
2026-07-31,2026-08-03,2026-08-04,MRNA,1,54.92499923706055,56.84000015258789,0.03486574314297308,38,0.9763157894736842,0.017656950348607543,1.0,0.5297085104582263,0.761290738937646,1.6495756106009936,0.0006156226955427796,0.6393852949350675
2026-07-31,2026-08-03,2026-08-04,EGO,1,30.479999542236328,32.86000061035156,0.07808402571716755,37,0.9776315789473684,0.021340319802824657,1.0,0.6402095940847398,0.6298908780409905,1.6107546318008115,0.0016663380802963404,1.7306575482771052
2026-07-31,2026-08-03,2026-08-04,HUM,1,365.0,374.6199951171875,0.02635615100599309,32,0.9878706199460916,0.029762228319612127,1.0,0.8928668495883638,0.45164873523327453,0.5369027961168552,0.0007844177838665412,0.8146957539432821
2026-07-31,2026-08-03,2026-08-04,TEVA,1,35.0,34.619998931884766,-0.01085717337472103,32,0.9691689008042895,0.03333333333333333,1.0,1.0,0.384898449975155,0.7000379579072623,-0.0003619057791573677,-0.3758750855363147
2026-07-31,2026-08-03,2026-08-04,ZIM,1,25.06999969482422,26.350000381469727,0.05105706829784151,28,0.9926174496644296,0.03279377138577686,1.0,0.9838131415733058,0.4098971301637721,0.8492722902691608,0.0016743538253874098,1.7389826954431937
2026-07-31,2026-08-03,2026-08-04,PAAS,1,42.53202186426695,44.843979645774226,0.05435805024471807,26,0.9782321899736148,0.02367147731751109,1.0,0.7101443195253327,0.5678594790673637,1.8467482982048815,0.001286735353391972,1.336402425363042
2026-07-31,2026-08-03,2026-08-04,AGX,1,572.4600219726562,602.8499755859375,0.05308659547711225,22,0.9913793103448276,0.017039043461916932,1.0,0.511171303857508,0.7888983209838293,1.8840538688866642,0.0009045448075797186,0.9394595955667662
2026-07-31,2026-08-03,2026-08-04,LBRT,1,17.950000762939453,18.709999084472656,0.042339737561590374,21,0.9801061007957559,0.019883489944882617,1.0,0.5965046983464786,0.6760419229993538,1.2926577250177553,0.000841861746074851,0.8743570123483448
2026-07-31,2026-08-03,2026-08-04,PR,1,20.614999771118164,20.399999618530277,-0.010429306571669406,18,0.9721485411140584,0.03333333333333333,1.0,1.0,0.3658164575648933,-0.1869292810354751,-0.00034764355238898017,-0.36106234693073713
2026-07-31,2026-08-03,2026-08-04,PHYS,1,30.479999542236328,30.809999465942383,0.010826769313062812,15,0.9742063492063492,0.03333333333333333,1.0,1.0,0.24645885803584364,0.695100736104861,0.00036089231043542707,0.3748224976405515
2026-07-31,2026-08-03,2026-08-04,UTHR,1,516.2899780273438,517.8599853515625,0.0030409409266813903,15,0.9879194630872483,0.03333333333333333,1.0,1.0,0.22452110963627078,0.041212166643568804,0.00010136469755604635,0.10527730298463774
2026-07-31,2026-08-03,2026-08-04,BIIB,1,203.33999633789065,200.9600067138672,-0.011704483460640125,13,0.9748010610079576,0.03333333333333333,1.0,1.0,0.4020867145792882,0.19317305737823245,-0.0003901494486880042,-0.405208940677852
2026-07-31,2026-08-03,2026-08-04,HAL,1,31.75,31.489999771118164,-0.008188983586829512,8,0.9765415549597856,0.03333333333333333,1.0,1.0,0.3311519097939325,0.32442995976210254,-0.00027296611956098376,-0.28350241816361427
2026-07-31,2026-08-03,2026-08-04,MPC,1,310.2704171056424,307.9866708423331,-0.007360502765984656,7,0.9798927613941019,0.03333333333333333,1.0,1.0,0.3436886381169196,-0.0408381259798814,-0.0002453500921994885,-0.2548204317337661
2026-07-31,2026-08-03,2026-08-04,OVV,1,60.540000915527344,60.47999954223633,-0.0009911029465416998,7,0.9651474530831099,0.03333333333333333,1.0,1.0,0.3577606868821477,-0.20623287564191184,-3.303676488472333e-05,-0.03431196057659225
2026-07-31,2026-08-03,2026-08-04,TFX,1,137.9078246514972,138.85547221721595,0.006871601144557982,6,0.9730820995962315,0.03333333333333333,1.0,1.0,0.34950258082946634,0.756473248302655,0.00022905337148526606,0.2378946691590927
2026-07-31,2026-08-03,2026-08-04,SBUX,1,107.08484947007672,102.47135093567888,-0.043082644811365256,5,0.9684563758389262,0.03333333333333333,1.0,1.0,0.22078240776556543,0.618307594822607,-0.0014360881603788418,-1.4915201447649968
2026-07-31,2026-08-03,2026-08-04,NE,1,41.619998931884766,39.869998931884766,-0.04204709382294913,3,0.9899328859060403,0.031958207289839495,1.0,0.9587462186951848,0.420614105677649,0.5389096521794245,-0.0013437497403291383,-1.395617527196189
2026-07-31,2026-08-03,2026-08-04,CVLT,1,119.6999969482422,126.13999938964844,0.0538011913583496,3,0.965633423180593,0.02436951133619922,1.0,0.7310853400859766,0.5515938581135804,0.9820953896945919,0.0013111087427083242,1.3617166102191787
2026-07-31,2026-08-03,2026-08-04,FTI,1,70.3858731787003,68.95677003105693,-0.020303834890490813,1,0.984522207267833,0.03333333333333333,1.0,1.0,0.3485990751108695,0.43444675577169695,-0.0006767944963496938,-0.7029182838645182
2026-08-03,2026-08-04,2026-08-05,MRNA,1,56.84000015258789,58.0,0.020408160526004027,39,0.9763157894736842,0.01743344059757263,1.0,0.523003217927179,0.7701985914738225,1.6213276521535214,0.00035578445423581784,0.3712426145520686
2026-08-03,2026-08-04,2026-08-05,EGO,1,32.86000061035156,33.41999816894531,0.017041921734394005,38,0.9776315789473684,0.020901889395977313,1.0,0.6270566818793194,0.6423922325116282,1.5723896606946075,0.00035620836318720536,0.371684941544076
2026-08-03,2026-08-04,2026-08-05,HUM,1,374.6199951171875,362.7999877929688,-0.03155199262794606,33,0.9878706199460916,0.030023731837009394,1.0,0.9007119551102818,0.4472199347398133,0.546333100746294,-0.0009473085655847497,-0.988467327586365
2026-08-03,2026-08-04,2026-08-05,TEVA,1,34.619998931884766,34.25,-0.010687433370888955,33,0.9691689008042895,0.03333333333333333,1.0,1.0,0.38517420151035053,0.69439501422005,-0.00035624777902963184,-0.37172606993016194
2026-08-03,2026-08-04,2026-08-05,ZIM,1,26.350000381469727,27.770000457763672,0.05388994518924339,29,0.9932614555256065,0.03272800632055215,1.0,0.9818401896165646,0.41026670739675125,0.8501971150828759,0.0017637104667677667,1.8403403442740922
2026-08-03,2026-08-04,2026-08-05,PAAS,1,44.843979645774226,47.1260393106326,0.050888874780617765,27,0.9782321899736148,0.02366365226703213,1.0,0.7099095680109638,0.5674192318782338,1.8288339622369783,0.0012042166370690797,1.256537567929572
2026-08-03,2026-08-04,2026-08-05,AGX,1,602.8499755859375,620.7999877929688,0.029775255758424546,23,0.9913793103448276,0.017239187000500797,1.0,0.5171756100150239,0.778877298123336,1.8720982732456752,0.000513301202007219,0.5356031665160241
2026-08-03,2026-08-04,2026-08-05,LBRT,1,18.709999084472656,19.850000381469727,0.0609300562683166,22,0.9801061007957559,0.019640608366069526,1.0,0.5892182509820858,0.6836453913509832,1.2998614207709531,0.001196703372888586,1.2486978666582562
2026-08-03,2026-08-04,2026-08-05,PR,1,20.399999618530277,20.549999237060547,0.007352922614469959,19,0.9721485411140584,0.03333333333333333,1.0,1.0,0.3670068914833141,-0.18291274454595238,0.00024509742048233195,0.2557464389366464
2026-08-03,2026-08-04,2026-08-05,PHYS,1,30.809999465942383,31.780000686645508,0.03148332481392524,16,0.9742063492063492,0.03333333333333333,1.0,1.0,0.24472571153357967,0.6845528958816829,0.0010494441604641746,1.0950405205138354
2026-08-03,2026-08-04,2026-08-05,UTHR,1,517.8599853515625,505.0,-0.024832938854760456,16,0.9946091644204852,0.03333333333333333,1.0,1.0,0.22628000187468747,0.02743948222607288,-0.0008277646284920152,-0.8637294329656535
2026-08-03,2026-08-04,2026-08-05,BIIB,1,200.9600067138672,210.6000061035156,0.04796974058313075,14,0.9748010610079576,0.03333333333333333,1.0,1.0,0.4014736467533099,0.18106789787925684,0.001598991352771025,1.6684644969209663
2026-08-03,2026-08-04,2026-08-05,HAL,1,31.489999771118164,32.59000015258789,0.034931736724832296,9,0.9784366576819408,0.03333333333333333,1.0,1.0,0.33296908467728603,0.32688227541292525,0.0011643912241610765,1.2149818163008534
2026-08-03,2026-08-04,2026-08-05,MPC,1,307.9866708423331,313.64121239291427,0.01835969568136231,8,0.9798927613941019,0.03333333333333333,1.0,1.0,0.3407376352858997,-0.042261179096116944,0.0006119898560454103,0.638579655554747
2026-08-03,2026-08-04,2026-08-05,OVV,1,60.47999954223633,60.88999938964844,0.006779098057462463,8,0.9651474530831099,0.03333333333333333,1.0,1.0,0.3584574721111994,-0.2030908044323511,0.00022596993524874874,0.23578790071671915
2026-08-03,2026-08-04,2026-08-05,TFX,1,138.85547221721595,139.81309099538984,0.006896514504490359,7,0.9730820995962315,0.03333333333333333,1.0,1.0,0.32511865516901506,0.7656614439506141,0.00022988381681634528,0.2398718330215259
2026-08-03,2026-08-04,2026-08-05,SBUX,1,102.47135093567888,105.38461676036349,0.028430051893365338,6,0.9683288409703504,0.03333333333333333,1.0,1.0,0.22106283151621056,0.6140306288006389,0.0009476683964455112,0.9888427924161383
2026-08-03,2026-08-04,2026-08-05,NE,1,39.869998931884766,41.209999084472656,0.03360923472501698,4,0.9973045822102427,0.031787351652732374,1.0,0.9536205495819713,0.42240736313869104,0.5400204636943955,0.0010683485629833388,1.1147662834981493
2026-08-03,2026-08-04,2026-08-05,CVLT,1,126.13999938964844,132.10000610351562,0.04724914176871553,4,0.965633423180593,0.02443967690650755,1.0,0.7331903071952265,0.5494021645277043,0.9851792414515456,0.0011547537589371782,1.2049256214762105
2026-08-03,2026-08-04,2026-08-05,FTI,1,68.95677003105693,70.55576926369123,0.023188429967269775,2,0.9952830188679245,0.03333333333333333,1.0,1.0,0.35645744959564196,0.44525573501427257,0.0007729476655756591,0.8065307768900754
2026-08-03,2026-08-04,2026-08-05,DAR,1,60.470001220703125,61.13999938964844,0.011079843813793788,0,0.9831536388140162,0.03333333333333333,1.0,1.0,0.289968792426075,0.4517185492516401,0.0003693281271264596,0.3853747343642154
2026-08-04,2026-08-05,2026-08-06,HUM,1,362.7999877929688,366.4599914550781,0.010088213300045279,34,0.9878706199460916,0.03014920759808494,1.0,0.9044762279425482,0.44761875948998614,0.5505330471422752,0.0003041516370768267,0.321385604854251
2026-08-04,2026-08-05,2026-08-06,TEVA,1,34.25,34.540000915527344,0.008467180015396814,34,0.9691689008042895,0.03333333333333333,1.0,1.0,0.3864333901715609,0.6492791658723784,0.00028223933384656047,0.2982316974970796
2026-08-04,2026-08-05,2026-08-06,ZIM,1,27.770000457763672,26.90999984741211,-0.0309686926962629,30,0.9879032258064516,0.03243017768073344,1.0,0.9729053304220031,0.41613558326812217,0.8658965355446536,-0.0010043202066798377,-1.0612274199583396
2026-08-04,2026-08-05,2026-08-06,AGX,1,620.7999877929688,589.9400024414062,-0.04971002892779375,24,0.9913793103448276,0.01737509633842809,1.0,0.5212528901528427,0.7767065368618128,1.8854493626427138,-0.0008637165416064636,-0.9126568109732014
2026-08-04,2026-08-05,2026-08-06,PR,1,20.549999237060547,20.549999237060547,0.0,20,0.9721485411140584,0.03333333333333333,1.0,1.0,0.3662536541783877,-0.20080633166109532,0.0,0.0
2026-08-04,2026-08-05,2026-08-06,UTHR,1,505.0,519.7899780273438,0.02928708520266099,17,0.9731182795698925,0.03333333333333333,1.0,1.0,0.22629331526451218,0.014983311381810138,0.0009762361734220329,1.0315520774152165
2026-08-04,2026-08-05,2026-08-06,BIIB,1,210.6000061035156,208.75,-0.008784454178060508,15,0.9748010610079576,0.03333333333333333,1.0,1.0,0.40084190515858054,0.17547826923576262,-0.0002928151392686836,-0.30940675364695447
2026-08-04,2026-08-05,2026-08-06,HAL,1,32.59000015258789,32.290000915527344,-0.00920525423921259,10,0.9737903225806452,0.03333333333333333,1.0,1.0,0.33252813088354655,0.3128436140317985,-0.000306841807973753,-0.324228207344178
2026-08-04,2026-08-05,2026-08-06,MPC,1,313.64121239291427,302.34217068045064,-0.03602537315252041,9,0.9798927613941019,0.03333333333333333,1.0,1.0,0.34654739111250954,-0.06970085536503211,-0.0012008457717506804,-1.2688885991209633
2026-08-04,2026-08-05,2026-08-06,OVV,1,60.88999938964844,59.43000030517578,-0.023977649845745685,9,0.9737903225806452,0.03333333333333333,1.0,1.0,0.35819909566036445,-0.2176388480474594,-0.0007992549948581895,-0.8445427169948032
2026-08-04,2026-08-05,2026-08-06,TFX,1,139.81309099538984,140.81061993827888,0.007134732061119475,8,0.9730820995962315,0.03333333333333333,1.0,1.0,0.3252266895674817,0.7880397370443114,0.00023782440203731585,0.2513001081712303
2026-08-04,2026-08-05,2026-08-06,SBUX,1,105.38461676036349,105.53376263320975,0.0014152527895547884,7,0.9683288409703504,0.03333333333333333,1.0,1.0,0.22366873530200937,0.5824102336856348,4.717509298515961e-05,0.04984814791334294
2026-08-04,2026-08-05,2026-08-06,NE,1,41.209999084472656,40.619998931884766,-0.0143169173912987,5,0.9973118279569892,0.031287473988461774,1.0,0.9386242196538532,0.43133398719365057,0.4926467408763192,-0.00044794018047521406,-0.47332155507742774
2026-08-04,2026-08-05,2026-08-06,CVLT,1,132.10000610351562,132.39999389648438,0.0022709143005918975,5,0.965633423180593,0.024050499697672662,1.0,0.7215149909301799,0.5611255929940938,1.0208688966612633,5.461662369982596e-05,0.05771133376616288
2026-08-04,2026-08-05,2026-08-06,FTI,1,70.55576926369123,70.2959280100941,-0.003682778266168585,3,0.9926075268817205,0.03333333333333333,1.0,1.0,0.36274794953758516,0.40728149419199094,-0.00012275927553895283,-0.1297151131578175
2026-08-04,2026-08-05,2026-08-06,DAR,1,61.13999938964844,59.400001525878906,-0.02845923914196391,1,0.9831536388140162,0.03333333333333333,1.0,1.0,0.29100027703164294,0.42793495287575084,-0.0009486413047321303,-1.0023936166881489
2026-08-04,2026-08-05,2026-08-06,TRGP,1,263.989990234375,268.3800048828125,0.016629473884748336,0,0.9919354838709677,0.03333333333333333,1.0,1.0,0.2974656629055531,-0.04989022506039519,0.0005543157961582779,0.585724670564882
2026-08-04,2026-08-05,2026-08-06,PLD,1,139.8000030517578,140.27999877929688,0.0034334457586624456,0,0.9771505376344086,0.03333333333333333,1.0,1.0,0.24523643295870826,0.4937432196813671,0.00011444819195541485,0.12093310346633293
2026-08-04,2026-08-05,2026-08-06,OKE,1,87.8499984741211,88.81999969482422,0.01104156218043495,0,0.9751344086021505,0.03333333333333333,1.0,1.0,0.3025004283811392,-0.34441643768592817,0.00036805207268116497,0.3889067937734576
2026-08-04,2026-08-05,2026-08-06,SM,1,31.100000381469727,30.600000381469727,-0.016077170220805348,0,0.965725806451613,0.023723659693011805,1.0,0.7117097907903541,0.5688562000674847,-0.5302008852144696,-0.0003814093151450095,-0.4030208899186749
2026-08-05,2026-08-06,2026-08-07,HUM,1,366.4599914550781,364.0,-0.006712851368331885,35,0.9825268817204301,0.02987291252222431,1.0,0.8961873756667293,0.4544562265678558,0.5017313281173809,-0.00020053242170087215,-0.21110481444017337
2026-08-05,2026-08-06,2026-08-07,TEVA,1,34.540000915527344,35.0,0.013317865439484322,35,0.9691689008042895,0.03333333333333333,1.0,1.0,0.3857434630934382,0.636620947638272,0.0004439288479828107,0.4673334929243693
2026-08-05,2026-08-06,2026-08-07,ZIM,1,26.90999984741211,26.40999984741211,-0.018580453468418856,31,0.9663978494623656,0.03186422357211094,1.0,0.9559267071633282,0.4260556065556858,0.8803978250982497,-0.0005920517233889026,-0.6232656452502989
2026-08-05,2026-08-06,2026-08-07,AGX,1,589.9400024414062,607.0,0.0289181908126126,25,0.9913793103448276,0.017371457625175488,1.0,0.5211437287552646,0.7815078846214302,1.835902834361938,0.0005023511262980388,0.5288358879899686
2026-08-05,2026-08-06,2026-08-07,PR,1,20.549999237060547,20.01000022888184,-0.026277324974536054,21,0.9721485411140584,0.03333333333333333,1.0,1.0,0.3659474216871421,-0.2616442305161395,-0.0008759108324845351,-0.9220902644541362
2026-08-05,2026-08-06,2026-08-07,UTHR,1,519.7899780273438,534.8400268554688,0.028954095816239978,18,0.9731182795698925,0.03333333333333333,1.0,1.0,0.2228125827484455,0.08757202431858123,0.0009651365272079993,1.0160200817282201
2026-08-05,2026-08-06,2026-08-07,BIIB,1,208.75,207.3800048828125,-0.0065628508607784575,16,0.9748010610079576,0.03333333333333333,1.0,1.0,0.40570359068709433,0.23684776254135448,-0.00021876169535928192,-0.23029516481043968
2026-08-05,2026-08-06,2026-08-07,HAL,1,32.290000915527344,32.189998626708984,-0.0030970048306896425,11,0.9737903225806452,0.03333333333333333,1.0,1.0,0.33383402703348225,0.28741011983359804,-0.00010323349435632141,-0.1086761306987554
2026-08-05,2026-08-06,2026-08-07,MPC,1,302.34217068045064,294.33410031022686,-0.026486779373849245,10,0.9798927613941019,0.03333333333333333,1.0,1.0,0.3448665363433285,-0.08487139153599702,-0.0008828926457949748,-0.9294401702242608
2026-08-05,2026-08-06,2026-08-07,OVV,1,59.43000030517578,59.15999984741211,-0.004543167699431416,10,0.9744623655913979,0.03333333333333333,1.0,1.0,0.35354196874537314,-0.2846581750344873,-0.00015143892331438054,-0.15942302762886798
2026-08-05,2026-08-06,2026-08-07,TFX,1,140.81061993827888,137.91778494189603,-0.020544153542189192,9,0.9730820995962315,0.03333333333333333,1.0,1.0,0.32320272100894903,0.7579486671661144,-0.0006848051180729731,-0.7209091485172407
2026-08-05,2026-08-06,2026-08-07,SBUX,1,105.53376263320975,103.43581686575153,-0.019879379973874123,8,0.9711021505376345,0.03333333333333333,1.0,1.0,0.22518024717639035,0.5699677299100067,-0.0006626459991291374,-0.6975817650790951
2026-08-05,2026-08-06,2026-08-07,NE,1,40.619998931884766,40.619998931884766,0.0,6,0.9899193548387097,0.031454145875195266,1.0,0.9436243762558579,0.4316102289125481,0.4557599470107876,0.0,0.0
2026-08-05,2026-08-06,2026-08-07,CVLT,1,132.39999389648438,137.0,0.03474325011761015,6,0.965633423180593,0.023818358816733505,1.0,0.7145507645020052,0.5699776044982572,1.0259123570769102,0.000827527197760757,0.8711557664628825
2026-08-05,2026-08-06,2026-08-07,FTI,1,70.2959280100941,68.52704027797915,-0.025163445197863288,4,0.991263440860215,0.03333333333333333,1.0,1.0,0.3624727820361464,0.38402913737458616,-0.0008387815065954429,-0.8830034206130066
2026-08-05,2026-08-06,2026-08-07,DAR,1,59.400001525878906,60.06999969482422,0.011279430163876558,2,0.9831536388140162,0.03333333333333333,1.0,1.0,0.2906206907756125,0.40065861483597953,0.0003759810054625519,0.3958033305437144
2026-08-05,2026-08-06,2026-08-07,TRGP,1,268.3800048828125,263.760009765625,-0.017214378989242496,1,0.9885752688172043,0.03333333333333333,1.0,1.0,0.2955868846783151,-0.0820953737116275,-0.0005738126329747498,-0.604064960569092
2026-08-05,2026-08-06,2026-08-07,PLD,1,140.27999877929688,139.32000732421875,-0.006843395091473359,1,0.9811827956989247,0.03333333333333333,1.0,1.0,0.25269733038964415,0.43665129622157,-0.00022811316971577862,-0.2401396639793324
2026-08-05,2026-08-06,2026-08-07,OKE,1,88.81999969482422,86.87000274658203,-0.021954480465460113,1,0.9751344086021505,0.03333333333333333,1.0,1.0,0.3012325122959977,-0.3792490086390547,-0.0007318160155153371,-0.7703985363033212
2026-08-05,2026-08-06,2026-08-07,SM,1,30.600000381469727,28.31999969482422,-0.07450982543210016,1,0.965725806451613,0.023867356215029133,1.0,0.716020686450874,0.568807495020878,-0.5959101714913978,-0.0017783525451075715,-1.872110159843101
2026-08-05,2026-08-06,2026-08-07,DINO,1,84.04900880008475,82.7868338420275,-0.015017130791624145,0,0.9818548387096775,0.03333333333333333,1.0,1.0,0.37539865520657767,-0.09547319302442535,-0.0005005710263874715,-0.5269619383407402
2026-08-05,2026-08-06,2026-08-07,ETSY,1,81.98999786376953,83.83000183105469,0.02244181016253255,0,0.9711021505376345,0.032176371543335164,1.0,0.9652911463000549,0.42192237503093327,1.1306634037616288,0.0007220960218946422,0.7601660889401847
2026-08-06,2026-08-07,2026-08-10,HUM,1,364.0,385.0,0.05769230769230771,36,0.9825268817204301,0.029752504548279442,1.0,0.8925751364483833,0.4544834943504891,0.5087008795013924,0.001716490647016122,1.7974940402269246
2026-08-06,2026-08-07,2026-08-10,TEVA,1,35.0,35.029998779296875,0.0008571079799106762,36,0.9691689008042895,0.03333333333333333,1.0,1.0,0.3850085702352204,0.6288829971270018,2.857026599702254e-05,0.029918533460476012
2026-08-06,2026-08-07,2026-08-10,ZIM,1,26.40999984741211,26.15999984741211,-0.009466111376161046,32,0.9671581769436997,0.03333333333333333,1.0,1.0,0.3841993768899912,0.8792616324080166,-0.00031553704587203486,-0.33042764340822256
2026-08-06,2026-08-07,2026-08-10,AGX,1,607.0,603.72998046875,-0.005387182094316323,26,0.9913793103448276,0.017334523317344096,1.0,0.5200356995203229,0.7800631136623971,1.8747193270752835,-9.338423362870491e-05,-0.09779115527984536
2026-08-06,2026-08-07,2026-08-10,PR,1,20.01000022888184,20.489999771118164,0.02398798284587267,22,0.9721485411140584,0.03333333333333333,1.0,1.0,0.3719873588636293,-0.259251016502349,0.0007995994281957556,0.8373335498502299
2026-08-06,2026-08-07,2026-08-10,UTHR,1,534.8400268554688,528.5999755859375,-0.011667135884011803,19,0.9731182795698925,0.03333333333333333,1.0,1.0,0.22107851919255697,0.0960509689633663,-0.0003889045294670601,-0.40725743257005415
2026-08-06,2026-08-07,2026-08-10,BIIB,1,207.3800048828125,206.6999969482422,-0.0032790429094384788,17,0.9748010610079576,0.03331236672537026,1.0,0.9993710017611078,0.4059159874246541,0.24167831343120766,-0.00010923267990743966,-0.11438751004729125
2026-08-06,2026-08-07,2026-08-10,HAL,1,32.189998626708984,32.310001373291016,0.0037279512799501813,12,0.9737903225806452,0.03333333333333333,1.0,1.0,0.33478499296364134,0.2929058490296651,0.00012426504266500605,0.13012926926644358
2026-08-06,2026-08-07,2026-08-10,MPC,1,294.33410031022686,301.37479748265474,0.023920766112411007,11,0.9798927613941019,0.03333333333333333,1.0,1.0,0.3549750491238517,-0.08748144907540226,0.0007973588704137002,0.8349872572753011
2026-08-06,2026-08-07,2026-08-10,OVV,1,59.15999984741211,60.40999984741211,0.02112914136619426,11,0.9845844504021448,0.03333333333333333,1.0,1.0,0.3651034153134161,-0.2766324556448247,0.0007043047122064753,0.737541754099047
2026-08-06,2026-08-07,2026-08-10,TFX,1,137.91778494189603,134.69578114058822,-0.02336177167190745,10,0.9730820995962315,0.03333333333333333,1.0,1.0,0.32740458507290143,0.7709547202224325,-0.0007787257223969149,-0.8154747871263606
2026-08-06,2026-08-07,2026-08-10,SBUX,1,103.43581686575153,104.87753775660822,0.013938313966504357,9,0.9711021505376345,0.03333333333333333,1.0,1.0,0.22601395890496925,0.5468693920029962,0.0004646104655501452,0.4865360287894414
2026-08-06,2026-08-07,2026-08-10,NE,1,40.619998931884766,41.4900016784668,0.021418088859158413,7,0.9946380697050938,0.03128620185568307,1.0,0.9385860556704921,0.4322040206463929,0.4608248428482569,0.0006700906514105869,0.7017130879309675
2026-08-06,2026-08-07,2026-08-10,CVLT,1,137.0,134.19000244140625,-0.020510931084625872,7,0.965633423180593,0.0237252032852844,1.0,0.7117560985585321,0.5699433665619177,1.003496503467503,-0.00048662600955320766,-0.5095905145255858
2026-08-06,2026-08-07,2026-08-10,FTI,1,68.52704027797915,70.38587811301717,0.02712561096317101,5,0.9966487935656836,0.03333333333333333,1.0,1.0,0.36276754783910053,0.3843937479857569,0.0009041870321057003,0.9468567768113227
2026-08-06,2026-08-07,2026-08-10,DAR,1,60.06999969482422,61.84000015258789,0.02946563120952006,3,0.9831536388140162,0.03333333333333333,1.0,1.0,0.2999597204920061,0.4123711034513089,0.000982187706984002,1.0285384034902407
2026-08-06,2026-08-07,2026-08-10,TRGP,1,263.760009765625,258.7300109863281,-0.01907036166614673,2,0.9919571045576407,0.03333333333333333,1.0,1.0,0.29640636109584334,-0.08911356899108716,-0.0006356787222048909,-0.6656772156892656
2026-08-06,2026-08-07,2026-08-10,PLD,1,139.32000732421875,138.11000061035156,-0.00868508936445378,2,0.9811827956989247,0.03333333333333333,1.0,1.0,0.25295460706851775,0.43859345342947254,-0.000289502978815126,-0.30316499536582847
2026-08-06,2026-08-07,2026-08-10,OKE,1,86.87000274658203,87.31999969482422,0.005180118959532187,2,0.989946380697051,0.03333333333333333,1.0,1.0,0.30108378015397264,-0.3914736612569457,0.00017267063198440625,0.18081918037463773
2026-08-06,2026-08-07,2026-08-10,SM,1,28.31999969482422,29.6299991607666,0.04625704378739104,2,0.965725806451613,0.023161293178979605,1.0,0.6948387953693882,0.5838198294149216,-0.6024173390596181,0.001071372952752661,1.1219324152921777
2026-08-06,2026-08-07,2026-08-10,DINO,1,82.7868338420275,82.63775976727226,-0.0018006978626542436,1,0.9818548387096775,0.03333333333333333,1.0,1.0,0.3896681424302996,-0.1119352317368033,-6.002326208847479e-05,-0.06285583674258073
2026-08-06,2026-08-07,2026-08-10,ETSY,1,83.83000183105469,84.20999908447266,0.004532950556100257,1,0.9711021505376345,0.032179153063500304,1.0,0.9653745919050091,0.42021063158801475,1.1690012624730366,0.00014586650977402898,0.15275013728930437
2026-08-06,2026-08-07,2026-08-10,VTRS,1,16.357320518398723,16.178659339754677,-0.010922398839289582,0,0.9772117962466488,0.03333333333333333,1.0,1.0,0.33844376701801854,0.6724753314400775,-0.0003640799613096527,-0.3812613612301281
2026-08-06,2026-08-07,2026-08-10,TRP,1,63.7599983215332,63.560001373291016,-0.0031367150800981625,0,0.9745308310991957,0.03333333333333333,1.0,1.0,0.2043508016248084,-0.005412152671728389,-0.00010455716933660542,-0.1094913561412376
2026-08-06,2026-08-07,2026-08-10,CVE,1,27.96999931335449,28.65999984741211,0.02466930822297786,0,0.9571045576407506,0.03307998408342323,1.0,0.9923995225026969,0.40876749513180405,-0.08225812593481488,0.0008160603233651695,0.854571255756322
2026-08-07,2026-08-10,2026-08-11,HUM,1,385.0,386.510009765625,0.003922103287337553,37,0.9825268817204301,0.02959531943358,1.0,0.8878595830074,0.45244844390655287,0.5181400371881513,0.00011607589964024907,0.12224304749757375
2026-08-07,2026-08-10,2026-08-11,TEVA,1,35.029998779296875,36.16999816894531,0.03254351782399123,37,0.9691689008042895,0.03333333333333333,1.0,1.0,0.38406146995805196,0.6293383080610666,0.0010847839274663743,1.142418827515986
2026-08-07,2026-08-10,2026-08-11,ZIM,1,26.15999984741211,25.030000686645508,-0.04319568682560171,33,0.9671581769436997,0.03333333333333333,1.0,1.0,0.3813464505249398,0.884807245942832,-0.001439856227520057,-1.516356226881913
2026-08-07,2026-08-10,2026-08-11,PR,1,20.489999771118164,21.309999465942383,0.040019507271056964,23,0.9721485411140584,0.03333333333333333,1.0,1.0,0.3602953445170765,-0.26328295731741613,0.0013339835757018989,1.404858528866971
2026-08-07,2026-08-10,2026-08-11,UTHR,1,528.5999755859375,528.0599975585938,-0.0010215248813532085,20,0.9731182795698925,0.03333333333333333,1.0,1.0,0.21002156537998207,0.1066183479422721,-3.405082937844028e-05,-0.03585996030132964
2026-08-07,2026-08-10,2026-08-11,HAL,1,32.310001373291016,33.689998626708984,0.042711148089233486,13,0.9737903225806452,0.03333333333333333,1.0,1.0,0.33392237959435095,0.2899459818505043,0.0014237049363077829,1.4993468126544263
2026-08-07,2026-08-10,2026-08-11,MPC,1,301.37479748265474,318.1289275550896,0.05559233954657117,12,0.9798927613941019,0.03333333333333333,1.0,1.0,0.3341796859625155,-0.08686637735047843,0.0018530779848857056,1.9515325819154297
2026-08-07,2026-08-10,2026-08-11,OVV,1,60.40999984741211,63.310001373291016,0.04800532251620493,12,0.9831763122476447,0.03333333333333333,1.0,1.0,0.3571650189392512,-0.2754737542014329,0.0016001774172068309,1.6851953301452764
2026-08-07,2026-08-10,2026-08-11,TFX,1,134.69578114058822,134.80551863507088,0.0008147062480607925,11,0.9730820995962315,0.03333333333333333,1.0,1.0,0.32628075236281207,0.7660311893532803,2.715687493535975e-05,0.028599727961597803
2026-08-07,2026-08-10,2026-08-11,SBUX,1,104.87753775660822,103.96278495521113,-0.008722104093633276,10,0.9711021505376345,0.03333333333333333,1.0,1.0,0.22477184478994316,0.5505318969492424,-0.0002907368031211092,-0.30618373791093917
2026-08-07,2026-08-10,2026-08-11,NE,1,41.4900016784668,43.84000015258789,0.056640115185648154,8,0.9932705248990579,0.030879573286314056,1.0,0.9263871985894216,0.43363151752408735,0.47226130049903264,0.001749022587820492,1.8419486899512518
2026-08-07,2026-08-10,2026-08-11,CVLT,1,134.19000244140625,140.0,0.04329679896332572,8,0.965633423180593,0.023552618531200983,1.0,0.7065785559360295,0.5685294060574181,0.9989013224926311,0.001019752989605309,1.0739327761444273
2026-08-07,2026-08-10,2026-08-11,FTI,1,70.38587811301717,73.95363917157255,0.05068859200458786,6,0.9959623149394348,0.03333333333333333,1.0,1.0,0.3619143199054433,0.3816973574261039,0.001689619733486262,1.779389743896331
2026-08-07,2026-08-10,2026-08-11,DAR,1,61.84000015258789,62.47999954223633,0.01034927859102952,4,0.9831536388140162,0.03333333333333333,1.0,1.0,0.3108912048055822,0.40687099776214747,0.00034497595303431734,0.36330463035818805
2026-08-07,2026-08-10,2026-08-11,TRGP,1,258.7300109863281,265.9100036621094,0.027750907783792744,3,0.9899057873485868,0.03333333333333333,1.0,1.0,0.29170238155193323,-0.0969863027013262,0.0009250302594597581,0.9741773985322828
2026-08-07,2026-08-10,2026-08-11,PLD,1,138.11000061035156,138.1300048828125,0.00014484304085526922,3,0.9811827956989247,0.03333333333333333,1.0,1.0,0.251215273127699,0.44708728455731656,4.828101361842307e-06,0.0050846198558700505
2026-08-07,2026-08-10,2026-08-11,OKE,1,87.31999969482422,90.27999877929688,0.03389829471847916,3,0.9831763122476447,0.03333333333333333,1.0,1.0,0.284684755341991,-0.41214289503518625,0.0011299431572826387,1.1899773809494953
2026-08-07,2026-08-10,2026-08-11,SM,1,29.6299991607666,31.489999771118164,0.06277423769941959,3,0.965725806451613,0.02398468141615037,1.0,0.7195404424845111,0.5582878501618986,-0.5969515991117084,0.0015056200923622748,1.5856141458680837
2026-08-07,2026-08-10,2026-08-11,DINO,1,82.63775976727226,84.41999816894531,0.02156687701472393,2,0.9818548387096775,0.03333333333333333,1.0,1.0,0.3773641941058141,-0.11280263059582353,0.0007188959004907976,0.7570910583667396
2026-08-07,2026-08-10,2026-08-11,VTRS,1,16.178659339754677,16.138958090825778,-0.0024539269969882094,1,0.9772117962466488,0.03333333333333333,1.0,1.0,0.36982964232660265,0.6862181161237846,-8.179756656627365e-05,-0.08614349616016023
2026-08-07,2026-08-10,2026-08-11,TRP,1,63.560001373291016,63.43999862670898,-0.0018880230331849157,1,0.9858681022880216,0.03333333333333333,1.0,1.0,0.20310509405619864,-0.003018300075040298,-6.293410110616385e-05,-0.0662778090420268
2026-08-07,2026-08-10,2026-08-11,CVE,1,28.65999984741211,29.559999465942383,0.03140263863649473,1,0.9690444145356663,0.03333333333333333,1.0,1.0,0.3998109483315812,-0.08071838978678388,0.001046754621216491,1.10236901265681
2026-08-07,2026-08-10,2026-08-11,SO,1,91.59367998786598,90.44318849049583,-0.012560817487872189,0,0.9791386271870794,0.03333333333333333,1.0,1.0,0.18857673879125053,-0.2633156230470405,-0.0004186939162624063,-0.44093925139704976
2026-08-07,2026-08-10,2026-08-11,QSR,1,73.5,73.0999984741211,-0.005442197631005508,0,0.9710632570659488,0.03333333333333333,1.0,1.0,0.24452177826001256,0.08659229148530687,-0.00018140658770018358,-0.19104477488724925
2026-08-10,2026-08-11,2026-08-12,TEVA,1,36.16999816894531,36.79999923706055,0.01741777992834237,38,0.9691689008042895,0.03333333333333333,1.0,1.0,0.38499793198514315,0.6275334684423165,0.0005805926642780789,0.620548506565981
2026-08-10,2026-08-11,2026-08-12,ZIM,1,25.030000686645508,24.649999618530277,-0.015181824118685516,34,0.9959568733153639,0.03333333333333333,1.0,1.0,0.3617816007299968,0.8954355062246457,-0.0005060608039561839,-0.5408874335625091
2026-08-10,2026-08-11,2026-08-12,PR,1,21.309999465942383,21.3700008392334,0.0028156440541873273,24,0.9721485411140584,0.03333333333333333,1.0,1.0,0.3441279784833277,-0.2615343533438736,9.385480180624424e-05,0.10031380118680909
2026-08-10,2026-08-11,2026-08-12,UTHR,1,528.0599975585938,510.4400024414063,-0.03336741127646636,21,0.9731182795698925,0.03333333333333333,1.0,1.0,0.1910731050265294,0.11375014933651531,-0.0011122470425488787,-1.188790840208684
2026-08-10,2026-08-11,2026-08-12,HAL,1,33.689998626708984,33.59000015258789,-0.002968194663024337,14,0.9737903225806452,0.03333333333333333,1.0,1.0,0.33048842757332897,0.29312642221433877,-9.893982210081124e-05,-0.10574876780591867
2026-08-10,2026-08-11,2026-08-12,OVV,1,63.310001373291016,63.11000061035156,-0.003159070582864132,13,0.9831763122476447,0.03333333333333333,1.0,1.0,0.35343666664836965,-0.2723059356896737,-0.00010530235276213773,-0.11254916185632535
2026-08-10,2026-08-11,2026-08-12,TFX,1,134.80551863507088,132.4912677455779,-0.017167330484131438,12,0.9730820995962315,0.03333333333333333,1.0,1.0,0.30269468413432343,0.7680120312375336,-0.0005722443494710479,-0.6116256685685575
2026-08-10,2026-08-11,2026-08-12,SBUX,1,103.96278495521113,106.29936864897286,0.02247519335662629,11,0.9711021505376345,0.03333333333333333,1.0,1.0,0.22104721488664944,0.558027756103665,0.000749173111887543,0.80073050237255
2026-08-10,2026-08-11,2026-08-12,NE,1,43.84000015258789,44.06999969482422,0.005246339905013775,9,0.9871967654986523,0.030891544710397525,1.0,0.9267463413119258,0.4332798048530241,0.4650483454266158,0.00016206754374167574,0.17322088000675223
2026-08-10,2026-08-11,2026-08-12,CVLT,1,140.0,139.42999267578125,-0.004071480887276824,9,0.965633423180593,0.023569814475036383,1.0,0.7070944342510915,0.567873899809678,0.9993195581832565,-9.596404915177125e-05,-0.10256820495519384
2026-08-10,2026-08-11,2026-08-12,FTI,1,73.95363917157255,75.42271862855108,0.019864870389545874,7,0.9959623149394348,0.03333333333333333,1.0,1.0,0.3532838954980998,0.3814687991173198,0.0006621623463181958,0.7077317375735513
2026-08-10,2026-08-11,2026-08-12,DAR,1,62.47999954223633,62.369998931884766,-0.0017605731619316778,5,0.9831536388140162,0.03333333333333333,1.0,1.0,0.3118588764762464,0.4259774069732134,-5.868577206438926e-05,-0.06272447182313343
2026-08-10,2026-08-11,2026-08-12,TRGP,1,265.9100036621094,266.8900146484375,0.003685498750823246,4,0.9851752021563343,0.03333333333333333,1.0,1.0,0.30365533430161235,-0.10891186520761326,0.00012284995836077487,0.131304377204392
2026-08-10,2026-08-11,2026-08-12,PLD,1,138.1300048828125,140.0800018310547,0.0141171134388689,4,0.9723719676549866,0.03333333333333333,1.0,1.0,0.251519862792584,0.4550830716759137,0.00047057044796229667,0.5029546645756908
2026-08-10,2026-08-11,2026-08-12,OKE,1,90.27999877929688,90.93000030517578,0.007199839772571659,4,0.9831763122476447,0.03333333333333333,1.0,1.0,0.28683379883006044,-0.4154359194277565,0.00023999465908572197,0.25651086629666103
2026-08-10,2026-08-11,2026-08-12,SM,1,31.489999771118164,32.41999816894531,0.02953313447401551,4,0.965725806451613,0.024023686628806332,1.0,0.72071059886419,0.5571452321426886,-0.5865322209722513,0.0007094947677701457,0.7583215318498551
2026-08-10,2026-08-11,2026-08-12,DINO,1,84.41999816894531,86.63999938964844,0.026297101028838643,3,0.9818548387096775,0.03333333333333333,1.0,1.0,0.37907545771701234,-0.11468656872727939,0.0008765700342946214,0.9368947614217313
2026-08-10,2026-08-11,2026-08-12,VTRS,1,16.138958090825778,16.03970208892439,-0.006150087344102495,2,0.9772117962466488,0.03333333333333333,1.0,1.0,0.32235337131321895,0.7005310433468568,-0.00020500291147008317,-0.21911101944875414
2026-08-10,2026-08-11,2026-08-12,TRP,1,63.43999862670898,63.52999877929688,0.001418665739850944,2,0.9919137466307277,0.03333333333333333,1.0,1.0,0.20383072526429502,-0.01357826504946242,4.7288857995031466e-05,0.05054323282316313
2026-08-10,2026-08-11,2026-08-12,CVE,1,29.559999465942383,29.649999618530277,0.0030446601560865094,2,0.9690444145356663,0.03333333333333333,1.0,1.0,0.39788865393349754,-0.07319218133451873,0.00010148867186955031,0.10847302702372807
2026-08-10,2026-08-11,2026-08-12,SO,1,90.44318849049583,91.00852053100007,0.006250686756401169,1,0.9791386271870794,0.03333333333333333,1.0,1.0,0.18718114450744855,-0.26559253702082725,0.0002083562252133723,0.22269510509687832
2026-08-10,2026-08-11,2026-08-12,QSR,1,73.0999984741211,73.48999786376953,0.005335149080563983,1,0.9710632570659488,0.03333333333333333,1.0,1.0,0.24056685881931741,0.08830995734778961,0.00017783830268546612,0.19007696778069952
2026-08-10,2026-08-11,2026-08-12,ETSY,1,79.66000366210938,79.5999984741211,-0.0007532661967076804,0,0.988544474393531,0.03103675378182702,1.0,0.9311026134548106,0.43125265476593283,1.1811596886664688,-2.3378937479389554e-05,-0.024987854016333272
2026-08-10,2026-08-11,2026-08-12,ENB,1,50.781422249307056,50.988569955156805,0.004079202524749581,0,0.9743935309973046,0.03333333333333333,1.0,1.0,0.20336194936765353,-0.12579056524896073,0.0001359734174916527,0.14533098047670862
2026-08-10,2026-08-11,2026-08-12,KIM,1,23.989999771118164,24.0,0.0004168498948413646,0,0.9710242587601079,0.03333333333333333,1.0,1.0,0.20601473337057943,0.14038909679031106,1.3894996494712153e-05,0.014851237113466786
2026-08-10,2026-08-11,2026-08-12,EVRG,1,81.61849933725667,81.70775141996712,0.0010935276124308668,0,0.963611859838275,0.03333333333333333,1.0,1.0,0.18080611678103506,-0.03681846711993025,3.6450920414362224e-05,0.0389594385492513
2026-08-11,2026-08-12,2026-08-13,TEVA,1,36.79999923706055,36.900001525878906,0.0027174535568372793,39,0.9691689008042895,0.03333333333333333,1.0,1.0,0.387167803396539,0.62772795255779,9.058178522790931e-05,0.0970489411622248
2026-08-11,2026-08-12,2026-08-13,ZIM,1,24.649999618530277,26.420000076293945,0.07180529351542453,35,0.9959785522788204,0.03333333333333333,1.0,1.0,0.38127632764085645,0.9008209427683939,0.002393509783847484,2.564396248090873
2026-08-11,2026-08-12,2026-08-13,PR,1,21.3700008392334,21.209999084472656,-0.007487213311989871,25,0.9721485411140584,0.03333333333333333,1.0,1.0,0.3580763847170392,-0.26803794241022055,-0.00024957377706632904,-0.26739228803233656
2026-08-11,2026-08-12,2026-08-13,UTHR,1,510.4400024414063,515.6199951171875,0.010148093117713364,22,0.9731182795698925,0.03333333333333333,1.0,1.0,0.19337784250229656,0.11385751410119059,0.00033826977059044544,0.3624207999477196
2026-08-11,2026-08-12,2026-08-13,OVV,1,63.11000061035156,62.150001525878906,-0.015211520760391117,14,0.9831763122476447,0.03333333333333333,1.0,1.0,0.3797297159111125,-0.2791121835847656,-0.0005070506920130373,-0.5432519645271556
2026-08-11,2026-08-12,2026-08-13,TFX,1,132.4912677455779,135.58359063261165,0.02333982412314084,13,0.9730820995962315,0.03333333333333333,1.0,1.0,0.3035272588877388,0.7722645162855919,0.000777994137438028,0.833539624757975
2026-08-11,2026-08-12,2026-08-13,SBUX,1,106.29936864897286,108.54645420942258,0.021139218313423358,12,0.9711021505376345,0.03333333333333333,1.0,1.0,0.22142981698368214,0.5610492445728449,0.0007046406104474453,0.7549489665253162
2026-08-11,2026-08-12,2026-08-13,NE,1,44.06999969482422,44.16999816894531,0.0022690827050955154,10,0.9758713136729222,0.029647835767476198,1.0,0.8894350730242859,0.44993856300111146,0.45684227786765885,6.727339138349246e-05,0.07207642668703197
2026-08-11,2026-08-12,2026-08-13,CVLT,1,139.42999267578125,142.6300048828125,0.022950673277823963,10,0.965633423180593,0.023412805022602116,1.0,0.7023841506780635,0.5697610606005299,0.997355179119213,0.0005373396385911371,0.5757034136449644
2026-08-11,2026-08-12,2026-08-13,FTI,1,75.42271862855108,74.60323240989092,-0.010865243703240712,8,0.9959623149394348,0.03333333333333333,1.0,1.0,0.3753713159759335,0.3754866345197053,-0.00036217479010802376,-0.38803253664297394
2026-08-11,2026-08-12,2026-08-13,DAR,1,62.369998931884766,63.13999938964844,0.012345686563256075,6,0.9831536388140162,0.03333333333333333,1.0,1.0,0.331726144140713,0.42474883935003865,0.0004115228854418692,0.44090387703963707
2026-08-11,2026-08-12,2026-08-13,TRGP,1,266.8900146484375,267.17999267578125,0.0010865075927464218,5,0.989946380697051,0.03333333333333333,1.0,1.0,0.3098496156597931,-0.10912703933071231,3.621691975821406e-05,0.038802654483442195
2026-08-11,2026-08-12,2026-08-13,PLD,1,140.0800018310547,140.47000122070312,0.0027841189645243514,5,0.9731903485254692,0.03333333333333333,1.0,1.0,0.2509663410930225,0.45634415206390117,9.280396548414505e-05,0.0994297756798562
2026-08-11,2026-08-12,2026-08-13,OKE,1,90.93000030517578,91.95999908447266,0.011327381236555967,5,0.9831763122476447,0.03333333333333333,1.0,1.0,0.3000977013109254,-0.4183833106581668,0.00037757937455186555,0.4045369431917897
2026-08-11,2026-08-12,2026-08-13,SM,1,32.41999816894531,32.41999816894531,0.0,5,0.965725806451613,0.022569237494962386,1.0,0.6770771248488716,0.5910569475060339,-0.5961948652199737,0.0,0.0
2026-08-11,2026-08-12,2026-08-13,DINO,1,86.63999938964844,87.5,0.009926138231878934,4,0.9845844504021448,0.03333333333333333,1.0,1.0,0.3861642237326528,-0.11766599590705014,0.00033087127439596444,0.3544940824508127
2026-08-11,2026-08-12,2026-08-13,VTRS,1,16.03970208892439,16.15881025823108,0.007425834260907926,3,0.9772117962466488,0.03333333333333333,1.0,1.0,0.32189927811042507,0.708757456771858,0.00024752780869693086,0.2652002461841669
2026-08-11,2026-08-12,2026-08-13,TRP,1,63.52999877929688,63.56999969482422,0.0006296382228228037,3,0.9912868632707774,0.03333333333333333,1.0,1.0,0.20359262065616412,-0.013852013289345502,2.0987940760760123e-05,0.022486390866358074
2026-08-11,2026-08-12,2026-08-13,CVE,1,29.649999618530277,29.75,0.003372694190769021,3,0.9690444145356663,0.03266481071323467,1.0,0.97994432139704,0.40838150688889197,-0.07757151413755857,0.00011016841733509626,0.1180339758704042
2026-08-11,2026-08-12,2026-08-13,SO,1,91.00852053100007,92.0598358022426,0.01155183344491828,2,0.9805630026809651,0.03333333333333333,1.0,1.0,0.18897999083834216,-0.2638469337303973,0.00038506111483060934,0.4125528480481132
2026-08-11,2026-08-12,2026-08-13,QSR,1,73.48999786376953,75.86000061035156,0.032249323928072116,2,0.9710632570659488,0.03333333333333333,1.0,1.0,0.24141142946192096,0.08394426879567256,0.0010749774642690704,1.151726303672173
2026-08-11,2026-08-12,2026-08-13,ETSY,1,79.5999984741211,79.94000244140625,0.004271406706065406,1,0.988544474393531,0.02960998493291568,1.0,0.8882995479874705,0.4505137254049133,1.1934146101024832,0.00012647628820895167,0.1355061596757452
2026-08-11,2026-08-12,2026-08-13,ENB,1,50.988569955156805,50.732101384783434,-0.005029922796401798,1,0.9743935309973046,0.03333333333333333,1.0,1.0,0.20298822614610154,-0.12581532664187944,-0.00016766409321339326,-0.17963459956484606
2026-08-11,2026-08-12,2026-08-13,KIM,1,24.0,24.309999465942383,0.012916644414265877,1,0.9710242587601079,0.03333333333333333,1.0,1.0,0.20812368664608205,0.14071363298367398,0.00043055481380886257,0.46129460450923576
2026-08-11,2026-08-12,2026-08-13,EVRG,1,81.70775141996712,82.86806507021424,0.014200778140170067,1,0.963611859838275,0.03333333333333333,1.0,1.0,0.18202438317319428,-0.03628134694487846,0.00047335927133900223,0.5071551190693256
2026-08-11,2026-08-12,2026-08-13,NI,1,41.81999969482422,42.18999862670898,0.008847415939377656,0,0.9698391420911527,0.03333333333333333,1.0,1.0,0.21266837964965138,0.14444043948613589,0.00029491386464592186,0.31596946589133806
2026-08-11,2026-08-12,2026-08-13,PEG,1,75.4800033569336,75.83000183105469,0.004636969509208999,0,0.9691689008042895,0.03333333333333333,1.0,1.0,0.1817771955619392,0.13963882616492043,0.00015456565030696662,0.16560098329481818
2026-08-11,2026-08-12,2026-08-13,PNW,1,100.4000015258789,100.91000366210938,0.005079702474894976,0,0.9658176943699732,0.03333333333333333,1.0,1.0,0.19299893889522826,-0.14165788081577027,0.00016932341582983254,0.18141239079038649
2026-08-11,2026-08-12,2026-08-13,AEP,1,123.62000274658205,124.73999786376952,0.009059982950198053,0,0.9651474530831099,0.03333333333333333,1.0,1.0,0.213077074736916,-0.043029531495173724,0.0003019994316732684,0.32356091240354573
2026-08-12,2026-08-13,2026-08-14,ZIM,1,26.420000076293945,27.25,0.03141559126832827,36,0.9959785522788204,0.03333333333333333,1.0,1.0,0.3848182607146504,0.922271702105657,0.0010471863756109424,1.1314824595532702
2026-08-12,2026-08-13,2026-08-14,PR,1,21.209999084472656,21.290000915527344,0.0037718922445997283,26,0.9721485411140584,0.03333333333333333,1.0,1.0,0.35622226187183265,-0.2703587546598253,0.0001257297414866576,0.13585069520535276
2026-08-12,2026-08-13,2026-08-14,UTHR,1,515.6199951171875,498.9100036621094,-0.03240757071742406,23,0.9731182795698925,0.03333333333333333,1.0,1.0,0.19908276503122324,0.11945257210568412,-0.0010802523572474687,-1.1672101763198415
2026-08-12,2026-08-13,2026-08-14,OVV,1,62.150001525878906,63.02999877929688,0.01415924749497477,15,0.9831763122476447,0.03333333333333333,1.0,1.0,0.377621917562892,-0.28858957001384555,0.00047197491649915896,0.5099678068828548
2026-08-12,2026-08-13,2026-08-14,TFX,1,135.58359063261165,137.1999969482422,0.01192184325616874,14,0.9730820995962315,0.03333333333333333,1.0,1.0,0.2992298449128843,0.7626629480894452,0.00039739477520562465,0.42938413651624346
2026-08-12,2026-08-13,2026-08-14,SBUX,1,108.54645420942258,107.62000274658205,-0.008535068875240248,13,0.9711021505376345,0.03333333333333333,1.0,1.0,0.2242202903848696,0.5528214419505024,-0.0002845022958413416,-0.307404073376439
2026-08-12,2026-08-13,2026-08-14,NE,1,44.16999816894531,44.540000915527344,0.00837678881413595,11,0.9731903485254692,0.029341641037646582,1.0,0.8802492311293975,0.4507030169788401,0.45113462130780196,0.0002457887304325502,0.2655741553914384
2026-08-12,2026-08-13,2026-08-14,CVLT,1,142.6300048828125,151.44000244140625,0.06176819222457586,11,0.965633423180593,0.023241920821171498,1.0,0.697257624635145,0.5689876598637724,1.0041249935675571,0.001435611432950493,1.5511748366377858
2026-08-12,2026-08-13,2026-08-14,FTI,1,74.60323240989092,76.90178916877343,0.030810417787979993,9,0.9959623149394348,0.03333333333333333,1.0,1.0,0.3756434887748012,0.37645828629900296,0.0010270139262659997,1.1096861746400777
2026-08-12,2026-08-13,2026-08-14,DAR,1,63.13999938964844,66.3499984741211,0.05083939048942909,7,0.9831536388140162,0.03333333333333333,1.0,1.0,0.3313135980844782,0.43031171994789735,0.0016946463496476363,1.83106146568571
2026-08-12,2026-08-13,2026-08-14,TRGP,1,267.17999267578125,269.5899963378906,0.009020150191537235,6,0.9879356568364611,0.03333333333333333,1.0,1.0,0.3075084607074934,-0.10269164437446453,0.00030067167305124117,0.3248750480959372
2026-08-12,2026-08-13,2026-08-14,PLD,1,140.47000122070312,140.75999450683594,0.00206444994385091,6,0.9731903485254692,0.03333333333333333,1.0,1.0,0.2512244320286858,0.4591935625764509,6.881499812836367e-05,0.07435444649574278
2026-08-12,2026-08-13,2026-08-14,OKE,1,91.95999908447266,93.5,0.016746421605688955,6,0.9831763122476447,0.03333333333333333,1.0,1.0,0.2949853278874579,-0.4160196130274082,0.0005582140535229652,0.6031489952004734
2026-08-12,2026-08-13,2026-08-14,SM,1,32.41999816894531,32.720001220703125,0.009253641847678518,6,0.965725806451613,0.022521401201315613,1.0,0.6756420360394684,0.5871910908458459,-0.603314333338763,0.0002084049806248514,0.22518110009117126
2026-08-12,2026-08-13,2026-08-14,DINO,1,87.5,92.87999725341795,0.06148568289620515,5,0.9691689008042895,0.03333333333333333,1.0,1.0,0.3859774435161774,-0.11833166160034177,0.0020495227632068382,2.214504610672339
2026-08-12,2026-08-13,2026-08-14,VTRS,1,16.15881025823108,15.781637106659442,-0.02334164121888327,4,0.9772117962466488,0.03333333333333333,1.0,1.0,0.32065528724501474,0.6978032689593869,-0.000778054707296109,-0.840686313708761
2026-08-12,2026-08-13,2026-08-14,TRP,1,63.56999969482422,63.27000045776367,-0.0047191951942855415,4,0.9839142091152815,0.03333333333333333,1.0,1.0,0.2024285024722505,-0.011380581525378538,-0.0001573065064761847,-0.1699693168253497
2026-08-12,2026-08-13,2026-08-14,CVE,1,29.75,31.0,0.04201680672268915,4,0.9690444145356663,0.03259803489519401,1.0,0.9779410468558202,0.4056798571231407,-0.08260389273612939,0.001369665331730843,1.4799202266239513
2026-08-12,2026-08-13,2026-08-14,SO,1,92.0598358022426,91.83171408900837,-0.002477972193262068,3,0.9805630026809651,0.03333333333333333,1.0,1.0,0.18723697301365455,-0.26301398420117794,-8.25990731087356e-05,-0.08924810766695383
2026-08-12,2026-08-13,2026-08-14,QSR,1,75.86000061035156,76.88999938964844,0.013577626825860056,3,0.9710632570659488,0.03333333333333333,1.0,1.0,0.2392582959043986,0.08668542269943151,0.00045258756086200187,0.4890198139071379
2026-08-12,2026-08-13,2026-08-14,ETSY,1,79.94000244140625,80.55999755859375,0.007755755544815557,2,0.988544474393531,0.031053092228265584,1.0,0.9315927668479675,0.4258631005752203,1.1967428886753042,0.00024084019223303969,0.26022727129937906
2026-08-12,2026-08-13,2026-08-14,ENB,1,50.732101384783434,51.150001525878906,0.008237390718863757,2,0.9684986595174263,0.03333333333333333,1.0,1.0,0.20027542191642272,-0.125798595940182,0.0002745796906287919,0.29668272136828117
2026-08-12,2026-08-13,2026-08-14,KIM,1,24.309999465942383,24.36000061035156,0.00205681388348955,2,0.9710242587601079,0.03333333333333333,1.0,1.0,0.20849936118051948,0.15048804149930586,6.8560462782985e-05,0.07407942164310918
2026-08-12,2026-08-13,2026-08-14,EVRG,1,82.86806507021424,82.69947533618782,-0.0020344355076178378,2,0.963611859838275,0.03333333333333333,1.0,1.0,0.17740794552715614,-0.03315642199338654,-6.78145169205946e-05,-0.0732734288621406
2026-08-12,2026-08-13,2026-08-14,NI,1,42.18999862670898,41.97999954223633,-0.0049774612777471194,1,0.9658176943699732,0.03333333333333333,1.0,1.0,0.2125006328013832,0.14431682468297302,-0.00016591537592490398,-0.1792711803757869
2026-08-12,2026-08-13,2026-08-14,PEG,1,75.83000183105469,75.6500015258789,-0.002373734680592654,1,0.9691689008042895,0.03333333333333333,1.0,1.0,0.18206961976558345,0.13644229944942537,-7.912448935308847e-05,-0.0854938279462405
2026-08-12,2026-08-13,2026-08-14,PNW,1,100.91000366210938,100.38999938964844,-0.005153148881077652,1,0.9658176943699732,0.03333333333333333,1.0,1.0,0.1934665557620247,-0.13844945237793724,-0.00017177162936925504,-0.1855988486928196
2026-08-12,2026-08-13,2026-08-14,AEP,1,124.73999786376952,124.87000274658205,0.0010422068706021914,1,0.9651474530831099,0.03333333333333333,1.0,1.0,0.21328808239088637,-0.04314646908465823,3.4740229020073044e-05,0.03753673719651228
2026-08-12,2026-08-13,2026-08-14,SHEL,1,88.60348443330568,89.77999877929688,0.013278420747400599,0,0.9731903485254692,0.03333333333333333,1.0,1.0,0.24768330743861494,0.011135216867333035,0.0004426140249133533,0.4782434313562896
2026-08-13,2026-08-14,2026-08-17,ZIM,1,27.25,28.82999992370605,0.057981648576368894,37,0.9959785522788204,0.03333333333333333,1.0,1.0,0.38599425562672424,0.9505531351886154,0.0019327216192122963,2.108308328503528
2026-08-13,2026-08-14,2026-08-17,PR,1,21.290000915527344,21.600000381469727,0.014560800968133947,27,0.9721485411140584,0.03333333333333333,1.0,1.0,0.3562406996204241,-0.27461090024672236,0.00048536003227113157,0.5294547275654842
2026-08-13,2026-08-14,2026-08-17,UTHR,1,498.9100036621094,502.2900085449219,0.006774778733644293,24,0.9731182795698925,0.03333333333333333,1.0,1.0,0.19415146084664495,0.11745504197810033,0.0002258259577881431,0.2463421233892302
2026-08-13,2026-08-14,2026-08-17,OVV,1,63.02999877929688,63.310001373291016,0.004442370290606901,16,0.9831763122476447,0.03333333333333333,1.0,1.0,0.37593746221126717,-0.2938537868101634,0.0001480790096868967,0.16153190728351152
2026-08-13,2026-08-14,2026-08-17,TFX,1,137.1999969482422,135.55999755859375,-0.011953348586932644,15,0.9730820995962315,0.03333333333333333,1.0,1.0,0.30167103070189644,0.761201151966258,-0.0003984449528977548,-0.4346434604415005
2026-08-13,2026-08-14,2026-08-17,SBUX,1,107.62000274658205,106.45999908447266,-0.010778699428589555,14,0.9711021505376345,0.03333333333333333,1.0,1.0,0.22625531024740583,0.5537986150098834,-0.0003592899809529852,-0.3919312805637153
2026-08-13,2026-08-14,2026-08-17,NE,1,44.540000915527344,45.20000076293945,0.014818137266405573,12,0.9792225201072386,0.029266292829269673,1.0,0.8779887848780902,0.45073560372959387,0.44620799453656323,0.00043367194442293916,0.47307080501217835
2026-08-13,2026-08-14,2026-08-17,CVLT,1,151.44000244140625,143.97999572753906,-0.04926047671422573,12,0.965633423180593,0.023241158702676776,1.0,0.6972347610803032,0.5675861662529179,1.0081850079590455,-0.001144870557084834,-1.2488814253261047
2026-08-13,2026-08-14,2026-08-17,FTI,1,76.90178916877343,78.67068108017156,0.023001960429243073,10,0.9959623149394348,0.03333333333333333,1.0,1.0,0.37147620064174475,0.3757190266565259,0.0007667320143081024,0.8363892013351025
2026-08-13,2026-08-14,2026-08-17,TRGP,1,269.5899963378906,276.8500061035156,0.02692981885175616,7,0.9939678284182305,0.03333333333333333,1.0,1.0,0.3080209653799151,-0.10100937227892576,0.000897660628391872,0.9792126088906811
2026-08-13,2026-08-14,2026-08-17,PLD,1,140.75999450683594,141.0,0.001705068929598541,7,0.9731903485254692,0.03333333333333333,1.0,1.0,0.25184815658026694,0.4572683177235373,5.683563098661803e-05,0.06199911718981905
2026-08-13,2026-08-14,2026-08-17,OKE,1,93.5,95.16999816894533,0.017860942983372485,7,0.9711796246648794,0.03333333333333333,1.0,1.0,0.2953249069647618,-0.41726762271004153,0.0005953647661124162,0.6494533317239649
2026-08-13,2026-08-14,2026-08-17,SM,1,32.720001220703125,33.95000076293945,0.03759167164877919,7,0.965725806451613,0.022519496663504942,1.0,0.6755848999051483,0.5857750892232794,-0.60792961866076,0.0008465455242702563,0.9234537253242786
2026-08-13,2026-08-14,2026-08-17,DINO,1,92.87999725341795,94.5,0.017441890552192474,6,0.9819034852546917,0.03333333333333333,1.0,1.0,0.38627084317485444,-0.11763057227873983,0.0005813963517397492,0.6342158944928934
2026-08-13,2026-08-14,2026-08-17,VTRS,1,15.781637106659442,16.0000005979461,0.013836555093166947,5,0.9772117962466488,0.03333333333333333,1.0,1.0,0.31984364980051583,0.6991025084672244,0.00046121850310556486,0.5031199535884026
2026-08-13,2026-08-14,2026-08-17,TRP,1,63.27000045776367,64.81999969482422,0.024498170157202015,5,0.9819034852546917,0.03333333333333333,1.0,1.0,0.20088052332744125,-0.009645775053954767,0.0008166056719067338,0.8907938536362355
2026-08-13,2026-08-14,2026-08-17,CVE,1,31.0,31.3799991607666,0.012258037444083936,5,0.9690444145356663,0.03282860041487451,1.0,0.9848580124462353,0.4018252377689241,-0.08662799423503337,0.00040241421312240116,0.4389733258015363
2026-08-13,2026-08-14,2026-08-17,SO,1,91.83171408900837,91.5999984741211,-0.0025232635281389193,4,0.9738605898123325,0.03333333333333333,1.0,1.0,0.1875340371261168,-0.2626573406885289,-8.410878427129731e-05,-0.09175002163620154
2026-08-13,2026-08-14,2026-08-17,QSR,1,76.88999938964844,77.16000366210938,0.003511565543038442,4,0.9710632570659488,0.03333333333333333,1.0,1.0,0.24332242122558667,0.09037790341648493,0.00011705218476794806,0.1276863121738027
2026-08-13,2026-08-14,2026-08-17,ETSY,1,80.55999755859375,81.16000366210938,0.007447940934695474,3,0.988544474393531,0.03168095213804826,1.0,0.9504285641414478,0.4163814303890621,1.1992855292873554,0.00023595786027909773,0.25739450371804923
2026-08-13,2026-08-14,2026-08-17,ENB,1,51.150001525878906,50.79999923706055,-0.0068426642889009015,3,0.9765415549597856,0.03333333333333333,1.0,1.0,0.19967569786175896,-0.12439381659900225,-0.00022808880963003005,-0.2488105540918185
2026-08-13,2026-08-14,2026-08-17,KIM,1,24.36000061035156,24.34000015258789,-0.000821036833437927,3,0.9710242587601079,0.03333333333333333,1.0,1.0,0.20908526078208467,0.15112649136839815,-2.73678944479309e-05,-0.029854252792854093
2026-08-13,2026-08-14,2026-08-17,EVRG,1,82.69947533618782,83.05649083486374,0.004317022535204718,3,0.963611859838275,0.03333333333333333,1.0,1.0,0.1802183160620059,-0.031751005732858634,0.00014390075117349057,0.1569740562537056
2026-08-13,2026-08-14,2026-08-17,NI,1,41.97999954223633,42.2599983215332,0.006669813776800204,2,0.9658176943699732,0.03333333333333333,1.0,1.0,0.21226347074020965,0.14375900114377613,0.00022232712589334013,0.24252542451727713
2026-08-13,2026-08-14,2026-08-17,PEG,1,75.6500015258789,75.76000213623047,0.001454072810744611,2,0.9664879356568364,0.03333333333333333,1.0,1.0,0.18126792044976345,0.13525493624622933,4.8469093691487036e-05,0.052872484525954534
2026-08-13,2026-08-14,2026-08-17,PNW,1,100.38999938964844,100.91999816894533,0.005279398172319816,2,0.9658176943699732,0.03333333333333333,1.0,1.0,0.19358006106102765,-0.13851048457031195,0.0001759799390773272,0.1919676209538578
2026-08-13,2026-08-14,2026-08-17,AEP,1,124.87000274658205,124.87999725341795,8.003929379407637e-05,2,0.9651474530831099,0.03333333333333333,1.0,1.0,0.21313194247856865,-0.043189648662786045,2.667976459802546e-06,0.0029103606719862573
2026-08-13,2026-08-14,2026-08-17,SHEL,1,89.77999877929688,90.68000030517578,0.010024521476006631,1,0.9865951742627346,0.03333333333333333,1.0,1.0,0.2479455360467093,0.009782274754966612,0.0003341507158668877,0.36450812689967205
2026-08-13,2026-08-14,2026-08-17,BALL,1,61.56999969482422,62.43000030517578,0.013967851463605907,0,0.9805630026809651,0.03333333333333333,1.0,1.0,0.2513820924052548,0.20935812818316718,0.00046559504878686356,0.5078941060675985
2026-08-14,2026-08-17,2026-08-18,ZIM,1,28.82999992370605,29.125,0.010232399482296817,38,0.9959785522788204,0.032654081972246125,1.0,0.9796224591673838,0.40502262760615293,0.9932201357501607,0.00033412961146768905,0.3674329495098689
2026-08-14,2026-08-17,2026-08-18,PR,1,21.600000381469727,22.5,0.04166664827017175,28,0.9721485411140584,0.03333333333333333,1.0,1.0,0.357958235225782,-0.2991756293726146,0.0013888882756723916,1.527321429035726
2026-08-14,2026-08-17,2026-08-18,UTHR,1,502.2900085449219,510.4200134277344,0.016185878167005896,25,0.9731182795698925,0.03333333333333333,1.0,1.0,0.19760748276879414,0.10885907759616013,0.0005395292722335298,0.5933051876871713
2026-08-14,2026-08-17,2026-08-18,OVV,1,63.310001373291016,65.0,0.026694022903969605,17,0.9831763122476447,0.03333333333333333,1.0,1.0,0.3770206776534296,-0.31060585851006445,0.0008898007634656535,0.978488909020068
2026-08-14,2026-08-17,2026-08-18,TFX,1,135.55999755859375,133.5,-0.01519620533855015,16,0.9730820995962315,0.03333333333333333,1.0,1.0,0.3016597005937808,0.7479641429116605,-0.0005065401779516717,-0.5570280072229836
2026-08-14,2026-08-17,2026-08-18,NE,1,45.20000076293945,45.52999877929688,0.007300840946622422,13,0.9792225201072386,0.029330032730106235,1.0,0.879900981903187,0.4509249002265921,0.4332721038914808,0.00021413390392173543,0.23547704006962764
2026-08-14,2026-08-17,2026-08-18,CVLT,1,143.97999572753906,143.4499969482422,-0.0036810584457844797,13,0.965633423180593,0.02292591754966732,1.0,0.6877775264900196,0.5768860528183202,1.013889407333716,-8.43916424235615e-05,-0.09280311898566926
2026-08-14,2026-08-17,2026-08-18,FTI,1,78.67068108017156,79.62000274658203,0.012067032512951492,11,0.9959623149394348,0.03333333333333333,1.0,1.0,0.3728438026053861,0.382197446607541,0.0004022344170983831,0.44232589149954377
2026-08-14,2026-08-17,2026-08-18,TRGP,1,276.8500061035156,293.4100036621094,0.05981577458373577,8,0.9939678284182305,0.03333333333333333,1.0,1.0,0.301910700682104,-0.11035722395367528,0.001993859152791192,2.1925909116503455
2026-08-14,2026-08-17,2026-08-18,PLD,1,141.0,140.27999877929688,-0.00510639163619242,8,0.9731903485254692,0.03333333333333333,1.0,1.0,0.2507237693756909,0.4562908384342004,-0.00017021305453974734,-0.18717851554641832
2026-08-14,2026-08-17,2026-08-18,OKE,1,95.16999816894533,96.54000091552734,0.014395321770942937,8,0.9718498659517426,0.03333333333333333,1.0,1.0,0.2952605994273594,-0.42106305850119335,0.0004798440590314312,0.5276710350221563
2026-08-14,2026-08-17,2026-08-18,SM,1,33.95000076293945,36.0099983215332,0.06067739358764568,8,0.965725806451613,0.022584515211190336,1.0,0.6775354563357101,0.5856066406027037,-0.6396224459517761,0.0013703695184555666,1.5069568718342665
2026-08-14,2026-08-17,2026-08-18,DINO,1,94.5,95.41000366210938,0.009629668382109768,7,0.9711796246648794,0.03333333333333333,1.0,1.0,0.3896617501159339,-0.11562333391658518,0.0003209889460703256,0.3529825288354881
2026-08-14,2026-08-17,2026-08-18,VTRS,1,16.0000005979461,16.238215365242088,0.014888422399594425,6,0.9772117962466488,0.03333333333333333,1.0,1.0,0.3188840380041191,0.6849050371851025,0.0004962807466531475,0.5457459987659895
2026-08-14,2026-08-17,2026-08-18,TRP,1,64.81999969482422,64.31999969482422,-0.007713668657112427,6,0.9912868632707774,0.03333333333333333,1.0,1.0,0.1998781695502737,-0.013652326094792673,-0.00025712228857041424,-0.2827501593144219
2026-08-14,2026-08-17,2026-08-18,CVE,1,31.3799991607666,32.880001068115234,0.04780120928824094,6,0.9690444145356663,0.03289759163356577,1.0,0.9869277490069732,0.40202462933400773,-0.09451023417841088,0.0015725446627551617,1.729283199816027
2026-08-14,2026-08-17,2026-08-18,SO,1,91.5999984741211,93.16000366210938,0.01703062460671334,5,0.9872654155495979,0.03333333333333333,1.0,1.0,0.1874971029122725,-0.2586284750071477,0.0005676874868904447,0.6242699855058249
2026-08-14,2026-08-17,2026-08-18,QSR,1,77.16000366210938,77.77999877929688,0.008035187762594154,5,0.9710632570659488,0.03333333333333333,1.0,1.0,0.24292117156527876,0.10237369632755296,0.0002678395920864718,0.2945356769894344
2026-08-14,2026-08-17,2026-08-18,ETSY,1,81.16000366210938,78.41000366210938,-0.03388368501619321,4,0.988544474393531,0.03176397599276618,1.0,0.9529192797829854,0.4163723737065472,1.1630446093317446,-0.0010762805574008123,-1.1835555010189454
2026-08-14,2026-08-17,2026-08-18,ENB,1,50.79999923706055,51.11000061035156,0.0061023893296607845,4,0.9872654155495979,0.03333333333333333,1.0,1.0,0.19915255772526125,-0.12369065604668172,0.00020341297765535948,0.22368753855783702
2026-08-14,2026-08-17,2026-08-18,KIM,1,24.34000015258789,24.530000686645508,0.007806102418508543,4,0.9710242587601079,0.03333333333333333,1.0,1.0,0.20550914833029046,0.14559817665960362,0.0002602034139502847,0.2861383863594978
2026-08-14,2026-08-17,2026-08-18,EVRG,1,83.05649083486374,84.18000030517578,0.013527051998209805,4,0.963611859838275,0.03333333333333333,1.0,1.0,0.17907005396094725,-0.03268385785374271,0.00045090173327366013,0.4958439722480997
2026-08-14,2026-08-17,2026-08-18,NI,1,42.2599983215332,43.220001220703125,0.022716586306175124,3,0.9792225201072386,0.03333333333333333,1.0,1.0,0.21239171356576658,0.1421153307136787,0.0007572195435391708,0.8326930650862688
2026-08-14,2026-08-17,2026-08-18,PEG,1,75.76000213623047,76.1500015258789,0.005147827067733424,3,0.9664879356568364,0.03333333333333333,1.0,1.0,0.17777624275082007,0.12702287303306317,0.00017159423559111412,0.18869736155734695
2026-08-14,2026-08-17,2026-08-18,PNW,1,100.91999816894533,101.4000015258789,0.004756275917980446,3,0.9658176943699732,0.03333333333333333,1.0,1.0,0.19303757381245024,-0.13751184302810646,0.0001585425305993482,0.17434476814249789
2026-08-14,2026-08-17,2026-08-18,AEP,1,124.87999725341795,128.17999267578125,0.02642533227852839,3,0.9651474530831099,0.03333333333333333,1.0,1.0,0.20494397220808502,-0.04096862126194613,0.0008808444092842796,0.9686398578711384
2026-08-14,2026-08-17,2026-08-18,SHEL,1,90.68000030517578,92.5,0.020070574423237453,2,0.9879356568364611,0.03333333333333333,1.0,1.0,0.24771605768453986,0.0023909836562743896,0.0006690191474412484,0.7357015666559292
2026-08-14,2026-08-17,2026-08-18,BALL,1,62.43000030517578,61.72999954223633,-0.011212570230941021,1,0.9819034852546917,0.03333333333333333,1.0,1.0,0.2480116544769923,0.2107946442202185,-0.00037375234103136735,-0.41100495238403517
2026-08-14,2026-08-17,2026-08-18,XEL,1,78.77999877929688,80.0999984741211,0.016755518091872812,0,1.0,0.03333333333333333,1.0,1.0,0.20556291566388823,-0.006922932937437076,0.0005585172697290937,0.6141857552442784
2026-08-17,2026-08-18,2026-08-19,ZIM,1,29.125,26.799999237060547,-0.0798283523756036,39,0.9959785522788204,0.031808018198050896,1.0,0.954240545941527,0.41626428591732756,0.9848969902183554,-0.0025391816850836185,-2.826928362111202
2026-08-17,2026-08-18,2026-08-19,PR,1,22.5,22.51000022888184,0.00044445461697062427,29,0.9721485411140584,0.03333333333333333,1.0,1.0,0.3596841939850909,-0.3026273668115663,1.4815153899020809e-05,0.016494045696775365
2026-08-17,2026-08-18,2026-08-19,UTHR,1,510.4200134277344,525.469970703125,0.029485437246714374,26,0.9731182795698925,0.03333333333333333,1.0,1.0,0.19742745104243734,0.1057638279335333,0.0009828479082238124,1.0942267911435668
2026-08-17,2026-08-18,2026-08-19,TFX,1,133.5,132.6300048828125,-0.00651681735720977,17,0.9730820995962315,0.03333333333333333,1.0,1.0,0.3016553763406187,0.7436664453832407,-0.00021722724524032565,-0.24184400202655823
2026-08-17,2026-08-18,2026-08-19,NE,1,45.52999877929688,45.720001220703125,0.004173126433129504,14,0.9792225201072386,0.029453094384370448,1.0,0.8835928315311135,0.4495467202482884,0.42758132173119234,0.00012291148671287447,0.136840136276596
2026-08-17,2026-08-18,2026-08-19,CVLT,1,143.4499969482422,142.8000030517578,-0.004531153086876016,14,0.965633423180593,0.022829728061634122,1.0,0.6848918418490236,0.5799693253424271,1.019264637517106,-0.00010344499277901347,-0.11516764858665539
2026-08-17,2026-08-18,2026-08-19,FTI,1,79.62000274658203,79.37999725341797,-0.003014386898829491,12,0.9959623149394348,0.03333333333333333,1.0,1.0,0.37591756822291356,0.37940393004607015,-0.00010047956329431635,-0.11186616891492603
2026-08-17,2026-08-18,2026-08-19,TRGP,1,293.4100036621094,298.29998779296875,0.016666044340092334,9,0.9939678284182305,0.03333333333333333,1.0,1.0,0.3075312021154077,-0.11413550540645163,0.0005555348113364111,0.6184894619918776
2026-08-17,2026-08-18,2026-08-19,PLD,1,140.27999877929688,140.16000366210938,-0.0008553971929832205,9,0.9731903485254692,0.03333333333333333,1.0,1.0,0.25057160455535465,0.4548340866270114,-2.851323976610735e-05,-0.03174443430495656
2026-08-17,2026-08-18,2026-08-19,OKE,1,96.54000091552734,97.68000030517578,0.011808570321497402,9,0.9718498659517426,0.03333333333333333,1.0,1.0,0.295307368085309,-0.4277385242768941,0.0003936190107165801,0.4382249414437666
2026-08-17,2026-08-18,2026-08-19,SM,1,36.0099983215332,35.90999984741211,-0.002776964142797489,9,0.965725806451613,0.022408259408529915,1.0,0.6722477822558974,0.5908777536115492,-0.6466499232857721,-6.222693287999204e-05,-0.06927865086575978
2026-08-17,2026-08-18,2026-08-19,DINO,1,95.41000366210938,96.25,0.008804069863213027,8,0.9711796246648794,0.03333333333333333,1.0,1.0,0.3896534548531158,-0.12049276047202058,0.0002934689954404342,0.3267256657861118
2026-08-17,2026-08-18,2026-08-19,VTRS,1,16.238215365242088,16.29776670076356,0.0036673571683834005,7,0.9772117962466488,0.03333333333333333,1.0,1.0,0.31973490750388295,0.678973549324217,0.00012224523894611335,0.13609838757892914
2026-08-17,2026-08-18,2026-08-19,TRP,1,64.31999969482422,64.18000030517578,-0.002176607436453426,7,0.9892761394101877,0.03333333333333333,1.0,1.0,0.19918173355750005,-0.018680589761016678,-7.25535812151142e-05,-0.08077554186635152
2026-08-17,2026-08-18,2026-08-19,CVE,1,32.880001068115234,32.70000076293945,-0.005474461658407148,7,0.9690444145356663,0.032966735540627574,1.0,0.9890020662188272,0.4016333969537149,-0.09810908213163137,-0.0001804751297200139,-0.2009270411244339
2026-08-17,2026-08-18,2026-08-19,SO,1,93.16000366210938,92.55999755859376,-0.006440597680650861,6,0.9872654155495979,0.03333333333333333,1.0,1.0,0.1871281024150693,-0.26001455734781803,-0.0002146865893550287,-0.23901543240402878
2026-08-17,2026-08-18,2026-08-19,QSR,1,77.77999877929688,76.98999786376953,-0.010156864591487014,6,0.9710632570659488,0.03333333333333333,1.0,1.0,0.24439754187434679,0.09857433121011759,-0.0003385621530495671,-0.37692889737495744
2026-08-17,2026-08-18,2026-08-19,ETSY,1,78.41000366210938,80.5,0.026654715473512836,5,0.9758713136729222,0.03176917247680984,1.0,0.9530751743042952,0.41677327262213254,1.156411148489402,0.0008467982531983213,0.9427596351277735
2026-08-17,2026-08-18,2026-08-19,ENB,1,51.11000061035156,51.45000076293945,0.006652321434702291,5,0.982573726541555,0.03333333333333333,1.0,1.0,0.19566175567870203,-0.12581722566340733,0.00022174404782340968,0.24687266043378714
2026-08-17,2026-08-18,2026-08-19,KIM,1,24.530000686645508,24.34000015258789,-0.007745639165883,5,0.9710242587601079,0.03333333333333333,1.0,1.0,0.2053947944160847,0.14268653457978928,-0.0002581879721961,-0.2874465051653433
2026-08-17,2026-08-18,2026-08-19,EVRG,1,84.18000030517578,83.91999816894531,-0.0030886449903526625,5,0.963611859838275,0.03333333333333333,1.0,1.0,0.17940213140399397,-0.034965503380433874,-0.00010295483301175542,-0.11462194263888191
2026-08-17,2026-08-18,2026-08-19,NI,1,43.220001220703125,42.2400016784668,-0.022674676412708927,4,0.9792225201072386,0.03333333333333333,1.0,1.0,0.21282021961051528,0.13923155189849812,-0.0007558225470902976,-0.8414743252302282
2026-08-17,2026-08-18,2026-08-19,PEG,1,76.1500015258789,76.08999633789062,-0.0007879866944965341,4,0.9664879356568364,0.03333333333333333,1.0,1.0,0.1772471649157678,0.12692079619507224,-2.626622314988447e-05,-0.02924277991769817
2026-08-17,2026-08-18,2026-08-19,PNW,1,101.4000015258789,100.6500015258789,-0.00739644959283936,4,0.9658176943699732,0.03333333333333333,1.0,1.0,0.193122268761057,-0.13968430484623673,-0.000246548319761312,-0.27448781702328734
2026-08-17,2026-08-18,2026-08-19,AEP,1,128.17999267578125,127.36000061035156,-0.006397192325511947,4,0.9651474530831099,0.03333333333333333,1.0,1.0,0.20470086998969608,-0.04266765366469285,-0.00021323974418373156,-0.2374046269723612
2026-08-17,2026-08-18,2026-08-19,SHEL,1,92.5,93.0,0.00540540540540535,3,0.9879356568364611,0.03333333333333333,1.0,1.0,0.24895439985642345,-0.000913121685664745,0.00018018018018017834,0.20059866713510854
2026-08-17,2026-08-18,2026-08-19,BALL,1,61.72999954223633,62.09000015258789,0.005831858302627113,2,0.9819034852546917,0.03333333333333333,1.0,1.0,0.24808505004837342,0.20719192464962075,0.0001943952767542371,0.21642465544914805
2026-08-17,2026-08-18,2026-08-19,XEL,1,80.0999984741211,79.5999984741211,-0.006242197372344993,1,1.0,0.03333333333333333,1.0,1.0,0.20559741319112465,-0.008330948697636679,-0.0002080732457448331,-0.2316526474840386
2026-08-17,2026-08-18,2026-08-19,LIN,1,481.6700134277344,478.489990234375,-0.00660207840369631,0,0.9812332439678284,0.03333333333333333,1.0,1.0,0.21899368483541076,0.094457808707939,-0.00022006928012321034,-0.24500810369905102
2026-08-17,2026-08-18,2026-08-19,ETR,1,109.5199966430664,108.87999725341795,-0.005843676125504738,0,0.9731903485254692,0.03333333333333333,1.0,1.0,0.21491605307428918,0.19853148200837953,-0.00019478920418349125,-0.21686322375992076
2026-08-18,2026-08-19,2026-08-20,PR,1,22.51000022888184,23.36000061035156,0.03776101167600654,30,0.9721485411140584,0.03333333333333333,1.0,1.0,0.35966528246033996,-0.3116837497464619,0.001258700389200218,1.3981799337946084
2026-08-18,2026-08-19,2026-08-20,UTHR,1,525.469970703125,524.1500244140625,-0.0025119347682157622,27,0.9731182795698925,0.03333333333333333,1.0,1.0,0.2001449389386454,0.1006718763776946,-8.37311589405254e-05,-0.09300960519953207
2026-08-18,2026-08-19,2026-08-20,TFX,1,132.6300048828125,135.1199951171875,0.018773958702444915,18,0.9730820995962315,0.03333333333333333,1.0,1.0,0.3077703987203895,0.7521008076305623,0.0006257986234148305,0.6951448377726085
2026-08-18,2026-08-19,2026-08-20,NE,1,45.720001220703125,46.560001373291016,0.01837270625897358,15,0.9738605898123325,0.029166711980188727,1.0,0.8750013594056618,0.44920624381955004,0.4266366188121244,0.0005358714317520931,0.5952526029213638
2026-08-18,2026-08-19,2026-08-20,CVLT,1,142.8000030517578,136.05999755859375,-0.04719891701067502,15,0.965633423180593,0.02252452910780152,1.0,0.6757358732340456,0.5816711670411494,1.0218378756998592,-0.0010631333800636578,-1.1809416853336632
2026-08-18,2026-08-19,2026-08-20,FTI,1,79.37999725341797,77.87000274658203,-0.019022355241652744,13,0.9959623149394348,0.03333333333333333,1.0,1.0,0.3733921102316249,0.37528476527774374,-0.0006340785080550914,-0.7043422358647017
2026-08-18,2026-08-19,2026-08-20,TRGP,1,298.29998779296875,300.0,0.005699001932950587,10,0.9939678284182305,0.03333333333333333,1.0,1.0,0.3061226843217695,-0.11621664632623747,0.0001899667310983529,0.21101739046814877
2026-08-18,2026-08-19,2026-08-20,PLD,1,140.16000366210938,141.3000030517578,0.008133557076644315,10,0.9731903485254692,0.03333333333333333,1.0,1.0,0.24879647288259013,0.455230306714505,0.0002711185692214772,0.30116185425622827
2026-08-18,2026-08-19,2026-08-20,OKE,1,97.68000030517578,97.04000091552734,-0.006552000283056136,10,0.9879356568364611,0.03333333333333333,1.0,1.0,0.29411815013735376,-0.42807873678649727,-0.00021840000943520454,-0.242601427117127
2026-08-18,2026-08-19,2026-08-20,SM,1,35.90999984741211,37.02000045776367,0.03091062698602487,10,0.965725806451613,0.022037463002631874,1.0,0.6611238900789562,0.5945271073908339,-0.662751529163421,0.0006811917985926775,0.7566762607127785
2026-08-18,2026-08-19,2026-08-20,DINO,1,96.25,95.18000030517578,-0.011116879946225677,9,0.9939678284182305,0.03333333333333333,1.0,1.0,0.38908307766258293,-0.1245335976076281,-0.00037056266487418924,-0.4116255835669982
2026-08-18,2026-08-19,2026-08-20,VTRS,1,16.29776670076356,15.950372976562885,-0.021315418890147653,8,0.9772117962466488,0.03333333333333333,1.0,1.0,0.306729963909949,0.6794827619410868,-0.0007105139630049218,-0.7892476829895892
2026-08-18,2026-08-19,2026-08-20,TRP,1,64.18000030517578,62.83000183105469,-0.02103456634001022,8,0.985254691689008,0.03333333333333333,1.0,1.0,0.20028820911327827,-0.01430205223217713,-0.000701152211333674,-0.7788485336414082
2026-08-18,2026-08-19,2026-08-20,CVE,1,32.70000076293945,33.400001525878906,0.021406750660776686,8,0.9690444145356663,0.03230396508552393,1.0,0.9691189525657179,0.4055808349996783,-0.1089273656598274,0.0006915229259402464,0.7681522045313276
2026-08-18,2026-08-19,2026-08-20,SO,1,92.55999755859376,91.75,-0.008751054234643951,7,0.9872654155495979,0.03333333333333333,1.0,1.0,0.18561027110188252,-0.2607117928706671,-0.00029170180782146505,-0.3240259698392035
2026-08-18,2026-08-19,2026-08-20,QSR,1,76.98999786376953,77.9749984741211,0.012793877616342764,7,0.9710632570659488,0.03333333333333333,1.0,1.0,0.24418849454741245,0.10051490313203652,0.00042646258721142544,0.47371990750874465
2026-08-18,2026-08-19,2026-08-20,ETSY,1,80.5,81.69000244140625,0.014782639023680044,6,0.9919571045576407,0.031273008123613624,1.0,0.9381902437084086,0.4189513551558314,1.1597448138115705,0.0004622975902759938,0.5135258713761142
2026-08-18,2026-08-19,2026-08-20,ENB,1,51.45000076293945,50.43000030517578,-0.019825081489569185,6,0.982573726541555,0.03333333333333333,1.0,1.0,0.19588163949537923,-0.12283205063547219,-0.0006608360496523062,-0.734064843452574
2026-08-18,2026-08-19,2026-08-20,KIM,1,24.34000015258789,24.299999237060547,-0.0016434229776737252,6,0.9710242587601079,0.03333333333333333,1.0,1.0,0.20473130888555283,0.14258668853442055,-5.4780765922457504e-05,-0.06085115117772166
2026-08-18,2026-08-19,2026-08-20,EVRG,1,83.91999816894531,83.58000183105469,-0.004051434048010227,6,0.963611859838275,0.03333333333333333,1.0,1.0,0.17067435741564285,-0.03457268295834155,-0.0001350478016003409,-0.15001276548476286
2026-08-18,2026-08-19,2026-08-20,NI,1,42.2400016784668,41.5,-0.01751897843422756,5,0.9597855227882037,0.03333333333333333,1.0,1.0,0.20811381576549734,0.13990654170615052,-0.0005839659478075853,-0.648676585190154
2026-08-18,2026-08-19,2026-08-20,PEG,1,76.08999633789062,74.95999908447266,-0.014850799156304606,5,0.9664879356568364,0.03333333333333333,1.0,1.0,0.17435205188137462,0.12804905187239862,-0.0004950266385434868,-0.5498817023049348
2026-08-18,2026-08-19,2026-08-20,PNW,1,100.6500015258789,99.08000183105467,-0.015598605772703888,5,0.9658176943699732,0.03333333333333333,1.0,1.0,0.19228146722018133,-0.13626736493413447,-0.0005199535257567963,-0.577570796399643
2026-08-18,2026-08-19,2026-08-20,AEP,1,127.36000061035156,126.19000244140624,-0.00918654336792013,5,0.9651474530831099,0.03333333333333333,1.0,1.0,0.19800477695532284,-0.045014384690294715,-0.00030621811226400433,-0.3401508600502158
2026-08-18,2026-08-19,2026-08-20,SHEL,1,93.0,94.11000061035156,0.011935490433887752,4,0.9879356568364611,0.03333333333333333,1.0,1.0,0.24938798546436178,-0.004936290091725077,0.0003978496811295917,0.4419363381427341
2026-08-18,2026-08-19,2026-08-20,BALL,1,62.09000015258789,61.810001373291016,-0.004509563192281685,3,0.9819034852546917,0.03333333333333333,1.0,1.0,0.24337201320409066,0.20951340384758538,-0.00015031877307605617,-0.16697594915427913
2026-08-18,2026-08-19,2026-08-20,XEL,1,79.5999984741211,79.18000030517578,-0.005276359007492459,2,1.0,0.03333333333333333,1.0,1.0,0.198476074879955,-0.00865153422894302,-0.00017587863358308197,-0.19536815779911823
2026-08-18,2026-08-19,2026-08-20,LIN,1,478.489990234375,481.25,0.005768166151758125,1,0.9812332439678284,0.03333333333333333,1.0,1.0,0.22060849966285415,0.10037647353257663,0.00019227220505860416,0.2135783394094274
2026-08-18,2026-08-19,2026-08-20,ETR,1,108.87999725341795,107.33999633789062,-0.014144020521446032,1,0.9731903485254692,0.03333333333333333,1.0,1.0,0.20415315783609705,0.1959597373336072,-0.00047146735071486773,-0.5237117544928133
2026-08-18,2026-08-19,2026-08-20,DVA,1,178.77000427246094,176.69000244140625,-0.011635071775713435,0,0.9698391420911527,0.030422443541446416,1.0,0.9126733062433925,0.43066458863955964,0.014345253071975803,-0.00035396731419731867,-0.3931912631284158
2026-08-19,2026-08-20,2026-08-21,PR,1,23.36000061035156,23.920000076293945,0.023972579251313686,31,0.9721485411140584,0.03333333333333333,1.0,1.0,0.35985305549367413,-0.3156349168016461,0.0007990859750437895,0.8855802716296053
2026-08-19,2026-08-20,2026-08-21,UTHR,1,524.1500244140625,523.22998046875,-0.0017553065009221491,28,0.9731182795698925,0.03333333333333333,1.0,1.0,0.2044629193327294,0.09284379504234234,-5.851021669740497e-05,-0.06484345266246914
2026-08-19,2026-08-20,2026-08-21,NE,1,46.560001373291016,47.150001525878906,0.012671824209316673,16,0.9906040268456375,0.029438930120081405,1.0,0.8831679036024421,0.445156691195849,0.42226703099883117,0.00037304494739202936,0.4134239070124858
2026-08-19,2026-08-20,2026-08-21,CVLT,1,136.05999755859375,132.4499969482422,-0.026532417133088182,16,0.965633423180593,0.02252076479471751,1.0,0.6756229438415253,0.5819046042199757,1.020204748034385,-0.000597530325689612,-0.6622079283798409
2026-08-19,2026-08-20,2026-08-21,FTI,1,77.87000274658203,78.18000030517578,0.003980962471551441,14,0.9959623149394348,0.03333333333333333,1.0,1.0,0.37103890825950253,0.3803180371649452,0.00013269874905171472,0.14706226601422528
2026-08-19,2026-08-20,2026-08-21,TRGP,1,300.0,303.1099853515625,0.010366617838541758,11,0.9939678284182305,0.03333333333333333,1.0,1.0,0.33688425236668434,-0.15058971134593316,0.00034555392795139196,0.3829572172895429
2026-08-19,2026-08-20,2026-08-21,PLD,1,141.3000030517578,141.57000732421875,0.0019108582210152214,11,0.9731903485254692,0.03333333333333333,1.0,1.0,0.2476629747677882,0.4575602493653194,6.369527403384071e-05,0.07058974859034375
2026-08-19,2026-08-20,2026-08-21,OKE,1,97.04000091552734,95.0500030517578,-0.020506985212230378,11,0.9838926174496644,0.03333333333333333,1.0,1.0,0.29473871685273045,-0.4371346215309685,-0.0006835661737410126,-0.7575564291254179
2026-08-19,2026-08-20,2026-08-21,DINO,1,95.18000030517578,94.0,-0.012397565679684197,10,0.9946308724832215,0.03333333333333333,1.0,1.0,0.3891050512160997,-0.12549185855331263,-0.0004132521893228066,-0.45798324273175395
2026-08-19,2026-08-20,2026-08-21,VTRS,1,15.950372976562885,16.010000228881836,0.003738298308545218,9,0.9818791946308725,0.03333333333333333,1.0,1.0,0.3068043394010373,0.6783369079877746,0.00012460994361817394,0.13809791582324424
2026-08-19,2026-08-20,2026-08-21,TRP,1,62.83000183105469,63.65999984741211,0.013210217924061629,9,0.985254691689008,0.03333333333333333,1.0,1.0,0.19904587447960048,-0.01987784811354766,0.000440340597468721,0.48800374189338414
2026-08-19,2026-08-20,2026-08-21,CVE,1,33.400001525878906,32.63999938964844,-0.02275455393741843,9,0.9690444145356663,0.032480952768402585,1.0,0.9744285830520776,0.4034652806536425,-0.11441835327861907,-0.0007390895917073571,-0.8190897873623021
2026-08-19,2026-08-20,2026-08-21,SO,1,91.75,91.4800033569336,-0.0029427427037210796,8,0.9872654155495979,0.03333333333333333,1.0,1.0,0.18080365953082655,-0.2590968662117262,-9.809142345736931e-05,-0.10870899019989863
2026-08-19,2026-08-20,2026-08-21,ETSY,1,81.69000244140625,82.08999633789062,0.004896485304566767,7,0.9865771812080537,0.03122601373446461,1.0,0.9367804120339384,0.41968010505731457,1.142738523640826,0.00015289771737100598,0.16944760177218987
2026-08-19,2026-08-20,2026-08-21,ENB,1,50.43000030517578,51.119998931884766,0.0136823046308443,7,0.982573726541555,0.03333333333333333,1.0,1.0,0.19463840886231307,-0.13153704580951012,0.00045607682102814334,0.5054432785257393
2026-08-19,2026-08-20,2026-08-21,KIM,1,24.299999237060547,24.209999084472656,-0.0037037100993250194,7,0.9710242587601079,0.03333333333333333,1.0,1.0,0.20129376143587077,0.14546158439714246,-0.00012345700331083397,-0.13682017948143083
2026-08-19,2026-08-20,2026-08-21,NI,1,41.5,41.77000045776367,0.006506035126835563,6,0.9597855227882037,0.03333333333333333,1.0,1.0,0.20785733994927655,0.1395639520836732,0.00021686783756118543,0.24034194629011635
2026-08-19,2026-08-20,2026-08-21,PEG,1,74.95999908447266,74.87000274658203,-0.0012005915019983604,6,0.9664879356568364,0.03333333333333333,1.0,1.0,0.17403040002659287,0.12440962169362987,-4.001971673327868e-05,-0.04435151250559074
2026-08-19,2026-08-20,2026-08-21,PNW,1,99.08000183105467,99.3499984741211,0.0027250367185782665,6,0.9658176943699732,0.03333333333333333,1.0,1.0,0.19041555430207138,-0.13573673113564383,9.083455728594221e-05,0.10066662965800584
2026-08-19,2026-08-20,2026-08-21,SHEL,1,94.11000061035156,93.87000274658205,-0.00255018448850286,5,0.9879356568364611,0.03333333333333333,1.0,1.0,0.23823209461258166,-0.006760915193813926,-8.5006149616762e-05,-0.09420734616656697
2026-08-19,2026-08-20,2026-08-21,BALL,1,61.810001373291016,62.95000076293945,0.01844360725319527,4,0.9771812080536912,0.03333333333333333,1.0,1.0,0.2430032696656906,0.20617640764057588,0.0006147869084398423,0.6813323902232743
2026-08-19,2026-08-20,2026-08-21,XEL,1,79.18000030517578,78.94999694824219,-0.002904816317846892,3,1.0,0.03333333333333333,1.0,1.0,0.1984491106544407,-0.009459195020625796,-9.682721059489641e-05,-0.10730793699021735
2026-08-19,2026-08-20,2026-08-21,LIN,1,481.25,486.3500061035156,0.010597415280032552,2,0.9812332439678284,0.03333333333333333,1.0,1.0,0.22057995676028916,0.09685694476478024,0.00035324717600108507,0.39148319435626316
2026-08-19,2026-08-20,2026-08-21,ETR,1,107.33999633789062,107.73999786376952,0.0037264909588756723,2,0.9731903485254692,0.03333333333333333,1.0,1.0,0.2040517504422945,0.19503200473607776,0.00012421636529585573,0.13766173597718076
2026-08-19,2026-08-20,2026-08-21,DVA,1,176.69000244140625,175.25,-0.008149880703543388,1,0.9698391420911527,0.030406475637156694,1.0,0.9121942691147008,0.43099163747169145,0.01296059148593237,-0.0002478091490580255,-0.27463239299511116
2026-08-19,2026-08-20,2026-08-21,ZIM,1,27.450000762939453,27.5,0.00182146578035991,0,0.9758389261744966,0.031259364180425034,1.0,0.9377809254127509,0.4192323506313579,0.9704902795627167,5.69378621704525e-05,0.06310090405998578
2026-08-19,2026-08-20,2026-08-21,VRNS,1,42.040000915527344,40.93999862670898,-0.02616561048675159,0,0.9664429530201342,0.024072773455243033,1.0,0.7221832036572909,0.5443883210618181,0.9557549430499875,-0.0006298788135657024,-0.698057866402524
2026-08-20,2026-08-21,2026-08-24,PR,1,23.920000076293945,23.600000381469727,-0.013377913620550408,32,0.9721485411140584,0.03333333333333333,1.0,1.0,0.36347276536823375,-0.3141986410125102,-0.00044593045401834693,-0.49434618296856697
2026-08-20,2026-08-21,2026-08-24,UTHR,1,523.22998046875,513.1199951171875,-0.019322259291230215,29,0.9731182795698925,0.03333333333333333,1.0,1.0,0.2092749268745331,0.09436562010852231,-0.0006440753097076738,-0.7140040964441203
2026-08-20,2026-08-21,2026-08-24,NE,1,47.150001525878906,46.0,-0.02439027547534034,17,0.9658176943699732,0.029728248542357432,1.0,0.8918474562707229,0.4463373068938113,0.42415387561589274,-0.0007250801713474827,-0.8038038483845628
2026-08-20,2026-08-21,2026-08-24,CVLT,1,132.4499969482422,132.6300048828125,0.001359063334978039,17,0.965633423180593,0.022790909520546517,1.0,0.6837272856163955,0.5821981953420307,1.0170370236044788,3.097428950017669e-05,0.03433724170797657
2026-08-20,2026-08-21,2026-08-24,FTI,1,78.18000030517578,76.68000030517578,-0.019186492634238217,15,0.9959623149394348,0.03333333333333333,1.0,1.0,0.3725281839074929,0.37859634802982783,-0.0006395497544746072,-0.7089871909264096
2026-08-20,2026-08-21,2026-08-24,TRGP,1,303.1099853515625,296.20001220703125,-0.02279691688981056,12,0.9939678284182305,0.03333333333333333,1.0,1.0,0.3368703926884468,-0.15193073199864984,-0.000759897229660352,-0.8424010774458747
2026-08-20,2026-08-21,2026-08-24,PLD,1,141.57000732421875,142.3300018310547,0.0053683299252462735,12,0.9731903485254692,0.03333333333333333,1.0,1.0,0.24833520337972143,0.457431383373271,0.00017894433084154245,0.1983727420234488
2026-08-20,2026-08-21,2026-08-24,OKE,1,95.0500030517578,93.29000091552734,-0.01851659210649448,12,0.9906166219839142,0.03333333333333333,1.0,1.0,0.29402937753578995,-0.43890759996848666,-0.0006172197368831492,-0.6842327502675888
2026-08-20,2026-08-21,2026-08-24,DINO,1,94.0,96.04000091552734,0.021702137399226995,11,0.9865951742627346,0.03333333333333333,1.0,1.0,0.3890274256149403,-0.12711214177767902,0.0007234045799742331,0.8019463340746141
2026-08-20,2026-08-21,2026-08-24,VTRS,1,16.010000228881836,16.25,0.014990616345226915,10,0.9731903485254692,0.03333333333333333,1.0,1.0,0.3042865342774388,0.6785388981623345,0.0004996872115075638,0.5539394393476613
2026-08-20,2026-08-21,2026-08-24,TRP,1,63.65999984741211,61.79999923706055,-0.029217728790603692,10,0.985254691689008,0.03333333333333333,1.0,1.0,0.20504187711040614,-0.022837655662472305,-0.0009739242930201231,-1.0796655676157283
2026-08-20,2026-08-21,2026-08-24,CVE,1,32.63999938964844,32.47999954223633,-0.004901956201103785,10,0.9690444145356663,0.03290268225133713,1.0,0.9870804675401138,0.4032749151484894,-0.1153478326934178,-0.0001612875072948895,-0.1787988751906662
2026-08-20,2026-08-21,2026-08-24,SO,1,91.4800033569336,89.05999755859375,-0.0264539321112347,9,0.9872654155495979,0.03333333333333333,1.0,1.0,0.180568032602625,-0.25930408091513185,-0.0008817977370411567,-0.9775366125559147
2026-08-20,2026-08-21,2026-08-24,ETSY,1,82.08999633789062,80.80999755859375,-0.015592628047250368,8,0.9939678284182305,0.03186928125447421,1.0,0.9560784376342264,0.41635160476682676,1.1416519231217084,-0.000496925848734225,-0.5508782688568579
2026-08-20,2026-08-21,2026-08-24,ENB,1,51.119998931884766,50.27999877929688,-0.01643192821085826,8,0.982573726541555,0.03333333333333333,1.0,1.0,0.19815746514327318,-0.13384501356249576,-0.000547730940361942,-0.6071993899985346
2026-08-20,2026-08-21,2026-08-24,KIM,1,24.209999084472656,24.059999465942383,-0.006195771342530798,8,0.9710242587601079,0.03333333333333333,1.0,1.0,0.20108025960945247,0.14539429647965313,-0.00020652571141769327,-0.22894869862376332
2026-08-20,2026-08-21,2026-08-24,NI,1,41.77000045776367,40.65999984741211,-0.026574110562291087,7,0.9597855227882037,0.03333333333333333,1.0,1.0,0.20470850122735082,0.13826159786584943,-0.0008858036854097028,-0.981977496257207
2026-08-20,2026-08-21,2026-08-24,PEG,1,74.87000274658203,72.86000061035156,-0.02684656153992504,7,0.9664879356568364,0.03333333333333333,1.0,1.0,0.17367140349587087,0.12330672839305741,-0.000894885384664168,-0.9920452171783904
2026-08-20,2026-08-21,2026-08-24,PNW,1,99.3499984741211,97.4800033569336,-0.018822296385586745,7,0.9658176943699732,0.03333333333333333,1.0,1.0,0.18766754029082236,-0.1370483742355733,-0.0006274098795195582,-0.6955292609024215
2026-08-20,2026-08-21,2026-08-24,SHEL,1,93.87000274658205,92.81999969482422,-0.011185714509804434,6,0.9879356568364611,0.03333333333333333,1.0,1.0,0.23864063130552682,-0.006552844240974852,-0.00037285715032681446,-0.41333913706870173
2026-08-20,2026-08-21,2026-08-24,BALL,1,62.95000076293945,63.880001068115234,0.01477363453382674,5,0.9785522788203753,0.03333333333333333,1.0,1.0,0.24281533806646227,0.20616386206169646,0.0004924544844608914,0.5459214379401393
2026-08-20,2026-08-21,2026-08-24,LIN,1,486.3500061035156,488.4400024414063,0.004297309163487251,3,0.9812332439678284,0.03333333333333333,1.0,1.0,0.22022341437194973,0.09704232277943507,0.00014324363878290836,0.15879594100102773
2026-08-20,2026-08-21,2026-08-24,ETR,1,107.73999786376952,104.45999908447266,-0.030443649938105777,3,0.9731903485254692,0.03333333333333333,1.0,1.0,0.20323915675789267,0.19393951100137136,-0.0010147883312701925,-1.1249663115940085
2026-08-20,2026-08-21,2026-08-24,DVA,1,175.25,174.02999877929688,-0.006961490560360217,2,0.9698391420911527,0.030970183689564387,1.0,0.9291055106869316,0.42843873727286635,0.011507150950051866,-0.00021559864140752446,-0.23900669818041514
2026-08-20,2026-08-21,2026-08-24,ZIM,1,27.5,28.440000534057617,0.034181837602095255,1,0.967828418230563,0.03109964642977135,1.0,0.9329893928931404,0.4266552169018741,0.9664994396983527,0.0010630430637450258,1.178460175029767
2026-08-20,2026-08-21,2026-08-24,VRNS,1,40.93999862670898,41.22999954223633,0.007083559483515911,1,0.9731903485254692,0.024240607807484417,1.0,0.7272182342245325,0.5473801027781517,0.9531580302823611,0.00017170978732089607,0.19035272692305744
2026-08-20,2026-08-21,2026-08-24,EAT,1,233.30999755859372,248.8800048828125,0.06673527704404747,0,0.989946380697051,0.02970826519220776,1.0,0.8912479557662328,0.44663753696887,0.7399109278764538,0.001982589308100017,2.197843740031292
2026-08-21,2026-08-24,2026-08-25,PR,1,23.600000381469727,23.209999084472656,-0.016525478419199158,33,0.9721485411140584,0.03333333333333333,1.0,1.0,0.3684755395332424,-0.3401761136179121,-0.0005508492806399719,-0.6070583677769199
2026-08-21,2026-08-24,2026-08-25,UTHR,1,513.1199951171875,516.0700073242188,0.005749166345305978,30,0.9731182795698925,0.03333333333333333,1.0,1.0,0.2110982202045479,0.10204660865927086,0.00019163887817686594,0.2111938576982257
2026-08-21,2026-08-24,2026-08-25,NE,1,46.0,45.20000076293945,-0.017391287762185792,18,0.9658176943699732,0.029371309025931283,1.0,0.8811392707779385,0.44941051607130905,0.3988952072248172,-0.0005108048872220558,-0.5629278134469684
2026-08-21,2026-08-24,2026-08-25,CVLT,1,132.6300048828125,130.97000122070312,-0.012516049166823917,18,0.965633423180593,0.022439877007869858,1.0,0.6731963102360957,0.588228497972801,1.02950291572488,-0.0002808586039279807,-0.30951763335070853
2026-08-21,2026-08-24,2026-08-25,FTI,1,76.68000030517578,75.33000183105469,-0.01760561383344139,16,0.9959623149394348,0.03333333333333333,1.0,1.0,0.3698131891119459,0.3722075936609118,-0.0005868537944480463,-0.6467368100534318
2026-08-21,2026-08-24,2026-08-25,TRGP,1,296.20001220703125,291.1000061035156,-0.01721811577762844,13,0.9939678284182305,0.03333333333333333,1.0,1.0,0.33553260612583485,-0.1613409514411709,-0.0005739371925876146,-0.6325021881374183
2026-08-21,2026-08-24,2026-08-25,PLD,1,142.3300018310547,143.49000549316406,0.008150099397078003,13,0.9731903485254692,0.03333333333333333,1.0,1.0,0.2464447015696037,0.4778007091023892,0.00027166997990260013,0.29939139501472883
2026-08-21,2026-08-24,2026-08-25,OKE,1,93.29000091552734,91.95999908447266,-0.014256638632247243,13,0.9805369127516779,0.03333333333333333,1.0,1.0,0.2880768642816159,-0.42691867012455004,-0.00047522128774157477,-0.5237132359219651
2026-08-21,2026-08-24,2026-08-25,DINO,1,96.04000091552734,94.12999725341795,-0.019887584796977942,12,0.9885906040268457,0.03333333333333333,1.0,1.0,0.3911284599732559,-0.10732761075506735,-0.0006629194932325981,-0.7305643116420942
2026-08-21,2026-08-24,2026-08-25,VTRS,1,16.25,16.59000015258789,0.020923086313100914,11,0.9751677852348993,0.03333333333333333,1.0,1.0,0.3001753949444539,0.68322858982099,0.0006974362104366971,0.7686031413971119
2026-08-21,2026-08-24,2026-08-25,TRP,1,61.79999923706055,61.72999954223633,-0.0011326811600061992,11,0.9684563758389262,0.03333333333333333,1.0,1.0,0.20515740299503382,-0.02297452195657975,-3.775603866687331e-05,-0.041608694088165074
2026-08-21,2026-08-24,2026-08-25,CVE,1,32.47999954223633,31.559999465942383,-0.028325125900867,11,0.9690444145356663,0.03333333333333333,1.0,1.0,0.3947204821046417,-0.1166815473556612,-0.0009441708633622333,-1.0405147893618056
2026-08-21,2026-08-24,2026-08-25,SO,1,89.05999755859375,90.0,0.010554709939081253,10,0.9872654155495979,0.03333333333333333,1.0,1.0,0.18097132115267786,-0.2486043964113083,0.00035182366463604176,0.38772402380396587
2026-08-21,2026-08-24,2026-08-25,ETSY,1,80.80999755859375,87.0,0.07659946328940292,9,0.9845637583892617,0.03273767098681884,1.0,0.9821301296045652,0.40319835679050897,1.1250609444183082,0.0025076880269353807,2.7635744549879537
2026-08-21,2026-08-24,2026-08-25,ENB,1,50.27999877929688,49.869998931884766,-0.008154332883176907,9,0.982573726541555,0.03333333333333333,1.0,1.0,0.20045348211996256,-0.1374020756104686,-0.0002718110961058969,-0.2995469108246809
2026-08-21,2026-08-24,2026-08-25,KIM,1,24.059999465942383,24.309999465942383,0.01039069017245331,9,0.9710242587601079,0.03333333333333333,1.0,1.0,0.1978435157138007,0.15928555286927715,0.000346356339081777,0.38169880811661666
2026-08-21,2026-08-24,2026-08-25,NI,1,40.65999984741211,40.900001525878906,0.005902648287444023,8,0.9697986577181208,0.03333333333333333,1.0,1.0,0.20433204069904212,0.14289890195864102,0.00019675494291480078,0.2168319696435541
2026-08-21,2026-08-24,2026-08-25,PEG,1,72.86000061035156,73.76000213623047,0.012352477605538814,8,0.9597315436241611,0.03333333333333333,1.0,1.0,0.17350498324185246,0.1302535456422456,0.00041174925351796047,0.4537644661777206
2026-08-21,2026-08-24,2026-08-25,PNW,1,97.4800033569336,98.08999633789062,0.006257621665476165,8,0.9658176943699732,0.03333333333333333,1.0,1.0,0.1874454304943783,-0.129059709497127,0.0002085873888492055,0.22987180752335173
2026-08-21,2026-08-24,2026-08-25,SHEL,1,92.81999969482422,92.37999725341795,-0.00474038399970822,7,0.9879356568364611,0.03333333333333333,1.0,1.0,0.235474772891476,-0.011905591818860597,-0.000158012799990274,-0.1741365484557121
2026-08-21,2026-08-24,2026-08-25,BALL,1,63.880001068115234,64.55000305175781,0.010488446656852002,6,0.9785522788203753,0.03333333333333333,1.0,1.0,0.23573336923245788,0.20789501867944452,0.0003496148885617334,0.3852898625087082
2026-08-21,2026-08-24,2026-08-25,LIN,1,488.4400024414063,489.2000122070313,0.0015559941074159145,4,0.9812332439678284,0.03333333333333333,1.0,1.0,0.2202029570588858,0.0977193819383526,5.186647024719715e-05,0.0571589650331095
2026-08-21,2026-08-24,2026-08-25,ETR,1,104.45999908447266,106.33999633789062,0.017997293412741477,4,0.9731903485254692,0.03333333333333333,1.0,1.0,0.20184576637406323,0.20087104702896033,0.0005999097804247159,0.6611250389488336
2026-08-21,2026-08-24,2026-08-25,DVA,1,174.02999877929688,175.61000061035156,0.009078905028657935,3,0.9698391420911527,0.03083035597665109,1.0,0.9249106792995327,0.4281421582361984,0.027785055309903606,0.0002799058739117318,0.3084676860258719
2026-08-21,2026-08-24,2026-08-25,ZIM,1,28.440000534057617,28.459999084472656,0.0007031838973101667,2,0.9838926174496645,0.030996167916403475,1.0,0.9298850374921043,0.4258518402221013,0.954977865803596,2.1796006157136947e-05,0.024020087502764947
2026-08-21,2026-08-24,2026-08-25,VRNS,1,41.22999954223633,41.130001068115234,-0.002425381402652027,2,0.9691275167785235,0.024111532794822213,1.0,0.7233459838446664,0.5474465376945359,0.9675074756830087,-5.8479663229996246e-05,-0.06444697334868302
2026-08-21,2026-08-24,2026-08-25,EAT,1,248.8800048828125,252.97999572753903,0.016473765526712647,1,0.9751677852348993,0.02976180032912686,1.0,0.8928540098738058,0.4435140012049441,0.7341734726696637,0.0004902889202748752,0.5403183813463195
2026-08-21,2026-08-24,2026-08-25,CYTK,1,77.19999694824219,77.93000030517578,0.00945600240661948,0,0.9751677852348993,0.03333333333333333,1.0,1.0,0.3617404318459397,0.6899662713058379,0.0003152000802206493,0.3473633404759988
2026-08-24,2026-08-25,2026-08-26,PR,1,23.209999084472656,22.940000534057617,-0.01163285484985932,34,0.9721485411140584,0.03333333333333333,1.0,1.0,0.365430617646435,-0.33831378191360034,-0.000387761828328644,-0.42824694060830476
2026-08-24,2026-08-25,2026-08-26,UTHR,1,516.0700073242188,515.5999755859375,-0.0009107906516759856,31,0.9804845222072678,0.03333333333333333,1.0,1.0,0.21270987668253388,0.09354214820291241,-3.035968838919952e-05,-0.03352945731284543
2026-08-24,2026-08-25,2026-08-26,NE,1,45.20000076293945,45.34000015258789,0.0030973315771096743,19,0.9878869448183041,0.029512816540410783,1.0,0.8853844962123235,0.44653874641280916,0.3946863824353631,9.141097860005901e-05,0.10095493951072526
2026-08-24,2026-08-25,2026-08-26,CVLT,1,130.97000122070312,129.52999877929688,-0.010994902863134648,19,0.971736204576043,0.022396492086793854,1.0,0.6718947626038156,0.5884232249405278,1.0333555217349353,-0.00024624725496926223,-0.2719572321708846
2026-08-24,2026-08-25,2026-08-26,FTI,1,75.33000183105469,74.41999816894531,-0.012080228859548847,17,0.9959623149394348,0.03333333333333333,1.0,1.0,0.3689421601108219,0.3699834312845465,-0.0004026742953182949,-0.4447163759644527
2026-08-24,2026-08-25,2026-08-26,TRGP,1,291.1000061035156,284.260009765625,-0.023497066968312996,14,0.9939678284182305,0.03333333333333333,1.0,1.0,0.33637442718351596,-0.16180552451303853,-0.0007832355656104332,-0.8650109687021655
2026-08-24,2026-08-25,2026-08-26,PLD,1,143.49000549316406,143.38999938964844,-0.0006969551863345025,14,0.9731903485254692,0.03333333333333333,1.0,1.0,0.24698573668741766,0.47785216030520966,-2.3231839544483417e-05,-0.025657409994456447
2026-08-24,2026-08-25,2026-08-26,OKE,1,91.95999908447266,91.4000015258789,-0.006089577687787395,14,0.9805369127516779,0.03333333333333333,1.0,1.0,0.2892750898615765,-0.42962135849961325,-0.0002029859229262465,-0.22417910719681025
2026-08-24,2026-08-25,2026-08-26,DINO,1,94.12999725341795,92.0,-0.02262825151990122,13,0.9784656796769853,0.03333333333333333,1.0,1.0,0.39149164289929583,-0.09397466334620622,-0.000754275050663374,-0.8330267685606092
2026-08-24,2026-08-25,2026-08-26,VTRS,1,16.59000015258789,16.719999313354492,0.007835995151954434,12,0.9751677852348993,0.03333333333333333,1.0,1.0,0.3024813770423639,0.6858783708940898,0.0002611998383984811,0.2884709724102314
2026-08-24,2026-08-25,2026-08-26,TRP,1,61.72999954223633,62.56999969482422,0.013607648773966918,12,0.9684563758389262,0.03333333333333333,1.0,1.0,0.20651330806181997,-0.023729390415126377,0.0004535882924655639,0.5009461590930239
2026-08-24,2026-08-25,2026-08-26,CVE,1,31.559999465942383,30.399999618530277,-0.036755382352395394,12,0.9690444145356663,0.03333333333333333,1.0,1.0,0.3950760961373618,-0.11362152570136391,-0.001225179411746513,-1.353096917863817
2026-08-24,2026-08-25,2026-08-26,ENB,1,49.869998931884766,49.70000076293945,-0.0034088264003675484,10,0.982573726541555,0.03333333333333333,1.0,1.0,0.19909974223052473,-0.13592478938134658,-0.00011362754667891828,-0.12549107642651253
2026-08-24,2026-08-25,2026-08-26,KIM,1,24.309999465942383,24.049999237060547,-0.010695196815865393,10,0.9710242587601079,0.03333333333333333,1.0,1.0,0.19720300064657628,0.1572058944878572,-0.00035650656052884646,-0.39372839897967327
2026-08-24,2026-08-25,2026-08-26,NI,1,40.900001525878906,40.61000061035156,-0.007090486667680196,9,0.9697986577181208,0.03333333333333333,1.0,1.0,0.2064671231200543,0.1392845685143241,-0.00023634955558933987,-0.26102614208194463
2026-08-24,2026-08-25,2026-08-26,PEG,1,73.76000213623047,73.45999908447266,-0.004067286375666335,9,0.9597315436241611,0.03333333333333333,1.0,1.0,0.18091897014494157,0.12643755771888487,-0.00013557621252221116,-0.1497313401944504
2026-08-24,2026-08-25,2026-08-26,PNW,1,98.08999633789062,97.9499969482422,-0.0014272545098907852,9,0.9658176943699732,0.03333333333333333,1.0,1.0,0.1916631740801103,-0.13275379015936314,-4.757515032969284e-05,-0.05254233678824986
2026-08-24,2026-08-25,2026-08-26,BALL,1,64.55000305175781,64.29000091552734,-0.0040279182639541,7,0.9785522788203753,0.03333333333333333,1.0,1.0,0.2365252045662449,0.210651832905943,-0.00013426394213180334,-0.14828205937595085
2026-08-24,2026-08-25,2026-08-26,LIN,1,489.2000122070313,488.5499877929688,-0.0013287497911741442,5,0.9812332439678284,0.03333333333333333,1.0,1.0,0.21950632920885718,0.10134223185773512,-4.42916597058048e-05,-0.048916026224734725
2026-08-24,2026-08-25,2026-08-26,ETR,1,106.33999633789062,106.41000366210938,0.0006583348375930331,5,0.9731903485254692,0.03333333333333333,1.0,1.0,0.20767127094375426,0.19787231157216265,2.1944494586434438e-05,0.024235657001986155
2026-08-24,2026-08-25,2026-08-26,DVA,1,175.61000061035156,173.3699951171875,-0.012755569075671547,4,0.9698391420911527,0.030805473856531318,1.0,0.9241642156959395,0.427801116205591,0.026743752025839587,-0.0003929413496857792,-0.4339672410942221
2026-08-24,2026-08-25,2026-08-26,ZIM,1,28.459999084472656,27.920000076293945,-0.018973964355231687,3,0.9838926174496645,0.030453958311718765,1.0,0.913618749351563,0.43273902085808935,0.9589093357043023,-0.0005778323194822636,-0.638162152446712
2026-08-24,2026-08-25,2026-08-26,VRNS,1,41.130001068115234,40.33000183105469,-0.019450503678219544,3,0.9892328398384926,0.024130714724852766,1.0,0.7239214417455829,0.5461345116103543,0.9697073289970778,-0.00046935455551381524,-0.5183585329317323
2026-08-24,2026-08-25,2026-08-26,EAT,1,252.97999572753903,248.75999450683597,-0.016681165673067766,2,0.9751677852348993,0.029375333992639325,1.0,0.8812600197791798,0.44862863872010644,0.7427628156638137,-0.0004900148130329158,-0.5411758693180146
2026-08-24,2026-08-25,2026-08-26,CYTK,1,77.93000030517578,77.91000366210938,-0.0002565974976016516,1,0.9798115746971736,0.03333333333333333,1.0,1.0,0.361394492619545,0.6848250983877824,-8.553249920055053e-06,-0.009446270475641928
2026-08-24,2026-08-25,2026-08-26,MPC,1,358.3399963378906,350.7900085449219,-0.021069341603301317,0,0.9724091520861373,0.03333333333333333,1.0,1.0,0.36176149688398207,-0.0802655988781843,-0.0007023113867767105,-0.7756377259666556
2026-08-24,2026-08-25,2026-08-26,AVTR,1,14.260000228881836,14.229999542236328,-0.0021038349343602825,0,0.9670255720053835,0.024178744196268535,1.0,0.725362325888056,0.5450496516316213,0.9148677406395147,-5.086808670907067e-05,-0.05617907931178457
2026-08-25,2026-08-26,2026-08-27,PR,1,22.940000534057617,22.76000022888184,-0.007846569354196031,35,0.9721485411140584,0.03333333333333333,1.0,1.0,0.3655574948898144,-0.3418321111220591,-0.0002615523118065344,-0.2867935842890806
2026-08-25,2026-08-26,2026-08-27,UTHR,1,515.5999755859375,513.97998046875,-0.0031419611984009332,32,0.9804845222072678,0.03333333333333333,1.0,1.0,0.21237276814182052,0.09752532766353404,-0.00010473203994669778,-0.11483927218520658
2026-08-25,2026-08-26,2026-08-27,NE,1,45.34000015258789,44.970001220703125,-0.00816054103748487,20,0.9771197846567967,0.02940891638876374,1.0,0.8822674916629122,0.44652872059142,0.3973586101046361,-0.00023999266905846785,-0.2631533144822372
2026-08-25,2026-08-26,2026-08-27,CVLT,1,129.52999877929688,136.0,0.04994982846967533,20,0.9925975773889637,0.022248350720634937,1.0,0.6674505216190482,0.5902426644540036,1.038599148348643,0.0011113013022288926,1.21854814239644
2026-08-25,2026-08-26,2026-08-27,FTI,1,74.41999816894531,75.41000366210938,0.013302949711401446,18,0.9959623149394348,0.03333333333333333,1.0,1.0,0.3713288367826943,0.3792787002961779,0.0004434316570467149,0.48622531161468596
2026-08-25,2026-08-26,2026-08-27,OKE,1,91.4000015258789,94.38999938964844,0.03271332400276772,15,0.9959623149394348,0.03333333333333333,1.0,1.0,0.28775625764987367,-0.42783665574840735,0.0010904441334255905,1.1956781392299378
2026-08-25,2026-08-26,2026-08-27,DINO,1,92.0,97.0,0.05434782608695654,14,0.9784656796769853,0.033331183400539484,1.0,0.9999355020161844,0.3939831853927566,-0.0895066742203184,0.0018114773587249726,1.9862951352979485
2026-08-25,2026-08-26,2026-08-27,VTRS,1,16.719999313354492,16.75,0.0017942995142079532,13,0.9751677852348993,0.03333333333333333,1.0,1.0,0.3012903775726532,0.6841660487776894,5.980998380693177e-05,0.06558198439840092
2026-08-25,2026-08-26,2026-08-27,TRP,1,62.56999969482422,62.75,0.0028767829000113654,13,0.9684563758389262,0.03333333333333333,1.0,1.0,0.20611751319680166,-0.02591291708639081,9.589276333371218e-05,0.10514695555129391
2026-08-25,2026-08-26,2026-08-27,CVE,1,30.399999618530277,31.5,0.0361842235287142,13,0.9690444145356663,0.03301960961765565,1.0,0.9905882885296695,0.3977008196375844,-0.1041848250133035,0.0011947889352361331,1.310092802615955
2026-08-25,2026-08-26,2026-08-27,ENB,1,49.70000076293945,50.369998931884766,0.013480848262781508,11,0.982573726541555,0.03333333333333333,1.0,1.0,0.1989629597034092,-0.13485852354871894,0.0004493616087593836,0.4927275370952828
2026-08-25,2026-08-26,2026-08-27,KIM,1,24.049999237060547,23.850000381469727,-0.008315960995234684,11,0.9710242587601079,0.03333333333333333,1.0,1.0,0.197840019520056,0.15428318375632696,-0.0002771986998411561,-0.30394993696909856
2026-08-25,2026-08-26,2026-08-27,NI,1,40.61000061035156,40.810001373291016,0.004924914058939356,10,0.9697986577181208,0.03333333333333333,1.0,1.0,0.20675304263606828,0.13647627925005493,0.00016416380196464518,0.1800065342599169
2026-08-25,2026-08-26,2026-08-27,PEG,1,73.45999908447266,73.2699966430664,-0.00258647486760466,10,0.9597315436241611,0.03333333333333333,1.0,1.0,0.18077683704124067,0.11724954307443675,-8.621582892015534e-05,-0.09453614241710473
2026-08-25,2026-08-26,2026-08-27,PNW,1,97.9499969482422,97.55999755859376,-0.0039816171699782466,10,0.9658176943699732,0.03333333333333333,1.0,1.0,0.19045245246484577,-0.13730460289825008,-0.00013272057233260822,-0.1455288557201579
2026-08-25,2026-08-26,2026-08-27,BALL,1,64.29000091552734,64.48999786376953,0.0031108562046058275,8,0.9785522788203753,0.03333333333333333,1.0,1.0,0.23754716666867656,0.20544007816650553,0.00010369520682019425,0.1137023788172766
2026-08-25,2026-08-26,2026-08-27,DVA,1,173.3699951171875,178.0,0.02670591805509881,5,0.9698391420911527,0.030598332528163588,1.0,0.9179499758449077,0.4291712888918935,0.023513456384852815,0.0008171565611198012,0.8960167756507362
2026-08-25,2026-08-26,2026-08-27,ZIM,1,27.920000076293945,27.82999992370605,-0.0032235011583796602,4,0.9838926174496645,0.030345214951065205,1.0,0.9103564485319562,0.4327511217248355,0.9461972666073053,-9.781783554603847e-05,-0.10725780808390982
2026-08-25,2026-08-26,2026-08-27,VRNS,1,40.33000183105469,42.59999847412109,0.05628555764950316,4,0.9636608344549125,0.024036083745884194,1.0,0.7210825123765259,0.5463421557308958,0.9725007564773365,0.0013528843773472506,1.4834453460886046
2026-08-25,2026-08-26,2026-08-27,EAT,1,248.75999450683597,236.22000122070312,-0.050410007891314,3,0.9751677852348993,0.029132922009402835,1.0,0.8739876602820851,0.4507589662587332,0.7349496177990155,-0.0014685908283910323,-1.610318121905477
2026-08-25,2026-08-26,2026-08-27,CYTK,1,77.91000366210938,78.83999633789062,0.01193675564199137,2,0.9798115746971736,0.03333333333333333,1.0,1.0,0.3602659541761088,0.6899520333716147,0.00039789185473304567,0.43629066166590635
2026-08-25,2026-08-26,2026-08-27,MPC,1,350.7900085449219,362.7900085449219,0.03420849997916431,1,0.9724091520861373,0.03333333333333333,1.0,1.0,0.35973270849530536,-0.08321140954357134,0.0011402833326388103,1.2503271021151503
2026-08-25,2026-08-26,2026-08-27,AVTR,1,14.229999542236328,14.510000228881836,0.0196767881695592,1,0.9670255720053835,0.02407911406846049,1.0,0.7223734220538147,0.5453658208403642,0.9111948305137563,0.00047379962683574987,0.5195239616752597
2026-08-26,2026-08-27,2026-08-28,PR,1,22.76000022888184,23.350000381469727,0.025922677796777593,36,0.9721485411140584,0.03333333333333333,1.0,1.0,0.3574915181768085,-0.38892677000311493,0.0008640892598925865,0.9549678328044888
2026-08-26,2026-08-27,2026-08-28,UTHR,1,513.97998046875,527.9400024414062,0.027160633688348534,33,0.9804845222072678,0.03333333333333333,1.0,1.0,0.2103622095382599,0.09765723452744807,0.0009053544562782845,1.0005729999924253
2026-08-26,2026-08-27,2026-08-28,NE,1,44.970001220703125,46.630001068115234,0.036913493492365834,21,0.9771197846567967,0.029816935357024343,1.0,0.8945080607107303,0.44033010119899757,0.33790895906842927,0.001100647249263811,1.2164052570707127
2026-08-26,2026-08-27,2026-08-28,CVLT,1,136.0,140.0,0.02941176470588225,21,0.9952893674293405,0.022244229225480718,1.0,0.6673268767644216,0.5902337199511916,1.0280598552607971,0.0006542420360435482,0.7230504165365612
2026-08-26,2026-08-27,2026-08-28,FTI,1,75.41000366210938,76.16999816894531,0.010078165626953961,19,0.9959623149394348,0.03333333333333333,1.0,1.0,0.3717301962737559,0.3646643966277461,0.0003359388542317987,0.3712704398391011
2026-08-26,2026-08-27,2026-08-28,OKE,1,94.38999938964844,95.25,0.009111141179283466,16,0.9959623149394348,0.03333333333333333,1.0,1.0,0.2786794873711635,-0.444457024212931,0.00030370470597611553,0.33564614020846467
2026-08-26,2026-08-27,2026-08-28,DINO,1,97.0,97.0,0.0,15,0.9784656796769853,0.03331034135322224,1.0,0.9993102405966674,0.39415069404362163,-0.13799759070054235,0.0,0.0
2026-08-26,2026-08-27,2026-08-28,VTRS,1,16.75,16.93000030517578,0.010746286876166078,14,0.9751677852348993,0.03333333333333333,1.0,1.0,0.2982124446353978,0.6892306765029891,0.0003582095625388693,0.3958834179585929
2026-08-26,2026-08-27,2026-08-28,TRP,1,62.75,62.25,-0.007968127490039834,14,0.9684563758389262,0.03333333333333333,1.0,1.0,0.2030308275538331,-0.021243297767277527,-0.00026560424966799446,-0.293538557255806
2026-08-26,2026-08-27,2026-08-28,CVE,1,31.5,31.65999984741211,0.005079360235304975,14,0.9690444145356663,0.03279261710025153,1.0,0.983778513007546,0.4003734780625908,-0.17919422804296473,0.00016656551531059956,0.18408365496395504
2026-08-26,2026-08-27,2026-08-28,ENB,1,50.369998931884766,50.43999862670898,0.00138971007164157,12,0.982573726541555,0.03333333333333333,1.0,1.0,0.19669066613418804,-0.137935413412831,4.6323669054719e-05,0.051195652923907965
2026-08-26,2026-08-27,2026-08-28,KIM,1,23.850000381469727,23.950000762939453,0.004192888044874943,12,0.9710242587601079,0.03333333333333333,1.0,1.0,0.1949772179511408,0.12870443755249802,0.00013976293482916477,0.15446217558217748
2026-08-26,2026-08-27,2026-08-28,PEG,1,73.2699966430664,73.9000015258789,0.008598401960922208,11,0.9597315436241611,0.03333333333333333,1.0,1.0,0.18008432273326208,0.11356645427243095,0.0002866133986974069,0.31675729454248236
2026-08-26,2026-08-27,2026-08-28,BALL,1,64.48999786376953,63.90999984741211,-0.008993611964178139,9,0.9785522788203753,0.03333333333333333,1.0,1.0,0.23800031123469811,0.19063129161427853,-0.00029978706547260464,-0.33131647100066786
2026-08-26,2026-08-27,2026-08-28,DVA,1,178.0,180.0,0.011235955056179803,6,0.9698391420911527,0.03062901696757885,1.0,0.9188705090273654,0.4286554210048596,0.007824658561997126,0.00034414625806268454,0.3803410382287936
2026-08-26,2026-08-27,2026-08-28,ZIM,1,27.82999992370605,28.149999618530277,0.01149837210569471,5,0.9912516823687753,0.03028705530061164,1.0,0.9086116590183492,0.4334952352709362,0.9791688506439282,0.000348251831832186,0.38487840614558394
2026-08-26,2026-08-27,2026-08-28,VRNS,1,42.59999847412109,44.52000045776367,0.04507047071395931,5,0.9771197846567967,0.02401479651930357,1.0,0.7204438955791072,0.5467168606924864,0.9748273347483459,0.0010823581832249635,1.1961926811600858
2026-08-26,2026-08-27,2026-08-28,EAT,1,236.22000122070312,234.3999938964844,-0.007704713042136824,4,0.9751677852348993,0.02887185786672819,1.0,0.8661557360018457,0.454743654662163,0.7535457254433985,-0.00022244937985650134,-0.24584497464610622
2026-08-26,2026-08-27,2026-08-28,CYTK,1,78.83999633789062,73.87999725341797,-0.06291221860558194,3,0.9798115746971736,0.03333333333333333,1.0,1.0,0.35993490887384383,0.695169312091033,-0.002097073953519398,-2.3176288163471743
2026-08-26,2026-08-27,2026-08-28,MPC,1,362.7900085449219,363.739990234375,0.0026185442461972297,2,0.9724091520861373,0.03333333333333333,1.0,1.0,0.3581198649676351,-0.117176266416903,8.728480820657432e-05,0.09646478436747306
2026-08-26,2026-08-27,2026-08-28,AVTR,1,14.510000228881836,14.5,-0.0006891956391517073,2,0.9670255720053835,0.02408225438500028,1.0,0.7224676315500084,0.545185427963095,0.8745380732039082,-1.6597384703084273e-05,-0.01834297593526049
2026-08-26,2026-08-27,2026-08-28,ICLR,1,168.83999633789062,169.41000366210938,0.0033760207094415406,0,0.9851951547779273,0.02385733896450721,1.0,0.7157201689352163,0.550325171752603,1.3029641889193053,8.054287041634294e-05,0.08901377899189382
2026-08-26,2026-08-27,2026-08-28,FRO,1,42.5099983215332,44.400001525878906,0.04446020416303642,0,0.9744279946164199,0.02804251457903861,1.0,0.8412754373711583,0.4681924699084034,0.49739253528502075,0.0012467759234289818,1.3779026737790903
2026-08-26,2026-08-27,2026-08-28,MMYT,1,59.08000183105469,58.369998931884766,-0.012017651949305042,0,0.9690444145356663,0.02268014252568879,1.0,0.6804042757706638,0.5788894028479552,1.2323937958014142,-0.0002725620590343601,-0.3012281379971416
2026-08-26,2026-08-27,2026-08-28,S,1,21.799999237060547,21.489999771118164,-0.01422015948584876,0,0.9670255720053835,0.023644409167784087,1.0,0.7093322750335226,0.5552811267152062,1.22341987821708,-0.00033622726931455425,-0.3715891883056211
2026-08-27,2026-08-28,2026-08-31,PR,1,23.350000381469727,23.21999931335449,-0.005567497472865335,37,0.9721485411140584,0.03333333333333333,1.0,1.0,0.35961294260081644,-0.3804287317088441,-0.00018558324909551116,-0.2060533103056755
2026-08-27,2026-08-28,2026-08-31,UTHR,1,527.9400024414062,510.9500122070313,-0.032181668666527274,34,0.9804845222072678,0.03333333333333333,1.0,1.0,0.2090727522344364,0.09027008418343861,-0.0010727222888842424,-1.191044880077087
2026-08-27,2026-08-28,2026-08-31,NE,1,46.630001068115234,46.68999862670898,0.0012866728976930197,22,0.9771197846567967,0.03053906012997949,1.0,0.9161718038993847,0.42867353724949814,0.3370639121587552,3.929378099026208e-05,0.04362793348500311
2026-08-27,2026-08-28,2026-08-31,CVLT,1,140.0,136.30999755859375,-0.026357160295758963,22,0.9952893674293405,0.02214671294438424,1.0,0.6644013883315272,0.5911164768816402,1.0227529892530738,-0.0005837244630992953,-0.648109991145328
2026-08-27,2026-08-28,2026-08-31,FTI,1,76.16999816894531,76.5,0.00433243847955378,20,0.9959623149394348,0.03333333333333333,1.0,1.0,0.3532717784854357,0.3669631748049442,0.000144414615985126,0.16034372619989812
2026-08-27,2026-08-28,2026-08-31,OKE,1,95.25,96.48999786376952,0.013018350275795454,17,0.9764468371467026,0.03333333333333333,1.0,1.0,0.28236912696107735,-0.44841054232443417,0.0004339450091931818,0.48180967878660047
2026-08-27,2026-08-28,2026-08-31,DINO,1,97.0,102.9800033569336,0.06164951914364525,16,0.9690444145356663,0.032900193699027726,1.0,0.9870058109708318,0.3979091141515164,-0.13520045233474814,0.0020282811212778465,2.252003029943269
2026-08-27,2026-08-28,2026-08-31,VTRS,1,16.93000030517578,16.290000915527344,-0.03780268033738776,15,0.9751677852348993,0.03333333333333333,1.0,1.0,0.298547234785465,0.6865067998796834,-0.0012600893445795921,-1.3990787530501005
2026-08-27,2026-08-28,2026-08-31,TRP,1,62.25,62.16999816894531,-0.0012851699767820746,15,0.9684563758389262,0.03333333333333333,1.0,1.0,0.2029961492834698,-0.02499604113905708,-4.2838999226069155e-05,-0.04756419366367979
2026-08-27,2026-08-28,2026-08-31,CVE,1,31.65999984741211,32.34000015258789,0.021478215680767354,15,0.9690444145356663,0.032806497015647466,1.0,0.984194910469424,0.39904555868763963,-0.1750511416502059,0.0007046250186325268,0.7823460270312848
2026-08-27,2026-08-28,2026-08-31,ENB,1,50.43999862670898,50.310001373291016,-0.0025772652053389633,13,0.982573726541555,0.03333333333333333,1.0,1.0,0.19706739064341433,-0.14111799399644886,-8.590884017796544e-05,-0.0953846911801867
2026-08-27,2026-08-28,2026-08-31,KIM,1,23.950000762939453,23.729999542236328,-0.009185854434023977,13,0.9710242587601079,0.03333333333333333,1.0,1.0,0.19476006708295712,0.128807885702267,-0.0003061951478007992,-0.33996885015963607
2026-08-27,2026-08-28,2026-08-31,PEG,1,73.9000015258789,72.79000091552734,-0.015020305648611565,12,0.9597315436241611,0.03333333333333333,1.0,1.0,0.18148230057507075,0.10932301446559918,-0.0005006768549537189,-0.555902129418768
2026-08-27,2026-08-28,2026-08-31,BALL,1,63.90999984741211,63.52999877929688,-0.005945878094546941,10,0.9785522788203753,0.03333333333333333,1.0,1.0,0.23798933864629815,0.1864422189929269,-0.00019819593648489803,-0.22005719266628815
2026-08-27,2026-08-28,2026-08-31,DVA,1,180.0,179.74000549316406,-0.0014444139268663392,7,0.9698391420911527,0.030479435185854307,1.0,0.9143830555756292,0.429512123514322,0.00015846818561635672,-4.4024920665467885e-05,-0.04888092370015424
2026-08-27,2026-08-28,2026-08-31,ZIM,1,28.149999618530277,27.51000022888184,-0.022735324984770044,6,0.9912516823687753,0.030111245792499287,1.0,0.9033373737749786,0.4347640419930572,0.9752608369433299,-0.0006845889587887609,-0.7600999650811255
2026-08-27,2026-08-28,2026-08-31,VRNS,1,44.52000045776367,43.33000183105469,-0.026729528626980636,6,0.9771197846567967,0.02409345226682926,1.0,0.7228035680048779,0.5433545506559431,0.9698027047932305,-0.0006440066220890043,-0.7150413466030064
2026-08-27,2026-08-28,2026-08-31,EAT,1,234.3999938964844,229.72000122070312,-0.019965839580388667,5,0.9751677852348993,0.028339032672427857,1.0,0.8501709801728357,0.46195249786808873,0.7581967832292995,-0.0005658125802010878,-0.6282224054770557
2026-08-27,2026-08-28,2026-08-31,CYTK,1,73.87999725341797,71.54000091552734,-0.03167293482516165,4,0.9798115746971736,0.03333333333333333,1.0,1.0,0.36198685401549857,0.6835131760985687,-0.0010557644941720549,-1.1722166196981991
2026-08-27,2026-08-28,2026-08-31,MPC,1,363.739990234375,374.239990234375,0.02886677374471347,3,0.9724091520861373,0.03333333333333333,1.0,1.0,0.35875392128411326,-0.11655455974839944,0.000962225791490449,1.0683604827721565
2026-08-27,2026-08-28,2026-08-31,AVTR,1,14.5,14.539999961853027,0.0027586180588294873,3,0.9670255720053835,0.024093365118073282,1.0,0.7228009535421984,0.5433565160382345,0.8740826646732788,6.64643921126894e-05,0.07379549651717643
2026-08-27,2026-08-28,2026-08-31,ICLR,1,169.41000366210938,169.91000366210938,0.00295141956904299,1,0.9851951547779273,0.023966859402229996,1.0,0.7190057820668999,0.5462245474254899,1.2974490242237315,7.073625784824359e-05,0.07853855431082092
2026-08-27,2026-08-28,2026-08-31,FRO,1,44.400001525878906,44.84999847412109,0.01013506605354264,1,0.9744279946164199,0.02747108551777772,1.0,0.8241325655333316,0.47654785689926565,0.49728157473314993,0.0002784212662851958,0.30913147526605195
2026-08-27,2026-08-28,2026-08-31,MMYT,1,58.369998931884766,58.130001068115234,-0.004111664693528527,1,0.9690444145356663,0.022932041610990543,1.0,0.6879612483297163,0.5708731543518227,1.2326203455524054,-9.428886584243687e-05,-0.1046890440085079
2026-08-27,2026-08-28,2026-08-31,S,1,21.489999771118164,21.450000762939453,-0.0018612847186936232,1,0.9670255720053835,0.02376239334623972,1.0,0.7128718003871917,0.5509245949867695,1.217595753728745,-4.422857961494302e-05,-0.04910704648287981
2026-08-27,2026-08-28,2026-08-31,DAR,1,62.119998931884766,65.37999725341797,0.05247904664499159,0,0.9629878869448183,0.03333333333333333,1.0,1.0,0.3526224592756681,0.33533213897285086,0.001749301554833053,1.942251673321599
