signal_date,exec_entry_date,exec_exit_date,ticker,side,entry_price,exit_price,position_return,holding_age,score,weight,contribution_return,contribution_pnl
2026-02-09,2026-02-10,2026-02-11,MARA,1,8.0004,7.629618614435196,-0.0463453559278042,0,0.9964912280701754,0.2,-0.00926907118556084,-9.26907118556084
2026-02-09,2026-02-10,2026-02-11,SOUN,1,8.830441423702242,8.359581656694413,-0.053322336270072546,0,0.9833333333333334,0.2,-0.01066446725401451,-10.66446725401451
2026-02-09,2026-02-10,2026-02-11,QS,1,9.070453194808962,9.039547961854934,-0.0034072424266204937,0,0.9824561403508771,0.2,-0.0006814484853240988,-0.6814484853240989
2026-02-09,2026-02-10,2026-02-11,ACHR,1,7.360368133521081,7.169641576290131,-0.02591263830437096,0,0.9763157894736842,0.2,-0.005182527660874192,-5.182527660874192
2026-02-09,2026-02-10,2026-02-11,NVTS,1,9.11045515666008,9.069546194839479,-0.004490331286104432,0,0.974561403508772,0.2,-0.0008980662572208864,-0.8980662572208864
2026-02-10,2026-02-11,2026-02-12,MARA,1,7.630381614446641,7.559621942782402,-0.009273411899906714,1,0.9912280701754386,0.14285714285714285,-0.0013247731285581019,-1.2890763471239128
2026-02-10,2026-02-11,2026-02-12,SOUN,1,8.360417656660081,7.869606385564804,-0.05870654927200758,1,0.9798245614035088,0.14285714285714285,-0.008386649896001082,-8.160666743226495
2026-02-10,2026-02-11,2026-02-12,QS,1,9.04045196185112,8.179591305160523,-0.09522318799140306,1,0.9789473684210527,0.14285714285714285,-0.013603312570200437,-13.236763411607578
2026-02-10,2026-02-11,2026-02-12,ACHR,1,7.170358576297761,6.969651290202141,-0.02799124813075249,1,0.9763157894736842,0.14285714285714285,-0.003998749732964641,-3.8910010987641392
2026-02-10,2026-02-11,2026-02-12,NVTS,1,9.070453194808962,8.809559919595719,-0.028762981254624953,1,0.974561403508772,0.14285714285714285,-0.0041089973220892785,-3.998278002563274
2026-02-10,2026-02-11,2026-02-12,FLNC,1,19.660982847404483,17.469125813388825,-0.1114825769915675,0,0.9982456140350877,0.14285714285714285,-0.015926082427366785,-15.49694488580798
2026-02-10,2026-02-11,2026-02-12,GLD,1,466.02330000000006,464.87674889678954,-0.002460287078372536,0,0.9649122807017544,0.14285714285714285,-0.000351469582624648,-0.341999030572182
2026-02-11,2026-02-12,2026-02-13,MARA,1,7.560377942776681,7.499625,-0.008035701817622143,2,0.9929824561403509,0.125,-0.0010044627272027679,-0.9306772900978906
2026-02-11,2026-02-12,2026-02-13,SOUN,1,7.870393385553361,7.679615828347206,-0.024239901090120863,2,0.9815789473684211,0.125,-0.003029987636265108,-2.807411968587731
2026-02-11,2026-02-12,2026-02-13,QS,1,8.180409305191041,7.899605095362664,-0.03432642540883468,2,0.9701754385964912,0.125,-0.004290803176104335,-3.9756110049010096
2026-02-11,2026-02-12,2026-02-13,ACHR,1,6.97034829018116,6.829658423709869,-0.02018405115702404,2,0.9763157894736842,0.125,-0.002523006394628005,-2.3376723602189333
2026-02-11,2026-02-12,2026-02-13,NVTS,1,8.810440919637681,8.379581114435195,-0.0489033192699968,2,0.974561403508772,0.125,-0.0061129149087496,-5.663874753936609
2026-02-11,2026-02-12,2026-02-13,FLNC,1,17.470872813320163,17.199140762901305,-0.015553433038084097,1,1.0,0.125,-0.001944179129760512,-1.80136436619129
2026-02-11,2026-02-12,2026-02-13,GLD,1,464.92323889617927,459.7070244857788,-0.01121951749020944,1,0.9649122807017544,0.125,-0.00140243968627618,-1.2994198106126147
2026-02-11,2026-02-12,2026-02-13,COMP,1,11.210560538148881,10.424478940725326,-0.07011974064531079,0,0.9657894736842105,0.125,-0.008764967580663849,-8.121113959583882
2026-02-12,2026-02-13,2026-02-17,MARA,1,7.500375000000001,7.679615828347206,0.02389758223384897,3,0.9903508771929824,0.1111111111111111,0.0026552869148721075,2.388587007027398
2026-02-12,2026-02-13,2026-02-17,SOUN,1,7.680383828330041,7.329633423709869,-0.0456683432052426,3,0.9798245614035088,0.1111111111111111,-0.005074260356138067,-4.564596122950194
2026-02-12,2026-02-13,2026-02-17,QS,1,7.9003950953722,7.484625883507729,-0.0526263822056211,3,0.9701754385964912,0.1111111111111111,-0.005847375800624567,-5.260059010704307
2026-02-12,2026-02-13,2026-02-17,ACHR,1,6.830341423702241,6.7096645381450655,-0.017667767695829895,3,0.9763157894736842,0.1111111111111111,-0.001963085299536655,-1.7659108753547217
2026-02-12,2026-02-13,2026-02-17,NVTS,1,8.38041911444664,8.144593207740783,-0.028140108923589202,3,0.9842105263157894,0.1111111111111111,-0.003126678769287689,-2.8126317505047114
2026-02-12,2026-02-13,2026-02-17,FLNC,1,17.2008607629776,18.019099457740783,0.04756963654541768,2,1.0,0.1111111111111111,0.005285515171713075,4.754632274911097
2026-02-12,2026-02-13,2026-02-17,GLD,1,459.75299748687746,450.2374967651367,-0.02069698462816949,2,0.9649122807017544,0.1111111111111111,-0.002299664958685499,-2.068684107192593
2026-02-12,2026-02-13,2026-02-17,COMP,1,10.4255214407444,10.32948342370987,-0.009211819051966108,1,0.9657894736842105,0.1111111111111111,-0.0010235354502184564,-0.9207304355437227
2026-02-12,2026-02-13,2026-02-17,EOSE,1,10.945546944808964,10.899454618549345,-0.004211057381785621,0,0.9815789473684211,0.1111111111111111,-0.00046789526464284677,-0.4208993549871727
2026-02-13,2026-02-17,2026-02-18,MARA,1,7.680383828330041,7.4796260190725326,-0.026139033379684595,4,0.9763157894736842,0.1111111111111111,-0.0029043370421871773,-2.5815015119693685
2026-02-13,2026-02-17,2026-02-18,SOUN,1,7.330366423702241,7.319634171652794,-0.001464081251756344,4,0.9771929824561404,0.1111111111111111,-0.00016267569463959377,-0.1445932567648993
2026-02-13,2026-02-17,2026-02-18,QS,1,7.485374383521081,7.199639809274673,-0.03817238251642385,4,0.9894736842105263,0.1111111111111111,-0.004241375835158206,-3.7699199411944866
2026-02-13,2026-02-17,2026-02-18,ACHR,1,6.710335538148881,6.7996601907253265,0.01331150313849827,4,0.9763157894736842,0.1111111111111111,0.0014790559042775855,1.3146494355573957
2026-02-13,2026-02-17,2026-02-18,NVTS,1,8.14540770778656,8.259587228870393,0.014017655736825008,4,0.9912280701754386,0.1111111111111111,0.0015575173040916674,1.3843893518650265
2026-02-13,2026-02-17,2026-02-18,FLNC,1,18.02090145778656,18.079095923709865,0.003229276074763643,3,0.9982456140350877,0.1111111111111111,0.00035880845275151587,0.3189246116517811
2026-02-13,2026-02-17,2026-02-18,GLD,1,450.28252276611335,455.7872070587158,0.012224956586782021,3,0.9649122807017544,0.1111111111111111,0.0013583285096424467,1.2073416585123349
2026-02-13,2026-02-17,2026-02-18,COMP,1,10.330516423702242,10.099495381450655,-0.022362971295562195,2,0.9657894736842105,0.1111111111111111,-0.0024847745883957995,-2.208576092813345
2026-02-13,2026-02-17,2026-02-18,EOSE,1,10.9005446185112,11.549422690725327,0.05952712409545202,1,0.9815789473684211,0.1111111111111111,0.006614124899494669,5.878922859290976
2026-02-17,2026-02-18,2026-02-19,MARA,1,7.480374019074441,7.41962907629013,-0.008120575606168301,5,0.993859649122807,0.14285714285714285,-0.0011600822294526145,-1.0327554071096703
2026-02-17,2026-02-18,2026-02-19,SOUN,1,7.320366171669961,7.409629347419739,0.012193812940017867,5,0.9929824561403509,0.14285714285714285,0.0017419732771454094,1.5507800010533292
2026-02-17,2026-02-18,2026-02-19,QS,1,7.200359809255601,7.2096395381450655,0.0012887868294493288,5,1.0,0.14285714285714285,0.00018411240420704696,0.16390483030716546
2026-02-17,2026-02-18,2026-02-19,ACHR,1,6.800340190744401,6.849657404637337,0.007252168642983392,5,0.9763157894736842,0.14285714285714285,0.0010360240918547703,0.9223134839879074
2026-02-17,2026-02-18,2026-02-19,NVTS,1,8.260413228893281,7.949602309274674,-0.03762655826120809,5,0.9815789473684211,0.14285714285714285,-0.0053752226087440125,-4.785255797098027
2026-02-17,2026-02-18,2026-02-19,FLNC,1,18.080903923702238,17.029149186611175,-0.05816936705870768,4,0.9675438596491228,0.14285714285714285,-0.008309909579815382,-7.397841147171314
2026-02-17,2026-02-18,2026-02-19,COMP,1,10.100505381488803,10.279485732984543,0.01771994021445278,3,0.9657894736842105,0.14285714285714285,0.002531420030636111,2.2535796669678736
2026-02-18,2026-02-19,2026-02-20,MARA,1,7.42037107629776,7.879606114435196,0.061888419516421544,6,0.9885964912280701,0.125,0.007736052439552693,6.821875229354971
2026-02-18,2026-02-19,2026-02-20,SOUN,1,7.410370347404481,7.659616847419739,0.03363482367687021,6,0.9929824561403509,0.125,0.004204352959608776,3.7075202804957677
2026-02-18,2026-02-19,2026-02-20,QS,1,7.210360538148881,6.99965,-0.02922330125297401,6,1.0,0.125,-0.0036529126566217512,-3.2212442407701762
2026-02-18,2026-02-19,2026-02-20,ACHR,1,6.850342404627801,7.089645652580261,0.03493303455762975,6,0.9763157894736842,0.125,0.004366629319703719,3.8506202775409775
2026-02-18,2026-02-19,2026-02-20,NVTS,1,7.9503973092556,7.899605095362664,-0.006388638443742378,6,0.9815789473684211,0.125,-0.0007985798054677973,-0.7042108150315067
2026-02-18,2026-02-19,2026-02-20,FLNC,1,17.03085218667984,16.149192118549347,-0.05176840585934139,5,0.9850877192982457,0.125,-0.006471050732417674,-5.7063600646859065
2026-02-18,2026-02-19,2026-02-20,COMP,1,10.280513732957841,10.349482881450655,0.006708725875411048,4,0.9657894736842105,0.125,0.000838590734426381,0.7394936116902411
2026-02-18,2026-02-19,2026-02-20,QUBT,1,8.0504026907444,8.159591847419739,0.013563191913477102,0,0.9807017543859649,0.125,0.0016953989891846377,1.495051960746647
2026-02-19,2026-02-20,2026-02-23,MARA,1,7.8803941144466405,7.7496125000000005,-0.016595821547413014,7,0.9885964912280701,0.1111111111111111,-0.0018439801719347792,-1.6388698953809697
2026-02-19,2026-02-20,2026-02-23,SOUN,1,7.660382847404481,7.634618478870392,-0.0033633264873724755,7,0.9929824561403509,0.1111111111111111,-0.00037370294304138615,-0.3321350806734483
2026-02-19,2026-02-20,2026-02-23,QS,1,7.000350000000001,6.769661480927468,-0.03295385503189596,7,1.0,0.1111111111111111,-0.00366153944798844,-3.25425775362966
2026-02-19,2026-02-20,2026-02-23,ACHR,1,7.09035465259552,6.7096645381450655,-0.053691265543550526,7,0.9763157894736842,0.1111111111111111,-0.005965696171505614,-5.302117674189322
2026-02-19,2026-02-20,2026-02-23,NVTS,1,7.9003950953722,7.799610190725327,-0.012756944865442321,7,0.9815789473684211,0.1111111111111111,-0.0014174383183824801,-1.2597733012058854
2026-02-19,2026-02-20,2026-02-23,FLNC,1,16.150807118511203,16.199190762901306,0.0029957415771901807,6,0.9798245614035088,0.1111111111111111,0.0003328601752433534,0.29583535055324905
2026-02-19,2026-02-20,2026-02-23,COMP,1,10.350517881488804,10.219489267015458,-0.012659136090927503,5,0.9657894736842105,0.1111111111111111,-0.0014065706767697225,-1.2501144930776775
2026-02-19,2026-02-20,2026-02-23,QUBT,1,8.16040784740448,7.759612228870392,-0.049114655300171894,1,0.9807017543859649,0.1111111111111111,-0.0054571839222413215,-4.850168445322457
2026-02-19,2026-02-20,2026-02-23,OWL,1,10.920546076297759,10.769461957740784,-0.013834850153225609,0,0.9798245614035088,0.1111111111111111,-0.0015372055725806231,-1.3662185604039974
2026-02-20,2026-02-23,2026-02-24,MARA,1,7.7503875,7.779611209797859,0.0037706127336032402,8,0.9885964912280701,0.1111111111111111,0.00041895697040036,0.364394266977642
2026-02-20,2026-02-23,2026-02-24,SOUN,1,7.635381978893281,7.8396081525802614,0.02674734207817364,8,0.9894736842105263,0.1111111111111111,0.002971926897574849,2.584879116148951
2026-02-20,2026-02-23,2026-02-24,QS,1,6.7703384809255605,6.829658423709869,0.00876173960156268,8,0.9850877192982457,0.1111111111111111,0.0009735266223958532,0.8467397489822305
2026-02-20,2026-02-23,2026-02-24,ACHR,1,6.710335538148881,6.859657133507729,0.022252478212146265,8,0.9763157894736842,0.1111111111111111,0.0024724975791273625,2.150492787097296
2026-02-20,2026-02-23,2026-02-24,NVTS,1,7.800390190744401,8.059597419595718,0.03323003369227373,8,0.9815789473684211,0.1111111111111111,0.003692225965808192,3.211370306217338
2026-02-20,2026-02-23,2026-02-24,FLNC,1,16.200810762977603,15.697215054225921,-0.031084599167253257,7,0.9842105263157894,0.1111111111111111,-0.0034538443519170283,-3.004034232128849
2026-02-20,2026-02-23,2026-02-24,COMP,1,10.220511267042161,9.039547961854934,-0.11554835901364846,6,0.9657894736842105,0.1111111111111111,-0.01283870655707205,-11.166662438709709
2026-02-20,2026-02-23,2026-02-24,QUBT,1,7.760388228893281,7.809609442782402,0.006342622615948645,2,0.9824561403508771,0.1111111111111111,0.0007047358462165161,0.6129548384158234
2026-02-20,2026-02-23,2026-02-24,OWL,1,10.770538957786561,10.139493343305588,-0.05858997557636225,1,0.9885964912280703,0.1111111111111111,-0.006509997286262472,-5.66217023883657
2026-02-23,2026-02-24,2026-02-25,MARA,1,7.780389209818841,8.389580843305588,0.0782983494859033,9,0.9789473684210526,0.1,0.00782983494859033,6.731335259832541
2026-02-23,2026-02-24,2026-02-25,SOUN,1,7.840392152595521,8.649567118549347,0.10320593029086611,9,0.9982456140350877,0.1,0.010320593029086611,8.872648301683567
2026-02-23,2026-02-24,2026-02-25,QS,1,6.830341423702241,7.099644904637337,0.0394275284688661,9,0.9973684210526316,0.1,0.00394275284688661,3.3895977927135212
2026-02-23,2026-02-24,2026-02-25,ACHR,1,6.860343133521081,7.279636209797859,0.06111838258177271,9,0.9763157894736842,0.1,0.006111838258177272,5.254367766343413
2026-02-23,2026-02-24,2026-02-25,NVTS,1,8.06040341963768,8.66956657629013,0.0755747727425573,9,0.9815789473684211,0.1,0.007557477274255731,6.497188457432249
2026-02-23,2026-02-24,2026-02-25,FLNC,1,15.698784854221346,16.699165762901305,0.06372346127228834,8,0.9842105263157894,0.1,0.006372346127228834,5.478327251559168
2026-02-23,2026-02-24,2026-02-25,COMP,1,9.04045196185112,9.399529618549344,0.0397189939411724,7,0.9657894736842105,0.1,0.00397189939411724,3.4146551767278845
2026-02-23,2026-02-24,2026-02-25,QUBT,1,7.810390442776681,8.219589267015458,0.05239159645561875,3,0.987719298245614,0.1,0.005239159645561875,4.50412304801032
2026-02-23,2026-02-24,2026-02-25,OWL,1,10.140507343339921,10.719464267015457,0.05709348695021488,2,0.9885964912280703,0.1,0.005709348695021488,4.908346144435163
2026-02-23,2026-02-24,2026-02-25,LUMN,1,7.490374271106721,7.829608423709869,0.045289346076030634,0,0.9833333333333334,0.1,0.004528934607603063,3.8935402104642014
2026-02-24,2026-02-25,2026-02-26,MARA,1,8.39041984333992,8.429578805160522,0.004667103977125331,10,0.9789473684210526,0.1111111111111111,0.0005185671085694811,0.47324666885179983
2026-02-24,2026-02-25,2026-02-26,SOUN,1,8.650432118511201,8.639568343305587,-0.0012558650315707132,10,0.9850877192982457,0.1111111111111111,-0.00013954055906341257,-0.1273453399862705
2026-02-24,2026-02-25,2026-02-26,QS,1,7.1003549046278005,6.949652309274674,-0.021224656707639067,10,0.9947368421052631,0.1111111111111111,-0.0023582951897376738,-2.152190766189022
2026-02-24,2026-02-25,2026-02-26,NVTS,1,8.67043357629776,9.81950869483948,0.1325279881830741,10,0.9815789473684211,0.1111111111111111,0.014725332020341566,13.438404039136381
2026-02-24,2026-02-25,2026-02-26,FLNC,1,16.7008357629776,15.83920815258026,-0.05159188573708362,9,0.9859649122807017,0.1111111111111111,-0.005732431748564846,-5.231442921461581
2026-02-24,2026-02-25,2026-02-26,COMP,1,9.400469618511199,9.539522961854935,0.0147921698581861,8,0.9657894736842105,0.1111111111111111,0.0016435744286873444,1.4999333944105495
2026-02-24,2026-02-25,2026-02-26,QUBT,1,8.220411267042161,9.099545381450655,0.10694527145292332,4,0.987719298245614,0.1111111111111111,0.011882807939213702,10.844303815086896
2026-02-24,2026-02-25,2026-02-26,OWL,1,10.720536267042162,11.449427309274673,0.06799016617044806,3,0.9868421052631579,0.1111111111111111,0.007554462907827562,6.894236728504071
2026-02-24,2026-02-25,2026-02-26,LUMN,1,7.830391423702241,7.1196438855648045,-0.09076781730042716,1,0.9754385964912281,0.1111111111111111,-0.010085313033380795,-9.203901902959979
2026-02-25,2026-02-26,2026-02-27,MARA,1,8.430421805191042,9.67951630516052,0.1481651249289031,11,0.9789473684210526,0.1111111111111111,0.01646279165876701,15.293836289265203
2026-02-25,2026-02-26,2026-02-27,SOUN,1,8.64043234333992,9.029548232984542,0.04503430779647899,11,0.9842105263157895,0.1111111111111111,0.005003811977386554,4.648511795000504
2026-02-25,2026-02-26,2026-02-27,QS,1,6.9503473092556005,7.019648980927467,0.009970965275300614,11,0.9903508771929824,0.1111111111111111,0.001107885030588957,1.0292186547918747
2026-02-25,2026-02-26,2026-02-27,NVTS,1,9.820490694808964,9.109544156694412,-0.072394197012004,11,0.9815789473684211,0.1111111111111111,-0.008043799668000444,-7.472642417881286
2026-02-25,2026-02-26,2026-02-27,FLNC,1,15.840792152595522,15.619218885564804,-0.013987511792105334,10,0.9807017543859649,0.1111111111111111,-0.0015541679769005925,-1.4438128779986257
2026-02-25,2026-02-26,2026-02-27,COMP,1,9.540476961851121,9.699514809274673,0.01666980047847555,9,0.9657894736842105,0.1111111111111111,0.0018522000531639498,1.7206829178921492
2026-02-25,2026-02-26,2026-02-27,QUBT,1,9.100455381488803,8.709564538145065,-0.042952888285002544,5,0.9842105263157894,0.1111111111111111,-0.00477254314277806,-4.433664412574456
2026-02-25,2026-02-26,2026-02-27,OWL,1,11.450572309255602,10.799460190725327,-0.05686284501290606,4,0.9780701754385965,0.1111111111111111,-0.006318093890322896,-5.8694719353595985
2026-02-25,2026-02-26,2026-02-27,LUMN,1,7.12035588555336,6.859657133507729,-0.03661316319519492,2,0.9780701754385965,0.1111111111111111,-0.0040681292439105465,-3.7792680579060383
2026-02-26,2026-02-27,2026-03-02,MARA,1,9.680484305191039,8.609569156694413,-0.11062619541899998,12,0.9789473684210526,0.1,-0.0110626195419,-10.273716353691745
2026-02-26,2026-02-27,2026-03-02,SOUN,1,9.03045123295784,7.944602921652794,-0.12024297383303484,12,0.9842105263157895,0.1,-0.012024297383303484,-11.166814532544333
2026-02-26,2026-02-27,2026-03-02,QS,1,7.020350980925561,6.649667595362663,-0.0528012611577473,12,0.9894736842105263,0.1,-0.0052801261157747305,-4.903587059080303
2026-02-26,2026-02-27,2026-03-02,NVTS,1,9.11045515666008,8.54457282629013,-0.06211350812217864,12,0.9815789473684211,0.1,-0.006211350812217864,-5.768403783236244
2026-02-26,2026-02-27,2026-03-02,FLNC,1,15.620780885553362,14.879256114435195,-0.04747040346772646,11,0.986842105263158,0.1,-0.004747040346772646,-4.408516975347096
2026-02-26,2026-02-27,2026-03-02,COMP,1,9.7004848092556,9.449527309274673,-0.025870614192548325,10,0.9657894736842105,0.1,-0.0025870614192548325,-2.4025715708956272
2026-02-26,2026-02-27,2026-03-02,QUBT,1,8.71043553814888,8.089595652580261,-0.07127541244631708,6,0.9842105263157894,0.1,-0.007127541244631708,-6.619258374496046
2026-02-26,2026-02-27,2026-03-02,OWL,1,10.800540190744401,10.109494156694412,-0.06398254363630684,5,0.987719298245614,0.1,-0.0063982543636306845,-5.941978772906653
2026-02-26,2026-02-27,2026-03-02,LUMN,1,6.860343133521081,6.919654076290131,0.00864547758249068,3,0.9885964912280701,0.1,0.0008645477582490679,0.8028946859131961
2026-02-26,2026-02-27,2026-03-02,EOSE,1,6.155307959818841,5.499725,-0.10650693094454622,0,0.9982456140350877,0.1,-0.010650693094454622,-9.891165415949663
2026-02-27,2026-03-02,2026-03-03,MARA,1,8.610430156660081,9.019549457740784,0.047514385882829746,13,0.9789473684210526,0.1,0.004751438588282975,4.124571486127677
2026-02-27,2026-03-02,2026-03-03,SOUN,1,7.945397421669961,8.229588042259216,0.03576795539694033,13,0.9842105263157895,0.1,0.003576795539694033,3.104901519954583
2026-02-27,2026-03-02,2026-03-03,QS,1,6.650332595372201,6.609669633507728,-0.0061144252984833836,13,0.9798245614035088,0.1,-0.0006114425298483384,-0.5307736545805971
2026-02-27,2026-03-02,2026-03-03,NVTS,1,8.54542732629776,8.944552444839477,0.0467062796629778,13,0.9815789473684211,0.1,0.004670627966297781,4.054422376332107
2026-02-27,2026-03-02,2026-03-03,FLNC,1,14.880744114446642,14.229288042259217,-0.04377846075284464,12,0.986842105263158,0.1,-0.004377846075284464,-3.8002678046396503
2026-02-27,2026-03-02,2026-03-03,COMP,1,9.4504723092556,9.65951684741974,0.02212000959564797,11,0.9657894736842105,0.1,0.0022120009595647974,1.9201671063594659
2026-02-27,2026-03-02,2026-03-03,QUBT,1,8.09040465259552,8.114594021129609,0.0029898836427579845,7,0.9807017543859649,0.1,0.00029898836427579847,0.2595422121243398
2026-02-27,2026-03-02,2026-03-03,OWL,1,10.11050515666008,10.159491847419739,0.0048451279140477865,6,0.9868421052631579,0.1,0.00048451279140477866,0.4205900185725521
2026-02-27,2026-03-02,2026-03-03,LUMN,1,6.92034607629776,6.599669904637337,-0.04633816981476424,4,0.9833333333333334,0.1,-0.004633816981476424,-4.022467940733411
2026-02-27,2026-03-02,2026-03-03,EOSE,1,5.500275,5.7497125,0.04535000522701127,1,1.0,0.1,0.004535000522701127,3.936688541367968
2026-03-02,2026-03-03,2026-03-04,SOUN,1,8.23041104221344,8.57957092370987,0.04242314019380111,14,0.9921052631578947,0.1111111111111111,0.004713682243755679,4.136422606143765
2026-03-02,2026-03-03,2026-03-04,QS,1,6.61033063352108,6.569671671652794,-0.00615082121038002,14,0.9859649122807017,0.1111111111111111,-0.0006834245789311133,-0.5997291993175489
2026-03-02,2026-03-03,2026-03-04,NVTS,1,8.94544694480896,9.159541847419739,0.02393339359471769,14,0.9815789473684211,0.1111111111111111,0.002659265954968632,2.333599772545653
2026-03-02,2026-03-03,2026-03-04,FLNC,1,14.230711042213441,15.049247690725327,0.057519026708068965,13,0.986842105263158,0.1111111111111111,0.006391002967563218,5.6083307664577084
2026-03-02,2026-03-03,2026-03-04,COMP,1,9.66048284740448,9.849507881450656,0.01956683087501787,12,0.9657894736842105,0.1111111111111111,0.00217409231944643,1.9078427761894488
2026-03-02,2026-03-03,2026-03-04,QUBT,1,8.115405521106721,7.989600271129608,-0.01550202878339435,8,0.9850877192982456,0.1111111111111111,-0.0017224476425993721,-1.5115086249577863
2026-03-02,2026-03-03,2026-03-04,OWL,1,10.160507847404482,10.459477038145065,0.029424630661247564,7,0.9868421052631579,0.1111111111111111,0.0032694034068052845,2.869016930114006
2026-03-02,2026-03-03,2026-03-04,LUMN,1,6.600329904627801,7.0296487097978595,0.06504505250094295,5,0.9850877192982457,0.1111111111111111,0.007227228055660327,6.342147807861302
2026-03-02,2026-03-03,2026-03-04,EOSE,1,5.750287500000001,6.189690557217598,0.07641410228925039,2,1.0,0.1111111111111111,0.00849045580991671,7.450674766023643
2026-03-03,2026-03-04,2026-03-05,SOUN,1,8.580428923702241,8.104594292259216,-0.05545580945593498,15,0.9824561403508771,0.1111111111111111,-0.0061617566062149975,-5.582725433014359
2026-03-03,2026-03-04,2026-03-05,QS,1,6.5703286716699605,6.899655095362664,0.050123279998563586,15,0.9859649122807017,0.1111111111111111,0.005569253333173731,5.045900741137474
2026-03-03,2026-03-04,2026-03-05,NVTS,1,9.160457847404482,9.009549728870391,-0.016473862010821683,15,0.9815789473684211,0.1111111111111111,-0.0018304291123135202,-1.6584204491841672
2026-03-03,2026-03-04,2026-03-05,FLNC,1,15.050752690744401,15.139243343305587,0.00587948353012302,14,0.986842105263158,0.1111111111111111,0.0006532759477914466,0.5918864508269114
2026-03-03,2026-03-04,2026-03-05,COMP,1,9.850492881488803,9.439527580404281,-0.0417202779626199,13,0.9657894736842105,0.1111111111111111,-0.0046355864402911,-4.1999721785581094
2026-03-03,2026-03-04,2026-03-05,QUBT,1,7.990399271106721,7.979601019072533,-0.0013514033113758428,9,0.9903508771929824,0.1111111111111111,-0.00015015592348620476,-0.136045505614206
2026-03-03,2026-03-04,2026-03-05,OWL,1,10.460523038148882,10.289485461854936,-0.016350767133744948,8,0.9815789473684211,0.1111111111111111,-0.0018167519037494385,-1.6460285121144158
2026-03-03,2026-03-04,2026-03-05,LUMN,1,7.030351709818841,6.809659442782402,-0.031391355105067076,6,0.9850877192982457,0.1111111111111111,-0.0034879283450074527,-3.1601615455833474
2026-03-03,2026-03-04,2026-03-05,EOSE,1,6.190309557223321,6.6646667118549345,0.07662898765346848,3,1.0,0.1111111111111111,0.008514331961496497,7.714225118634131
2026-03-04,2026-03-05,2026-03-06,SOUN,1,8.105404792213442,7.9996,-0.01305360989682891,16,0.993859649122807,0.1111111111111111,-0.0014504010996476567,-1.309707680657622
2026-03-04,2026-03-05,2026-03-06,QS,1,6.9003450953722005,6.769661480927468,-0.018938707070227156,16,0.987719298245614,0.1111111111111111,-0.002104300785580795,-1.900177062716341
2026-03-04,2026-03-05,2026-03-06,NVTS,1,9.01045072889328,8.689565080404282,-0.03561260786433618,16,0.9815789473684211,0.1111111111111111,-0.003956956429370686,-3.57311934528546
2026-03-04,2026-03-05,2026-03-06,FLNC,1,15.140757343339923,15.469226767015456,0.02169438530893708,15,0.9842105263157894,0.1111111111111111,0.0024104872565485643,2.1766624934274437
2026-03-04,2026-03-05,2026-03-06,COMP,1,9.44047158036232,9.039547961854934,-0.04246860075733627,14,0.9657894736842105,0.1111111111111111,-0.004718733417481808,-4.261001595595211
2026-03-04,2026-03-05,2026-03-06,QUBT,1,7.980399019074441,7.499625,-0.06024435844941001,10,0.9868421052631579,0.1111111111111111,-0.0066938176054900005,-6.0444964727075865
2026-03-04,2026-03-05,2026-03-06,OWL,1,10.29051446185112,9.949502309274674,-0.03313849408021752,9,0.9815789473684211,0.1111111111111111,-0.003682054897801946,-3.3248841175215085
2026-03-04,2026-03-05,2026-03-06,LUMN,1,6.81034044277668,6.6196688855648045,-0.027997360603919552,7,0.9850877192982457,0.1111111111111111,-0.00311081784487995,-2.809058835901196
2026-03-04,2026-03-05,2026-03-06,EOSE,1,6.665333211851121,6.519673980927467,-0.021853255687902973,4,1.0,0.1111111111111111,-0.0024281395208781077,-2.192602433199289
2026-03-05,2026-03-06,2026-03-09,SOUN,1,8.0004,7.944602921652794,-0.006974286079096892,17,0.9807017543859649,0.1111111111111111,-0.0007749206754552101,-0.6817430540507494
2026-03-05,2026-03-06,2026-03-09,QS,1,6.7703384809255605,6.479676019072532,-0.042931747455747904,17,0.9807017543859649,0.1111111111111111,-0.0047701941617497665,-4.196618878875566
2026-03-05,2026-03-06,2026-03-09,NVTS,1,8.690434080362321,8.039597961854934,-0.0748910943330292,17,0.9815789473684211,0.1111111111111111,-0.008321232703669912,-7.320675233674021
2026-03-05,2026-03-06,2026-03-09,FLNC,1,15.47077376704216,14.56927119483948,-0.058271330560283774,16,0.993859649122807,0.1111111111111111,-0.006474592284475974,-5.696077621311571
2026-03-05,2026-03-06,2026-03-09,COMP,1,9.04045196185112,8.499575,-0.059828531154582976,15,0.9657894736842105,0.1111111111111111,-0.006647614572731442,-5.8482954507621026
2026-03-05,2026-03-06,2026-03-09,QUBT,1,7.500375000000001,7.399630095362664,-0.013431982352527294,11,0.9903508771929824,0.1111111111111111,-0.0014924424836141438,-1.312988966485513
2026-03-05,2026-03-06,2026-03-09,OWL,1,9.950497309255601,9.699514809274673,-0.025223111185354807,10,0.9815789473684211,0.1111111111111111,-0.0028025679094838673,-2.465582951021145
2026-03-05,2026-03-06,2026-03-09,LUMN,1,6.6203308855533605,6.499675,-0.018225053647492384,8,0.9850877192982457,0.1111111111111111,-0.0020250059608324872,-1.7815162144150405
2026-03-05,2026-03-06,2026-03-09,EOSE,1,6.520325980925561,6.049697690725327,-0.07217864437713717,5,1.0,0.1111111111111111,-0.008019849375237463,-7.055530687563129
2026-03-06,2026-03-09,2026-03-10,QS,1,6.480324019074441,6.87465625,0.060850696626413514,18,0.9842105263157894,0.1111111111111111,0.006761188514045946,5.702382841800854
2026-03-06,2026-03-09,2026-03-10,NVTS,1,8.04040196185112,8.449577309274673,0.05088991189308012,18,0.9815789473684211,0.1111111111111111,0.00565443465478668,4.768947218163689
2026-03-06,2026-03-09,2026-03-10,FLNC,1,14.570728194808963,15.939202580404281,0.09391942305826939,17,0.9798245614035088,0.1111111111111111,0.010435491450918821,8.801288009032225
2026-03-06,2026-03-09,2026-03-10,COMP,1,8.500425000000002,9.024548368549345,0.06165848984601863,16,0.9657894736842105,0.1111111111111111,0.0068509433162242915,5.7780819948192566
2026-03-06,2026-03-09,2026-03-10,QUBT,1,7.4003700953722005,7.739612771129608,0.04584131217566423,12,0.9929824561403509,0.1111111111111111,0.005093479130629359,4.295837623700698
2026-03-06,2026-03-09,2026-03-10,OWL,1,9.7004848092556,9.889505843305589,0.019485730637878618,11,0.9815789473684211,0.1111111111111111,0.002165081181986513,1.8260283317966224
2026-03-06,2026-03-09,2026-03-10,LUMN,1,6.500325000000001,6.609669633507728,0.01682141023836925,9,0.9850877192982457,0.1111111111111111,0.0018690455820410277,1.5763520622791527
2026-03-06,2026-03-09,2026-03-10,EOSE,1,6.050302690744401,6.267686725878716,0.03592944787156904,6,1.0,0.1111111111111111,0.003992160874618783,3.3669863849887234
2026-03-06,2026-03-09,2026-03-10,MARA,1,8.06040341963768,8.699564809274673,0.07929645159940679,0,0.9815789473684211,0.1111111111111111,0.008810716844378532,7.430953959200388
2026-03-09,2026-03-10,2026-03-11,QS,1,6.875343750000001,6.859657133507729,-0.0022815755928236037,19,0.9894736842105263,0.1111111111111111,-0.0002535083992026226,-0.2248269642307807
2026-03-09,2026-03-10,2026-03-11,NVTS,1,8.4504223092556,8.719564267015457,0.03184952750409531,19,0.9815789473684211,0.1111111111111111,0.003538836389343923,3.1384594941554123
2026-03-09,2026-03-10,2026-03-11,FLNC,1,15.940796580362322,17.389129889678955,0.09085702223318326,18,0.9798245614035088,0.1111111111111111,0.010095224692575917,8.953071093496057
2026-03-09,2026-03-10,2026-03-11,COMP,1,9.025450868511198,8.7495625,-0.030567821212538315,17,0.9657894736842105,0.1111111111111111,-0.0033964245791709238,-3.0121598723183682
2026-03-09,2026-03-10,2026-03-11,QUBT,1,7.740386771106721,7.57962092370987,-0.020769743444469357,13,0.9956140350877193,0.1111111111111111,-0.0023077492716077064,-2.0466551190150404
2026-03-09,2026-03-10,2026-03-11,OWL,1,9.890494843339921,9.31953369483948,-0.057728269165917,12,0.9815789473684211,0.1111111111111111,-0.006414252129546333,-5.688556429028185
2026-03-09,2026-03-10,2026-03-11,LUMN,1,6.61033063352108,6.679665828347206,0.010488914801708438,10,0.9833333333333334,0.1111111111111111,0.0011654349779676042,1.033579987601896
2026-03-09,2026-03-10,2026-03-11,EOSE,1,6.268313525891305,6.3896803664922714,0.019361960772967146,7,1.0,0.1111111111111111,0.0021513289747741274,1.9079319027753185
2026-03-09,2026-03-10,2026-03-11,MARA,1,8.7004348092556,8.599570381450652,-0.011593032993896801,1,0.9807017543859649,0.1111111111111111,-0.0012881147770996445,-1.1423800387956762
2026-03-10,2026-03-11,2026-03-12,QS,1,6.860343133521081,6.8896553664922715,0.004272706539701243,20,0.9728070175438597,0.1,0.00042727065397012436,0.38017707789642313
2026-03-10,2026-03-11,2026-03-12,NVTS,1,8.72043626704216,10.419479076290129,0.19483461116151912,20,0.9815789473684211,0.1,0.019483461116151915,17.336002942446736
2026-03-10,2026-03-11,2026-03-12,FLNC,1,17.39086888961792,16.699165762901305,-0.03977392567944382,19,0.9798245614035088,0.1,-0.003977392567944382,-3.5390061781162623
2026-03-10,2026-03-11,2026-03-12,COMP,1,8.7504375,8.449577309274673,-0.03438230268204612,18,0.9657894736842105,0.1,-0.0034382302682046118,-3.05927010047468
2026-03-10,2026-03-11,2026-03-12,QUBT,1,7.5803789237022405,7.489625271129608,-0.011972178895815477,14,0.9956140350877193,0.1,-0.0011972178895815477,-1.065261081324487
2026-03-10,2026-03-11,2026-03-12,OWL,1,9.320465694808963,8.57957092370987,-0.0794911751578824,13,0.9859649122807017,0.1,-0.00794911751578824,-7.072969418627466
2026-03-10,2026-03-11,2026-03-12,LUMN,1,6.680333828330041,6.509674728870392,-0.0255464927120731,11,0.9833333333333334,0.1,-0.00255464927120731,-2.2730769968717106
2026-03-10,2026-03-11,2026-03-12,EOSE,1,6.390319366478921,6.289685461854935,-0.015747867806399696,8,1.0,0.1,-0.0015747867806399697,-1.4012145018868563
2026-03-10,2026-03-11,2026-03-12,MARA,1,8.6004303814888,8.439577580404281,-0.018702878106045984,2,0.9807017543859649,0.1,-0.0018702878106045984,-1.6641455434724812
2026-03-10,2026-03-11,2026-03-12,SOUN,1,7.910395347404481,7.669616576290131,-0.03043827274617228,0,0.9754385964912282,0.1,-0.003043827274617228,-2.708338024465225
2026-03-11,2026-03-12,2026-03-13,QS,1,6.890344366478921,6.939653057217598,0.007156201216670821,21,0.9728070175438597,0.125,0.0008945251520838526,0.7913585523405673
2026-03-11,2026-03-12,2026-03-13,COMP,1,8.4504223092556,8.16959157629013,-0.03323274538100662,19,0.9657894736842105,0.125,-0.004154093172625828,-3.6749968983195807
2026-03-11,2026-03-12,2026-03-13,QUBT,1,7.490374271106721,7.489625271129608,-9.999500025015262e-05,15,0.9885964912280701,0.125,-1.2499375031269078e-05,-0.011057807940742738
2026-03-11,2026-03-12,2026-03-13,OWL,1,8.580428923702241,8.66956657629013,0.010388484466278713,14,0.9956140350877193,0.125,0.0012985605582848392,1.1487960971661082
2026-03-11,2026-03-12,2026-03-13,LUMN,1,6.510325728893281,6.549672690725327,0.00604377775714382,12,0.9842105263157894,0.125,0.0007554722196429775,0.6683427522160266
2026-03-11,2026-03-12,2026-03-13,EOSE,1,6.29031446185112,6.204689673709869,-0.013612163376018782,9,1.0,0.125,-0.0017015204220023478,-1.505282143041929
2026-03-11,2026-03-12,2026-03-13,MARA,1,8.44042158036232,9.179541305160521,0.08756905301008344,3,0.9807017543859649,0.125,0.01094613162626043,9.683701858251103
2026-03-11,2026-03-12,2026-03-13,SOUN,1,7.670383576297761,7.6146190211296085,-0.007270112975897303,1,0.9842105263157894,0.125,-0.0009087641219871628,-0.80395532570491
2026-03-12,2026-03-13,2026-03-16,QS,1,6.94034705722332,6.809659442782402,-0.018830126701647076,22,0.9780701754385965,0.125,-0.0023537658377058845,-2.096916570069734
2026-03-12,2026-03-13,2026-03-16,COMP,1,8.170408576297762,8.399579618549346,0.02804890846173924,20,0.9657894736842105,0.125,0.003506113557717405,3.1235170032416995
2026-03-12,2026-03-13,2026-03-16,QUBT,1,7.490374271106721,7.494625135564804,0.0005675102877675808,16,0.9868421052631579,0.125,7.09387859709476e-05,0.06319775458551703
2026-03-12,2026-03-13,2026-03-16,OWL,1,8.67043357629776,8.869556385564804,0.02296572685954046,15,0.9912280701754386,0.125,0.0028707158574425573,2.5574556113450693
2026-03-12,2026-03-13,2026-03-16,LUMN,1,6.550327690744401,6.7996601907253265,0.03806412621665212,13,0.9956140350877193,0.125,0.004758015777081515,4.238808280665576
2026-03-12,2026-03-13,2026-03-16,EOSE,1,6.205310173702241,5.8947052309274675,-0.05005470058388051,10,1.0,0.125,-0.006256837572985063,-5.574074605405459
2026-03-12,2026-03-13,2026-03-16,MARA,1,9.18045930519104,9.759512228870392,0.06307450470935927,4,0.9807017543859649,0.125,0.007884313088669909,7.023955609519501
2026-03-12,2026-03-13,2026-03-16,SOUN,1,7.6153805211067205,7.5296237097978596,-0.011261001478675703,2,0.9842105263157894,0.125,-0.0014076251848344629,-1.254021333491579
2026-03-13,2026-03-16,2026-03-17,QS,1,6.81034044277668,6.8896553664922715,0.011646249461686686,23,0.9780701754385965,0.1111111111111111,0.0012940277179651872,1.163278158919926
2026-03-13,2026-03-16,2026-03-17,COMP,1,8.4004196185112,8.349582881450653,-0.006051690197537707,21,0.9657894736842105,0.1111111111111111,-0.000672410021948634,-0.6044691945252113
2026-03-13,2026-03-16,2026-03-17,QUBT,1,7.495374635553361,7.349632404637337,-0.019444289045235208,17,0.9859649122807017,0.1111111111111111,-0.0021604765605816897,-1.9421803419598271
2026-03-13,2026-03-16,2026-03-17,OWL,1,8.870443385553362,8.979550542259217,0.012300079259121466,16,0.9956140350877193,0.1111111111111111,0.0013666754732357183,1.2285855289457066
2026-03-13,2026-03-16,2026-03-17,LUMN,1,6.800340190744401,6.689665557217598,-0.016274867201119814,14,0.9894736842105263,0.1111111111111111,-0.0018083185779022015,-1.6256046735618408
2026-03-13,2026-03-16,2026-03-17,EOSE,1,5.895294730925561,5.539722961854935,-0.0603145025481705,11,1.0,0.1111111111111111,-0.006701611394241166,-6.024475408261225
2026-03-13,2026-03-16,2026-03-17,MARA,1,9.760488228893282,9.209539538145066,-0.05644683727165223,5,0.9807017543859649,0.1111111111111111,-0.006271870807961358,-5.63815614239045
2026-03-13,2026-03-16,2026-03-17,SOUN,1,7.5303767098188406,7.504624864435196,-0.003419728703620728,3,0.9842105263157894,0.1111111111111111,-0.00037996985595785865,-0.34157740854173774
2026-03-13,2026-03-16,2026-03-17,PSLV,1,26.22131031332016,26.178691305160523,-0.0016253576823728189,0,0.9728070175438597,0.1111111111111111,-0.0001805952980414243,-0.16234780978692698
2026-03-16,2026-03-17,2026-03-18,QS,1,6.890344366478921,6.879656114435196,-0.0015511927235047906,24,0.975438596491228,0.125,-0.00019389909043809883,-0.17159436097216543
2026-03-16,2026-03-17,2026-03-18,COMP,1,8.3504178814888,8.359581656694413,0.0010974031881598734,22,0.9657894736842105,0.125,0.00013717539851998417,0.121395746606936
2026-03-16,2026-03-17,2026-03-18,QUBT,1,7.350367404627801,7.4796260190725326,0.017585327008735607,18,0.9956140350877193,0.125,0.002198165876091951,1.945304993265222
2026-03-16,2026-03-17,2026-03-18,OWL,1,8.980448542213441,9.07954592370987,0.011034791973988156,17,0.9956140350877193,0.125,0.0013793489967485195,1.2206788031851092
2026-03-16,2026-03-17,2026-03-18,LUMN,1,6.690334557223321,6.769661480927468,0.011856944226877442,15,0.9868421052631579,0.125,0.0014821180283596802,1.3116260390241299
2026-03-16,2026-03-17,2026-03-18,EOSE,1,5.540276961851121,5.679715828347206,0.025168212249355726,12,1.0,0.125,0.0031460265311694657,2.784130709420959
2026-03-16,2026-03-17,2026-03-18,MARA,1,9.210460538148881,9.039547961854934,-0.0185563550906106,6,0.9807017543859649,0.125,-0.002319544386326325,-2.052721009773407
2026-03-16,2026-03-17,2026-03-18,SOUN,1,7.505375364446641,7.6996148092746735,0.025880044021269866,4,0.9912280701754386,0.125,0.003235005502658733,2.8628741925294356
2026-03-17,2026-03-18,2026-03-19,QS,1,6.880344114446641,6.7496625,-0.018993470714967375,25,0.975438596491228,0.125,-0.002374183839370922,-2.120015065966301
2026-03-17,2026-03-18,2026-03-19,COMP,1,8.360417656660081,7.91960407629013,-0.05272626302572214,23,0.9657894736842105,0.125,-0.006590782878215268,-5.885205166770641
2026-03-17,2026-03-18,2026-03-19,QUBT,1,7.480374019074441,7.009649728870392,-0.06292790828422945,19,0.9956140350877193,0.125,-0.007865988535528681,-7.023893401809011
2026-03-17,2026-03-18,2026-03-19,OWL,1,9.080453923702242,8.949552309274674,-0.014415756693162973,18,0.9868421052631579,0.125,-0.0018019695866453717,-1.6090593359920602
2026-03-17,2026-03-18,2026-03-19,LUMN,1,6.7703384809255605,6.409679347419739,-0.05327047303793242,16,0.9719298245614035,0.125,-0.0066588091297415525,-5.94594885296941
2026-03-17,2026-03-18,2026-03-19,EOSE,1,5.68028382833004,5.149742595362663,-0.09340047944811103,13,1.0,0.125,-0.011675059931013879,-10.425183820797617
2026-03-17,2026-03-18,2026-03-19,MARA,1,9.04045196185112,8.639568343305587,-0.04434331604627528,7,0.9807017543859649,0.125,-0.00554291450578441,-4.949516573552171
2026-03-17,2026-03-18,2026-03-19,SOUN,1,7.700384809255601,7.1196438855648045,-0.07541713019234642,5,0.9912280701754386,0.125,-0.009427141274043302,-8.417916590342926
2026-03-18,2026-03-19,2026-03-20,QS,1,6.7503375000000005,6.809659442782402,0.00878799656793472,26,0.975438596491228,0.125,0.00109849957099184,0.9299546299904157
2026-03-18,2026-03-19,2026-03-20,COMP,1,7.920396076297761,8.049597690725326,0.016312519371879386,24,0.9657894736842105,0.125,0.0020390649214849232,1.72620719630671
2026-03-18,2026-03-19,2026-03-20,QUBT,1,7.010350728893281,7.0696466716527935,0.00845834182234606,20,0.987719298245614,0.125,0.0010572927277932576,0.8950702334628767
2026-03-18,2026-03-19,2026-03-20,OWL,1,8.950447309255601,9.149542118549345,0.02224411835684026,19,0.993859649122807,0.125,0.0027805147946050324,2.353894962985841
2026-03-18,2026-03-19,2026-03-20,LUMN,1,6.410320347404481,6.829658423709869,0.06541608743082206,17,0.9850877192982456,0.125,0.008177010928852757,6.922396124290647
2026-03-18,2026-03-19,2026-03-20,EOSE,1,5.1502575953722,5.429728328347206,0.054263447565443323,14,1.0,0.125,0.0067829309456804154,5.742212563765879
2026-03-18,2026-03-19,2026-03-20,MARA,1,8.64043234333992,9.089545652580261,0.05197810611716891,8,0.9807017543859649,0.125,0.006497263264646114,5.500375434620157
2026-03-18,2026-03-19,2026-03-20,SOUN,1,7.12035588555336,6.819659171652794,-0.04223057368672489,6,0.9763157894736842,0.125,-0.005278821710840612,-4.468881755190617
2026-03-19,2026-03-20,2026-03-23,QS,1,6.81034044277668,6.739662771129608,-0.01037799391101446,27,0.975438596491228,0.125,-0.0012972492388768075,-1.1236374269134204
2026-03-19,2026-03-20,2026-03-23,COMP,1,8.0504026907444,8.009599728870391,-0.005068437374060819,25,0.9657894736842105,0.125,-0.0006335546717576024,-0.5487655878673388
2026-03-19,2026-03-20,2026-03-23,QUBT,1,7.07035367166996,6.974651154637336,-0.013535746792425973,21,0.9929824561403509,0.125,-0.0016919683490532467,-1.4655309906330811
2026-03-19,2026-03-20,2026-03-23,OWL,1,9.150457118511198,9.159541847419739,0.0009928169479274107,20,0.9815789473684211,0.125,0.00012410211849092634,0.10749344144259027
2026-03-19,2026-03-20,2026-03-23,LUMN,1,6.830341423702241,6.609669633507728,-0.03230757827547992,18,0.9789473684210527,0.125,-0.00403844728443499,-3.497978938370337
2026-03-19,2026-03-20,2026-03-23,EOSE,1,5.430271328330041,5.229738519072533,-0.03692869050784198,15,1.0,0.125,-0.004616086313480247,-3.9983121147791736
2026-03-19,2026-03-20,2026-03-23,MARA,1,9.09045465259552,8.599570381450652,-0.05399996918797778,9,0.9807017543859649,0.125,-0.006749996148497223,-5.846639239919554
2026-03-19,2026-03-20,2026-03-23,SOUN,1,6.820341171669961,6.724663654637337,-0.014028259675636923,7,0.9833333333333334,0.125,-0.0017535324594546153,-1.518855931229309
2026-03-20,2026-03-23,2026-03-24,QS,1,6.740336771106721,6.959652038145065,0.03253773134577864,28,0.975438596491228,0.1,0.003253773134577864,2.7601010555555554
2026-03-20,2026-03-23,2026-03-24,COMP,1,8.01040072889328,8.349582881450653,0.042342719676176976,26,0.9657894736842105,0.1,0.004234271967617698,3.5918357070236087
2026-03-20,2026-03-23,2026-03-24,QUBT,1,6.9753486546278,7.199639809274673,0.03215483064033897,22,0.987719298245614,0.1,0.0032154830640338974,2.72762046771045
2026-03-20,2026-03-23,2026-03-24,OWL,1,9.160457847404482,8.839558152580262,-0.03503096681080675,21,0.9815789473684211,0.1,-0.003503096681080675,-2.9715964965143002
2026-03-20,2026-03-23,2026-03-24,LUMN,1,6.61033063352108,6.699664809274673,0.013514327906773316,19,0.9885964912280701,0.1,0.0013514327906773316,1.1463894124704623
2026-03-20,2026-03-23,2026-03-24,EOSE,1,5.230261519074441,5.289735461854935,0.011371122182628257,16,1.0,0.1,0.0011371122182628258,0.964586190892971
2026-03-20,2026-03-23,2026-03-24,MARA,1,8.6004303814888,8.82955842370987,0.026641462352190448,10,0.9807017543859649,0.1,0.002664146235219045,2.25993409246599
2026-03-20,2026-03-23,2026-03-24,SOUN,1,6.725336154627801,6.699664809274673,-0.003817109622908932,8,0.9833333333333334,0.1,-0.0003817109622908932,-0.3237966466500152
2026-03-20,2026-03-23,2026-03-24,EXK,1,8.3004151907444,8.529573232984543,0.027608021643986014,0,0.9894736842105263,0.1,0.0027608021643986016,2.3419250983290363
2026-03-20,2026-03-23,2026-03-24,NVTS,1,9.080453923702242,8.921553831338883,-0.01749913536245029,0,0.9798245614035088,0.1,-0.0017499135362450291,-1.484411481302455
2026-03-23,2026-03-24,2026-03-25,QS,1,6.960348038148881,6.989650271129608,0.004209880428410306,29,0.975438596491228,0.09090909090909091,0.0003827164025827551,0.32883177144743125
2026-03-23,2026-03-24,2026-03-25,COMP,1,8.3504178814888,8.259587228870393,-0.010877378103407387,27,0.9657894736842105,0.09090909090909091,-0.000988852554855217,-0.8496268650075645
2026-03-23,2026-03-24,2026-03-25,QUBT,1,7.200359809255601,7.619618885564804,0.05822751743187493,23,0.9903508771929824,0.09090909090909091,0.005293410675624994,4.54812387898146
2026-03-23,2026-03-24,2026-03-25,OWL,1,8.840442152595521,9.139543343305588,0.033833284076436376,22,0.9815789473684211,0.09090909090909091,0.0030757530978578525,2.6427018358190826
2026-03-23,2026-03-24,2026-03-25,LUMN,1,6.700334809255601,6.949652309274674,0.03720970774097365,20,0.9885964912280701,0.09090909090909091,0.0033827007037248776,2.906432693178865
2026-03-23,2026-03-24,2026-03-25,EOSE,1,5.2902644618511205,5.214739402580261,-0.014276235113666158,17,1.0,0.09090909090909091,-0.0012978395557878325,-1.1151099804037774
2026-03-23,2026-03-24,2026-03-25,MARA,1,8.830441423702242,8.57957092370987,-0.02840973491075971,11,0.9807017543859649,0.09090909090909091,-0.002582703173705428,-2.2190709726605435
2026-03-23,2026-03-24,2026-03-25,SOUN,1,6.700334809255601,6.549672690725327,-0.02248575971489586,9,0.9894736842105263,0.09090909090909091,-0.0020441599740814416,-1.7563520686934457
2026-03-23,2026-03-24,2026-03-25,EXK,1,8.530426232957842,9.469526767015457,0.11008834827377578,1,0.9885964912280703,0.09090909090909091,0.010008031661252343,8.598948876145906
2026-03-23,2026-03-24,2026-03-25,NVTS,1,8.922446031332017,9.594520517015457,0.0753240180241368,1,0.9798245614035088,0.09090909090909091,0.006847638002194254,5.883523463579259
2026-03-23,2026-03-24,2026-03-25,RDW,1,9.350467881488802,9.349532881450655,-9.99950002500416e-05,0,0.980701754385965,0.09090909090909091,-9.090454568185601e-06,-0.007810562230273109
2026-03-24,2026-03-25,2026-03-26,QS,1,6.99034927110672,6.729663519072533,-0.03729223561284445,30,0.975438596491228,0.09090909090909091,-0.0033902032375313137,-2.9770135229396315
2026-03-24,2026-03-25,2026-03-26,COMP,1,8.260413228893281,7.8396081525802614,-0.05094237596263673,28,0.9657894736842105,0.09090909090909091,-0.00463112508751243,-4.066694839802254
2026-03-24,2026-03-25,2026-03-26,QUBT,1,7.62038088555336,7.109644633507728,-0.0670224047480199,24,0.9824561403508772,0.09090909090909091,-0.006092945886183628,-5.350352479433179
2026-03-24,2026-03-25,2026-03-26,OWL,1,9.140457343339921,8.939552580404282,-0.02197972764262457,23,0.987719298245614,0.09090909090909091,-0.0019981570584204156,-1.7546265421557663
2026-03-24,2026-03-25,2026-03-26,LUMN,1,6.9503473092556005,6.869656385564804,-0.011609624684991271,21,0.9885964912280701,0.09090909090909091,-0.0010554204259082974,-0.9267883546131165
2026-03-24,2026-03-25,2026-04-09,EOSE,1,5.215260902595521,4.949752309274674,-0.05090993495430107,18,1.0,0.09090909090909091,-0.004628175904936462,-4.064105096416642
2026-03-24,2026-03-25,2026-03-26,MARA,1,8.580428923702241,8.57957092370987,-9.99950002500416e-05,12,0.9807017543859649,0.09090909090909091,-9.090454568185601e-06,-0.007982532102961253
2026-03-24,2026-03-25,2026-03-26,SOUN,1,6.550327690744401,6.349682404637337,-0.030631335649142444,10,0.9833333333333334,0.09090909090909091,-0.0027846668771947677,-2.445278459567375
2026-03-24,2026-03-25,2026-03-26,EXK,1,9.470473767042161,8.849557881450654,-0.06556333937087011,2,0.9885964912280703,0.09090909090909091,-0.00596030357917001,-5.233876293780961
2026-03-24,2026-03-25,2026-03-26,NVTS,1,9.595480017042162,9.154541982984544,-0.04595268118681761,2,0.9921052631578947,0.09090909090909091,-0.004177516471528874,-3.6683709372835622
2026-03-24,2026-03-25,2026-03-26,RDW,1,9.350467881488802,8.899554618549347,-0.04822360427889727,1,0.980701754385965,0.09090909090909091,-0.004383964025354297,-3.849657166000526
2026-03-25,2026-03-26,2026-03-27,QS,1,6.730336519074441,6.379681114435196,-0.05210072388586395,31,0.975438596491228,0.09090909090909091,-0.004736429444169451,-3.9964934906442084
2026-03-25,2026-03-26,2026-03-27,COMP,1,7.840392152595521,7.559621942782402,-0.035810735528091,29,0.9657894736842105,0.09090909090909091,-0.0032555214116446363,-2.746936333297814
2026-03-25,2026-03-26,2026-03-27,QUBT,1,7.110355633521081,6.959652038145065,-0.021194944830261186,25,0.987719298245614,0.09090909090909091,-0.0019268131663873807,-1.6258019607225527
2026-03-25,2026-03-26,2026-03-27,OWL,1,8.940446580362321,8.849557881450654,-0.010166013307579602,24,0.9859649122807017,0.09090909090909091,-0.0009241830279617821,-0.7798050195722451
2026-03-25,2026-03-26,2026-03-27,LUMN,1,6.870343385553361,6.679665828347206,-0.027753715717776628,22,0.9885964912280701,0.09090909090909091,-0.0025230650652524208,-2.1289060100252937
2026-03-25,2026-04-09,2026-04-10,EOSE,1,4.950247309255601,6.189690557217598,0.25038006599075957,19,1.0,0.09090909090909091,0.022761824180978142,19.205919405481307
2026-03-25,2026-03-26,2026-03-27,MARA,1,8.580428923702241,8.309584919595718,-0.03156532226009756,13,0.9807017543859649,0.09090909090909091,-0.0028695747509179604,-2.4212831518218887
2026-03-25,2026-03-26,2026-03-27,SOUN,1,6.350317404627801,5.959702038145065,-0.06151115630819881,11,0.9833333333333334,0.09090909090909091,-0.0055919233007453465,-4.718340119923241
2026-03-25,2026-03-26,2026-03-27,EXK,1,8.850442881488801,8.509574728870392,-0.03851424806450687,3,0.9903508771929824,0.09090909090909091,-0.003501295278591534,-2.954314838773677
2026-03-25,2026-03-26,2026-03-27,NVTS,1,9.155457482957841,8.82955842370987,-0.03559615233368807,3,0.9921052631578947,0.09090909090909091,-0.003236013848517097,-2.7304762867634964
2026-03-25,2026-03-26,2026-03-27,RDW,1,8.900444618511202,8.739562771129608,-0.01807570905469047,2,0.980701754385965,0.09090909090909091,-0.0016432462776991336,-1.386534546700399
2026-03-26,2026-03-27,2026-03-30,QS,1,6.380319114446641,6.289685461854935,-0.014205191145767015,32,0.975438596491228,0.1,-0.0014205191145767017,-1.1896772533937932
2026-03-26,2026-03-27,2026-03-30,COMP,1,7.560377942776681,7.1596418474197385,-0.053004770183455285,30,0.9657894736842105,0.1,-0.005300477018345529,-4.439121498721475
2026-03-26,2026-03-27,2026-03-30,QUBT,1,6.960348038148881,6.719663790202141,-0.034579340950707804,26,0.9797356828193833,0.1,-0.0034579340950707804,-2.8960015352320196
2026-03-26,2026-03-27,2026-03-30,OWL,1,8.850442881488801,8.899554618549347,0.005549071127645577,25,0.9841409691629956,0.1,0.0005549071127645578,0.4647317751856786
2026-03-26,2026-03-27,2026-03-30,LUMN,1,6.680333828330041,6.759662228870392,0.011874915622320126,23,0.9885964912280701,0.1,0.0011874915622320126,0.9945179094654162
2026-03-26,2026-03-27,2026-03-30,MARA,1,8.31041591963768,8.16959157629013,-0.016945522908760724,14,0.9807017543859649,0.1,-0.0016945522908760726,-1.4191785907381766
2026-03-26,2026-03-27,2026-03-30,SOUN,1,5.96029803814888,5.989700271129609,0.004933013884966808,12,0.9859030837004406,0.1,0.0004933013884966808,0.4131373065943967
2026-03-26,2026-03-27,2026-03-30,EXK,1,8.510425728893281,9.029548232984542,0.06099841777936166,4,0.9947136563876652,0.1,0.006099841777936166,5.108585261574791
2026-03-26,2026-03-27,2026-03-30,NVTS,1,8.830441423702242,8.57957092370987,-0.02840973491075971,4,0.9921052631578947,0.1,-0.0028409734910759712,-2.379300288989769
2026-03-26,2026-03-27,2026-03-30,RDW,1,8.74043677110672,8.189590080404281,-0.06302278766243974,3,0.9841409691629956,0.1,-0.006302278766243974,-5.2781251697421725
2026-03-27,2026-03-30,2026-03-31,QS,1,6.29031446185112,6.119693885564804,-0.02712433175178741,33,0.975438596491228,0.09090909090909091,-0.002465848341071583,-2.0388433261855123
2026-03-27,2026-03-30,2026-03-31,COMP,1,7.160357847404481,7.0296487097978595,-0.018254553807530938,31,0.9657894736842105,0.09090909090909091,-0.0016595048915937216,-1.3721324286828271
2026-03-27,2026-03-30,2026-03-31,QUBT,1,6.720335790181161,6.45467717370987,-0.03953055691940799,27,0.9797356828193833,0.09090909090909091,-0.0035936869926734534,-2.971376876417257
2026-03-27,2026-03-30,2026-03-31,OWL,1,8.900444618511202,9.229538042259216,0.0369749420229597,26,0.986784140969163,0.09090909090909091,0.003361358365723609,2.7792800379179816
2026-03-27,2026-03-30,2026-03-31,LUMN,1,6.760338228893281,6.549672690725327,-0.031161981994862642,24,0.9885964912280701,0.09090909090909091,-0.002832907454078422,-2.3423396971522465
2026-03-27,2026-03-30,2026-03-31,MARA,1,8.170408576297762,7.829608423709869,-0.04171151900243386,15,0.9807017543859649,0.09090909090909091,-0.003791956272948533,-3.135312343227345
2026-03-27,2026-03-30,2026-03-31,SOUN,1,5.9902992711067204,6.229688519072533,0.039962819407115324,13,0.9859030837004406,0.09090909090909091,0.0036329835824650296,3.0038685704537147
2026-03-27,2026-03-30,2026-03-31,EXK,1,9.03045123295784,8.969551767015457,-0.00674378991385538,5,0.9859030837004406,0.09090909090909091,-0.0006130718103504892,-0.5069076423663474
2026-03-27,2026-03-30,2026-03-31,NVTS,1,8.580428923702241,8.179591305160523,-0.04671533580733478,5,0.9867841409691629,0.09090909090909091,-0.004246848709757708,-3.5114321529791512
2026-03-27,2026-03-30,2026-03-31,RDW,1,8.19040908036232,7.854607269072533,-0.040999394290929914,4,1.0,0.09090909090909091,-0.0037272176628118103,-3.081784362197326
2026-03-27,2026-03-30,2026-03-31,SMR,1,10.475524131488802,10.32948342370987,-0.013941136113651997,0,0.9779735682819384,0.09090909090909091,-0.0012673760103319998,-1.0479075608153983
2026-03-30,2026-03-31,2026-04-01,QS,1,6.1203058855533605,6.529673709797859,0.0668868242698113,34,0.975438596491228,0.09090909090909091,0.006080620388164664,4.940906483595563
2026-03-30,2026-03-31,2026-04-01,COMP,1,7.030351709818841,7.349632404637337,0.0454146119564085,32,0.9657894736842105,0.09090909090909091,0.004128601086946227,3.3547616158339753
2026-03-30,2026-03-31,2026-04-01,QUBT,1,6.45532267370224,6.964651902580261,0.07890066145770391,28,0.9796460176991151,0.09090909090909091,0.007172787405245811,5.82836446508193
2026-03-30,2026-03-31,2026-04-01,OWL,1,9.230461042213442,9.279535732984543,0.005316602339435761,27,0.986784140969163,0.09090909090909091,0.000483327485403251,0.3927355687220699
2026-03-30,2026-03-31,2026-04-01,LUMN,1,6.550327690744401,7.07964592370987,0.08080790121590331,25,0.9885964912280701,0.09090909090909091,0.007346172837809392,5.96925160376631
2026-03-30,2026-03-31,2026-04-01,MARA,1,7.830391423702241,8.219589267015458,0.0497034978526274,16,0.9807017543859649,0.09090909090909091,0.004518499804784309,3.6715801277511853
2026-03-30,2026-03-31,2026-04-01,SOUN,1,6.230311519074441,7.074646059274674,0.13552043707850836,14,0.9858407079646018,0.09090909090909091,0.012320039734409852,10.010847630018532
2026-03-30,2026-03-31,2026-04-01,EXK,1,8.97044876704216,9.649517118549346,0.07570059972942644,6,0.9893805309734514,0.09090909090909091,0.0068818727026751314,5.591977016376454
2026-03-30,2026-03-31,2026-04-01,NVTS,1,8.180409305191041,8.99955,0.10013443878525186,6,0.9902654867256637,0.09090909090909091,0.00910313079865926,7.396896223230567
2026-03-30,2026-03-31,2026-04-01,RDW,1,7.855392769074441,8.7495625,0.11382877434795846,5,0.9946902654867257,0.09090909090909091,0.010348070395268952,8.408492036142396
2026-03-30,2026-03-31,2026-04-01,SMR,1,10.330516423702242,10.899454618549345,0.05507354826344746,1,0.9779735682819384,0.09090909090909091,0.005006686205767951,4.068263886947557
2026-03-31,2026-04-01,2026-04-02,QS,1,6.530326709818841,5.929703328347206,-0.09197447664732483,35,0.975438596491228,0.09090909090909091,-0.008361316058847712,-7.292742016308797
2026-03-31,2026-04-01,2026-04-02,COMP,1,7.350367404627801,6.949652309274674,-0.054516335482881595,33,0.9657894736842105,0.09090909090909091,-0.004956030498443781,-4.32265107498995
2026-03-31,2026-04-01,2026-04-02,QUBT,1,6.965348402595521,6.399680095362664,-0.08121177499492638,29,0.9796460176991151,0.09090909090909091,-0.007382888635902398,-6.4393573664519685
2026-03-31,2026-04-01,2026-04-02,OWL,1,9.280463732957841,8.239587771129608,-0.11215775329542588,28,0.9814977973568282,0.09090909090909091,-0.010196159390493263,-8.89309284192746
2026-03-31,2026-04-01,2026-04-02,LUMN,1,7.080353923702241,6.7496625,-0.046705493435182044,26,0.9885964912280701,0.09090909090909091,-0.004245953948652913,-3.703322125694246
2026-03-31,2026-04-01,2026-04-02,MARA,1,8.220411267042161,7.779611209797859,-0.05362262822683672,17,0.9807017543859649,0.09090909090909091,-0.004874784384257884,-4.251788193307784
2026-03-31,2026-04-01,2026-04-02,SOUN,1,7.075353559255601,6.3896803664922714,-0.09691009601440592,15,0.9858407079646018,0.09090909090909091,-0.008810008728582357,-7.684091878214933
2026-03-31,2026-04-01,2026-04-02,EXK,1,9.6504821185112,8.819558694839477,-0.0861017525826897,7,0.9947136563876652,0.09090909090909091,-0.007827432052971792,-6.827088249116657
2026-03-31,2026-04-01,2026-04-02,NVTS,1,9.00045,8.119593885564804,-0.09786800820350061,7,0.9929515418502202,0.09090909090909091,-0.008897091654863692,-7.760045628907444
2026-03-31,2026-04-01,2026-04-02,RDW,1,8.7504375,8.679566305160522,-0.008099160166503472,6,0.9938325991189427,0.09090909090909091,-0.000736287287863952,-0.6421899617821026
2026-03-31,2026-04-01,2026-04-02,SMR,1,10.9005446185112,9.91950407629013,-0.0899992226585703,2,0.975330396475771,0.09090909090909091,-0.008181747514415482,-7.136122285686055
2026-04-01,2026-04-02,2026-04-06,QS,1,5.930296328330041,6.359682133507729,0.07240545520911645,36,0.975438596491228,0.09090909090909091,0.006582314109919678,5.313558356973275
2026-04-01,2026-04-02,2026-04-06,COMP,1,6.9503473092556005,6.9796510190725325,0.00421615043293011,34,0.9657894736842105,0.09090909090909091,0.0003832864029936464,0.30940709235858216
2026-04-01,2026-04-02,2026-04-06,QUBT,1,6.400320095372201,6.839658152580261,0.06864313825893298,30,0.9823788546255507,0.09090909090909091,0.006240285296266634,5.037456361419319
2026-04-01,2026-04-02,2026-04-06,OWL,1,8.240411771106722,8.599570381450652,0.04358503195231633,29,0.9973568281938325,0.09090909090909091,0.003962275632028758,3.198538150203057
2026-04-01,2026-04-02,2026-04-06,LUMN,1,6.7503375000000005,7.089645652580261,0.050265361188275515,27,0.9885964912280701,0.09090909090909091,0.004569578289843229,3.688781863698757
2026-04-01,2026-04-02,2026-04-06,MARA,1,7.780389209818841,8.809559919595719,0.13227753548345178,18,0.9807017543859649,0.09090909090909091,0.012025230498495616,9.707340449389614
2026-04-01,2026-04-02,2026-04-06,SOUN,1,6.390319366478921,6.819659171652794,0.06718596998860793,16,0.9858407079646018,0.09090909090909091,0.006107815453509812,4.9305203768593175
2026-04-01,2026-04-02,2026-04-06,EXK,1,8.82044069480896,9.499525,0.07698983856789576,8,0.9841409691629956,0.09090909090909091,0.00699907623344507,5.649988649929211
2026-04-01,2026-04-02,2026-04-06,NVTS,1,8.12040588555336,8.789560461854935,0.08240408000935484,8,0.9894273127753304,0.09090909090909091,0.007491280000850441,6.047319041332009
2026-04-01,2026-04-02,2026-04-06,RDW,1,8.68043430519104,9.639518343305587,0.11048802449216155,7,0.988546255506608,0.09090909090909091,0.010044365862923777,8.1082918985899
2026-04-01,2026-04-02,2026-04-06,SMR,1,9.92049607629776,10.099495381450655,0.018043382485737336,3,0.975330396475771,0.09090909090909091,0.0016403074987033943,1.3241345630416455
2026-04-02,2026-04-06,2026-04-07,QS,1,6.360318133521081,6.239687771129608,-0.018966089409224507,37,0.975438596491228,0.09090909090909091,-0.001724189946293137,-1.483774249122471
2026-04-02,2026-04-06,2026-04-07,COMP,1,6.980349019074441,6.669666576290131,-0.044508153093110736,35,0.9657894736842105,0.09090909090909091,-0.00404619573573734,-3.482006754826252
2026-04-02,2026-04-06,2026-04-07,QUBT,1,6.840342152595521,6.729663519072533,-0.016180277397526366,31,0.9823788546255507,0.09090909090909091,-0.0014709343088660334,-1.2658317921052982
2026-04-02,2026-04-06,2026-04-07,OWL,1,8.6004303814888,8.399579618549346,-0.023353571162177844,30,0.9973568281938325,0.09090909090909091,-0.0021230519238343497,-1.8270201499016063
2026-04-02,2026-04-06,2026-04-07,LUMN,1,7.09035465259552,6.529673709797859,-0.0790765723675636,28,0.9885964912280701,0.09090909090909091,-0.007188779306142146,-6.186398221385266
2026-04-02,2026-04-06,2026-04-07,MARA,1,8.810440919637681,8.65956684741974,-0.017124463303721527,19,0.9807017543859649,0.09090909090909091,-0.0015567693912474116,-1.3396982968848952
2026-04-02,2026-04-06,2026-04-07,SOUN,1,6.820341171669961,6.549672690725327,-0.03968547527635791,17,0.9858407079646018,0.09090909090909091,-0.0036077704796689007,-3.104714156340889
2026-04-02,2026-04-06,2026-04-07,EXK,1,9.500475000000002,9.489525271129608,-0.0011525454117181644,9,0.9841409691629956,0.09090909090909091,-0.00010477685561074222,-0.09016709591276742
2026-04-02,2026-04-06,2026-04-07,NVTS,1,8.79043946185112,8.65956684741974,-0.014888062764022547,9,0.9894273127753304,0.09090909090909091,-0.0013534602512747772,-1.164737952665753
2026-04-02,2026-04-06,2026-04-07,RDW,1,9.64048234333992,9.789510461854935,0.015458574914352763,8,0.9806167400881057,0.09090909090909091,0.0014053249922138876,1.209370835027878
2026-04-02,2026-04-06,2026-04-07,SMR,1,10.100505381488803,9.979500542259217,-0.011980077695057934,4,0.9823788546255507,0.09090909090909091,-0.001089097972277994,-0.9372375297233332
2026-04-06,2026-04-07,2026-04-08,QS,1,6.240311771106721,6.669666576290131,0.06880342215774649,38,0.975438596491228,0.09090909090909091,0.006254856559795135,5.2596518801737195
2026-04-06,2026-04-07,2026-04-08,COMP,1,6.670333576297761,7.339633152580261,0.10033974592526773,36,0.9657894736842105,0.09090909090909091,0.009121795084115248,7.670434358657389
2026-04-06,2026-04-07,2026-04-08,QUBT,1,6.730336519074441,7.379631114435196,0.09647282769897014,32,0.9823788546255507,0.09090909090909091,0.00877025706354274,7.37482924074925
2026-04-06,2026-04-07,2026-04-08,OWL,1,8.4004196185112,8.819558694839477,0.04989501660186835,31,0.9973568281938325,0.09090909090909091,0.00453591060016985,3.814205887603065
2026-04-06,2026-04-07,2026-04-08,LUMN,1,6.530326709818841,7.1596418474197385,0.09636809390480794,29,0.9850220264317181,0.09090909090909091,0.008760735809527995,7.366822905016124
2026-04-06,2026-04-07,2026-04-08,MARA,1,8.660432847404481,9.509524728870392,0.09804266096473269,20,0.9807017543859649,0.09090909090909091,0.008912969178612062,7.494834557765267
2026-04-06,2026-04-07,2026-04-08,SOUN,1,6.550327690744401,7.379631114435196,0.12660487579309954,18,0.9859030837004406,0.09090909090909091,0.011509534163009049,9.678262390461107
2026-04-06,2026-04-07,2026-04-08,EXK,1,9.490474271106722,10.479475542259216,0.10420988908462236,10,0.9859030837004406,0.09090909090909091,0.009473626280420215,7.9662860053672215
2026-04-06,2026-04-07,2026-04-08,NVTS,1,8.660432847404481,9.539522961854935,0.10150648702436582,10,0.9885462555066079,0.09090909090909091,0.00922786245676053,7.759625445715206
2026-04-06,2026-04-07,2026-04-08,RDW,1,9.790489461851122,10.379481114435196,0.06015957168220187,9,0.9806167400881057,0.09090909090909091,0.0054690519711092615,4.598875962641542
2026-04-06,2026-04-07,2026-04-08,SMR,1,9.980498542213441,9.81950869483948,-0.01613044144969722,5,0.9823788546255507,0.09090909090909091,-0.0014664037681542928,-1.2330855651978643
2026-04-07,2026-04-08,2026-04-09,QS,1,6.670333576297761,6.279686209797859,-0.058564892149924996,39,0.975438596491228,0.09090909090909091,-0.005324081104538636,-4.8376817330641035
2026-04-07,2026-04-08,2026-04-09,COMP,1,7.340367152595521,7.339633152580261,-9.99950002500416e-05,37,0.9657894736842105,0.09090909090909091,-9.090454568185601e-06,-0.00825996545624965
2026-04-07,2026-04-08,2026-04-09,QUBT,1,7.380369114446641,6.859657133507729,-0.0705536502123788,33,0.9823788546255507,0.09090909090909091,-0.006413968201125346,-5.827998521019327
2026-04-07,2026-04-08,2026-04-09,OWL,1,8.82044069480896,8.259587228870393,-0.0635856512553441,32,0.9938325991189427,0.09090909090909091,-0.005780513750485827,-5.252415436461393
2026-04-07,2026-04-08,2026-04-09,LUMN,1,7.160357847404481,7.0296487097978595,-0.018254553807530938,30,0.9814977973568282,0.09090909090909091,-0.0016595048915937216,-1.5078952296856794
2026-04-07,2026-04-08,2026-04-09,MARA,1,9.510475728893281,9.349532881450655,-0.016922691569852266,21,0.9807017543859649,0.09090909090909091,-0.001538426506350206,-1.3978783683606093
2026-04-07,2026-04-08,2026-04-09,SOUN,1,7.380369114446641,6.694665421652794,-0.09290913261392597,19,0.9859030837004406,0.09090909090909091,-0.00844628478308418,-7.67464597272029
2026-04-07,2026-04-08,2026-04-09,EXK,1,10.48052354221344,9.789510461854935,-0.06593306885626882,11,0.9841409691629956,0.09090909090909091,-0.005993915350569892,-5.446321014205742
2026-04-07,2026-04-08,2026-04-09,NVTS,1,9.540476961851121,9.459527038145065,-0.008484892739613059,11,0.9885462555066079,0.09090909090909091,-0.000771353885419369,-0.7008842517519586
2026-04-07,2026-04-08,2026-04-09,RDW,1,10.380519114446642,9.529523232984543,-0.08198008905718035,10,0.9876651982378855,0.09090909090909091,-0.007452735368834578,-6.771865613473989
2026-04-07,2026-04-08,2026-04-09,SMR,1,9.820490694808964,9.619518885564805,-0.02046453843191265,6,0.9920704845814978,0.09090909090909091,-0.0018604125847193319,-1.6904483234462668
2026-04-08,2026-04-09,2026-04-10,COMP,1,7.340367152595521,7.219638790202141,-0.01644718307458104,38,0.9657894736842105,0.1,-0.001644718307458104,-1.4268348015913286
2026-04-08,2026-04-09,2026-04-10,QUBT,1,6.860343133521081,6.929653328347206,0.010103021594861872,34,0.9770925110132159,0.1,0.0010103021594861873,0.8764627199326563
2026-04-08,2026-04-09,2026-04-10,OWL,1,8.260413228893281,8.289585461854935,0.0035315706555230086,33,1.0,0.1,0.0003531570655523009,0.3063727018012346
2026-04-08,2026-04-09,2026-04-10,LUMN,1,7.030351709818841,7.549622690725327,0.0738613091264344,31,0.988546255506608,0.1,0.007386130912643441,6.407655698535256
2026-04-08,2026-04-09,2026-04-10,MARA,1,9.350467881488802,9.739512771129608,0.0416069970585109,22,0.9807017543859649,0.1,0.00416069970585109,3.6095124085133725
2026-04-08,2026-04-09,2026-04-10,SOUN,1,6.695334921669961,6.57967092370987,-0.017275311737690036,20,0.9859030837004406,0.1,-0.0017275311737690036,-1.4986770612269844
2026-04-08,2026-04-09,2026-04-10,EXK,1,9.790489461851122,9.719514267015457,-0.007249402097027069,12,0.9841409691629956,0.1,-0.0007249402097027069,-0.6289039986885939
2026-04-08,2026-04-09,2026-04-10,NVTS,1,9.460473038148882,9.479525542259216,0.0020139060735657743,12,0.9885462555066079,0.1,0.00020139060735657743,0.17471145422712395
2026-04-08,2026-04-09,2026-04-10,RDW,1,9.530476232957842,9.449527309274673,-0.008493691364890532,11,0.9885462555066079,0.1,-0.0008493691364890532,-0.7368492451532022
2026-04-08,2026-04-09,2026-04-10,SMR,1,9.620480885553361,9.499525,-0.012572748388803956,7,0.9876651982378855,0.1,-0.0012572748388803958,-1.0907177765000806
2026-04-09,2026-04-10,2026-04-13,COMP,1,7.220360790181161,7.0296487097978595,-0.02641309567835548,39,0.9657894736842105,0.1,-0.0026413095678355482,-2.3071170596580917
2026-04-09,2026-04-10,2026-04-13,QUBT,1,6.930346328330041,6.869656385564804,-0.008757129859029766,35,0.9770925110132159,0.1,-0.0008757129859029767,-0.7649131301169294
2026-04-09,2026-04-10,2026-04-13,OWL,1,8.290414461851121,8.179591305160523,-0.013367625611549139,34,0.9912280701754386,0.1,-0.001336762561154914,-1.167628265580403
2026-04-09,2026-04-10,2026-04-13,LUMN,1,7.5503776907444005,7.349632404637337,-0.026587449572641475,32,0.9771929824561403,0.1,-0.0026587449572641475,-2.322346431058683
2026-04-09,2026-04-10,2026-04-13,SOUN,1,6.580328923702241,6.299685190725326,-0.04264889129873739,21,0.9859030837004406,0.1,-0.004264889129873739,-3.7252727165734045
2026-04-09,2026-04-10,2026-04-13,EXK,1,9.720486267042162,9.2495375,-0.0484490954571829,13,0.9841409691629956,0.1,-0.0048449095457182905,-4.231905870309158
2026-04-09,2026-04-10,2026-04-13,NVTS,1,9.48047354221344,9.369531385564803,-0.011702174596516457,13,0.9885462555066079,0.1,-0.0011702174596516458,-1.0221553344405867
2026-04-09,2026-04-10,2026-04-13,RDW,1,9.4504723092556,9.179541305160521,-0.028668514676217227,12,0.9850877192982456,0.1,-0.0028668514676217227,-2.5041222009716813
2026-04-09,2026-04-10,2026-04-13,SMR,1,9.500475000000002,9.054547555160521,-0.046937384166526375,8,0.9956140350877193,0.1,-0.004693738416652638,-4.099861714999887
2026-04-09,2026-04-10,2026-04-13,EOSE,1,6.190309557223321,5.479726019072532,-0.11478966141872926,0,1.0,0.1,-0.011478966141872927,-10.026586408368148
2026-04-10,2026-04-13,2026-04-14,QUBT,1,6.870343385553361,7.594620040202141,0.10542073576289579,36,0.9770925110132159,0.1,0.01054207357628958,8.868155007163464
2026-04-10,2026-04-13,2026-04-14,OWL,1,8.180409305191041,8.709564538145065,0.06468566708737145,35,0.9912280701754386,0.1,0.006468566708737145,5.441458156417866
2026-04-10,2026-04-13,2026-04-14,LUMN,1,7.350367404627801,7.91960407629013,0.07744329505269865,33,0.9824561403508771,0.1,0.007744329505269865,6.514649512003767
2026-04-10,2026-04-13,2026-04-14,SOUN,1,6.300315190744401,7.0696466716527935,0.12210999888364205,22,0.9859649122807017,0.1,0.012210999888364205,10.272081580423125
2026-04-10,2026-04-13,2026-04-14,EXK,1,9.250462500000001,9.949502309274674,0.07556809286829425,14,0.9841409691629956,0.1,0.007556809286829425,6.356904609914753
2026-04-10,2026-04-13,2026-04-14,NVTS,1,9.37046838555336,10.244487635564804,0.09327380596672596,14,0.9885462555066079,0.1,0.009327380596672596,7.846336524167444
2026-04-10,2026-04-13,2026-04-14,RDW,1,9.18045930519104,10.499475,0.1436764382870399,13,0.9850877192982456,0.1,0.014367643828703992,12.086283750403092
2026-04-10,2026-04-13,2026-04-14,SMR,1,9.05545305519104,10.33948315258026,0.1417963396821047,9,0.9956140350877193,0.1,0.01417963396821047,11.928126953861499
2026-04-10,2026-04-13,2026-04-14,EOSE,1,5.48027401907444,6.409679347419739,0.1695910323298515,1,1.0,0.1,0.01695910323298515,14.26625939993991
2026-04-10,2026-04-13,2026-04-14,FSLY,1,23.1011553814888,24.518774457740783,0.061365721880211055,0,0.9815789473684211,0.1,0.0061365721880211055,5.162179241322776
2026-04-13,2026-04-14,2026-04-15,QUBT,1,7.595379540181161,8.549572690725327,0.12562810660037238,37,0.9754385964912282,0.09090909090909091,0.011420736963670217,10.619843485231094
2026-04-13,2026-04-14,2026-04-15,OWL,1,8.71043553814888,9.31953369483948,0.06992740535452535,36,0.9912280701754386,0.09090909090909091,0.006357036850411396,5.911241682211014
2026-04-13,2026-04-14,2026-04-15,LUMN,1,7.920396076297761,8.219589267015458,0.037775028904558194,34,0.9824561403508771,0.09090909090909091,0.003434093536778018,3.1932734279965618
2026-04-13,2026-04-14,2026-04-15,SOUN,1,7.07035367166996,7.194640421652794,0.01757857608747848,23,0.9912280701754386,0.09090909090909091,0.001598052371588953,1.4859869482558459
2026-04-13,2026-04-14,2026-04-15,EXK,1,9.950497309255601,9.949502309274674,-9.99950002500416e-05,15,0.9841409691629956,0.09090909090909091,-9.090454568185601e-06,-0.00845297506026361
2026-04-13,2026-04-14,2026-04-15,NVTS,1,10.24551213555336,9.894505707740784,-0.034259529750058526,15,0.9885462555066079,0.09090909090909091,-0.0031145027045507753,-2.8960943030097486
2026-04-13,2026-04-14,2026-04-15,RDW,1,10.500525000000001,9.839508152580262,-0.06295083792665035,14,0.9850877192982456,0.09090909090909091,-0.005722803447877305,-5.321484691095349
2026-04-13,2026-04-14,2026-04-15,SMR,1,10.34051715259552,10.799460190725327,0.04438298697803611,10,0.9973684210526316,0.09090909090909091,0.0040348169980032825,3.7518704043924203
2026-04-13,2026-04-14,2026-04-15,EOSE,1,6.410320347404481,6.8896553664922715,0.07477551715209874,2,0.9982456140350877,0.09090909090909091,0.006797774286554431,6.321071853837426
2026-04-13,2026-04-14,2026-04-15,FSLY,1,24.52122645778656,21.758912228870397,-0.11264992122932782,1,0.9815789473684211,0.09090909090909091,-0.010240901929938893,-9.522745860403877
2026-04-13,2026-04-14,2026-04-15,QS,1,6.630331614446641,6.949652309274674,0.04816059186727162,0,0.9868421052631579,0.09090909090909091,0.00437823562429742,4.071206369554582
2026-04-14,2026-04-15,2026-04-16,QUBT,1,8.550427690744401,9.764512093305587,0.14199107301677993,38,0.9754385964912282,0.1,0.014199107301677994,13.452702411347754
2026-04-14,2026-04-15,2026-04-16,OWL,1,9.320465694808963,10.099495381450655,0.0835826998511,37,0.9850877192982456,0.1,0.00835826998511,7.91890056145269
2026-04-14,2026-04-15,2026-04-16,LUMN,1,8.220411267042161,8.55957241959572,0.04125841658474516,35,0.9824561403508771,0.1,0.004125841658474516,3.9089584189028512
2026-04-14,2026-04-15,2026-04-16,SOUN,1,7.195359921669961,8.139593343305588,0.13122810143130148,24,0.9807017543859649,0.1,0.013122810143130149,12.432982997127098
2026-04-14,2026-04-15,2026-04-16,NVTS,1,9.895495207786562,10.449477309274673,0.05598326206577253,16,0.9885462555066079,0.1,0.005598326206577253,5.304038828541918
2026-04-14,2026-04-15,2026-04-16,RDW,1,9.840492152595521,10.219489267015458,0.038514040613301326,15,0.9850877192982456,0.1,0.003851404061330133,3.648947190983443
2026-04-14,2026-04-15,2026-04-16,SMR,1,10.800540190744401,12.409379347419739,0.1489591379933055,11,0.993859649122807,0.1,0.014895913799330552,14.112879861384037
2026-04-14,2026-04-15,2026-04-16,EOSE,1,6.890344366478921,7.259637228870392,0.05359570476448994,3,1.0,0.1,0.005359570476448994,5.077833777887786
2026-04-14,2026-04-15,2026-04-16,FSLY,1,21.761088228893286,23.568821194839476,0.08307180904427258,2,0.9929824561403509,0.1,0.008307180904427258,7.870497081973875
2026-04-14,2026-04-15,2026-04-16,QS,1,6.9503473092556005,7.57962092370987,0.09053844167129332,1,0.9868421052631579,0.1,0.009053844167129333,8.577910475027814
2026-04-15,2026-04-16,2026-04-17,QUBT,1,9.76548859333992,9.56952119483948,-0.02006734190791959,39,0.9754385964912282,0.1,-0.002006734190791959,-2.066316638542229
2026-04-15,2026-04-16,2026-04-17,OWL,1,10.100505381488803,9.899504618549345,-0.019900069882427096,38,0.9859649122807017,0.1,-0.0019900069882427098,-2.0490927844302207
2026-04-15,2026-04-16,2026-04-17,LUMN,1,8.560428419637681,8.599570381450652,0.004572430244633496,36,0.9885964912280701,0.1,0.00045724302446334967,0.47081914168867645
2026-04-15,2026-04-16,2026-04-17,SOUN,1,8.140407343339922,8.034598097419739,-0.012998028410304396,25,0.9807017543859649,0.1,-0.0012998028410304398,-1.3383956129165782
2026-04-15,2026-04-16,2026-04-17,NVTS,1,10.450522309255602,12.199389809274674,0.16734737731435412,17,0.9885462555066079,0.1,0.016734737731435412,17.231613023177072
2026-04-15,2026-04-16,2026-04-17,RDW,1,10.220511267042161,11.149442118549345,0.09088888287836294,16,0.9850877192982456,0.1,0.009088888287836295,9.358748747683409
2026-04-15,2026-04-16,2026-04-17,SMR,1,12.410620347404482,11.979400542259217,-0.03474603146936561,12,0.9780701754385965,0.1,-0.0034746031469365616,-3.577768459714518
2026-04-15,2026-04-16,2026-04-17,EOSE,1,7.260363228893281,7.284635597419739,0.0033431341878136234,4,1.0,0.1,0.0003343134187813624,0.34423960227798855
2026-04-15,2026-04-16,2026-04-17,FSLY,1,23.57117819480896,25.15874184741974,0.06735190067675134,3,0.9824561403508772,0.1,0.006735190067675135,6.935166283826123
2026-04-15,2026-04-16,2026-04-17,QS,1,7.5803789237022405,7.239637771129608,-0.04495041158261981,2,0.9868421052631579,0.1,-0.004495041158261981,-4.6285045517579375
2026-04-16,2026-04-17,2026-04-20,OWL,1,9.9004946185112,9.7495125,-0.015249957131324043,39,0.9763157894736842,0.125,-0.0019062446414155054,-2.0022655377612604
2026-04-16,2026-04-17,2026-04-20,LUMN,1,8.6004303814888,8.469576767015457,-0.015214775152995519,37,0.9842105263157894,0.125,-0.0019018468941244399,-1.9976462682019531
2026-04-16,2026-04-17,2026-04-20,SOUN,1,8.035401597404482,7.910604224944115,-0.015530944029067295,26,0.9807017543859649,0.125,-0.0019413680036334119,-2.039158125528483
2026-04-16,2026-04-17,2026-04-20,NVTS,1,12.200609809255601,12.129393614435196,-0.005837101254265065,18,0.9885462555066079,0.125,-0.0007296376567831331,-0.7663907892456635
2026-04-16,2026-04-17,2026-04-20,SMR,1,11.980598542213441,12.274385868549345,0.024521923950689972,13,0.9789473684210526,0.125,0.0030652404938362465,3.219642050351524
2026-04-16,2026-04-17,2026-04-20,EOSE,1,7.28536409740448,7.009649728870392,-0.0378449676430469,5,1.0,0.125,-0.004730620955380863,-4.968910655736627
2026-04-16,2026-04-17,2026-04-20,FSLY,1,25.16125784740448,24.818758694839477,-0.013612163376018782,4,0.9824561403508772,0.125,-0.0017015204220023478,-1.7872289992340464
2026-04-16,2026-04-17,2026-04-20,QS,1,7.240361771106721,6.931653560209274,-0.04263712514053819,3,0.9833333333333334,0.125,-0.005329640642567274,-5.598104018453836
2026-04-17,2026-04-20,2026-04-21,LUMN,1,8.470423767042162,8.699564809274673,0.027051898291568843,38,0.9850877192982457,0.125,0.0033814872864461054,3.4975624502591733
2026-04-17,2026-04-20,2026-04-21,SOUN,1,7.9113953249216085,8.849557881450654,0.11858370337957314,27,0.9807017543859649,0.125,0.014822962922446642,15.331785728409733
2026-04-17,2026-04-20,2026-04-21,NVTS,1,12.130606614446641,14.444277444839479,0.19073001902785536,19,0.9885462555066079,0.125,0.02384125237848192,24.65964293888218
2026-04-17,2026-04-20,2026-04-21,EOSE,1,7.010350728893281,7.259637228870392,0.03555977576837521,6,1.0,0.125,0.0044449719710469016,4.597553011866375
2026-04-17,2026-04-20,2026-04-21,FSLY,1,24.821240694808964,25.498725,0.027294538315835393,5,0.9789473684210527,0.125,0.003411817289479424,3.528933580989365
2026-04-17,2026-04-20,2026-04-21,QS,1,6.932346760225297,7.384630978870392,0.06524258440736119,4,0.9833333333333334,0.125,0.008155323050920149,8.435268051121211
2026-04-17,2026-04-20,2026-04-21,RDW,1,10.34051715259552,10.359481656694411,0.0018339995784573127,0,0.987719298245614,0.125,0.00022924994730716408,0.23711933226521997
2026-04-17,2026-04-20,2026-04-21,OWL,1,9.7504875,10.009499728870392,0.026564028605789325,0,0.9798245614035088,0.125,0.0033205035757236656,3.434485372443381
2026-04-20,2026-04-21,2026-04-22,LUMN,1,8.7004348092556,8.899554618549347,0.02288619059382202,39,0.9814977973568282,0.1111111111111111,0.002542910065980224,2.7917138412958082
2026-04-20,2026-04-21,2026-04-22,SOUN,1,8.850442881488801,8.079595923709869,-0.08709699255742354,28,0.9807017543859649,0.1111111111111111,-0.009677443617491503,-10.62430545883132
2026-04-20,2026-04-21,2026-04-22,NVTS,1,14.445721944808962,16.12419375,0.11619161794777533,20,0.9885462555066079,0.1111111111111111,0.012910179771975035,14.17333945278431
2026-04-20,2026-04-21,2026-04-22,EOSE,1,7.260363228893281,7.224638654637337,-0.004920494075802528,7,0.9982378854625551,0.1111111111111111,-0.0005467215639780587,-0.6002139744977941
2026-04-20,2026-04-21,2026-04-22,QS,1,7.38536947889328,7.169641576290131,-0.02921017062445974,5,0.9833333333333334,0.1111111111111111,-0.00324557451382886,-3.563128485914533
2026-04-20,2026-04-21,2026-04-22,RDW,1,10.36051765666008,10.729463042259216,0.03561070960213697,1,0.9709251101321585,0.1111111111111111,0.003956745511348552,4.343881979270406
2026-04-20,2026-04-21,2026-04-22,OWL,1,10.01050072889328,10.049497690725326,0.0038956055134673484,1,0.9798245614035088,0.1111111111111111,0.0004328450570519276,0.4751955458725757
2026-04-20,2026-04-21,2026-04-22,RCAT,1,12.720636267042162,12.849357881450654,0.01011911760593276,0,0.9770925110132159,0.1111111111111111,0.0011243464006591953,1.2343548641864586
2026-04-20,2026-04-21,2026-04-22,VRT,1,316.1158111038208,305.30474132385257,-0.03419971225804208,0,0.9709251101321585,0.1111111111111111,-0.003799968028671342,-4.171765051405413
2026-04-21,2026-04-22,2026-04-23,SOUN,1,8.08040392370224,8.099595381450653,0.002375061683750568,29,0.9807017543859649,0.09090909090909091,0.0002159146985227789,0.23788111317900656
2026-04-21,2026-04-22,2026-04-23,NVTS,1,16.12580625,18.069096194839478,0.12050807970233901,21,0.9885462555066079,0.09090909090909091,0.010955279972939911,12.069832267003747
2026-04-21,2026-04-22,2026-04-23,EOSE,1,7.225361154627801,7.284635597419739,0.008203665051950138,8,1.0,0.09090909090909091,0.0007457877319954671,0.8216615964364824
2026-04-21,2026-04-22,2026-04-23,QS,1,7.170358576297761,9.656516738033295,0.34672717344342363,6,0.9833333333333334,0.09090909090909091,0.03152065213122033,34.72745426042343
2026-04-21,2026-04-22,2026-04-23,RDW,1,10.73053604221344,11.069446194839479,0.03158371131626425,2,0.9753303964757709,0.09090909090909091,0.0028712464832967503,3.1633571698958747
2026-04-21,2026-04-22,2026-04-23,OWL,1,10.050502690744402,9.689515080404282,-0.03591736865784401,2,0.9798245614035088,0.09090909090909091,-0.0032652153325312735,-3.5974070472546105
2026-04-21,2026-04-22,2026-04-23,RCAT,1,12.850642881488803,13.289335461854934,0.03413779251449456,1,0.9770925110132159,0.09090909090909091,0.003103435683135869,3.419168495867484
2026-04-21,2026-04-22,2026-04-23,VRT,1,305.335273324585,304.1848022064209,-0.003767894569262853,1,0.9709251101321585,0.09090909090909091,-0.00034253586993298664,-0.377384284631284
2026-04-21,2026-04-22,2026-04-23,EXK,1,9.66048284740448,9.499525,-0.01666147023362563,0,0.9859030837004406,0.09090909090909091,-0.0015146791121477847,-1.668777326286063
2026-04-21,2026-04-22,2026-04-23,EQX,1,14.54072696185112,14.2492875,-0.020042977398292305,0,0.9797356828193833,0.09090909090909091,-0.0018220888543902095,-2.0074618724842215
2026-04-21,2026-04-22,2026-04-23,LUMN,1,8.900444618511202,9.209539538145066,0.03472803133800828,0,0.9700440528634361,0.09090909090909091,0.003157093758000753,3.478285557685091
2026-04-22,2026-04-23,2026-04-24,SOUN,1,8.100405381488802,7.994600135564804,-0.013061722338709836,30,0.9807017543859649,0.09090909090909091,-0.001187429303519076,-1.367660652735608
2026-04-22,2026-04-23,2026-04-24,EOSE,1,7.28536409740448,6.99965,-0.03921754542182321,9,1.0,0.09090909090909091,-0.0035652314019839282,-4.106372221015761
2026-04-22,2026-04-23,2026-04-24,QS,1,9.657482437992098,7.499625,-0.223438919184899,7,0.9833333333333334,0.09090909090909091,-0.020312629016809,-23.39573680519242
2026-04-22,2026-04-23,2026-04-24,OWL,1,9.690484080362321,9.489525271129608,-0.020737747213264046,3,0.9798245614035088,0.09090909090909091,-0.001885249746660368,-2.1713982394116793
2026-04-22,2026-04-23,2026-04-24,RCAT,1,13.290664461851122,12.56937119483948,-0.05427067014459719,2,0.9770925110132159,0.09090909090909091,-0.0049336972858724714,-5.682547693912324
2026-04-22,2026-04-23,2026-04-24,VRT,1,304.21522220764166,327.9836,0.07813013964217519,2,0.9709251101321585,0.09090909090909091,0.007102739967470472,8.180813755676276
2026-04-22,2026-04-23,2026-04-24,EXK,1,9.500475000000002,9.559522419595718,0.006215207091825992,1,0.9955947136563876,0.09090909090909091,0.0005650188265296357,0.6507789683219777
2026-04-22,2026-04-23,2026-04-24,EQX,1,14.250712500000002,14.149292118549345,-0.007116863907727922,1,0.9797356828193833,0.09090909090909091,-0.0006469876279752657,-0.7451892242899321
2026-04-22,2026-04-23,2026-04-24,LUMN,1,9.210460538148881,9.199539809274674,-0.0011856876025878593,1,0.9859030837004406,0.09090909090909091,-0.00010778978205344176,-0.12415041741394146
2026-04-22,2026-04-23,2026-04-24,FSLY,1,24.831241423702238,25.048746737098693,0.00875934109314569,0,0.9797356828193833,0.09090909090909091,0.0007963037357405173,0.9171689495712222
2026-04-22,2026-04-23,2026-04-24,UEC,1,15.160757847404481,14.979250542259216,-0.011972178895815477,0,0.9656387665198237,0.09090909090909091,-0.0010883798996195889,-1.253577252579677
2026-04-23,2026-04-24,2026-04-27,SOUN,1,7.995399635553361,8.09859502711296,0.012906845969364422,31,0.9762114537444935,0.08333333333333333,0.001075570497447035,1.2072790273008955
2026-04-23,2026-04-24,2026-04-27,EOSE,1,7.000350000000001,7.7046146737098695,0.10060420889096533,10,1.0,0.08333333333333333,0.00838368407424711,9.410304557794435
2026-04-23,2026-04-24,2026-04-27,QS,1,7.500375000000001,7.099644904637337,-0.05342800798128944,8,0.9833333333333334,0.08333333333333333,-0.004452333998440786,-4.997542673041749
2026-04-23,2026-04-24,2026-04-27,OWL,1,9.490474271106722,9.119543885564804,-0.03908449408805592,4,0.9798245614035088,0.08333333333333333,-0.00325704117400466,-3.655880771892357
2026-04-23,2026-04-24,2026-04-27,RCAT,1,12.570628194808963,11.729413042259216,-0.0669191021732014,3,0.9770925110132159,0.08333333333333333,-0.0055765918477667835,-6.259471041281065
2026-04-23,2026-04-24,2026-04-27,VRT,1,328.01640000000003,325.9736907348633,-0.006227460776768279,3,0.9709251101321585,0.08333333333333333,-0.0005189550647306899,-0.5825034874497316
2026-04-23,2026-04-24,2026-04-27,EXK,1,9.56047841963768,9.579520923709872,0.00199179405426797,2,0.9929515418502202,0.08333333333333333,0.00016598283785566417,0.18630819598591333
2026-04-23,2026-04-24,2026-04-27,EQX,1,14.1507071185112,14.149292118549345,-9.99950002500416e-05,2,0.9797356828193833,0.08333333333333333,-8.332916687503467e-06,-0.009353320472202692
2026-04-23,2026-04-24,2026-04-27,LUMN,1,9.200459809255602,8.879556114435196,-0.03487909316201543,2,0.9832599118942731,0.08333333333333333,-0.002906591096834619,-3.262516478907735
2026-04-23,2026-04-24,2026-04-27,FSLY,1,25.0512517370224,23.84380706338882,-0.04819897569625786,1,0.9797356828193833,0.08333333333333333,-0.0040165813080214885,-4.508430071420706
2026-04-23,2026-04-24,2026-04-27,UEC,1,14.980748542213442,14.56927119483948,-0.027467075240898864,1,0.9656387665198237,0.08333333333333333,-0.002288922936741572,-2.5692120257995015
2026-04-23,2026-04-24,2026-04-27,RDW,1,10.280513732957841,9.65951684741974,-0.060405238655270255,0,0.9903083700440528,0.08333333333333333,-0.005033769887939188,-5.6501780482009005
2026-04-24,2026-04-27,2026-04-28,SOUN,1,8.099404927110673,8.104594292259216,0.0006407094342417707,32,0.9762114537444935,0.08333333333333333,5.339245285348089e-05,0.058822852816170695
2026-04-24,2026-04-27,2026-04-28,EOSE,1,7.705385173702241,6.969651290202141,-0.09548307669434752,11,0.9964757709251102,0.08333333333333333,-0.007956923057862293,-8.766199881969168
2026-04-24,2026-04-27,2026-04-28,QS,1,7.1003549046278005,6.849657404637337,-0.03530774212808241,9,0.9850220264317181,0.08333333333333333,-0.0029423118440068674,-3.2415663130188674
2026-04-24,2026-04-27,2026-04-28,OWL,1,9.12045588555336,8.879556114435196,-0.02641312826256248,5,0.9798245614035088,0.08333333333333333,-0.0022010940218802066,-2.4249612588302654
2026-04-24,2026-04-27,2026-04-28,RCAT,1,11.73058604221344,11.449427309274673,-0.023968003979255137,4,0.9770925110132159,0.08333333333333333,-0.001997333664937928,-2.200476994751271
2026-04-24,2026-04-27,2026-04-28,VRT,1,326.0062897338868,307.17964757385255,-0.05774932187781434,4,0.9709251101321585,0.08333333333333333,-0.004812443489817861,-5.301903920101314
2026-04-24,2026-04-27,2026-04-28,EXK,1,9.580478923702243,9.439527580404281,-0.014712348351317406,3,0.9929515418502202,0.08333333333333333,-0.0012260290292764504,-1.3507250797296824
2026-04-24,2026-04-27,2026-04-28,EQX,1,14.1507071185112,13.779310732984543,-0.026245782801964435,3,0.9797356828193833,0.08333333333333333,-0.0021871485668303694,-2.4095974497896466
2026-04-24,2026-04-27,2026-04-28,LUMN,1,8.880444114446641,8.809559919595719,-0.007982055169471591,3,0.9788546255506608,0.08333333333333333,-0.0006651712641226326,-0.7328240093109141
2026-04-24,2026-04-27,2026-04-28,FSLY,1,23.846191563320158,25.798709237098695,0.08187964390850033,2,0.9947136563876652,0.08333333333333333,0.006823303659041694,7.517283162795951
2026-04-24,2026-04-27,2026-04-28,UEC,1,14.570728194808963,15.099245381450656,0.03627253075999226,2,0.9656387665198237,0.08333333333333333,0.0030227108966660214,3.330142532847297
2026-04-24,2026-04-27,2026-04-28,RDW,1,9.66048284740448,9.109544156694412,-0.05703014015061281,1,0.9955947136563876,0.08333333333333333,-0.004752511679217733,-5.235876609394833
2026-04-27,2026-04-28,2026-04-29,SOUN,1,8.105404792213442,8.001599755048751,-0.012806891182586266,33,0.9797356828193833,0.08333333333333333,-0.0010672409318821887,-1.153633418027685
2026-04-27,2026-04-28,2026-04-29,EOSE,1,6.97034829018116,6.869656385564804,-0.01444574939794574,12,0.9982378854625551,0.08333333333333333,-0.0012038124498288116,-1.3012603149610047
2026-04-27,2026-04-28,2026-04-29,QS,1,6.850342404627801,6.949652309274674,0.014497071647073145,10,0.9814977973568282,0.08333333333333333,0.001208089303922762,1.3058833777197656
2026-04-27,2026-04-28,2026-04-29,OWL,1,8.880444114446641,8.779560732984542,-0.011360173000580343,6,0.9798245614035088,0.08333333333333333,-0.0009466810833816952,-1.023314325170893
2026-04-27,2026-04-28,2026-04-29,RCAT,1,11.450572309255602,11.349432881450655,-0.008832696311886101,5,0.9770925110132159,0.08333333333333333,-0.0007360580259905084,-0.7956414629755565
2026-04-27,2026-04-28,2026-04-29,VRT,1,307.210367074585,307.03463529357913,-0.0005720242538664877,5,0.9709251101321585,0.08333333333333333,-4.7668687822207304e-05,-0.05152743829665841
2026-04-27,2026-04-28,2026-04-29,EXK,1,9.44047158036232,9.119543885564804,-0.03399487960591896,4,0.9929515418502202,0.08333333333333333,-0.00283290663382658,-3.062228654565346
2026-04-27,2026-04-28,2026-04-29,EQX,1,13.780688732957842,13.539322961854936,-0.017514782880601376,4,0.9797356828193833,0.08333333333333333,-0.0014595652400501147,-1.5777161336417755
2026-04-27,2026-04-28,2026-04-29,LUMN,1,8.810440919637681,8.629568614435197,-0.020529313669119142,4,0.9788546255506607,0.08333333333333333,-0.0017107761390932619,-1.8492623978933278
2026-04-27,2026-04-28,2026-04-29,FSLY,1,25.801289237022402,24.91875407629013,-0.03420507993321187,3,0.9947136563876652,0.08333333333333333,-0.0028504233277676554,-3.081163313928672
2026-04-27,2026-04-28,2026-04-29,UEC,1,15.100755381488803,14.549272690725326,-0.03652020556796176,3,0.9656387665198237,0.08333333333333333,-0.0030433504639968134,-3.2897077812082545
2026-04-27,2026-04-28,2026-04-29,RDW,1,9.11045515666008,8.979550542259217,-0.01436861409774548,2,0.9894273127753304,0.08333333333333333,-0.0011973845081454566,-1.2943120354174404
2026-04-28,2026-04-29,2026-04-30,SOUN,1,8.002399955034257,7.759612228870392,-0.030339364131772628,34,0.9797356828193833,0.09090909090909091,-0.00275812401197933,-2.9340247246782227
2026-04-28,2026-04-29,2026-04-30,EOSE,1,6.870343385553361,6.509674728870392,-0.05249645271608494,13,1.0,0.09090909090909091,-0.004772404792371359,-5.076767250556586
2026-04-28,2026-04-29,2026-04-30,QS,1,6.9503473092556005,6.879656114435196,-0.010170886672996371,11,0.9859030837004406,0.09090909090909091,-0.0009246260611814883,-0.9835945420893049
2026-04-28,2026-04-29,2026-04-30,OWL,1,8.78043873295784,9.129543614435196,0.03975938926228961,7,0.9798245614035088,0.09090909090909091,0.0036144899329354193,3.8450058025935228
2026-04-28,2026-04-29,2026-04-30,RCAT,1,11.350567881488804,11.369431385564804,0.0016618995871355846,6,0.9770925110132159,0.09090909090909091,0.0001510817806486895,0.16071709536858522
2026-04-28,2026-04-29,2026-04-30,EXK,1,9.12045588555336,9.409529347419738,0.031695067164818624,5,0.9788546255506607,0.09090909090909091,0.0028813697422562386,3.065130511899143
2026-04-28,2026-04-29,2026-04-30,EQX,1,13.540676961851121,13.919304076290128,0.027962199785559694,5,0.9797356828193833,0.09090909090909091,0.0025420181623236086,2.7041366183843882
2026-04-28,2026-04-29,2026-04-30,LUMN,1,8.63043161444664,8.789560461854935,0.01843810999462936,5,0.9832599118942731,0.09090909090909091,0.001676191817693578,1.7830917736316587
2026-04-28,2026-04-29,2026-04-30,FSLY,1,24.921246076297763,26.388679889678958,0.05888284273140143,4,0.9947136563876652,0.09090909090909091,0.005352985702854676,5.694374993586168
2026-04-28,2026-04-29,2026-04-30,UEC,1,14.550727690744402,13.769311957740785,-0.05370286281287984,4,0.9656387665198237,0.09090909090909091,-0.004882078437534531,-5.193435386273737
2026-04-28,2026-04-29,2026-04-30,RDW,1,8.980448542213441,8.804560055160522,-0.019585712921369014,3,0.9955947136563876,0.09090909090909091,-0.0017805193564880922,-1.8940728524223338
2026-04-29,2026-04-30,2026-05-01,SOUN,1,7.760388228893281,8.094595517015458,0.043065794940240876,35,0.9797356828193833,0.08333333333333333,0.0035888162450200727,3.821704809954181
2026-04-29,2026-04-30,2026-05-01,EOSE,1,6.510325728893281,6.689665557217598,0.027546982408022114,14,1.0,0.08333333333333333,0.002295581867335176,2.4445487495248934
2026-04-29,2026-04-30,2026-05-01,QS,1,6.880344114446641,7.219638790202141,0.049313620091048005,12,0.9894273127753304,0.08333333333333333,0.0041094683409206665,4.376143511567029
2026-04-29,2026-04-30,2026-05-01,OWL,1,9.130456614446642,10.199489809274674,0.11708430804397629,8,0.9798245614035088,0.08333333333333333,0.009757025670331357,10.390187011356222
2026-04-29,2026-04-30,2026-05-01,RCAT,1,11.37056838555336,11.619418885564803,0.021885493457619587,7,0.9770925110132159,0.08333333333333333,0.001823791121468299,1.9421421508941437
2026-04-29,2026-04-30,2026-05-01,EXK,1,9.41047034740448,9.139543343305588,-0.02878995354080438,6,0.9779735682819384,0.08333333333333333,-0.0023991627950670316,-2.5548513403253135
2026-04-29,2026-04-30,2026-05-01,EQX,1,13.92069607629776,13.839308152580262,-0.00584654124128714,6,0.9797356828193833,0.08333333333333333,-0.00048721177010726163,-0.5188283373017328
2026-04-29,2026-04-30,2026-05-01,LUMN,1,8.79043946185112,8.889555843305589,0.011275475120966938,6,0.9823788546255507,0.08333333333333333,0.0009396229267472448,1.000597749655217
2026-04-29,2026-04-30,2026-05-01,FSLY,1,26.391318889617928,25.62871766080856,-0.02889591202315267,5,0.9947136563876652,0.08333333333333333,-0.0024079926685960555,-2.5642542096374394
2026-04-29,2026-04-30,2026-05-01,UEC,1,13.770688957786561,14.669266576290129,0.06525291663025135,5,0.9656387665198237,0.08333333333333333,0.005437743052520945,5.790613773539134
2026-04-29,2026-04-30,2026-05-01,RDW,1,8.80544055519104,9.289535461854936,0.05497679572415115,4,0.9955947136563876,0.08333333333333333,0.0045813996436792626,4.878699788228773
2026-04-29,2026-04-30,2026-05-01,QUBT,1,8.330416423702241,9.009549728870391,0.08152453258348968,0,0.988546255506608,0.08333333333333333,0.00679371104862414,7.2345744165623955
2026-04-30,2026-05-01,2026-05-04,SOUN,1,8.095405017042161,9.539522961854935,0.17838736193836735,36,0.973568281938326,0.09090909090909091,0.01621703290348794,17.856265144958115
2026-04-30,2026-05-01,2026-05-04,EOSE,1,6.690334557223321,6.399680095362664,-0.043443935333076555,15,1.0,0.09090909090909091,-0.003949448666643323,-4.348662482692293
2026-04-30,2026-05-01,2026-05-04,QS,1,7.220360790181161,7.229638519072533,0.0012849397919267869,13,0.9938325991189427,0.09090909090909091,0.00011681270835698062,0.12862024176286224
2026-04-30,2026-05-01,2026-05-04,OWL,1,10.200509809255601,10.114494021129609,-0.008432498937253619,9,0.9798245614035088,0.09090909090909091,-0.0007665908124776017,-0.8440784998558415
2026-04-30,2026-05-01,2026-05-04,RCAT,1,11.62058088555336,11.079445923709871,-0.04656694593608701,8,0.9770925110132159,0.09090909090909091,-0.004233358721462455,-4.661270420675798
2026-04-30,2026-05-01,2026-05-04,EXK,1,9.140457343339921,9.039547961854934,-0.011039861321437416,7,0.986784140969163,0.09090909090909091,-0.0010036237564943107,-1.105070946602499
2026-04-30,2026-05-01,2026-05-04,LUMN,1,8.890444843339921,9.109544156694412,0.024644358883641804,7,0.9823788546255507,0.09090909090909091,0.002240396262149255,2.466857527193272
2026-04-30,2026-05-01,2026-05-04,FSLY,1,25.63128066072464,27.66861657629013,0.07948630981546478,6,0.9947136563876652,0.09090909090909091,0.007226028165042253,7.956441577680836
2026-04-30,2026-05-01,2026-05-04,UEC,1,14.67073357629776,14.83925815258026,0.011487126762002697,6,0.9656387665198237,0.09090909090909091,0.0010442842510911543,1.1498414404879878
2026-04-30,2026-05-01,2026-05-04,RDW,1,9.290464461851121,9.139543343305588,-0.016244733421590607,5,0.9955947136563876,0.09090909090909091,-0.0014767939474173279,-1.6260696051175616
2026-04-30,2026-05-01,2026-05-04,QUBT,1,9.01045072889328,9.149542118549345,0.015436673906894294,1,0.988546255506608,0.09090909090909091,0.0014033339915358448,1.5451842509616505
2026-05-01,2026-05-04,2026-05-05,SOUN,1,9.540476961851121,9.579520923709872,0.004092453869431578,37,0.973568281938326,0.09090909090909091,0.0003720412608574162,0.41651652478577816
2026-05-01,2026-05-04,2026-05-05,EOSE,1,6.400320095372201,6.489675271129609,0.013961047951651206,16,1.0,0.09090909090909091,0.001269186177422837,1.4209096450968774
2026-05-01,2026-05-04,2026-05-05,QS,1,7.230361519074441,7.2096395381450655,-0.0028659674726786433,14,0.9911894273127753,0.09090909090909091,-0.0002605424975162403,-0.2916887642364531
2026-05-01,2026-05-04,2026-05-05,OWL,1,10.115505521106721,10.209489538145066,0.009291084547602635,10,0.9798245614035088,0.09090909090909091,0.0008446440497820578,0.9456160950681167
2026-05-01,2026-05-04,2026-05-05,RCAT,1,11.080553923702244,11.019449457740784,-0.005514567807910042,9,0.9770925110132159,0.09090909090909091,-0.0005013243461736402,-0.561254614548715
2026-05-01,2026-05-04,2026-05-05,EXK,1,9.04045196185112,9.219539267015458,0.01980955221266023,8,0.9850220264317181,0.09090909090909091,0.001800868382969112,2.0161512159758774
2026-05-01,2026-05-04,2026-05-05,LUMN,1,9.11045515666008,9.399529618549344,0.03172996924066296,8,0.9770925110132158,0.09090909090909091,0.002884542658242087,3.229372142322087
2026-05-01,2026-05-04,2026-05-05,FSLY,1,27.671383576297764,29.108545110321042,0.051936742883152975,7,0.9947136563876652,0.09090909090909091,0.004721522080286635,5.285951251880091
2026-05-01,2026-05-04,2026-05-05,UEC,1,14.84074215259552,15.109244156694412,0.018092222163696325,7,0.9656387665198237,0.09090909090909091,0.0016447474694269387,1.8413669992868358
2026-05-01,2026-05-04,2026-05-05,RDW,1,9.140457343339921,8.879556114435196,-0.02854356397109903,6,0.9955947136563876,0.09090909090909091,-0.0025948694519180937,-2.9050702706867697
2026-05-01,2026-05-04,2026-05-05,QUBT,1,9.150457118511198,9.584520788145065,0.04743628258262245,2,0.9841409691629955,0.09090909090909091,0.00431238932569295,4.827909171475725
2026-05-04,2026-05-05,2026-05-06,SOUN,1,9.580478923702243,9.159541847419739,-0.0439369555149377,38,0.973568281938326,0.1,-0.00439369555149377,-4.990226195497485
2026-05-04,2026-05-05,2026-05-06,EOSE,1,6.49032427110672,6.299685190725326,-0.029372812885493427,17,0.9982378854625551,0.1,-0.0029372812885493428,-3.3360750324815305
2026-05-04,2026-05-05,2026-05-06,QS,1,7.210360538148881,7.284635597419739,0.010301157463330934,15,0.9911894273127753,0.1,0.0010301157463330935,1.169974232738582
2026-05-04,2026-05-05,2026-05-06,OWL,1,10.210510538148881,10.779460732984543,0.05572201240182162,11,0.9798245614035088,0.1,0.005572201240182162,6.328737225747678
2026-05-04,2026-05-05,2026-05-06,RCAT,1,11.020551457786562,10.33948315258026,-0.061799838947722785,10,0.9770925110132159,0.1,-0.006179983894772279,-7.019038337547163
2026-05-04,2026-05-05,2026-05-06,EXK,1,9.220461267042161,8.99955,-0.02395880863702471,9,0.9814977973568282,0.1,-0.002395880863702471,-2.7211688445901556
2026-05-04,2026-05-05,2026-05-06,LUMN,1,9.400469618511199,8.849557881450654,-0.05860470374540672,9,0.9770925110132158,0.1,-0.005860470374540672,-6.656144568557343
2026-05-04,2026-05-05,2026-05-06,UEC,1,15.110755156660082,14.809259919595718,-0.01995236068208539,8,0.9656387665198237,0.1,-0.001995236068208539,-2.266128632966065
2026-05-04,2026-05-05,2026-05-06,RDW,1,8.880444114446641,8.814558830404282,-0.007419142915969457,7,0.9770925110132158,0.1,-0.0007419142915969457,-0.8426437583920264
2026-05-04,2026-05-05,2026-05-06,QUBT,1,9.58547928814888,9.699514809274673,0.011896694750233472,3,0.9788546255506608,0.1,0.0011896694750233472,1.3511905202960364
2026-05-05,2026-05-06,2026-05-07,SOUN,1,9.160457847404482,9.489525271129608,0.035922595705013105,39,0.973568281938326,0.1,0.0035922595705013107,4.011588948880206
2026-05-05,2026-05-06,2026-05-07,EOSE,1,6.300315190744401,6.829658423709869,0.08401853192092834,18,1.0,0.1,0.008401853192092834,9.382613019473393
2026-05-05,2026-05-06,2026-05-07,QS,1,7.28536409740448,7.9296033283472065,0.08842924283938625,16,0.9911894273127753,0.1,0.008842924283938625,9.875170943808515
2026-05-05,2026-05-06,2026-05-07,OWL,1,10.780538732957842,10.409479347419738,-0.03441937316209576,12,0.9798245614035088,0.1,-0.003441937316209576,-3.8437193720157126
2026-05-05,2026-05-06,2026-05-07,RCAT,1,10.34051715259552,10.469476767015458,0.012471292539519396,11,0.9770925110132159,0.1,0.0012471292539519398,1.3927083594019456
2026-05-05,2026-05-06,2026-05-07,EXK,1,9.00045,10.16949157629013,0.1298870141259747,10,0.986784140969163,0.1,0.01298870141259747,14.504890313315883
2026-05-05,2026-05-06,2026-05-07,LUMN,1,8.850442881488801,9.879506114435197,0.11627251276868167,10,0.9876651982378855,0.1,0.011627251276868167,12.984516239072427
2026-05-05,2026-05-06,2026-05-07,UEC,1,14.810740919637682,15.779210732984543,0.0653896937770857,9,0.9656387665198237,0.1,0.0065389693777085705,7.302272226675723
2026-05-05,2026-05-06,2026-05-07,RDW,1,8.815440330362321,9.349532881450655,0.06058603212919511,8,0.9770925110132158,0.1,0.006058603212919511,6.765832261727746
2026-05-05,2026-05-06,2026-05-07,QUBT,1,9.7004848092556,10.054497555160522,0.0364943353725109,4,0.9718061674008811,0.1,0.00364943353725109,4.0754369110543465
2026-05-06,2026-05-07,2026-05-08,EOSE,1,6.830341423702241,6.549672690725327,-0.041091464623269736,19,1.0,0.125,-0.005136433077908717,-6.077338650163446
2026-05-06,2026-05-07,2026-05-08,QS,1,7.9303963283300405,7.379631114435196,-0.06944989772167198,17,0.9894273127753304,0.125,-0.008681237215208998,-10.27148950623679
2026-05-06,2026-05-07,2026-05-08,OWL,1,10.41052034740448,10.399479618549345,-0.0010605357356501255,13,0.9798245614035088,0.125,-0.00013256696695626569,-0.15685093912413506
2026-05-06,2026-05-07,2026-05-08,RCAT,1,10.470523767042161,10.56947119483948,0.00945009342405334,12,0.9674008810572687,0.125,0.0011812616780066676,1.3976483569079667
2026-05-06,2026-05-07,2026-05-08,EXK,1,10.17050857629776,10.379481114435196,0.020546911353523045,11,0.9867841409691629,0.125,0.0025683639191903807,3.0388437028242268
2026-05-06,2026-05-07,2026-05-08,LUMN,1,9.880494114446641,8.549572690725327,-0.1347019094698234,11,0.9903083700440529,0.125,-0.016837738683727926,-19.922120765882674
2026-05-06,2026-05-07,2026-05-08,UEC,1,15.780788732957841,15.83920815258026,0.0037019328128011786,10,0.9656387665198237,0.125,0.0004627416016001473,0.5475078479145891
2026-05-06,2026-05-07,2026-05-08,RDW,1,9.350467881488802,9.409529347419738,0.006316418245536193,9,0.9770925110132158,0.125,0.0007895522806920241,0.9341845827626319
